burner_inputP,fur_F,fur_inputT,fur_inputP,fur_temp,fur_outputT,WHB_F,WHB_inputT,WHB_inputP,WHB_outputT,WHB_outputP,SEP1_F,SEP1_T,HEATER1_F,HEATER1_input_T,HEATER1_input_P,HEATER1_output_P,cat1_F,cat1_input_temp,cat1_output_temp,cat1_input_P,cat1_deltaP,SEP2_F,SEP2_T,HEATER2_F,HEATER2_input_T,HEATER2_input_P,HEATER2_output_P,cat2_F,cat2_input_temp,cat2_output_temp,cat2_input_P,cat2_deltaP,SEP3_F,SEP3_T,B35_H2S,B35_SO2,burner_inputP_pred,fur_F_pred,fur_inputT_pred,fur_inputP_pred,fur_temp_pred,fur_outputT_pred,WHB_F_pred,WHB_inputT_pred,WHB_inputP_pred,WHB_outputT_pred,WHB_outputP_pred,SEP1_F_pred,SEP1_T_pred,HEATER1_F_pred,HEATER1_input_T_pred,HEATER1_input_P_pred,HEATER1_output_P_pred,cat1_F_pred,cat1_input_temp_pred,cat1_output_temp_pred,cat1_input_P_pred,cat1_deltaP_pred,SEP2_F_pred,SEP2_T_pred,HEATER2_F_pred,HEATER2_input_T_pred,HEATER2_input_P_pred,HEATER2_output_P_pred,cat2_F_pred,cat2_input_temp_pred,cat2_output_temp_pred,cat2_input_P_pred,cat2_deltaP_pred,SEP3_F_pred,SEP3_T_pred,B35_H2S_pred,B35_SO2_pred
1.6221412330555651,336.8655291102566,144.13357906179857,1.5723116013943403,932.2918149386928,932.6593838121379,333.0378519834235,932.6593838121378,1.5214473086666902,348.48612413359,1.5212907537549638,333.0378519834235,183.10616586331975,319.3424622725508,183.10616638326593,1.4266382775790372,1.425430067904602,319.3424622725508,268.2566556009353,304.11343772861835,1.4251873189169602,13.741697595942238,317.09558819663505,70.02933981075864,242.45913236906426,70.02933981105916,1.2672804488711802,1.425430067904602,242.45913236906426,155.00090684783325,175.07422628916646,1.2668084102451038,15.194386340705579,241.56584199012264,106.34052890396765,0.031382473776763745,0.013753986036316156,1.6221673612954552,302.66133858205984,130.2445142177886,1.5721017331777887,919.9300184907319,919.7375909310485,298.01902742115357,919.1996188372158,1.520988790009924,254.28050248114906,1.520878765683699,298.55370682048243,128.27321517354915,279.2938741789095,128.2642564579555,1.4221184038285601,1.421297471868357,280.4256960687805,227.44546909682495,262.6411672695801,1.4211343758576347,9.68695182241104,277.5583188095943,51.329053312834105,185.09073309896485,51.020921735365405,1.2615211231867123,1.4213127083925239,184.02291274115356,139.34304051364353,192.6370073686979,1.2611539963949114,9.58462398121621,183.07921794664836,133.57303261243737,0.018357854110967062,0.0035042783845847547
1.622141233053761,336.86552911027957,144.1335790623122,1.5723116013882774,932.2918149383042,932.6593838114446,333.0378519836104,932.6593838114447,1.5214472896511966,348.4861241332031,1.5212907347375149,333.0378519836104,183.2326971562099,319.3033050983973,183.23269766715453,1.42664010448611,1.4254317495989395,319.3033050983973,268.39006247410873,304.27093503757214,1.4251889788973693,13.743366333153428,317.0550418831176,70.02886519566042,242.44112923644423,70.02886519591904,1.267277875325734,1.4254317495989395,242.44112923644423,155.00088827602923,175.06235429804292,1.266805908381987,15.191859319653055,241.54844301297712,106.31467872372627,0.0313692173744169,0.013745839071359204,1.6221675164921472,302.6972764337071,130.28639729168273,1.5721029321036446,919.9617312594515,919.7692950396938,298.0550621130607,919.2365243108916,1.5209905559468482,254.37895744308432,1.520879465828857,298.5814549538038,128.26664019563083,279.34755469622314,128.2645695800096,1.4221218993137381,1.42130103585795,280.485122027926,227.4239323444526,262.5490556747656,1.421139313731803,9.6897003045147,277.6162138733234,51.31753468982777,185.15156071066517,51.021083473893945,1.261530573751449,1.4213162319572108,184.0990466538969,139.3469849431032,192.5891093629824,1.2611648890946785,9.59308199062893,183.14622196326678,133.59717154057975,0.01839367885109346,0.0035054905489733017
1.6221412330535023,336.8655289627524,144.1335791165106,1.5723116018390626,932.291814879355,932.6593837965302,333.03785186482116,932.6593837965302,1.5214472702498234,348.4861237839873,1.5212907153347694,333.03785186482116,183.3568658482762,319.26500163258424,183.35686645455013,1.426641908570796,1.425433410387958,319.26500163258424,268.5209479224033,304.4252939003104,1.4251906182294785,13.74501033590758,317.0153845705476,70.0284279294572,242.42355938705668,70.02842792979976,1.2672753722454773,1.425433410387958,242.42355938705668,155.00086746419478,175.05081685257227,1.2668034751931563,15.18939572688727,241.53146046045737,106.28894760711071,0.0313562889010727,0.013737889782788153,1.6221677274909587,302.73676536763094,130.33183758448322,1.5721041515435257,919.9940736248282,919.8022013897792,298.0949573663796,919.2740592915612,1.520992406191926,254.4847325422694,1.5208801945120027,298.6131416396766,128.2577832309844,279.41514655301603,128.26280322045943,1.4221260322029345,1.421305187579599,280.55866703348573,227.39529580926566,262.43959092926457,1.4211448433176492,9.692992202619102,277.68874366306,51.303777037632074,185.2144731600471,51.01892222737324,1.2615406215781164,1.421320335504101,184.17772758034226,139.34146720164173,192.55315932908536,1.2611763958468314,9.602082439327813,183.21560420887013,133.60963762580874,0.01843557763709297,0.003508468334989421
1.6221412330146041,336.86552927794787,144.13357903122716,1.5723116013102914,932.2918149990617,932.6593838840411,333.0378521479959,932.6593838840406,1.521447252097407,348.48612452274494,1.5212906971796993,333.0378521479959,183.47870166872008,319.227623607826,183.4787022641987,1.4266436842741892,1.4254350441582595,319.227623607826,268.6493212958316,304.5765244234468,1.425192230700251,13.746635338725888,316.97668855400514,70.02803247497923,242.40643592331344,70.02803247527673,1.2672729238701812,1.4254350441582595,242.40643592331344,155.00085252485977,175.0396113107831,1.2668010948589994,15.186997287929605,241.51490761161384,106.26333599692761,0.031343682697342654,0.013730134063916906,1.6221679960626247,302.77932216693927,130.37731705695992,1.5721053646936243,920.0241744474974,919.8335097606171,298.138644938863,919.3100096511776,1.5209945082652598,254.59758465820383,1.520881114478802,298.64859139803656,128.24631359930686,279.49822932702784,128.25856524514364,1.4221307718419367,1.4213098335114356,280.6479156883673,227.35789465229794,262.3111595394516,1.42115084499413,9.696858031759223,277.7765874134675,51.28596851431963,185.2754541576756,51.01244651300528,1.2615507573720743,1.4213249552540035,184.25469300627515,139.32603140042713,192.53353706450827,1.2611880364973178,9.61116501349453,183.283007911129,133.6156820134156,0.018488254174515564,0.0035082410340302873
1.6221412330561438,336.86552911069407,144.13357906123147,1.5723116013117218,932.2918149384091,932.6593838123488,333.03785198375647,932.659383812349,1.5214472322750754,348.48612413429566,1.5212906773554935,333.03785198375647,183.59823496389822,319.1910899157757,183.59823554869908,1.4266454383782148,1.425436658130015,319.1910899157757,268.7752338793224,304.72470217897165,1.4251938236112127,13.748237041645961,316.9388711430574,70.02767662678171,242.38973845867224,70.02767662703715,1.2672705443672672,1.425436658130015,242.38973845867224,155.00083546154661,175.02871999062756,1.2667987816442154,15.184660611859524,241.49876487558444,106.23784325412643,0.03133139227972725,0.013722568102481398,1.6221682983393875,302.8194235501798,130.41973681849453,1.5721065917123596,920.051605065906,919.863148351677,298.1806375967584,919.3447611088801,1.5209964740603426,254.70623742003963,1.52088185293015,298.68259274951765,128.2334902268491,279.5882066312379,128.2531315532735,1.4221356317223712,1.4213144938956996,280.74500192993435,227.31537893803795,262.1724190768627,1.421156873688467,9.70085053377709,277.8707313603296,51.26510424397458,185.32933903789015,51.00270701390296,1.261560406566299,1.4213296454856723,184.32542410152215,139.3114850779663,192.53420754011697,1.2611992686747604,9.619803264893683,183.34325903006118,133.61957989325842,0.018552291164462578,0.0035000661825933463
1.6221412330546316,336.86552910699874,144.13357906280868,1.5723116013158105,932.2918149365902,932.6593838097879,333.03785198036576,932.6593838097876,1.521447212532048,348.4861241251466,1.521290657610439,333.03785198036576,183.715497517455,319.15538974337375,183.7154980916958,1.4266471678250423,1.4254382492041144,319.15538974337375,268.8987192029705,304.86987648154843,1.4251953938569533,13.74981602468073,316.90192053453904,70.02736006780688,242.37345689529673,70.02736006801973,1.2672682263037265,1.4254382492041144,242.37345689529673,155.00081885367211,175.0181370471025,1.2667965281548474,15.182384316278053,241.48302248523842,106.21246895295633,0.03131940947084954,0.013715187666880905,1.622168635300049,302.8620702503053,130.4620597396973,1.5721079740531574,920.0818391011067,919.8950110894011,298.2256927995832,919.3836970348223,1.520998516191177,254.82578198029543,1.5208825855700359,298.7206802796358,128.21977957768456,279.68293774417066,128.2468989612092,1.422140923363434,1.4213194636456965,280.84863093995483,227.26870062445147,262.03032972111845,1.4211632825921026,9.705146234601767,277.97012378545827,51.24420108230365,185.38346408817648,50.99313419191022,1.2615705796400751,1.421334650319461,184.3972107341433,139.30075682447364,192.5512877856596,1.2612109790239974,9.628619588065234,183.4029832002634,133.62446115589694,0.01862233478397201,0.003485411437917276
1.6221412330541929,336.8655291086982,144.13357906248098,1.5723116013114629,932.291814937159,932.6593838104545,333.0378519820621,932.6593838104542,1.521447192756566,348.48612412907164,1.521290637832922,333.0378519820621,183.83052102028103,319.120506999423,183.8305215840789,1.4266488726847915,1.4254398174544307,319.120506999423,269.0198122256563,305.0120963748676,1.4251969415134043,13.751372370420679,316.8658198115162,70.02708249308971,242.35758140661574,70.02708249326423,1.2672659682018317,1.4254398174544307,242.35758140661574,155.00080271749684,175.00785361597133,1.2667943329550364,15.18016688431323,241.4676710570213,106.18721260990941,0.03130772644630655,0.0137079884634826,1.6221689863237783,302.90931593910705,130.50420820045497,1.5721095343192286,920.1153602857555,919.9289810892052,298.2746879476583,919.4248896681968,1.52100027774328,254.96095255817085,1.5208830288980326,298.76429682447423,128.20344338544172,279.7803857978181,128.23832117275072,1.4221465985780593,1.4213247515585563,280.95627673408984,227.21776441117711,261.8858146349474,1.4211701054257966,9.709585639951618,278.073849491776,51.22370967482884,185.44195458270804,50.98436882791493,1.2615817511589489,1.42133996001569,184.47388149763523,139.29272178380927,192.58084177166353,1.261223627237063,9.638083891457969,183.46596649864813,133.63226285747257,0.018697622924207572,0.0034678448573583244
1.6221412330541205,336.865529109085,144.1335790623956,1.5723116013078555,932.2918149372783,932.659383541036,333.0378519824448,932.6593835410356,1.5214471723784375,348.4861241299569,1.5212906174544951,333.0378519824448,183.9433375606045,319.0863437833784,183.94333816959556,1.4266505193665693,1.425441329862795,319.0863437833784,269.1385700827975,305.1514389012119,1.4251984336690868,13.752900178760186,316.8304685472325,70.02684222649637,242.34202853234086,70.0268422266743,1.2672637394154362,1.425441329862795,242.34202853234086,155.00078859194062,174.99787457749073,1.2667921657071293,15.177998808913685,241.45263364908612,106.16207341598624,0.031296335907992946,0.013700966400223353,1.6221693875977579,302.967212065338,130.54390016943668,1.572111269465696,920.1478358636635,919.9601341705237,298.3326520767909,919.4610570991904,1.5210014808784333,255.12278240401335,1.5208829548328042,298.8188711244307,128.18005580153428,279.8820047407254,128.2228892303186,1.4221526413038923,1.4213303924038874,281.0680599163661,227.15847039594422,261.7327013817344,1.4211773268244323,9.714187555604008,278.1830158171831,51.1998069424849,185.50514958511556,50.97252981455471,1.2615937212507717,1.4213456164654537,184.55442525581356,139.2709506144236,192.6077090316671,1.2612370128501198,9.648051456062502,183.53317930627276,133.6426997872651,0.01878172095588578,0.0034477891387265707
1.622141233499351,336.86552818845536,144.13358631581633,1.5723116013590226,932.2918125601457,932.6593797054627,333.03785140308463,932.6593796974073,1.5214471540304917,348.4861183699594,1.5212905991037062,333.03785140308463,184.05398056840642,319.0531036964976,184.05398122188765,1.4266522074416168,1.4254428844432012,319.0531036964976,269.2549709628363,305.28788126835764,1.425199968052607,13.754415968232458,316.7960740351251,70.02663986103238,242.3269961279022,70.0266398612078,1.2672616239598886,1.4254428844432012,242.3269961279022,155.00077165678687,174.98815339111684,1.2667901097172671,15.17590110647349,241.43809021131463,106.13705088414872,0.03128522589107009,0.013694115695384802,1.6221699663175866,303.0413184326575,130.56695186460655,1.5721131781812625,920.1652547045021,919.9756163686254,298.40479109555133,919.4755900278908,1.5210030180572407,255.31012222091178,1.520883234252843,298.88821360375584,128.14460511722854,279.9928599420178,128.19642193025925,1.4221590022227164,1.4213362642786047,281.1887376456183,227.08520300966381,261.5580600525215,1.4211847638503106,9.719141990875556,278.3004779068893,51.16559430484973,185.56838495224102,50.95019261258234,1.26160523136196,1.4213516490972462,184.6331848934589,139.20792646105346,192.60440006571332,1.2612500656356571,9.657662477345967,183.60131079432466,133.65085206035096,0.018884806035576084,0.0034194372400785855
1.6221412344537276,336.8655285350602,144.13356681513955,1.5723116014882437,932.2918121466439,932.6593801559578,333.0378514979371,932.6593801559582,1.5214471341388336,348.4861190223613,1.5212905792098832,333.0378514979371,184.16247814314693,319.0205772140734,184.16247880787918,1.4266538391496058,1.4254443848468252,319.0205772140734,269.36909784335734,305.4215290580621,1.4252014485767883,13.755904915579212,316.7624221355468,70.02647638862032,242.31227921456906,70.02647638876576,1.2672595369001622,1.4254443848468252,242.31227921456906,155.00075674666266,174.9787185259195,1.266788080794535,15.173851251899741,241.4238545250117,106.11214464487006,0.0312743961447758,0.013687434295396496,1.622170672038504,303.1222095022697,130.58185862255482,1.5721150883970418,920.1707305581674,919.977372976952,298.48472365747915,919.4768924561537,1.5210044842816681,255.4972454395462,1.5208833911128576,298.96366446055276,128.10616601942354,280.12112734967815,128.16685852615063,1.4221655805489093,1.4213422382628649,281.3269967618872,227.00244080467087,261.3552913992583,1.421192298635455,9.724723581081033,278.43262022964,51.122064416716974,185.62621144716246,50.91815233354271,1.2616155579370227,1.4213579377883536,184.70511885730053,139.12859684896853,192.593908810685,1.2612618504794302,9.66664150945901,183.66538775988474,133.6541141579633,0.018994315709014022,0.003381868820637163
1.6221412332898368,336.86552911803915,144.13357839793065,1.5723116012537965,932.291814832704,932.6593836683518,333.03785199559115,932.659383668352,1.5214471136021952,348.48612399253875,1.521290558670404,333.03785199559115,184.268862723143,318.9888088320139,184.26886337536348,1.4266554464697774,1.42544586261703,318.9888088320139,269.4809703474571,305.5524133210519,1.4252029067059158,13.757371780748983,316.7295578212571,70.02635121290112,242.29793325202922,70.02635121300378,1.2672575036896672,1.42544586261703,242.29793325202922,155.0007426860355,174.96955053381092,1.2667861042001909,15.171854758861736,241.40997630924068,106.08735401556586,0.03126383880632874,0.0136809182746488,1.622171336378824,303.19511906496115,130.6000261645006,1.5721169787655578,920.17957170271,919.9832205457345,298.55987647670673,919.4879263612324,1.5210063554543019,255.65506158694495,1.5208839144906523,299.03032181635626,128.07644868776939,280.25569296762654,128.14567274649585,1.4221721336504178,1.4213481138030528,281.4725808977277,226.92550034964532,261.15090052469526,1.4211997512326933,9.730599499443622,278.56810310599514,51.080624165696406,185.6827018699201,50.88790475941486,1.2616258745708007,1.4213642556984998,184.77710731351135,139.07846146572973,192.60816727039247,1.261273548231737,9.676042419757657,183.7286156420196,133.64154408965925,0.01908922585412118,0.003347738409375759
1.6221412330687373,336.8655291060492,144.13357908094338,1.572311601268222,932.2918149409445,932.6593838146192,333.037851979617,932.659383814619,1.5214470933559654,348.4861241283778,1.521290538422102,333.037851979617,184.37316573295158,318.957771370503,184.37316637282424,1.4266570292588017,1.4254473176796454,318.957771370503,269.5906261420063,305.68058759607914,1.4252043423796346,13.758816003122343,316.6974529049642,70.02626331332482,242.28394595596262,70.02626331338868,1.2672555231285663,1.4254473176796454,242.28394595596262,155.00072882143743,174.9606412191926,1.2667841787848235,15.169909867223996,241.3964436910744,106.06267816142034,0.03125354671462955,0.013674563556973955,1.6221717474616613,303.24403634708136,130.63627549664793,1.5721189509234692,920.2172433135469,920.0177098470496,298.61299958438656,919.5334729454988,1.521008492357068,255.768939229354,1.5208847263889882,299.0721584919724,128.06133689055991,280.37341422316644,128.13834803152875,1.422178033851129,1.4213534079995769,281.60447312641554,226.86640634596745,260.9751054532251,1.421206719674071,9.735776765435682,278.68669950073445,51.05339900294247,185.74804023885025,50.871835234084806,1.2616382711568253,1.4213700355175367,184.86011533771995,139.0934611993659,192.68083910867142,1.2612871579038962,9.687277332245873,183.79766382201302,133.61839151525757,0.019154448469378683,0.0033321631889079418
1.6221412330555012,336.8655291078285,144.13357911370048,1.5723116012746852,932.2918149463502,932.6593838218805,333.03785198119374,932.6593838218803,1.5214470731960543,348.4861241406219,1.5212905182601157,333.03785198119374,184.47541883285788,318.9274513573559,184.4754194605502,1.4266585876567208,1.4254487501614657,318.9274513573559,269.6980994818074,305.80609861649697,1.4252057557236522,13.760237826949906,316.66609317696884,70.02621221964766,242.27030798419744,70.02621221967286,1.2672535936502287,1.4254487501614657,242.27030798419744,155.00071538527732,174.95198331084248,1.2667823030211198,15.16801517575006,241.38324769642088,106.0381163136189,0.031243512765156696,0.013668366186600405,1.6221718400039271,303.2767490069141,130.6900026605915,1.5721209975919643,920.2818513912791,920.0813468241697,298.6482543648974,919.6052584499237,1.5210107881099486,255.87429439312922,1.5208857549683026,299.0970961588693,128.0547853236365,280.46555737469095,128.13872670436803,1.422183097451996,1.4213580727824058,281.71263818788816,226.82265425747772,260.8331534879693,1.421213003800584,9.73985761912458,278.7809681705869,51.04179272012226,185.8255929714292,50.87162843100442,1.2616533120592224,1.4213751268564356,184.95503700842863,139.16493663972528,192.81692153941117,1.2613034065370026,9.700616095905245,183.8761433900294,133.5983435783831,0.019199903032929573,0.003333965838242482
1.6221412330547351,336.8655291081245,144.13357911113013,1.5723116012789544,932.2918149459153,932.6593838213644,333.03785198146903,932.6593838213639,1.5214470530803375,348.48612414051945,1.5212904981423305,333.03785198146903,184.57565353908933,318.8978339624215,184.5756541547667,1.426660121793251,1.4254501601893153,318.8978339624215,269.8034248697842,305.928992903513,1.425207146865592,13.76163738368752,316.6354631082652,70.02619839336504,242.25701012050973,70.02619839335654,1.2672517138663686,1.4254501601893153,242.25701012050973,155.00070236665653,174.94356951134398,1.2667804755594374,15.166169306113142,241.37037947644143,106.01366766563496,0.031233730163458505,0.013662322330931445,1.6221716619939994,303.2976144246896,130.76000861039068,1.5721229061630657,920.3682512530597,920.1682371544786,298.6682674484062,919.6935797839482,1.5210127208195623,255.9810817576707,1.5208865034351489,299.10874190725485,128.0499398329666,280.529671815378,128.13975912923436,1.4221869188219969,1.4213617107097807,281.7935835905363,226.78927784160035,260.7200901252079,1.4212181097629424,9.74267724383885,278.84746406430753,51.04140010292777,185.9114265258936,50.881637700095176,1.2616695873814263,1.4213791184493758,185.05432412338257,139.26250923806114,193.0002604416509,1.261320785440855,9.71498839544182,183.96026031521316,133.58402065252778,0.019236740083477668,0.0033482424498311
1.6221412330547271,336.86552910793455,144.13357910659994,1.5723116012830096,932.29181494501,932.6593838202501,333.03785198127446,932.65938382025,1.5214470330040637,348.4861241388518,1.5212904780639922,333.03785198127446,184.67390121395505,318.8689042911014,184.67390181778643,1.426661631793508,1.4254515478859664,318.8689042911014,269.90663667868216,306.0493167412749,1.4252085159291104,13.763014799701544,316.60554711301756,70.02621856207696,242.24404331333474,70.0262185620295,1.2672498823961456,1.4254515478859664,242.24404331333474,155.00068975822853,174.93539276405113,1.2667786950568618,15.164370908067992,241.35783033539718,105.98933137675729,0.031224192401963058,0.013656428251058896,1.6221712649658937,303.3068657806523,130.84607009581487,1.5721243194638168,920.4641047393457,920.2669261486989,298.6745847307163,919.7858927266426,1.521014172843148,256.0889167505505,1.5208869276471453,299.1087892590182,128.0433513937262,280.57276765428475,128.137838842394,1.4221893379031574,1.4213640775566203,281.85050534106995,226.76253200535388,260.6290019206094,1.4212216323964233,9.744439664521638,278.8912738573646,51.04664055475803,185.9923254935898,50.89552252064466,1.2616838000178259,1.4213817169539682,185.1429307339695,139.33275576069943,193.185249003302,1.2613360543908823,9.727912134223056,184.03799817803608,133.56762400706097,0.01927168690065459,0.0033727534608169103
1.6221412330547933,336.86552910757496,144.1335791024229,1.5723116012874156,932.2918149441031,932.6593838191407,333.0378519809236,932.6593838191408,1.5214470129692994,348.48612413692666,1.5212904580271682,333.0378519809236,184.77019306994595,318.8406475112349,184.77019366209743,1.4266631177850884,1.42545291337661,318.8406475112349,270.0077691217223,306.1671160888991,1.4252098630402563,13.764370201358012,316.5763296782358,70.02627503097621,242.2313986206266,70.02627503089393,1.2672480978810854,1.42545291337661,242.2313986206266,155.0006775526212,174.9274462285018,1.2667769601923424,15.162618652024063,241.34559167667598,105.96510657564576,0.031214893186130344,0.013650680288907896,1.6221706800106324,303.29835891583144,130.95448099919344,1.5721249024244008,920.5589996907687,920.3677541308148,298.66520908157355,919.8762854225391,1.5210157718080728,256.1811831906562,1.520887664392149,299.09321609967265,128.03932294677838,280.6141063595234,128.13729863369127,1.4221907987856592,1.4213654654085814,281.8994136240457,226.74129916012473,260.5476802652804,1.4212238220802444,9.745830404981914,278.92994135524157,51.05432992547281,186.05086846225467,50.91035431410553,1.2616923890263416,1.4213832010507188,185.205068180767,139.33971054304445,193.33395952860002,1.2613458143260945,9.73682417525559,184.0935982287444,133.5231638151039,0.019308422402924835,0.0034020671757053647
1.622141233054892,336.8655291071047,144.1335790986666,1.5723116012925642,932.2918149432454,932.6593838180896,333.0378519804455,932.65938381809,1.5214469929823495,348.4861241348301,1.521290438038164,333.0378519804455,184.86456016596236,318.8130489378931,184.86456074660435,1.426664579901224,1.4254542567915616,318.8130489378931,270.10685622707075,306.28243650573813,1.4252111883300977,13.765703718732093,316.547795451135,70.02636636786188,242.21906722066691,70.02636636774676,1.2672463589859622,1.4254542567915616,242.21906722066691,155.00066574171854,174.91972326540056,1.2667752696675176,15.160911230575168,241.33365501425075,105.94099236337897,0.031205826391918694,0.013645074862125546,1.6221699248925296,303.26889954181854,131.09298189391967,1.572124863752241,920.6570560211494,920.4736382060986,298.6400541536448,919.975073771392,1.521018327411439,256.25058304260176,1.520889441809254,299.0586576686228,128.0467360383142,280.6812074249295,128.14780314701366,1.4221926286498663,1.4213671130900563,281.96891169448423,226.72303394765433,260.45428513924315,1.42122616067164,9.748021100632315,278.99243431515265,51.06403361993857,186.08460731174517,50.927644903593816,1.261695885219263,1.4213847899799337,185.2444136895794,139.3039307027009,193.46395461964056,1.2613505067145405,9.742344400199983,184.12469814623944,133.445604324878,0.019338251845804448,0.0034377939306690425
1.622141233055,336.86552910659543,144.13357909626498,1.5723116012986442,932.2918149424474,932.6593838171982,333.03785197993204,932.6593838171984,1.521446973051817,348.4861241327486,1.5212904181055822,333.03785197993204,184.95703339868354,318.7860940837908,184.95703396798365,1.4266660182827462,1.4254555782679623,318.7860940837908,270.20393181617345,306.39532310431696,1.4252124919363771,13.767015487830992,316.51992929094854,70.0264920602006,242.20704042038466,70.02649206005202,1.2672446643996256,1.4254555782679623,242.20704042038466,155.0006554422862,174.91221742787326,1.2667736222075063,15.159247359543992,241.3220119812881,105.91698781615986,0.031196986043604352,0.013639608461093446,1.6221687927613924,303.2246627209901,131.28336407237146,1.5721247440463486,920.7845939963998,920.6081957397305,298.60642047467917,920.1110698240689,1.521022246295589,256.32126038226784,1.5208925680295948,299.00791607609955,128.07629124882865,280.80624364970544,128.17984987238518,1.4221971714684616,1.4213713388542146,282.0943415574032,226.7051399820602,260.3324957912394,1.4212312575592987,9.752582743535058,279.1129487472289,51.084469468376426,186.12724254506975,50.95886784747394,1.2617007996149552,1.4213887956063904,185.29818958505552,139.2752865136412,193.67569949928804,1.2613564963949586,9.750524736438424,184.15972333465103,133.34947345744368,0.01931818463911134,0.0035157950110055545
1.6221412329488365,336.8655293777403,144.13357905911727,1.5723116015008727,932.2918150373384,932.6593839141776,333.037852247732,932.6593839141775,1.5214469545480436,348.4861247605662,1.5212903995995601,333.037852247732,185.04764676882587,318.7597403689771,185.04764745180887,1.4266674315866306,1.4254568766173492,318.7597403689771,270.29904022782154,306.50583545090115,1.4252137726999177,13.768304013841991,316.4926872135678,70.02664767690733,242.19529251388576,70.02664767669388,1.2672430106453398,1.4254568766173492,242.19529251388576,155.00064281481852,174.90492519324727,1.2667720144355772,15.157623837457447,241.31063711554367,105.89309096639207,0.031188361658997302,0.013634276200714895,1.6221562594246264,303.1849996042331,132.47906569494148,1.5721254876075226,921.4243750861338,921.2251960655067,298.6532318708446,920.7599437591073,1.5210440501679638,256.9341229601656,1.5209122065423857,298.9310975889613,128.41980253285524,282.0488302878487,128.51244050970624,1.4222630658094941,1.42143206345172,283.30454098918517,226.6170413750891,259.67986788511416,1.421293656432812,9.806954148992359,280.35178007348685,51.35818661984618,186.8172572159023,51.29334621111178,1.2617971160804433,1.4214487841773653,185.99180478872836,139.04603141723888,195.9132743717283,1.2614556802106933,9.869928656029051,184.7048806288123,132.887356331613,0.017797828869076163,0.005040905641763086
1.622141233054311,336.86552914716594,144.1335790785862,1.5723116012516989,932.2918149570447,932.6593838360354,333.03785201882806,932.659383836035,1.5214469341206707,348.48612422655754,1.5212903791703933,333.03785201882806,185.13642577939345,318.73404281768006,185.136426448838,1.4266688236849683,1.4254581553069805,318.73404281768006,270.3921914913862,306.6139812577983,1.4252150340158423,13.769573475929775,316.46612538589477,70.02684022842949,242.18384998671982,70.02684022817863,1.267241401253794,1.4254581553069805,242.18384998671982,155.000632499706,174.8978359813364,1.266770449784139,15.156043481654002,241.29955731565082,105.86930271534078,0.03117995515431409,0.013629076623556655,1.6221563890724395,303.14985962233783,132.4721242390955,1.572125246039876,921.4185554101807,921.2216294159008,298.61843668097794,920.755309285205,1.5210429107372871,256.84021656177504,1.520911105851483,298.89805719973634,128.423036761801,281.99201574089443,128.51580349909506,1.4222597104740196,1.4214288656950207,283.2509693505068,226.64060877593414,259.72718032687607,1.4212905552572654,9.80403180215454,280.2972525304952,51.36229490196779,186.79356110823537,51.295993290540736,1.2617932784828705,1.4214456725068652,185.96686746598476,139.02734740809615,195.88010271157668,1.2614520337511113,9.866298573284576,184.68239880865892,132.89333535842982,0.017805655222712123,0.005033629557794119
1.6221412330575582,336.8655290988442,144.13357908789288,1.5723116012953038,932.2918149380072,932.6593838120142,333.0378519721954,932.6593838120142,1.5214469141003066,348.48612411247103,1.5212903591480182,333.0378519721954,185.2234017623963,318.70894147035153,185.22340241851802,1.4266701921549547,1.42545941218484,318.70894147035153,270.48343202842557,306.7198279826356,1.425216273782427,13.770821286976155,316.44018217412815,70.02706567489781,242.17268700011894,70.02706567461075,1.2672398321388412,1.42545941218484,242.17268700011894,155.0006222051678,174.8909453989269,1.266768924270611,15.154502953898529,241.2887470187369,105.84562124612344,0.03117175935269114,0.013624006388444352,1.62215651203189,303.11573102463535,132.46545704098318,1.5721250118066046,921.4129336925145,921.2181145294682,298.5845968825718,920.7508175774777,1.5210418209099006,256.7489226036711,1.5209100520974095,298.8658022927034,128.4260649739916,281.93703705523683,128.51901899921725,1.4222564529831725,1.4214257608318235,283.19907946797986,226.6634669764599,259.7728069197759,1.421287545963055,9.80120117783464,280.2444609966925,51.366406270702576,186.77081760791182,51.298750253397486,1.2617895968065023,1.4214426547771446,185.94294531589736,139.0095826095875,195.848431180305,1.261448540309061,9.862819377526208,184.660764083445,132.8989846103514,0.017813458461947894,0.005026434951787207
1.6221412330563258,336.8655291006658,144.13357908552206,1.5723116013184262,932.2918149383456,932.6593838122387,333.03785197400947,932.6593838122386,1.5214468943236419,348.4861241161231,1.5212903393693173,333.03785197400947,185.30860518254025,318.6844253953928,185.3086058255456,1.4266715373830516,1.425460647611421,318.6844253953928,270.5727942775493,306.82341803711705,1.4252174923566638,13.772047797278585,316.41484605361893,70.02732340141404,242.16179516760695,70.02732340109341,1.2672383023010991,1.425460647611421,242.16179516760695,155.00061225394356,174.88424798255357,1.2667674369297819,15.153001057223282,241.2781981212229,105.82204556375663,0.031163768018651155,0.013619062144426397,1.6221566287739695,303.0826699991362,132.4588534174398,1.5721247889193892,921.4073997909305,921.2145361914038,298.5517653981852,920.746387651604,1.5210407758774493,256.66007753206253,1.5209090416696402,298.83436907803446,128.42890238657378,281.88395955805714,128.52210690941834,1.4222533031779732,1.4214227574498026,283.1489483941769,226.68564676054427,259.8168675989532,1.4212846367999072,9.79846901772643,280.19346614812815,51.37061023783228,186.7491558820291,51.3017047594952,1.2617861126477679,1.4214397420893434,185.92018365145077,138.99295753315891,195.81898331274272,1.2614452411282988,9.859518253540237,184.64008383140228,132.90417039485263,0.017820988654479477,0.005019624298361641
1.62235842236359,337.52314526384316,145.99937255209412,1.5723264908003256,934.3381250010859,934.9576235677821,333.6806131401901,934.9576243249936,1.5214982479890655,352.2318938147308,1.521340821752527,333.6806131401901,185.426783359347,319.6035539875852,185.426784594298,1.4267519471264454,1.4255341757486284,319.6035539875852,270.46894484830096,306.51633901550247,1.4252897520314565,13.841093720791674,317.3396954920182,70.02909436492416,243.01018638946994,70.02909435952623,1.267367051141121,1.4255341757486284,243.01018638946994,154.96112575359768,174.77995401145742,1.2668929116192662,15.25418356326913,242.12709066282605,105.79873982251192,0.031173758455645944,0.01361935431157565,1.6222822613110968,302.9904429983642,135.05804422738882,1.572120643097166,924.3961673086326,924.2121511479368,298.3856080606001,923.6782655466944,1.5211684448058387,260.7293312203322,1.521033773498929,298.7730596860913,128.42021222526603,282.33552281009105,128.5186034540613,1.422303044784945,1.42147234959367,283.5497624767706,226.51217659666224,259.74002521139226,1.421329852007435,9.828373574588737,280.85844362523835,51.293946792026574,187.21371140256952,51.24710627698237,1.2618300492027061,1.4214782173840055,186.33944592199023,138.97048270927166,195.92107407719072,1.2614818841273445,9.898527279653115,184.87563587914045,132.851297972122,0.0185811446359046,0.00441506754257274
1.6221416512241724,337.5226388262222,146.25193100353016,1.5723160220875856,934.4593998190926,935.1188319518473,333.6752144027202,935.1188319537866,1.5214627958962375,352.40012755124377,1.5213053552282108,333.6752144027202,185.58176743294598,319.7299589247759,185.58176842863065,1.4267609899826157,1.4255420616283836,319.7299589247759,270.5770887971282,306.52682169963543,1.4252974345894067,13.850929907988085,317.4723167234496,70.0339548608392,242.95861829243563,70.03395484932116,1.2673303101077122,1.4255420616283836,242.95861829243563,155.00388245457125,174.81253127465698,1.2668565028765886,15.246769001391659,242.0755541462956,105.77629996519818,0.031160662585958846,0.013631742834626353,1.6221593632278692,303.32535444557493,134.01162604214028,1.5721258254110613,922.9379284259359,922.928341383051,298.794376335791,922.4752818560942,1.5210333376759846,258.85338249627955,1.5208993740182142,299.0745817880966,128.49013267319108,282.60576963323564,128.58251664014512,1.422296460576763,1.4214617103029423,283.911450603006,226.53933617492092,259.37099267025553,1.421323593145711,9.83819498052577,280.95364940296366,51.39230480711852,187.09959832671603,51.323082024781,1.2618309789744542,1.4214792779617909,186.27124973102988,139.17136863650748,196.19975557570166,1.2614892727064453,9.907783014055212,184.9860008165323,133.01489454413746,0.01770027560593768,0.005170982904330463
1.6221371957550708,337.5206286645019,146.25580491280837,1.5723166978294825,934.4589211017818,935.118356480159,333.6732533338527,935.1183564797066,1.5214569832266274,352.39568894090314,1.5212995439572583,333.6732533338527,185.7223377059409,319.8046769087412,185.72233876889618,1.4267717418863763,1.4255519440944209,319.8046769087412,270.69419433375134,306.61028845865343,1.4253071646844375,13.85906541571491,317.5486453855597,70.04073553669843,242.93255921528032,70.04073552413409,1.2673305994455544,1.4255519440944209,242.93255921528032,155.00190161071674,174.79908321551312,1.2668569175240187,15.242419037544753,242.05012298177456,105.7543449466362,0.031128754223171903,0.013650610156258043,1.6221567404601804,303.2719056003913,134.01246360012468,1.5721261828951731,922.9302661006657,922.9278354397783,298.7445483537606,922.4756859428117,1.5210295790122064,258.6939175498505,1.5208954340695453,299.0229043018978,128.4921179255588,282.5325797395326,128.58380190375422,1.4222919844961215,1.4214575867530543,283.84060578760165,226.5707074561375,259.4078223303658,1.421319627708127,9.834336957557387,280.880347679044,51.398324320111435,187.0616736559751,51.3275187225086,1.2618262288715754,1.4214752153634453,186.23308085374543,139.15078921999248,196.14621882188126,1.2614848631414612,9.902614592227556,184.95536620470824,133.01417111902944,0.017695861250992498,0.005187518153077903
1.6221371152972957,337.5205812443875,146.25475969539127,1.5723169704066517,934.458665433054,935.1180445062192,333.67320911670106,935.1180445059332,1.5214539907403823,352.3952521938926,1.5212965512263295,333.67320911670106,185.85327062229243,319.83411032131954,185.8532716247167,1.426776819900988,1.425556450682098,319.83411032131954,270.8138993785668,306.7185947910986,1.4253115724559935,13.864531104894606,317.57853591738683,70.0484669137895,242.93452772015422,70.048466899888,1.2673309467159162,1.425556450682098,242.93452772015422,155.00083701390565,174.78750825051497,1.2668572618610123,15.242026449874157,242.05256834155685,105.73291158260837,0.031102181163831195,0.013673627930908247,1.6221568667415824,303.23693980132924,133.99797229459233,1.572126148023553,922.9163859502564,922.9139545604836,298.70810699376824,922.4593939010663,1.5210276004612797,258.59167432848096,1.5208935196503148,298.98781943065546,128.49411605397373,282.4667299409045,128.58669901434848,1.4222875193876523,1.421453393873405,283.7782032540727,226.59692904628804,259.44706195478113,1.4213155520335645,9.830936482700633,280.8178092120959,51.402409143973,187.04133185636903,51.33092881270579,1.261823027516234,1.4214711318195528,186.2119741427344,139.13130492773698,196.10752900276304,1.2614817587974814,9.899351275654457,184.93571201132457,133.01694449618896,0.01769852671689431,0.005185695285280406
1.6221371097851618,337.52056191979193,146.25361350417865,1.572317083152769,934.458440306548,935.1177711675241,333.6731898823389,935.1177711672472,1.5214523523211194,352.394901368223,1.5212949126730053,333.6731898823389,185.97766056773742,319.8368810844022,185.97766152751873,1.4267804675298847,1.4255597059129568,319.8368810844022,270.9342259505303,306.8403033103673,1.4253147610589456,13.86838244831845,317.5811119967716,70.05654257402831,242.94593648131755,70.05654255953723,1.267332085148372,1.4255597059129568,242.94593648131755,155.0004760267583,174.77632374355414,1.2668583605960815,15.242926374739563,242.06442084072808,105.71201062895413,0.0310822902273318,0.013697567315451745,1.6221570990767435,303.2025330729737,133.9843207647619,1.5721260213277788,922.9028950185841,922.8998649587166,298.67208344345244,922.4430943453118,1.5210260904384676,258.4894090052478,1.520892073659651,298.9532442872185,128.49616568657743,282.40395889507147,128.58969211002102,1.4222834361560182,1.421449598749698,283.71814579884244,226.62259786506445,259.48867663280384,1.4213118712115662,9.827693018343602,280.75866523301823,51.40651927806251,187.02077612375788,51.334546940628634,1.261819680180973,1.4214674220489507,186.19098247116946,139.10892673246084,196.06658657854217,1.2614785014999133,9.896080420443141,184.91570386747324,133.01894394217538,0.01770066647039604,0.0051860845766518535
1.6221371128020892,337.5205234323686,146.25256937819745,1.5723171429745006,934.4582274210832,935.1175132510732,333.673151617829,935.1175132508167,1.5214514048113292,352.3945334488062,1.5212939651178476,333.673151617829,186.09728513619007,319.82462516597434,186.09728606379736,1.426783354408228,1.425562304255609,319.82462516597434,271.0538459108479,306.9685707762435,1.4253173114080924,13.871296789130906,317.56829051700606,70.06463849421533,242.96005731866074,70.06463847968702,1.2673333847551904,1.425562304255609,242.96005731866074,155.00037582556604,174.7646273163228,1.2668596096959028,15.244165945417219,242.07900653360957,105.69159841530055,0.03106713147683359,0.0137205013381373,1.6221573468504356,303.1689270237708,133.97287882082324,1.5721258471252566,922.8901996410798,922.8866503215535,298.6371044173281,922.4278025016812,1.521024946274177,258.38978706491037,1.5208909766534624,298.9195576856938,128.4980924114579,282.34551954386734,128.59256580962057,1.4222796802797042,1.4214461335183604,283.6617165147515,226.64701843104947,259.52854352362954,1.4213085100664937,9.8246392084772,280.703697788669,51.409608360517296,186.99870469598807,51.33728291451603,1.261816074372305,1.4214640152556899,186.16881214984068,139.08285930636472,196.0211148262884,1.2614749984023481,9.892644172078244,184.8943972424119,133.02028978026135,0.017704633325807198,0.005186786774950129
1.622137117282163,337.5204819438478,146.25162628090658,1.5723171771462272,934.458032280723,935.1172770706285,333.67311040888495,935.1172770703945,1.5214508475120607,352.39418507444645,1.5212934078151457,333.67311040888495,186.2131866398336,319.804040507845,186.21318754144875,1.4267857807246442,1.4255645027748662,319.804040507845,271.1720206747763,307.09938664917564,1.4253194727950156,13.873660864307746,317.5469375189184,70.07258451113046,242.97419590049032,70.07258449691078,1.2673345844110888,1.4255645027748662,242.97419590049032,155.0003737327911,174.75214469996786,1.26686075941809,15.245375614316824,242.0936491765253,105.67161361176281,0.031054886532318353,0.013741414989269195,1.6221576074145445,303.13534064037157,133.9622648247597,1.5721256585206886,922.8777952473732,922.8740134281934,298.60247356593425,922.413980064296,1.5210242073321443,258.29100499539265,1.5208902568977114,298.88606884741597,128.5005657830693,282.2919747060838,128.59604468343318,1.4222762307192878,1.4214429411027756,283.61025209643014,226.6701267505838,259.5649779045477,1.4213054369400195,9.821807874505323,280.6536602733272,51.411991225880094,186.97528912311083,51.339414529550595,1.2618124151946344,1.4214608807545432,186.14572756765057,139.05971799282628,195.9800904014535,1.2614714459401632,9.889171829627344,184.8717523664251,133.0214529052297,0.01771282138314625,0.005183919884212498
1.62213712200593,337.520438404498,146.25077485641827,1.5723171965334455,934.4578535761107,935.1170609124778,333.67306767625956,935.117060912267,1.521450516835913,352.3938555127433,1.5212930771600264,333.67306767625956,186.3259845460534,319.7789351964218,186.3259855523766,1.4267879249178996,1.4255664553925889,319.7789351964218,271.2883578564846,307.2304609120737,1.425321394724715,13.875693647949273,317.5209580374642,70.08029388223393,242.98730106349672,70.08029386919372,1.2673355995577262,1.4255664553925889,242.98730106349672,155.00039954026096,174.7388759829293,1.266861729452752,15.246419886164265,242.10729938733786,105.65199192391367,0.031044365345179046,0.013759864877554597,1.6221578553049423,303.10171492536483,133.95236345526013,1.572125511577594,922.8667393514705,922.8631865761126,298.56791234948656,922.4026389197295,1.521023725973445,258.19535254977166,1.5208897724443473,298.8527276352239,128.50316791515272,282.24428921393525,128.59977639598853,1.4222731612258637,1.421440069049336,283.565243343654,226.69046577587758,259.59656701844574,1.4213027323701044,9.81919458110312,280.60962125963937,51.414949435936705,186.95286248582312,51.342381999423495,1.2618091787831833,1.4214580774024987,186.12407593294733,139.0422257365542,195.95214748633668,1.2614683463280252,9.88603644146033,184.84956285368042,133.02293243584074,0.017722780025668648,0.005181472033958373
1.6221371261489606,337.52040468451116,146.2500047225731,1.5723172080313308,934.4576941328263,935.1168680465516,333.6730337139186,935.1168680463619,1.5214503160480806,352.3935718427881,1.521292876395274,333.6730337139186,186.4360498754623,319.75163776854674,186.43605086488236,1.4267898926875373,1.425568252763351,319.75163776854674,271.4026089817348,307.3604461495889,1.425323165140211,13.877530974997555,317.4927388405042,70.08773014250656,242.99906622418348,70.08773012998122,1.2673363872593217,1.425568252763351,242.99906622418348,155.00044257977498,174.72494467987207,1.2668624779473427,15.247266880916044,242.1196462247887,105.6334060132067,0.031034838803018897,0.0137758340166417,1.6221580565574172,303.0712357389576,133.94430870521776,1.5721254044734916,922.8566151990836,922.853473467144,298.53596383621647,922.3912159559518,1.5210230959792717,258.11067588965255,1.520889150123321,298.82244200446667,128.50345587039,282.2014245327465,128.6011810556706,1.4222703749728411,1.4214374253023616,283.5249850494887,226.7060305395737,259.6226436205336,1.4213002634330203,9.816712928142497,280.5696559684853,51.417789120047814,186.93339861883226,51.34539329920299,1.2618062440112443,1.4214555289577644,186.10449702651033,139.0150830074521,195.92634141074979,1.2614655976395042,9.883210594347327,184.82976151234953,133.02591972104042,0.01773150514241005,0.005184554501434958
1.6221371310111699,337.52036839292543,146.24930946868915,1.5723172147511475,934.4575478937281,935.1166913633238,333.6729976354955,935.1166913631505,1.521450187461395,352.3933014574966,1.5212927478409441,333.6729976354955,186.54361118350408,319.72333650475264,186.54361215135438,1.4267917375899302,1.4255699407578677,319.72333650475264,271.51468678626725,307.48863317901726,1.4253248285300462,13.879240799461567,317.46349953423737,70.09487986048026,243.0094354259424,70.09487984843688,1.267337009099275,1.4255699407578677,243.0094354259424,155.0004792829759,174.7105097044277,1.2668630665689378,15.247917142753087,242.130625809891,105.61446415530298,0.031025879696869606,0.01378918707958605,1.6221582253058937,303.0449594157512,133.93803995702032,1.5721252806114534,922.8456218163242,922.8427935556838,298.50816556573386,922.3773918487867,1.521022370864374,258.0361881886886,1.520888442584005,298.79612278023916,128.50154787430546,282.1604191636374,128.600149801354,1.422267666090599,1.421434825331581,283.4857284387681,226.71879848757314,259.6460090127782,1.4212977966614893,9.814310401377213,280.530019339265,51.41969417769279,186.91618710310246,51.347387868614135,1.261803211396133,1.4214530580115547,186.08564872146803,138.97442218341791,195.89391257968984,1.261462802783554,9.880490402391137,184.81223897571488,133.0321483072374,0.017740417203446157,0.005187138448321274
1.622137135037486,337.5203362293288,146.24868107872004,1.5723172184228065,934.4574159159035,935.1165318541562,333.67296569034465,935.116531853999,1.5214501044600768,352.3930585217174,1.5212926648716583,333.67296569034465,186.64881688094445,319.6947723836256,186.6488178282886,1.4267935091653974,1.4255715640434135,319.6947723836256,271.62454171897093,307.61461948183614,1.4253264286844778,13.880866994459229,317.4339992012144,70.10174376693864,243.0184923555983,70.10174375540565,1.2673374455044906,1.4255715640434135,243.0184923555983,155.000509882705,174.69573550035807,1.2668634752479342,15.24838978580667,242.14031380065464,105.59566159315321,0.03101745505711995,0.013800262213785797,1.6221583824657468,303.019539959708,133.93274996148958,1.5721251209221037,922.8338559497233,922.8312787543344,298.48220844322606,922.3634433430248,1.5210218839997345,257.9618949841249,1.520887954297549,298.7706837417304,128.50063484550427,282.1194271949758,128.59985014062184,1.4222649402410805,1.4214321989694108,283.44590565914393,226.7328944085697,259.6712235458588,1.4212952721418686,9.81197813015757,280.48923997778246,51.421480709392256,186.89843066368047,51.34917069636386,1.2617998946695648,1.4214505741838337,186.06613641681565,138.93416769508184,195.85840631382158,1.2614597463974297,9.877691854286219,184.7946408766208,133.0376950615564,0.017749319686749872,0.005185222575159877
1.6221371387930814,337.5203067446744,146.2481132268477,1.5723172205433456,934.4572964793015,935.1163875183622,333.6729364070377,935.1163875182197,1.5214500466113745,352.3928379944169,1.5212926070540929,333.6729364070377,186.75176769258795,319.66635741332203,186.7517686201652,1.426795222980037,1.425573135430664,319.66635741332203,271.7321640313072,307.7381955203634,1.425327977919068,13.882434309118509,317.40466005191706,70.10832989900808,243.0263566785539,70.10832988799359,1.2673377307261071,1.425573135430664,243.0263566785539,155.00053450755024,174.68077366276611,1.266863737637546,15.248706806509805,242.1488225837523,105.57699472285972,0.031009423624647696,0.013809294761983048,1.622158529520809,302.9924938607549,133.92814893686918,1.5721249609327115,922.8234713259063,922.8214404118825,298.45516501555915,922.3524720546894,1.5210215174934552,257.8839947554092,1.5208875733129381,298.74359574769795,128.50184285284124,282.0781119405201,128.60165395776357,1.4222622236670066,1.4214296005695461,283.40601922739455,226.74921555222423,259.69911156270604,1.4212927836116827,9.809678857754818,280.44827858815194,51.42374690077745,186.87948144684333,51.35142392395615,1.2617965577988142,1.4214480994674255,186.0462507385223,138.90293187711836,195.82519606514572,1.2614566474247297,9.874835624176772,184.7760704079836,133.04066749203105,0.017755944265650296,0.005183175021294656
1.622137142223556,337.52027993841904,146.24760004554747,1.5723172217341714,934.4571884719505,935.1162570026811,333.672909783836,935.1162570025522,1.5214500034032448,352.3926383149768,1.5212925638752002,333.672909783836,186.85253672789963,319.63832315180275,186.8525376362633,1.4267968918985963,1.4255746661882824,319.63832315180275,271.8375642719477,307.8592619673368,1.425329487216311,13.883957134154024,317.37571923031504,70.11464978409376,243.03315473945582,70.11464977359273,1.267337886200393,1.4255746661882824,243.03315473945582,155.0005536038803,174.6657546093778,1.266863874569922,15.248889922111042,242.1562720546982,105.55844219079547,0.031001713400234093,0.013816523934095198,1.6221586603078948,302.9649533073076,133.92446309034648,1.5721248250689683,922.8151637756936,922.813702652391,298.4274558778076,922.3441264951277,1.5210210862363214,257.80582930432934,1.5208871153944623,298.71591446392483,128.5037883065176,282.03834443774156,128.60433568720657,1.4222596353655423,1.4214271435521255,283.3681462128702,226.76576255585306,259.72628109486783,1.4212904626540785,9.80745800189543,280.40965322642035,51.42606247797327,186.86079258243691,51.35383271685069,1.2617934545482579,1.4214457479108353,186.02725712049542,138.87678764366467,195.7940020668615,1.2614537521130575,9.872089960761155,184.75767492609444,133.0424352043073,0.017759964878201605,0.00518436663803036
1.622137145347709,337.5202556132053,146.24713626194296,1.5723172223904895,934.4570908184802,935.1161390035584,333.6728856246769,935.1161390034426,1.5214499686579912,352.3924576190491,1.5212925291569133,333.6728856246769,186.95118108718486,319.61079582117685,186.95118197677596,1.426798523328824,1.4255761628034045,319.61079582117685,271.94076494658174,307.9777832992411,1.4253309628988902,13.88544381749679,317.3473058721824,70.12071639219462,243.0390057457647,70.12071638219447,1.267337928303466,1.4255761628034045,243.0390057457647,155.0005679160825,174.6507870430412,1.2668639035852212,15.248956559533067,242.1627759974108,105.53998141180432,0.0309942867674988,0.013822180547151702,1.6221587740434065,302.9375391768844,133.92203986433339,1.5721246881828579,922.8083587735305,922.8074793831584,298.39966317812065,922.3373037747658,1.5210205525836462,257.7294275819709,1.5208865601401802,298.68830838589344,128.5057150313981,281.9988365686318,128.60700688170198,1.4222570676510404,1.4214247210948578,283.33055125762985,226.7822268278098,259.7535959005789,1.421288170158033,9.805246194098741,280.37141214633454,51.42853176850467,186.84232774221508,51.35636991285186,1.2617904331824952,1.421443418661253,186.00862073022233,138.85083914508994,195.76275500935645,1.2614509126243294,9.8693731954587,184.7394365345814,133.0460033092549,0.01776170577144101,0.00518929101494338
1.6221371489235654,337.5202329583508,146.2467058891304,1.5723172231928428,934.4570001225694,935.1160292750017,333.67286316568493,935.1160292749023,1.521449939434535,352.3922895923198,1.5212924999588515,333.67286316568493,187.04775081269685,319.5838138866517,187.04775178837116,1.426800118952745,1.4255776265841669,319.5838138866517,272.0418047602309,308.09377366896956,1.425332406209166,13.88689760720574,317.319459182138,70.12654172188884,243.04401163931897,70.12654171264438,1.2673378838521896,1.4255776265841669,243.04401163931897,155.00057774477102,174.63595946950187,1.2668638458745063,15.248930057760067,242.16843197081528,105.52152741767823,0.0309871233644186,0.0138264704217668,1.622158878470229,302.91012785586173,133.9201378019381,1.5721245383949147,922.8024096060665,922.8023364614421,298.3716281488213,922.3311164056271,1.5210199626258802,257.65460835305174,1.5208859589877133,298.66064659990514,128.50741349907824,281.95798865477997,128.60938660931333,1.422254441342877,1.421422255385035,283.2914353516072,226.7989284200433,259.7824343893296,1.4212858150671832,9.802977968969945,280.33158000539976,51.430943030708576,186.82352585659842,51.358731789226674,1.261787364726436,1.4214410277270337,185.9894030880109,138.82433069610195,195.73002711723365,1.2614480159058934,9.866561169182425,184.72085612351532,133.0519778796542,0.017762668962501515,0.00519595044423718
1.6221371509644196,337.5202137072918,146.24633751748632,1.5723172228771167,934.4569226264414,935.1159357595047,333.6728440074862,935.1159357594106,1.5214499125960637,352.3921463732415,1.5212924731418305,333.6728440074862,187.1422850060738,319.5574759552814,187.14228596149587,1.4268016888116652,1.4255790668587451,319.5574759552814,272.1406955959342,308.2072224550921,1.425333826347801,13.888325466482664,317.29227972750164,70.13214114088117,243.04827658209248,70.13214113203112,1.2673377524757492,1.4255790668587451,243.04827658209248,155.00058518303837,174.6213422816968,1.2668637057567638,15.248819690909523,242.17334037368317,105.50319508747486,0.030980214645394608,0.013829610885158194,1.6221589555420088,302.8842364205286,133.9199315542085,1.572124372371332,922.7977412138346,922.798500977292,298.3448159091754,922.3262631905678,1.521019381711808,257.58591576074383,1.5208853596899683,298.63409340225877,128.50891414385148,281.9189112750436,128.61156383182055,1.4222518971563318,1.4214198789032435,283.25359248808957,226.81490667479608,259.8094181064866,1.4212835281397036,9.800806079096914,280.29293104742675,51.43208939883778,186.80425372201776,51.359936185673945,1.2617842081068766,1.4214387148149783,185.9695537379637,138.7963529966934,195.69454979275855,1.2614450164297584,9.863655138372037,184.7017706370628,133.0562812934898,0.01776362889559061,0.005203341765329417
1.622137153104977,337.52019555673166,146.24599591902856,1.5723172229810094,934.4568506060853,935.1158487552874,333.67282597819406,935.1158487552018,1.521449886973123,352.392012740822,1.5212924475389822,333.67282597819406,187.23482291595764,319.5317462856869,187.2348238514968,1.4268032279028906,1.4255804787343778,319.5317462856869,272.23748522593314,308.3181843020089,1.4253352184435586,13.889726218636378,317.2657309436439,70.13752630683629,243.0518799688218,70.1375262983681,1.2673375566341842,1.4255804787343778,243.0518799688218,155.00058945625403,174.60698904251618,1.2668635036224976,15.248639816368371,242.17757799029226,105.4848999897603,0.030973528977020697,0.013831755283819148,1.6221590276718472,302.8584601706175,133.91968612680265,1.5721241976465135,922.7929195155608,922.7945486085574,298.3181373686261,922.3214642433529,1.5210188147743537,257.5180055744101,1.5208847806210568,298.60774632405287,128.51043351742064,281.87921412461407,128.6137258371812,1.422249325822144,1.4214174751922406,283.21499919951634,226.8311023406871,259.8374333784583,1.4212812053259112,9.79861431896855,280.25347813180025,51.43332713071664,186.78429538723213,51.36118070809204,1.2617809293141586,1.4214363699609631,185.94898185946536,138.7683257441509,195.6573552789547,1.2614418833110648,9.860615125400633,184.682064743049,133.05979146500982,0.017764653433131276,0.005210436310697583
1.6221371551953676,337.5201792351736,146.24568654814254,1.5723172230265963,934.4567854227665,935.1157699966252,333.67280976796667,935.1157699965472,1.5214498625945612,352.39189197684084,1.5212924231783798,333.67280976796667,187.32540181476355,319.5066288246021,187.32540273076592,1.426804739028974,1.4255818648761132,319.5066288246021,272.3322087728375,308.42669835744,1.4253365851380166,13.891101248587278,317.23981647015063,70.14270902247972,243.05489260514295,70.14270901438125,1.2673373033824098,1.4255818648761132,243.05489260514295,155.00059153931045,174.59294179671417,1.2668632462136924,15.248401070220297,242.18121338369914,105.46662921354384,0.030967061071263246,0.013833056046399703,1.6221590930466336,302.83332446402835,133.92008088052168,1.5721240276334751,922.7883776380236,922.790865074367,298.29218860231185,922.3170677130756,1.5210182662232519,257.4522260077348,1.5208842121858845,298.58203153115755,128.51192479779593,281.8420597090827,128.6159264706831,1.4222468835523725,1.4214151812359053,283.1789821469598,226.8463751594535,259.8629553509105,1.4212790005863378,9.79653344196146,280.2166376571863,51.43410125329824,186.76452273014903,51.36199989521943,1.2617776753746528,1.4214341336048828,185.9286945522285,138.7401448768933,195.6203295899444,1.261438774618906,9.857614518947173,184.66244634240925,133.06104371832822,0.017766518938353765,0.005216780002480973
1.6221371571005416,337.5201644748463,146.24540690879178,1.5723172230369538,934.4567265022185,935.1156988048422,333.67279510836767,935.1156988047715,1.521449838935407,352.3917828026201,1.521292399535298,333.67279510836767,187.4140575911464,319.4821182664906,187.4140584879564,1.4268062228646654,1.425583225884647,319.4821182664906,272.42490249821594,308.5328072230467,1.4253379270198852,13.892451330828948,317.2145306032364,70.1477004344627,243.05737630974784,70.14770042671506,1.2673370015854704,1.425583225884647,243.05737630974784,155.00059185222386,174.57923126657636,1.2668629421269757,15.248112457951546,242.18430672694103,105.44837196064837,0.030960800430994254,0.013833645211073196,1.6221591574919407,302.8092984706507,133.9201030576969,1.5721238727003566,922.7837605958736,922.787126437444,298.2674069176942,922.3126678432387,1.5210177109703495,257.3888909071822,1.5208836326223807,298.5575061031416,128.5132627361546,281.8065401481367,128.6179796149184,1.422244547837097,1.4214129806967108,283.1447205530155,226.86086533158294,259.88716986141964,1.4212768940185174,9.794543045581332,280.18152644997804,51.434577209048165,186.74538783560936,51.362509803710175,1.2617745347134717,1.4214319930746813,185.90908537225306,138.71206559356023,195.58401296506707,1.2614357809616574,9.854704490374095,184.6434841420747,133.06201224639892,0.017768336628740368,0.005222680238868175
1.6221371586594713,337.52015240489015,146.2451532050374,1.5723172230355589,934.4566760699934,935.11563378201,333.6727831207737,935.1156337820833,1.5214498141740533,352.39169298360173,1.521292374790103,333.6727831207737,187.50082547605098,319.4581506074132,187.50082638616163,1.4268076638138776,1.425584546509007,319.4581506074132,272.515617556916,308.6365702216219,1.4253392289032847,13.893772915379966,317.1898100448311,70.15251073255001,243.05936587132925,70.15251072502025,1.2673366487475737,1.425584546509007,243.05936587132925,155.0005909178727,174.56588429200454,1.2668625887042035,15.247779519376724,242.18689209001758,105.43011895760458,0.030954735485130905,0.013833636644027106,1.6221591758842435,302.7729223525199,133.92538861779263,1.5721236526913278,922.7853851933935,922.7886492766016,298.2317566106895,922.3144444889717,1.521017356572156,257.30006793743735,1.5208832244846409,298.52168588686834,128.518675358176,281.76488485732773,128.62398570560896,1.4222420513851561,1.4214106419169044,283.1051791827872,226.88277031936525,259.92130970856596,1.4212747094907758,9.792325205742843,280.1434235764489,51.44427226099707,186.7307233335816,51.37195237062841,1.2617721679028342,1.4214296563894295,185.89444508905606,138.7086266060665,195.57630973091523,1.2614335311627247,9.852706751246917,184.6282304677074,133.03996486353805,0.01776966442175629,0.0052264703758263
1.6221371603141517,337.5201392361894,146.24492573794282,1.5723172230678022,934.4566251775657,935.1155763712632,333.6727700430997,935.115576371206,1.5214497936030926,352.3915953192139,1.521292354230003,333.6727700430997,187.58574068176813,319.43486622524154,187.58574160435796,1.4268091100345146,1.4255858737647984,319.43486622524154,272.60435098922324,308.7379944267858,1.425340537594685,13.895077939817256,317.1657907289358,70.15714979362382,243.06096229194617,70.15714978633673,1.267336280274291,1.4255858737647984,243.06096229194617,155.00058843055206,174.5529015754061,1.2668622209591711,15.247414671973548,242.18906810230925,105.41186325758704,0.030948853485974898,0.013833127890850049,1.6221592587426938,302.7499021245339,133.9233416645192,1.5721235034923573,922.7797448706251,922.7837184169172,298.2080417334461,922.3087004463762,1.5210168073732966,257.2373782113041,1.5208826580772978,298.49836375072096,128.51946547925397,281.7293267700954,128.625412605736,1.4222397471158998,1.4214084698636542,283.0708572868295,226.89683788238725,259.94563007732023,1.4212726205567472,9.79036284061577,280.1084118105437,51.44443646881741,186.71245628047768,51.37203262257005,1.2617691522925525,1.4214275432978947,185.8755261457574,138.68182083827503,195.54117005602728,1.2614306580395538,9.849908088920207,184.61022472902982,133.04194499838195,0.017773875274461358,0.005228745126661541
1.6221371617926197,337.52012817431125,146.24471931848404,1.572317222977172,934.4565816231485,935.1155237534397,333.67275905503107,935.1155237533885,1.521449770682223,352.39151434349174,1.5212923313205984,333.67275905503107,187.66883485631521,319.4121188991932,187.66883575933912,1.4268105150720836,1.425587162176949,319.4121188991932,272.69117220720807,308.837153952411,1.4253418078013356,13.89635625286678,317.14233026827446,70.16162752066504,243.06215596556896,70.16162751367501,1.267335872943677,1.425587162176949,243.06215596556896,155.00058532152536,174.54030630532526,1.2668618156790565,15.247017877239589,242.19082608168827,105.39359923522235,0.030943144953254297,0.013832203369522648,1.6221593387571311,302.72712912379495,133.92138711614254,1.5721233557380363,922.7743248322663,922.779116503849,298.184608181385,922.3032786712869,1.5210162505508276,257.1755150948723,1.5208820868724073,298.47531736896013,128.52024857703344,281.69407019293004,128.6268008777218,1.4222374591352287,1.4214063147762972,283.03678664926093,226.9107716024615,259.9698834400577,1.42127054275985,9.788417329723135,280.0735854436781,51.444650062448375,186.69436077742498,51.372137567416814,1.2617661764474102,1.4214254456013373,185.85678884368943,138.65555519964323,195.50657544404422,1.2614278259043634,9.847137068266955,184.59243175832998,133.04431284154867,0.0177777169125327,0.00523148743256527
1.6221371630656292,337.5201183047255,146.24453274885343,1.5723172229807023,934.4565423032443,935.1154762442342,333.6727492533171,935.1154762441874,1.5214497482064497,352.3914414523888,1.521292308854878,333.6727492533171,187.75014179464387,319.38992993247336,187.75014267844978,1.4268118942710903,1.4255884267979648,319.38992993247336,272.7761084043091,308.93408980319305,1.4253430545229446,13.89761102131515,317.1194477259112,70.16595224309305,243.06299966839805,70.16595223638502,1.2673354405678663,1.4255884267979648,243.06299966839805,155.000581444472,174.52809837373184,1.2668613864693539,15.24659561642916,242.19221794546024,105.37532185389604,0.030937599083339797,0.013830934580819304,1.622159414442333,302.7048112459427,133.91956489157806,1.5721232099395486,922.7691012637862,922.7747016061159,298.16166485934434,922.298088995593,1.5210157035443785,257.11496924951575,1.5208815253615302,298.4527389340371,128.52102231041496,281.6595958668829,128.62815871541443,1.4222352225088477,1.4214042068164214,283.003489887531,226.9243939703786,259.9936210253877,1.4212685112645465,9.786515285014037,280.03953269644137,51.44485439623985,186.67661241094657,51.37223140045627,1.2617632586803005,1.421423394299167,185.83840069643168,138.63000560379652,195.47282977959452,1.2614250489526795,9.84442133096062,184.5749847841547,133.0465945273103,0.017781619024841232,0.005233948042693846
1.6221371642159714,337.52010939893535,146.24436412681865,1.572317222975511,934.4565067720588,935.1154333131913,333.67274040830483,935.1154333131494,1.5214497260143616,352.39137560776874,1.5212922866716672,333.67274040830483,187.82969452596768,319.3682873047105,187.82969539089996,1.4268132480114861,1.4255896679813636,319.3682873047105,272.85919482148336,309.028846416892,1.4253442781095242,13.898842591147154,317.0971305430735,70.17013208537129,243.0635251219709,70.17013207893248,1.2673349870695052,1.4255896679813636,243.0635251219709,155.0005770189368,174.516278723344,1.2668609371248967,15.246151859370729,242.19327524399807,105.35702744050643,0.0309322059888644,0.013829382636856456,1.6221594834169426,302.6830215353911,133.9175970368963,1.5721230667414305,922.7637816929789,922.7700896743689,298.13931761244237,922.2928108215685,1.5210151670017078,257.0557583567252,1.520880975992899,298.43077885743537,128.52176443895337,281.6260109955334,128.62946036671983,1.4222330435712067,1.421402148078582,282.9710641548834,226.93765312199625,260.01681186414294,1.421266528648876,9.78466025474836,280.0063917753903,51.4450432969655,186.65926163693987,51.37230300988112,1.2617604012803352,1.4214213927426713,185.82038995928667,138.60483508942426,195.43963882518077,1.2614223291667594,9.841758135678212,184.55790170287594,133.04881827964442,0.017785501279383914,0.00523600423736003
1.622137165456699,337.52010093561444,146.24421174622384,1.572317222972202,934.456474551694,935.1153954713589,333.672731555262,935.1153954712663,1.5214497031870302,352.3913155118205,1.5212922638533843,333.672731555262,187.9075258992186,319.3471659431368,187.90752677015456,1.426814574041701,1.4255908835372408,319.3471659431368,272.9404700743203,309.12147272332174,1.4253454763837214,13.90005038875064,317.07535270539256,70.17417446287737,243.06374945356384,70.17417445657388,1.2673345115168764,1.4255908835372408,243.06374945356384,155.00057266738935,174.50484894008216,1.2668604666437129,15.24568870158327,242.19401436467908,105.33871291261167,0.030926956464949994,0.013827599494825095,1.6221595489890177,302.66173470753535,133.91575041743906,1.5721229262770338,922.7586347775197,922.7656380414808,298.11749680573286,922.287733021123,1.5210146411719523,256.9979443017191,1.5208804366892255,298.4093257232413,128.5224761331984,281.59328040270697,128.6307210487845,1.4222309198337717,1.421400140657333,282.93947930031146,226.95056110317975,260.03937543648783,1.421264596872149,9.782852238926104,279.9741121171504,51.44519947959161,186.64228827304595,51.37234622246509,1.261757606602029,1.4214194420838555,185.80276470519797,138.58033106470316,195.40729681830035,1.2614196692322437,9.839155706388695,184.5411845029795,133.0509944968585,0.0177894747155991,0.005237756145603898
1.6221371661494364,337.52009419717905,146.24407397881947,1.5723172229876892,934.4564456796525,935.1153594934892,333.67272531064924,935.1153594934553,1.5214496828478072,352.39126259510795,1.5212922435197516,333.67272531064924,187.983668648388,319.3265818809426,187.9836695246426,1.426815879925528,1.4255920808091809,319.3265818809426,273.01996146279896,309.2120020522842,1.425346656650137,13.901236780291427,317.0541307214069,70.1780866587935,243.0637291180612,70.17808665261501,1.2673340292062454,1.4255920808091809,243.0637291180612,155.00056695264286,174.49379433172604,1.2668599901076028,15.245212766552886,242.19449398634947,105.32037655953988,0.0309218417739451,0.013825629229728896,1.622159610841785,302.6409619999775,133.91401246614046,1.572122788790838,922.7536553079798,922.7613300096534,298.0962052246137,922.2828230335498,1.5210141269769215,256.9415138233791,1.5208799084644242,298.38838231685264,128.52315505205058,281.56138566278844,128.63193490885973,1.4222288503916212,1.4213981835053975,282.90873197370337,226.96312276573602,260.061330323923,1.4212627152125143,9.781090173069302,279.9426718109262,51.44533529057084,186.625706446916,51.37237153269284,1.2617548751032044,1.4214175411707144,185.7855430982887,138.55643654352923,195.37576517042902,1.2614170698525138,9.83661518530998,184.52485505780885,133.05315140293004,0.017793515354847057,0.005239240995865528
1.6221371670472515,337.52008750335915,146.2439495127563,1.57231722294393,934.4564194081603,935.1153277551764,333.67271866177595,935.1153277551448,1.5214496610926709,352.3912137127554,1.5212922217707314,333.67271866177595,188.0581530157508,319.30650723287647,188.05815387309252,1.4268171593825005,1.425593253621015,319.30650723287647,273.0977059713873,309.3004804856088,1.4253478127530699,13.902400722294981,317.033435551396,70.18187598366377,243.06345830570854,70.1818759777168,1.2673335306514848,1.425593253621015,243.06345830570854,155.0005615643227,174.48311922593712,1.2668594980498482,15.244723220283252,242.19470634753839,105.30201725092682,0.030916855353195903,0.013823509710104305,1.6221596697643994,302.6206865563144,133.91240388169734,1.5721226539716877,922.7488492379919,922.7571772673456,298.0754289420957,922.2780917124177,1.5210136223986008,256.88648018282356,1.5208793891422883,298.36794585287157,128.5238023660596,281.5303100252185,128.63310779969427,1.4222268341136037,1.4213962757849536,282.87878197371685,226.97534965361925,260.08268440950917,1.4212608819169048,9.779372815287001,279.912048945922,51.445439000773156,186.60950001266292,51.37237029804758,1.2617522042985398,1.4214156889559708,185.76870697443576,138.5331069280819,195.3449811752149,1.261414528725593,9.834133602675498,184.508895470992,133.05524146273905,0.01779759173542811,0.005240494471750431
1.6221371678146712,337.52008155131034,146.2438370118885,1.5723172229568916,934.456395698111,935.1152991068641,333.67271275068606,935.1152991068352,1.5214496397134598,352.3911697579264,1.5212922003967737,333.67271275068606,188.13101077089476,319.28692726958843,188.1310116096717,1.4268184144894027,1.4255944040352597,319.28692726958843,273.17373828399104,309.38695320947704,1.4253489467535316,13.903542474132058,317.0132520151242,70.18554858333113,243.06296666317783,70.18554857760165,1.2673330218040535,1.4255944040352597,243.06296666317783,155.00055597293328,174.4728128785203,1.2668589963117118,15.244223331315698,242.19468205215264,105.28363387046139,0.030911990367977454,0.013821272684790647,1.6221597256860036,302.6009196141482,133.91088030975928,1.5721225220862876,922.7441860551886,922.7531480887412,298.0551763143723,922.2735148459194,1.521013129006557,256.8328035966978,1.520878880725917,298.3480107605024,128.5244274396235,281.50003171427016,128.63424323293725,1.422224869076761,1.421394416448724,282.8496192500163,226.98725498382052,260.1034675362623,1.4212590960572262,9.777699810753207,279.88221824045064,51.445505671617504,186.5936649338149,51.37233634530304,1.2617495926183593,1.4214138841828916,185.75224826069555,138.51034221836125,195.31493036196136,1.2614120436773912,9.831709587823756,184.4932938116144,133.05730478404303,0.01780167817243784,0.005241537087201112
1.622137168508353,337.5200761810147,146.24373533308454,1.5723172229646352,934.456374272903,935.1152732195051,333.6727074170384,935.1152732194801,1.5214496186092334,352.3911300535049,1.521292179297102,333.6727074170384,188.20227300528487,319.2678306841815,188.20227382584284,1.4268196456023556,1.42559553238297,319.2678306841815,273.2480915831063,309.47146157976215,1.4253500589792245,13.904662360089803,316.9935683298151,70.18911050624797,243.0622725516577,70.1891105007262,1.2673325045677388,1.42559553238297,243.0622725516577,155.00055027164308,174.4628669628299,1.2668584867297426,15.243714984146782,242.19443976527137,105.26522606116444,0.030907240736403104,0.013818945100637449,1.622159778944211,302.58161622307034,133.9094565351097,1.5721223930235104,922.7396665037738,922.7492491529595,298.03541391666954,922.2691016178438,1.5210126469751866,256.78039565754705,1.5208783832894994,298.32854918576675,128.52504080768995,281.4705071784893,128.63535525518557,1.4222229534712503,1.421392602773787,282.82119355092397,226.9988680344847,260.1237315071535,1.4212573550554388,9.776069030511996,279.8531308165835,51.445545180266,186.57816891859758,51.37227584768549,1.2617470387545984,1.4214121247569222,185.7361427382373,138.48815728030735,195.2856079071029,1.2614096135569206,9.829340856318927,184.47803019481825,133.0593487942045,0.01780575144598806,0.005242388311201222
1.6221371690151336,337.520071790486,146.2436594289131,1.5723172229701552,934.456355105174,935.1152511057311,333.6727024992707,935.1152511057704,1.5214495966032617,352.39109536412263,1.5212921572965235,333.6727024992707,188.27197058364655,319.2491893295676,188.27197140637605,1.4268208477047857,1.4255966337400134,319.2491893295676,273.32080335423365,309.5540535577427,1.4253511445241847,13.905759453414436,316.97435470841094,70.19256724464674,243.0613789905119,70.19256723920958,1.267331974325338,1.4255966337400134,243.0613789905119,155.0005450797783,174.4532766885399,1.2668579646763785,15.243198280116333,242.19398259569903,105.24679357455989,0.030902600973847245,0.0138165497001172,1.6221598256974505,302.56273143267225,133.9083003650412,1.572122265449834,922.7354587738712,922.7456741544547,298.01609996801955,922.2650465575407,1.5210121697770846,256.7292828876077,1.5208778891173926,298.30950820610553,128.5256436408087,281.4417280425962,128.6364415253397,1.42222108616592,1.421390833712866,282.79351492677534,227.01019415932964,260.1435039128954,1.4212556581896916,9.774479055259414,279.8247630780791,51.44557049049395,186.56298572994427,51.37220176897013,1.2617445362977449,1.4214104093166022,185.72035206057902,138.46657689048726,195.25701863420505,1.2614072331207884,9.827022039736832,184.46307678180273,133.06131258885094,0.01780983892681405,0.005243103576842143
1.6221371711227843,337.5200662721089,146.24354656987595,1.5723172231574356,934.4563342179956,935.1152244701692,333.6726976774352,935.11522447016,1.521449577681386,352.39105586180244,1.5212921383774507,333.6726976774352,188.34013393170693,319.23103167024624,188.34013475924337,1.4268220365998912,1.425597723600258,319.23103167024624,273.3918954345795,309.63475294368686,1.4253522188266234,13.90683712779095,316.95564242945886,70.19592426057173,243.06033995851547,70.19592425519411,1.2673314509557998,1.425597723600258,243.06033995851547,155.000538556138,174.44401971410036,1.2668574498364111,15.242679028068196,242.19336565660853,105.22833705931751,0.03089806552119055,0.013814105483667398,1.62215988121892,302.54438323777634,133.90670730462077,1.572122143854784,922.730943687681,922.7417100972617,297.9972915690783,922.26058741052,1.5210117188879104,256.6792752108523,1.520877424497188,298.2910020228303,128.526230086231,281.41359212817935,128.6375102372478,1.422219262749278,1.421389107485589,282.7664393227607,227.02124967046464,260.1627808119579,1.4212540023663367,9.772925981909593,279.797093114142,51.44556123065446,186.54822637082938,51.37210484931753,1.2617421046071429,1.421408735557921,185.70501750423347,138.4454424788724,195.2291046604814,1.2614049184828346,9.824767415801361,184.44853100837076,133.06333431692488,0.017813784604741957,0.0052436572398470846
1.6221371706206127,337.5200629822707,146.24348449177413,1.5723172229856213,934.4563214506622,935.1152092899556,333.6726943292656,935.1152092899388,1.5214495570570405,352.3910321569583,1.5212921177551006,333.6726943292656,188.40679231782838,319.2133220739844,188.4067931272229,1.4268231979157784,1.4255987877673624,319.2133220739844,273.46140588117464,309.71360777890527,1.425353267723953,13.907893475500034,316.9373925160565,70.19918723099656,243.05913400541687,70.1991872257974,1.2673309176251386,1.4255987877673624,243.05913400541687,155.00053287306815,174.4350988982826,1.2668569254560507,15.242154491803772,242.19256712526607,105.20985751591135,0.030893631050712057,0.013811629127507951,1.6221599248669476,302.5263721709447,133.90561470912127,1.5721220220819316,922.7269301950448,922.738300406955,297.9788731258352,922.2567285493461,1.5210112639876212,256.6305140792083,1.5208769530021478,298.2728412288878,128.5268036556061,281.386184863091,128.6385450032136,1.4222174852573977,1.4213874229399512,282.74009906829826,227.0320314727715,260.1815864165989,1.4212523877916174,9.771412294244447,279.7700990139765,51.44555505742813,186.53372332767339,51.37200360840654,1.2617397155594208,1.4214071028525126,185.68993320913913,138.42493491440155,195.20190457445625,1.2614026459199064,9.822555396593987,184.43424174960356,133.06523126530874,0.017817795072422073,0.005244121120527531
1.6221371708184915,337.5200593906885,146.24341749515568,1.5723172230051374,934.4563073020176,935.1151922014835,333.6726907605737,935.1151922014674,1.5214495368348462,352.3910058612486,1.5212920975353095,333.6726907605737,188.47197508203618,319.1960482673785,188.47197587363434,1.4268243363379929,1.4255998308974744,319.1960482673785,273.5293663859054,309.7906586544855,1.4253542958678214,13.90892894607565,316.9195930688127,70.20236071562667,243.05778520163312,70.20236071059973,1.2673303814310997,1.4255998308974744,243.05778520163312,155.00052707561358,174.42649966874228,1.2668563985486059,15.241627054083608,242.19161174161775,105.19135551140337,0.030889293744334297,0.013809134011560394,1.6221599689290036,302.508796561196,133.90447997698882,1.5721219035428715,922.722945726368,922.7348923864281,297.96089059735465,922.2528797068512,1.521010822316537,256.5828801426117,1.5208764954298868,298.25511495700886,128.5273584961853,281.3594208194789,128.63955518763495,1.4222157504099386,1.4213857785050363,282.7143836096968,227.0425515284637,260.1999314252583,1.421250812196859,9.769934444004098,279.7437554958954,51.44552666058702,186.5195532934404,51.37188508246196,1.2617373814503783,1.4214055093152775,185.67519605061906,138.4048981047029,195.17533637551557,1.2614004252793498,9.820394891414422,184.42028059098894,133.06708959140758,0.017821762439201253,0.005244464157280751
1.622137171235007,337.5200561533927,146.24335623003606,1.5723172230238731,934.4562943902562,935.1151765897653,333.67268754749216,935.115176589751,1.5214495169226403,352.3909819238072,1.5212920776251042,333.67268754749216,188.53571130056002,319.1792011701227,188.53571207470844,1.4268254522924768,1.425600853382813,319.1792011701227,273.5958075816668,309.8659434485354,1.42535530364542,13.909943946277757,316.9022345791377,70.20544929847364,243.0563055171277,70.20544929360706,1.267329843308341,1.425600853382813,243.0563055171277,155.0005213187305,174.41821188886428,1.2668558700091856,15.241097702146767,242.1905118888629,105.17283214060146,0.030885050066502346,0.013806631525339395,1.6221600113474506,302.4916170769228,133.90340955866455,1.5721217872485749,922.7190825629573,922.731591231807,297.9433175223572,922.2491594374027,1.5210103901126804,256.5363424584536,1.5208760473538017,298.23778560432277,128.5279004607173,281.33329329711927,128.64054079051186,1.4222140560577128,1.4213841728193837,282.68927954650906,227.05282113053994,260.2178349825122,1.4212492741383589,9.768491898949563,279.7180457054406,51.44548468264799,186.50569003106375,51.371756062032695,1.2617350983558238,1.421403953689483,185.66077979160664,138.38536425931352,195.149424181487,1.2613982534279187,9.818282930496094,184.40662367069766,133.0688855276614,0.01782569913252247,0.005244696672727477
1.6221371716262127,337.52005322628827,146.2433008163424,1.5723172230421207,934.4562827137327,935.115162470317,333.67268464250793,935.1151624703039,1.5214494972843506,352.39096027608184,1.5212920579884543,333.67268464250793,188.59802963828923,319.1627706559574,188.59803039532625,1.4268265461107545,1.4256018555304188,319.1627706559574,273.6607600012358,309.9394994761328,1.425356291360441,13.91093878079397,316.88530652873214,70.20845733393695,243.05470600099974,70.20845732922349,1.2673293041555054,1.4256018555304188,243.05470600099974,155.00051561099804,174.41022529443725,1.2668553407003245,15.240567315639275,242.18927903727263,105.15428865810694,0.030880896756877444,0.013804131212152302,1.6221600520792185,302.47483371812507,133.90240419338758,1.5721216733435064,922.7153414490166,922.7284019524309,297.9261511154449,922.2455610618814,1.5210099676750166,256.49090544710657,1.5208756090211892,298.2208587416251,128.52843189030156,281.3077888955647,128.6415041529438,1.4222124027662961,1.4213826054640828,282.66478687873484,227.06284705479945,260.23531060217925,1.421247773100509,9.767083772015871,279.6929527881539,51.44543653148263,186.49214161348706,51.3716239549903,1.2617328670605958,1.4214024352420347,185.64668645033777,138.3663160346365,195.12413905097736,1.261396130685332,9.816219742282588,184.39327297721545,133.07062055954265,0.017829589349811714,0.005244854593077521
1.6221371719471236,337.5200508332854,146.24324990407564,1.5723172230589912,934.4562731681808,935.115149080621,333.6726822676485,935.1151490509585,1.5214494766077316,352.3909425786193,1.5212920373138106,333.6726822676485,188.65895851953485,319.146716325796,188.6589592755158,1.4268276073089559,1.4256028270496288,319.146716325796,273.7242619559124,310.01136872605724,1.4253572487589272,13.91191153899307,316.86877065710894,70.2113885866782,243.05298066243552,70.21138858195123,1.2673287557368702,1.4256028270496288,243.05298066243552,155.00051052382065,174.40253275336528,1.2668548024114028,15.240034929189573,242.18790883396707,105.13572617628722,0.030876830955158155,0.013801641036363348,1.6221600911548737,302.45842120019796,133.90144170398275,1.5721215618165536,922.7117037794438,922.7253045109427,297.9093690934351,922.2420695522688,1.5210095541813915,256.44648512148865,1.52087517971489,298.20430512223845,128.52895044383865,281.2828724386408,128.64244410438107,1.4222107875946937,1.4213810742398507,282.6408603798642,227.0726415980631,260.2523785549872,1.4212463068146348,9.76570811166009,279.6684396642274,51.4453834417362,186.4788898765872,51.371487526689506,1.2617306846869538,1.4214009518783781,185.6328978626893,138.34773856473166,195.09944721902795,1.261394054557781,9.814202471229123,184.3802165796277,133.07229617252383,0.017833427244644533,0.005244950436712016
1.6221371720990563,337.5200482762266,146.2432054039581,1.5723172230956528,934.4562626409656,935.115138334199,333.67267970333734,935.1151383341876,1.5214494591857506,352.3909233182372,1.5212920198921607,333.67267970333734,188.71852617634497,319.13111247195894,188.7185269354446,1.426828668294006,1.4256037997098217,319.13111247195894,273.78632121414324,310.0815752651473,1.4253582074938813,13.9128687523441,316.8526931150244,70.21424736430181,243.05118525765548,70.21424735965888,1.267328225490583,1.4256037997098217,243.05118525765548,155.0005043213186,174.3951155289996,1.2668542823855216,15.239506216764509,242.18645378434428,105.11714637524074,0.030872849172626195,0.0137991672583711,1.6221601285633007,302.44238795134316,133.90053539675515,1.5721214526121527,922.7081769962799,922.7223089260209,297.8929784198224,922.2386965970239,1.5210091502546492,256.4031212649545,1.520874760250982,298.18813588775436,128.52945612132854,281.2585422512916,128.6433641564728,1.4222092108822513,1.4213795792514154,282.6175034000089,227.0822059314566,260.2690495393757,1.4212448754869793,9.764365272708204,279.64450801910687,51.44532850002187,186.46594087507194,51.37134986374346,1.261728552281349,1.4213995040174243,185.61943017454848,138.3296293719423,195.07536315633536,1.2613920259404796,9.812231802666446,184.3674564664202,133.07391979396752,0.0178372161067861,0.005244984200227694
1.622137172406088,337.52004603346296,146.24316453398265,1.5723172230702667,934.4562539983533,935.115127896057,333.6726774748079,935.1151278960465,1.5214494401525012,352.3909071638625,1.5212920008597353,333.6726774748079,188.77675893845128,319.11587528979953,188.77675968063636,1.4268296978265282,1.4256047428030936,319.11587528979953,273.84698553408,310.1501615220744,1.42535913695664,13.913805069816988,316.83699774600535,70.21703769204885,243.04928566051257,70.21703768754088,1.267327687794399,1.4256047428030936,243.04928566051257,155.00049885342304,174.38797215033824,1.2668537551253456,15.238977210426109,242.18488385144047,105.09855128240883,0.030868950495058098,0.01379671587383865,1.6221601646879622,302.4267086869558,133.8996845324656,1.5721213455413885,922.7047633321372,922.7194151976656,297.8769526333272,922.235436351917,1.5210087546740154,256.3607254700494,1.5208743491951464,298.1723203987964,128.5299477522215,281.2347832580137,128.6442584564704,1.4222076704797804,1.4213781186136776,282.59469751355385,227.09154373566105,260.28531848766283,1.421243477467597,9.763053658443269,279.6211359419968,51.44526738508122,186.45327644481813,51.371209731506895,1.26172646735846,1.421398089564618,185.60625109414093,138.3119785456417,195.0518772157685,1.2613900426593376,9.810306023267689,184.35497474122096,133.07550479312616,0.01784095922924897,0.00524496132814494
1.6221371726578417,337.52004407185865,146.2431275640398,1.5723172230996476,934.4562462044444,935.1151184786554,333.6726755268609,935.1151184786465,1.5214494214945145,352.39089270597265,1.521291982202277,333.6726755268609,188.8336840231529,319.10101415515066,188.83368474876204,1.426830706428157,1.425605666678237,319.10101415515066,273.9062788915985,310.2171631262145,1.4253600474650372,13.914722317404204,316.82169076920036,70.21976281315403,243.04730373909473,70.2197628087707,1.2673271517706808,1.425605666678237,243.04730373909473,155.0004934210599,174.38109020597466,1.2668532296801904,15.238449906649242,242.1832200803778,105.07994214926198,0.03086513233309056,0.013794291183168345,1.6221601997275363,302.41139183523745,133.89882184034929,1.5721212408820777,922.7014211115866,922.7165865907217,297.8612959120464,922.2322479073426,1.5210083658948375,256.31931099789153,1.5208739451872542,298.156869796956,128.53043235981596,281.2115736830801,128.64513402767224,1.4222061665003962,1.4213766923266373,282.5724309951075,227.10066136821646,260.30121693209185,1.421242112756488,9.761773091452293,279.5983183765597,51.4451710827505,186.44088447641042,51.37103379455791,1.2617244288718361,1.4213967087294155,185.59336062146667,138.2947712198896,195.02898457376187,1.2613881039470296,9.808423876593153,184.34276941554418,133.07714772571234,0.01784469066728865,0.005244774543202376
1.622137172885573,337.52004230744774,146.24309414737107,1.5723172231238272,934.456239163409,935.1151099710935,333.6726737744829,935.1151099710852,1.5214494031398296,352.39087965848523,1.5212919638479079,333.6726737744829,188.88932807610226,319.08652041297853,188.88932878546757,1.4268316944647643,1.42560657167284,319.08652041297853,273.9642294631227,310.2826141799968,1.4253609393525257,13.915620831890129,316.8067631841364,70.2224260622333,243.04524727210736,70.22242605796944,1.2673266179816205,1.42560657167284,243.04524727210736,155.00048806842602,174.37446027804646,1.266852706588634,15.237924819355818,242.18147064691408,105.06132065251674,0.030861392601221997,0.013791896819259297,1.6221602335444765,302.3964233491855,133.8980071987793,1.5721211384897558,922.6981786143836,922.7138398029869,297.84600129248525,922.2291604844476,1.521007985760733,256.27884690587183,1.5208735500820272,298.14177572603967,128.530900579714,281.188906826267,128.6459873584291,1.4222046974736016,1.4213752992382895,282.55068876916647,227.10956234250025,260.3167353003746,1.4212407800130715,9.760522507257308,279.5760401537832,51.44507107648398,186.4287750610283,51.37085600564104,1.261722436559864,1.4213953603598108,185.58076077476156,138.27798261811913,195.00663699466017,1.2613862092280614,9.806584677312086,184.3308365124184,133.0787371812885,0.01784836384927368,0.005244549647710391
1.6221371730916316,337.5200407124306,146.24306394593722,1.5723172231470977,934.456232799739,935.1151022819918,333.6726721903359,935.115102281984,1.5214493850706186,352.3908678655572,1.5212919457788292,333.6726721903359,188.94371729008867,319.0723853053013,188.94371798353933,1.4268326622737368,1.4256074580983045,319.0723853053013,274.0208650192553,310.3465481927347,1.4253618129267736,13.916500924703978,316.7922059006521,70.22503061109671,243.04312364641336,70.22503060694766,1.26732608691318,1.4256074580983045,243.04312364641336,155.00048279483332,174.36807315752196,1.2668521863144695,15.237402423400102,242.17964332639576,105.04268849667048,0.030857729368782505,0.013789535703831445,1.6221602661846315,302.3817976099989,133.89723025840718,1.5721210383199717,922.695026910079,922.7111798438004,297.83105763305247,922.226163229663,1.5210076141969608,256.239319932872,1.5208731636074393,298.12702704445593,128.5313617763136,281.1667726372389,128.64682196039018,1.4222032632862813,1.4213739388249953,282.5294624604512,227.11825761690375,260.3318972416935,1.4212394785154967,9.75930119620634,279.55428273376344,51.44497477415325,186.41694012572816,51.37068253798257,1.2617204901609314,1.421394043513255,185.56844751755384,138.26161769564362,194.98485859629105,1.2613843579269386,9.804788539646283,184.31918199730086,133.0802835581621,0.017851973748910486,0.005244292636099322
1.622137173277907,337.5200392706914,146.2430366504613,1.5723172231702454,934.4562270483144,935.115095332651,333.67267075841784,935.1150953326446,1.5214493672787013,352.3908572068842,1.5212919279868808,333.67267075841784,188.99687742562153,319.0586001462177,188.99687810347837,1.4268336101827455,1.4256083262571826,319.0586001462177,274.0762128929316,310.40899811675627,1.4253626684867382,13.917362897726937,316.7780099082226,70.22757947385904,243.04093982430228,70.22757946981632,1.267325559006974,1.4256083262571826,243.04093982430228,155.00047760080295,174.36191990862824,1.26685166927866,15.236883153222692,242.17774545898607,105.02404740185368,0.030854140845770248,0.013787210163986952,1.622160297645223,302.3675033800754,133.89648584455875,1.5721209401615843,922.6919630218567,922.7085950247041,297.8164523994577,922.2232561429889,1.5210072509543837,256.2007123974011,1.520872785763491,298.11260982521566,128.53180892631622,281.14515269038066,128.6476343219063,1.422201862467938,1.42137260993475,282.50873196829053,227.12674719142692,260.3467005037456,1.421238207541912,9.758108448647413,279.5330343183797,51.444875385209365,186.40537563403822,51.37050907032409,1.2617185877129424,1.4213927576661092,185.5564087404281,138.24564919823942,194.96358184873705,1.261382548572954,9.803033293381713,184.30778598533385,133.0817853708607,0.017855523654826226,0.005244005690983278
1.6221371734462815,337.5200379675836,146.24301198132122,1.572317223193557,934.4562218502654,935.1150890519456,333.6726694641817,935.1150890519393,1.5214493497599209,352.3908475735751,1.5212919104679234,333.6726694641817,189.04883382093655,319.0451563815931,189.04883448351842,1.4268345385149255,1.425609176447934,319.0451563815931,274.1302999725781,310.4699963297659,1.4253635063273478,13.918207047398546,316.7641663358871,70.23007551358944,243.03870236402616,70.23007550964785,1.2673250346675595,1.425609176447934,243.03870236402616,155.0004724861755,174.35599186894058,1.266851155866524,15.236367405959795,242.17578397005974,105.00539909314526,0.030850625358035497,0.013784922024100648,1.6221603281290966,302.35352942181294,133.89577026103808,1.5721208441034955,922.6889832286961,922.706075327019,297.8021772355075,922.2204258661868,1.5210068951859337,256.1629800957319,1.5208724157093745,298.0985157121253,128.5322467119209,281.1240335852448,128.64842912517642,1.4222004942267654,1.4213713120439142,282.48848054212516,227.13504085333534,260.3611625418796,1.4212369663704667,9.756943732341544,279.51228648040285,51.444778465556006,186.3940674583072,51.37033930660139,1.2617167284310589,1.4213915017710959,185.54464242514848,138.23006473762305,194.94282122269482,1.2613807805266688,9.80131779630046,184.29664449954583,133.08324707580175,0.017859009370971075,0.005243692628359221
1.6221371736068568,337.52003648182335,146.242989789794,1.572317223365277,934.4562168877652,935.1150829951837,333.6726680017275,935.1150829951798,1.5214493313823287,352.3908371083082,1.5212918920903156,333.6726680017275,189.09961196661948,319.03203484044184,189.0996126465926,1.4268354486979482,1.4256100101421403,319.03203484044184,274.18315615532043,310.5295793425703,1.4253643279291306,13.919032963955358,316.75065552638034,70.23252040700459,243.03641232607657,70.23252040295867,1.2673245164725622,1.4256100101421403,243.03641232607657,155.00046635279742,174.35028023122865,1.266850648659231,15.235854868917874,242.173760272351,104.98674450475363,0.030847180472946444,0.013782672328217196,1.6221603586268638,302.3398111189992,133.8950472851257,1.5721207483454491,922.6860986936586,922.7036140716262,297.7881485792664,922.2176540316785,1.5210065403143789,256.12611418711873,1.520872047782006,298.0846750702387,128.5326727920281,281.1033751204889,128.64920168800154,1.4221991558479996,1.4213700425342952,282.46866965566875,227.1431391881919,260.37529574376265,1.4212357522168775,9.755804918332803,279.49200382547076,51.44468339787055,186.38298532499667,51.370178185395474,1.2617149055133488,1.4213902739431157,185.5331021522893,138.21475281924324,194.92251883537793,1.261379046370602,9.79963439554252,184.2857177702213,133.08467312940277,0.017862437516710294,0.005243346920047506
1.622137173722956,337.5200357751538,146.24296952619449,1.572317223233763,934.4562129242101,935.1150782661352,333.6726672862203,935.1150782661302,1.5214493157951372,352.39083111307093,1.5212918765023913,333.6726672862203,189.14923574890065,319.0192545468406,189.14923641347875,1.4268363374769677,1.4256108238824092,319.0192545468406,274.234799473949,310.5877668555015,1.425365129798697,13.919842755917955,316.7374965843939,70.23491880579714,243.03408679065387,70.23491880184592,1.2673239976879507,1.4256108238824092,243.03408679065387,155.00046243854092,174.34477901672994,1.2668501408565995,15.235347457152049,242.17169177292715,104.96808693687862,0.0308438060296356,0.013780462671946903,1.622160388209045,302.3264327536502,133.8943509218236,1.5721206533097276,922.6833302544583,922.7012663612583,297.7744611342613,922.2149815490698,1.521006193764019,256.09023844199834,1.5208716876939286,298.07116310529767,128.5330871666379,281.08322754779107,128.64995669258067,1.4221978489152525,1.4213688025578977,282.4493679862143,227.15101417262943,260.3890483064237,1.421234566318604,9.754694667816104,279.47223017517473,51.44458092231349,186.37217363529632,51.37001274293116,1.2617131234072292,1.4213890762767236,185.52183837774803,138.1997902504575,194.9026988046141,1.2613773525630778,9.797992114629393,184.27505352101892,133.08605461882877,0.01786580140014444,0.005242969116872892
1.6221371738612393,337.52003476353525,146.24295132368582,1.5723172232544265,934.4562090693271,935.1150736091047,333.67266628185394,935.1150736090998,1.5214492989584918,352.390823887232,1.52129185966526,333.67266628185394,189.1977290682548,319.00678765191384,189.19772971775626,1.426837209111259,1.4256116220402886,319.00678765191384,274.2852606712537,310.64459697951713,1.4253659163290326,13.920635320059827,316.72466119209724,70.23727218113245,243.03172469889972,70.2372721772721,1.2673234862647011,1.4256116220402886,243.03172469889972,155.00045758195085,174.33947748342746,1.26684964042566,15.234844427996608,242.16957778909648,104.9494272779885,0.030840500408140452,0.013778293643649252,1.6221604168520212,302.31336623176065,133.89368043189256,1.572120560607671,922.6806362356667,922.6989787629624,297.76109401000815,922.2123875461128,1.5210058551611474,256.0552069880704,1.5208713357666277,298.05796867571087,128.5334898357502,281.0635607161444,128.65069413891376,1.4221965732022943,1.421367592428905,282.4305236070282,227.15870127502907,260.40247203283377,1.4212334086756455,9.753610674422523,279.4529217079235,51.44447968140171,186.3616101886113,51.36984915243474,1.2617113825051194,1.4213879072010038,185.51083495563748,138.18516464298244,194.8833370125756,1.261375697889164,9.796387755350928,184.2646418095097,133.08739600049722,0.017869101817186615,0.005242581543059055
1.6221371739730268,337.5200338924373,146.2429348651478,1.5723172232843294,934.4562056005688,935.1150694176865,333.67266541677765,935.1150694176822,1.5214492824560684,352.390817455975,1.5212918431622224,333.67266541677765,189.24511573413338,318.99462869387435,189.2451163688728,1.4268380623820758,1.4256124033527677,318.99462869387435,274.33456428973966,310.7000995282231,1.4253666862498995,13.921411158808848,316.7121435597061,70.23958283523717,243.02933162751665,70.23958283146158,1.267322979685523,1.4256124033527677,243.02933162751665,155.00045278144472,174.33436924870745,1.2668491448310406,15.234346193103597,242.16742420035354,104.93076719094212,0.030837262088938347,0.013776165741250054,1.6221604446113664,302.3005918875267,133.89303729381098,1.5721204698947857,922.6780151488756,922.6967546162981,297.7480277087222,922.2098611692387,1.5210055241071443,256.02097120123483,1.5208709916538885,298.04506949829556,128.5338843110143,281.0443427994864,128.6514105153516,1.4221953266730514,1.4213664097385794,282.4121147423832,227.16621028265638,260.41558325219023,1.4212322778443005,9.752551873674095,279.43405819836727,51.44437844048992,186.35128691199805,51.36968741390619,1.2617096821529874,1.4213867647261287,185.50007775830636,138.17093298292195,194.8644624006557,1.2613740813897034,9.794820746598168,184.25446076235022,133.08869727440816,0.01787233623458607,0.005242179302224347
1.6221371740743742,337.52003310729106,146.24291998951122,1.5723172233113432,934.4562024664503,935.1150656307117,333.672664636975,935.1150656307079,1.5214492662476364,352.3908116485957,1.5212918269530997,333.672664636975,189.29141910265702,318.9827704591696,189.29141972294292,1.4268388976260975,1.4256131681294026,318.9827704591696,274.38273493692793,310.7543037405473,1.4253674398667948,13.922170585119131,316.699936204467,70.24185296654092,243.02691250396904,70.24185296284568,1.2673224782477495,1.4256131681294026,243.02691250396904,155.00044804917616,174.32944700568532,1.2668486543561537,15.233853017710075,242.16523624669017,104.91210830996164,0.030834089612908556,0.013774079197864547,1.6221604715315403,302.28811814915014,133.8924259430139,1.5721203813044242,922.6754684824931,922.6945972608249,297.73527476469366,922.2074116022366,1.521005200751492,255.98755318335532,1.520870655281522,298.03247671464305,128.53426473968148,281.0255855232085,128.65211050409317,1.4221941100062152,1.4213652553247424,282.39414641744725,227.17354027534108,260.42838252756883,1.4212311740308117,9.751518088157827,279.4156514446268,51.44427966886866,186.34120582369243,51.36952937931342,1.2617080215659948,1.4213856497946484,185.48957889517004,138.15704076182882,194.84604120389562,1.2613725032565275,9.793290859927533,184.24452231045507,133.0899673533966,0.017875517107731966,0.005241759676549597
1.6221371741660602,337.52003239743806,146.24290654522082,1.5723172233374407,934.4561996338236,935.1150622080293,333.6726639319446,935.1150622080248,1.521449250319804,352.3908063994158,1.5212918110245106,333.6726639319446,189.33666210073216,318.9712057291075,189.33666270686774,1.4268397151666998,1.4256139166678705,318.9712057291075,274.4297968078671,310.80723833629753,1.4253681774735796,13.922913896706191,316.6880316458996,70.24408466694533,243.02447200361192,70.24408466332507,1.2673219822035435,1.4256139166678705,243.02447200361192,155.000443384343,174.3247037101617,1.2668481692400801,15.23336514719842,242.16301890477592,104.8934522343927,0.03083098161560655,0.013772034070727556,1.6221604976111534,302.27593096962806,133.89183455167452,1.572120294703234,922.6729880502742,922.6924983476439,297.72280871664304,922.2050288264273,1.5210048850443634,255.95489546958626,1.5208703270204729,298.0201652561728,128.53463697450042,281.00726711158364,128.6527894229395,1.4221929216181728,1.4213641279306615,282.376600206605,227.18069618854187,260.44087492665165,1.4212300962039632,9.750508430808747,279.3976694232316,51.44418027992477,186.33135279604318,51.369371962043274,1.261706399174465,1.4213845608356466,185.4793141473978,138.143487979703,194.82806859872986,1.261370960931884,9.791796039346778,184.23480656896652,133.09121663577,0.01787864274201057,0.005241325935382242
1.6221371742489499,337.52003175576704,146.2428943945381,1.572317223363122,934.4561970737152,935.1150591146321,333.67266329464337,935.1150591146286,1.521449234665059,352.39080165506243,1.5212917953689515,333.67266329464337,189.38086724216902,318.95992735989864,189.380867834451,1.426840515319054,1.425614649258431,318.95992735989864,274.4757736770132,310.8589315218441,1.4253688993568225,13.923641382740936,316.6764224842094,70.24627992495535,243.0220145389486,70.24627992140589,1.267321491784153,1.425614649258431,243.0220145389486,155.00043878586632,174.32013258453617,1.2668476897018448,15.23288280645918,242.16077687738394,104.87480052575532,0.030827936794832752,0.0137700302714317,1.622160522940514,302.26403034896066,133.8912645982712,1.5721202100912155,922.6705731080149,922.6904545371956,297.7106434915596,922.202712841811,1.5210045767366203,255.92302458216412,1.5208700061535816,298.008149049874,128.5349998449214,280.98938756461183,128.65345312463927,1.4221917618482702,1.4213630276610643,282.3594761098566,227.18767852416985,260.4530643909689,1.4212290438481474,9.749523079039852,279.3801222468565,51.44408027365825,186.32173186552208,51.369215162095756,1.2617048147167855,1.4213834980585789,185.46929158793318,138.1302647259177,194.8105301144618,1.2613694552470422,9.790337198630235,184.2253214918277,133.09242729585836,0.017881709776041296,0.005240878082231973
1.6221371743238777,337.5200311757794,146.24288341297967,1.5723172233885998,934.4561947599325,935.1150563188538,333.6726627185969,935.1150563188511,1.5214492192786864,352.3907973670574,1.5212917799817154,333.6726627185969,189.4240566372233,318.9489283263928,189.42405721594466,1.4268412983930632,1.425615366186552,318.9489283263928,274.5206888955913,310.9094109761693,1.4253696057983716,13.924353326811302,316.66510144442873,70.24844062975083,243.019544278527,70.24844062627,1.2673210072027266,1.425615366186552,243.019544278527,155.00043425212561,174.31572710647376,1.2668472159431472,15.232406202294714,242.15851461268159,104.85615470523436,0.030824953893171,0.013768067589410203,1.6221605474001373,302.25240224014516,133.8907168220431,1.572120127479481,922.6682199346948,922.6884674992598,297.6987554135616,922.2004536297088,1.5210042762019695,255.89188747661606,1.520869693373278,297.9964058125639,128.53535218039468,280.9719267816219,128.65410043864276,1.4221906296784708,1.4213619533639454,282.34275402653077,227.19449748774971,260.4649683758697,1.4212280168602422,9.748560968373177,279.36299137559763,51.44398211935963,186.31233294094966,51.36906268340663,1.2617032675389244,1.4213824603114402,185.45949910736084,138.11738586641312,194.79341610396045,1.2613679846034074,9.788912167563872,184.21605315963816,133.09360379007921,0.017884713180328696,0.005240428090942616
1.6221371743916022,337.52003065157186,146.24287348805063,1.5723172234139675,934.4561926687863,935.1150537920871,333.6726621979499,935.1150537920846,1.5214492041573275,352.3907934915983,1.5212917648594504,333.6726621979499,189.4662519993271,318.9382017441103,189.4662525647752,1.4268420646945237,1.4256160677339165,318.9382017441103,274.56456539227656,310.95870384405384,1.4253702970763316,13.925050008352315,316.6540613988208,70.25056857551125,243.0170651626073,70.25056857209539,1.2673205286559366,1.4256160677339165,243.0170651626073,155.00042978124586,174.3114810001432,1.2668467481499222,15.23193552522606,242.15623632023193,104.83751625161098,0.030822031687271902,0.013766145711809095,1.6221605712164886,302.24104664318156,133.89018752679434,1.5721200467235656,922.6659255534973,922.6865272151578,297.68714169725126,922.1982528599004,1.5210039821947232,255.86146647145114,1.5208693874430805,297.9849383296404,128.53569515147,280.95487303722246,128.65473136494995,1.4221895236382769,1.421360903677845,282.326423906292,227.20115809839206,260.47658969673284,1.4212270134871812,9.747621211743748,279.3462599549968,51.44388519970627,186.3031519858541,51.36891267400802,1.2617017562020112,1.421381446651681,185.44993670568076,138.10479937039864,194.77671692009469,1.261366548041822,9.787520489260524,184.20699759542637,133.09474166201502,0.017887655422622706,0.005239977050180799
1.6221371744528097,337.52003017780135,146.24286451807814,1.5723172234392573,934.456190778859,935.1150515084504,333.6726617274039,935.1150515084482,1.5214491892983302,352.390789989053,1.5212917499995107,333.6726617274039,189.50747465044722,318.92774088019985,189.50747520290304,1.4268428145256902,1.4256167541789053,318.92774088019985,274.60742567548454,311.0068367352417,1.4253709734655344,13.925731703398391,316.64329537794856,70.25266546576722,243.01458091511842,70.2526654624121,1.2673200563249893,1.4256167541789053,243.01458091511842,155.00042537138222,174.30738822817062,1.266846286493302,15.23147095073163,242.1539459833785,104.81888659960455,0.03081916898101175,0.013764264240550949,1.6221605943395507,302.22995793926884,133.8896804087208,1.5721199677234552,922.6636921970351,922.6846386942287,297.6758051280264,922.1961138719456,1.5210036954872075,255.8317704074148,1.5208690887833929,297.9737410303077,128.5360299286971,280.9382313565812,128.6553470741106,1.4221884441801493,1.4213598793358564,282.3104874241963,227.2076566754158,260.48793511046756,1.4212260345539367,9.746703986564565,279.32992798505404,51.44378951469818,186.29418900023543,51.3687645165773,1.2617002808368525,1.4213804574982118,185.44060034642115,138.09252753678453,194.76041809216792,1.2613651457541173,9.786162049498401,184.1981587761639,133.09585130997334,0.01789053147179559,0.005239524960224169
1.622137174508131,337.5200297496059,146.2428564111804,1.5723172234644907,934.4561890707944,935.1150494445469,333.6726613021041,935.1150494445451,1.5214491746994128,352.3907868234703,1.521291735399621,333.6726613021041,189.54774552565186,318.917539157434,189.54774606539382,1.426843548185722,1.4256174257970096,318.917539157434,274.6492918367413,311.05383572756205,1.425371635237942,13.926398684917407,316.63279657463715,70.25473291775342,243.01209505531054,70.25473291445616,1.2673195903770125,1.4256174257970096,243.01209505531054,155.00042102062935,174.30344298385228,1.266845831130965,15.231012640352425,242.15164737103768,104.80026713866548,0.0308163646013393,0.013762422707090096,1.6221606167484839,302.2191220814043,133.88918585771327,1.5721198906680656,922.6615131674711,922.6828002666932,297.6647289934999,922.1940299867249,1.5210034151576137,255.80275508077972,1.5208687970727301,297.9627972021788,128.53635534152625,280.92197661385916,128.65594639557494,1.422187389833591,1.421358878871792,282.2949228045165,227.21400317339015,260.4990102478316,1.4212250781011986,9.745808405770653,279.31398029675694,51.44369506433536,186.28543187467827,51.36861944575971,1.2616988398737718,1.4213794911753892,185.4314779201666,138.08056293260069,194.74452444374572,1.2613637761416985,9.784835477616008,184.1895207939645,133.0969401613166,0.01789335379967608,0.005239065837786515
1.622137174558129,337.52002936261454,146.24284908431105,1.5723172234896543,934.4561875270942,935.11504757925,333.67266091773445,935.1150475792482,1.5214491603583675,352.3907839625193,1.5212917210575778,333.67266091773445,189.587085177341,318.90759015507024,189.58708570464154,1.426844265970609,1.4256180828607388,318.90759015507024,274.69018555455136,311.0997263721006,1.4253722826625546,13.927051222980547,316.6225583447953,70.25677246652921,243.0096109060763,70.25677246328587,1.2673191309654,1.4256180828607388,243.0096109060763,155.0004167272597,174.29963968373477,1.2668453822074488,15.230560742396815,242.1493440464865,104.7816592120799,0.030813617395378048,0.013760620585059247,1.6221606385488785,302.2085362601874,133.88871939779432,1.5721198152684666,922.6593988836626,922.6810136023307,297.65391190097296,922.1920062135779,1.5210031419035268,255.77442049154587,1.5208685123852812,297.95210684525375,128.53667373105694,280.90611215916834,128.65653167044246,1.4221863607117171,1.4213579024951066,282.2797333973645,227.22019642118934,260.5098134195977,1.4212241449539396,9.744933759710039,279.2984185755514,51.44360123129516,186.2768765727108,51.36847684423264,1.261697432658737,1.421378548206852,185.42256740868126,138.0689030801904,194.72903115126252,1.2613624387569589,9.783540202504389,184.18108364882823,133.09800970151738,0.017896120713248635,0.00523860240428262
1.6221371746033055,337.520029012887,146.24284246241558,1.5723172235147151,934.4561861319494,935.1150458934303,333.67266057039404,935.1150458934284,1.5214491462729969,352.3907813769348,1.5212917069711898,333.67266057039404,189.6255137793184,318.89788760754016,189.62551429444525,1.4268449681733255,1.42561872563977,318.89788760754016,274.73012809867197,311.1445336997179,1.4253729160055608,13.927689584801172,316.6125742059371,70.25878556897334,243.00713160324065,70.25878556578223,1.2673186782308175,1.42561872563977,243.00713160324065,155.00041248960827,174.2959729600188,1.2668449398551278,15.23011539271424,242.14703937687352,104.76306411640255,0.030810926228601453,0.013758857301131305,1.6221606597782476,302.19820609441916,133.88825367711456,1.5721197417802502,922.657327763691,922.6792636731234,297.64334967234873,922.1900225151467,1.5210028745789141,255.74674895822235,1.5208682338555088,297.9416699595325,128.53698041509014,280.89062291700526,128.65709938706397,1.422185355796491,1.42135694884434,282.26490412723695,227.2262406014055,260.520356450357,1.4212232334622144,9.74408004838272,279.28322259608757,51.443507398254965,186.268523094333,51.368335477350826,1.2616960585377164,1.4213776272311391,185.4138647754933,138.0575058593899,194.71389480262854,1.2613611326407412,9.782275310389215,184.1728453522693,133.09905993057563,0.017898833020519783,0.005238140643364645
1.6221371746441424,337.5200286967952,146.24283647766504,1.5723172235396907,934.45618487106,935.1150443698398,333.6726602564289,935.115044369838,1.521449132441182,352.3907790400731,1.5212916931383407,333.6726602564289,189.663051130866,318.88842540252244,189.6630516340799,1.4268456550838458,1.4256193544009697,318.88842540252244,274.7691403345714,311.1882822281706,1.4253735355303536,13.928314034749366,316.602837835042,70.26077360762116,243.00466010337362,70.26077360447792,1.2673182323016894,1.4256193544009697,243.00466010337362,155.00040830612056,174.29243765332723,1.2668445041946703,15.229676715295515,242.1447365412779,104.74448310117057,0.030808289983667504,0.013757132244338244,1.6221606802531963,302.1880473020836,133.88791510557277,1.572119669214387,922.6554211128225,922.6776907405724,297.63296570918646,922.1882258320558,1.5210026107422274,255.71974048080915,1.52086795905991,297.93140576847753,128.5372824169244,280.8754887866989,128.65765890983732,1.4221843725993784,1.4213560158249376,282.2504115433508,227.23214901468154,260.5306359616549,1.4212223418729557,9.7432442557678,279.2683755039074,51.44341665182794,186.260351257186,51.36819781440477,1.2616947131940992,1.4213767264678794,185.40535185647965,138.04638365848263,194.699144339237,1.2613598539564173,9.781039202165411,184.16478005397263,133.10006856640388,0.017901507376009332,0.005237692518569016
1.6221371746810433,337.52002841113784,146.24283106875362,1.5723172235645348,934.4561837315117,935.1150429928543,333.67265997270795,935.1150429928524,1.5214491188605859,352.3907769281392,1.5212916795566986,333.67265997270795,189.6997166607706,318.8791975775223,189.6997171523317,1.426846326988903,1.4256199694081555,318.8791975775223,274.80724272821465,311.23099596979034,1.4253741414973016,13.928924834277769,316.5933430650987,70.26273789432565,243.00219919109531,70.2627378912286,1.267317793294783,1.4256199694081555,243.00219919109531,155.0004041753969,174.28902880520315,1.2668440753356038,15.22924482281185,242.1424385384704,104.72591736886977,0.030805707559682552,0.013755444774052055,1.6221607000515281,302.1781301181941,133.88759649348867,1.5721195983265401,922.6535710214645,922.6761662316351,297.62282407563663,922.18647506791,1.5210023529844974,255.6933773778153,1.5208676906692842,297.92138390703496,128.53757739546018,280.86071646847284,128.65820672711334,1.4221834129302227,1.4213551050078153,282.2362673710977,227.23791747842537,260.5406643411584,1.4212214713205011,9.7424286882342,279.25389078257734,51.443328992014074,186.25237317068505,51.36806447271712,1.2616933998980453,1.4213758472785334,185.39704277929164,138.03554143278197,194.68476046682576,1.2613586063487838,9.779833248494471,184.15690962728175,133.10104303636456,0.017904118739690358,0.005237253132453595
1.6221371747143902,337.5200281529775,146.24282618027348,1.5723172235892346,934.456182701629,935.1150417483782,333.67265971629485,935.1150417483767,1.521449105528872,352.3907750194521,1.5212916662239295,333.67265971629485,189.73552943149062,318.8701983171171,189.73552991165118,1.4268469841720846,1.4256205709222025,318.8701983171171,274.8444553508259,311.2726984392734,1.4253747341638516,13.9295222418937,316.5840838820434,70.26467967367753,242.99975148553887,70.264679670623,1.2673173613155724,1.4256205709222025,242.99975148553887,155.00040009617192,174.28574165116035,1.2668436533766576,15.228819817040495,242.14014819352076,104.70736807510775,0.030803177871648303,0.013753794226776745,1.622160719385815,302.16843487694683,133.88728231683965,1.5721195289944696,922.651759628719,922.674670108954,297.6129164155057,922.1847618738103,1.521002101230983,255.66760218439526,1.5208674283126868,297.91159044821563,128.53786300959797,280.84628418660014,128.65873932724278,1.4221824752054113,1.4213542151362402,282.2224515098064,227.2435494223625,260.5504584811406,1.4212206209798781,9.741631749064975,279.23973472318113,51.44324194952284,186.24457874365075,51.367932365674726,1.2616921169490714,1.421374988092185,185.38892341627792,138.02495192806427,194.67071906756718,1.2613573868764256,9.778654936496988,184.1492161758247,133.10199373876526,0.017906680431319315,0.0052368116082933186
1.6221371747445246,337.5200279196703,146.2428217621511,1.5723172236137704,934.4561817708598,935.1150406236557,333.672659484566,935.1150406236541,1.5214490924436035,352.3907732944552,1.5212916531376006,333.672659484566,189.77050814338727,318.8614219496326,189.77050861239536,1.4268476269137214,1.425621159200937,318.8614219496326,274.8807978838537,311.3134126615556,1.425375313784426,13.93010651310178,316.57505442133674,70.26660012634352,242.9973194469871,70.2666001233311,1.267316936458774,1.425621159200937,242.9973194469871,155.00039606730837,174.28257161344368,1.2668432384062753,15.228401789324387,242.13786816480584,104.68883632897683,0.030800699850139855,0.013752179921939755,1.622160738129625,302.1589784347451,133.8869821857349,1.5721194615182184,922.6499973534432,922.6732190703269,297.6032496922883,922.1831012777751,1.521001855979959,255.64245468390365,1.520867172732007,297.9020309628152,128.5381392593378,280.83220869164006,128.6592567102257,1.4221815603298653,1.4213533472574897,282.20897400981244,227.24904066390081,260.56000430470726,1.4212197913666944,9.740853970499106,279.2259309219601,51.443155524354246,186.236969994319,51.36780272792284,1.261690865524435,1.4213741500608394,185.3810018403821,138.0146374432398,194.65703943572333,1.2613561976494887,9.777505408390873,184.14170964203035,133.10293255738594,0.017909189926470812,0.005236367402955197
1.6221371747717603,337.52002770881404,146.24281776913028,1.5723172236381342,934.456180929667,935.1150396071658,333.6726592751291,935.1150396071647,1.5214490796022857,352.3907717354445,1.5212916402952197,333.6726592751291,189.80467113899064,318.85286294376226,189.80467159709036,1.426848255490809,1.4256217344990696,318.85286294376226,274.9162896239959,311.3531611798926,1.425375880610357,13.930677900342747,316.56624896438086,70.2685003721822,242.99490538246758,70.26850036920652,1.2673165188086402,1.4256217344990696,242.99490538246758,155.00039208781462,174.2795142941588,1.266842830502896,15.227990820911087,242.13560094991055,104.6703231935634,0.030798272441085798,0.013750601166810249,1.6221607564107796,302.14973831638457,133.88669683941364,1.572119395364377,922.6482812188207,922.6718030970751,297.59380301550055,922.1814815913456,1.521001616060479,255.6178906726131,1.520866922517656,297.8926943092423,128.5384084857792,280.8184631826977,128.65976238771123,1.4221806672855484,1.4213524995911924,282.19581477044477,227.25440391812035,260.5693277133439,1.421218981552856,9.740094997710605,279.2124524117813,51.44307033383091,186.22953683151025,51.367676176784094,1.2616896428772024,1.4213733317183082,185.37326190571702,138.00456824642822,194.64368298277003,1.2613550357905015,9.776383065071053,184.13437610649828,133.1038505793916,0.017911650540884918,0.005235925953465929
1.6221371747963684,337.5200275182667,146.24281416030672,1.5723172236622966,934.4561801694316,935.1150386885006,333.6726590858728,935.1150386884998,1.5214490670022869,352.3907703265202,1.5212916276941573,333.6726590858728,189.83803640737761,318.844515905177,189.8380368548078,1.4268488701769169,1.4256222970681098,318.844515905177,274.9509494883314,311.39196606378897,1.425376434889804,13.931236652936274,316.5576619350014,70.27038147323017,242.99251145121394,70.27038147029181,1.267316108439276,1.4256222970681098,242.99251145121394,155.0003881568554,174.2765654685479,1.266842429735253,15.227586983274865,242.13334889133546,104.65182968660226,0.03079589460562675,0.0137490572606683,1.6221607742431718,302.1407173312658,133.8864144500491,1.5721193308996648,922.6466037828108,922.6704221891987,297.58458334863707,922.1798961354024,1.5210013822697832,255.59391015052364,1.5208666787577372,297.88357770209905,128.5386706889221,280.80504598471714,128.66025401859994,1.422179795167539,1.4213516720326203,282.18296876653557,227.25963759563612,260.57842195014126,1.4212181906102683,9.739353766221507,279.1992958217531,51.442986995275476,186.22228127346048,51.36755147761323,1.2616884491381795,1.4213725326456805,185.3657076487545,137.99472947168934,194.63063041444516,1.2613539014912953,9.775286764319613,184.1272155692285,133.10473740647473,0.017914062254318207,0.00523548943348946
1.6221371748121707,337.5200273460645,146.24281089871533,1.5723172236838667,934.4561794823654,935.1150378582345,333.6726589148341,935.1150378582333,1.5214490552937239,352.39076905318376,1.5212916159859438,333.6726589148341,189.87062158860022,318.8363755732215,189.8706220255953,1.4268494712422142,1.4256228471564023,318.8363755732215,274.98479601948003,311.42984891708477,1.4253769768677886,13.931783017025356,316.5492878959128,70.27224443652554,242.9901396698162,70.27224443362226,1.2673157054149853,1.4256228471564023,242.9901396698162,155.00038465987336,174.27372107840492,1.2668420361627035,15.227190338413132,242.1311141818946,104.63335678123707,0.030793565320030546,0.013747547498329248,1.6221607928786121,302.1320138084075,133.88590733197557,1.57211926820187,922.6447462494119,922.6688993500412,297.5756756463321,922.1782071531102,1.5210011477815022,255.5705263787534,1.5208664352451147,297.8747897719014,128.53890831052036,280.79194537230694,128.66070936244688,1.4221789452201044,1.4213508658385066,282.1704158974137,227.26471434229566,260.58719635989996,1.4212174194670255,9.738632404987744,279.1864459828631,51.4428690866526,186.21522552076448,51.36739159105258,1.2616872883623644,1.4213717527382284,185.3583733795047,137.98506165526248,194.61775631804488,1.2613527975653978,9.774217876798051,184.12026779993644,133.10570444907293,0.01791620886891657,0.005235213841238525
1.6221371750148066,337.52002702403456,146.24280980467745,1.5723172236534078,934.4561782719568,935.1150362355031,333.6726586392894,935.1150362336804,1.5214490427379008,352.3907666851894,1.5212916034278485,333.6726586392894,189.9024452372534,318.82842875804056,189.90244570354707,1.4268500584643524,1.4256233845644213,318.82842875804056,275.01785075459367,311.46683514329897,1.4253775063495482,13.932316771199439,316.5411132726482,70.27408584432047,242.98777348316258,70.27408584117717,1.2673153077312846,1.4256233845644213,242.98777348316258,155.00038003883628,174.27098135753772,1.2668416478443967,15.226798909714343,242.1288803044423,104.61490332630072,0.030791278672065554,0.013746069333865255,1.6221608112222876,302.12357436919956,133.88531150520114,1.5721192069598375,922.6428321565025,922.6673397757285,297.5670311641234,922.1764922892306,1.5210009133430487,255.54771725543884,1.5208661918808697,297.86626645449894,128.5391295444222,280.7791445949078,128.66114012474938,1.4221781145022496,1.4213500780764743,282.1581494628554,227.2696558448391,260.595700493288,1.4212166654419667,9.737928785053382,279.1738927824365,51.44273512764127,186.20834535459153,51.36721565410359,1.2616861566255657,1.4213709899013975,185.35122882442926,137.97559205137128,194.60511375279006,1.2613517210713938,9.773174232292332,184.1135049598213,133.10669080281366,0.017918204649977457,0.00523502305510148
1.6221371767424486,337.52002532073345,146.2427866249982,1.5723172238930276,934.456171399964,935.1150278187511,333.67265705841163,935.1150278187298,1.521449031075286,352.3907538230136,1.5212915917661267,333.67265705841163,189.93352183680054,318.8206864361979,189.93352229451665,1.4268506337198765,1.4256239110589206,318.8206864361979,275.05012485004943,311.50293651452444,1.4253780250825332,13.932839070651237,316.53314932756496,70.27591513201159,242.98545236217387,70.27591512888631,1.2673149208990306,1.4256239110589206,242.98545236217387,155.0003760125636,174.26833459020037,1.2668412701453131,15.22641698672178,242.12668713597347,104.59647416722686,0.030789042688514654,0.013744625068831557,1.6221608340994338,302.11535687263387,133.8845441749383,1.572119148518203,922.6408138750211,922.6656315910155,297.5585969794519,922.1746112822586,1.5210006936535394,255.52539879349786,1.5208659649865555,297.85796596892396,128.53934492557528,280.7666218767926,128.66156620485296,1.4221773031270901,1.421349309479618,282.14613261163043,227.27448724064507,260.6040227532016,1.4212159293600644,9.737240422636509,279.1616261077984,51.442600551307315,186.2016549025929,51.36704342109037,1.2616850568055238,1.4213702451824648,185.3442881111794,137.96631818235903,194.59277507216365,1.261350674183373,9.77215925745619,184.10691909494,133.10767270013685,0.017920137205246323,0.005234797490718524
1.6221371754938585,337.5200268786415,146.24280090618635,1.5723172237591843,934.456177419217,935.1150353198435,333.67265846138355,935.1150353198443,1.5214490191553698,352.39076531903754,1.5212915798430844,333.67265846138355,189.96386939744053,318.81314054891914,189.96386984443882,1.4268511951909442,1.4256244248144918,318.81314054891914,275.0816379579767,311.5381763236096,1.425378531240558,13.933350007516943,316.5253876119518,70.2777295095781,242.98316109794985,70.27772950648726,1.2673145395616325,1.4256244248144918,242.98316109794985,155.00037279492017,174.26578146065248,1.2668408977703414,15.226042651532602,242.12451949752295,104.578068447518,0.030786853214564546,0.013743213385322044,1.622160848616821,302.1072938930976,133.88409767447706,1.572119089332018,922.6390977403986,922.6642740600561,297.550349416436,922.1731226735453,1.5210004662407655,255.50369918373985,1.5208657284476874,297.8498270364239,128.5395556245294,280.7544475703104,128.66197589726022,1.4221765131306987,1.421348559629026,282.13447757248576,227.27919098373962,260.61211809357906,1.421215212046291,9.73657157564898,279.1496762969734,51.44247585213547,186.195087562984,51.36687550933555,1.2616839764756322,1.4213695190003415,185.33746647384746,137.95733915449358,194.58075957042777,1.2613496468621572,9.771163814546334,184.10046248163397,133.10860409139502,0.01792204659086462,0.005234633351180926
1.6221371749275342,337.5200268089824,146.2428006461783,1.5723172237738796,934.4561773287653,935.1150352533731,333.6726583817529,935.1150352533732,1.5214490076152942,352.390765064291,1.5212915683019133,333.6726583817529,189.99350396562076,318.80577864679674,189.99350440213834,1.4268517444814393,1.4256249274655592,318.80577864679674,275.11240900725136,311.57257685886225,1.425379026464208,13.93384929383823,316.51781552548414,70.27952929302313,242.98089735907956,70.27952928996329,1.2673141666204695,1.4256249274655592,242.98089735907956,155.00036915080014,174.26331749845588,1.2668405336317932,15.225675466101652,242.12237524641392,104.5596868291668,0.030784708841386354,0.013741833307097101,1.6221608658267817,302.09948095020906,133.8835890779252,1.5721190340130493,922.6373146274084,922.662823021429,297.54234000493574,922.1715363827122,1.5210002486440117,255.48256096131922,1.520865502888773,297.84193043353633,128.53976866458302,280.74256807367146,128.66238324856803,1.4221757439475,1.4213478299908875,282.123103942737,227.28378321892836,260.62002198819386,1.4212145137068903,9.735919050656904,279.1380231246117,51.442352387608906,186.18870590107764,51.36671068419387,1.2616829298283836,1.421368812716488,185.33083656892575,137.94860045932762,194.569081718279,1.2613486508734073,9.770197041306059,184.09418284356178,133.1095518228507,0.01792385096771332,0.005234463238482181
1.6221371749037514,337.52002670647846,146.24279878843288,1.5723172237992626,934.456176931677,935.1150347756932,333.67265827957607,935.1150347756927,1.5214489963702382,352.39076432520227,1.5212915570558225,333.67265827957607,190.02244146940876,318.79859837782686,190.02244189567966,1.4268522814242046,1.4256254188071011,318.79859837782686,275.14245407114095,311.60615719107886,1.4253795105421192,13.934337345447135,316.5104305213358,70.28131523830457,242.97866348315324,70.28131523527607,1.2673138011351557,1.4256254188071011,242.97866348315324,155.00036552230685,174.26093985126516,1.2668401767821416,15.225315589500799,242.12025684869937,104.5413300690352,0.03078260830747335,0.013740483970739252,1.6221608833201708,302.09188152176114,133.88311448637535,1.5721189811610976,922.6355687246224,922.6614070481772,297.5345394982738,922.1699851572555,1.5210000365781122,255.4619708651178,1.520865283240239,297.83423995008917,128.53998053408688,280.7309800367639,128.66278357657743,1.4221749945594568,1.4213471188895581,282.112011722384,227.28826139483007,260.6277276801369,1.4212138332075244,9.735283202486265,279.12665984893016,51.44222892308234,186.1824877162789,51.366546476374815,1.2616819126125705,1.4213681243410776,185.3243701411117,137.9401318287415,194.5577463392829,1.261347682316551,9.769256539077745,184.0880583073799,133.1104980688339,0.017925568676119826,0.00523430291368285
1.622137174913473,337.52002661272775,146.24279701221747,1.5723172238227958,934.456176557328,935.1150343234202,333.6726581864084,935.115034323419,1.5214489853580768,352.39076363162053,1.5212915460426402,333.6726581864084,190.05069759262514,318.7915954792153,190.05069800887736,1.4268528062691237,1.4256258990675752,318.7915954792153,275.1717895332512,311.6389360713888,1.4253799836994339,13.93481439640598,316.50322819977976,70.28308806894,242.97646084621005,70.28308806594015,1.2673134431543365,1.4256258990675752,242.97646084621005,155.0003619305341,174.2586453554763,1.266839827266784,15.224963051724384,242.11816581896147,104.52299888835292,0.030780550478545107,0.013739164625614203,1.6221609005176272,302.0844562761464,133.88265320113064,1.5721189293981894,922.633861520449,922.6600161216221,297.5269200424716,922.1684698320649,1.5209998294700502,255.44185816917178,1.5208650686365486,297.8267277321041,128.5401853802923,280.71966168386075,128.66317454018892,1.422174262591151,1.421346424439939,282.10117746064395,227.29263554966582,260.635257692439,1.42121316838264,9.734661724768145,279.11555613190404,51.4421079278463,186.17641080799297,51.3663853551689,1.2616809192035185,1.4213674520937385,185.31805508098992,137.93187627663121,194.54668107995647,1.261346736587634,9.768337967433332,184.0820749536879,133.11141906178455,0.017927249801470646,0.0052341382462044415
1.622137174924282,337.5200265278136,146.24279540095245,1.572317223845803,934.4561762180323,935.1150339133676,333.6726581020687,935.1150339133671,1.5214489745732336,352.3907630030079,1.5212915352567877,333.6726581020687,190.07828768795756,318.78476570038316,190.07828809441668,1.4268533192704758,1.4256263684803465,318.78476570038316,275.20043144876615,311.67093193081223,1.4253804461662778,13.935280676664274,316.4962041729923,70.2848484720613,242.9742906856139,70.28484846908898,1.26731309269222,1.4256263684803465,242.9742906856139,155.00035837949343,174.25643096269164,1.2668394850971607,15.224617870258639,242.11610352812818,104.50469397167137,0.030778534364964805,0.013737874567380947,1.62216091716073,302.0772080227654,133.8822037437127,1.5721188789243532,922.6322019453371,922.6586669395615,297.5194774594326,922.1669887373608,1.5209996274443947,255.42221845310846,1.520864859275539,297.8193965649788,128.5403878853982,280.708611339906,128.6635573099523,1.4221735481556976,1.421345746537302,282.09060450762854,227.29690555795787,260.6426080835697,1.4212125196447234,9.734055504567511,279.1047187153166,51.44199063654606,186.17048324916342,51.36622917254401,1.2616799496012276,1.4213667960791985,185.3118913885604,137.92382389236997,194.53590523456185,1.261345813494825,9.767441440594611,184.07623278248585,133.1123237145377,0.01792889015719265,0.005233977387927398
1.6221371749341627,337.52002645107314,146.24279394434194,1.572317223868227,934.4561759113426,935.115033542703,333.67265802582926,935.1150335427018,1.521448964009691,352.3907624347749,1.5212915246922494,333.67265802582926,190.10522678508426,318.77810484229684,190.10522718197,1.4268538206754302,1.4256268272721986,318.77810484229684,275.2283955435362,311.70216286024015,1.4253808981662748,13.935736411297306,316.48935410514974,70.28659709957947,242.97215407948875,70.28659709663319,1.2673127497486707,1.4256268272721986,242.97215407948875,155.00035487215325,174.2542937487558,1.2668391502709415,15.224280047141603,242.1140711828049,104.48641596777752,0.030776559049609,0.013736613114877843,1.6221609334634406,302.070131142817,133.88177498499164,1.5721188296506874,922.6305855340621,922.6573561624357,297.51221871265125,922.1655560662716,1.5209994301025254,255.40306055767329,1.5208646549346432,297.8122380925198,128.54058453775536,280.6978306799556,128.66393071531778,1.422172851026866,1.4213450850769198,282.0802861631142,227.30107384560964,260.64978392121105,1.4212118865812886,9.733463654819396,279.09414591372206,51.44187519721371,186.16469898508257,51.366074841887006,1.2616790030862628,1.4213661558785466,185.3058750273514,137.91595237704755,194.52537056744376,1.2613449123986857,9.766566387452626,184.07052980528792,133.11319717236833,0.017930490567390427,0.005233819251670008
1.6221371749431022,337.5200263817095,146.2427926278615,1.572317223890137,934.4561756341668,935.115033207698,333.6726579569289,935.115033207698,1.5214489536619524,352.3907619212197,1.5212915143435275,333.6726579569289,190.13152959996967,318.77160877103404,190.1315299874976,1.426854310724901,1.4256272756641812,318.77160877103404,275.2556972208399,311.7326465866393,1.425381339917398,13.936181819961035,316.4826737280482,70.2883345694035,242.97005197603863,70.28833456648036,1.267312414313126,1.4256272756641812,242.97005197603863,155.00035141007118,174.2522309044287,1.2668388227758078,15.223949573094252,242.11206985494235,104.46816549079989,0.030774623650969293,0.013735379603787849,1.6221609493493443,302.0632256363013,133.881352140184,1.5721187815883049,922.6290063329915,922.6560721017864,297.50512987513844,922.1641542861092,1.52099923729496,255.38435796062987,1.5208644552181874,297.80524952932933,128.54077767846331,280.6873046285062,128.66429475628536,1.422172170299735,1.4213444390115149,282.07021070170936,227.30514321495784,260.6567897099692,1.4212112683673623,9.732885998110802,279.0838191872164,51.44176346181717,186.1590499428068,51.36592606713365,1.2616780792008018,1.4213655305492334,185.29999994265518,137.90827411894736,194.51509154929877,1.26134403285161,9.765712236898421,184.0649680105799,133.11405429000146,0.01793205519832654,0.005233663293786654
1.6221371749511864,337.5200263190058,146.24279143805074,1.572317223911618,934.4561753836686,935.1150329049383,333.6726578946356,935.1150329049378,1.5214489435254015,352.3907614570494,1.5212915042060073,333.6726578946356,190.15721054249826,318.76527343109154,190.15721092088026,1.426854789654642,1.4256277138726252,318.76527343109154,275.28235156562215,311.7624004654186,1.425381771632971,13.936617117483507,316.4761588549959,70.2900614667146,242.96798521017195,70.29006146381619,1.2673120863661194,1.4256277138726252,242.96798521017195,155.00034799412254,174.25023973008746,1.2668385025909052,15.223626429750727,242.1101004985511,104.44994312133352,0.030772727308558453,0.013734173384315145,1.6221609648559536,302.0564830750167,133.88093151309386,1.5721187346927548,922.6274658305333,922.6548214367327,297.49821094689406,922.1627850666533,1.5209990494452321,255.36610624160545,1.5208642607196827,297.79843087540735,128.54096496642254,280.6770248102781,128.66465060340482,1.422171506200535,1.42134380865527,282.0603797984699,227.3091145025209,260.66362770214715,1.4212106652091883,9.732322179615746,279.0737419066914,51.44165357838852,186.15353612233613,51.36577914434818,1.2616771779448444,1.4213649206148973,185.29427017094352,137.90079407338285,194.50507782725796,1.2613431747896533,9.764878646266624,184.05953745593288,133.11489209649204,0.017933581534204476,0.00523350897069971
1.6221371749570865,337.52002626775425,146.24279046542574,1.572317223930619,934.456175178906,935.1150326574418,333.6726578437301,935.115032657442,1.5214489335960137,352.39076107764174,1.521291494275664,333.6726578437301,190.18228372292288,318.75909485379884,190.1822840923645,1.4268552576957618,1.4256281421095913,318.75909485379884,275.30837334858495,311.7914414801755,1.4253821935221036,13.937042514452603,316.46980538952494,70.29177834528532,242.96595451127627,70.29177834240824,1.2673117658798598,1.4256281421095913,242.96595451127627,155.00034495980432,174.2483176312154,1.266838189687389,15.22331059059523,242.10816395782362,104.43174940754693,0.030770869177383794,0.013732993819994503,1.6221609799652068,302.0498922213609,133.8805264100264,1.5721186888862482,922.6259610498713,922.653600827715,297.4914493936279,922.1614517474636,1.5209988657561015,255.34825677649997,1.5208640703262957,297.7917626329689,128.54114757218278,280.6669878751596,128.66499591557667,1.4221708570325382,1.4213431930656364,282.050768327557,227.31299297836492,260.67030578080585,1.4212100759724287,9.73177113485626,279.0638972176887,51.441546164250404,186.1481474324911,51.365637160143734,1.2616762974216982,1.4213643246093501,185.2886675480934,137.89348994144376,194.4953004599281,1.2613423364863334,9.76406447333932,184.05422819891808,133.11571059184016,0.017935072071835985,0.00523335410879615
1.6221371748655309,337.5200261515826,146.24278859314947,1.5723172239236907,934.4561747090768,935.1150320554912,333.6726577451416,935.1150320551744,1.521448923776267,352.39076017620795,1.5212914844549958,333.6726577451416,190.2067632843237,318.7530668871592,190.20676365529445,1.4268557149061003,1.4256285604267773,318.7530668871592,275.3337779526346,311.81978744714115,1.4253826056358698,13.937458087322273,316.46360699915624,70.29348255201076,242.96394667217237,70.29348254907613,1.2673114513038515,1.4256285604267773,242.96394667217237,155.0003408372226,174.24646511615884,1.2668378825655142,15.223000483731596,242.106247044621,104.41358380339909,0.030769044990192652,0.013731839090097401,1.622160994754908,302.0434643129362,133.88012500315477,1.5721186442021233,922.6244860373727,922.6524035956141,297.48485217883444,922.1601401354117,1.52099868670093,255.33084492829528,1.5208638847057265,297.78526151440116,128.54132549574402,280.65718712292687,128.66533303390037,1.4221702234744358,1.421342591614247,282.041391364474,227.31677906074904,260.6768267613241,1.4212095004508403,9.73123357348432,279.05428680565427,51.44144121940282,186.14288992797935,51.36549641058455,1.2616754382853952,1.4213637426373198,185.28320216528425,137.88636420078672,194.48575944730925,1.2613415186450319,9.763269832338302,184.0490501819643,133.11650977604572,0.017936530980302384,0.005233197621422324
1.6221371748564712,337.52002611127995,146.2427880614152,1.5723172239714684,934.4561745895269,935.1150319093708,333.672657692767,935.1150319090559,1.521448914399566,352.39075993826054,1.521291475077416,333.672657692767,190.23066220739537,318.74719128520803,190.23066256958168,1.4268561619339621,1.4256289694224278,318.74719128520803,275.35857752765867,311.8474517122527,1.4253830085639256,13.937864360692664,316.45756544454287,70.29518111767773,242.96199279065527,70.29518111476264,1.2673111460892834,1.4256289694224278,242.96199279065527,155.00033790880246,174.24467424552773,1.266837584560336,15.222699557946306,242.10438111789688,104.39544883011108,0.0307672603245039,0.013730710484555151,1.6221610090694494,302.03718530273983,133.87973912030583,1.5721186006181547,922.6230541887111,922.651238089329,297.47841233901926,922.1588694329654,1.5209985116568732,255.31385301550046,1.5208637034870307,297.7789163781127,128.5414987371063,280.64762255357994,128.66566312892564,1.4221696052999973,1.4213420051389238,282.0322405339412,227.32047454818795,260.6831889544746,1.4212089391600313,9.73070878584795,279.04490898514223,51.44133874384577,186.13775755409324,51.36535936496113,1.261674599489484,1.4213631749082614,185.27786594957254,137.8794168514118,194.4764403187048,1.261340720242648,9.762494380598199,184.04399545112847,133.11729113458128,0.01793795323783194,0.005233046572076255
1.6221371748570053,337.5200260679186,146.24278728581584,1.5723172239877412,934.4561744250047,935.1150317110712,333.67265764949934,935.1150317107553,1.5214489050470732,352.3907596296892,1.52129146572401,333.67265764949934,190.25399389832015,318.74146064489685,190.25399425192427,1.4268565986936155,1.4256293690148754,318.74146064489685,275.3827870788248,311.87445204251867,1.4253834022258052,13.93826131322018,316.45167313090883,70.29687114754014,242.9600753491399,70.29687114464667,1.2673108479231248,1.4256293690148754,242.9600753491399,155.00033474828945,174.24294496843999,1.2668372934286185,15.222405622170143,242.102548715771,104.37734400353548,0.030765512254403292,0.013729607029135355,1.6221610231186234,302.0310580001724,133.8793635868053,1.572118557967652,922.6216602944579,922.6501093181992,297.47212291068763,922.1576321261156,1.520998340873069,255.29726335662454,1.5208635265960193,297.77271608251203,128.54166846681935,280.638290817007,128.6659850301028,1.4221690017174164,1.421341432382934,282.02331081079086,227.32408123919618,260.68940136946964,1.421208390965664,9.730196594534158,279.0357553289235,51.44123935490188,186.13274829259683,51.36522602327347,1.2616737810993683,1.4213626204796257,185.27265890095822,137.8726355050355,194.46736236837683,1.2613399410234065,9.761737547010052,184.03906201792483,133.11805169650182,0.017939343014371213,0.005232894440451243
1.6221371748613365,337.52002602944015,146.24278656941237,1.5723172240084642,934.456174273736,935.1150315281445,333.6726576112843,935.1150315278279,1.5214488958970755,352.39075934819107,1.5212914565731142,333.6726576112843,190.2767713480319,318.7358715632838,190.27677169324653,1.42685702543282,1.4256297594325886,318.7358715632838,275.4064201351862,311.9008039454459,1.4253837868469386,13.938649156106319,316.44592653844444,70.29855308182661,242.95819535742626,70.2985530789513,1.2673105569716707,1.4256297594325886,242.95819535742626,155.00033159968538,174.24127526815462,1.2668370093336745,15.222118724771416,242.1007509359125,104.35926974568463,0.03076379929096725,0.013728527986555248,1.622161036374475,302.0250824052339,133.87902501526352,1.5721185160394742,922.6203058430212,922.6490222915636,297.4659866792374,922.1564432428808,1.5209981739259832,255.28110689427672,1.5208633537853962,297.7666634129971,128.54183468488316,280.629166787369,128.66629756688206,1.4221684121611176,1.421340872927367,282.01457036896034,227.3276062860063,260.69547639397626,1.4212078551458875,9.729695757651985,279.02679549897346,51.44114181792589,186.12786012525424,51.36509638552159,1.2616729823302097,1.4213620791419568,185.26756487355414,137.8660275946279,194.45848700780115,1.2613391808594197,9.760998760464906,184.03424192841024,133.11879146180738,0.017940689436955645,0.005232734163702154
1.6221371748654365,337.52002599531374,146.24278592081416,1.5723172240285141,934.456174137115,935.1150313629159,333.6726575773914,935.1150313625985,1.5214488869440768,352.39075909508165,1.5212914476192325,333.6726575773914,190.29900726337337,318.7304206339315,190.2990076003926,1.426857442368962,1.4256301408747116,318.7304206339315,275.42948995427844,311.92652256244185,1.4253841626236137,13.939028088775562,316.4403221514638,70.30022733693887,242.95635338243088,70.30022733408268,1.2673102731990724,1.4256301408747116,242.95635338243088,155.00032848666524,174.23966304380366,1.2668367322386485,15.221838849871272,242.0989884389396,104.34122645460738,0.03076212047666494,0.013727472694852453,1.6221610490898668,302.0192613273248,133.8787160132887,1.5721184748669592,922.6189886017888,922.6479636511843,297.45999946657184,922.1552877552424,1.520998010516651,255.26537036733873,1.520863184931513,297.7607597622669,128.5419973912977,280.62025883994573,128.6666030803629,1.4221678365179855,1.42134032687695,282.006034283953,227.3310492703591,260.70141796952487,1.4212073322163097,9.729206630027418,279.0180412934128,51.441048602208326,186.12308901559368,51.364972303673355,1.2616722033128143,1.421361550895255,185.2625879038321,137.85957577659212,194.4498094134122,1.261338439558856,9.760278135184553,184.0295391595563,133.1195074595529,0.017942000018551715,0.005232571175432579
1.6221371748691698,337.5200259644814,146.24278533455413,1.5723172240479757,934.456174013647,935.1150312135786,333.6726575467655,935.1150312132609,1.5214488781819564,352.3907588663305,1.5212914388562448,333.6726575467655,190.3207140756303,318.72510448641174,190.32071440464222,1.4268578497153612,1.425630513536965,318.72510448641174,275.4520095165549,311.95162271809465,1.4253845297487997,13.939398303884245,316.4348564928307,70.30189430625896,242.95454973698565,70.30189430341906,1.2673099965489347,1.425630513536965,242.95454973698565,155.00032541809566,174.2381062673254,1.2668364620872012,15.221565949147475,242.09726162851106,104.32321450341749,0.0307604750081335,0.013726440539700844,1.6221610615037683,302.01356667243977,133.87841292522728,1.5721184346612482,922.6177048497404,922.6469384064006,297.4541487384006,922.1541656632005,1.520997851517054,255.24999631096506,1.5208630205042328,297.75498702523527,128.54215307441382,280.61155859945745,128.66689922944587,1.4221672745617895,1.421339793603317,281.99769920565694,227.33440960669165,260.7072165238273,1.4212068211457145,9.728728856834469,279.0094927122415,51.44095538649077,186.11843092714335,51.36484945647038,1.2616714423466993,1.4213610347969707,185.25772799179205,137.8532726179581,194.4413440559066,1.2613377156510082,9.759574300507499,184.02494575741989,133.12020414615588,0.01794327893089079,0.005232407648970908
1.6221371748725497,337.5200259365962,146.24278480470397,1.5723172240669874,934.4561739020604,935.1150310786072,333.67265751907007,935.1150310782896,1.5214488696059805,352.3907586595577,1.5212914302794172,333.67265751907007,190.34190394811057,318.71991981036297,190.34190426929655,1.4268582476790108,1.425630877609187,318.71991981036297,275.47399152609137,311.97611891930774,1.4253848884096567,13.939759989298306,316.42952614796127,70.30355436115724,242.9527845833533,70.30355435833448,1.2673097269512907,1.425630877609187,242.9527845833533,155.00032239812046,174.23660298683876,1.2668361988100032,15.221299957378864,242.09557075475266,104.30523424087383,0.030758862132725353,0.013725430939214404,1.6221610735105882,302.00801248758154,133.87812018651428,1.5721183954112286,922.6164516100595,922.6459382083136,297.4484386728205,922.1530686178559,1.5209976961050375,255.23500240664663,1.5208628598605853,297.7493577361927,128.54230641643042,280.6030694160161,128.66718835523042,1.4221667259531845,1.4213392732111956,281.98956178396037,227.3376892608223,260.7128754353383,1.4212063227590748,9.728262615486134,279.00114807001376,51.44086402274111,186.11388585990326,51.36472969588054,1.2616706998896872,1.421360531161287,185.25298513743405,137.84713298466602,194.43308611171878,1.2613370090719322,9.758887484877327,184.02046172200102,133.12088300708888,0.017944528675122296,0.005232247387131609
1.6221371748756046,337.5200259113917,146.24278432583662,1.5723172240856063,934.4561738012208,935.1150309566299,333.6726574940321,935.1150309563109,1.5214488612121273,352.39075847267753,1.5212914218847275,333.6726574940321,190.36258878242205,318.71486336424266,190.3625890959624,1.4268586364620084,1.4256312332766994,318.71486336424266,275.49544841433055,312.00002535612464,1.425385238788885,13.94011332876488,316.4243277736717,70.30520785197493,242.95105797725404,70.30520784916706,1.2673094643267246,1.4256312332766994,242.95105797725404,155.0003194289,174.23515132472878,1.2668359423286568,15.221040798873098,242.09391595819295,104.28728599217943,0.03075728111954205,0.013724443335258954,1.622161085314562,302.00259315394896,133.87783188323633,1.5721183572058017,922.6152303711542,922.6449613871434,297.44286926983153,922.1519966192087,1.5209975442556887,255.22036213214702,1.5208627028027337,297.7438649316444,128.5424562467978,280.594781239286,128.66747045771658,1.422166190579055,1.4213387652816745,281.9816220188633,227.3408906168285,260.7183969563608,1.4212058360251747,9.727807728569417,278.99300568128376,51.44077636292724,186.1094497774016,51.36461240458122,1.2616699756147618,1.4213600396740207,185.2483573225222,137.84113210014888,194.42503075728325,1.2613363200134597,9.758217574072242,184.01608904178545,133.12154849876936,0.017945750081174355,0.005232091476086835
1.6221371749952005,337.5200259605583,146.24278412177156,1.572317224089569,934.4561738516596,935.1150310607679,333.6726575342476,935.1150310607691,1.5214488532698363,352.39075866193457,1.5212914139413591,333.6726575342476,190.38278038946686,318.70993083442073,190.38278070137608,1.4268590172676365,1.4256315817330505,318.70993083442073,275.51639281285395,312.023356591224,1.4253855820786856,13.940458434166137,316.4192569353473,70.30685208984292,242.94935646586464,70.30685208700274,1.267309208861463,1.4256315817330505,242.94935646586464,155.00031535022248,174.2337510123679,1.2668356928828528,15.220786806364183,242.0922838602639,104.26936919447988,0.030755728678497844,0.013723476340771947,1.6221610968642837,301.9973058621416,133.87755540778517,1.572118319856052,922.6140366678002,922.6440046033307,297.4374307805412,922.1509521719287,1.5209973961932308,255.20608432821172,1.5208625496521628,297.7385072188916,128.5426037360657,280.5866940692673,128.6677455369043,1.4221656681000558,1.4213382696052987,281.97387321014196,227.34401325645106,260.7237844653495,1.4212053610471356,9.72736384125833,278.9850588042683,51.44068932043601,186.1051186431666,51.364498817217665,1.2616692686062785,1.4213595598115332,185.24384252882055,137.83527739737679,194.41715387477234,1.2613356471327706,9.757563197430756,184.0118177743443,133.1221946793073,0.01794694063497612,0.005231939372227734
1.622137175008813,337.5200259143636,146.24278393169143,1.5723172241351377,934.4561738003954,935.1150309902887,333.6726574925368,935.1150309902887,1.521448844987145,352.39075850660095,1.5212914056580664,333.6726574925368,190.40248992601653,318.70512175012084,190.40249023048705,1.4268593872205,1.4256319200705811,318.70512175012084,275.5368356831927,312.0461245998314,1.425385915365939,13.940795641724236,316.4143131063971,70.30849358057363,242.94770915330972,70.30849357774939,1.2673089585644108,1.4256319200705811,242.94770915330972,155.0003134952009,174.23239890315682,1.26683544836642,15.220541477333317,242.09070355861041,104.25148574796003,0.03075420816250515,0.013722530521125754,1.6221611080319323,301.9921449933583,133.87728262852988,1.572118283373092,922.6128742210177,922.6430762057742,297.4321245976485,922.1499361109056,1.5209972514193888,255.19213805223157,1.5208624001615765,297.7332720636439,128.5427465431346,280.57880790595993,128.66801359279364,1.4221651582899562,1.4213377859726126,281.96631535779636,227.34706090219697,260.72904246691064,1.4212048978249578,9.726930598726884,278.9773057535214,51.44060536455794,186.10089245719826,51.36438646449936,1.2616685787988342,1.4213590918880075,185.23943268338556,137.8295837422899,194.40948922914475,1.2613349908774714,9.756925382948985,184.0076499081634,133.1228260051203,0.017948106183391033,0.0052317850999734255
1.6221371750042395,337.52002590707906,146.24278358647058,1.5723172241423886,934.4561737320175,935.1150309082448,333.6726574853752,935.115030908245,1.5214488371143133,352.3907583988792,1.5212913977844322,333.6726574853752,190.42172856535046,318.7004317049059,190.4217288625544,1.4268597496577022,1.4256322516199298,318.7004317049059,275.5567890685331,312.0683435242164,1.425386241980517,13.941125034818036,316.40949178092814,70.31012943464896,242.94609951991112,70.3101294318368,1.2673087165149202,1.4256322516199298,242.94609951991112,155.0003107703805,174.2310917598059,1.2668352119295356,15.220302545895347,242.0891587890837,104.23363519225313,0.030752718655816608,0.013721605470999348,1.622161118982841,301.98710492879803,133.87702019862303,1.5721182478347107,922.6117378213783,922.6421678455748,297.42694515035765,922.1489409221304,1.5209971106815754,255.1785277245793,1.5208622544051635,297.7281636439981,128.54288349745477,280.5711043237486,128.66827462538456,1.4221646606962957,1.4213373138599776,281.95893338632317,227.35003618909928,260.7341788441049,1.421204445327425,9.726507646149095,278.9697347309226,51.440522026002505,186.09676920126063,51.36427781571683,1.2616679054075906,1.4213586350656218,185.23512980445312,137.82401149238115,194.40201270257285,1.2613343503523489,9.756302645743647,184.0035834547569,133.12344396168072,0.01794923668716114,0.005231637350529794
1.6221371750066251,337.52002588882885,146.2427832674036,1.5723172241597807,934.4561736643484,935.1150308264454,333.67265746724183,935.1150308264456,1.5214488294041582,352.3907582710712,1.5212913900735026,333.67265746724183,190.44050723562583,318.6958574654518,190.44050752573486,1.426860103679612,1.4256325754672683,318.6958574654518,275.57626444828634,312.0900264553152,1.4253865610063978,13.941446769321407,316.4047896181272,70.31175992811811,242.9445271396918,70.31175992531908,1.267308480974613,1.4256325754672683,242.9445271396918,155.00030804832593,174.22982931401617,1.2668349818346254,15.220069968182813,242.08764911862824,104.21581775574313,0.03075125848616865,0.013720700549337845,1.6221611296086405,301.9821856684608,133.87676146491205,1.5721182130742175,922.6106349109227,922.6412878716318,297.42188686787307,922.1479757893919,1.5209969727839305,255.1652489248822,1.5208621119625205,297.7231763891585,128.54302045177496,280.5635883478012,128.66853214632627,1.4221641749797287,1.421336853057938,281.9517323208902,227.35293970272085,260.7391890923263,1.4212040039670242,9.726094983524959,278.96235247825496,51.440442391382874,186.09274282064607,51.36417163622481,1.261667248563354,1.4213581891349207,185.2309318737873,137.8185903795308,194.39471947149107,1.2613337251737402,9.75569510003653,183.9996164256391,133.12404557804365,0.017950340502144838,0.005231493950648307
1.6221371750085458,337.52002587358476,146.2427829782788,1.572317224177225,934.4561736035548,935.1150307529041,333.6726574521017,935.1150307529042,1.521448821864357,352.3907581583243,1.5212913825329406,333.6726574521017,190.45883661714942,318.69139625671,190.45883690032363,1.4268604494630237,1.4256328917734298,318.69139625671,275.59527294294196,312.11118601806845,1.4253868726018961,13.941761018517962,316.4002037555457,70.31338532015627,242.9429921116229,70.31338531736995,1.2673082518788532,1.4256328917734298,242.9429921116229,155.0003053629087,174.22861005783108,1.2668347580173793,15.219843699760148,242.08617471519437,104.19803365420131,0.030749826709474248,0.01371981517488875,1.622161140009364,301.977384402946,133.87651012359282,1.5721181792027397,922.609555814998,922.6404229257068,297.4169525355925,922.1470323637913,1.5209968386482626,255.15228397164933,1.520861973254051,297.718311691824,128.54315272389616,280.5562516028381,128.66878147341984,1.42216370102714,1.4213364034617662,281.9447021111618,227.35577449635394,260.7440794054081,1.4212035731250252,9.7256919012025,278.95513877016873,51.44036460873113,186.08881533359047,51.3640679260233,1.2616666072196734,1.4213577539911766,185.22683283668047,137.81329067185857,194.38759024163735,1.2613331150858702,9.755101946275099,183.99574285535263,133.12463679609908,0.01795142096860747,0.005231354899971523
1.6221371750102829,337.5200258599465,146.2427827169032,1.5723172241941548,934.4561735486678,935.1150306865077,333.6726574385484,935.1150306865072,1.521448814490106,352.39075805674634,1.521291375157944,333.6726574385484,190.47672715289104,318.6870453192126,190.4767274292936,1.4268607871929186,1.4256332007081216,318.6870453192126,275.6138254383353,312.1318345701433,1.4253871769343185,13.942067948436332,316.3957313485121,70.31500585423555,242.9414942320197,70.3150058514627,1.267308029130397,1.4256332007081216,242.9414942320197,155.00030272562668,174.2274325258269,1.2668345403821855,15.219623655181147,242.08473544243103,104.18028308638901,0.03074842260640425,0.013718948817770953,1.6221611501474995,301.97269832285315,133.87626173923027,1.5721181460646991,922.6085020220121,922.6395813566987,297.4121351900214,922.1461114802181,1.5209967074025907,255.13962402413517,1.5208618375625957,297.7135598031022,128.54328031381837,280.5490890636914,128.66902260666527,1.4221632381598386,1.421335964338368,281.93783940702616,227.35853910609129,260.74885034642625,1.4212031525951854,9.72529875400771,278.94810034844727,51.440286826079394,186.08498068538614,51.36396668511231,1.2616659813111457,1.421357328901295,185.22283269313257,137.8081222799912,194.3806346601427,1.261332519321413,9.754522841793978,183.99196075541175,133.1252072175395,0.017952473900581384,0.005231217482426049
1.6221371750118623,337.52002584760066,146.24278248067705,1.5723172242106855,934.4561734990637,935.1150306264994,333.6726574262684,935.1150306264994,1.5214488072772316,352.39075796488567,1.5212913679443396,333.6726574262684,190.49418905482804,318.6828019446839,190.49418932461288,1.426861117048263,1.4256335024354265,318.6828019446839,275.63193258217893,312.1519841981397,1.4253874741654091,13.942367720943816,316.39136960552423,70.31662175901425,242.94003314989394,70.31662175625328,1.2673078126192037,1.4256335024354265,242.94003314989394,155.00030014138935,174.2262953045441,1.266834328821233,15.219409730841239,242.083331014681,104.16256623416098,0.030747045525920145,0.013718100981480604,1.6221611600550014,301.96812180938116,133.87602074725947,1.572118113815674,922.6074750203733,922.6387598250479,297.4074334384608,922.1452139735626,1.5209965799438099,255.12727792308524,1.520861705605314,297.7089193302942,128.54340439209136,280.5420990553053,128.66925905771174,1.4221627866040547,1.421335535792471,281.9311425334274,227.3612375890473,260.7535069830626,1.4212027420681395,9.724915187114595,278.9412304713073,51.44021274736345,186.08123483956126,51.3638672961692,1.2616653705107548,1.4213569143889149,185.21892740667184,137.80307777095862,194.3738623741382,1.261331938264032,9.753957786593169,183.98826614884487,133.1257657551999,0.017953499293214017,0.0052310838704083176
1.6221371750132856,337.5200258364522,146.24278226717897,1.5723172242268435,934.4561734542422,935.1150305722706,333.67265741519054,935.1150305722708,1.5214488002220175,352.39075788191053,1.52129136088841,333.67265741519054,190.51123230952066,318.6786634820147,190.5112325728448,1.4268614392032517,1.425633797114994,318.6786634820147,275.6496047879068,312.17164671929527,1.4253877644525315,13.942660494232982,316.38711579432396,70.3182332490831,242.938608421755,70.31823324633409,1.267307602226607,1.425633797114994,242.938608421755,155.00029761264705,174.22519703284456,1.2668341232184384,15.219201813140405,242.0819610517024,104.1448832629813,0.030745694842130404,0.013717271193133448,1.6221611697277023,301.96366048133115,133.8757908438763,1.5721180823334242,922.6064748100816,922.6379650098736,297.40284867360964,922.1443373391548,1.5209964550262323,255.11522798700858,1.5208615765166686,297.70439862959347,128.54352847036432,280.5352815776797,128.66949316765874,1.4221623461335582,1.421335118138259,281.9246081402536,227.36387228747353,260.75805269377184,1.421202341750131,9.724540845697172,278.93453588053194,51.44014113793804,186.07758788729535,51.363772845807105,1.261664774883904,1.4213565101398529,185.21512303200595,137.79816210007425,194.36724926579623,1.2613313715940073,9.753407123338043,183.98467096656668,133.1263153800253,0.01795450216043715,0.005230954063626912
1.6221371749965874,337.52002587396976,146.24278205947678,1.572317224205528,934.4561734311981,935.1150305422794,333.67265744874067,935.1150305422791,1.5214487933363505,352.390757917145,1.521291354001935,333.67265744874067,190.52786678796815,318.67462582090343,190.52786704889277,1.4268617572472455,1.4256340883343488,318.67462582090343,275.6668527512906,312.1908344098175,1.425388051383285,13.942946293413193,316.38296571060727,70.31983747411881,242.93720363445286,70.31983747134737,1.2673073948215152,1.4256340883343488,242.93720363445286,155.00029368678983,174.22413735026703,1.2668339202305159,15.218997808235102,242.0806091298916,104.12723350186621,0.0307443678249261,0.013716458292427297,1.62216117910447,301.95929748229986,133.8755609404931,1.5721180515623867,922.6054909722798,922.6371785435981,297.39836557577985,922.143480742105,1.5209963335965806,255.10344327329602,1.5208614510385488,297.69997820321515,128.54364669588858,280.5286198802554,128.66971557210843,1.4221619158434275,1.4213347098048152,281.9182245021133,227.36644474892904,260.76249085700863,1.4212019506099438,9.72417484269047,278.9279862380967,51.44006891119,186.07401560975762,51.363677778122394,1.2616641927955135,1.4213561151068317,185.21139736854005,137.79336535671126,194.36079051155122,1.2613308177766882,9.752868224927408,183.98114736977632,133.12684569370816,0.01795548166198089,0.005230826432484621
1.6221371750215372,337.5200258043958,146.2427819028705,1.5723172242701722,934.4561733690239,935.1150304691654,333.6726573835837,935.1150304691654,1.5214487865719315,352.39075770071634,1.521291347236959,333.6726573835837,190.54410189578164,318.6706903086346,190.5441021504484,1.4268620610428935,1.425634365908527,318.6706903086346,275.6836852375824,312.20955677435376,1.4253883247642192,13.943225621126597,316.37892065058384,70.32144086830752,242.9358542837151,70.32144086554763,1.2673071981328992,1.425634365908527,242.9358542837151,155.00029255013555,174.22311534471794,1.2668337282767497,15.21880226989647,242.07931091230301,104.10961860211789,0.030743066602138294,0.013715662575756802,1.6221611882589408,301.95505247809103,133.87534212569753,1.5721180215692376,922.6045443446823,922.6364187937992,297.39400225005727,922.1426491917525,1.5209962147081322,255.09198124679318,1.520861327934473,297.6956733708473,128.5437637508631,280.5221273634798,128.6699379765581,1.422161496412354,1.4213343118394173,281.91200669450984,227.36895158551425,260.76681415278784,1.421201569369429,9.723818774811432,278.92161019658033,51.44000100570038,186.07054222577884,51.363587649018704,1.26166362581526,1.4213557300229454,185.2077766533408,137.78868258555624,194.35449093496868,1.261330278346726,9.75234417534962,183.97772518576042,133.12736560908354,0.017956435284415508,0.005230699890639275
1.6221371750160816,337.52002581090267,146.24278174195905,1.5723172242734202,934.4561733447342,935.1150304396986,333.67265738979216,935.1150304396987,1.521448779988511,352.39075768219834,1.5212913406528434,333.67265738979216,190.55994697677608,318.6668516101589,190.55994722533103,1.4268623611199,1.425634640381483,318.6668516101589,275.70011277019637,312.2278260571491,1.4253885951423875,13.94349833341979,316.3749752034375,70.3230404048353,242.93453730171382,70.32304040208493,1.2673070055655469,1.425634640381483,242.93453730171382,155.00029029485887,174.22212652047943,1.2668335400269897,15.218611910842839,242.07804337041523,104.09203802615528,0.030741791508303296,0.01371488394374195,1.6221611972133443,301.950905802901,133.87512183242362,1.5721179923317512,922.6036081359421,922.6356724022384,297.38973919865714,922.1418326694185,1.5209960990335585,255.08078444265445,1.520861208391463,297.69147020550076,128.54387729418838,280.5157923019614,128.67015101660985,1.4221610870485308,1.421333923613699,281.905936291828,227.37139651973612,260.77103609492804,1.4212011974098575,9.723470690517127,278.91538247429565,51.439933100210766,186.06714957123594,51.363497519915015,1.261663072177257,1.4213553541550998,185.20423666757742,137.78410883129587,194.34835053604866,1.2613297516415813,9.751832004838112,183.97437856420387,133.1278721552064,0.01795736469676482,0.005230580954957477
1.6221371750177433,337.5200258017496,146.24278159973127,1.5723172242875978,934.4561733142698,935.1150304028822,333.67265738068437,935.1150304028818,1.5214487735251068,352.390757622919,1.521291334188782,333.67265738068437,190.5754111793059,318.6631076619414,190.5754114218915,1.4268626541607232,1.4256349084167215,318.6631076619414,275.71614478433025,312.24565295972155,1.4253888591781179,13.943764636272782,316.3711272204089,70.32463625056576,242.93325346987723,70.32463624782486,1.2673068184840552,1.4256349084167215,242.93325346987723,155.00028803587108,174.2211715806243,1.2668333571188162,15.21842692524633,242.07680732797832,104.07449186475876,0.0307405407879729,0.013714121843801755,1.622161205981574,301.9468574567297,133.874915584694,1.5721179637499136,922.6027039279775,922.6349510573742,297.38557781427824,922.1410428635616,1.5209959857507054,255.06985728125255,1.520861091370875,297.6873631363799,128.54398615531468,280.50960799547653,128.6703593744627,1.4221606871863826,1.4213335446040214,281.9000082689,227.3737847380089,260.7751561203535,1.4212008340093778,9.723131122046535,278.9093030712426,51.43986642936642,186.06383764612895,51.363409242779205,1.2616625318161019,1.4213549870843842,185.2007814477217,137.7796490492435,194.3423451969635,1.2613292374054792,9.75133217028005,183.97111347056406,133.12836681754928,0.01795827324173906,0.005230460935846587
1.622137175018608,337.52002579483485,146.24278147104351,1.5723172243025663,934.4561732872091,935.1150303701138,333.67265737381456,935.1150303701147,1.5214487672072394,352.3907575724639,1.52129132787027,333.67265737381456,190.59050343935334,318.6594562085962,190.59050367611005,1.426862940309572,1.4256351701446042,318.6594562085962,275.7317905669421,312.2630479779542,1.425389116999574,13.944024679275024,316.3673743757325,70.32622856043783,242.93200258290796,70.32622855770789,1.267306636820866,1.4256351701446042,242.93200258290796,155.00028581389392,174.22024944378015,1.2668331794858425,15.218247251606698,242.07560263091074,104.05698020598676,0.030739313527882943,0.013713375765402904,1.6221612144219155,301.9429074395771,133.87470711924686,1.5721179359015134,922.6018168367069,922.6342414009686,297.3815180969207,922.1402680857232,1.5209958753329342,255.05918650146936,1.5208609770210866,297.6833605196781,128.54409501644096,280.5035744440251,128.67056539121606,1.4221602975046002,1.4213331746009292,281.8942293259496,227.37611494372902,260.779177044443,1.4212004795804765,9.722800069399657,278.9033770437587,51.439803462457874,186.0606044322219,51.363325904224425,1.2616620047971974,1.4213546292297095,185.1974109937737,137.77531067236922,194.33650868267188,1.2613287359581384,9.750844557453638,183.9679259278694,133.1288495961121,0.017959159242845933,0.005230344720870455
1.6221371750193623,337.52002578882457,146.24278135468072,1.5723172243171095,934.4561732628465,935.1150303406137,333.67265736783804,935.1150303406137,1.5214487610313607,352.3907575274243,1.52129132169376,333.67265736783804,190.6052324907407,318.655894990294,190.60523272180444,1.426863219725137,1.4256354257107176,318.655894990294,275.74705920986196,312.2800213832319,1.4253893687502723,13.944278604125948,316.3637143412766,70.32781747865212,242.9307840965731,70.32781747592955,1.2673064604530302,1.4256354257107176,242.9307840965731,155.000283642145,174.21935905019734,1.266833007007769,15.218072781256975,242.0744287851889,104.03950312702362,0.03073810908968285,0.013712645252400549,1.6221612221759147,301.93901922923624,133.87454522586773,1.572117909097706,922.6009587693957,922.6335501121405,297.37752940720816,922.1395200243619,1.5209957760266988,255.04874558106837,1.5208608737007112,297.6794275379225,128.54420270701752,280.49763134559373,128.6707667257705,1.4221599159671106,1.4213328123476894,281.88853413579557,227.3784059167351,260.7831872700928,1.4212001329888158,9.722473984316611,278.89753360311977,51.43974666877565,186.05742974715588,51.3632505908638,1.2616614825527257,1.4213542784965207,185.194093013959,137.77100698268868,194.33071558047004,1.2613282389229208,9.75036128505529,183.96478213186174,133.1293487148725,0.01796004947117212,0.005230220905886494
1.62213717502005,337.5200257833892,146.24278124951238,1.5723172243312908,934.4561732408363,935.1150303139542,333.672657362435,935.1150303139539,1.5214487549937716,352.390757486721,1.5212913156555534,333.672657362435,190.6196068701609,318.65242179038853,190.6196070956635,1.4268634925605128,1.425635675255391,318.65242179038853,275.76195960185305,312.2965832169614,1.4253896145685276,13.94452654891043,316.36014483369536,70.32940313947569,242.92959732613588,70.32940313676156,1.2673062892459726,1.425635675255391,242.92959732613588,155.00028152588462,174.21849937433586,1.2668328395532695,15.217903387036658,242.07328515507544,104.02206069385835,0.030736926915066694,0.013711929882677098,1.62216122773612,301.93514787529864,133.87449200064717,1.5721178848720427,922.6001222840029,922.6328421255146,297.37356717877515,922.1387936701383,1.5209957069657645,255.03847263483132,1.5208607990667014,297.6755224101453,128.54432210309153,280.49166479637944,128.67097742472282,1.4221595417821074,1.4213324553308364,281.88281549485856,227.38069567678943,260.78738950458103,1.4211997928938152,9.722147899233567,278.89165308267286,51.439715802644,186.05425708032578,51.36320490898933,1.2616609469660032,1.4213539323713522,185.19076292472892,137.76657941017334,194.32471024138485,1.2613277287152784,9.74986487715096,183.96161248553904,133.1299414184004,0.01796100249945891,0.0052300732006168495
1.6221371750206686,337.5200257784828,146.2427811544626,1.5723172243451442,934.4561732209568,935.1150302898681,333.67265735754836,935.1150302898682,1.5214487490912272,352.39075744993784,1.5212913097524048,333.67265735754836,190.6336349220109,318.64903444002687,190.63363514208686,1.4268637589645343,1.4256359189149905,318.64903444002687,275.77650043205676,312.3127432928392,1.4253898545887376,13.944768648515794,316.35666361908716,70.33098566789825,242.9284415117196,70.33098566519331,1.2673061230583156,1.4256359189149905,242.9284415117196,155.00027946733823,174.21766942674384,1.2668326769845129,15.217738933031688,242.07217102819226,104.00465296154749,0.030735766472727497,0.013711229257448195,1.6221612330893111,301.93136080337706,133.87444616781838,1.572117861157563,922.5993044037123,922.6321541762461,297.36969547577206,922.138084013713,1.520995639449483,255.02842070723105,1.520860726312143,297.6717105931958,128.54443915806604,280.4858372768071,128.6711834414762,1.4221591761938575,1.4213321065874747,281.87723253345166,227.38293114679811,260.7914943269606,1.4211994604298122,9.72182962032226,278.88591245422856,51.439684936512364,186.05116110645974,51.36316169640537,1.2616604241329028,1.4213535944149474,185.1875095284629,137.76226333220933,194.31884478570004,1.2613272303372407,9.749380119869329,183.95851840167572,133.1305192672033,0.017961935495361153,0.005229928757585979
1.6221371750212277,337.52002577405,146.24278106855837,1.5723172243587027,934.4561732029937,935.1150302681046,333.6726573531422,935.1150302681049,1.5214487433207982,352.3907574167198,1.5212913039813851,333.6726573531422,190.64732480273568,318.6457308203189,190.647325017509,1.4268640190824824,1.4256361568225973,318.6457308203189,275.79069019363396,312.3285111999512,1.425390088942057,13.945005034883163,316.3532685151777,70.33256518010782,242.92731584625895,70.33256517741015,1.2673059617447184,1.4256361568225973,242.92731584625895,155.00027746748458,174.21686825367556,1.2668325191598764,15.217579278666404,242.07108564353098,103.98727997462069,0.030734627244085044,0.01371054299506975,1.6221612383271855,301.9276748698748,133.87440624890297,1.5721178380876195,922.5985125705647,922.631492943454,297.3659226543924,922.1374044133245,1.520995574125612,255.01864284274038,1.520860655659603,297.6679906943752,128.54455153084157,280.4801538120446,128.6713847760306,1.4221588198810522,1.4213317668506982,281.8717886016868,227.38511119746124,260.7954955433981,1.4211991366280226,9.721519147582692,278.8803150886785,51.43965530502599,186.0481438437937,51.3631184838214,1.2616599143804403,1.4213532648367613,185.18434291634048,137.75804883816983,194.31313850767776,1.2613267446840206,9.74890758431935,183.95549988027182,133.13108226128122,0.017962840924266466,0.005229789205514351
1.6221371750215854,337.52002577120635,146.24278101339127,1.572317224368025,934.4561731914615,935.1150302560616,333.6726573503126,935.115030256062,1.5214487383901123,352.39075739539066,1.5212912990502732,333.6726573503126,190.66068456556826,318.6425048320344,190.66068477801488,1.426864275067028,1.4256363911501588,318.6425048320344,275.8045383445047,312.343897813736,1.425390319804332,13.945235504131293,316.3499531889344,70.33413852866798,242.9261863561676,70.33413852595675,1.267305801207074,1.4256363911501588,242.9261863561676,155.00027490803828,174.21610177918944,1.2668323621123618,15.217420294911799,242.06999400139637,103.96994088542654,0.030733507191886847,0.013709870209986848,1.6221612435053177,301.92407321838857,133.87435745911748,1.5721178156288738,922.5977341330907,922.6308367200012,297.3622403584427,922.1367339967251,1.5209955101719979,255.0090904172592,1.520860586639218,297.6643641063824,128.5446615625176,280.4746060268122,128.67157908728663,1.4221584721650002,1.4213314350732298,281.86647532428424,227.38723733451198,260.7994021631058,1.4211988206634738,9.721216126188873,278.87485087334784,51.43962567353961,186.04519520114815,51.3630765058827,1.2616594164659554,1.4213529432178833,185.18124694247444,137.75393097274147,194.30755764235923,1.2613262702849106,9.74844589983953,183.95255294435572,133.13162891516163,0.01796372798760035,0.005229652915062069
1.6221371750296483,337.52002575061493,146.24278092413107,1.5723172243945711,934.4561731634155,935.1150302196471,333.67265733035225,935.1150302196472,1.5214487321315664,352.39075731789785,1.5212912927910387,333.67265733035225,190.67372189152087,318.6393659809694,190.67372209884292,1.4268645209795676,1.4256366158567602,318.6393659809694,275.8180498043172,312.3589080937698,1.4253905411159988,13.945461149493466,316.3467275878114,70.33571246128923,242.9251387538387,70.33571245858597,1.2673056518329886,1.4256366158567602,242.9251387538387,155.00027343659661,174.21535196788616,1.266832215898468,15.21727241166182,242.06898495822324,103.95263734975183,0.030732406642833148,0.013709210701753157,1.6221612484291976,301.92055865831895,133.8743190186804,1.5721177935257342,922.596975789127,922.6302005339057,297.35864858792297,922.1360769383642,1.5209954472647613,254.99976785116027,1.5208605187811255,297.6608266511206,128.54476925309416,280.46920062133364,128.67176988689343,1.4221581327063562,1.4213311113597968,281.8612943763,227.38931298767585,260.80320517687153,1.4211985119174364,9.720920556140802,278.8695248645739,51.4395972766985,186.04232325146668,51.36303514526662,1.2616589313050923,1.4213526293488576,185.1782296798084,137.74992707952111,194.30212630757217,1.2613258081630119,9.74799632286957,183.949681570899,133.13216368526201,0.01796459249807134,0.005229518257067694
1.6221371750218063,337.5200257644111,146.2427808571398,1.57231722439903,934.456173159567,935.115030215353,333.6726573435461,935.115030215353,1.5214487267891181,352.3907573387624,1.5212912874480067,333.6726573435461,190.6864444023176,318.6363016234443,190.68644460463616,1.4268647630936226,1.4256368372901402,318.6363016234443,275.83123536578483,312.3735546970528,1.4253907592388884,13.945681178037406,316.3435785270159,70.33728366615192,242.92410058296903,70.33728366345662,1.267305504536168,1.4256368372901402,242.92410058296903,155.0002717357586,174.21463206048392,1.2668320717144912,15.217126602110941,242.06798309097366,103.93536867396918,0.03073132794218215,0.013708564986531299,1.6221612533766965,301.91713399906644,133.8742761428083,1.5721177719893418,922.596241259694,922.6295810456081,297.3551431647363,922.1354407522512,1.520995385777609,254.99067514444357,1.520860452382081,297.6573699723962,128.5448746025712,280.4639258702174,128.6719560043013,1.4221578018444654,1.4213307958151276,281.8562390575103,227.39133723678262,260.8069214769682,1.4211982112148829,9.720632437438482,278.8643286351277,51.43956949718002,186.03951790356984,51.36299563661843,1.2616584579822068,1.4213523233344123,185.17528709187053,137.7460173372552,194.29683003261994,1.2613253573591672,9.74755759696977,183.94688178293015,133.13268954252737,0.017965436126323956,0.005229388489136222
1.6221371750229387,337.520025760547,146.24278079993036,1.5723172244096046,934.4561731470408,935.1150302002683,333.6726573396892,935.1150302002686,1.5214487215147101,352.3907573137116,1.5212912821730584,333.6726573396892,190.69885955339038,318.63331286748826,190.69885975082482,1.4268649994763365,1.4256370534810188,318.63331286748826,275.84410197561454,312.3878453875209,1.4253909721972553,13.945895983260348,316.3405072091738,70.3388522328585,242.92308804358544,70.33885223016996,1.2673053613573904,1.4256370534810188,242.92308804358544,155.00027001767177,174.2139373194803,1.266831931538954,15.216984858931637,242.0670056250525,103.91813484916631,0.0307302689402225,0.013707932474217656,1.6221612580643856,301.91379362183,133.8742332669362,1.5721177511197106,922.5955171491183,922.628973245769,297.35172687428076,922.134814584817,1.5209953264828673,254.9818078767364,1.520860388455999,297.65400381910183,128.54497409929957,280.45878009840766,128.67213626896051,1.4221574790137523,1.4213304877061275,281.85130936791523,227.39330924531387,260.8105420541837,1.4211979177308405,9.720351060429936,278.85926049956345,51.43954171766154,186.03678117569348,51.362956127970236,1.2616579957778635,1.4213520247556362,185.1724131239532,137.74219431297365,194.29164952324044,1.2613249168502754,9.747129265252966,183.94414562650604,133.13319460317774,0.017966256358440288,0.005229263067961445
1.6221371750233156,337.5200257575273,146.2427807482141,1.572317224422086,934.4561731361098,935.1150301870118,333.6726573366924,935.1150301870124,1.5214487163609975,352.39075729290516,1.5212912770188165,333.6726573366924,190.7109746251369,318.63039793478475,190.71097481780382,1.4268652302450024,1.4256372645349735,318.63039793478475,275.85665718467965,312.40178866249323,1.4253911800948065,13.946105691125421,316.3375118007057,70.3404182418304,242.92210080778386,70.34041823914973,1.2673052222577326,1.4256372645349735,242.92210080778386,155.0002683319856,174.21326700467813,1.2668317953343036,15.216847122205168,242.0660522692006,103.90093586842792,0.03072922873970665,0.013707312719687201,1.62216126265482,301.910529098408,133.874198522695,1.5721177306501364,922.5948146204611,922.6283804739478,297.34838857496476,922.1342109594107,1.520995268284331,254.97315720729324,1.520860325469643,297.65071565694706,128.5450735960279,280.45375493062465,128.6723130219705,1.4221571636486408,1.4213301869280688,281.84649525717913,227.39523616550207,260.8140781700333,1.4211976312590662,9.720076425115163,278.85430865976036,51.43951517278833,186.0341090313658,51.36291847128992,1.2616575449536753,1.421351733298346,185.16960979429223,137.7384753502733,194.28660407369577,1.2613244874036624,9.746711213497363,183.94147509011245,133.1336907509931,0.017967059887435688,0.005229139278582844
