air,second_air2,COG,burner_input_T_PV,burner_inputP,burner_output_T_PV,burner_output_P_PV,fur_F,fur_inputT,fur_inputP,fur_temp,fur_outputT,fur_outputP_PV,WHB_F,WHB_inputT,WHB_inputP,WHB_outputT,WHB_outputP,SEP1_F,SEP1_P_PV,SEP1_T,HEATER1_F,HEATER1_input_T,HEATER1_input_P,HEATER1_output_T_PV,HEATER1_output_P,cat1_F,cat1_input_temp,cat1_output_temp,cat1_input_P,cat1_output_P_PV,SEP2_F,SEP2_P_PV,SEP2_T,HEATER2_F,HEATER2_input_T,HEATER2_input_P,HEATER2_output_T_PV,cat2_F,cat2_input_temp,cat2_output_temp,cat2_input_P,cat2_output_P_PV,SEP3_F,SEP3_P_PV,SEP3_T,B35_H2S,B35_SO2,air_pred,second_air2_pred,COG_pred,burner_input_T_PV_pred,burner_inputP_pred,burner_output_T_PV_pred,burner_output_P_PV_pred,fur_F_pred,fur_inputT_pred,fur_inputP_pred,fur_temp_pred,fur_outputT_pred,fur_outputP_PV_pred,WHB_F_pred,WHB_inputT_pred,WHB_inputP_pred,WHB_outputT_pred,WHB_outputP_pred,SEP1_F_pred,SEP1_P_PV_pred,SEP1_T_pred,HEATER1_F_pred,HEATER1_input_T_pred,HEATER1_input_P_pred,HEATER1_output_T_PV_pred,HEATER1_output_P_pred,cat1_F_pred,cat1_input_temp_pred,cat1_output_temp_pred,cat1_input_P_pred,cat1_output_P_PV_pred,SEP2_F_pred,SEP2_P_PV_pred,SEP2_T_pred,HEATER2_F_pred,HEATER2_input_T_pred,HEATER2_input_P_pred,HEATER2_output_T_PV_pred,cat2_F_pred,cat2_input_temp_pred,cat2_output_temp_pred,cat2_input_P_pred,cat2_output_P_PV_pred,SEP3_F_pred,SEP3_P_PV_pred,SEP3_T_pred,B35_H2S_pred,B35_SO2_pred
149.20362017120917,190.00000667185066,25.507274910829302,599.9999496474659,1.6221683463657133,1219.5064115477708,1.6221949631514452,331.6312981154849,126.93102546308326,1.5722672680982515,914.8936640415974,912.6653099176401,1.57131514557516,327.96124947922823,912.6653099176303,1.5214238180412067,316.5801213902322,1.5212742615535442,327.96124947922823,1.5207953555111162,172.08136060351924,311.19698563635575,172.08136060356637,1.4256885167199351,259.6243456468062,1.4245664986560176,311.19698563635575,259.6243456468063,297.4602997941578,1.4243391831868433,1.411447119891117,308.88989860116254,1.3613642155657502,68.32062173055866,232.1448064350011,68.3206217307316,1.2662149378860774,155.00188386927675,232.1448064350011,155.00188386927633,179.4238199069307,1.265778196133893,1.2516141963307685,231.10190258466957,1.200915297434877,102.29057397504181,0.031899712483740295,0.011125072685116501,123.02335813063947,163.5979358174812,21.848900457930757,600.3081224156443,1.6221474870151047,1219.4023435799281,1.6221742014191067,277.33831047139677,108.30276523006943,1.5719548446381266,898.6958628430739,893.7023829623819,1.5712989955319594,272.7809670306575,894.511010765942,1.5208340727387406,149.74453102200482,1.5208085612691102,272.40545849477166,1.5202252477585225,122.53476360727751,244.3701490520082,123.69297237260008,1.4198646483033088,238.69853081238006,1.4191537433340102,242.3493892193046,239.24787179178702,287.2770301944496,1.4191310739449063,1.4114120286191079,238.85667717135107,1.3608880147834137,48.412723349614886,160.81816377660007,48.99522753464209,1.2598268334725236,175.79232511393576,162.33090373335068,175.13084063900786,225.74816433197532,1.2594889190154122,1.2516006925412448,159.13701208313742,1.2005548304393368,130.3293964523288,0.01105032453697961,0.0009089271533630223
149.2027203450073,189.99999517623513,25.50727102663054,599.9999562202604,1.6221683980163166,1219.5063958366245,1.6221950147948618,331.62961604532984,126.93122979526713,1.572267079689927,914.893397747793,912.6650431022647,1.571314967051483,327.95955842700243,912.6650431022679,1.521423180945649,316.57644723742567,1.5212736255597297,327.95955842700243,1.5207947216399735,172.08353204465666,311.1943894117625,172.08353204477478,1.4256867218825027,259.62717845252814,1.4245647117702993,311.1943894117625,259.62717845252814,297.46377066733686,1.424337397842432,1.4114454123979567,308.8872879226077,1.3613743976436208,68.32141123352741,232.14430141666077,68.32141123368041,1.2662155524600986,155.0001713226941,232.14430141666077,155.0001713226943,179.42112009913552,1.2657788125513756,1.2516149098454918,231.1014368904555,1.2009147273066718,102.27995423164901,0.031899457041339854,0.011124871265339604,123.02302091045551,163.5988198267491,21.849013630556584,600.3081316189779,1.6221474861398102,1219.4023637409136,1.6221742014191067,277.33750434903067,108.30352516794053,1.5719548364258489,898.6965117890369,893.7030542138526,1.5712989903495997,272.78018067802867,894.5117287712665,1.520834043788955,149.74321375092967,1.5208085273153344,272.4047795540472,1.5202252172383603,122.53479287102115,244.36934335010702,123.69299461304506,1.419864597175249,238.6989517484507,1.4191536979869004,242.34867732053536,239.24827064377126,287.27747389815806,1.4191310234668886,1.411412018558233,238.85598276767547,1.3608879827333773,48.412784464555536,160.81777930266168,48.995251610224585,1.2598267942306096,175.79260818621324,162.33049049955076,175.13116892852005,225.74842721629673,1.2594888853809691,1.251600685155768,159.1366879599564,1.2005548035177385,130.32946032764636,0.011050284640096575,0.000908947396340706
149.20268956484344,190.0000009904982,25.507272869031553,599.9999591309802,1.6221683822354667,1219.506407796678,1.6221949990164242,331.6295669783704,126.93123820191474,1.5722671267671733,914.8933698094174,912.6650020019003,1.5713150144521069,327.9595146488015,912.6650020018998,1.5214234430270404,316.57631656371126,1.521273887711836,327.9595146488015,1.5207949839101482,172.08564089873545,311.1935030348128,172.08564089877427,1.4256863594202427,259.62947344044835,1.4245643483155301,311.1935030348128,259.62947344044835,297.466688930842,1.4243370342835853,1.4114450330404997,308.88636458413043,1.3613749603010388,68.32219683100357,232.14400613894617,68.32219683123436,1.2662155842261908,155.00012136294345,232.14400613894617,155.00012136294362,179.42079807033758,1.2657788449495122,1.2516149826269043,231.10115652982614,1.2009147377494096,102.26934602038457,0.0318990919775307,0.011124654034336047,123.02283687966339,163.5995068282373,21.84910157795858,600.3081417110453,1.6221474820814994,1219.4023823552288,1.6221741979719018,277.33706221962143,108.30411360232321,1.5719548370703849,898.6969821260193,893.7035250917501,1.5712989927354077,272.77976547966256,894.5122964964067,1.520834059484622,149.74260815986491,1.520808540298388,272.40443486106403,1.5202252324740253,122.53479404157089,244.36885590883207,123.69297939589849,1.4198645766448446,238.6991732585292,1.4191536780886305,242.34825353138567,239.24847542348132,287.2777351653164,1.4191310041831513,1.4114120195659725,238.85557151889674,1.3608879964552536,48.412815639348494,160.81757546083608,48.995265191322396,1.2598267818694067,175.7928441830135,162.33028211669438,175.13142474657388,225.74868286526984,1.259488880137577,1.2516006882599762,159.13654329761636,1.2005548177823364,130.32968166304903,0.011050246287744809,0.0009089647141176544
149.20268960061145,189.9999999239218,25.50727259933452,599.9999588356808,1.6221683828148414,1219.5064057835089,1.6221949995955423,331.62956690358607,126.93123782997888,1.5722671138415278,914.8933696465516,912.6650021849168,1.5713150015196748,327.95951436527014,912.6650021849171,1.521423472336374,316.57631617112287,1.5212739170242844,327.95951436527014,1.5207950132264725,172.0877224726264,311.19273057852337,172.0877224726661,1.4256863542823952,259.6317107705805,1.4245643418282277,311.19273057852337,259.6317107705805,297.46950017015774,1.424337027630568,1.4114450077684966,308.885559908128,1.3613749790886147,68.32297834594772,232.1436142542243,68.32297834618473,1.2662155293580033,155.00012448833013,232.1436142542243,155.0001244883299,179.4205580873268,1.2657787910395384,1.251614979136329,231.100777018877,1.200914734793387,102.25875364279378,0.031898705631010195,0.011124432565410151,123.02265081365195,163.60019382972553,21.84918952536058,600.3081503218896,1.6221474788679175,1219.402398934451,1.6221741953603828,277.336608501435,108.3046931658358,1.5719548362924967,898.6974435325527,893.7039959696474,1.5712989937098312,272.779340532404,894.5128575424277,1.520834068403747,149.74197604656376,1.5208085461840388,272.4040762410916,1.520225239945361,122.53479316365858,244.36836595497323,123.69296417875194,1.419864554078367,238.69939543782246,1.4191536563576252,242.3478222044843,239.24868555690927,287.2779964324747,1.4191309826823,1.4114120189382005,238.8551535283347,1.3608880026131276,48.41284311020566,160.8173595095951,48.995273216516566,1.2598267672190921,175.79307212742953,162.33006515633545,175.13167839667813,225.7489336906774,1.2594888709296685,1.251600689641868,159.1363852129974,1.200554825299553,130.32987625994667,0.011050208707717158,0.0009089807581291477
149.20268811818258,189.9999999828948,25.507272603029477,599.9999587611239,1.622168383187454,1219.5064056747538,1.6221949999681693,331.6295643849342,126.93123816359596,1.5722671124910947,914.893368562094,912.665000914553,1.5713150001838003,327.9595118807657,912.665000914553,1.5214234757593035,316.5763098942987,1.5212739204499726,327.9595118807657,1.5207950166571744,172.08977377246669,311.19199182836746,172.08977377250818,1.4256863746497594,259.63390925939996,1.4245643607612835,311.19199182836746,259.63390925939996,297.4722498579628,1.4243370463818272,1.4114450073418294,308.8847902474738,1.3613749783383466,68.32375787946285,232.14319277337006,68.32375787970587,1.2662154735203022,155.00012526837295,232.14319277337006,155.00012526837324,179.4203189741039,1.265778736286213,1.2516149785405992,231.10036788465464,1.2009147335800776,102.24817742571307,0.031898303805166894,0.011124208013875198,123.02246302553188,163.60088083121374,21.849278836288192,600.3081590512317,1.6221474757112992,1219.4024156222117,1.6221741928478266,277.33615566118624,108.3052727293484,1.5719548353979251,898.6979079159024,893.7044668475448,1.5712989945160247,272.7789141924465,894.5134185884486,1.520834076176839,149.74133951288985,1.5208085510310454,272.40371344302247,1.520225246147058,122.53479228574628,244.3678751635864,123.69294896160538,1.4198645310594287,238.69961895554516,1.4191536344171645,242.34739255263884,239.24889435190772,287.2782531950269,1.4191309607689624,1.4114120180295828,238.85473722321854,1.360888007655796,48.41286872909492,160.81714456747207,48.9952806243881,1.259826752307165,175.79329759418883,162.3298471868586,175.13192213615557,225.74917848662807,1.2594888614659852,1.2516006907756543,159.13622315140685,1.2005548317073012,130.3300619440093,0.011050169583440593,0.0009089965664762708
149.20268791557686,189.9999999978417,25.507272606807412,599.9999587615458,1.622168383211227,1219.506405721917,1.6221949999919465,331.6295640448918,126.93123821253347,1.5722671123827525,914.893368406854,912.6650007261642,1.5713150000774683,327.9595115488055,912.6650007261643,1.5214234764977892,316.57630903571317,1.5212739211888744,327.9595115488055,1.5207950173968188,172.09179385488852,311.1912837634292,172.09179385516677,1.4256863932576205,259.6360689009606,1.4245643780008193,311.1912837634292,259.6360689009606,297.4749429252171,1.4243370634425538,1.4114450075756018,308.8840522821152,1.3613749779688231,68.32453295626897,232.14271687964418,68.32453295646206,1.2662154106746413,155.00012529825327,232.14271687964418,155.00012529825344,179.42009880102626,1.265778674732465,1.25161497851068,231.09990438232097,1.2009147334279957,102.23761616576061,0.03189789275873709,0.011123982196603998,123.02227617674379,163.60159814159113,21.849372919555442,600.3081680570687,1.6221474725102216,1219.4024330154712,1.6221741902582993,277.3357130050144,108.30585820677439,1.571954834575586,898.6983752760684,893.7049477441209,1.5712989953484358,272.7784955123331,894.5139963322678,1.5208340840495864,149.7407427625706,1.5208085561253482,272.40335691209845,1.5202252523975872,122.53479228574628,244.36739944770295,123.69293491500856,1.4198645087757389,238.69983711954998,1.4191536128956148,242.34697295112898,239.24910047004727,287.2785054529728,1.4191309394743543,1.4114120171209652,238.85433271622304,1.36088801260149,48.41289373066155,160.81693568005673,48.99528679761438,1.2598267380492694,175.79351253090718,162.32963426297144,175.13215875237,225.7494124295563,1.2594888520023015,1.2516006919642544,159.13606804951655,1.2005548382509024,130.33024168618192,0.011050128400141227,0.0009090126110499856
149.20268785340093,189.99999999668103,25.507272606836807,599.9999587744637,1.6221683832240967,1219.5064057389136,1.6221950000048175,331.6295639392763,126.93123822499692,1.572267112295015,914.893368360052,912.6650006760194,1.5713149999903373,327.9595114435392,912.6650006760194,1.5214234767508015,316.5763087699196,1.5212739214418625,327.9595114435392,1.5207950176497442,172.0937823118258,311.1905951324733,172.09378231220973,1.425686418372466,259.6381924299793,1.4245644014098442,311.1905951324733,259.6381924299794,297.4775858971482,1.4243370866256684,1.4114450077092247,308.8833343689342,1.3613749789078962,68.32530729503983,232.142323697655,68.32530729522313,1.266215360259856,155.0001245476541,232.142323697655,155.00012454765417,179.41985715505274,1.2657786253024301,1.251614979017324,231.09952287907265,1.2009147345178355,102.22707092778289,0.0318974735329545,0.011123755590584454,123.02209151973032,163.60231545196854,21.84946495753428,600.3081777936426,1.6221474692063316,1219.402451195633,1.6221741875698092,277.33527473853087,108.30643185637359,1.5719548337810287,898.6988307289691,893.7054219615778,1.5712989961830315,272.7780824030154,894.514564057408,1.520834091872506,149.74015043262403,1.5208085611207325,272.4030017738733,1.5202252585992841,122.53479404157089,244.36692708193135,123.6929232095112,1.4198644868313945,238.70005662198426,1.419153591688248,242.3465575372589,239.24930658818676,287.27876446782807,1.4191309187984755,1.4114120162233612,238.85392989467337,1.3608880174502096,48.41291780624423,160.8167288108773,48.99529297084066,1.2598267237259708,175.79372437055468,162.32942436643816,175.13238545795767,225.74964034302758,1.259488842538618,1.2516006931528547,159.13591095914046,1.200554844726577,130.33041697193704,0.011050086702207007,0.0009090289862451664
149.20268785864857,190.0000000005389,25.50727260756431,599.9999587740905,1.622168383217663,1219.5064057414688,1.622194999998384,331.62956394972775,126.93123822612858,1.5722671123125136,914.8933683619077,912.6650006712268,1.5713150000077682,327.95951145618426,912.6650006712273,1.5214234769676516,316.5763087935212,1.5212739216588587,327.95951145618426,1.5207950178670027,172.0957390360989,311.18992525287354,172.0957390364773,1.4256864402764013,259.6402799219365,1.424564421745846,311.18992525287354,259.64027992193655,297.4801806136385,1.4243371067518638,1.411445007718148,308.88263594030013,1.3613749790887089,68.32608280569768,232.1419075367392,68.32608280588693,1.2662153061028705,155.00012440292227,232.1419075367392,155.0001244029225,179.41963099701144,1.2657785722155142,1.2516149792049305,231.09911846385853,1.20091473498088,102.21654249216003,0.0318970573553652,0.011123531488581551,123.02190741066055,163.60305296827204,21.849563131378368,600.3081885571978,1.6221474656648616,1219.4024711124075,1.6221741846284143,277.33484665612434,108.30702029075627,1.571954833158718,898.6992921355024,893.705902858154,1.5712989971661941,272.77767782397854,894.5151451407869,1.5208341003930108,149.73959346565937,1.5208085670063836,272.4026522064439,1.5202252655334652,122.5347957973955,244.36646644155127,123.69291033346413,1.4198644654526262,238.70026943227117,1.4191535710568841,242.34615217372442,239.24950735260836,287.2790144734709,1.419130898896009,1.4114120154854535,238.8535388712444,1.3608880228322884,48.412940029859016,160.81652799640554,48.99529729209905,1.259826710056704,175.79392939664626,162.32922052461257,175.13260008496894,225.74986705060752,1.259488833586485,1.2516006945434015,159.13575635437158,1.200554851858876,130.3305981995822,0.011050041915712173,0.0009090459280399827
149.20268785778077,189.99999999991272,25.507272607345982,599.9999587739317,1.6221683832185414,1219.5064057396244,1.6221949999992626,331.6295639480625,126.93123822607127,1.572267112295219,914.8933683613502,912.6650006709951,1.5713149999904736,327.9595114543249,912.6650006709949,1.5214234769064445,316.57630878956655,1.5212739215976452,327.9595114543249,1.5207950178057819,172.09766416072017,311.18927025100686,172.0976641610944,1.4256864619755494,259.6423325821447,1.4245644418797025,311.18927025100686,259.6423325821447,297.4827298978438,1.4243371266751812,1.4114450076905696,308.881952974506,1.3613749795885974,68.32685712320412,232.14149552278593,68.32685712339777,1.2662152525482888,155.0001240123208,232.14149552278593,155.00012401232084,179.41940971437322,1.2657785197159699,1.2516149794974467,231.09871796179527,1.200914735831157,102.20602990819765,0.03189664252338329,0.011123309873113045,123.02172510197705,163.60380058753861,21.849662668748074,600.3082004267332,1.6221474619358285,1219.4024925487179,1.6221741814671018,277.3344285822072,108.30761168209565,1.571954832625309,898.6997565188522,893.70638375473,1.5712989981668353,272.77727986026156,894.5157295637254,1.5208341091626534,149.73906302093113,1.520808573312438,272.4023096025091,1.520225272858304,122.53479989431962,244.36601920161857,123.6928997985165,1.4198644449787794,238.7004809041286,1.419153550896795,242.34575434794158,239.2497067786005,287.27925772220453,1.4191308798700757,1.4114120148081204,238.85316133138195,1.3608880286507519,48.41296287079643,160.81633020928763,48.995303465325335,1.2598266968452598,175.79413194508115,162.32902223293567,175.13280789842432,225.7500889346219,1.2594888251459022,1.2516006959772226,159.13560771506002,1.200554859398735,130.3307779417548,0.011049996099830577,0.0009090633420801532
149.20268785637683,189.99999999997624,25.507272607302006,599.9999587739127,1.6221683832188996,1219.5064057386408,1.6221949999996208,331.62956394567186,126.93123822633834,1.572267112287904,914.8933683602888,912.6650006697839,1.5713149999831688,327.95951145196125,912.6650006697838,1.5214234767551944,316.57630878358384,1.5212739214463826,327.95951145196125,1.5207950176545055,172.0995579557288,311.18862849154027,172.0995579560998,1.425686483424084,259.6443511247861,1.4245644617739748,311.18862849154027,259.6443511247861,297.485235446898,1.4243371463597154,1.4114450076230405,308.8812837849262,1.361374980255372,68.32763029518156,232.1410891294608,68.32763029537885,1.2662151998742592,155.00012355373212,232.1410891294608,155.00012355373255,179.41919356705372,1.265778468075635,1.2516149798429363,231.09832283029874,1.2009147368041204,102.19553312022853,0.03189622933269945,0.011123091000157953,123.02154600267788,163.60456841273134,21.849764251406192,600.3082134614973,1.6221474580317363,1219.4025155316986,1.6221741781353534,277.33401577591604,108.30820307343504,1.5719548321585761,898.7002209022019,893.7068646513061,1.5712989992089879,272.77688764142766,894.5163206657832,1.5208341180817784,149.73855025769382,1.5208085798657887,272.40196908762266,1.520225280378472,122.53480545443091,244.36558201202146,123.69288984884376,1.4198644250139507,238.7006883606976,1.4191535312079804,242.3453674100223,239.2499035277337,287.2795054755443,1.4191308613081897,1.4114120141748416,238.85279053330277,1.3608880345661898,48.412985403072526,160.81613746775946,48.99530902122899,1.2598266840262344,175.79433325468767,162.32882696861265,175.13301075656628,225.75031323041907,1.259488816897151,1.2516006974370084,159.13546156135567,1.2005548670291626,130.33095768392744,0.011049948739793094,0.0009090811811989046
149.20268785578872,189.99999999998798,25.507272607257036,599.9999587739183,1.6221683832190499,1219.5064057377476,1.622194999999771,331.6295639446686,126.9312382264218,1.5722671122835912,914.8933683598282,912.6650006692516,1.5713149999788598,327.9595114509651,912.6650006692516,1.5214234765547952,316.5763087810342,1.521273921245965,327.9595114509651,1.5207950174540663,172.10142077925153,311.1879988716793,172.1014207796171,1.4256865045880773,259.64633620252323,1.4245644813999288,311.1879988716793,259.64633620252323,297.4876985808773,1.4243371657776895,1.4114450075318952,308.8806272341804,1.3613749809851436,68.32840234827694,232.14068894215256,68.32840234847882,1.2662151481278785,155.00012307083145,232.14068894215256,155.0001230708317,179.4189825988459,1.2657784173391207,1.2516149802047885,231.09793365108845,1.2009147378360112,102.1850520779052,0.031895818185456254,0.011122874994000699,123.02136486815938,163.60533118644253,21.849864470538705,600.3082273454962,1.6221474539956553,1219.4025396000623,1.6221741746551608,277.3336087640135,108.30879150781772,1.5719548316862868,898.700679331919,893.7073455478821,1.5712990002249225,272.77649751164216,894.516911767841,1.5208341270009034,149.73805075557473,1.5208085865427876,272.4016306617846,1.5202252876056466,122.5348110145422,244.36514649748025,123.69287989917102,1.4198644052753526,238.7008958172666,1.419153511519166,242.34498214715893,239.2500989384374,287.2797464719748,1.4191308431587901,1.411412013486495,238.8524231061152,1.360888040336166,48.413007318026,160.8159447262313,48.995315194455266,1.2598266714034188,175.79452775073827,162.32863422708448,175.1332024652531,225.75052908497653,1.259488808584456,1.2516006988765993,159.13531839037998,1.2005548744784527,130.33113891157257,0.011049900093009407,0.000909098548719597
149.20268792117878,190.00000001613154,25.507272611385403,599.999958760136,1.6221683831714961,1219.506405744196,1.6221949999522336,331.6295640556898,126.93123821009641,1.5722671121911267,914.893368193859,912.665000562281,1.5713149998857587,327.9595115837288,912.6650005622766,1.5214234762613492,316.5763088029197,1.521273920952352,327.9595115837288,1.5207950171602156,172.10325304394084,311.18738036424895,172.10325304461486,1.4256865293754006,259.64828850343093,1.4245645046732736,311.18738036424895,259.64828850343093,297.4901205423126,1.4243371888463203,1.4114450077177825,308.87998226145544,1.361374981811991,68.32916806185506,232.14026972252685,68.32916806207146,1.2662150936767895,155.00012235053458,232.14026972252685,155.00012235053512,179.41878007754067,1.2657783640546285,1.2516149813559712,231.097524973472,1.2009147390040846,102.17458471845761,0.0318954054835602,0.011122660671948097,123.02118811719016,163.60610406311673,21.849968780248048,600.3082418219843,1.6221474498192492,1219.4025648080778,1.6221741710485156,277.33320807326214,108.30938585611379,1.5719548312917864,898.7011437152687,893.7078331235773,1.5712990012648902,272.77611765301117,894.5175095490181,1.520834136169166,149.73757777569205,1.520808593318705,272.4012957176939,1.520225295223479,122.53481920839042,244.36472354585854,123.69287170532287,1.4198643864982332,238.70109925854715,1.4191534925110818,242.34460860968707,239.25029167228212,287.27998296379917,1.4191308256796809,1.4114120128697363,238.8520657916025,1.3608880463000912,48.41302892431815,160.8157600576467,48.99532136768155,1.2598266592384255,175.79471914971802,162.328447540264,175.1333947933541,225.75074976309955,1.2594888007193676,1.2516007003681195,159.13517720789008,1.2005548821315228,130.3313171682727,0.011049851446439886,0.0009091163885292303
149.20268784676733,189.99999999906075,25.507272606363667,599.9999587724477,1.6221683832241043,1219.5064057210388,1.6221950000048249,331.6295639284162,126.93123822742334,1.5722671122729952,914.8933683536718,912.665000662404,1.5713149999684015,327.95951143550053,912.665000662404,1.5214234759957574,316.5763087419175,1.521273920686888,327.95951143550053,1.5207950168949531,172.10505519019796,311.18677313574835,172.10505519089554,1.4256865459717893,259.65020839948045,1.424564519767974,311.18677313574835,259.6502083994805,297.4925018092859,1.4243372037372497,1.4114450072997227,308.87934904066555,1.361374983302935,68.32993751985825,232.1398873083541,68.32993752007792,1.2662150455113172,155.00012166175208,232.1398873083541,155.00012166175233,179.41858291396147,1.2657783167411196,1.2516149812562212,231.09715307079455,1.2009147405657599,102.16413468153581,0.0318949964210554,0.011122449342157302,123.02101293177427,163.606876939791,21.850073771720204,600.3082570094596,1.6221474455455882,1219.4025909115342,1.6221741673209158,277.3328186201129,108.30998020440987,1.5719548309417366,898.7016110754347,893.7083206992725,1.5712990023223363,272.77574371335066,894.5181073301951,1.5208341454370835,149.73712689767302,1.5208086003419188,272.40097052249564,1.5202253029878083,122.5348279875135,244.36431231962828,123.69286526729933,1.419864368117017,238.70129868453927,1.4191534739219087,242.34424260996687,239.2504817292679,287.28021720332043,1.4191308085099361,1.4114120122805116,238.85172196065633,1.3608880523125035,48.41305053061029,160.81557942553394,48.99532815823046,1.2598266475312545,175.79490683221275,162.32826488991532,175.13357039727242,225.75095717641736,1.259488792918223,1.2516007018452149,159.13504000237174,1.200554889694024,130.33149245402782,0.011049801770534351,0.0009091343702789145
149.20268785548615,190.0000000002741,25.507272607194608,599.9999587740306,1.6221683832187592,1219.5064057355662,1.6221949999994805,331.62956394424606,126.9312382264402,1.5722671122823928,914.8933683594562,912.6650006686284,1.571314999977663,327.95951145065425,912.6650006686283,1.5214234758246412,316.5763087797449,1.5212739205157395,327.95951145065425,1.5207950167237556,172.1068276659329,311.1861762094543,172.1068276666213,1.4256865661902625,259.65209660607735,1.4245645385108872,311.1861762094543,259.6520966060774,297.49484357358244,1.4243372222800648,1.4114450071739504,308.8787265565472,1.3613749836196918,68.33070650574697,232.13950972530577,68.33070650597169,1.2662149969276375,155.0001214622063,232.13950972530577,155.00012146220692,179.4183878480801,1.2657782690789998,1.2516149814194133,231.09678570480236,1.2009147412150551,102.15370053017708,0.03189459264152435,0.011122241315680695,123.0208374332477,163.60768517683593,21.850180808480772,600.3082728881724,1.6221474411427173,1219.4026180189699,1.6221741634668636,277.3324316251892,108.31058342357605,1.571954830641694,898.7020784356007,893.7088149540868,1.571299003416924,272.7753722109132,894.5187151300512,1.5208341547548287,149.7366981215177,1.5208086076124285,272.4006439345984,1.5202253107033052,122.53483969301095,244.3639086311497,123.69285999982552,1.4198643500185888,238.70149811053142,1.4191534556992826,242.34388163541448,239.2506704478242,287.28045144284164,1.4191307923198466,1.41141201168578,238.85137812971018,1.3608880584218903,48.41307213690244,160.81540182077498,48.995334948779366,1.2598266362165027,175.79509823119247,162.32808728515639,175.1337466206049,225.7511694133007,1.2594887853728538,1.2516007033626997,159.13490577958203,1.2005548974376627,130.33167071072796,0.011049750550533989,0.0009091524467794594
149.2026878554146,189.99999999995958,25.5072726071049,599.9999587739194,1.6221683832191909,1219.5064057347927,1.6221949999999117,331.62956394401556,126.93123822634337,1.5722671122784124,914.8933683595044,912.6650006689094,1.5713149999736817,327.95951145030483,912.6650006689094,1.5214234755653533,316.5763087793499,1.5212739202564263,327.95951145030483,1.5207950164644124,172.10857093534963,311.18558938185834,172.10857093602812,1.425686586113732,259.6539536273431,1.4245645569816938,311.18558938185834,259.6539536273432,297.49714649443376,1.4243372405538146,1.4114450070747613,308.87811460284536,1.3613749841536085,68.3314743781083,232.13913680329622,68.3314743783358,1.2662149490724017,155.00012106413809,232.13913680329622,155.00012106413763,179.4181973913014,1.2657782221283622,1.2516149817027262,231.09642277722784,1.2009147421377508,102.14328196171988,0.03189419254814584,0.011122036345168246,123.02066577032677,163.60849846536243,21.85029261758099,600.3082897741169,1.6221474365731232,1219.4026464288647,1.6221741594423755,277.3320583260931,108.3111866427422,1.5719548304638908,898.7025428189504,893.7093058693415,1.571299004563947,272.77501185006713,894.5193296090265,1.520834164172229,149.73630470834425,1.520808615179694,272.40032361384635,1.5202253188094603,122.53485169114583,244.36351834311859,123.69285648817632,1.4198643328816396,238.70169218280563,1.4191534381050228,242.34353489883745,239.25085515109208,287.28067667315054,1.4191307768516084,1.4114120111351027,238.85105115322216,1.360888064773713,48.41309281721065,160.81523228895963,48.9953423566509,1.2598266257519923,175.79528281661632,162.32791573510514,175.13391726920983,225.75138044429264,1.2594887787226978,1.251600704958078,159.13477652800677,1.2005549054530082,130.33184748195558,0.011049697271690063,0.0009091711372206104
149.2026878549837,189.99999999999682,25.507272607083557,599.9999587739123,1.6221683832192824,1219.5064057342752,1.6221950000000032,331.6295639432848,126.9312382264167,1.5722671122783394,914.8933683591846,912.6650006685309,1.5713149999736133,327.95951144958735,912.6650006685309,1.5214234753033091,316.5763087775249,1.5212739199943572,327.95951144958735,1.5207950162023138,172.11028546219347,311.1850124112184,172.11028546286195,1.4256866057094821,259.6557799808537,1.42456457514771,311.1850124112184,259.6557799808537,297.4994112690795,1.4243372585258363,1.4114450069679458,308.877512927062,1.3613749847640368,68.3322411374532,232.13876918220865,68.33224113768625,1.2662149020124642,155.0001206318883,232.13876918220865,155.00012063188828,179.4180116061473,1.2657781759531193,1.2516149820107942,231.0960649228277,1.2009147430989642,102.1328789226416,0.03189379555071905,0.011121834227050103,123.0204964557358,163.6093117538889,21.850403744918395,600.3083075487954,1.622147431777064,1219.4026761683533,1.622174155208966,277.33169099697307,108.31178690495167,1.571954830369433,898.7030072023001,893.7097967845963,1.5712990057568512,272.77465810454095,894.5199407484422,1.5208341741377316,149.73592013591627,1.520808623439389,272.40000677484164,1.5202253275504347,122.53486807884227,244.36313559283911,123.69285531762658,1.4198643163668239,238.70188625507984,1.4191534210867658,242.3431931874282,239.25103985436,287.2809086603687,1.4191307617958564,1.4114120107276014,238.8507309185174,1.360888071464946,48.41311411484148,160.8150667936161,48.99535099916769,1.2598266156144977,175.79547173793938,162.32774822152567,175.13408482074388,225.75159147528458,1.2594887722643733,1.2516007066111556,159.13465025916014,1.2005549136721338,130.33203019507323,0.011049642963567655,0.0009091897336469285
149.2026878549235,190.0,25.507272607059193,599.999958773916,1.6221683832192901,1219.5064057337772,1.6221950000000112,331.6295639431823,126.93123822640567,1.5722671122785274,914.8933683591341,912.6650006684692,1.5713149999738019,327.9595114494866,912.665000668469,1.5214234750427218,316.57630877725853,1.5212739197337442,327.9595114494866,1.5207950159416703,172.11197170904904,311.18444508288235,172.11197170970837,1.4256866249836295,259.6575761755913,1.4245645930149942,311.18444508288235,259.6575761755913,297.5016385618593,1.4243372762021949,1.4114450068575133,308.87692130596304,1.3613749853960089,68.33300678193362,232.13840706037684,68.33300678216922,1.266214855757944,155.00012019001662,232.13840706037684,155.00012019001645,179.41783043359635,1.2657781305624445,1.2516149823229974,231.0957123421422,1.2009147440735823,102.1224913621552,0.03189340147235756,0.01112163479641315,123.02032737597783,163.61014524834152,21.850517599307032,600.3083264887027,1.6221474268490161,1219.4027075901856,1.6221741508216139,277.3313310425295,108.31239899498794,1.5719548302527497,898.7034805160989,893.7102977185297,1.5712990069257222,272.77430958163575,894.5205652460965,1.5208341839039243,149.73556208572472,1.5208086313775988,272.3996968993315,1.5202253359984157,122.5348844665387,244.36276624300706,123.69285414707684,1.4198643003044689,238.7020756428509,1.419153404330328,242.34286320141047,239.2512218807689,287.28112713376834,1.4191307475135162,1.4114120102815528,238.85042079648753,1.3608880782531534,48.41313386916573,160.81490331650843,48.99535902436186,1.2598266061310353,175.79565508453484,162.32758373530007,175.13424741696454,225.7517988886024,1.2594887661897114,1.251600708197879,159.13452896152796,1.2005549218459748,130.33220845177334,0.011049587883564487,0.0009092086608571805
149.20268785490765,190.00000000000014,25.507272607038434,599.9999587739159,1.622168383219294,1219.5064057333109,1.622195000000015,331.62956394315415,126.93123822638506,1.5722671122787624,914.8933683591188,912.6650006684546,1.571314999974037,327.9595114494588,912.6650006684547,1.5214234747845687,316.57630877718896,1.5212739194755658,327.9595114494588,1.5207950156834618,172.1136301344265,311.18388720319706,172.1136301350759,1.4256866425613808,259.6593427108048,1.424564608919439,311.18388720319706,259.6593427108049,297.5038290132676,1.4243372918786645,1.4114450067463484,308.87633953805346,1.36137498596392,68.33377130850374,232.1380504354821,68.33377130874426,1.2662148103022113,155.0001197923413,232.1380504354821,155.00011979234114,179.41765380370933,1.2657780859496508,1.2516149826012735,231.0953650361197,1.2009147449478759,102.11211923058767,0.03189301026848346,0.011121437914662552,123.02016056627217,163.61097874279412,21.850632817221275,600.3083462778447,1.6221474217709178,1219.4027401788042,1.6221741462583281,277.3309816233379,108.3130022141541,1.57195483019163,898.7039448994486,893.7107919733439,1.5712990080880391,272.7739680222251,894.5211864041911,1.5208341938694272,149.73522171702407,1.5208086399587788,272.3993898092192,1.520225344690558,122.53490290269718,244.3624044309267,123.69285590290144,1.419864284920805,238.702262353763,1.4191533879404372,242.34254159067234,239.25140123031886,287.28135011177415,1.4191307336952232,1.4114120098355043,238.85011235990348,1.3608880849443865,48.41315362348998,160.81474690322642,48.99536704955602,1.2598265969745888,175.7958421476154,162.32742580834113,175.13440598699307,225.75200630192018,1.2594887604987126,1.251600709876921,159.13440865813868,1.200554930019816,130.33238373752846,0.011049531259548377,0.000909227918872009
149.2026878938206,190.00000001848844,25.507272509267658,599.999958837968,1.6221683831526128,1219.5064066309244,1.6221949999334146,331.62956397857715,126.93123822416152,1.5722671121965295,914.8933683075954,912.665000550667,1.5713149998932554,327.959511534341,912.6650005506666,1.521423474446698,316.57630840440925,1.5212739191378737,327.959511534341,1.520795015346112,172.11526119697555,311.1833389897029,172.1152611978978,1.4256866635513679,259.66107997091217,1.4245646288346459,311.1833389897029,259.6610799709122,297.5059831220701,1.4243373116487361,1.4114450069786897,308.8757678452788,1.3613749878827377,68.33452910714166,232.1376763281287,68.33452910740135,1.2662147649378865,155.00011817036417,232.1376763281287,155.00011817036412,179.41748635385616,1.2657780414929773,1.2516149839907273,231.0949999335083,1.2009147476311095,102.10176020835837,0.031892616775366506,0.01112124186429895,123.01999704422846,163.61183244317286,21.850752125712358,600.3083671729668,1.6221474164635754,1219.4027743140934,1.6221741414586313,277.33064344174846,108.31361430419037,1.5719548302638626,898.7044182132473,893.7112895677178,1.571299009361781,272.77363621170696,894.5218175809647,1.52083420423355,149.73491671130535,1.5208086488861736,272.39909177164986,1.5202253540175195,122.5349230946803,244.36205769434966,123.69285882927579,1.419864270215832,238.70244571860138,1.4191533723360046,242.34223170532573,239.2515765645804,287.2815640805676,1.4191307210628288,1.411412009499591,238.84982414866917,1.3608880920720043,48.41317306915292,160.8145945264162,48.995375074750186,1.2598265887337867,175.79603230776678,162.32727595432578,175.13455867258696,225.7522185388035,1.2594887558308145,1.2516007116627064,159.13429730293538,1.2005549387597125,130.3325619942286,0.011049473091543065,0.0009092476965225716
149.20268786819148,190.00000000160264,25.50727256938781,599.99995873746,1.6221683832230283,1219.5064052712432,1.6221950000037393,331.62956393510024,126.93123820265316,1.5722671122502745,914.8933683484847,912.6650001881544,1.5713149999466447,327.9595114433872,912.6650001881542,1.5214234741873818,316.57630838310615,1.521273918878372,327.9595114433872,1.5207950150863994,172.1168653300777,311.1827990315755,172.116865331015,1.4256866810305757,259.6627887693068,1.4245646449768916,311.1827990315755,259.66278876930687,297.50810192334325,1.4243373276096043,1.411445006578948,308.8752047730059,1.36137498773085,68.33529097007218,232.13733212034495,68.3352909703383,1.2662147199581226,155.00011860821934,232.13733212034495,155.00011860821968,179.41732130859742,1.2657779973049166,1.2516149835382535,231.0946644812486,1.2009147471397357,102.09141844203438,0.0318922290044705,0.011121048680275851,123.01983438323907,163.61266593762548,21.850868707152216,600.3083893715652,1.6221474109130958,1219.4028102402642,1.622174136417025,277.33031052778506,108.31422048031322,1.5719548304361093,898.7048796197807,893.7117804829726,1.5712990106486315,272.7733113646834,894.522442078619,1.520834214796983,149.7346249667048,1.5208086582092424,272.3988000012257,1.5202253634421456,122.53494445721314,244.3617168204684,123.69286351147473,1.4198642561895503,238.70262975265453,1.4191533572028465,242.34192349503505,239.25175323727143,287.28177804936104,1.4191307087397989,1.4114120092242524,238.84953762288072,1.3608880994905452,48.41319313213848,160.8144451769598,48.995384951912236,1.259826580885404,175.79621627377645,162.32712912766428,175.13471259700918,225.7524259521213,1.2594887513547481,1.2516007135206155,159.13418545061063,1.2005549475448933,130.33274025092874,0.011049413636951446,0.000909267757824805
149.2026878577464,189.99999997365632,25.507272017593458,599.9999579107872,1.6221683832900327,1219.5063922853915,1.6221950000704493,331.62956393259014,126.93123755294758,1.5722671122775695,914.8933682318974,912.6650004890453,1.5713149999729326,327.9595114419617,912.665000489045,1.5214234739949577,316.5763085707884,1.5212739186858877,327.9595114419617,1.5207950148937388,172.11844296780885,311.18226842508795,172.1184429687726,1.4256866989833745,259.6644692234505,1.4245646616121903,311.18226842508795,259.6644692234505,297.5101855249899,1.4243373440660412,1.4114450064313284,308.8746514471068,1.3613749884711195,68.33605150530457,232.13699122805718,68.33605150557699,1.2662146766824587,155.00011813437087,232.13699122805718,155.0001181343714,179.41715946404514,1.2657779548102917,1.251614983798726,231.09433219659311,1.2009147484173623,102.08109189459387,0.03189184535966535,0.0111208579330533,123.01967657546497,163.61349438059653,21.850984606829265,600.3084114911651,1.6221474054695966,1219.402845976493,1.6221741314798797,277.32998340821024,108.314817785566,1.5719548304416655,898.7053440031304,893.7122747377869,1.571299011826242,272.772992784805,894.5230632367136,1.520834224862141,149.73434206284975,1.5208086668646112,272.39851031984995,1.5202253723784491,122.53496669765829,244.36138264681082,123.69286819367366,1.4198642423894987,238.7028057561308,1.4191533421744165,242.34162952271973,239.25192321781503,287.2819830089421,1.4191306965714514,1.411412008844285,238.84926120976712,1.3608881062787528,48.413212269140104,160.81430087309317,48.99539421175166,1.2598265729062148,175.7964027174428,162.32698482379763,175.13486063699673,225.75263577722188,1.2594887471344567,1.2516007152371618,159.13407807237888,1.2005549558998723,130.33291256573887,0.011049355726942474,0.0009092875363419499
149.20268785475406,190.00000000578711,25.507272582968035,599.9999587330203,1.622168383230145,1219.506405154873,1.6221950000108545,331.62956394228377,126.93123819944904,1.5722671122823164,914.8933683548404,912.6650006620421,1.5713149999775997,327.95951144885197,912.6650006620425,1.521423473787898,316.5763087684687,1.5212739184787982,327.95951144885197,1.5207950146865796,172.1199945853989,311.1817466895716,172.11999458634813,1.4256867166969536,259.6661219301834,1.4245646780295957,311.1817466895716,259.6661219301834,297.51223465109575,1.4243373603074656,1.4114450062924233,308.87410737134536,1.3613749887077085,68.33681177890371,232.1366579759665,68.33681177917973,1.2662146344350356,155.00011793753458,232.1366579759665,155.00011793753458,179.4170008712062,1.2657779133160028,1.2516149838990205,231.09400737425113,1.2009147489382372,102.07078095513793,0.03189146590335536,0.011120669786141046,123.01951923735686,163.61431272060457,21.851099142980708,600.3084333342699,1.6221474001052907,1219.4028811157611,1.6221741265867178,277.3296629609617,108.31541509081877,1.5719548304694473,898.7058054096638,893.7127589739225,1.5712990129667106,272.77267664214975,894.5236810552485,1.5208342345785062,149.73406799974015,1.5208086755694394,272.3982276019688,1.5202253810705915,122.53498952337833,244.36106187360068,123.69287463169721,1.4198642289287926,238.7029817596071,1.4191533277743527,242.34134392568407,239.25209052149972,287.2821834639171,1.4191306849187117,1.4114120084312771,238.84899322388262,1.3608881128245243,48.413233566770934,160.81415959658037,48.99540532355896,1.259826565711864,175.79659411642254,162.3268460700797,175.13501487112606,225.75284680821383,1.2594887432978283,1.2516007168758145,159.13397467111866,1.2005549639378599,130.33308488054897,0.011049298074612813,0.0009093075985231944
149.20268785508827,190.0000000003988,25.507272607682758,599.9999587725866,1.622168383219699,1219.5064057425657,1.6221950000004204,331.6295639435334,126.93123822699171,1.5722671122805338,914.8933683594873,912.6650006688783,1.571314999975807,327.95951144983434,912.6650006688782,1.521423473546644,316.5763087783588,1.521273918237519,327.95951144983434,1.5207950144452687,172.1215205830357,311.1812335963803,172.12152058397095,1.4256867341608106,259.66774734125914,1.4245646942185122,311.1812335963803,259.66774734125914,297.5142499063913,1.424337376323275,1.4114450061968276,308.8735723097694,1.361374989133187,68.33757090017721,232.13632860531052,68.33757090045552,1.2662145928712283,155.00011758073123,232.13632860531052,155.00011758073148,179.4168461329612,1.2657778724912796,1.2516149841306345,231.09368624940237,1.2009147497561978,102.06048522841576,0.03189108964771636,0.011120483970549403,123.01936737868535,163.61512600913105,21.851211633843725,600.3084548811302,1.6221473947854441,1219.402915712338,1.6221741217540333,277.32934901045184,108.31600056824476,1.571954830497229,898.7062549089318,893.713236530939,1.5712990140809617,272.77236990021214,894.5242855155449,1.5208342442948715,149.73381161812148,1.5208086841258899,272.3979504548833,1.5202253897627336,122.53501176382348,244.36074696308629,123.69288048444588,1.4198642160902202,238.70315107093597,1.419153313740836,242.34106670392805,239.25225514832545,287.2823794142858,1.4191306735753368,1.4114120080733368,238.84873029433555,1.3608881195642444,48.41325301243387,160.81402336565733,48.995415200721006,1.2598265585829163,175.79677746301803,162.32671185739255,175.1351709634979,225.75305542742302,1.2594887396530312,1.2516007185173523,159.13387375546566,1.2005549718626365,130.3332571953591,0.011049240937332892,0.0009093273779069596
149.20268785489344,190.0000000000173,25.507272608553144,599.999958773894,1.6221683832193121,1219.5064057639538,1.622195000000034,331.6295639432146,126.93123822799207,1.5722671122808711,914.8933683594563,912.6650006688658,1.5713149999761469,327.9595114495163,912.6650006688659,1.5214234733088579,316.5763087777799,1.52127391799971,327.9595114495163,1.5207950142074322,172.12302138087813,311.1807289892838,172.1230213817979,1.4256867513331493,259.66934590730136,1.4245647101368661,311.1807289892838,259.66934590730136,297.5162318593434,1.4243373920713622,1.4114450060986816,308.87304609818614,1.3613749896005336,68.33832886757914,232.13600338068238,68.338328867862,1.2662145519273982,155.00011720464846,232.13600338068238,155.00011720464866,179.41669536572397,1.2657778322710918,1.2516149843728959,231.09336907892418,1.2009147505918611,102.05020466173157,0.03189071622300705,0.011120300326150344,123.01921685073415,163.61590898876835,21.85132207941833,600.3084762502436,1.6221473895559058,1219.402949793358,1.6221741169928219,277.3290378693426,108.31657126088726,1.5719548305250106,898.7066984545671,893.7137040692769,1.571299015179919,272.77206281009984,894.5248799571623,1.520834253562789,149.73355523650284,1.520808692311396,272.3976781822441,1.5202253980642177,122.53503488218095,244.36043959032355,123.69288867829403,1.4198642033082052,238.7033210514796,1.4191533000738665,242.34079115722795,239.25241843672168,287.2825753646545,1.4191306623866446,1.4114120076493153,238.8484707356801,1.3608881258190928,48.41327400140339,160.81388713473427,48.99542569520568,1.2598265514539684,175.79695337664344,162.32658016750028,175.13531776465712,225.75325560539252,1.2594887360082343,1.2516007200809962,159.1337753254199,1.2005549796289177,130.33342356827922,0.011049185344587377,0.0009093471577209693
149.20268785487946,190.0000000000003,25.50727260844298,599.9999587739418,1.6221683832192957,1219.5064057619152,1.6221950000000174,331.6295639431826,126.93123822788044,1.5722671122812852,914.8933683594155,912.6650006688174,1.5713149999765612,327.9595114494848,912.665000668817,1.521423473075167,316.57630877766354,1.5212739177659962,327.9595114494848,1.5207950139736908,172.12449739375282,311.1802327320913,172.12449739465904,1.4256867682202223,259.6709180693417,1.424564725790554,311.1802327320913,259.6709180693417,297.51818105548983,1.4243374075575743,1.4114450059993895,308.8725285945111,1.361374990076342,68.33908567873684,232.13568237856742,68.33908567902247,1.266214511607108,155.00011682468855,232.13568237856742,155.00011682468858,179.41654853337423,1.2657777926585778,1.2516149846157232,231.09305594087164,1.2009147514290646,102.03993920470265,0.031890345497965544,0.011120118731315503,123.01906796661393,163.61670712285024,21.851433888518542,600.3084972046146,1.6221473843888885,1219.4029833859556,1.6221741122865898,277.3287353320224,108.31714195352977,1.5719548305416797,898.7071420002023,893.7141749471742,1.5712990162548437,272.77176477253056,894.5254743987798,1.520834262880534,149.7332988548842,1.5208087007441984,272.3974079986532,1.5202254064145342,122.53505741526354,244.36013808025658,123.69289511631757,1.4198641906958631,238.70348567830533,1.4191532865639884,242.34052314827952,239.2525777098295,287.28276230581093,1.4191306513526345,1.411412007263841,238.84822128969955,1.360888132316377,48.41329344706632,160.81375594940098,48.99543557236773,1.259826545044456,175.79713672323894,162.32644898216697,175.1354682823014,225.7534654304931,1.2594887326831563,1.2516007216821445,159.1336788838599,1.2005549873725565,130.33358399930933,0.011049128465262242,0.0009093668907564988
149.20268785488145,189.99999999999955,25.507272608289707,599.9999587739408,1.6221683832192948,1219.506405758798,1.6221950000000165,331.62956394317735,126.93123822771706,1.5722671122816818,914.8933683593859,912.665000668782,1.5713149999769582,327.9595114494797,912.6650006687817,1.5214234728454434,316.57630877761557,1.52127391753625,327.9595114494797,1.5207950137439177,172.12594902958628,311.17974468776004,172.12594903047892,1.4256867848281782,259.67246426190826,1.4245647411853888,311.17974468776004,259.6724642619083,297.5200980327585,1.4243374227876795,1.411445005900497,308.87201965588395,1.3613749905460208,68.33984133090655,232.13536554989844,68.33984133119623,1.2662144719004707,155.00011644709565,232.13536554989844,155.0001164470957,179.41640559189122,1.2657777536439836,1.2516149848544313,231.09274678844218,1.200914752257342,102.02968880814907,0.03188997742288715,0.0111199390906532,123.01892448365265,163.61747999952448,21.851542970567536,600.3085179417394,1.6221473793094008,1219.4030162730546,1.6221741076628267,277.32843630645294,108.31770081834549,1.5719548305361235,898.7075736385723,893.7146324668335,1.5712990172948111,272.77147160940746,894.5260521425989,1.5208342719491417,149.73306457512922,1.5208087089049747,272.3971475639548,1.5202254146671859,122.53508082625845,244.35984494546923,123.69290331016572,1.419864178762212,238.70364695905735,1.4191532734206576,242.3402601644989,239.25273564450782,287.2829469946642,1.4191306407311108,1.4114120068948872,238.84797184371902,1.3608881385712253,48.413313818713206,160.81362678230357,48.99544606685241,1.259826538504137,175.7973132562785,162.32632334698238,175.13561539316768,225.75366319667984,1.259488729358078,1.251600723214054,159.13358592214996,1.200554994844489,130.33374591581196,0.011049073130453162,0.0009093863409617505
149.2026878548826,189.9999999999996,25.507272608203703,599.9999587739385,1.622168383219295,1219.5064057564864,1.6221950000000167,331.62956394317473,126.93123822761201,1.572267112281991,914.8933683593665,912.6650006687544,1.5713149999772673,327.95951144947674,912.6650006687519,1.5214234726869373,316.5763087775757,1.5212739173777283,327.95951144947674,1.5207950135853774,172.12737669095867,311.1792643701985,172.12737669205478,1.4256867998721003,259.67398501021376,1.4245647551095675,311.1792643701985,259.67398501021376,297.5219833878426,1.4243374365605121,1.4114450058416546,308.87151879035304,1.3613749909128396,68.34059151663686,232.134983892911,68.3405915169397,1.266214427334707,155.0001161486519,232.134983892911,155.00011614865167,179.41628290204548,1.265777710004943,1.2516149850410985,231.0923737252844,1.2009147529100819,102.0194517050944,0.03188961031899539,0.011119760763375447,123.01878170519036,163.61822761879105,21.85164728027688,600.3085384023693,1.6221473742632575,1219.4030487802695,1.6221741030775492,277.3281425485095,108.31824489837771,1.5719548305416797,898.7079963464931,893.715079967814,1.571299018310746,272.7711826243812,894.5266198677392,1.5208342809180941,149.7328126138833,1.5208087169668327,272.3968871292564,1.5202254226756766,122.53510365197847,244.35955348573782,123.692910918739,1.419864166941676,238.70380757059462,1.4191532605915098,242.33999969330213,239.25289224075667,287.28313393582056,1.4191306301095872,1.4114120065149198,238.8477274540759,1.360888144680612,48.413333881698776,160.81349963344206,48.995456561337086,1.259826532356237,175.79748855048973,162.3261992254747,175.135762504034,225.75386458054072,1.259488726416663,1.2516007247286538,159.13349395468296,1.2005550022711367,130.33391080325958,0.011049018053290486,0.0009094056971615218
149.20268784226442,189.9999999969365,25.507272607270256,599.9999587766606,1.6221683832272769,1219.506405748929,1.6221950000079965,331.6295639204592,126.93123822910059,1.572267112265168,914.8933683512406,912.6650006621861,1.5713149999606297,327.9595114254203,912.6650006621863,1.5214234722738262,316.57630872297824,1.521273916964606,327.9595114254203,1.5207950131722616,172.12878077521793,311.1787926039142,172.12878077629784,1.4256868171587933,259.6754804746246,1.4245647711497968,311.1787926039142,259.6754804746246,297.52383748472647,1.424337452430791,1.4114450056465242,308.8710268160253,1.3613749922173715,68.34134387212805,232.1347241024884,68.3413438724444,1.2662143922601266,155.00011530115722,232.1347241024884,155.00011530115728,179.416137478712,1.265777675413306,1.2516149855459011,231.0921199546852,1.2009147544425,102.00923068125206,0.031889243025311646,0.011119583346986296,123.01864205783471,163.61897523805763,21.851752953511838,600.3085586852525,1.6221473693088118,1219.4030808533314,1.6221740985637447,277.32785265349173,108.31878010753985,1.5719548305361235,898.7084131007814,893.7155207896753,1.5712990193135719,272.7708999065,894.5271809137602,1.520834289538254,149.73256949338287,1.5208087246577462,272.3966329617031,1.520225430488838,122.53512589242364,244.3592687262301,123.69291852731227,1.4198641555170433,238.70396483605822,1.4191532481812732,242.339747597385,239.2530434832876,287.2833141200677,1.4191306199005498,1.411412006123939,238.84748812077024,1.36088815059605,48.413353636023025,160.81337248458053,48.995466438499136,1.259826525815918,175.79765826997337,162.32607560852603,175.1359052790011,225.75405390548778,1.2594887230276413,1.251600726168245,159.13340248433738,1.2005550092902246,130.3340623214547,0.011048963491138356,0.0009094250065615372
149.20268785515714,190.00000000049286,25.507272608045184,599.9999587741579,1.6221683832186047,1219.5064057518675,1.6221949999993261,331.629563943793,126.93123822741275,1.572267112287689,914.8933683593538,912.6650006684265,1.571314999982965,327.9595114502592,912.6650006684267,1.5214234721798894,316.57630877877534,1.52127391687063,327.9595114502592,1.5207950130782182,172.13016166225017,311.1783284600059,172.13016166331315,1.4256868329947907,259.676951278773,1.4245647858310657,311.1783284600059,259.67695127877306,297.5256609305468,1.4243374669552227,1.411445005579837,308.8705427996322,1.3613749922892038,68.34209623613242,232.13442271406603,68.34209623645259,1.2662143547973614,155.00011519228354,232.13442271406603,155.0001151922836,179.4160065599151,1.2657776385826385,1.2516149856736094,231.0918256547428,1.2009147548898138,101.99902513044965,0.031888882194308854,0.0111194085228307,123.01850561986335,163.6197228573242,21.851859308509603,600.3085785138937,1.6221473644113296,1219.4031124108365,1.6221740941049199,277.32756960638784,108.3193182736587,1.571954830513898,898.708832831886,893.7159649510963,1.5712990202727017,272.7706220630651,894.5277419597811,1.5208342982082415,149.7323484747461,1.5208087323733894,272.396385061295,1.5202254382531672,122.5351490107811,244.35899317953002,123.69292730643528,1.4198641443751985,238.70411741701864,1.4191532360328558,242.33950136416365,239.25319338738908,287.28348754740557,1.4191306098977556,1.4114120057549853,238.84725552924783,1.3608881565114879,48.41337277302464,160.81325239954467,48.995476315661186,1.259826519929631,175.7978267506287,162.32595804628502,175.13604371806898,225.75424925989176,1.2594887200862261,1.2516007276049508,159.1333154880848,1.2005550163093124,130.3342168105948,0.011048908929255655,0.0009094444580098123
149.2026878554021,189.99999999994657,25.507272607793173,599.999958773938,1.622168383219198,1219.5064057488075,1.6221949999999192,331.629563944031,126.93123822707481,1.5722671122831793,914.8933683596686,912.6650006691073,1.5713149999784548,327.9595114503136,912.6650006691077,1.521423471966302,316.5763087796024,1.5212739166570217,327.9595114503136,1.5207950128645842,172.13151973766077,311.1778719527156,172.13151973870822,1.4256868485514607,259.6783977948167,1.4245648002523281,311.1778719527156,259.67839779481676,297.52745423977376,1.424337481222284,1.4114450055018914,308.87006675007456,1.3613749925065197,68.34284741495696,232.13412334053552,68.34284741527998,1.2662143175839011,155.00011492138808,232.13412334053552,155.00011492138836,179.41587905780668,1.2657776019947093,1.2516149858198058,231.09153320981432,1.2009147555405857,101.98883447542347,0.031888524840059405,0.01111923571436715,123.0183707474453,163.62046037362774,21.851960891167725,600.3085982635365,1.6221473595985982,1219.4031435341883,1.6221740896955763,277.3272907733847,108.31984461195074,1.5719548304750037,898.7092406557251,893.7163924147195,1.5712990212077986,272.77034561232904,894.5282929871231,1.5208343064796088,149.73212303573658,1.5208087400890324,272.39613646453745,1.5202254456756708,122.53517271441343,244.35871930788585,123.69293667083316,1.4198641332333535,238.70426999797905,1.4191532238844384,242.33925680599822,239.25334061463158,287.2836632270465,1.419130600049644,1.4114120053529908,238.84702799406287,1.360888162232977,48.41339283601021,160.8131323145088,48.99548619282323,1.2598265141741503,175.7979977089407,162.32584250227993,175.136193306592,225.7544397907302,1.2594887173366422,1.2516007290272322,159.1332294860751,1.2005550232378315,130.3343712997349,0.01104885488237335,0.0009094632488816205
149.2026878549209,189.99999999999605,25.507272607706838,599.9999587739237,1.6221683832192997,1219.5064057469262,1.622195000000021,331.6295639432118,126.93123822709232,1.5722671122834133,914.893368359301,912.6650006686677,1.5713149999786906,327.95951144951096,912.6650006686682,1.5214234717538726,316.57630877754286,1.521273916444572,327.95951144951096,1.5207950126521113,172.13285537595488,311.1774229976445,172.1328553769849,1.425686863844701,259.67982041000573,1.4245648144288543,311.1774229976445,259.67982041000573,297.5292179003102,1.4243374952471448,1.4114450054182333,308.869598576669,1.361374992809591,68.34359740915366,232.13382673225948,68.34359740947966,1.2662142808168582,155.00011461247578,232.13382673225948,155.0001146124758,179.41575504990038,1.2657775658432588,1.2516149859956616,231.0912433650979,1.200914756229912,101.97865866349153,0.0318881702334682,0.011119064764058552,123.01823947579987,163.62117768400515,21.85206383735146,600.3086177366843,1.6221473548178222,1219.4031741962524,1.6221740853412119,277.3270203685832,108.320359122416,1.5719548305027853,898.7096455027479,893.7168198783427,1.5712990221560044,272.77008065135914,894.5288306562265,1.5208343148506311,149.73191085784526,1.520808747656298,272.39589900937125,1.5202254532935033,122.53519583277091,244.35845967421704,123.69294603523105,1.4198641229398725,238.70441722522156,1.419153212521479,242.33902397322427,239.25348650344463,287.2838298974751,1.4191305906655793,1.4114120050005572,238.84680720066117,1.3608881680514404,48.413412281673146,160.81301727506266,48.99549730463053,1.2598265086802822,175.7981618536968,162.32572998562867,175.13632895829608,225.75463032156864,1.2594887149067777,1.2516007304293189,159.13314646679407,1.2005550301210661,130.33451984698502,0.011048801865212328,0.0009094824650741637
149.2026878548849,189.9999999999996,25.50727260762326,599.9999587739271,1.6221683832192988,1219.5064057452187,1.6221950000000203,331.629563943147,126.93123822701153,1.5722671122838132,914.8933683592551,912.6650006686052,1.5713149999790907,327.9595114494482,912.6650006686049,1.5214234715453485,316.57630877734914,1.5212739162360274,327.9595114494482,1.5207950124435423,172.13416894678514,311.17698147413273,172.13416894779937,1.4256868788815495,259.6812195170734,1.424564828367353,311.17698147413273,259.68121951707343,297.530952399124,1.4243375090364676,1.4114450053314,308.8691381534285,1.3613749931398305,68.34434621787113,232.13353312600583,68.34434621819987,1.2662142445113245,155.0001142918277,232.13353312600583,155.00011429182774,179.41563452111257,1.2657775301422443,1.2516149861783725,231.09095635750245,1.200914756934876,101.96849764533434,0.031887818119062945,0.011118895560897795,123.01810898693111,163.621889942901,21.85216542000958,600.3086370320851,1.6221473501009565,1219.4032045327017,1.622174081036329,277.32675049054427,108.32087067592457,1.57195483048056,898.7100414193217,893.7172373232871,1.571299023071438,272.76981429769035,894.52936832533,1.5208343230223436,149.73169425958125,1.520808755248293,272.39566016150616,1.5202254608136714,122.53521895112837,244.3581950153805,123.69295598490379,1.419864112420161,238.70456579089355,1.419153201053792,242.3387894653944,239.25362971539872,287.28399882020676,1.4191305811783932,1.4114120046260967,238.84658472181366,1.3608881737244425,48.413432035997396,160.81290223561652,48.99550779911521,1.259826503382624,175.79832661786708,162.32561898265433,175.13647359150568,225.75482085240708,1.2594887124129692,1.2516007317650515,159.13306444175592,1.2005550367778783,130.33466987970763,0.011048748590942702,0.0009095013039469784
149.20268785488798,189.9999999999996,25.50727260754656,599.999958773926,1.6221683832192977,1219.5064057436557,1.6221950000000191,331.62956394314904,126.93123822692965,1.5722671122841771,914.8933683592428,912.6650006685888,1.5713149999794553,327.9595114494498,912.6650006685884,1.5214234713404973,316.57630877733175,1.5212739160311561,327.9595114494498,1.5207950122386467,172.1354608135925,311.17654725985204,172.13546081459083,1.425686893668804,259.6825955031544,1.4245648420743207,311.17654725985204,259.6825955031544,297.5326582165818,1.4243375225967083,1.411445005244055,308.8686853527719,1.361374993473577,68.34509383959869,232.1332425528068,68.34509383992912,1.2662142086663384,155.00011396958902,232.1332425528068,155.00011396958905,179.41551744256674,1.2657774948904859,1.2516149863601416,231.09067221937647,1.200914757638671,101.95835137318898,0.0318874684021495,0.01111872802185875,123.01798217711263,163.62258199587075,21.85226223032806,600.3086560707408,1.622147345459116,1219.4032342179214,1.6221740768194133,277.32648552895625,108.32136448769295,1.5719548304361093,898.7104284054465,893.717644749553,1.5712990239562845,272.76955281846773,894.5298859570755,1.5208343308950907,149.73147766131723,1.5208087625435325,272.39542827713564,1.5202254679431813,122.5352417768484,244.35793705676764,123.69296534930167,1.4198641019004496,238.70471101049185,1.4191531895861047,242.3385599827323,239.25377025049383,287.2841654906353,1.4191305718974503,1.4114120042406226,238.84636561385776,1.3608881791065213,48.413451790321645,160.8127892144063,48.995518293599886,1.2598264978233527,175.79848518789558,162.32550999791587,175.13660614613892,225.75500294200586,1.259488709791273,1.25160073305751,159.13298390808208,1.2005550432082686,130.3348139705402,0.01104869660373883,0.0009095198599099398
149.20268791642843,190.0000000050295,25.5072726090186,599.999958783252,1.6221683832017304,1219.5064057513641,1.6221949999824503,331.62956404757915,126.93123821742256,1.5722671121952576,914.8933683997371,912.6650007272972,1.5713149998902725,327.95951154566956,912.6650006995119,1.5214234710428869,316.5763090346021,1.5212739157332749,327.95951154566956,1.5207950119402738,172.13673133605968,311.1761207211707,172.13673133721778,1.4256869099753053,259.6839486152069,1.4245648573711553,311.1761207211707,259.6839486152069,297.53433567078184,1.4243375377564367,1.4114450053616534,308.86824055247445,1.3613749951192695,68.345835111866,232.1329337000849,68.34583511222448,1.266214168992133,155.00011261977073,232.1329337000849,155.000112619771,179.41540739526675,1.2657774559332038,1.2516149873771643,231.09036958375432,1.2009147601037378,101.94821753930822,0.031887116553615646,0.011118560662726344,123.01785693284747,163.62326899735893,21.852360404172153,600.3086748724006,1.6221473408547882,1219.403263713199,1.6221740726134932,277.32622653734444,108.32185829946133,1.5719548304416655,898.7108124147549,893.7180521758188,1.5712990248214678,272.76929830273974,894.530403588821,1.520834338867493,149.7312787445441,1.5208087698882313,272.39519917816295,1.5202254753656848,122.5352651878433,244.35769082354625,123.69297529897443,1.4198640922856598,238.70485087637223,1.4191531789562395,242.3383380378219,239.2539094471595,287.28432540415463,1.4191305631321152,1.4114120039212297,238.84615661857677,1.3608881846825487,48.41347092732327,160.8126792205499,48.99552878808456,1.259826492787307,175.79864561616665,162.32540504964925,175.13674272696426,225.75518382571323,1.2594887076171835,1.2516007344192075,159.13290735137983,1.2005550496839432,130.33495954684534,0.011048644359418996,0.000909538605122049
149.20268784264317,190.00000000077353,25.507272607415224,599.9999587726259,1.6221683832239084,1219.5064057368077,1.6221950000046297,331.62956392113335,126.93123822918615,1.5722671122952376,914.8933683513505,912.6650006594467,1.5713149999906673,327.9595114261873,912.6650006594462,1.5214234708997516,316.57630872441507,1.521273915590392,327.9595114261873,1.5207950117978781,172.13798086496848,311.17570021376184,172.13798086610814,1.4256869224780313,259.68527965324716,1.4245648687763612,311.17570021376184,259.6852796532472,297.5359857224526,1.424337549012551,1.4114450050393907,308.86780205217104,1.3613749946939637,68.34658056005452,232.13265292901994,68.34658056041665,1.2662141366718658,155.00011308001308,232.13265292901994,155.00011308001262,179.415299809052,1.2657774241103192,1.2516149868923119,231.09009478574953,1.2009147593264462,101.93810055859166,0.03188676981801295,0.011118395464913453,123.01773474141126,163.6239458958841,21.852457214490627,600.3086934568145,1.6221473363199281,1219.4032926657853,1.6221740684515566,277.32597369129627,108.32234619731632,1.5719548304138837,898.711193447247,893.7184529229655,1.5712990256888357,272.7690476169338,894.5309112018875,1.5208343464911027,149.73109308888922,1.5208087769609042,272.39497634633545,1.52022548239753,122.53528742828846,244.35744626538082,123.69298524864718,1.4198640827274274,238.70499074225262,1.4191531682740104,242.33811944302332,239.2540446285367,287.28448531767395,1.4191305545214625,1.4114120035467692,238.8459509941874,1.3608881898706786,48.41349068164752,160.81257528140122,48.99553866524661,1.259826487882068,175.79879923088177,162.32530262417745,175.136870016577,225.7553586799637,1.259488705443094,1.2516007357260905,159.1328322860419,1.2005550561143334,130.33510215220542,0.011048592887424293,0.0009095570201902266
149.20268785584372,189.99999999998477,25.5072726073763,599.9999587741388,1.6221683832187659,1219.5064057403433,1.6221949999994867,331.6295639448002,126.93123822652817,1.5722671122863812,914.8933683598284,912.6650006692345,1.5713149999816483,327.959511451083,912.6650006692346,1.5214234707486427,316.5763087813189,1.5212739154392416,327.959511451083,1.5207950116466593,172.13920974250527,311.17528725776003,172.13920974362756,1.42568693655701,259.68658852511714,1.4245648818271803,311.17528725776003,259.68658852511714,297.5376082822452,1.4243375619236955,1.411445004963293,308.8673714194055,1.3613749947258933,68.34732479787732,232.1323736611541,68.34732479824211,1.266214102440561,155.00011291637634,232.1323736611541,155.00011291637614,179.4151933309215,1.2657773904287617,1.2516149869801751,231.0898214446147,1.2009147598610852,101.92799821899428,0.03188642705021985,0.0111182321181936,123.01761348930705,163.62461269144617,21.852550615995078,600.3087119622297,1.622147331835085,1219.4033214826986,1.6221740643445994,277.32571961613536,108.32282522430123,1.5719548303805457,898.7115685261064,893.7188436514336,1.571299026527801,272.76879832382673,894.5314154753945,1.5208343540150573,149.73089417211614,1.520808784033577,272.3947556035563,1.5202254892828786,122.53531083928335,244.35720673238316,123.69299461304506,1.419864073169195,238.70512592362985,1.419153157748873,242.33790168575274,239.25417847148444,287.2846407265871,1.4191305456530057,1.4114120031998425,238.845745369798,1.3608881950103215,48.41350950998782,160.81246629666276,48.99554915973129,1.2598264827806192,175.79895656208197,162.3251996941467,175.13701000418033,225.7555395636711,1.259488703141117,1.2516007369579651,159.13275622646105,1.2005550622956591,130.33524030114802,0.011048541930385743,0.0009095752939725848
149.20268785508895,189.9999999999796,25.507272607300244,599.9999587739121,1.6221683832192768,1219.5064057387146,1.6221949999999978,331.6295639434717,126.93123822662304,1.57226711228539,914.8933683593475,912.6650006687184,1.5713149999806668,327.9595114497623,912.6650006687187,1.521423470556427,316.57630877808856,1.5212739152470083,327.9595114497623,1.5207950114544064,172.14041831018613,311.1748811032562,172.14041831129032,1.4256869504053302,259.68787577174453,1.4245648946645186,311.1748811032562,259.68787577174453,297.5392040185827,1.4243375746237024,1.4114450048928062,308.86694788122645,1.3613749948822824,68.34806782871229,232.1320958925741,68.34806782907901,1.2662140684778445,155.00011266832237,232.1320958925741,155.00011266832243,179.41508997170286,1.2657773570109503,1.251614987097122,231.0895494585952,1.2009147604281944,101.91791046268423,0.031886087073747654,0.01111807047702025,123.01749474208815,163.62528958997132,21.85264606278794,600.3087302108996,1.6221473273974798,1219.4033497569208,1.6221740603036174,277.32547502270126,108.32329833737272,1.5719548303749895,898.7119376513331,893.7192343799016,1.5712990273558425,272.76855599421435,894.5319130697821,1.5208343614891844,149.73070851646125,1.5208087910073316,272.3945397352234,1.5202254962658919,122.53533366500339,244.3569722245533,123.69300514799266,1.419864063950308,238.7052617742218,1.4191531475379187,242.33769146623382,239.25430963757321,287.28479388319715,1.4191305374548395,1.4114120028363955,238.84554817263773,1.3608882001499643,48.41352926431207,160.81236538486792,48.995560271538594,1.2598264782023958,175.79910584089788,162.32510231426468,175.13713977144977,225.7557132120302,1.2594887012228029,1.2516007381840697,159.1326856352161,1.2005550683864161,130.33537696461812,0.011048491230939213,0.0009095935681220798
149.20268785489984,190.0,25.507272607258564,599.9999587739185,1.622168383219298,1219.5064057378252,1.6221950000000191,331.6295639431522,126.93123822662137,1.5722671122857483,914.8933683591955,912.665000668532,1.5713149999810272,327.95951144945116,912.665000668532,1.5214234703672245,316.5763087772721,1.5212739150577876,327.95951144945116,1.520795011265164,172.14160690253055,311.1744816727113,172.14160690361734,1.425686964018635,259.689141739779,1.4245649072834796,311.1744816727113,259.689141739779,297.54077336253,1.4243375871075883,1.411445004816654,308.86653135518617,1.3613749950936054,68.3488096531459,232.13182012163531,68.34880965351469,1.266214034848308,155.00011239658318,232.13182012163531,155.00011239658318,179.41498974324645,1.2657773239192158,1.2516149872316298,231.08927932474856,1.2009147610259643,101.90783724076043,0.03188574944254755,0.0111179104199064,123.01737920425353,163.62592607664425,21.852736737241166,600.3087481040759,1.6221473230376788,1219.4033777055279,1.622174056306619,277.32523604806823,108.32375962261744,1.571954830336095,898.712300822927,893.7196184292505,1.5712990281751447,272.76831993174704,894.5323939663715,1.5208343688636565,149.7305272811791,1.5208087979316267,272.3943308303851,1.5202255031512404,122.53535619808598,244.35674357941917,123.69301568294028,1.4198640549576516,238.7053916018811,1.4191531376935114,242.3374879469386,239.25443812680305,287.284942535201,1.4191305295144772,1.4114120025225092,238.84535603181487,1.3608882053865814,48.413547783991056,160.812265482191,48.99557076602327,1.2598264736895757,175.79925821678466,162.32500442982368,175.13726551252708,225.75588806628068,1.2594886994323762,1.2516007394332538,159.13261404972826,1.2005550744998152,130.33551362808822,0.011048442075860395,0.0009096113704243638
149.20268785489327,190.00000000000063,25.507272607217004,599.9999587739194,1.6221683832192961,1219.5064057369773,1.6221950000000174,331.62956394313926,126.93123822657876,1.572267112286093,914.8933683591824,912.66500066851,1.5713149999813723,327.9595114494386,912.6650006685102,1.5214234701814797,316.5763087772241,1.5212739148720247,327.9595114494386,1.5207950110793793,172.14277584882942,311.17408885537304,172.14277584989853,1.4256869774045229,259.6903867799525,1.4245649196913912,311.17408885537304,259.6903867799525,297.5423167490743,1.4243375993826446,1.411445004738704,308.86612172578725,1.3613749953215741,68.34955027074888,232.13154649132656,68.34955027112083,1.2662140015613033,155.00011211771888,232.13154649132656,155.00011211771897,179.41489262953755,1.2657772911622058,1.2516149873696512,231.08901118643925,1.2009147616326623,101.89777850655153,0.031885413998615456,0.0111177518603721,123.01726366641891,163.62656761479866,21.85282809345719,600.308765681258,1.6221473187834687,1219.40340503004,1.6221740524085833,277.3249940884471,108.32421499394877,1.5719548303027568,898.712655064072,893.7199891203613,1.5712990289529356,272.7680828247556,894.5328748629609,1.5208343760388185,149.7303372051515,1.520808804509707,272.3941170511006,1.5202255095970987,122.5353781458937,244.3565132592291,123.69302504733817,1.4198640457953222,238.70552343718464,1.4191531275872848,242.33728024000357,239.25456929289183,287.28509343950793,1.4191305210585068,1.4114120021590622,238.84516052010036,1.360888210235301,48.41356537768609,160.81216356127823,48.995580025862694,1.2598264688497396,175.79939820438798,162.3249075545006,175.13738753711934,225.75605568518284,1.2594886972582866,1.2516007405872347,159.13254146999753,1.2005550802282967,130.33564732061333,0.011048392663645547,0.0009096289841857006
149.20268785489577,190.0000000000006,25.5072726071863,599.9999587739188,1.6221683832192955,1219.506405736352,1.6221950000000165,331.62956394314233,126.93123822654584,1.5722671122863516,914.8933683591789,912.6650006685021,1.571314999981631,327.95951144944166,912.6650006685022,1.521423470035221,316.57630877721783,1.5212739147257515,327.95951144944166,1.5207950109330888,172.14392547285678,311.1737025423822,172.14392547390878,1.4256869890069839,259.691611237121,1.4245649303264762,311.1737025423822,259.691611237121,297.54383460610643,1.4243376098860057,1.4114450046762772,308.8657188794904,1.3613749954820185,68.35028968062653,232.13127500680875,68.35028968099982,1.2662139686143632,155.00011189426596,232.13127500680875,155.00011189426584,179.4148023249693,1.265777258737365,1.2516149874791322,231.08874505003882,1.200914762055843,101.88773421466941,0.03188508068170075,0.011117594733670948,123.01715188591226,163.62719904999003,21.852916722622,600.3087831399422,1.6221473145306482,1219.4034320560718,1.6221740485105476,277.32476336642816,108.32466445136669,1.5719548302972006,898.7130093052169,893.7203564719125,1.5712990297744227,272.7678533776082,894.5333424013118,1.5208343834132905,149.73016039024208,1.5208088114834615,272.3939151097569,1.520225516433615,122.53539980106399,244.35629298937462,123.69303558228577,1.419864037311684,238.70564991877023,1.4191531181094248,242.33708342093206,239.25469242840373,287.2852375869056,1.4191305133243877,1.4114120018892304,238.84497343561497,1.3608882153264565,48.41358482334903,160.81206567683722,48.99559052034736,1.2598264645985322,175.7995450055472,162.32481471564935,175.13751265878247,225.756223304085,1.2594886955957476,1.251600741819109,159.13247435860268,1.200555086251127,130.33577952766592,0.011048344795773166,0.0009096464566183661
149.2024774241507,189.99992590556892,25.50725896808987,599.9999982627836,1.6221685759079318,1219.50630025081,1.6221951926571692,331.62916108498996,126.93124473717933,1.5722671663108132,914.8932489588686,912.6647003422655,1.5713150528741755,327.9590005131811,912.6647003422984,1.521420372147766,316.57536085363483,1.521270815451406,327.9590005131811,1.5207919092604067,172.145069719541,311.1723887851989,172.14506972071422,1.4256776988599738,259.6931918068466,1.4245556202370686,311.1723887851989,259.6931918068466,297.54564512398076,1.4243282960216725,1.4114354680521086,308.8644057644128,1.3614038905523453,68.35107857896904,232.14088058648525,68.35107857937639,1.2666787346795978,164.35248098660895,232.14088058648525,164.35248098660898,191.68003956461686,1.2662369479877398,1.2517163491909855,230.99216106680547,1.2008724705353877,101.90499902578051,0.031139962470258204,0.010944536016333148,123.04996103017,163.66572669962667,21.874659502036874,600.3162918356136,1.6221459009005765,1219.4098246622987,1.6221729846986732,277.4252775720166,108.27321931875397,1.5719552077008085,898.6676545313954,893.6989699325156,1.571299454277845,272.8726748619706,894.5346615273729,1.5208373229376524,150.01488985924655,1.5208162139506485,272.5068065880227,1.520230628975867,122.55682525096117,244.42459423235283,123.71785123666898,1.4198685979459196,238.69096533975917,1.4191552623050971,242.435121931794,239.21061125356627,287.26875748520393,1.419138002271986,1.4114126774106146,238.92743555753663,1.3608933940499166,48.44434138022418,160.9073718214843,49.041570561650374,1.2598703441218888,177.73776628550914,162.42883963937157,177.01049971560167,227.73156744825533,1.2595353387668915,1.2516027322051593,159.20317497027375,1.2005588381120973,130.9043055051658,0.010992451001240303,0.000911821700350968
149.20278602816694,190.00002713535173,25.50727786860265,599.9999652552826,1.6221683349523714,1219.5064394115589,1.622194951733932,331.62973638149344,126.93122099979458,1.572267229759164,914.8934337797832,912.6650659742504,1.5713151162198322,327.95968799625257,912.6650659742478,1.5214244935314514,316.5767278401029,1.5212749385162119,327.95968799625257,1.520796035215619,172.14616196948373,311.17303034648165,172.14616197069978,1.4256866544824909,259.69394175010177,1.4245645921403702,311.17303034648165,259.69394175010177,297.54677200084757,1.4243372711045652,1.4114446209989735,308.8650064985322,1.3613716526281112,68.35180009878565,232.1321373614291,68.35180009924022,1.2666078221523391,164.98870112116117,232.1321373614291,164.98870112116094,192.55913507755258,1.2661657101150694,1.251622061438268,230.94839169754957,1.200899061614363,101.95925946321188,0.0301713965871421,0.010630447580780748,123.05307515054564,163.67177837450075,21.881629844967314,600.3177864490767,1.6221455773249767,1219.4141603053072,1.622172585532122,277.4438096070601,108.2872264226272,1.5719559644416325,898.6798416175089,893.7281977577501,1.571299834934397,272.9170944718249,894.5354429843306,1.520839266708974,150.0356479296119,1.520818788230477,272.5082612620467,1.520233310550571,122.5719803585112,244.42867215600873,123.73391352013343,1.4198736602459623,238.67960006585201,1.4191596451608601,242.48086519659444,239.22029612926457,287.2490588423881,1.4191407195258565,1.4114134211994673,238.9833805604583,1.360897305075636,48.45880278022132,160.93340403720202,49.05446581402714,1.259877155864121,177.92217827337484,162.4465113128859,177.22461663929994,227.92825737693715,1.2595430097218474,1.251603231186449,159.2273052451332,1.2005610325733191,130.7611609185451,0.010998090704550772,0.0009046155608642882
149.20268911726833,189.99999587344044,25.507271490573213,599.9999573493769,1.6221683889631278,1219.506398214694,1.6221950057435874,331.6295647396938,126.93123666211261,1.57226705814344,914.8933705052873,912.6650061889325,1.5713149458032194,327.95951059760444,912.6650061889338,1.5214234772508297,316.5763129381496,1.5212739219421734,327.95951059760444,1.520795018150054,172.14726398903602,311.1726032023058,172.14726399020094,1.4256872031332946,259.69516068825214,1.424565141648696,311.1726032023058,259.69516068825214,297.5482316316136,1.424337820829253,1.4114451787802624,308.8645722609543,1.361374368830805,68.35253266272133,232.13098762671052,68.35253266298429,1.2666023166937206,164.99994768623094,232.13098762671052,164.99994768623083,192.57459713724242,1.2661602008371395,1.251616224442186,230.9466977037426,1.2009134937278851,102.01262326924405,0.029764975831491354,0.010410031097464799,123.05305213691192,163.67647625232456,21.88262112808751,600.3188432919591,1.6221453603046936,1219.4159784571746,1.6221723395765164,277.4442987939283,108.30500364628898,1.5719561035391683,898.6921983821541,893.7478811217734,1.5712998949684942,272.9239387165896,894.5510687839261,1.520840010135483,150.04858194023566,1.5208197223178923,272.50703707969427,1.5202340751172598,122.57421815698642,244.4302684843078,123.73646122163177,1.4198747994854604,238.67641794976956,1.4191607670567348,242.48841718624428,239.22165329675465,287.2428469904688,1.419141596317167,1.411413595494348,238.99450618828,1.360898011194672,48.46385803526172,160.94047795402108,49.05859385044073,1.2598786983329526,177.9646007113197,162.4535135823306,177.27071096446792,227.97330887604411,1.2595447320483097,1.2516033343826225,159.2351035892148,1.2005616086592967,130.74472713626577,0.01099785143222587,0.0009037920333656317
149.20268217236966,190.00000048246017,25.50727267817119,599.9999586197129,1.6221683843679116,1219.5064061811586,1.6221950011487856,331.62955433855143,126.93123960081644,1.5722671130472832,914.893364222426,912.6649956814485,1.5713150008014898,327.9595020505941,912.6649956814483,1.5214234594462073,316.5762848484038,1.5212739041448837,327.9595020505941,1.5207950003684725,172.14833780484219,311.1722148277865,172.14833780598167,1.4256870709705993,259.6963120805632,1.424565008668548,311.1722148277865,259.6963120805632,297.5496606115439,1.4243376877401719,1.4114450350469947,308.8641678735872,1.3613748734014854,68.3532654153185,232.1305024560392,68.35326541551366,1.2666015024782462,165.00011953685683,232.1305024560392,165.00011953685703,192.57470684800998,1.2661593877581359,1.2516154620432483,230.94620958585205,1.2009191873588012,102.06354341873899,0.029595364971891545,0.010257313934753346,123.05191147476692,163.68338162757738,21.88309836205184,600.319227936001,1.6221452784368546,1219.4165879810218,1.6221722466449267,277.4427055126497,108.31469655034144,1.571956120986091,898.698232388884,893.7601105888675,1.5712998797491362,272.92634181857943,894.562299723024,1.5208403171726244,150.0516850418959,1.5208200879206761,272.5052265710957,1.520234246518491,122.57430097338089,244.42732122340306,123.7367111340002,1.4198750573315047,238.67539739729304,1.4191611273201477,242.48881919966692,239.2216747116263,287.2408356838104,1.4191418817061647,1.4114136310185426,238.9958157796779,1.360898128970071,48.466682903629646,160.94245178872836,49.06068533950447,1.2598792315651604,177.9858528116276,162.45615848047365,177.2914557645674,227.99221845881414,1.2595452925797288,1.251603342614833,159.23828765205937,1.2005617595017597,130.75131520680802,0.01099666437007084,0.0009035800298323513
149.2026876660778,190.00000003687708,25.5072726229348,599.9999588385776,1.622168383148738,1219.506405992704,1.6221949999294663,331.62956364399736,126.9312382840836,1.5722671129210692,914.8933681871197,912.6650004283425,1.5713150006185512,327.9595111745746,912.6650004283429,1.5214234673483604,316.5763079769415,1.5212739120386094,327.9595111745746,1.5207950082456088,172.14939507610325,311.1718663569844,172.14939507722613,1.4256870588805126,259.69743637729255,1.4245649957440194,311.1718663569844,259.69743637729255,297.55105443692867,1.424337674700768,1.411445010013979,308.8638041070203,1.3613749530965338,68.35399685344461,232.130146741648,68.3539968536343,1.2666011863235351,165.00011783635287,232.130146741648,165.00011783635307,192.57458206699295,1.2661590724267573,1.25161519008766,230.94586063193128,1.2009216354977421,102.11181863272881,0.029519368808311103,0.010150716907304397,123.0506503432944,163.69118111506117,21.883419472333554,600.319501132809,1.622145217171785,1219.4170002365447,1.6221721721808993,277.4408342763057,108.32175776293363,1.571956131670942,898.7019504324979,893.7702160960841,1.5712998663846782,272.9293054818854,894.5716271131224,1.5208405942136023,150.05261774054307,1.5208203892511634,272.5034487909218,1.5202343695757852,122.57395683175582,244.42291331372942,123.7366660678354,1.4198751817581987,238.67455552515176,1.419161391286407,242.488655044186,239.22134010425694,287.23955412335283,1.4191420884133898,1.4114136649733067,238.9963584932302,1.3608982085375598,48.46909231386566,160.94381006148706,49.062287909046816,1.2598797027297406,178.0060766844068,162.45830991993986,177.31189519347907,228.01005721003642,1.2595457782329489,1.2516033467951284,159.24068725726633,1.2005619183142835,130.76066922714725,0.010994852515794034,0.0009034697082155571
149.2026879464334,189.99999998867287,25.50727211766624,599.9999582329169,1.6221683832494942,1219.5063974183845,1.6221950000300192,331.6295640287551,126.93123778624653,1.5722671122906022,914.8933683570567,912.6650006213716,1.5713149999849596,327.95951162759445,912.6650006213715,1.5214234684794992,316.5763089274917,1.5212739131698387,327.95951162759445,1.5207950093769265,172.15043505590182,311.17151645052445,172.15043505708826,1.4256870678060432,259.698544181952,1.4245650037635804,311.17151645052445,259.698544181952,297.5524280314993,1.4243376825946892,1.4114450061894017,308.8634392270559,1.3613749781908235,68.35472378341983,232.129818218572,68.35472378386385,1.2666010263886136,165.00011363867043,232.129818218572,165.00011363866946,192.5744663572742,1.266158913230382,1.2516150711811243,230.94553866415168,1.2009226620484512,102.15742594697701,0.029480272843081103,0.010075631458948199,123.04965872182495,163.69948575069807,21.88373853732685,600.3196294462379,1.6221451884385008,1219.4172114520381,1.622172127933521,277.4391182593412,108.32811817678868,1.5719561214361548,898.705055251945,893.780064457215,1.571299829090041,272.9333049650146,894.5792312904421,1.5208407430982143,150.0541206672731,1.5208205359967613,272.5015324372052,1.5202343543889525,122.57366712069391,244.4178337066288,123.73706698111967,1.419875256414215,238.67390638685524,1.4191616441515262,242.4890419821053,239.22136419598752,287.2386306790863,1.419142247220637,1.4114136829639348,238.99696356827758,1.3608981666446225,48.471888785392466,160.94575665000974,49.064067650183404,1.259880254798067,178.0281699491629,162.4605314931035,177.33604801036356,228.0307406590302,1.259546340362963,1.2516033213729318,159.24308238838032,1.2005619875541893,130.76985538909386,0.010992700910479951,0.0009033623545753248
149.20268786295492,190.00000000364,25.507272586198585,599.9999587376578,1.622168383227005,1219.5064052313232,1.622195000007716,331.6295639546845,126.93123820147261,1.572267112323257,914.8933683610862,912.6650006688753,1.5713150000184883,327.9595114614117,912.665000668875,1.5214234686660744,316.5763088007771,1.5212739133564601,327.9595114614117,1.5207950095636167,172.15145801341671,311.1711720265839,172.15145801458286,1.425687077651307,259.6996339198495,1.4245650126709473,311.1711720265839,259.6996339198495,297.5537789551758,1.4243376913748147,1.4114450049562164,308.8630800762622,1.3613749869921596,68.35545342594827,232.12953236051504,68.35545342639469,1.2666009306866481,165.0001129538515,232.12953236051504,165.0001129538511,192.57435915926504,1.2661588181083476,1.251615011010084,230.94525890129754,1.2009230055088236,102.20042737325514,0.029455935014162604,0.01002228116209885,123.04891484916755,163.706163809282,21.883930112675387,600.3195296710428,1.6221451987002886,1219.4171285559266,1.6221721232877662,277.4379897582637,108.33370978190251,1.571956097004907,898.7074873108983,893.7887773680966,1.5712997767442758,272.9376895293957,894.5850220868726,1.5208408253136123,150.05556170878484,1.5208205986369026,272.4998709473913,1.5202342735715628,122.57349651306856,244.412434163846,123.73773887666759,1.4198753215685567,238.67365610054298,1.4191618731910853,242.48980664513627,239.2217443099591,287.2382883290168,1.4191423515281243,1.4114136902108485,238.9967410894301,1.3608981137935787,48.474972620604866,160.94802514715798,49.065933199165286,1.2598808744278884,178.05086404566777,162.4624407442621,177.36164963700088,228.0518347140397,1.2595469466781484,1.251603287940666,159.24531148093223,1.200562024325153,130.7769604040665,0.010991097083563908,0.0009030683581566452
149.20268785883866,190.00000000012295,25.507272606994672,599.9999587728173,1.622168383218874,1219.5064057295688,1.622194999999595,331.62956394983416,126.9312382254332,1.572267112293876,914.8933683621816,912.6650006720447,1.5713149999891194,327.95951145601725,912.6650006720445,1.521423468595915,316.5763087940278,1.5212739132862978,327.95951145601725,1.5207950094934537,172.15246406840038,311.1708339233759,172.15246406954833,1.4256870887406858,259.70070546941565,1.4245650229181726,311.1708339233759,259.70070546941565,297.55510731750667,1.4243377015076022,1.4114450044508349,308.8627275007242,1.361374991544063,68.35618198157204,232.12925840811386,68.35618198202042,1.2666008670020652,165.00011216147453,232.12925840811386,165.00011216147493,192.57425804601837,1.2661587549636641,1.2516149813597073,230.9449907729099,1.2009230109057865,102.24091334546284,0.02943759258203475,0.009983851684890199,123.04839829485141,163.7082349167097,21.883709221526182,600.3189620663104,1.6221452886847492,1219.4163722883243,1.622172198708434,277.4361320421597,108.33711028210396,1.57195605425439,898.7085500343333,893.7951392290508,1.5712997044250148,272.9408537413464,894.5889494090193,1.5208407552063001,150.05341340763545,1.520820546581041,272.4980799365776,1.520234088350802,122.57299961470176,244.40665689595153,123.73821353458516,1.419875316421816,238.67384615752877,1.4191620327961554,242.4889699547004,239.22260492011307,287.23856761459984,1.4191423110013397,1.411413676207124,238.99461068592052,1.360898029280396,48.4779067550788,160.94897876361932,49.067506137221486,1.2598814164241234,178.07389881996826,162.46346045794905,177.38878926903212,228.07093543059386,1.259547449084646,1.251603235427328,159.24654931332614,1.2005619741499955,130.77979320012605,0.010990384346713454,0.0009025164942391252
149.20268787512074,190.00000000139602,25.50727260821187,599.9999587770146,1.622168383213586,1219.50640575298,1.6221949999943073,331.62956397748883,126.93123822371766,1.5722671122615604,914.8933683736157,912.6650006938664,1.57131499995671,327.9595114855397,912.665000693779,1.5214234684321568,316.5763088812154,1.5212739131224509,327.9595114855397,1.5207950093294487,172.1534534947189,311.1705015949625,172.15345349589154,1.4256871004181926,259.7017592585898,1.4245650337668847,311.1705015949625,259.7017592585898,297.55641358219845,1.4243377122436747,1.4114450044031264,308.8623809497277,1.3613749945745754,68.35690753433057,232.12898322664202,68.3569075347915,1.2666008176235692,165.00011117621872,232.12898322664202,165.0001111762186,192.5741645719604,1.266158706131835,1.2516149660421183,230.94472111097753,1.2009228391896336,102.27899267598616,0.02942191755986305,0.009955731384440546,123.04763688799687,163.70928562486813,21.88355241608076,600.318491432324,1.6221453579983616,1219.4157340561019,1.622172255205211,277.4335342246023,108.34038659012413,1.5719560419832024,898.7093537747462,893.8008431967726,1.5712996651859004,272.9423226905344,894.5932106871307,1.5208408016953707,150.05102640635835,1.5208206280898866,272.4959686050119,1.5202340173975288,122.572011085442,244.4008385891868,123.73799873870877,1.4198752392207081,238.67405495252723,1.4191621002931816,242.48674213031663,239.22301983325104,287.23878834030256,1.4191422441269892,1.4114136814220384,238.99151957829667,1.3608980764099505,48.48011244884597,160.94879207679887,49.068596946305206,1.25988179504319,178.09261999396145,162.46380608084644,177.41024639543159,228.08536995044318,1.259547803717004,1.251603217125193,159.24711901450019,1.2005620403332018,130.7815623978748,0.010989911006437534,0.0009021121957098914
149.20268784802465,189.9999999996826,25.5072726073342,599.9999587734376,1.622168383222576,1219.5064057468398,1.6221950000032972,331.6295639312457,126.93123822849111,1.5722671122982166,914.8933683546825,912.6650008027036,1.571314999993223,327.95951153805663,912.6650008018769,1.5214234683050916,316.57630919618646,1.5212739129953687,327.95951153805663,1.5207950092023075,172.15442656809842,311.1701744642987,172.1544265688404,1.4256871109295592,259.7027957156709,1.424565043464763,311.1701744642987,259.7027957156709,297.5576982628711,1.4243377218310644,1.411445004032263,308.8620398267534,1.3613749953223666,68.35763391327137,232.12872164478205,68.35763391365575,1.2666007764918952,165.0001111515797,232.12872164478205,165.00011115157935,192.57407634709597,1.2661586654951447,1.2516149571481021,230.94446476139416,1.2009225663521828,102.31478491362472,0.0294076591863248,0.009934781227511397,123.04663884775884,163.7106040615477,21.883362204257836,600.3182741862538,1.6221453838237225,1219.4154366883486,1.6221722712426863,277.4308842575474,108.34372795119162,1.5719560287313201,898.7102587269148,893.8059293459764,1.5712996328048918,272.94279620816786,894.5982166870439,1.5208408621859728,150.04766250270671,1.5208207518369328,272.4937228780002,1.5202339974251347,122.57099036606427,244.39558310121376,123.73747082077826,1.4198751228817494,238.67432866135536,1.4191621025971917,242.48388197232015,239.22329153443496,287.2393716868026,1.419142175190207,1.4114136825123795,238.9884031889856,1.3608981270790705,48.481794653020486,160.94803725657337,49.06948403892167,1.2598820297752387,178.10776590934265,162.46369205051826,177.42691668909487,228.09655579890784,1.259548009616065,1.2516032020657437,159.24725870562577,1.2005621004709353,130.7851245609324,0.010989459189010361,0.0009018010968117909
149.20268786338113,189.99999999580643,25.507272401686663,599.9999586102315,1.6221683832178888,1219.5064031843062,1.6221949999985097,331.629563946414,126.9312380979601,1.5722671122734848,914.8933683298615,912.6650006132306,1.5713149999687492,327.9595114525133,912.6650006132313,1.521423468207158,316.5763087166147,1.521273912897473,327.9595114525133,1.520795009104544,172.1553835604917,311.1698530484491,172.15538356166147,1.4256871220695162,259.7038149574637,1.4245650538031027,311.1698530484491,259.7038149574637,297.5589615801117,1.4243377320604602,1.4114450041278803,308.8617046577831,1.3613749963725081,68.35835753951511,232.1284547312256,68.35835753999162,1.2666007393291636,165.00011052968108,232.1284547312256,165.0001105296806,192.57399407760744,1.2661586288490878,1.25161495279358,230.94420284993734,1.2009222449903008,102.34840814984341,0.029394336746494155,0.009918824555280252,123.04568229468366,163.71251857304793,21.883256531022873,600.3181671826895,1.6221453883182912,1219.4152887506725,1.6221722657667434,277.42876263338064,108.34669377875862,1.571956031840095,898.7105296172022,893.8106314458314,1.571299616355488,272.94345913285474,894.6030323320571,1.5208409880502731,150.0443383824097,1.520820957191743,272.49175917252023,1.5202340658879627,122.57003900175891,244.3901642952878,123.73686915821443,1.4198750275256558,238.67456890944655,1.4191621015499143,242.48102013926774,239.2233410563256,287.240218552764,1.4191421481723507,1.4114136964500226,238.9853862409776,1.3608982518851132,48.48344691704731,160.947515542594,49.07043039451043,1.2598822401118976,178.12221312553567,162.46358811136955,177.44217038254234,228.1070651423069,1.2595481897457714,1.2516032032226094,159.2475077634689,1.200562225229562,130.790824318919,0.010988859183702803,0.0009015239421007175
149.202687852451,190.00000000127523,25.5072725904501,599.9999587451123,1.6221683832273164,1219.506405342185,1.6221950000080287,331.6295639382653,126.9312382083405,1.5722671122920877,914.8933683535645,912.6650006610143,1.5713149999873939,327.9595114447768,912.6650006610143,1.5214234680166459,316.57630875689085,1.5212739127069845,327.9595114447768,1.5207950089140965,172.15632470888931,311.16953682071954,172.15632471004108,1.4256871326098792,259.7048173600831,1.4245650635556117,311.16953682071954,259.7048173600831,297.5602041202686,1.424337741705913,1.411445003835373,308.8613748976286,1.3613749967844793,68.35908164473165,232.1282001953029,68.35908164520961,1.26660070618669,165.00011047592002,232.1282001953029,165.00011047591994,192.57391484010623,1.2661585961767874,1.251614950838231,230.9439531283549,1.2009218964312072,102.37998194126143,0.029381781629148156,0.009906383243677654,123.04475266912547,163.7141400986194,21.883060865097498,600.3179931488377,1.6221454058450249,1219.4150392754354,1.6221722705224568,277.42679359478046,108.34942896370325,1.571956031503936,898.7106814348357,893.8157142554757,1.571299597295241,272.94469915715734,894.6080349924106,1.520841121986631,150.03988264669243,1.5208211578479247,272.4898804216745,1.520234135376268,122.56902852469145,244.38422119685646,123.73615512287606,1.419874947722899,238.67460973154562,1.4191621003455452,242.47759129978382,239.2233062571592,287.24136047043015,1.4191421322400652,1.4114137117147982,238.9824046873317,1.3608983898311857,48.48505257321535,160.94700089244026,49.07136008238823,1.259882436910096,178.13773936121967,162.46332422702602,177.45823984445687,228.1179247971526,1.2595483348342713,1.251603204176086,159.24773544508994,1.2005623299498247,130.79908503149744,0.010988150175292673,0.000901177115568616
149.20268785511854,190.00000000026662,25.50727260711707,599.999958772963,1.6221683832194551,1219.5064057322506,1.6221950000001761,331.6295639435532,126.93123822638535,1.5722671122905272,914.8933683594018,912.6650006687204,1.5713149999858063,327.9595114498479,912.6650006687206,1.5214234678809042,316.57630877834373,1.521273912571223,327.9595114498479,1.5207950087783058,172.15725029387613,311.1692258890055,172.15725029500857,1.4256871432036298,259.70580316940516,1.4245650733743314,311.1692258890055,259.70580316940516,297.5614260338906,1.4243377514193125,1.4114450037617525,308.8610506613089,1.3613749970490536,68.35980459076664,232.12794582858595,68.35980459124609,1.2666006746122869,165.0001102523373,232.12794582858595,165.0001102523372,192.57383963725698,1.2661585650730118,1.2516149504006524,230.94370339769605,1.2009215400835158,102.40962132515048,0.029369920382045753,0.009896432509648499,123.04372566615113,163.71790850384147,21.883118814936026,600.3177730193197,1.6221454376835214,1219.4147334688307,1.6221722846081654,277.4244419509449,108.35329074914941,1.5719560246335158,898.7115030361467,893.8223132251584,1.5712995706777504,272.94599871933895,894.613531907592,1.520841229813371,150.03623583918574,1.5208213016259675,272.4876722975337,1.5202341496841203,122.56814124798466,244.3789573336038,123.73557101855826,1.4198748853964367,238.67446317351784,1.4191621229667364,242.47477050560164,239.2229448812003,287.2415316454649,1.419142163124981,1.4114137231193256,238.97980910077732,1.3608984765747796,48.486812560041606,160.94691309917874,49.072310759235386,1.2598826584961036,178.15252229989494,162.4634261479388,177.4737728936968,228.12903829213434,1.2595484682210543,1.2516031990394292,159.24810480632232,1.2005623998010704,130.80959029302502,0.010987610130989178,0.0009009079631172194
149.20268785497979,190.00000000000554,25.507272607718015,599.9999587738928,1.6221683832192912,1219.50640574707,1.6221950000000127,331.6295639433147,126.93123822709303,1.572267112290235,914.8933683593806,912.6650006687653,1.5713149999855156,327.95951144960964,912.6650006687653,1.521423467736732,316.5763087778558,1.5212739124270365,327.95951144960964,1.5207950086341029,172.1581605706911,311.1689201051715,172.1581605718054,1.425687153629311,259.70677267347537,1.4245650830378067,311.1689201051715,259.70677267347537,297.56262771420046,1.4243377609792107,1.4114450036968906,308.86073179438387,1.3613749972871139,68.36052635411629,232.1276927794391,68.3605263545974,1.2666006441922528,165.00011000969474,232.1276927794391,165.0001100096949,192.57376820366596,1.2661585351192437,1.2516149508232597,230.9434548127993,1.2009211849716488,102.43743752563992,0.029358717208739057,0.009888269612675998,123.04249780268653,163.72255081536844,21.883297436791246,600.3175128375262,1.6221454863526839,1219.4143507085855,1.6221723132743968,277.42193175156666,108.357782366372,1.571955995534938,898.7133069868514,893.829620181467,1.5712995200863844,272.94714177697915,894.6195364358401,1.5208412625002203,150.03359245628997,1.5208213069675667,272.48553798643576,1.5202340304845745,122.56745413528427,244.37412228466863,123.73533105586257,1.4198748490864652,238.67432665371115,1.4191621494628537,242.47249242954004,239.22272002504812,287.24102487726987,1.4191421700341276,1.4114137143635561,238.97749666911977,1.3608984552404133,48.48906825694204,160.9471583148402,49.073658374532364,1.259882932666276,178.16749230165073,162.46392263396947,177.4895679551323,228.14148007647395,1.2595486302546632,1.2516031738235067,159.24882960938672,1.200562356350652,130.81989353029246,0.01098714509988921,0.0009006585286304495
149.20268785491595,190.0000000000001,25.507272607668128,599.9999587739264,1.6221683832192895,1219.5064057461416,1.6221950000000107,331.629563943203,126.93123822705141,1.572267112290475,914.8933683593191,912.6650006686932,1.5713149999857565,327.9595114495007,912.6650006686929,1.52142346759474,316.57630877756225,1.5212739122850307,327.9595114495007,1.520795008492081,172.15905579115156,311.1686193925999,172.15905579224864,1.4256871638827355,259.7077261379724,1.4245650925415574,311.1686193925999,259.7077261379724,297.56380949972345,1.4243377703810844,1.4114450036326007,308.86041821596405,1.3613749974899823,68.3612469304137,232.12744108262845,68.3612469308961,1.266600614601297,165.00010976495776,232.12744108262845,165.00010976495827,192.57370031233586,1.2661585059898512,1.2516149518574424,230.94320741850953,1.2009208373486553,102.46353706209692,0.029348145712025205,0.009881409413107398,123.04081232798808,163.72738003171202,21.883558551946017,600.3172776587805,1.622145533107313,1219.4139993701722,1.6221723393675949,277.4180380980123,108.36272344101253,1.5719559584435583,898.7153312219655,893.8366466147729,1.571299459748599,272.94714316967804,894.6259350321267,1.5208412658386639,150.02892896305414,1.5208212536010348,272.48245176562466,1.52023386074364,122.56650042987943,244.36847232102463,123.73484293662305,1.4198747406655687,238.67451737991166,1.4191620881971279,242.46884080761774,239.22293685062346,287.2408109084764,1.41914208258702,1.4114136971769167,238.97400105450043,1.360898379745849,48.49113443579419,160.9463550569532,49.07483005288035,1.2598830997060229,178.1816694532639,162.4636224213798,177.5039699540906,228.1533249445792,1.2595486746956097,1.2516031362888393,159.24866605643186,1.200562252536078,130.8285612623362,0.010986489687713494,0.0009004382850013544
149.20268785491524,189.99999999999983,25.507272607588412,599.9999587739267,1.6221683832192881,1219.506405744521,1.6221950000000096,331.62956394319735,126.93123822696703,1.5722671122907037,914.8933683593019,912.6650006686722,1.5713149999859852,327.9595114494954,912.6650006686721,1.5214234674550482,316.576308777529,1.5212739121453254,327.9595114494954,1.520795008352359,172.15993620328834,311.16832366584805,172.15993620436728,1.425687173967587,259.7086638275945,1.424565101889069,311.16832366584805,259.7086638275945,297.5649717214771,1.4243377796283916,1.411445003569773,308.8601098368649,1.3613749976604592,68.36196631572841,232.12719068747185,68.36196631621308,1.2666005856011395,165.0001095227657,232.12719068747185,165.00010952276585,192.5736357654278,1.266158477446643,1.2516149532432717,230.9429611730053,1.2009205010569164,102.48802143643857,0.0293381805477544,0.0098755158112039,123.0386045847039,163.7299209269221,21.883678542199902,600.3170618939337,1.6221455780793974,1219.4136889506906,1.6221723636409764,277.41342032146997,108.36731855171952,1.5719559117480366,898.7168761896481,893.8431520767881,1.5712993959042,272.9458545750005,894.6324538525606,1.5208412662871114,150.0211049033125,1.5208211845559203,272.47847909194974,1.5202336454910397,122.56505070402011,244.36159202880177,123.7338309963771,1.4198745219573754,238.67498382258452,1.4191619177003734,242.46327627182606,239.22330358030024,287.2410676710286,1.4191418898527701,1.4114136685747363,238.968916064478,1.3608982724436842,48.49269533607135,160.94429948369208,49.07552145422373,1.2598831552987344,178.19524329547164,162.46245890838517,177.51688226196057,228.16373841961334,1.259548597387546,1.2516030931487103,159.2475251627194,1.2005621229546588,130.83637484769184,0.010986031101584864,0.0009001824847922419
149.2026878549163,189.99999999999983,25.507272607515006,599.9999587739253,1.6221683832192886,1219.5064057430254,1.6221950000000098,331.6295639431953,126.93123822688949,1.572267112290926,914.8933683592883,912.6650006686533,1.5713149999862077,327.9595114494932,912.6650006686536,1.5214234673175735,316.57630877750216,1.5212739120078371,327.9595114494932,1.5207950082148547,172.16080205119388,311.16803284098216,172.1608020522545,1.4256871838867093,259.7095860028357,1.424565111082992,311.16803284098216,259.7095860028357,297.5661147038966,1.4243377887237574,1.4114450035085375,308.8598065695518,1.3613749978045575,68.36268450659853,232.12694151965226,68.36268450708408,1.2666005570295673,165.00010928449643,232.12694151965226,165.0001092844966,192.5735743941396,1.2661584493276394,1.251614954829428,230.94271600967102,1.2009201783553765,102.51098702556337,0.029328795343764508,0.009870354815834051,123.0361735152394,163.72970371321628,21.88355241608076,600.3167545499933,1.6221456416952582,1219.4132508359223,1.6221724050404245,277.40819097354864,108.37017497188873,1.5719558510255225,898.7167184183819,893.8484419391249,1.5712993218545728,272.94396677161177,894.6379173721456,1.5208412242326896,150.00949258413664,1.5208210710716688,272.473601860325,1.5202333793063927,122.56305140505545,244.3528708501144,123.73243394526831,1.4198741927356546,238.67575208110455,1.4191616440991623,242.4558172477802,239.2240517623781,287.242396529851,1.4191415738882214,1.4114136286010692,238.96204450189217,1.36089810443555,48.49406857026812,160.94119240952864,49.07595666667649,1.2598831089278728,178.20917268141523,162.4605340158984,177.5297883756888,228.17380278909224,1.2595483806819816,1.251603039367436,159.24522697028686,1.200561956511707,130.84159479806058,0.010985361937981865,0.0008998783580242038
149.2026879049253,190.00000000108156,25.507272608193915,599.9999587731012,1.6221683831911382,1219.5064057421969,1.6221949999718595,331.62956403360147,126.93123821877066,1.572267112245647,914.893368390727,912.6650006845061,1.5713149999402898,327.9595115244722,912.6650006686406,1.5214234672361413,316.576308985316,1.5212739119263972,327.9595115244722,1.5207950081334047,172.16165357478695,311.1677456211455,172.16165357591302,1.4256871967763194,259.71049326093544,1.4245651231963128,311.1677456211455,259.71049326093544,297.5672392665942,1.4243378007319791,1.411445003802963,308.85950705440086,1.3613749984237158,68.36339700294916,232.12665846430025,68.36339700347192,1.2666005263421556,165.00010830295292,232.12665846430025,165.00010830295324,192.57352091329682,1.2661584191595703,1.2516149575361002,230.94243630141233,1.200919874712288,102.53252442729573,0.029319956401147304,0.00986575925885545,123.0331168506704,163.72754167912103,21.88310177086587,600.3163882928687,1.6221457274921978,1219.4127474896477,1.622172465176834,277.4017944952924,108.37219457331271,1.5719557587846424,898.7155306686606,893.8536516520322,1.571299216514155,272.94122802918173,894.6428465621868,1.5208410382764073,149.99317698837032,1.5208207895743413,272.4669865404456,1.5202329223341071,122.56061051619945,244.34185819491805,123.73085955587466,1.4198737284544136,238.67706842649557,1.4191612523127008,242.44638249526767,239.22530185550997,287.2442772029303,1.4191411076755176,1.411413554744226,238.95346726814205,1.360897767110127,48.49547236193522,160.93708025388844,49.07613877685176,1.2598829566038434,178.2242430282672,162.45759748266823,177.54368462297407,228.18432660318788,1.259548014603682,1.251602951553826,159.24167652893857,1.200561668344186,130.846318600614,0.010984492725897996,0.0008994787434437736
149.20268784487158,189.99999999760735,25.507272606798097,599.9999587727998,1.62216838322429,1219.5064057372774,1.6221950000050112,331.62956392607236,126.93123822849304,1.572267112295389,914.8933683522289,912.6650006619311,1.571314999990853,327.95951143286493,912.6650006619311,1.5214234669770095,316.57630873524613,1.5212739116672587,327.95951143286493,1.5207950078742725,172.16249101407794,311.1674655147824,172.16249101518565,1.4256872032084438,259.71138484900916,1.4245651289903285,311.1674655147824,259.71138484900916,297.56834424149173,1.4243378064388814,1.4114450033648658,308.85921497393076,1.3613749986598447,68.36411298731961,232.12643092354375,68.36411298784412,1.2666004991229336,165.00010851554066,232.12643092354375,165.00010851554043,192.57346592171197,1.2661583923702733,1.2516149583196339,230.94221285825267,1.200919577894322,102.5527204548489,0.029311646567671556,0.009861619321390602,123.0296328683242,163.7263798383689,21.882769070616455,600.31607368106,1.6221458167778118,1219.412328206271,1.6221725251153178,277.3955676345935,108.37448030083942,1.5719556363950353,898.7148370704524,893.8597563669007,1.5712990785458454,272.9384304452222,894.6480095214034,1.5208406972569013,149.97576956053837,1.5208203527007766,272.4596275193419,1.520232301187765,122.5583782778355,244.3302952838494,123.72963223447745,1.4198732317091167,238.67882913047305,1.4191608338206667,242.43653232888508,239.2271703030604,287.2466578872953,1.4191406004204212,1.4114134477641416,238.9448428419091,1.3608972739468561,48.4973718636765,160.93323753274052,49.076655475891414,1.2598828172950487,178.24116046818588,162.4544581167304,177.5596168846491,228.19596405797535,1.2595476547279318,1.2516028303440123,159.23811515091853,1.200561256504865,130.85050911853952,0.01098346367999314,0.000899053682297773
149.20268785551386,190.00000000020418,25.507272607403365,599.9999587740826,1.622168383218769,1219.5064057401169,1.6221949999994902,331.6295639442926,126.93123822664492,1.572267112294547,914.8933683595887,912.665000668822,1.5713149999898244,327.9595114506654,912.6650006688221,1.5214234669192888,316.57630878000134,1.5212739116095118,327.9595114506654,1.5207950078164807,172.16331459529871,311.1671889531808,172.1633145963895,1.4256872126479407,259.7122619896901,1.4245651377395783,311.1671889531808,259.7122619896901,297.56943138126303,1.4243378150943014,1.4114450033062573,308.8589265785393,1.3613749984505588,68.36482775441672,232.12618773268818,68.36482775494254,1.2666004717249533,165.0001084628375,232.12618773268818,165.00010846283803,192.5734138143422,1.2661583654016857,1.2516149600614734,230.94197324004287,1.2009193005711323,102.57165679255917,0.02930383540922675,0.009857849212951499,123.02970903249295,163.72441986353488,21.88239750988708,600.3161518303962,1.6221457983146517,1219.41240716787,1.6221725093802288,277.3951550038899,108.37494158608413,1.571955638306418,898.7154443409866,893.859859893247,1.5712990766210315,272.9379762512863,894.6487308662875,1.5208406886865689,149.97574303830197,1.5208203819806534,272.45952445962166,1.5202323274595206,122.55855678667163,244.33028104587402,123.72981893716019,1.4198732543321522,238.67917578370768,1.4191608514672902,242.43597788537303,239.22749687985288,287.24711735712543,1.4191405936659571,1.4114134477586349,238.94472486070208,1.3608972781652422,48.49779565566395,160.93313359359183,49.07710859070038,1.2598828122590031,178.24192234761983,162.4543955514176,177.56026293363252,228.19598335223745,1.2595476576054032,1.2516028256256735,159.23816486306285,1.2005612550557627,130.8485260127506,0.010983295337054534,0.0008990384202474636
149.20268785526707,189.9999999999648,25.507272607278328,599.9999587739203,1.6221683832192286,1219.506405738291,1.6221949999999499,331.62956394377403,126.93123822655932,1.5722671122917484,914.8933683595003,912.6650006689016,1.5713149999870275,327.9595114500579,912.6650006689018,1.5214234667909647,316.5763087788811,1.521273911481176,327.9595114500579,1.5207950076881307,172.16412455011277,311.16691693603934,172.1641245511859,1.425687221945155,259.71312462659955,1.42456514635822,311.16691693603934,259.71312462659955,297.5705005346954,1.4243378236207138,1.4114450032656127,308.8586429242579,1.361374998390378,68.36554130518307,232.1259443019198,68.36554130570912,1.2666004442199041,165.00010830398648,232.1259443019198,165.00010830398625,192.57336420372275,1.2661583383279575,1.2516149616943317,230.94173327069785,1.2009190384511401,102.58941018874202,0.02929649426883935,0.009854388662945454,123.02964367064206,163.7237227590836,21.882130940629864,600.316228518259,1.6221457853422288,1219.4125052864754,1.6221724969329048,277.39482191433893,108.37541174219893,1.5719556328056368,898.7159087243363,893.8600869832967,1.5712990706892833,272.93753702886374,894.6493386661435,1.5208406684565983,149.9756855734564,1.5208203665740967,272.45935872844996,1.5202323245784173,122.55861970372044,244.3301403411761,123.72986575914959,1.4198732477149143,238.67944346960317,1.4191608395283284,242.43551892004885,239.22770032113345,287.24739213810227,1.4191405689683365,1.411413440396079,238.94454114710828,1.36089724223623,48.498068820928985,160.93298928972519,49.077415400046505,1.2598827834161963,178.2421056942153,162.45431229918685,177.5600396348228,228.19552993707762,1.2595476251858926,1.2516028163217034,159.23811117394698,1.200561235628739,130.84959555295137,0.010983129555040905,0.0008990620368631774
149.20268785493172,189.99999999999818,25.507272607239592,599.999958773916,1.622168383219293,1219.506405737424,1.6221950000000145,331.6295639432053,126.93123822659355,1.5722671122919247,914.8933683592469,912.6650006685976,1.571314999987207,327.9595114495012,912.6650006685975,1.5214234666633564,316.57630877745385,1.5212739113535556,327.9595114495012,1.5207950075604963,172.16492110282007,311.1666494236506,172.16492110387549,1.4256872310804316,259.71397298872415,1.424565154826124,311.1666494236506,259.71397298872415,297.57155198947595,1.4243378319979083,1.4114450032172696,308.85836396766376,1.361374998402039,68.36625364046361,232.12570124849626,68.36625364099153,1.2666004167823997,165.0001081117723,232.12570124849626,165.00010811177194,192.57331708340314,1.2661583113209707,1.2516149633000566,230.94149356699057,1.200918791089091,102.606052951433,0.029289596098636208,0.009851193101633397,123.02953893512532,163.7232630742643,21.881892323647698,600.3162866414575,1.6221457761224582,1219.4125858490138,1.622172488075732,277.39448092334897,108.3758434578767,1.5719556280938562,898.7162897568284,893.8603073942274,1.5712990660706037,272.93714237280676,894.6498396000908,1.5208406537076542,149.97553086041066,1.520820346617289,272.4591755885417,1.520232319597527,122.55862877548095,244.32991504615384,123.72985873585118,1.4198732318787897,238.6796830484796,1.4191608203107888,242.43508340550767,239.22785290209387,287.24758808847105,1.4191405394240013,1.411413433815485,238.94430518469426,1.3608972071799872,48.49827315472046,160.93281370320213,49.07765183461304,1.259882747836861,178.24216515797602,162.45418262753046,177.5596738707531,228.19501683029432,1.2595475854128442,1.2516028082265283,159.23799981874367,1.2005612202546723,130.85104983052992,0.01098300266185699,0.0008990754323339826
149.20268785491325,190.00000000000026,25.507272607200278,599.9999587739188,1.622168383219291,1219.5064057366208,1.622195000000012,331.629563943173,126.9312382265565,1.5722671122921783,914.8933683592238,912.6650006685663,1.571314999987461,327.9595114494699,912.6650006685661,1.5214234665382966,316.5763087773587,1.5212739112284837,327.9595114494699,1.5207950074354097,172.1657044748285,311.16638634307526,172.16570447586656,1.4256872400614773,259.71480731148336,1.424565163150806,311.16638634307526,259.71480731148336,297.57258603743173,1.4243378402333764,1.4114450031663228,308.85808963264003,1.3613749984409411,68.36696476022259,232.12545881067254,68.36696476075205,1.2666003894233477,165.0001079063156,232.12545881067254,165.00010790631535,192.57327240961752,1.2661582843905492,1.2516149648534345,230.94125436828986,1.2009185579243162,102.62165315179826,0.02928311518803986,0.009848228888332,123.02942511939935,163.7228539042603,21.881671432498493,600.3163302289191,1.6221457695591377,1219.4126483399286,1.6221724819620287,277.3941304506322,108.37621603442051,1.571955623704344,898.7166052993608,893.8604877304434,1.571299061901994,272.936769303583,894.6502403472487,1.5208406384604347,149.97527447879202,1.520820323890763,272.45898409243995,1.5202323110518814,122.55861385097171,244.32963782439782,123.72983064265755,1.4198732111787122,238.67991191992024,1.4191607976372338,242.4346562662461,239.22798808347108,287.24776151580886,1.4191405071985046,1.4114134274111076,238.944043940593,1.36089717323895,48.49844415308976,160.93262499814577,49.077853081789776,1.2598827110802684,178.24221223345322,162.45402470057152,177.55934496182672,228.19452422366456,1.2595475453840206,1.2516028006881488,159.2378616189824,1.20056120472211,130.8524030959784,0.010982901864687181,0.000899080893262623
149.2026878549166,190.00000000000017,25.507272607163948,599.9999587739185,1.62216838321929,1219.5064057358804,1.6221950000000112,331.6295639431765,126.93123822651735,1.5722671122923995,914.8933683592195,912.6650006685617,1.571314999987682,327.9595114494737,912.6650006685619,1.5214234664154764,316.57630877736017,1.5212739111056512,327.9595114494737,1.5207950073125627,172.16647488382029,311.16612762085515,172.16647488484043,1.4256872488928929,259.71562782680314,1.4245651713366891,311.16612762085515,259.71562782680314,297.57360296622437,1.4243378483315152,1.411445003114915,308.857819842593,1.3613749984903585,68.36767466408871,232.12521708552572,68.3676746646188,1.2666003621457258,165.00010769547185,232.12521708552572,165.00010769547208,192.57323013404076,1.2661582575392294,1.2516149663432965,230.94101577344375,1.200918338336321,102.63627483720109,0.0292770270584031,0.009845470017957346,123.02930253657482,163.7225154549977,21.881474403047505,600.3163567329397,1.6221457658412193,1219.4126890960529,1.6221724788227079,277.3937741835268,108.37655312748396,1.5719556200371563,898.7168880969135,893.8606580479808,1.57129905851336,272.9364253069493,894.6505642845345,1.5208406243094208,149.97496505270053,1.520820299779378,272.4587884182414,1.5202323004552811,122.55858019766654,244.32933128916304,123.72979025869168,1.4198731870851797,238.68013008392506,1.4191607732356712,242.43424755259974,239.22810854212403,287.2478966539942,1.4191404745605218,1.4114134215629144,238.94375910025033,1.3608971424010934,48.49859848374797,160.93244638426887,49.078031488029275,1.2598826752393202,178.2422481594753,162.4538541596382,177.55907118076186,228.19408226447285,1.259547507657174,1.2516027941623875,159.23771596239953,1.2005611908424298,130.85355136622172,0.010982838163399547,0.0008990787929015284
149.20268785491908,190.00000000000014,25.507272607131057,599.9999587739177,1.6221683832192897,1219.5064057352101,1.6221950000000105,331.62956394317933,126.9312382264821,1.572267112292608,914.8933683592152,912.665000668557,1.5713149999878908,327.9595114494763,912.6650006685575,1.5214234662947543,316.5763087773605,1.5212739109849176,327.9595114494763,1.5207950071918148,172.1672325438662,311.16587318499546,172.16723254486982,1.4256872575779116,259.7164347627063,1.4245651793868281,311.16587318499546,259.7164347627063,297.5746030586829,1.4243378562953573,1.4114450030638273,308.8575545224393,1.3613749985436363,68.36838335159574,232.12497611095043,68.36838335212715,1.266600334949735,165.00010748257125,232.12497611095043,165.00010748257176,192.57319020839998,1.266158230767045,1.251614967764942,230.94077782232677,1.2009181316785273,102.64997824272612,0.029271308443779055,0.0098428958677035,123.02917181287306,163.72225782943963,21.881302598820348,600.316365501781,1.6221457649770394,1219.4127073033494,1.6221724786742637,277.3934142290832,108.37687839272061,1.5719556172145333,898.7171411263029,893.8608350446373,1.5712990560073874,272.93609941540154,894.6508281097467,1.5208406119521973,149.97460700250895,1.5208202763604228,272.4585795134031,1.5202322884425452,122.55852693765313,244.32900297820123,123.72973582812901,1.419873159598192,238.6803335252056,1.4191607476297399,242.43385307692878,239.22821561648223,287.24799350302703,1.4191404414069309,1.4114134164030678,238.9434304383165,1.360897116121033,48.49873583803378,160.93227382509968,49.078184584041026,1.2598826409680488,178.24226798072888,162.45367504120236,177.55884850136633,228.1936638201631,1.2595474724880797,1.2516027889088899,159.23756732308797,1.200561179702458,130.8545184088199,0.010982822557919568,0.0008990682911696555
149.20268785492016,190.00000000000009,25.507272607101335,599.9999587739171,1.6221683832192895,1219.5064057346044,1.6221950000000105,331.6295639431794,126.93123822645053,1.5722671122928102,914.8933683592104,912.6650006685487,1.5713149999880938,327.95951144947605,912.6650006685484,1.5214234661760568,316.57630877735096,1.5212739108662081,327.95951144947605,1.5207950070730916,172.1679776655053,311.1656229646751,172.16797766649412,1.4256872661192745,259.71722834345246,1.4245651873037888,311.1656229646751,259.71722834345246,297.5755865930014,1.424337864127443,1.411445003013382,308.85729359831817,1.3613749985981607,68.36909082228385,232.12473590077894,68.36909082281622,1.2666003078351395,165.00010726896897,232.12473590077894,165.0001072689693,192.57315258528834,1.2661582040737016,1.2516149691170315,230.94054053079927,1.2009179372973982,102.66281999775649,0.02926593728087179,0.00984048965219355,123.02903020857576,163.72201535832613,21.88114170279809,600.3163607618668,1.6221457663066539,1219.4127075475606,1.6221724807304914,277.3930425102749,108.37718295926038,1.5719556148364175,898.7173584338959,893.8610053621746,1.5712990540323228,272.9357724793296,894.6510518602432,1.5208406012891094,149.97416496523542,1.520820254425245,272.4583469326831,1.5202322754043318,122.55845553411868,244.32863697848103,123.7296655951449,1.419873129226767,238.68052960512406,1.4191607202958005,242.43344101317058,239.2283119834046,287.2480813428475,1.4191404075314888,1.4114134117498442,238.943044471225,1.3608970938654101,48.498849116736906,160.93208814739717,49.07830681392137,1.2598826065005677,178.2422580701021,162.4534762449665,177.558651527659,228.1932345228309,1.2595474371910977,1.2516027845324178,159.2374012845259,1.2005611708493504,130.85538592476053,0.01098284327995519,0.0008990519087128734
149.20268785492124,190.0000000000001,25.507272607074437,599.9999587739167,1.6221683832192892,1219.5064057340567,1.6221950000000105,331.62956394318013,126.93123822642234,1.5722671122930074,914.8933683592068,912.665000668539,1.5713149999882907,327.95951144947617,912.665000668539,1.521423466059321,316.5763087773418,1.521273910749461,327.95951144947617,1.5207950069563307,172.1687104558061,311.1653768901436,172.16871045677794,1.4256872745194862,259.71800878963415,1.424565195089904,311.1653768901436,259.71800878963415,297.5765538428387,1.4243378718300828,1.411445002963712,308.8570369974891,1.361374998653087,68.36979707574372,232.1244964603585,68.36979707627628,1.2666002808022374,165.00010705514637,232.1244964603585,165.00010705514634,192.5731172183855,1.266158177459483,1.2516149704001482,230.94030390621015,1.2009177545453444,102.67485332579402,0.02926089268989545,0.009838237361838798,123.02889173538509,163.7217627842496,21.880988987929502,600.3163558047064,1.622145767452873,1219.4127057566789,1.6221724825338137,277.39268132671856,108.3774579562332,1.5719556123471752,898.7175519269583,893.8611656610334,1.5712990520681824,272.93544066881145,894.6512856294186,1.5208405915229166,149.97369198535273,1.5208202354328926,272.458117137361,1.5202322642705768,122.55837886311038,244.32827432887268,123.72958658303779,1.4198730999864941,238.68071430839194,1.419160693590228,242.4330197366048,239.2284003197501,287.24818269648654,1.4191403745325804,1.411413407438041,238.94265513324183,1.3608970741311213,48.49894264111578,160.9318853146895,49.0784043508966,1.2598825728179248,178.24224320416192,162.45327139402295,177.55846043838633,228.1928196961953,1.2595474022138349,1.251602780532432,159.23722928050648,1.2005611631283537,130.8563009758212,0.010982860932090447,0.0008990378135046409
149.2026878549222,190.00000000000009,25.50727260705014,599.999958773916,1.622168383219289,1219.5064057335608,1.6221950000000103,331.6295639431803,126.93123822639566,1.5722671122932,914.8933683592024,912.665000668536,1.5713149999884832,327.95951144947645,912.665000668536,1.521423465944512,316.57630877733754,1.521273910634641,327.95951144947645,1.5207950068414968,172.16943111842835,311.1651348928424,172.1694311193844,1.4256872827809275,259.7187763181988,1.4245652027473845,311.1651348928424,259.7187763181988,297.5775050773455,1.4243378794054644,1.411445002914859,308.8567846484518,1.3613749987083064,68.37050211164014,232.1242577934101,68.37050211217309,1.2666002538521186,165.00010684121074,232.1242577934101,165.00010684121088,192.5730840624646,1.266158150925473,1.25161497161599,230.94006795424423,1.200917582789443,102.68612823646686,0.0292561549443373,0.00983612703087915,123.02875803713202,163.72149000424693,21.88083900011214,600.3163525855147,1.6221457681725597,1219.4127049697765,1.622172483787343,277.39233278546465,108.37771225450913,1.571955609719024,898.7177275591226,893.8612992434156,1.5712990500319433,272.93511112142903,894.6515127194747,1.5208405817567239,149.97321016472458,1.5208202180726953,272.45789500188295,1.5202322549924474,122.55830336265181,244.3279133543203,123.72950640038093,1.4198730728388518,238.68089298872715,1.4191606674606576,242.43258924723136,239.22848597923667,287.24829981624714,1.4191403429258134,1.4114134033960692,238.9422691661503,1.3608970558029612,48.49902258439674,160.9316723908024,49.078487689451386,1.259882539462298,178.24222833822174,162.4530604883717,177.55827182677038,228.19242054614767,1.259547367236572,1.251602776796419,159.237049322544,1.200561155701706,130.85727396030939,0.010982868606940716,0.0008990257254060571
149.20268785492271,190.00000000000009,25.507272607028156,599.9999587739155,1.622168383219289,1219.5064057331128,1.6221950000000103,331.62956394317985,126.93123822637205,1.5722671122933893,914.8933683591996,912.665000668531,1.5713149999886729,327.95951144947594,912.6650006685311,1.5214234658315926,316.57630877732987,1.5212739105217101,327.95951144947594,1.5207950067285527,172.1701398536756,311.1648969052691,172.17013985461546,1.4256872909059073,259.719531142542,1.4245652102783728,311.1648969052691,259.719531142542,297.57844056126714,1.4243378868557075,1.4114450028668362,308.8565364808092,1.3613749987640182,68.37120592970109,232.12401990480333,68.37120593023539,1.2666002269866412,165.0001066271036,232.12401990480333,165.0001066271036,192.57305307336375,1.266158124473522,1.2516149727669128,230.93983268166926,1.2009174214170613,102.69669170915333,0.029251705431936347,0.00983414823041945,123.0286274699856,163.72125258461497,21.880693784634424,600.3163464631255,1.62214576933823,1219.4127001669576,1.6221724854752089,277.39199038977443,108.37796359582836,1.5719556071519927,898.717903191287,893.8614328257978,1.5712990480918356,272.93479376016217,894.6517464886501,1.5208405726382888,149.97272834409642,1.5208202012812797,272.45767217005545,1.5202322461538085,122.5582249358189,244.32754651707214,123.72942212080001,1.4198730461436702,238.68106564612975,1.4191606416452707,242.43216210796982,239.22856360814635,287.24841918831083,1.4191403116284111,1.4114133996184228,238.94189331173365,1.3608970385900065,48.49909357649952,160.93145946691524,49.07855991619886,1.2598825066298966,178.2421911733713,162.45284756448459,177.55808321515443,228.19202260199143,1.259547332003534,1.2516027732609105,159.23686638185285,1.2005611488637558,130.8582528866876,0.010982875514310547,0.0008990124240182199
149.2026878549232,190.00000000000003,25.50727260701207,599.9999587739153,1.6221683832192892,1219.5064057327859,1.6221950000000105,331.6295639431799,126.93123822635525,1.5722671122935385,914.8933683591974,912.6650006685272,1.571314999988822,327.9595114494757,912.6650006685265,1.521423465742595,316.57630877732635,1.5212739104327038,327.9595114494757,1.5207950066395362,172.17083685855977,311.1646628610592,172.17083685948512,1.4256872976054205,259.7202734725397,1.4245652163889981,311.1646628610592,259.7202734725397,297.5793605549835,1.4243378928860224,1.4114450028290149,308.85629242535146,1.3613749988034956,68.37190852974067,232.12378280198882,68.37190853027636,1.2666002002083792,165.00010647705415,232.12378280198882,165.0001064770538,192.57302981310545,1.2661580981061862,1.2516149735353914,230.93959809778403,1.2009172698393673,102.7065878679795,0.029247526609874147,0.009832291715109902,123.02849870322547,163.72106567979833,21.880560840887217,600.3163352453283,1.6221457713653011,1219.4126887975726,1.622172487982267,277.3916595828614,108.3782090232342,1.5719556049516803,898.7180698930023,893.8615831059778,1.571299046544993,272.9344986820781,894.6519502017886,1.5208405652139891,149.97227304570467,1.5208201852564822,272.4574542126742,1.520232237608163,122.55814299733673,244.32717549218415,123.72933550011962,1.4198730195050462,238.6812275960965,1.4191606161440669,242.4317458565718,239.22863454490866,287.2485340557684,1.4191402812591032,1.4114133963253723,238.94152251365446,1.3608970233165398,48.499157160730704,160.9312586524435,49.07862288310692,1.2598824753017686,178.24213790375236,162.45263817251026,177.55789491324555,228.19163912853176,1.2595472977935969,1.2516027702490207,159.23668244691882,1.2005611433616965,130.85917387963826,0.010982887538260974,0.0008989984227699472
149.20268789668927,189.99999999550135,25.507272606321145,599.9999587768651,1.622168383204538,1219.506405731689,1.622194999985265,331.6295640121749,126.93123821501896,1.572267112214597,914.8933683894431,912.6650007296108,1.5713149999088807,327.9595115248212,912.6650006284578,1.5214234654329568,316.57630900701207,1.521273910123064,327.9595115248212,1.520795006329914,172.1715223544549,311.16443389865344,172.1715212720266,1.425687307421445,259.721003218379,1.424565225715051,311.16443389865344,259.721003218379,297.5802653611511,1.4243379021422502,1.411445002974046,308.85605362596505,1.361375000205272,68.37260210043243,232.12351217377983,68.3726018932235,1.2666001689325952,165.0001053458335,232.12351217377983,165.0001053458334,192.57300700641377,1.2661580673647972,1.251614975702356,230.93932973632295,1.2009171276053952,102.71585781772927,0.0292435922717933,0.009830546152653153,123.02837306757198,163.72094444424158,21.880446304735777,600.3163200776027,1.6221457740161938,1219.4126717841973,1.6221724910831024,277.39132719566055,108.37845149368336,1.5719556030680792,898.7182246874521,893.861740065277,1.5712990454045244,272.93421230836225,894.6521405566887,1.5208405597329626,149.9718133269402,1.5208201704928959,272.4572292917982,1.5202322295508401,122.55805696193048,244.3267919043767,123.72924595306489,1.4198729926401916,238.68137883862744,1.419160590642863,242.4313379804534,239.2286961126646,287.24863991401355,1.419140252436619,1.4114133934728639,238.94115003012945,1.360897010273484,48.49921611504214,160.93106591091532,49.078676590175554,1.2598824453471076,178.24205366342468,162.45243382612568,177.55771094723588,228.19128881708514,1.2595472650543673,1.251602767831431,159.2365044774421,1.2005611393087394,130.85998197667885,0.010982902376345605,0.0008989856818235193
149.20268784417618,190.00000000081022,25.507272607263065,599.99995877276,1.622168383221866,1219.5064057311133,1.6221950000025802,331.62956392497927,126.93123822890465,1.5722671123044405,914.8933683515638,912.6650006591543,1.5713149999997629,327.9595114317493,912.6650006591544,1.521423465460936,316.5763087322511,1.5212739101510313,327.9595114317493,1.5207950063578572,172.17219647422633,311.1642063932413,172.17219647522836,1.4256873144303435,259.72172147960043,1.4245652320785218,311.1642063932413,259.72172147960043,297.5811550700353,1.4243379084214314,1.411445002668224,308.85581643100386,1.3613749997499092,68.37330242942015,232.12328562597986,68.37330243003007,1.2666001445297972,165.00010562508993,232.12328562597986,165.00010562508993,192.57298287520132,1.2661580433306352,1.2516149761376907,230.93910535943746,1.2009169940221214,102.72454045980625,0.029239903846083996,0.009828908732201148,123.02825244168909,163.72088382646322,21.880353584994136,600.3163031916581,1.6221457768921619,1219.4126520844993,1.6221724944313445,277.3910044657741,108.37868805021911,1.5719556015067464,898.7183735282694,893.8619003641356,1.5712990445874069,272.9339421247714,894.6523108742307,1.5208405560457265,149.9713757100394,1.5208201575345721,272.4570085490191,1.5202322217376787,122.5579732676237,244.32641417926504,123.72915991765936,1.4198729670196042,238.68151937372258,1.4191605665554838,242.4309493674782,239.22875768042059,287.24874577225876,1.4191402256765666,1.411413391016843,238.94078597383353,1.3608969997032754,48.49926951344988,160.9308883061564,49.07872412401792,1.2598824188588156,178.24198181138053,162.45224259827444,177.5575533063286,228.19099156485933,1.2595472357681032,1.2516027659244777,159.2363414216087,1.2005611362293975,130.8606103315468,0.01098291772610943,0.0008989749945022246
149.2026878560347,189.9999999999868,25.507272607140898,599.9999587740967,1.6221683832187086,1219.5064057321806,1.6221949999994225,331.6295639451204,126.93123822611506,1.5722671122956395,914.8933683599273,912.6650006693887,1.5713149999909102,327.9595114514341,912.6650006693878,1.5214234653996241,316.57630878202804,1.5212739100896973,327.9595114514341,1.520795006296485,172.1728594341831,311.1639837870759,172.17285943516828,1.4256873220584025,259.7224275491913,1.4245652391508723,311.1639837870759,259.7224275491913,297.58203010855726,1.4243379154182363,1.4114450026503875,308.85558430372896,1.361374999424188,68.37400170086188,232.12305464166468,68.37400170147278,1.2666001184346367,165.000105600903,232.12305464166468,165.00010560090283,192.5729608524698,1.2661580176229161,1.2516149769263922,230.93887656631637,1.2009168684091753,102.73267274406112,0.029236442020466158,0.009827371449029246,123.02813659074381,163.72082320868483,21.880278591085457,600.3162861279668,1.6221457798431553,1219.4126316250336,1.6221724978895453,277.3906949049526,108.37890686501468,1.5719555999176318,898.7185045081885,893.8620506443157,1.5712990438380185,272.9336782083257,894.6524611544148,1.5208405523584907,149.970898309784,1.5208201449719223,272.4567836281432,1.5202322134361945,122.5578910365041,244.32603561662538,123.72907739390304,1.4198729417383624,238.68165455509978,1.4191605433582901,242.4305691297826,239.22882460189444,287.2488561351101,1.4191401998446087,1.4114133886434237,238.94042023209175,1.360896990199785,48.499309639421014,160.9307096922795,49.078754990149314,1.2598823936785875,178.24192730293322,162.45204884762833,177.5574322108576,228.19074194534312,1.2595472083362098,1.2516027641415775,159.23617886289674,1.2005611327424959,130.86107528443964,0.010982933587554573,0.0008989648206637524
149.2026878551565,189.99999999997462,25.50727260710159,599.9999587739035,1.6221683832192761,1219.5064057313762,1.6221949999999898,331.6295639435781,126.93123822626467,1.5722671122941743,914.8933683593928,912.6650006687757,1.5713149999894545,327.95951144985946,912.6650006687755,1.5214234652947813,316.57630877835425,1.5212739099848456,327.95951144985946,1.5207950061916247,172.17351142134567,311.1637648597805,172.17351142231564,1.4256873295504688,259.7231219343563,1.4245652460965068,311.1637648597805,259.7231219343563,297.5828906730459,1.4243379222895907,1.4114450026239607,308.85535601242805,1.3613749993158102,68.3746997339785,232.1228230276949,68.37469973458978,1.2666000922864997,165.00010546318634,232.1228230276949,165.00010546318626,192.57294050314707,1.266157991865999,1.2516149777373866,230.93864707093434,1.2009167505574756,102.74028894133626,0.029233191136348105,0.009825927675197648,123.02802199224118,163.7208131057218,21.88022405006096,600.3162696765145,1.6221457826246473,1219.4126121152776,1.6221725011938042,277.39039763525847,108.37911385198348,1.5719555984896512,898.7186235808423,893.8621875662575,1.5712990433180347,272.93343100426705,894.6526047554797,1.52084054976746,149.9703899669194,1.5208201338435907,272.45655244012215,1.5202322057695297,122.55781290230861,244.32566124162554,123.72899955234566,1.4198729179841754,238.6817810366854,1.419160521627285,242.4302039675904,239.2288968770862,287.24897325487075,1.419140175404792,1.411413386545343,238.94006123213327,1.3608969819084744,48.49933494964896,160.9305330966385,49.07877165786027,1.2598823698064232,178.2418988098812,162.4518576197771,177.55735292584333,228.19053995853656,1.2595471832702372,1.2516027625894732,159.23601829267054,1.2005611295273009,130.86141694311488,0.01098294791404085,0.0008989548336132048
149.20268785492522,189.9999999999991,25.507272607095352,599.9999587739097,1.6221683832193017,1219.5064057311984,1.6221950000000154,331.62956394318996,126.93123822630848,1.572267112294407,914.8933683592168,912.6650006685572,1.571314999989691,327.95951144948197,912.6650006685568,1.521423465191897,316.57630877736995,1.5212739098819519,327.95951144948197,1.5207950060887194,172.1741526162869,311.163549564563,172.17415261724045,1.4256873369092233,259.7238048233885,1.4245652529178248,311.163549564563,259.7238048233885,297.58373698152593,1.4243379290378486,1.4114450025882026,308.8551315087029,1.3613749992996567,68.37539653252222,232.12259158372285,68.37539653313404,1.2666000661689014,165.00010528210709,232.12259158372285,165.00010528210726,192.57292188060967,1.2661579661398363,1.2516149785320443,230.9384176681381,1.2009166400043347,102.74742121494434,0.029230137666173505,0.00982457135547005,123.02791404734015,163.7208636205371,21.880188598395037,600.3162548642824,1.6221457850171195,1219.4125949933639,1.622172504063726,277.3901303910325,108.37932083895225,1.5719555975784107,898.7187366998634,893.8623345068779,1.5712990432874474,272.9332123505363,894.6527516961044,1.5208405490200472,149.96990372591853,1.520820125114033,272.45633169734305,1.5202322003003166,122.55774383987365,244.32531199246463,123.72893166046101,1.4198728966619647,238.68189681083518,1.4191605023050176,242.42987398157263,239.22897049070747,287.24908587002517,1.41914015385238,1.4114133850475008,238.93973257019942,1.360896976090011,48.49935470397321,160.93037567423855,49.078780917699696,1.2598823490082087,178.24187898862763,162.45168051957714,177.55728788735507,228.19037957498267,1.2595471612096234,1.2516027616201295,159.23587114472332,1.2005611280329143,130.86163085115504,0.010982960449731677,0.0008989465267117604
149.20268785492067,189.99999999999977,25.507272607084793,599.9999587739135,1.6221683832192983,1219.506405730987,1.622195000000012,331.6295639431821,126.93123822629897,1.5722671122946168,914.8933683592094,912.6650006685463,1.5713149999899008,327.9595114494749,912.6650006685468,1.5214234650911624,316.57630877734846,1.5212739097812074,327.9595114494749,1.5207950059879631,172.1747831971598,311.1633378398692,172.17478319809746,1.4256873441426543,259.7244764063745,1.4245652596226739,311.1633378398692,259.7244764063745,297.5845692714616,1.4243379356708394,1.4114450025491236,308.8549107283441,1.3613749993252693,68.37609209882585,232.12236066901565,68.37609209943943,1.2666000401201336,165.00010508121463,232.12236066901565,165.00010508121483,192.5729049950009,1.266157940481131,1.2516149792944926,230.9381887153712,1.2009165362898027,102.75409975062554,0.029227269276518704,0.009823296899602754,123.02781651336865,163.72101011350148,21.880177008427335,600.3162460559417,1.6221457861952937,1219.4125856862065,1.6221725056251395,277.389904409877,108.37953669679112,1.5719555971394594,898.7188706565988,893.8624914661771,1.5712990435998746,272.93302416209445,894.652925353206,1.5208405506643552,149.96950589237233,1.5208201205390524,272.45613880854233,1.5202321979563682,122.55769409150949,244.32501467003746,123.72888132682242,1.4198728804864944,238.68199986990496,1.4191604867529488,242.4295925721768,239.22904276589927,287.2491894759673,1.419140137507608,1.4114133842104712,238.93946458431492,1.360896972938343,48.499376927587996,160.93025558920266,49.078792646829626,1.2598823328536208,178.24186783917253,162.45154277497716,177.5572463866054,228.19026441235565,1.2595471449678963,1.251602761395103,159.23575680679133,1.2005611288027498,130.86179128218515,0.010982959682239984,0.0008989436799822959
149.20268785492465,190.00000000000023,25.50727260707461,599.999958773913,1.6221683832192957,1219.5064057307795,1.6221950000000096,331.62956394318803,126.93123822628897,1.5722671122947962,914.8933683592096,912.6650006685494,1.5713149999900804,327.95951144948015,912.6650006685489,1.5214234649922487,316.57630877736017,1.5212739096822838,327.95951144948015,1.5207950058890276,172.17540333919254,311.16312962563234,172.17540334011574,1.4256873512549793,259.72513687024355,1.4245652662151322,311.16312962563234,259.72513687024355,297.58538777594015,1.4243379421926228,1.4114450025089877,308.85469360868444,1.361374999372717,68.37678643455895,232.12213046554905,68.37678643517259,1.2666000141627842,165.00010487040282,232.12213046554905,165.00010487040268,192.5728898426094,1.2661579149116866,1.2516149800206846,230.93796039403236,1.2009164389901357,102.76035287424352,0.029224574510048056,0.00982209912180425,123.0277355742623,163.7212576360965,21.880189280157843,600.3162464904339,1.622145785646498,1219.4125879926448,1.6221725052622757,277.38972250119235,108.37977916724027,1.571955596989438,898.7190403351304,893.8626818210718,1.571299044012803,272.9328631312816,894.6531457641428,1.520840554052626,149.96927603299008,1.5208201204154042,272.4559863080104,1.5202321995190005,122.55766950996484,244.32479272512705,123.7288544041785,1.4198728701364558,238.68208753703573,1.419160475965992,242.4293815151299,239.22911236423207,287.24928632500007,1.4191401272985706,1.4114133838415175,238.93927244349206,1.3608969725989328,48.49940470710647,160.93017586888473,49.07881178383109,1.2598823233047551,178.2418777497993,162.45145094524383,177.55722656535187,228.19022582383138,1.2595471355042127,1.2516027617268726,159.23568671266784,1.2005611312254671,130.86191606187523,0.010982942285776155,0.0008989483934244991
149.20268785492732,189.99999999999994,25.50727260706596,599.999958773913,1.6221683832192961,1219.506405730599,1.62219500000001,331.6295639431927,126.93123822627916,1.5722671122949627,914.8933683592124,912.6650006685516,1.5713149999902472,327.95951144948515,912.6650006685509,1.5214234648950171,316.5763087773736,1.5212739095850427,327.95951144948515,1.5207950057917752,172.1760132147831,311.1629248631554,172.17601321569117,1.425687358249092,259.7257863988258,1.4245652726979543,311.1629248631554,259.7257863988258,297.58619272355435,1.4243379486059342,1.4114450024687506,308.8544800885064,1.3613749994323687,68.37747954107306,232.1219010766319,68.37747954168664,1.2665999883109182,165.00010465406945,232.1219010766319,165.00010465406945,192.57287641192272,1.2661578894451382,1.2516149807102672,230.93773280749042,1.2009163477128642,102.76620716352284,0.029222042647796855,0.009820973195824501,123.02767146485405,163.72156072498836,21.880222686535348,600.316255990012,1.6221457833346085,1219.4126020754868,1.6221725030301144,277.389584138216,108.3800423363863,1.5719555967838534,898.7192308513766,893.8628755155261,1.5712990443361543,272.93272595043777,894.6533995706761,1.5208405583377922,149.9691655236717,1.520820123852822,272.45587489209663,1.5202322040604006,122.55767097315201,244.32463861998173,123.72884621033036,1.419872865159388,238.682158473798,1.4191604688968698,242.4292357852642,239.22917794727647,287.24937866942673,1.419140121936248,1.411413383725875,238.93915277683925,1.360896974392959,48.49943063465705,160.9301254129873,49.078832772800446,1.2598823191843542,178.24192234761983,162.4514004893464,177.55725381957552,228.1902601917358,1.2595471323070222,1.2516027623759869,159.2356509199239,1.2005611345312313,130.86205718176285,0.010982912097860205,0.0008989590337611311
149.20268785492863,190.0,25.507272607057885,599.9999587739129,1.6221683832192957,1219.5064057304348,1.6221950000000094,331.62956394319474,126.93123822627003,1.572267112295124,914.8933683592128,912.66500066855,1.5713149999904084,327.95951144948714,912.6650006685504,1.5214234647993927,316.57630877737586,1.521273909489409,327.95951144948714,1.5207950056961304,172.1766129935245,311.1627234948087,172.17661299441727,1.4256873651273185,259.72642517293747,1.4245652790733285,311.1627234948087,259.72642517293747,297.5869843388904,1.4243379549129438,1.411445002428829,308.85427010771514,1.3613749994999942,68.3781714195457,232.12167257012845,68.37817142016036,1.2665999625744768,165.00010443419427,232.12167257012845,165.00010443419427,192.57286468614825,1.266157864091156,1.251614981364289,230.93750602402872,1.2009162620914522,102.77168755357185,0.029219663635622756,0.009819914619739446,123.0276064943915,163.72186886536176,21.880255411150046,600.3162670300624,1.6221457808462707,1219.412618844651,1.622172500611023,277.3894536766786,108.38029663466223,1.5719555965782686,898.7194183908063,893.8630658704208,1.5712990446704296,272.9325922513413,894.6536567167691,1.520840562573131,149.96906827547153,1.5208201270676733,272.45576695793017,1.5202322085041362,122.5576733142515,244.32449624022786,123.72883918703195,1.4198728600126476,238.6822287413456,1.4191604621942946,242.42910178078998,239.22923817660296,287.2494642569441,1.4191401168317295,1.4114133835661786,238.93903816652386,1.360896975896062,48.49945254961052,160.93007394797195,49.07885190980192,1.2598823151293563,178.2419632289553,162.451350033449,177.55726403990937,228.19029094196605,1.2595471292377196,1.2516027629587472,159.23561661854433,1.2005611377690686,130.86225474960548,0.010982884212486136,0.0008989693008720112
149.20268785492942,190.00000000000006,25.50727260705056,599.9999587739128,1.6221683832192957,1219.5064057302855,1.6221950000000092,331.62956394319565,126.931238226262,1.5722671122952807,914.8933683592124,912.6650006685475,1.5713149999905651,327.959511449488,912.6650006685476,1.5214234647053377,316.5763087773737,1.5212739093953447,327.959511449488,1.5207950056020552,172.17720284224913,311.16252546410965,172.1772028431263,1.4256873718917333,259.72705337039065,1.4245652853431932,311.16252546410965,259.72705337039065,297.5877628426697,1.4243379611155709,1.4114450023894054,308.8540636074117,1.3613749995736966,68.37886207106885,232.12144499821093,68.37886207168361,1.2665999369615015,165.00010421165882,232.12144499821093,165.00010421165854,192.57285464467088,1.2661578388575818,1.2516149819843734,230.93728009646884,1.200916181782112,102.7768174363899,0.029217428034958855,0.009818919187338002,123.02754144565128,163.7221871086982,21.880288135764744,600.3162776553701,1.622145778431569,1219.4126354781424,1.6221724983073884,277.3893267268919,108.38054501902477,1.5719555964115783,898.7195999766031,893.8632562253155,1.5712990450331072,272.93246412304046,894.653903844183,1.5208405669081246,149.96897544764408,1.5208201302330655,272.45566250551104,1.5202322130943686,122.55767477743869,244.32435804811382,123.72883040790894,1.4198728548093493,238.68229432438997,1.4191604552299002,242.4289719639556,239.22929840592943,287.24954083524915,1.419140111933454,1.4114133833954687,238.93892692710008,1.3608969776416011,48.499469525982924,160.93002248295656,49.07886734286762,1.2598823110089554,178.2420041102908,162.45129957755157,177.5572683758086,228.19032591281615,1.259547126040529,1.2516027636049762,159.23557983155752,1.2005611412559702,130.8624448900856,0.010982859652949262,0.0008989784013637766
149.20268785493016,190.00000000000006,25.507272607043937,599.9999587739126,1.6221683832192952,1219.5064057301506,1.622195000000009,331.62956394319644,126.93123822625583,1.5722671122954353,914.8933683592122,912.6650006685481,1.5713149999907197,327.95951144948833,912.6650006685478,1.5214234646128242,316.5763087773752,1.5212739093028222,327.95951144948833,1.5207950055095214,172.17778292505392,311.162330715562,172.1777829259178,1.4256873785442916,259.7276711660693,1.424565291509368,311.162330715562,259.7276711660693,297.5885284519252,1.4243379672156173,1.4114450023505698,308.85386052972575,1.361374999652647,68.37955149668392,232.12121840604533,68.37955149729822,1.2665999114791218,165.00010398684108,232.12121840604533,165.0001039868411,192.57284626407403,1.2661578137513774,1.2516149825723586,230.93705507076993,1.2009161064617389,102.78161875461183,0.02921532698340405,0.009817982964168298,123.02747764935371,163.722480094627,21.88031949685383,600.31628760919,1.622145776198873,1219.4126511347895,1.6221724961467001,277.38920100621795,108.38078748947392,1.5719555962671132,898.7197756087675,893.8634365615314,1.5712990454045244,272.93233634291437,894.654140952918,1.520840571093636,149.96886935869844,1.5208201332253501,272.45555874944137,1.5202322171474463,122.55767477743869,244.32421650588793,123.72882162878592,1.4198728491535906,238.6823619150786,1.419160448160778,242.42884382217713,239.2293546199675,287.2496174135542,1.4191401068289353,1.4114133832522926,238.9388106313389,1.3608969794356274,48.49948495904874,160.9299689997053,49.078879689320175,1.259882306692345,178.2420437527979,162.45124659885926,177.55727704760704,228.19035485420932,1.2595471226515074,1.2516027642079313,159.2355420503278,1.2005611444938076,130.86262166131326,0.01098283918671049,0.0008989861018518427
149.20268785493033,189.99999999999994,25.507272607037947,599.9999587739126,1.6221683832192955,1219.5064057300285,1.622195000000009,331.62956394319644,126.9312382262487,1.5722671122955867,914.8933683592121,912.6650006685466,1.5713149999908715,327.9595114494887,912.6650006685468,1.521423464521828,316.57630877737574,1.5212739092118168,327.9595114494887,1.5207950054185058,172.1783534033504,311.1621391947135,172.17835340420066,1.4256873850868585,259.72827873195104,1.4245652975735847,311.1621391947135,259.72827873195104,297.58928138002744,1.4243379732147976,1.4114450023123433,308.8536608178732,1.361374999736432,68.38023969740586,232.12099283556904,68.3802396980207,1.2665998861339338,165.00010375992784,232.12099283556904,165.00010375992838,192.57283951892884,1.2661577887789848,1.2516149831300774,230.93683098976794,1.2009160358263804,102.78611208978958,0.0292133521599052,0.009817102266981449,123.0274146358328,163.72277813203732,21.880352221468524,600.3162962990328,1.6221457741551293,1219.41266562465,1.6221724942334188,277.3890796752323,108.38102404600966,1.571955596167099,898.7199512409318,893.8636168977475,1.5712990457956046,272.9322148299334,894.6543680429742,1.5208405751296645,149.96877211049826,1.520820136019798,272.45545568972113,1.5202322210051946,122.55767536271357,244.32407998882985,123.72881284966292,1.4198728435543893,238.68242682890823,1.419160441405839,242.42872321815034,239.22941083400553,287.2496939918592,1.4191401017759775,1.411413383098103,238.93870276280677,1.3608969811326794,48.49949854014667,160.9299175346899,49.07889141845011,1.2598823024411376,178.24208091764834,162.4511946292849,177.55728324174876,228.1903783690913,1.2595471195182608,1.2516027648657004,159.23550426909813,1.200561147754287,130.86278506328836,0.010982821534610184,0.000898993102352777
149.20268785493067,190.00000000000006,25.507272585856605,599.9999587739123,1.6221683832192952,1219.506405729961,1.622195000000009,331.6295639431968,126.9312382262448,1.5722671122957077,914.8933683592127,912.6650006685497,1.5713149999909923,327.9595114494889,912.66500066855,1.521423464483481,316.57630877738086,1.521273909173341,327.9595114494889,1.520795005379826,172.17891443566032,311.161950626815,172.17891443656168,1.4256873915335642,259.72887629687017,1.4245653035907448,311.161950626815,259.72887629687017,297.5900218585482,1.4243379791744413,1.4114450028243015,308.85346419607686,1.3613749998068274,68.38092038300714,232.12068504914163,68.38092038365636,1.2665998572524617,165.0001035769368,232.12068504914163,165.00010357693645,192.57283759154353,1.2661577604926006,1.2516149835556898,230.9365235015863,1.200915962232751,102.79031693263082,0.029211493665145655,0.009816273126990602,123.0273511526459,163.72305596352152,21.880382219031997,600.3163042383892,1.622145772268383,1219.4126787849164,1.622172492452088,277.3889581686592,108.38125468863203,1.5719555961115357,898.7201179426471,893.8637905548444,1.5712990462434897,272.93209314286514,894.6545951330303,1.5208405791656932,149.9686660215526,1.5208201386905975,272.45535332635035,1.5202322247164464,122.55767419216382,244.32394347177174,123.72880289999017,1.4198728376724001,238.68249107352315,1.4191604344414446,242.42860093906762,239.22946570961412,287.24976606555805,1.4191400967230197,1.4114133830099946,238.938591523383,1.3608969831691415,48.49951026927669,160.9298630423207,49.07890067828953,1.259882298124527,178.24212056015548,162.4511386232388,177.55729284266846,228.19040911932154,1.2595471161292389,1.2516027655292392,159.23546449938266,1.2005611510374088,130.86293509601097,0.010982807208288752,0.0008989992161681879
149.20268783706794,189.9999999972182,25.50727260250508,599.999958750186,1.622168383229415,1219.5064054829245,1.6221950000101155,331.62956391289663,126.93123822367218,1.5722671123060317,914.8933683457482,912.6650006442433,1.571315000001592,327.9595114211377,912.6650006388968,1.5214234642269842,316.57630865140396,1.5212739089169873,327.9595114211377,1.5207950051237233,172.17946613392837,311.1617651875083,172.17946613481976,1.4256873978625695,259.7294639231915,1.4245653094192339,311.1617651875083,259.7294639231915,297.59074999186987,1.4243379849341413,1.4114450022404859,308.8532708430471,1.361375000981333,68.38160500273894,232.12051585266045,68.38160500343096,1.2665998328632064,165.00010268658258,232.12051585266045,165.0001026865827,192.5728393331229,1.2661577363488212,1.2516149846728903,230.93635650071383,1.2009159077409306,102.79425059451785,0.029209741151740496,0.009815491204226846,123.02728900017931,163.72331864056113,21.88041153483266,600.3163112100132,1.6221457705553064,1219.4126906155889,1.622172490863185,277.3888375400237,108.3814675895142,1.5719555960226341,898.7202757139133,893.8639541932627,1.5712990466476788,272.9319749375441,894.6548021857285,1.5208405828031017,149.96855109186149,1.5208201412130193,272.45525096297956,1.5202322279393756,122.55767302161406,244.32380946729754,123.72879353559229,1.419872831677296,238.6825539797086,1.4191604276341416,242.42848033504083,239.22952058522267,287.2498358869538,1.4191400914122578,1.4114133828613118,238.93847859851343,1.3608969851086294,48.499519529116185,160.92980754083354,49.078908086161064,1.259882293611707,178.24215276969252,162.45108211263366,177.55730089505272,228.19043082536643,1.2595471127402171,1.251602766152389,159.2354247296672,1.2005611541846772,130.86307770137108,0.01098279467277284,0.0008990047699754777
149.20268785592592,190.00000000053387,25.507272606649508,599.9999587737674,1.6221683832186318,1219.5064057228105,1.622194999999353,331.629563945016,126.93123822574927,1.5722671123011636,914.893368359747,912.6650006688992,1.5713149999964404,327.95951145141225,912.6650006688996,1.5214234642596725,316.57630878155294,1.5212739089496339,327.95951145141225,1.5207950051562884,172.18000875253105,311.1615833583082,172.18000875340772,1.4256874040217613,259.73004172566743,1.4245653151209678,311.1615833583082,259.73004172566743,297.59146620207343,1.424337990573553,1.411445002156938,308.8530812120024,1.3613750006475542,68.38228987158993,232.12030001699674,68.38228987228257,1.266599808866372,165.0001027934755,232.12030001699674,165.00010279347543,192.57283856557126,1.2661577126867498,1.2516149848638922,230.93614187868556,1.2009158494647418,102.7979306657094,0.029208098501926592,0.009814756074817,123.0272287263767,163.72358131760075,21.88044221415894,600.316317569398,1.6221457689519887,1219.412701713628,1.6221724893787426,277.38871972078874,108.38168640430978,1.571955595972627,898.7204334851796,893.8641245108,1.5712990470540529,272.9318589953589,894.655015917546,1.5208405866398202,149.96843174179764,1.5208201435870632,272.4551513850067,1.5202322311623047,122.55767097315201,244.32367713787923,123.7287841711944,1.4198728257953066,238.6826148782498,1.4191604209315665,242.42836475618182,239.22957144554283,287.24990345604647,1.4191400862046175,1.4114133827401627,238.93836904453548,1.3608969870481173,48.49952755431041,160.9297530484643,49.078912407419466,1.25988228916429,178.24218621805792,162.4510281248234,177.55730801831572,228.19045072257424,1.2595471094151391,1.2516027667668836,159.23538297146595,1.2005611571960924,130.86320990842367,0.010982781113965608,0.0008990102304749193
149.2026878555767,189.99999999995876,25.507272607013476,599.9999587738978,1.6221683832191713,1219.5064057328627,1.6221949999998926,331.6295639442851,126.93123822620997,1.572267112296076,914.8933683596938,912.6650006691159,1.5713149999913543,327.959511450558,912.6650006691166,1.5214234641771105,316.5763087801013,1.5212739088670646,327.959511450558,1.520795005073711,172.18054238204343,311.16140426868174,172.18054238290566,1.4256874101663832,259.73061003078635,1.4245653208178175,311.16140426868174,259.73061003078635,297.5921704500398,1.4243379962095088,1.4114450021425728,308.8528944618844,1.361375000466297,68.3829734996258,232.12008195920822,68.38297350031877,1.2665997844583783,165.00010270231462,232.12008195920822,165.0001027023146,192.5728386584858,1.266157688624046,1.25161498521488,230.935924974097,1.2009157947495575,102.80137312602164,0.029206555447502006,0.009814064466581,123.02716884396241,163.7238338916773,21.880471529959607,600.3163236325383,1.6221457674195283,1219.4127120790338,1.6221724879657733,277.38860207714134,108.38189339127855,1.5719555958837255,898.7205882796295,893.8642814700992,1.5712990474101762,272.93174235682415,894.6552196306845,1.5208405899782638,149.9683168121065,1.5208201458621888,272.45505250338323,1.5202322340922403,122.5576692173274,244.32354480846095,123.72877480679652,1.4198728199133175,238.6826771152205,1.4191604142289913,242.42824415215503,239.2296249827219,287.2499732774422,1.4191400809454164,1.4114133825804662,238.9382561196659,1.3608969887936564,48.499534962182004,160.9296965378592,49.07891734600049,1.2598822845860667,178.24221718876663,162.4509721187773,177.55732195513465,228.19047001683637,1.2595471057063983,1.2516027673352192,159.23534121326472,1.200561160049012,130.86333617358628,0.010982769090131694,0.0008990151309513736
149.2026878549671,189.99999999999588,25.507272607021868,599.999958773908,1.6221683832192924,1219.5064057329917,1.6221950000000134,331.6295639432526,126.93123822635559,1.5722671122961203,914.8933683592518,912.6650006685936,1.571314999991405,327.95951144954427,912.6650006685936,1.5214234640913311,316.5763087775374,1.5212739087812777,327.95951144954427,1.5207950049879158,172.18106717225862,311.16122812541903,172.18106717310633,1.4256874161991258,259.73116892775704,1.4245653264103137,311.16122812541903,259.73116892775704,297.59286303416593,1.424338001742139,1.4114450021196163,308.8527107854589,1.3613750004422829,68.38365588972701,232.11986401264684,68.38365589042031,1.2665997601043242,165.00010252578676,232.11986401264684,165.0001025257873,192.5728400103522,1.2661576646161192,1.2516149856022936,230.9357081233744,1.2009157435031699,102.80459288949407,0.029205104580540802,0.009813413511707447,123.02711130987811,163.72408646575383,21.880502209285886,600.3163291624384,1.6221457659481997,1219.4127219288828,1.6221724866187792,277.388484784669,108.38209742129064,1.5719555958392748,898.7207341436304,893.8644417689578,1.5712990478252893,272.9316309409104,894.6554233438231,1.5208405934163622,149.96819746204267,1.5208201481867736,272.45495222906084,1.520232237022176,122.55766775414021,244.32341582915453,123.72876661294838,1.4198728143141164,238.68273734454698,1.4191604077882356,242.42812941082397,239.22967718147152,287.2500385942318,1.4191400758924586,1.4114133824813444,238.93814319479634,1.3608969908786057,48.499541135408336,160.92964204548997,49.078921049936255,1.2598822802694563,178.24224568181862,162.45091813096704,177.55733434341812,228.19049172288126,1.2595471023813203,1.2516027679309618,159.2352984608206,1.2005611630377848,130.86344758402385,0.010982756554659289,0.000899019938111374
149.20268785492078,190.0000000000004,25.50727260700502,599.9999587739146,1.6221683832192908,1219.506405732644,1.6221950000000116,331.6295639431752,126.93123822634843,1.5722671122963519,914.8933683592113,912.6650006685397,1.5713149999916372,327.9595114494699,912.6650006685397,1.5214234640078126,316.57630877733243,1.521273908697751,327.9595114494699,1.5207950049043788,172.18158327041596,311.1610548932132,172.18158327124934,1.4256874221251266,259.7317185695056,1.4245653319033853,311.1610548932132,259.7317185695056,297.59354415129656,1.4243380071763407,1.4114450020904445,308.8525301447436,1.361375000488492,68.38433704560678,232.11964677922555,68.3843370462993,1.2665997358616996,165.00010231600322,232.11964677922555,165.00010231600297,192.57284265660772,1.2661576407177786,1.2516149859918424,230.93549192471244,1.2009156955041043,102.80760394511174,0.029203739768325594,0.009812800586391852,123.02705518479178,163.7243390398304,21.88053220684936,600.316334376344,1.6221457645769048,1219.4127312089056,1.622172485376246,277.3883734621728,108.38229849434603,1.571955595794824,898.7208859612639,893.864598728257,1.5712990481748583,272.9315212658703,894.6556170382827,1.5208405966053231,149.96809579346973,1.5208201504371694,272.4548568291847,1.5202322397079502,122.55766775414021,244.32329522512774,123.72876017492483,1.4198728087714727,238.682796235444,1.4191604018711186,242.42801969466072,239.22972938022116,287.25010841562755,1.4191400709426223,1.4114133823381683,238.93804206804745,1.3608969927211192,48.499547925957295,160.9295885622387,49.07892475387202,1.2598822761490551,178.24227913018402,162.45086616139267,177.55734363463074,228.19051222303474,1.2595470989922986,1.2516027684661204,159.23525769686222,1.2005611657548512,130.86354711068142,0.010982744786677797,0.0008990246052815982
149.20268785492556,190.0000000000003,25.507272606987435,599.9999587739148,1.6221683832192884,1219.5064057322857,1.6221950000000094,331.6295639431826,126.93123822632921,1.5722671122965326,914.8933683592114,912.6650006685381,1.571314999991818,327.9595114494773,912.6650006685381,1.5214234639261583,316.5763087773448,1.521273908616089,327.9595114494773,1.5207950048227077,172.18209082085724,311.1608845264799,172.18209082167687,1.4256874279499847,259.7322591089933,1.4245653373025005,311.1608845264799,259.7322591089933,297.59421398938036,1.424338012517564,1.411445002058912,308.8523524921758,1.3613750005693925,68.38501696997179,232.11943055427196,68.3850169706646,1.2665997117627725,165.00010209003818,232.11943055427196,165.00010209003833,192.57284660843345,1.2661576169600015,1.251614986371697,230.9352766717711,1.2009156505328051,102.81041941049239,0.0292024555408605,0.009812223266516196,123.02700062525876,163.7245815109439,21.880564249701248,600.3163394520022,1.6221457631972735,1219.412740271852,1.6221724841392107,277.3882617885015,108.38249365348803,1.571955595794824,898.7210348020811,893.8647623666752,1.571299048570308,272.9314159430143,894.655814072302,1.5208406000434216,149.9679897045241,1.5208201526875655,272.45476003660957,1.5202322425402213,122.5576659983156,244.32317378357297,123.72875256635156,1.419872803511617,238.6828517802673,1.4191603959016375,242.4279116535534,239.2297789021118,287.25016697550785,1.4191400660959077,1.4114133822445531,238.93793925585277,1.3608969948545557,48.49955286453836,160.92953608810538,49.078926605839904,1.2598822724210734,178.2423051455793,162.4508131827004,177.55735788115672,228.1905369438081,1.2595470961148272,1.2516027690661904,159.2352184242682,1.2005611685624864,130.86363029714147,0.010982733018708921,0.0008990295991805705
149.2026878549297,190.00000000000017,25.507272606971423,599.9999587739144,1.6221683832192872,1219.5064057319596,1.6221950000000085,331.62956394318877,126.9312382263106,1.5722671122966894,914.8933683592118,912.6650006685364,1.571314999991975,327.9595114494831,912.6650006685364,1.521423463846111,316.576308777354,1.5212739085360336,327.9595114494831,1.5207950047426428,172.18258996530983,311.1607169797139,172.18258996611627,1.4256874336770244,259.73279069659606,1.424565342610855,311.1607169797139,259.73279069659606,297.59487273354625,1.4243380177689862,1.4114450020266238,308.8521777802893,1.361375000668985,68.38569566502295,232.11921549716385,68.38569566571621,1.2665996878268015,165.000101855511,232.11921549716385,165.00010185551082,192.57285186648537,1.2661575933613696,1.2516149867380733,230.9350625232346,1.2009156083918984,102.81305158493836,0.029201246865334103,0.009811679301718005,123.02694794438973,163.72483408502043,21.88059561079033,600.3163446659079,1.622145761803749,1219.412749171991,1.622172482869188,277.38815643598144,108.38268881263002,1.571955595844831,898.721180666082,893.8649126468553,1.5712990490050844,272.9313113165078,894.6560077667616,1.5208406033818649,149.96789687669664,1.5208201552841762,272.4546722965775,1.5202322454701567,122.55766716886535,244.32306071729786,123.72874729887775,1.4198727984779915,238.6829073250906,1.4191603904034313,242.42781450030958,239.229827085573,287.25022778769124,1.4191400616101186,1.4114133821674584,238.93784149999553,1.3608969971334541,48.49956027240995,160.9294886595618,49.07893030977567,1.259882268823898,178.2423385939447,162.4507657541568,177.55737615387486,228.19056226752713,1.2595470934291872,1.2516027696518357,159.23518312864573,1.2005611714154059,130.86371051265655,0.01098272022745271,0.0008990349198137351
149.20268785493198,190.00000000000017,25.50727260695694,599.9999587739142,1.6221683832192866,1219.5064057316647,1.6221950000000076,331.629563943192,126.9312382262948,1.572267112296835,914.8933683592111,912.6650006685336,1.5713149999921203,327.9595114494863,912.6650006685334,1.521423463767528,316.5763087773571,1.521273908457443,327.9595114494863,1.520795004664043,172.1830808430181,311.1605522074974,172.1830808438114,1.4256874393086334,259.73331348025033,1.4245653478307139,311.1605522074974,259.73331348025033,297.5955205664287,1.424338022932856,1.4114450019943003,308.8520059617077,1.3613750007799363,68.38637313270492,232.11900170522443,68.38637313339882,1.266599664066199,165.0001016158763,232.11900170522443,165.0001016158768,192.57285842447806,1.2661575699338954,1.2516149870899396,230.9348495762679,1.2009155689016278,102.8155119997432,0.0292001090533104,0.00981116659672615,123.02689542007603,163.72508160761544,21.88062765364222,600.3163499588122,1.6221457604380114,1219.4127582349374,1.6221724816431484,277.3880502055237,108.38287805785862,1.571955595811493,898.7213265300829,893.8650629270353,1.5712990493393597,272.9312084308749,894.6562014612213,1.5208406065209983,149.96779520812373,1.5208201576334905,272.4545789857497,1.5202322479117698,122.55766950996484,244.3229459759668,123.72874437250341,1.4198727933878086,238.6829642083434,1.419160385062317,242.4277139969539,239.2298792843226,287.2502931044808,1.419140057227451,1.4114133820242822,238.93774037324667,1.3608969989759674,48.49956613697496,160.92943820366438,49.07893339638881,1.2598822652267225,178.24236832582505,162.4507173164953,177.55739349747174,228.19058638535478,1.2595470906796034,1.2516027701624721,159.23514634165892,1.20056117390605,130.8637773589191,0.010982708459510151,0.0008990401471331231
149.2026878549337,190.00000000000014,25.507272606943864,599.9999587739138,1.6221683832192864,1219.5064057313978,1.6221950000000072,331.62956394319406,126.93123822628078,1.5722671122969714,914.8933683592101,912.66500066853,1.5713149999922569,327.959511449488,912.6650006685303,1.5214234636903154,316.5763087773561,1.521273908380223,327.959511449488,1.520795004586814,172.18356359084623,311.1603901647036,172.18356359162624,1.42568744484673,259.7338276054909,1.4245653529638764,311.1603901647036,259.7338276054909,297.5961576679972,1.4243380280109554,1.4114450019622409,308.8518369893619,1.3613750008987602,68.38704937480873,232.11878924659874,68.3870493755005,1.266599640489932,165.00010137276905,232.11878924659874,165.0001013727687,192.5728662713327,1.2661575466862764,1.2516149874273244,230.93463789918317,1.2009155318957898,102.81781146558886,0.029199037716336394,0.009810683196750053,123.02684602686897,163.72532913021047,21.880661741782532,600.3163554689625,1.6221457589847443,1219.4127675149605,1.622172480329142,277.3879478379917,108.38306730308722,1.5719555958170492,898.7214694172674,893.8652198863343,1.5712990497064072,272.93110902698936,894.6563918161212,1.5208406095604767,149.9677023802963,1.5208201601559124,272.45448915666924,1.5202322505487118,122.5576724363392,244.32284128497133,123.72874203140394,1.4198727889763167,238.6830177455225,1.419160380192477,242.427619356294,239.22992880621328,287.2503516643612,1.4191400532572698,1.4114133819251602,238.93765273006431,1.360897001060917,48.499572001539974,160.92939380247464,49.078936483001954,1.2598822620219663,178.24240425184715,162.45067341986453,177.5574179643316,228.19061773853073,1.2595470885694577,1.2516027706731085,159.23511204027935,1.2005611765099051,130.86383826329163,0.010982694644984973,0.0008990458878849693
149.20268785493477,190.00000000000017,25.50727260693204,599.9999587739136,1.622168383219286,1219.5064057311565,1.622195000000007,331.6295639431953,126.93123822626882,1.572267112297103,914.8933683592087,912.6650006685277,1.5713149999923886,327.9595114494889,912.665000668528,1.5214234636144208,316.5763087773563,1.5212739083043205,327.9595114494889,1.5207950045109024,172.1840383433465,311.1602308066587,172.184038344113,1.4256874502930312,259.7343332154776,1.4245653580119435,311.1602308066587,259.7343332154776,297.596784215473,1.424338033004871,1.411445001930585,308.8516708166572,1.3613750010237822,68.38772439304012,232.11857817541159,68.38772439373368,1.2665996171052796,165.000101126968,232.11857817541159,165.00010112696737,192.57287539238138,1.2661575236255849,1.2516149877507357,230.9344275464802,1.2009154972195282,102.81996011712391,0.029198028739709794,0.009810227275496446,123.0267989037142,163.725581704287,21.880693784634424,600.3163612753575,1.6221457575036902,1219.41277701206,1.6221724789711522,277.3878486310353,108.38325359135914,1.5719555958615001,898.7216152812683,893.8653668269549,1.5712990501215203,272.9310136271132,894.6565821710211,1.5208406128490926,149.96762281358704,1.520820162826712,272.4544062910834,1.5202322535763118,122.55767711853818,244.32273994408772,123.7287408608542,1.419872784960728,238.6830692750574,1.4191603755844566,242.42752890327392,239.22997565124498,287.2504102242415,1.4191400495448927,1.4114133818755994,238.93756508688196,1.3608970033883023,48.49957848342762,160.92935242863877,49.078939569615095,1.2598822592750323,178.24242778958575,162.4506325505876,177.55743561763555,228.19064306224976,1.2595470863953684,1.251602771247214,159.23508271011417,1.2005611792043291,130.86389768219166,0.010982680318829069,0.0008990519087128734
149.20268785493522,190.00000000000006,25.507272606921347,599.9999587739135,1.622168383219286,1219.5064057309387,1.622195000000007,331.62956394319565,126.93123822625697,1.572267112297229,914.8933683592068,912.665000668521,1.5713149999925147,327.95951144948936,912.665000668521,1.521423463539798,316.5763087773489,1.5212739082296904,327.95951144948936,1.520795004436264,172.18450523281672,311.1600740892128,172.18450523357075,1.425687455649126,259.7348304510406,1.4245653629763924,311.1600740892128,259.7348304510406,297.597400383298,1.4243380379160637,1.411445001899383,308.8515073975484,1.361375001154097,68.38839818903453,232.11836853819722,68.38839818972762,1.2665995939185235,165.00010087889115,232.11836853819722,165.0001008788915,192.57288577035786,1.2661575007579278,1.2516149880608443,230.93421856521783,1.200915464727946,102.82196745485777,0.029197078263332246,0.009809797125020302,123.02675256333607,163.72582417540048,21.880727872774735,600.3163675162446,1.6221457559531682,1219.4127868347744,1.6221724775636808,277.3877536381797,108.38343692267435,1.5719555959003946,898.7217581684528,893.8655171071349,1.5712990504863829,272.93091927176124,894.6567725259212,1.5208406159383985,149.96754324687782,1.52082016559643,272.45432342549753,1.5202322564085828,122.55768238601203,244.32264781601168,123.7287408608542,1.4198727811713696,238.68312013537752,1.4191603712906196,242.42744682553345,239.23002517313566,287.2504687841218,1.419140045987198,1.4114133817985046,238.93748250003705,1.3608970054732517,48.49958589129921,160.92931105480287,49.07894327355086,1.2598822565935015,178.24246371560784,162.45059218586965,177.55745296123243,228.1906750183714,1.2595470847328294,1.2516027717751603,159.23505288282757,1.2005611817176156,130.8639556156192,0.010982664457749683,0.0008990585363374969
149.20268785493613,190.00000000691108,25.507272606915443,599.9999587739132,1.622168383219286,1219.506405730818,1.6221950000000067,331.6295639431967,126.93123822624915,1.5722671122973175,914.8933683592062,912.6650006685206,1.571314999992603,327.95951144949015,912.6650006685202,1.5214234634956236,316.5763087773491,1.5212739081855116,327.95951144949015,1.5207950043920797,172.18496438768926,311.1599174627987,172.18496438847234,1.4256874617697126,259.73532014873183,1.4245653686725235,311.1599174627987,259.73532014873183,297.5980072321007,1.4243380435544049,1.4114450021876805,308.8513440616532,1.3613750016744794,68.38906429214907,232.11810190109094,68.38906429289929,1.2665995674459285,165.00009986236427,232.11810190109094,165.0000998623641,192.5729052092054,1.266157474783233,1.2516149890274555,230.93395193792648,1.2009154331998384,102.82384246893952,0.029196179922827307,0.009809390554883198,123.02670841473261,163.72606664651397,21.880759233863817,600.3163739941274,1.622145754359576,1219.4127969288345,1.6221724760737406,277.3876604011994,108.38361729703286,1.5719555958948381,898.721898078821,893.8656607081957,1.5712990508446911,272.9308273536324,894.6569595412615,1.5208406190277044,149.96747252091404,1.520820168366148,272.454244041659,1.5202322593873507,122.55768999458537,244.32255568793568,123.72874203140394,1.419872777551684,238.68317233412714,1.41916036710151,242.42736307273708,239.23007335659685,287.2505273440021,1.4191400427904286,1.4114133817103962,238.93740328408376,1.3608970075582012,48.49959299050949,160.92927069008493,49.07894821213189,1.2598822539773737,178.24249592514488,162.45055535306454,177.55747433102144,228.1907027538732,1.259547082878459,1.2516027722814693,159.23502504402674,1.2005611842761863,130.86401354904675,0.010982649108339838,0.0008990652106849078
149.20268784110593,189.99999999717036,25.507272605913847,599.9999587733319,1.622168383227517,1219.506405725908,1.6221950000082361,331.62956391927264,126.931238229081,1.5722671122945142,914.893368349457,912.6650006571213,1.5713149999900708,327.9595114237619,912.665000657121,1.5214234632635306,316.5763087193628,1.5212739079534399,327.9595114237619,1.5207950041600626,172.18541594288757,311.1597683357009,172.18541594365814,1.4256874660308863,259.7358003712611,1.4245653725946212,311.1597683357009,259.7358003712611,297.59860228488265,1.4243380474304863,1.411445001781795,308.8511885725658,1.361375002326622,68.38973595191737,232.11793107636763,68.38973595267753,1.266599545889429,165.00009990245405,232.11793107636763,165.00009990245408,192.57291769916645,1.2661574534335323,1.2516149889227677,230.93378201514605,1.2009154060100036,102.82559296633897,0.0291953305919877,0.009809005552339897,123.02666426612915,163.72630911762747,21.88079264024132,600.3163805707584,1.6221457527548693,1219.4128072671056,1.622172474594796,277.3875659351064,108.38379767139136,1.5719555959115072,898.7220379891892,893.8658043092566,1.571299051161488,272.9307357836783,894.6571465566018,1.5208406219177002,149.9674017949503,1.5208201710369476,272.45416465782046,1.520232262268454,122.55769613997154,244.32246607244355,123.72874320195368,1.419872774271344,238.68322051758832,1.4191603630694922,242.42728267005256,239.23012020162855,287.2505813992762,1.4191400394905378,1.4114133816388081,238.9373257535763,1.3608970096916377,48.49959978105846,160.92923133448494,49.07895191606766,1.259882251557456,178.24252565702525,162.45051650202353,177.5574966299317,228.1907371217776,1.2595470812798637,1.2516027727906633,159.2349981994688,1.2005611866762615,130.8640685115293,0.010982631968190857,0.0008990719317561473
149.20268785572205,190.00000000041854,25.50727260702797,599.9999587741513,1.622168383218443,1219.5064057314307,1.6221949999991643,331.6295639446974,126.93123822620646,1.5722671123025147,914.8933683596044,912.6650006686812,1.5713149999977944,327.95951145113537,912.6650006686812,1.5214234633244708,316.5763087807828,1.5212739080143407,327.95951145113537,1.5207950042208855,172.18586001468893,311.15961934212226,172.185860015445,1.4256874711529801,259.7362732881237,1.4245653773437525,311.15961934212226,259.7362732881237,297.5991883155658,1.4243380521288784,1.41144500177035,308.8510332046208,1.3613750020598003,68.39040637909164,232.1177302042332,68.39040637985028,1.2665995238868724,165.00009992303393,232.1177302042332,165.00009992303393,192.57293248865938,1.2661574317166262,1.2516149890927868,230.93358156594758,1.2009153792262532,102.82722730535738,0.029194533849542396,0.009808642593314848,123.02662082202467,163.72655158874096,21.880825364856015,600.316387167139,1.6221457511501625,1219.4128174154348,1.622172473104856,277.3874751563516,108.38397508879318,1.5719555959059508,898.7221778995573,893.8659479103176,1.571299051489209,272.9306449100736,894.6573335719421,1.5208406249571784,149.9673310689865,1.520820173856125,272.45408597033133,1.5202322651983897,122.55770345590744,244.32237813200734,123.72874554305315,1.419872770821331,238.683270039479,1.4191603589851105,242.42720394242394,239.23016838508974,287.25064221145965,1.4191400362422075,1.4114133815782335,238.93724822306882,1.3608970117281,48.499606571607416,160.92919298800288,49.078956237326054,1.259882248875925,178.24255043359219,162.4504816874543,177.55751087645768,228.19076425433371,1.2595470796173247,1.25160277328399,159.23497036066797,1.200561189098979,130.86412793042933,0.010982615851358754,0.0008990785128537529
149.2026878554833,189.99999999994225,25.50727260688108,599.9999587739132,1.6221683832191922,1219.5064057301693,1.622194999999913,331.62956394411776,126.93123822608746,1.5722671122976393,914.8933683596041,912.6650006690077,1.5713149999929215,327.9595114503908,912.6650006690077,1.5214234632555,316.57630877965397,1.5212739079453634,327.9595114503908,1.5207950041519016,172.18629673204538,311.1594727611348,172.18629673278872,1.4256874761834646,259.73673838814733,1.4245653820078652,311.1594727611348,259.73673838814733,297.59976465175066,1.42433805674317,1.411445001761399,308.8508803556774,1.3613750019955457,68.3910755709187,232.11752906599182,68.39107557167776,1.2665995017980287,165.00009976869887,232.11752906599182,165.00009976869893,192.57294812823676,1.2661574099162345,1.2516149892769997,230.9333808107561,1.200915354089998,102.82875279218084,0.029193783701990498,0.009808300036336398,123.02657980452781,163.72678395689138,21.8808567259451,600.3163936647716,1.6221457495732425,1219.4128276451677,1.6221724716369073,277.3873908743356,108.3841465922816,1.5719555959337326,898.7223118562929,893.866088171819,1.571299051836593,272.93056030361413,894.6575072290439,1.5208406279966569,149.96726918376822,1.5208201766753022,272.45401494268634,1.5202322681771574,122.55771047920591,244.32229605426687,123.72874671360289,1.4198727678237788,238.6833168845107,1.4191603553720036,242.42713023996313,239.23021255326248,287.25069626673377,1.4191400335610462,1.4114133815231658,238.93717743434462,1.3608970138615366,48.499613362156374,160.92915665975673,49.07895994126182,1.2598822469792326,178.2425838819576,162.45044687288507,177.5575350336105,228.1907986222381,1.2595470780826734,1.2516027738061664,159.2349464988387,1.2005611916575496,130.86417992196687,0.0109825997345503,0.0008990850473245695
149.2026878549635,189.99999999999687,25.507272606882257,599.9999587739067,1.622168383219291,1219.5064057300951,1.622195000000012,331.6295639432397,126.93123822620768,1.5722671122977303,914.8933683592251,912.665000668542,1.571314999993016,327.95951144953074,912.665000668542,1.521423463185833,316.5763087774532,1.5212739078756905,327.95951144953074,1.5207950040822222,172.18672621534873,311.1593286075655,172.18672621608215,1.4256874811200948,259.73719578416666,1.4245653865841894,311.1593286075655,259.73719578416666,297.60033143991427,1.4243380612704977,1.411445001742036,308.8507300380496,1.3613750020444975,68.39174353284429,232.11732870581832,68.39174353360315,1.2665994798481404,165.000099557273,232.11732870581832,165.000099557273,192.57296473106672,1.2661573882529904,1.2516149894979647,230.93318078624606,1.2009153305891704,102.83017629067857,0.029193076386953308,0.009807976488226953,123.02653667353401,163.72702137652334,21.880888087034187,600.3164000241566,1.6221457480310568,1219.4128375221512,1.6221724702074443,277.38730360733143,108.38431809577003,1.5719555959948524,898.7224458130283,893.8662250937607,1.571299052175238,272.93047308584414,894.6576875652648,1.5208406308866527,149.9672072985499,1.5208201793708314,272.45393904059506,1.5202322711559253,122.55771662459208,244.32221313899848,123.72874788415261,1.4198727644868812,238.6833637295424,1.4191603517065328,242.42705569997435,239.23025538300575,287.2507480697048,1.419140030673642,1.4114133814625913,238.9371049601746,1.360897015897999,48.499619535382706,160.9291203315106,49.07896364519759,1.2598822446247178,178.24261113618124,162.45041256287482,177.55755175779316,228.1908275636313,1.259547076548022,1.251602774286511,159.2349201514022,1.2005611940802672,130.86423339897692,0.010982584129409103,0.0008990914884922832
149.20268785493158,190.00000000000009,25.507272606877905,599.9999587739121,1.6221683832192886,1219.5064057299994,1.6221950000000094,331.6295639431869,126.93123822621018,1.572267112297901,914.8933683591986,912.6650006685064,1.571314999993187,327.95951144948015,912.6650006685062,1.5214234631178338,316.5763087773159,1.521273907807685,327.95951144948015,1.5207950040142082,172.18714858443687,311.15918684334065,172.18714858515625,1.425687485969958,259.7376456032228,1.4245653910797018,311.15918684334065,259.7376456032228,297.60088883724427,1.4243380657178228,1.411445001717854,308.8505822119704,1.3613750021494058,68.3924102685971,232.11712957685126,68.39241026935488,1.2665994580766613,165.00009932101784,232.11712957685126,165.00009932101787,192.57298232529786,1.2661573667643333,1.2516149897261422,230.93298194265293,1.2009153086067086,102.83150423732714,0.0291924089623865,0.0098076706931824,123.0264958125925,163.72723859022915,21.880919448123272,600.3164063242925,1.6221457465027644,1219.4128473720002,1.622172468799973,277.387217218265,108.38448072838835,1.5719555960004088,898.7225767929475,893.866358676143,1.571299052487665,272.9303896979962,894.6578612223666,1.5208406336769935,149.96713657258616,1.5208201818932532,272.4538659239017,1.5202322736952028,122.55772423316542,244.32212938620208,123.72875022525209,1.4198727614327713,238.6834105745741,1.4191603478316066,242.42697948492963,239.23030222803746,287.2508021249789,1.4191400275799941,1.41141338139651,238.93703248600457,1.360897017934461,48.49962570860903,160.9290829941465,49.078967966455984,1.2598822421393965,178.24264210688995,162.45037724374663,177.55756724314753,228.19085831386155,1.2595470750133706,1.2516027747538732,159.23489430108717,1.2005611962765623,130.86428390504196,0.010982570315040312,0.0008990975563011792
149.2026878549343,190.0,25.50727260687262,599.9999587739123,1.622168383219287,1219.506405729892,1.622195000000008,331.62956394319156,126.93123822620369,1.5722671122980356,914.8933683591996,912.6650006685064,1.5713149999933216,327.9595114494847,912.6650006685062,1.5214234630512091,316.57630877732555,1.5212739077410538,327.9595114494847,1.5207950039475695,172.1875639570685,311.15904742847454,172.18756395777575,1.42568749073737,259.73808797084774,1.4245653954986248,311.15904742847454,259.73808797084774,297.60143699932064,1.4243380700893544,1.411445001691881,308.8504368357664,1.3613750022802749,68.39307578104885,232.11693190042794,68.39307578180703,1.2665994365078692,165.0000990727799,232.11693190042794,165.0000990727799,192.57300092084552,1.2661573454735737,1.251614989952769,230.93278450000022,1.200915288032192,102.83274266579119,0.029191778870894903,0.009807381502989503,123.02645683031496,163.72746590689806,21.880950809212354,600.3164121899364,1.6221457450411614,1219.4128566791576,1.6221724674639748,277.38713557006196,108.38464927492006,1.5719555960281903,898.7227077728667,893.8664955980848,1.5712990527979076,272.9303080510219,894.6580348794682,1.5208406364175067,149.96708352811333,1.520820184489864,272.4537941999072,1.5202322764298093,122.55773008591414,244.3220506585735,123.72875139580182,1.4198727584917767,238.68345474274687,1.4191603443755914,242.42690829505273,239.23034505778074,287.2508516756469,1.419140024847272,1.4114133813304288,238.93696675361778,1.360897019873949,48.499630955851416,160.92904868413626,49.0789704357465,1.2598822403081071,178.24267059994193,162.45034495197228,177.5575886129365,228.19088785820043,1.2595470741181571,1.25160277525297,159.23486994213644,1.2005611986087108,130.86433144016198,0.010982554965762031,0.0008991036708269531
149.2026878549368,190.0,25.507272606867836,599.9999587739122,1.6221683832192864,1219.5064057297946,1.6221950000000072,331.6295639431954,126.93123822619778,1.5722671122981557,914.8933683592012,912.6650006685074,1.571314999993442,327.9595114494883,912.6650006685076,1.5214234629858048,316.57630877733357,1.5212739076756425,327.9595114494883,1.5207950038821507,172.18797244902797,311.1589103241529,172.18797244972387,1.4256874954248813,259.73852301033816,1.424565399843412,311.1589103241529,259.73852301033816,297.6019760789433,1.424338074387535,1.411445001665343,308.8502938689626,1.361375002424921,68.39374007263189,232.11673579441037,68.39374007338952,1.266599415155657,165.00009881833807,232.11673579441037,165.0000988183381,192.5730205190851,1.2661573243941024,1.251614990174672,230.9325885756026,1.200915268769778,102.83389723152357,0.029191183783735947,0.009807107859792503,123.02641643903945,163.7276831206039,21.880980806775828,600.3164181148293,1.6221457436045665,1219.4128658506424,1.6221724661334747,277.3870518148085,108.38480599362501,1.5719555960115215,898.7228327991531,893.8666225013479,1.57129905310815,272.9302253595234,894.6582018574506,1.52084063915802,149.96701722252232,1.5208201870122857,272.45372386861163,1.520232279017919,122.55773740185005,244.32197193094487,123.72875315162642,1.4198727552679942,238.68350158777858,1.4191603407101205,242.4268371051758,239.23038788752402,287.25090573092103,1.4191400219598675,1.4114133812588407,238.93689427944776,1.3608970218134369,48.499637437739054,160.9290123558901,49.078974139682266,1.259882237888189,178.24269661533725,162.45031064196203,177.5576059565334,228.1909167995936,1.2595470723277307,1.2516027756828276,159.23484608030714,1.2005612007823638,130.86437600433703,0.010982540639788329,0.0008991095520131136
149.2026878549383,189.99999999999994,25.507272606863513,599.9999587739122,1.622168383219286,1219.5064057297066,1.6221950000000067,331.6295639431978,126.9312382261927,1.572267112298268,914.8933683592018,912.6650006685097,1.5713149999935543,327.9595114494907,912.6650006685102,1.521423462921533,316.57630877734056,1.5212739076113648,327.9595114494907,1.5207950038178653,172.18837417417143,311.1587754921619,172.18837417485636,1.4256875000343352,259.7389508429446,1.424565404115813,311.1587754921619,259.7389508429446,297.6025062264114,1.424338078614099,1.4114450016387745,308.8501532717085,1.361375002577623,68.3944031455394,232.11654132836094,68.39440314629806,1.266599394028475,165.00009856038457,232.11654132836094,165.00009856038457,192.57304111579353,1.266157303534083,1.2516149903906615,230.93239423890424,1.2009152507338285,102.83497323515627,0.029190621539600652,0.009806848784091446,123.02637745676192,163.72790538579125,21.881010804339297,600.3164239212242,1.6221457421846441,1219.412874967858,1.6221724648194682,277.38697051778047,108.38496862624334,1.5719555960448595,898.7229578254396,893.866749404611,1.5712990533965443,272.93014475707326,894.6583688354331,1.5208406417490508,149.96695091693127,1.520820189559437,272.4536535373161,1.520232281606029,122.55774296196134,244.32189320331628,123.72875490745103,1.4198727522138845,238.68354441752186,1.4191603370970136,242.42676842788276,239.2304307172673,287.250955281589,1.4191400191240238,1.4114133811927594,238.93682686161517,1.3608970236074631,48.49964299364275,160.92897602764396,49.07897722629541,1.259882235795287,178.24272263073254,162.45027935930563,177.55762299042317,228.19094634393247,1.2595470709209668,1.2516027761400925,159.2348202299921,1.2005612030013013,130.86442205398455,0.010982526313833315,0.0008991155265908262
149.20268785493917,189.99999999999983,25.50727260685958,599.9999587739121,1.622168383219286,1219.5064057296267,1.6221950000000067,331.62956394319895,126.93123822618848,1.5722671122983765,914.8933683592018,912.6650006685096,1.5713149999936629,327.9595114494923,912.6650006685095,1.5214234628583498,316.5763087773433,1.5212739075481752,327.9595114494923,1.5207950037546683,172.18876924447608,311.1586428949306,172.18876924515004,1.4256875045672597,259.73937158791887,1.4245654083172608,311.1586428949306,259.73937158791887,297.60302758955027,1.4243380827704684,1.4114450016124134,308.8500150048231,1.3613750027355902,68.39506500181665,232.1163485484104,68.39506500257542,1.2665993731320255,165.00009830022356,232.1163485484104,165.00009830022358,192.5730627027912,1.266157282899035,1.251614990600383,230.93220153618347,1.200915233846001,102.83597564454936,0.029190090117799702,0.00980660336577075,123.02634050970369,163.7281276509786,21.881040120139964,600.3164295696221,1.6221457407841726,1219.4128838951315,1.6221724635109598,277.38689361044084,108.38512238799157,1.571955596083754,898.723082851726,893.8668796474337,1.5712990537198956,272.9300676363705,894.6585358134156,1.5208406444397364,149.9669067132039,1.5208201919582107,272.45358738411727,1.5202322842918032,122.55774939998494,244.3218211759114,123.72875607800076,1.4198727494425627,238.68358724726514,1.4191603339028176,242.4267022631736,239.2304708701516,287.2510025799539,1.4191400166491057,1.411413381132185,238.93676450012003,1.3608970254984638,48.49964854954645,160.9289457541055,49.07898031290854,1.2598822338985944,178.2427474072995,162.45024908576715,177.5576418825555,228.19097106470582,1.2595470697699782,1.25160277659303,159.23479935089148,1.2005612052881656,130.8644636472146,0.010982511987896987,0.0008991213145008438
149.20268785493963,189.99999999999983,25.50727260685674,599.999958773912,1.6221683832192857,1219.5064057295615,1.6221950000000065,331.6295639431996,126.93123822618603,1.5722671122984608,914.8933683592019,912.66500066851,1.571314999993747,327.95951144949277,912.6650006685084,1.5214234628147478,316.57630877734533,1.5212739075045691,327.95951144949277,1.5207950037110571,172.18915777063796,311.15851343744737,172.18915777111448,1.4256875081394256,259.7397851001218,1.424565411628199,311.15851343744737,259.7397851001218,297.603539988372,1.4243380860458814,1.4114450015941475,308.8498800202405,1.3613750028485136,68.39572506193943,232.1161427294448,68.39572506269928,1.2665993505270752,165.00009809096085,232.1161427294448,165.00009809096085,192.5730895708018,1.2661572606470504,1.2516149907636644,230.93199635526042,1.200915218432629,102.83690911926138,0.02918958757223404,0.009806370752967204,123.02630293642414,163.7283246587583,21.881068754177825,600.316435099522,1.622145739437886,1219.4128925781938,1.6221724622794225,277.38681389370066,108.38527614973981,1.5719555961282046,898.7232019243797,893.8669998715777,1.5712990540039204,272.9299889488814,894.6586894331593,1.5208406469311122,149.96684482798562,1.5208201943075252,272.4535184455207,1.5202322866357516,122.55775613064597,244.32174412333873,123.72875841910023,1.4198727464450105,238.68363074622314,1.4191603303420746,242.4266310732967,239.23051102303594,287.2510521306218,1.4191400139163837,1.4114133810550902,238.93669539684166,1.360897027340977,48.49965410545015,160.9289124532132,49.07898339952168,1.259882231674886,178.24277590035152,162.4502167939928,177.55765891644526,228.19099819726193,1.2595470682992707,1.2516027770214453,159.2347754890622,1.2005612073712497,130.8645037549721,0.010982498685258564,0.0008991268223852987
149.20268786452675,189.9999999966123,25.507272606038445,599.9999587742299,1.6221683832255858,1219.5064057297732,1.622195000006305,331.62956395693936,126.93123822153791,1.5722671122227216,914.8933683675073,912.6650006887235,1.57131499991789,327.9595114571117,912.6650006887232,1.5214234625893504,316.5763088140744,1.5212739072791888,327.9595114571117,1.5207950034857238,172.18953986114764,311.15838426797444,172.18953986182498,1.4256875133874485,259.74019228104544,1.4245654165531687,311.15838426797444,259.74019228104544,297.6040445317972,1.424338090926851,1.4114450015106526,308.84974532111903,1.3613750040092214,68.3963792840164,232.11594595404608,68.39637928483441,1.266599329745623,165.00009715065332,232.11594595404608,165.00009715065332,192.5731153903792,1.2661572400987515,1.2516149913146495,230.93179876378215,1.2009152036188617,102.8377777686259,0.029189105512772703,0.00980614834007535,123.02626520658926,163.7285368209826,21.881097388215686,600.3164404911745,1.622145738097157,1219.4129010170452,1.622172461053383,277.38673768871115,108.38542991148805,1.5719555961393172,898.7233239738499,893.8671234352813,1.571299054311978,272.92991200226595,894.6588497320225,1.520840649422488,149.96678294276734,1.5208201967310286,272.4534515959724,1.5202322891261968,122.55776256866957,244.3216704208779,123.72876017492483,1.419872743617131,238.68367290675167,1.4191603271478788,242.4265682586994,239.23055251434974,287.25109942898666,1.4191400112352224,1.4114133809890088,238.93663303534652,1.3608970292319778,48.49965966135384,160.9288791523209,49.07898648613482,1.259882229909,178.24280315457517,162.45018500677745,177.55767626004214,228.1910229180353,1.2595470671482822,1.2516027774585157,159.2347536157187,1.2005612094090494,130.86454534820214,0.010982484615177758,0.0008991325636906024
149.20268785326823,190.0000000009799,25.50727260701346,599.9999587738864,1.6221683832185345,1219.5064057304185,1.6221949999992555,331.6295639406005,126.93123822680701,1.5722671123073195,914.8933683578152,912.6650006663313,1.5713150000026266,327.9595114472329,912.6650006663313,1.5214234626701704,316.5763087705525,1.521273907359991,327.9595114472329,1.5207950035664881,172.18991561921683,311.1582581349182,172.18991561988298,1.42568751768022,259.74059246372155,1.4245654204683675,311.1582581349182,259.74059246372155,297.60454042012054,1.4243380947907691,1.4114450014956614,308.84961379353865,1.3613750037550167,68.39703777294936,232.11576282356754,68.39703777376819,1.266599310202238,165.00009729072673,232.11576282356754,165.00009729072673,192.57314081257834,1.266157220779802,1.251614991382546,230.93161549677745,1.2009151895659502,102.83858590240285,0.029188654256314502,0.009805938037533449,123.02622919886302,163.72874393172538,21.88112534049074,600.316445882827,1.6221457367522596,1219.4129094287618,1.622172459805352,277.38666218607176,108.3855777593229,1.571955596167099,898.72344602332,893.8672503385444,1.5712990545872636,272.9298388855725,894.6590100308856,1.5208406520135187,149.96673873903998,1.5208201990556134,272.4533896208704,1.5202322916166422,122.55776725086855,244.32160006852894,123.7287607601997,1.4198727408458092,238.68371239042125,1.4191603239013189,242.42650293151823,239.2305899903751,287.2511444750485,1.4191400088118649,1.4114133809504614,238.93657067385138,1.3608970311229784,48.4996645999349,160.9288478696645,49.078989572747965,1.2598822280123074,178.24283164762716,162.45015574235694,177.55769701041697,228.19105728593968,1.2595470660612373,1.2516027778999133,159.23473223949662,1.2005612114921336,130.86458099954217,0.010982470545114979,0.0008991380716439674
149.20268785574027,189.9999999999435,25.507272606836473,599.999958773953,1.6221683832190934,1219.5064057293835,1.6221949999998144,331.6295639445571,126.93123822598423,1.5722671122989047,914.8933683597763,912.6650006691943,1.5713149999941831,327.95951145082574,912.6650006691943,1.5214234626180243,316.57630878071524,1.5212739073078252,327.95951145082574,1.5207950035142874,172.1902851537569,311.15813412021464,172.19028515441255,1.425687521940207,259.7409860101975,1.4245654244182429,311.15813412021464,259.7409860101975,297.60502807305727,1.4243380986984686,1.411445001490454,308.84948447612084,1.3613750036864805,68.3976950335252,232.11557953891486,68.39769503434434,1.266599290524069,165.00009714067443,232.11557953891486,165.00009714067448,192.5731666912489,1.2661572013286668,1.2516149914772865,230.93143205434367,1.2009151764859736,102.83933742978803,0.029188228494898747,0.009805738779364203,123.02619491324543,163.72893588802356,21.881154656291404,600.3164510572334,1.6221457354879452,1219.4129175419982,1.622172458623296,277.38659072194565,108.38572265020105,1.57195559621155,898.7235561655248,893.8673638835694,1.571299054864734,272.92976820610227,894.6591603110699,1.5208406544052393,149.9666901149399,1.5208202012812797,272.45332764576835,1.5202322941070874,122.55777427416703,244.3215313912359,123.72876310129917,1.419872738413833,238.68375187409083,1.4191603209165784,242.42644011692093,239.23062880482996,287.2511917734133,1.4191400063885076,1.4114133809229275,238.93651336869368,1.3608970329170047,48.49966984717728,160.92881860524398,49.078992659361106,1.2598822261156148,178.24285518536578,162.45012799161336,177.55771187635713,228.1910777860932,1.259547064910249,1.2516027783095764,159.2347098690317,1.2005612134846488,130.8646166508822,0.010982457754164454,0.0008991438130211023
149.20268785500122,189.99999999999338,25.507272606840413,599.9999587739032,1.622168383219288,1219.5064057292957,1.6221950000000087,331.6295639433004,126.93123822615584,1.572267112298773,914.8933683592497,912.6650006685775,1.5713149999940588,327.95951144958923,912.6650006685775,1.5214234625588414,316.57630877760886,1.5212739072486374,327.95951144958923,1.5207950034550954,172.19064856593633,311.1580121538854,172.19064856658093,1.4256875261204018,259.7413730382167,1.424565428293502,311.1580121538854,259.7413730382167,297.6055076478333,1.4243381025322581,1.4114450014765663,308.84935729497886,1.3613750037456676,68.39835107179027,232.1153971299933,68.39835107260848,1.2665992710017044,165.00009692584376,232.1153971299933,165.00009692584376,192.57319329946733,1.2661571820312638,1.2516149916208872,230.93124944980343,1.2009151642788978,102.84003593031744,0.029187825619318607,0.009805549750548146,123.02616039279485,163.72914299876635,21.88118397209207,600.3164563106383,1.622145734186118,1219.4129258180421,1.6221724574357421,277.38651785311924,108.3858704980359,1.571955596261557,898.7236722613621,893.8674907868325,1.571299055157498,272.9296971784572,894.6593172703733,1.5208406569464425,149.96664591121254,1.5208202036800533,272.4532663670158,1.5202322964022035,122.55778071219062,244.32146355147083,123.72876485712378,1.4198727359252992,238.68379068854568,1.419160317931838,242.42637981490753,239.2306662808553,287.251234567172,1.4191400041198328,1.411413380862353,238.93645269264437,1.3608970345655693,48.49967509441966,160.92878833170553,49.07899512865162,1.259882224415132,178.24287872310438,162.4501017545467,177.55772519376188,228.19110612454068,1.259547063887148,1.2516027787365493,159.23468998417394,1.200561215567733,130.86465230222223,0.010982444451591713,0.0008991492743650828
149.2026878549359,190.00000000000023,25.507272606840544,599.9999587739113,1.6221683832192877,1219.506405729288,1.6221950000000087,331.6295639431921,126.93123822617056,1.5722671122989338,914.8933683591981,912.6650006685118,1.5713149999942204,327.959511449485,912.665000668512,1.5214234625011471,316.5763087773329,1.5212739071909376,327.959511449485,1.5207950033973887,172.19100595719112,311.1578922096774,172.19100595782524,1.4256875302256193,259.74175365368546,1.4245654320988224,311.1578922096774,259.74175365368546,297.60597927545024,1.4243381062967926,1.411445001457032,308.8492322224213,1.3613750038643286,68.39900589180859,232.11521608437198,68.39900589262538,1.2665992516750135,165.00009668447922,232.11521608437198,165.00009668447922,192.5732206749231,1.2661571629252781,1.251614991778327,230.93106816740942,1.2009151528846629,102.84068476259607,0.02918744387679705,0.00980537024024295,123.02612712478691,163.7293349550645,21.881209879078703,600.3164613862965,1.6221457329231928,1219.4129337413367,1.6221724562811757,277.38644551105546,108.38600947500065,1.5719555962671132,898.7237853803832,893.8676043318574,1.5712990554131203,272.9296264989869,894.6594608714382,1.5208406592385082,149.96659728711245,1.5208202057820714,272.45320439191374,1.520232298746152,122.55778656493935,244.32139654923373,123.72876661294838,1.4198727332670924,238.68382883378578,1.4191603148423697,242.42631951289414,239.23070375688067,287.2512796132338,1.419140001799597,1.4114133807962719,238.93639538748667,1.3608970363111084,48.499680650323356,160.92875906728503,49.07899821526476,1.2598822227146491,178.2428997831863,162.4500724901262,177.55774439560128,228.19113446298815,1.2595470627361594,1.2516027791144781,159.2346710935591,1.2005612174923215,130.86468646808973,0.010982430637398625,0.0008991546423850812
149.20268785493758,190.00000000000017,25.507272606838676,599.9999587739119,1.6221683832192857,1219.5064057292507,1.6221950000000067,331.6295639431951,126.93123822616823,1.572267112299054,914.8933683591991,912.6650006685113,1.5713149999943408,327.95951144948833,912.6650006685114,1.521423462444679,316.5763087773379,1.5212739071344639,327.95951144948833,1.5207950033409081,172.19135742723756,311.15777425341105,172.19135742786113,1.425687534260423,259.7421279629881,1.4245654358386912,311.15777425341105,259.7421279629881,297.60644308774056,1.4243381099965506,1.4114450014353612,308.8491092228443,1.3613750040091004,68.3996594966927,232.11503662438406,68.39965949750972,1.2665992325669908,165.00009643108228,232.11503662438406,165.00009643108228,192.57324883353215,1.2661571440327175,1.2516149919387591,230.9308884279476,1.2009151422358584,102.84128707518582,0.029187081861379454,0.009805199612558546,123.02609260433633,163.72952185988115,21.881236467828145,600.3164664619546,1.6221457316699932,1219.4129416374965,1.6221724551101158,277.3863736957543,108.3861514089221,1.571955596278226,898.723895522588,893.8677178768824,1.5712990556621882,272.9295542527304,894.6596111516224,1.5208406614807464,149.96653540189413,1.5208202079335489,272.4531424168117,1.520232300992436,122.55779241768808,244.32132870946867,123.72876836877298,1.4198727307785586,238.68386831745536,1.4191603118576293,242.42625753582482,239.23073989447656,287.25132465929556,1.4191399993762395,1.4114133807191769,238.93633302599153,1.3608970380081602,48.49968558890442,160.92872879374656,49.079001301877895,1.2598822208833598,178.24292455975325,162.45004423482362,177.55776142949105,228.19115797787012,1.2595470615212272,1.2516027795010616,159.23465021445847,1.2005612192810569,130.86472063395726,0.010982417334858729,0.000899160010437128
149.20268785494005,190.0000000000001,25.507272606836946,599.9999587739117,1.622168383219285,1219.506405729215,1.622195000000006,331.6295639431992,126.93123822616587,1.5722671122991572,914.8933683592012,912.6650006685111,1.571314999994444,327.95951144949186,912.6650006685111,1.5214234623892713,316.57630877734573,1.5212739070790504,327.95951144949186,1.5207950032854884,172.1917030740962,311.15765825216386,172.19170307471006,1.4256875382273004,259.74249607052195,1.4245654395155158,311.15765825216386,259.74249607052195,297.606899214078,1.4243381136339281,1.4114450014129285,308.8489882619192,1.3613750041664114,68.40031188907581,232.11485885701194,68.40031188989164,1.266599213689695,165.00009617210787,232.11485885701194,165.00009617210787,192.57327778203845,1.2661571253651722,1.2516149920982178,230.93071033768652,1.2009151322768665,102.84184581912234,0.029186738336802454,0.0098050372905917,123.02605988427206,163.72971381617933,21.881263056577588,600.316471478364,1.622145730454306,1219.412949370849,1.6221724539995328,277.38630468985366,108.38628742893016,1.5719555963060077,898.7239997111601,893.8678247427881,1.5712990559265496,272.9294865327453,894.6597514131277,1.5208406636731568,149.9664911981668,1.520820210233404,272.4530832271075,1.52023230323872,122.55779856307423,244.3212633822875,123.72877129514731,1.4198727282900248,238.6839064626955,1.4191603088728888,242.42619723381142,239.2307787089314,287.2513674530543,1.4191399971075647,1.4114133806861362,238.93627909172545,1.3608970397052123,48.49969114480812,160.92869952932605,49.07900377116841,1.2598822190520704,178.24294685866352,162.45001749319798,177.5577772245525,228.19118209569777,1.2595470603702386,1.2516027799294769,159.23462933535785,1.2005612212056453,130.8647562852973,0.0109824047997878,0.0008991653318420921
149.20268785494167,190.00000000000014,25.507272606835336,599.9999587739117,1.6221683832192846,1219.5064057291825,1.6221950000000054,331.6295639432019,126.93123822616394,1.5722671122992542,914.8933683592024,912.6650006685127,1.571314999994541,327.95951144949464,912.6650006685123,1.5214234623348413,316.57630877735215,1.5212739070246153,327.95951144949464,1.520795003231047,172.19204299416123,311.1575441736156,172.1920429947637,1.42568754212797,259.7428580789317,1.4245654431309334,311.1575441736156,259.7428580789317,297.60734778168137,1.424338117210551,1.411445001390343,308.84886930594104,1.3613750043299055,68.40096307132148,232.11468283537863,68.40096307213801,1.266599195049235,165.00009591054976,232.11468283537863,165.00009591054976,192.57330752139075,1.2661571069285213,1.2516149922550621,230.930533949498,1.200915122960221,102.84236376004128,0.029186412170709306,0.0098048827460882,123.02602865148343,163.72989566951446,21.881288281801417,600.3164764552739,1.6221457292469552,1219.412957131336,1.6221724528559625,277.38623761541584,108.38642049198151,1.5719555963449021,898.7241068765485,893.8679349482534,1.5712990561843567,272.92942107589596,894.6598883350732,1.52084066601505,149.96644699443942,1.5208202122612333,272.4530268228012,1.5202323054361715,122.5578047084604,244.32120140521815,123.72877305097192,1.419872725914606,238.68394260029137,1.4191603062546954,242.4261444695497,239.2308135080978,287.25140799450986,1.4191399949935721,1.4114133806255618,238.93622178656778,1.3608970413052897,48.49969608338918,160.9286732922594,49.07900685778155,1.2598822174169906,178.24297039640214,162.44999226524928,177.5577939487352,228.1912074194168,1.259547059538969,1.2516027802828835,159.2346114389859,1.2005612230849496,130.86478896569233,0.010982391753096529,0.0008991706532785492
149.20268785494252,190.0000000000001,25.507272606833908,599.9999587739117,1.6221683832192844,1219.506405729153,1.6221950000000054,331.62956394320327,126.93123822616228,1.5722671122993463,914.8933683592036,912.6650006685148,1.5713149999946332,327.9595114494959,912.6650006685147,1.521423462281336,316.5763087773578,1.521273906971105,327.9595114494959,1.5207950031775304,172.19237728223237,311.1574319859476,172.19237728282542,1.4256875459637848,259.7432140891796,1.424565446686218,311.1574319859476,259.7432140891796,297.6077889156903,1.424338120727683,1.411445001367867,308.84875232172953,1.3613750044964759,68.40161304562623,232.11450858646634,68.40161304644134,1.2665991766486653,165.00009564786342,232.11450858646634,165.00009564786342,192.57333804849668,1.2661570887257072,1.2516149924085853,230.93035929038817,1.2009151142436025,102.84284348967472,0.029186102308773,0.009804735492167798,123.02599679247348,163.7300825743311,21.88131487055086,600.3164813334357,1.6221457280396043,1219.412964647612,1.6221724517343838,277.38617054097807,108.38655355503288,1.5719555963893528,898.7242140419369,893.8680418141593,1.571299056474936,272.9293566635708,894.6600319361381,1.5208406682572881,149.96639837033933,1.5208202145610885,272.4529697221454,1.5202323078289524,122.55781056120912,244.3211377530929,123.72877480679652,1.4198727238219753,238.68397806867253,1.4191603035317741,242.4260866801202,239.23084696883475,287.2514507882685,1.4191399929311403,1.4114133806090414,238.93617122319333,1.360897043099316,48.49970102197024,160.9286460460748,49.07900994439469,1.2598822158473142,178.24299393414074,162.44996804641852,177.55781005350372,228.19123274313583,1.2595470585158681,1.251602780708414,159.23459254837104,1.2005612249642539,130.86482016061484,0.010982379218054799,0.0008991758347074663
149.20268785494255,190.00000000000017,25.50727260683298,599.9999587739115,1.6221683832192846,1219.5064057291315,1.6221950000000054,331.62956394320327,126.93123822616104,1.5722671122994263,914.8933683592032,912.6650006685153,1.5713149999947131,327.95951144949595,912.6650006685154,1.5214234622496674,316.57630877735835,1.5212739069394332,327.95951144949595,1.5207950031458548,172.1927060322333,311.1573236086142,172.19270603230655,1.4256875493615584,259.74356365595594,1.4245654498354878,311.1573236086142,259.74356365595594,297.60822203133523,1.4243381238431554,1.4114450013544946,308.84863933068414,1.3613750046308568,68.40225983841223,232.1143014131963,68.40225983921752,1.2665991570543975,165.00009543740993,232.1143014131963,165.00009543740993,192.57337530805273,1.2661570694097006,1.251614992528836,230.93015128651768,1.2009151072764284,102.84328744389465,0.029185807537006603,0.009804595061537852,123.0259657162402,163.73025937618468,21.881339414011883,600.3164863103457,1.6221457268294748,1219.4129722724263,1.622172450629299,277.38610855857877,108.38668366112753,1.5719555964115783,898.7243182305089,893.868148680065,1.5712990567196343,272.9292906844594,894.6601655185241,1.5208406703998714,149.96635858698474,1.5208202166878364,272.45291401418854,1.5202323099775716,122.55781699923273,244.3210774510795,123.728777147896,1.4198727215596718,238.68401420626842,1.4191603009135807,242.42603140327458,239.2308804295717,287.25149132972416,1.419139990714026,1.4114133805374534,238.93611897437307,1.360897044650906,48.49970688653525,160.92862182724403,49.07901364833046,1.2598822142776376,178.24301994953603,162.4499428184698,177.55782677768642,228.19125806685489,1.2595470576845986,1.2516027810589356,159.23457664048487,1.200561226843558,130.86485581195487,0.010982367194660876,0.0008991808294464873
149.20268785254194,189.99999999663214,25.50727260605963,599.9999587764942,1.6221683832275329,1219.5064057278405,1.6221950000082517,331.6295639365662,126.93123822422639,1.5722671122476743,914.8933683590885,912.6650006768311,1.571314999942979,327.9595114381875,912.6650006768316,1.5214234620200937,316.57630876391346,1.5212739067098688,327.9595114381875,1.5207950029163233,172.1930293353547,311.1572131438087,172.19302933594614,1.4256875533858193,259.74390851635553,1.424565453561126,311.1572131438087,259.74390851635553,297.60864937220595,1.4243381275281835,1.4114450012715665,308.84852412529574,1.3613750057020202,68.4029038553128,232.11414442342712,68.4029038561874,1.2665991383974835,165.00009457724917,232.11414442342712,165.00009457724917,192.5734078408133,1.2661570509282243,1.2516149929725957,230.92999400130526,1.2009150987715267,102.84369760376296,0.029185521016319448,0.009804459285167802,123.0259346400069,163.73044122951978,21.88136463923571,600.3164910107606,1.622145725686034,1219.4129795716256,1.6221724495736956,277.38604183531606,108.38681376722221,1.5719555964004654,898.7244194422645,893.8682588855304,1.5712990569293757,272.92922662030895,894.6603057800293,1.5208406724427994,149.96631438325738,1.520820218493099,272.4528596989306,1.5202323118820298,122.55782285198144,244.32101631153816,123.7287789037206,1.4198727191276954,238.68404900543482,1.419160298033568,242.425976126429,239.23091656716758,287.25153187117974,1.4191399885484728,1.4114133804493452,238.9360633546612,1.3608970460570349,48.49971120779368,160.92859256282352,49.07901611762097,1.2598822125771547,178.24303853196128,162.4499170859621,177.5578385465557,228.1912779640627,1.2595470564696662,1.2516027814051298,159.23455725274857,1.2005612283832288,130.8648840359324,0.010982354659647186,0.0008991858708934467
149.2026878540423,190.00000000079757,25.50727260697866,599.9999587740247,1.6221683832185296,1219.5064057300233,1.6221949999992504,331.6295639418896,126.93123822658237,1.5722671123068768,914.8933683583813,912.6650006670814,1.5713150000021758,327.9595114484556,912.6650006670818,1.5214234621235905,316.57630877377403,1.521273906813355,327.9595114484556,1.5207950030197823,172.1933472795072,311.1571064509819,172.19334728008934,1.4256875570564356,259.7442471179721,1.4245654569648485,311.1571064509819,259.7442471179721,297.6090689402603,1.4243381308956033,1.4114450012648772,308.84841286896534,1.3613750054859246,68.40355047096728,232.11397965293628,68.40355047184127,1.2665991213161623,165.0000946559052,232.11397965293628,165.00009465590523,192.57344152294883,1.2661570340086437,1.2516149930220788,230.92982863814922,1.200915091504962,102.84407641213082,0.029185253156147704,0.009804330396654298,123.02590465966092,163.7306230828549,21.881388500933927,600.3164956124274,1.6221457245467619,1219.4129867894212,1.6221724485125941,277.3859763411661,108.38693795940347,1.5719555964615852,898.724517677204,893.868359072317,1.571299057195922,272.92916429703223,894.6604393624152,1.5208406747846925,149.9662657591573,1.5208202207187653,272.4528039909737,1.5202323141283138,122.5578281194553,244.3209576845807,123.7287806595452,1.4198727169219494,238.68408380460124,1.4191602954677385,242.4259225246393,239.23095002790453,287.2515701603323,1.4191399865891625,1.4114133804438382,238.93601110584095,1.360897047608625,48.499716455036065,160.92856632575686,49.07901858691148,1.2598822110728813,178.24306206969987,162.44989286713135,177.5578577483951,228.19130569956448,1.2595470556383968,1.2516027818090232,159.23453885925517,1.2005612303078175,130.8649152308549,0.010982342636280139,0.0008991907723273121
149.20268785564127,189.99999999994208,25.50727260682211,599.9999587739394,1.6221683832191283,1219.5064057290333,1.6221949999998493,331.6295639443868,126.93123822599034,1.5722671122997567,914.8933683597095,912.6650006691189,1.5713149999950364,327.95951145065726,912.6650006691183,1.5214234620780005,316.57630878030255,1.5212739067677483,327.95951145065726,1.5207950029741473,172.193659956933,311.15700152405867,172.19365995750604,1.4256875606631176,259.7445801111056,1.424565460309099,311.15700152405867,259.7445801111056,297.6094815483565,1.424338134204161,1.4114450012623427,308.84830345593,1.361375005434501,68.4041958688262,232.11381484960557,68.40419586969897,1.2665991041234321,165.00009449826467,232.11381484960557,165.0000944982647,192.57347555740904,1.2661570169796925,1.2516149930776832,230.92966322425355,1.20091508472846,102.84442588860357,0.02918499941926955,0.009804207600757052,123.02587530553627,163.73079483322695,21.881413044394947,600.3165001548452,1.622145723425551,1219.4129938172748,1.6221724474789823,277.3859162902296,108.38706806549814,1.571955596489367,898.7246248425923,893.8684659382228,1.571299057431881,272.92910354054175,894.6605729448012,1.5208406768276206,149.96623481654814,1.5208202227960539,272.45275106841467,1.5202323162281008,122.55783397220402,244.32089989515117,123.72878300064467,1.4198727148293186,238.6841159269087,1.4191602930590006,242.42587227296147,239.2309808117825,287.2516061971817,1.4191399847845347,1.4114133804163045,238.93596559880396,1.360897049305677,48.49972139361712,160.92854311604404,49.07902167352462,1.2598822098302207,178.2430806521251,162.44987016197751,177.55787075609277,228.1913322291749,1.259547054935015,1.2516027821436775,159.23452295136897,1.2005612320965529,130.86494345483243,0.01098233035711037,0.0008991957204686003
149.20268785499155,189.99999999999434,25.507272606826852,599.9999587739039,1.6221683832192886,1219.506405729006,1.6221950000000094,331.629563943284,126.93123822614365,1.5722671122996785,914.8933683592447,912.6650006685692,1.5713149999949652,327.95951144957326,912.6650006685694,1.521423462027814,316.57630877756924,1.5212739067175578,327.95951144957326,1.5207950029239532,172.1939674531424,311.1568983312144,172.19396745370517,1.425687564200969,259.7449075876534,1.4245654635888938,311.1568983312144,259.7449075876534,297.6098873202444,1.4243381374488595,1.4114450012510886,308.8481958513373,1.361375005500745,68.4048400546967,232.11365097734006,68.4048400555701,1.2665990870883757,165.00009428282414,232.11365097734006,165.00009428282414,192.57351015535704,1.2661570001061109,1.2516149931792846,230.92949871077087,1.2009150784265852,102.84474789511218,0.029184758003641106,0.009804090400034647,123.0258443858583,163.73095648063594,21.881436224330358,600.3165046775134,1.6221457223085083,1219.4130008993975,1.6221724464453706,277.3858543078303,108.38718634376602,1.5719555965115923,898.7247201007153,893.8685661250096,1.571299057680949,272.9290424358765,894.6606931689485,1.5208406789702038,149.96618619244805,1.520820224626046,272.45269884220505,1.5202323182302235,122.55783923967788,244.32084043066575,123.72878534174414,1.4198727125670152,238.6841507260751,1.4191602902837155,242.42581867117178,239.23101427251945,287.2516444863342,1.4191399826189814,1.4114133803667435,238.9359133499837,1.3608970508572673,48.49972571487555,160.92851687897738,49.079024142815136,1.259882208260544,178.243101712207,162.44984543858777,177.5578868608613,228.19135453816548,1.2595470537840263,1.251602782536031,159.23450455787557,1.2005612336815081,130.86497316428245,0.010982319612848077,0.0008992004352323305
149.2026878549393,189.99999999999991,25.507272606828003,599.999958773911,1.6221683832192875,1219.5064057290213,1.6221950000000085,331.6295639431975,126.93123822615664,1.5722671122998162,914.8933683592038,912.6650006685109,1.5713149999951033,327.9595114494899,912.6650006685111,1.521423461978927,316.5763087773422,1.5212739066686662,327.9595114494899,1.5207950028750559,172.19426985402367,311.15679684939846,172.19426985457744,1.4256875676749412,259.74522963751224,1.424565466809074,311.15679684939846,259.74522963751224,297.61028636710296,1.4243381406345224,1.411445001234636,308.84809003092437,1.3613750056174712,68.40548303258163,232.11348846175423,68.40548303345439,1.2665990702447532,165.00009404424597,232.11348846175423,165.000094044246,192.57354535508102,1.266156983419738,1.2516149932946496,230.9293355201963,1.200915072561822,102.84504418000789,0.029184527849139854,0.009803978377893199,123.02581683211997,163.73111812804495,21.88145940426577,600.3165090421844,1.6221457212512078,1219.4130076016363,1.6221724454612403,277.3857930277811,108.3873046220339,1.5719555965227052,898.724812382022,893.8686596326771,1.5712990578688422,272.9289822016482,894.6608200722152,1.5208406807639943,149.9661419887207,1.520820226406579,272.4526487050439,1.5202323200858494,122.55784450715173,244.32078515382014,123.72878651229388,1.419872710530942,238.68418284838256,1.419160287717886,242.42576674443802,239.23104505639742,287.2516827754867,1.419139980711232,1.4114133802841418,238.93586278660928,1.3608970522149086,48.499730653456616,160.92849266014662,49.07902661210564,1.2598822066908675,178.24312277228893,162.44982273343393,177.55789986855893,228.19137564126467,1.2595470527609254,1.251602782841836,159.23448815286795,1.2005612353117479,130.86499990278747,0.010982307845334775,0.000899205056658394
149.20268785494045,190.0,25.507272606827378,599.9999587739114,1.6221683832192857,1219.5064057290083,1.6221950000000065,331.6295639431995,126.93123822615567,1.57226711229992,914.8933683592043,912.6650006685104,1.5713149999952072,327.95951144949197,912.6650006685104,1.521423461931105,316.57630877734687,1.5212739066208396,327.95951144949197,1.5207950028272235,172.1945672439814,311.15669704962943,172.194567244526,1.4256875710891408,259.74554635074486,1.4245654699736836,311.15669704962943,259.74554635074486,297.6106788005429,1.4243381437651859,1.4114450012162068,308.8479859645023,1.3613750057558276,68.4061248055895,232.11332748627495,68.40612480646061,1.2665990536111371,165.00009379579512,232.11332748627495,165.00009379579512,192.57358117502235,1.2661569669383168,1.2516149934138632,230.92917383447144,1.200915067091236,102.84531638262905,0.029184308176932353,0.00980387117220055,123.0257891218263,163.73129492989852,21.881481902438374,600.3165133871058,1.6221457201688991,1219.4130144938172,1.62217244447711,277.38573789329564,108.38742881421516,1.5719555965782686,898.7249046633287,893.8687564799043,1.571299058106986,272.9289275382155,894.6609469754818,1.5208406829065773,149.96611104611156,1.5208202285085974,272.45259856788266,1.5202323221856366,122.55785094517533,244.32073238955843,123.72878885339334,1.4198727084948688,238.68421497069002,1.4191602855186034,242.42572151792797,239.2310758402754,287.25171881233615,1.4191399790097257,1.4114133802676216,238.9358189650181,1.3608970536695246,48.49973528337637,160.92846844131586,49.079029698718784,1.25988220551361,178.24314383237083,162.44980204651597,177.5579150442062,228.19139795025524,1.259547052249375,1.2516027831851453,159.23447224498176,1.2005612370325565,130.8650296122375,0.010982296333649178,0.0008992099115153965
149.20268785494306,189.99999999999983,25.50727260682674,599.9999587739114,1.6221683832192848,1219.506405728995,1.6221950000000056,331.629563943204,126.93123822615455,1.5722671123000085,914.8933683592063,912.665000668512,1.5713149999952956,327.95951144949635,912.6650006685118,1.5214234618841909,316.5763087773562,1.5212739065739207,327.95951144949635,1.5207950027802992,172.19485970599493,311.15659890405857,172.1948597065298,1.4256875744457567,259.74585781572125,1.4245654730848412,311.15659890405857,259.74585781572125,297.6110647300739,1.4243381468429595,1.4114450011970452,308.8478836230328,1.3613750059033034,68.40676537638458,232.113168128221,68.40676537725457,1.266599037195852,165.00009354341955,232.113168128221,165.00009354341955,192.57361762508344,1.2661569506698198,1.2516149935331449,230.9290137302083,1.2009150619817466,102.84556603955912,0.02918409833080015,0.009803768461406005,123.02576094186665,163.73145152582597,21.88150576413659,600.3165177122776,1.6221457191268815,1219.4130210875178,1.6221724435204694,277.3856753841337,108.38754117856965,1.5719555965727123,898.7249999214517,893.8688466480122,1.5712990583298363,272.92886643355024,894.6610671996291,1.5208406847501954,149.96606684238418,1.52082023031386,272.45254564532365,1.5202323239924302,122.55785562737431,244.32067376260096,123.72879119449281,1.4198727063456804,238.6842477622122,1.4191602829527739,242.4256695911942,239.23110796258285,287.25175710148864,1.4191399767410509,1.4114133801960336,238.93576503075204,1.3608970550271662,48.49973991329611,160.9284442224851,49.0790321680093,1.2598822040093367,178.2431661312811,162.44977681856727,177.5579314586818,228.19141965630013,1.2595470513541616,1.25160278349672,159.2344553428527,1.2005612385948696,130.86505783621502,0.010982285333605327,0.0008992144396268015
149.20268785494466,189.99999999999983,25.507272606826156,599.9999587739114,1.6221683832192844,1219.506405728983,1.6221950000000054,331.6295639432067,126.93123822615354,1.5722671123000902,914.8933683592077,912.665000668514,1.5713149999953777,327.9595114494987,912.665000668514,1.5214234618381064,316.5763087773639,1.5212739065278318,327.9595114494987,1.520795002734205,172.19514732166022,311.1565023853087,172.19514732218636,1.4256875777462845,259.7461641193362,1.424565476143976,311.1565023853087,259.7461641193362,297.61144426339126,1.4243381498692624,1.4114450011777104,308.84778297796754,1.3613750060540628,68.40740474737242,232.11301041548896,68.40740474824233,1.2665990210017788,165.00009328986425,232.11301041548896,165.00009328986425,192.57365470963464,1.2661569346169972,1.2516149936508696,230.928855235024,1.200915057206689,102.8457945908445,0.029183897719375598,0.0098036699557841,123.02573448401563,163.73161317323496,21.88152758054639,600.3165218794522,1.6221457180848642,1219.4130274912761,1.6221724425583308,277.3856197228856,108.38766537075091,1.571955596617163,898.7250951795747,893.8689468347989,1.5712990585483169,272.92881142194284,894.6611941028958,1.5208406865938133,149.96603589977505,1.5208202321191227,272.45249898990977,1.5202323259457207,122.55786060221072,244.32062351092313,123.72879236504255,1.4198727045923953,238.68427720766073,1.4191602807011277,242.42562268962826,239.23113740803134,287.2517886337319,1.4191399751942269,1.4114133801519793,238.93572289460667,1.3608970565787564,48.499744851877175,160.9284220218902,49.07903525462244,1.259882202766676,178.243187191363,162.4497586544442,177.55794446637947,228.19144377412778,1.2595470506507798,1.2516027838414718,159.23444092633082,1.2005612401571828,130.86508308924752,0.010982274077757906,0.0008992189677610086
149.20268785494517,189.99999999999983,25.507272606825595,599.9999587739114,1.6221683832192844,1219.5064057289724,1.6221950000000052,331.6295639432076,126.93123822615293,1.57226711230017,914.8933683592087,912.665000668514,1.5713149999954572,327.9595114494993,912.6650006685144,1.5214234617928126,316.57630877736557,1.5212739064825334,327.9595114494993,1.5207950026889012,172.19543017122464,311.1564074664552,172.19543017174283,1.425687580991907,259.7464653470493,1.4245654791522027,311.1564074664552,259.7464653470493,297.6118175064075,1.4243381528452015,1.4114450011584618,308.8476840012288,1.3613750062053014,68.40804292080273,232.11285435213858,68.4080429216707,1.2665990050290536,165.0000930364415,232.11285435213858,165.00009303644157,192.57369242914433,1.266156918779958,1.251614993766312,230.9286983529619,1.2009150527431194,102.8460033859333,0.029183705794534456,0.009803575391480803,123.0257062257783,163.73177482064398,21.88154939695619,600.3165260268772,1.6221457170859168,1219.413034003573,1.6221724416346777,277.3855633592874,108.38777182119199,1.5719555966004939,898.7251785304323,893.8690403424665,1.5712990587296556,272.9287529285881,894.6613109874835,1.5208406883876038,149.9659916960477,1.5208202338254668,272.4524481563991,1.5202323275571852,122.55786557704714,244.3205682340775,123.72879470614203,1.419872702443207,238.68430866075343,1.4191602782400259,242.4255749505343,239.23116685347986,287.2518246705813,1.4191399732349168,1.4114133800803912,238.93567570212386,1.3608970576939619,48.49974855581297,160.92839780305945,49.079037723912954,1.259882201327806,178.24320577378822,162.44973443561344,177.55795685466293,228.1914642742813,1.259547049563735,1.2516027841285244,159.23442302995886,1.2005612416062847,130.86510685680756,0.010982263333550674,0.0008992233558715834
149.2026878549458,189.9999999999999,25.507272606825204,599.9999587739113,1.622168383219284,1219.5064057289635,1.622195000000005,331.6295639432086,126.93123822615281,1.5722671123002312,914.893368359209,912.6650006685148,1.5713149999955185,327.9595114495005,912.6650006685138,1.5214234617615567,316.57630877736756,1.5212739064512744,327.9595114495005,1.5207950026576385,172.1957083340414,311.1563149075441,172.1957083339269,1.4256875835495517,259.7467613637519,1.4245654815227646,311.1563149075441,259.7467613637519,297.6121842913532,1.424338155190318,1.411445001145091,308.84758749210596,1.3613750063106138,68.4086794153938,232.1126876453655,68.40867941620772,1.2665989879935164,165.00009283427943,232.1126876453655,165.00009283427943,192.57373436355886,1.2661569019499805,1.251614993856768,230.92853130184437,1.2009150493826135,102.84619368851136,0.029183522007522996,0.00980348452701695,123.0256806289816,163.7319112106453,21.88156984984037,600.316530016305,1.6221457160841906,1219.4130403530623,1.622172440689033,277.385508927152,108.38788122858978,1.57195559666717,898.7252678349228,893.869127171015,1.5712990589677995,272.9287010505533,894.6614278720712,1.5208406902810494,149.96594749232034,1.5208202356307294,272.45240289368417,1.5202323294616433,122.55787113715843,244.3205196574556,123.72879704724149,1.419872700633364,238.6843394446314,1.4191602760931072,242.42553056155222,239.23119629892835,287.25186070743075,1.4191399715849713,1.4114133800693778,238.9356318805327,1.3608970591485778,48.499753185732715,160.92837459334663,49.07904019320346,1.2598821998235326,178.2432181620717,162.44971324413652,177.5579673847039,228.19148356854342,1.2595470487964093,1.2516027844790463,159.234408613437,1.2005612431459556,130.86513656625758,0.010982253612610338,0.0008992276039564757
149.20268786448133,189.9999999967648,25.507272606075766,599.9999587742841,1.622168383225086,1219.5064057287796,1.622195000005805,331.62956395702605,126.93123822167804,1.5722671122281926,914.8933683673768,912.6650006879875,1.571314999923363,327.95951145752446,912.6650006879872,1.5214234615694795,316.5763088141033,1.521273906259215,327.95951145752446,1.5207950024656254,172.19598188791008,311.1562223372148,172.19598188842514,1.425687587508549,259.7470529069925,1.4245654852466703,311.1562223372148,259.7470529069925,297.61254552429284,1.4243381588736304,1.4114450010752218,308.847490959041,1.3613750073877178,68.40931023656324,232.11252618540163,68.40931023749141,1.2665989715697914,165.00009194509812,232.11252618540163,165.00009194509812,192.57377596561588,1.2661568856519674,1.2516149942556813,230.92836827394115,1.2009150450386499,102.84636641650164,0.029183339642715054,0.009803395430416504,123.02565464079659,163.73206780657276,21.88159166625017,600.3165341242307,1.6221457151033047,1219.413046566879,1.6221724397873718,277.38545502177925,108.38799063598756,1.5719555966727263,898.7253511857804,893.8692139995634,1.5712990591840954,272.92864673529533,894.6615380775396,1.520840691975185,149.96592539045668,1.5208202374112625,272.45235484557134,1.5202323313661015,122.55787640463228,244.32046940577777,123.72879821779122,1.4198726987669636,238.68436755165044,1.4191602738414608,242.4254828224583,239.2312244059474,287.25189449197705,1.4191399697287828,1.4114133800308304,238.9355880589415,1.3608970605547064,48.49975719832983,160.9283534018697,49.079042662493976,1.2598821988424846,178.24324293863867,162.44969407089548,177.5579834894724,228.19150587753398,1.2595470481569713,1.2516027847834086,159.2343936997937,1.200561244730911,130.86516181929008,0.010982243124236986,0.0008992318987440191
149.20268785334105,190.00000000092535,25.507272606978507,599.9999587738807,1.6221683832185825,1219.5064057298976,1.6221949999993037,331.62956394070864,126.93123822675051,1.572267112308531,914.8933683578823,912.6650006664402,1.5713150000038383,327.9595114473211,912.6650006664399,1.5214234616560707,316.5763087708458,1.5212739063457867,327.9595114473211,1.520795002552155,172.19625090618132,311.1561320391123,172.19625090668723,1.4256875903717945,259.7473394105718,1.4245654878432505,311.1561320391123,259.7473394105718,297.61290053024806,1.4243381614425603,1.4114450010650206,308.84739679940515,1.3613750071395545,68.40994507272535,232.11237910030718,68.40994507365171,1.2665989568447227,165.00009207536954,232.11237910030718,165.00009207536954,192.57381646795986,1.2661568710284468,1.2516149942725758,230.92822020597268,1.2009150412081957,102.84652296163891,0.029183169484834355,0.009803310369642949,123.02562865261156,163.73221935101867,21.881612119134353,600.3165379161621,1.6221457141696571,1219.4130524822153,1.6221724389132002,277.3854005896439,108.38809708642866,1.5719555966838392,898.7254404902707,893.8693075072309,1.5712990593632494,272.9285931163868,894.6616516225677,1.5208406937689753,149.96588118672932,1.5208202389444994,272.45230819015745,1.520232332977566,122.55788020891896,244.32041915409994,123.72879997361582,1.4198726966177753,238.68439699709893,1.4191602715898146,242.42543759594824,239.23125385139588,287.2519282765234,1.4191399680788372,1.4114133799592423,238.93554592279614,1.360897061718399,48.49976151958826,160.92833120127486,49.079044514461856,1.2598821974036145,178.24326028223552,162.44967338397754,177.55799278068503,228.19152517179612,1.259547047261758,1.2516027850805587,159.23437779190752,1.2005612460894441,130.8651841013776,0.010982232635873659,0.0008992361468692694
149.2026878556988,189.99999999994708,25.507272606816066,599.9999587739507,1.6221683832191025,1219.5064057289487,1.6221949999998233,331.62956394448577,126.93123822597207,1.572267112300581,914.8933683597504,912.6650006691589,1.5713149999958609,327.95951145075514,912.665000669159,1.5214234616209663,316.5763087805394,1.5212739063106688,327.95951145075514,1.5207950025170143,172.19651546787026,311.15604326557605,172.19651546836766,1.4256875934260986,259.7476211599218,1.4245654906754683,311.15604326557605,259.7476211599218,297.61324963427603,1.4243381642445705,1.4114450010649595,308.8473042306134,1.361375007060487,68.41057870199309,232.11223177994776,68.41057870291937,1.266598941978211,165.00009193430316,232.11223177994776,165.00009193430316,192.5738571340952,1.2661568562663548,1.2516149942918622,230.92807189500138,1.2009150377010376,102.84666439395887,0.029183007618643605,0.009803228811929854,123.02560438653519,163.73236079250154,21.88163257201854,600.3165418660907,1.6221457132026649,1219.4130585603589,1.6221724380390286,277.385345981921,108.38820353686975,1.5719555967060646,898.725520864312,893.8693876566604,1.5712990595751755,272.928541238352,894.661761828036,1.5208406955129383,149.96583698300196,1.5208202407250324,272.4522629274425,1.5202323347843596,122.55788547639281,244.32036722736618,123.72880172944043,1.4198726949210476,238.68442644254745,1.4191602693381682,242.42539153191024,239.2312819584149,287.2519620610697,1.4191399663257702,1.4114133799482287,238.93549873031333,1.3608970630275534,48.49976584084669,160.92830900068,49.07904698375237,1.2598821961609539,178.2432776258324,162.4496526970596,177.55801291164568,228.191546877841,1.2595470463665446,1.251602785363284,159.23436287826422,1.200561247538546,130.86520935441013,0.010982222403333717,0.0008992402082825036
149.20268785500303,189.9999999999937,25.5072726068212,599.9999587739032,1.6221683832192864,1219.5064057289035,1.6221950000000072,331.6295639433026,126.9312382261351,1.5722671123004335,914.8933683592551,912.6650006685736,1.57131499999572,327.95951144959025,912.6650006685738,1.5214234615783384,316.5763087776088,1.521273906268038,327.95951144959025,1.5207950024743804,172.19677564503343,311.15595595703326,172.19677564552282,1.4256875964212012,259.74789824160905,1.4245654934522034,311.15595595703326,259.74789824160905,297.61359295436864,1.424338166991606,1.4114450010569428,308.8472131897276,1.3613750070959587,68.41121113030236,232.112085149396,68.41121113122821,1.2665989272365925,165.0000917346466,232.112085149396,165.0000917346466,192.57389822958262,1.2661568416277964,1.2516149943585866,230.92792425029077,1.2009150344572979,102.84679167738543,0.029182852570296097,0.009803150419840395,123.02557965079282,163.73250728546594,21.881653024902725,600.3165455790235,1.6221457122704066,1219.4130643942915,1.6221724371703548,277.38529541271134,108.38830703035414,1.5719555967560717,898.7256012383533,893.8694744852088,1.5712990598045802,272.9284911011908,894.6618720335044,1.520840697506039,149.96581046076554,1.5208202425055655,272.4522211464748,1.5202323366399855,122.55789015859179,244.32032032580022,123.72880289999017,1.41987269322432,238.684453211137,1.4191602672959773,242.42535133056796,239.23130872700446,287.2519913410099,1.4191399647789464,1.411413379942722,238.93546165050543,1.3608970644821694,48.49977016210512,160.92828982743896,49.07905007036551,1.2598821949182932,178.2432949694293,162.44963402837755,177.55802003490868,228.19156556915743,1.2595470458549942,1.2516027857008234,159.23435094734958,1.2005612491008593,130.86523163649764,0.01098221242661645,0.0008992443163973099
149.20268785494181,190.00000000000017,25.507272606823022,599.9999587739107,1.622168383219286,1219.506405728931,1.622195000000007,331.6295639432012,126.93123822615067,1.572267112300561,914.8933683592072,912.6650006685122,1.5713149999958487,327.9595114494927,912.6650006685122,1.5214234615368767,316.5763087773495,1.5212739062265719,327.9595114494927,1.52079500243291,172.19703151036936,311.15587009638466,172.19703151085088,1.425687599361261,259.7481707310692,1.4245654961775038,311.15587009638466,259.7481707310692,297.6139305837997,1.4243381696876964,1.4114450010435275,308.84712365862123,1.3613750071830482,68.41184236171455,232.11193962636634,68.41184236263874,1.2665989126520505,165.00009151233633,232.11193962636634,165.00009151233638,192.5739397971153,1.266156827143056,1.2516149944401622,230.92777768632962,1.2009150314551948,102.84690571901592,0.029182703609467647,0.0098030749268479,123.0255556978271,163.7326487269488,21.881672796024105,600.3165494499535,1.6221457113506526,1219.413070173955,1.622172436323673,277.3852450190892,108.38840756688182,1.571955596778297,898.7256845892109,893.8695613137572,1.5712990599924734,272.92844166037906,894.6619788994132,1.5208406992001744,149.9657839385291,1.5208202441377208,272.45217727645877,1.5202323383002823,122.55789542606564,244.32027174917832,123.72880524108963,1.419872691471035,238.68448064894127,1.4191602652537865,242.42530861664181,239.23133415716453,287.25202287325317,1.4191399632321227,1.4114133799041746,238.93542119980586,1.3608970657913235,48.49977386604092,160.92826863596204,49.07905192233339,1.2598821938718423,178.2433160295112,162.4496153596955,177.5580336620205,228.19158606931092,1.2595470452795,1.2516027859806638,159.23433603370628,1.2005612505046768,130.86525688953014,0.010982202961534095,0.000899248284480567
149.202687854943,190.00000000000026,25.507272606822895,599.9999587739114,1.6221683832192841,1219.5064057289283,1.622195000000005,331.6295639432035,126.93123822615033,1.572267112300652,914.8933683592084,912.6650006685138,1.5713149999959395,327.95951144949476,912.6650006685135,1.5214234614963558,316.57630877735636,1.5212739061860474,327.95951144949476,1.5207950023923802,172.19728313532923,311.1557856589331,172.19728313580285,1.4256876022503242,259.7484387045847,1.4245654988553638,311.1557856589331,259.7484387045847,297.6142626170998,1.4243381723368305,1.4114450010280302,308.84703561157687,1.3613750072901851,68.4124723993983,232.1117953803299,68.41247240032106,1.2665988982411145,165.00009128092645,232.1117953803299,165.00009128092645,192.57398185870642,1.2661568128278842,1.2516149945262414,230.9276323710257,1.2009150286639625,102.84700736991432,0.02918256027406771,0.009803002111588998,123.02553182313906,163.73278511695014,21.881692567145485,600.3165530641381,1.6221457104322878,1219.4130759807529,1.6221724354769909,277.3851958545799,108.38851106036623,1.5719555968060788,898.7257679400685,893.8696414631866,1.5712990601628885,272.9283923936547,894.6620857653219,1.520840700794655,149.96574857554725,1.5208202456214983,272.45213410279223,1.520232339960579,122.55789893771488,244.32022652266826,123.72880641163937,1.4198726898308647,238.68450808674555,1.4191602632639595,242.4252675777716,239.23136092575407,287.2520521531933,1.4191399615306164,1.4114133798601203,238.93538074910632,1.3608970668095548,48.499777569976715,160.92824946272103,49.07905377430128,1.259882192694585,178.24332841779466,162.44959618645447,177.55804450176853,228.1916017458989,1.259547044576118,1.251602786263389,159.23432211430588,1.2005612518405677,130.86527768614516,0.010982193240647198,0.0008992523926322687
149.20268785494568,190.00000000000023,25.507272606822657,599.9999587739114,1.6221683832192835,1219.5064057289233,1.6221950000000045,331.629563943208,126.93123822614956,1.572267112300728,914.8933683592104,912.6650006685155,1.5713149999960154,327.95951144949953,912.6650006685156,1.5214234614566218,316.57630877736705,1.5212739061463099,327.95951144949953,1.520795002352638,172.19753059014653,311.1557026210648,172.19753059061276,1.4256876050904714,259.7487022369661,1.4245655014878063,311.1557026210648,259.7487022369661,297.61458914697425,1.4243381749410222,1.4114450010117383,308.8469490239743,1.3613750074047002,68.41310124605624,232.11165247303694,68.41310124697873,1.266598884010104,165.00009104644033,232.11165247303694,165.00009104644036,192.57402442771786,1.2661567986883036,1.2516149946129145,230.9274883653493,1.200915026061855,102.84709742801624,0.029182422207428647,0.009802931784455446,123.025508887783,163.732926558433,21.88171165650406,600.3165566388234,1.6221457095597718,1219.4130815704743,1.6221724346577986,277.385146514483,108.38860863993722,1.571955596811635,898.7258453372935,893.8697249521755,1.5712990603398576,272.92834347510507,894.662189291671,1.5208407022396528,149.96572205331083,1.5208202472536534,272.4520923218245,1.5202323415232115,122.55790420518873,244.3201812961582,123.72880875273884,1.419872688134137,238.6845348553351,1.4191602611170409,242.42522653890134,239.23138769434362,287.25208368543656,1.4191399599837926,1.4114133797830255,238.9353419838526,1.360897068070222,48.499781891235145,160.9282282712441,49.07905686091442,1.2598821915173275,178.2433494778766,162.44957701321346,177.55806060653705,228.1916216431067,1.25954704393668,1.2516027865172648,159.2343086920269,1.2005612531538163,130.86530145370517,0.010982183519768892,0.00089925622069961
149.2026878549467,190.0000000000001,25.50727260682244,599.9999587739114,1.622168383219283,1219.5064057289187,1.622195000000004,331.6295639432098,126.93123822614902,1.5722671123007992,914.8933683592112,912.6650006685168,1.5713149999960867,327.95951144950124,912.665000668517,1.521423461417608,316.5763087773725,1.5212739061072917,327.95951144950124,1.5207950023136154,172.19777394389314,311.1556209596605,172.19777394435133,1.4256876078830785,259.7489614017532,1.4245655040761491,311.1556209596605,259.7489614017532,297.6149102645531,1.424338177501582,1.411445000995231,308.84686387170336,1.3613750075207445,68.413728904144,232.11151091672264,68.41372890506452,1.2665988699599138,165.000090811631,232.11151091672264,165.000090811631,192.57406751188336,1.2661567847251363,1.2516149946984876,230.9273456811868,1.200915023632912,102.84717664122596,0.029182289099935498,0.009802863779374445,123.02548516965028,163.73306799991587,21.88173142762544,600.3165601542598,1.6221457086900346,1219.4130871059267,1.6221724338551002,277.38509770114865,108.38870621950822,1.5719555968449732,898.7259227345185,893.8698017620453,1.5712990605321207,272.928295775167,894.6622894784605,1.5208407039337883,149.96568669032894,1.5208202488116198,272.4520512372064,1.5202323431835083,122.55790771683797,244.32013606964816,123.72880992328858,1.4198726864374094,238.68456095470992,1.41916025907485,242.42518550003112,239.2314117860742,287.2521129653767,1.4191399585400903,1.4114133797554915,238.93530153315305,1.3608970692824016,48.49978528650963,160.9282090980031,49.0790587128823,1.25988219034007,178.24336434381675,162.44955935364936,177.5580717559922,228.19164154031452,1.2595470431054105,1.2516027868259547,159.23429526974795,1.200561254557634,130.8653237357927,0.010982174310523708,0.0008992600487832471
149.20268785494767,190.0000000000001,25.507272606822216,599.9999587739114,1.622168383219283,1219.5064057289146,1.6221950000000038,331.62956394321145,126.93123822614862,1.572267112300866,914.8933683592122,912.6650006685182,1.571314999996154,327.959511449503,912.6650006685186,1.5214234613792623,316.5763087773774,1.5212739060689429,327.959511449503,1.520795002275262,172.1980132644919,311.1555406519195,172.19801326494252,1.4256876106291665,259.7492162712856,1.4245655066213567,311.1555406519195,259.7492162712856,297.6152260594836,1.4243381800194674,1.41144500097875,308.8467801309884,1.3613750076354993,68.4143553759522,232.11137069994237,68.41435537687238,1.2665988560886894,165.0000905778158,232.11137069994237,165.0000905778158,192.57411111505434,1.2661567709365589,1.2516149947821509,230.92720430701098,1.2009150213642306,102.84724571043313,0.0291821606679095,0.009802797948372903,123.02546286051555,163.73318923547262,21.881749835221207,600.3165637486948,1.622145707827244,1219.4130924243025,1.6221724330524017,277.3850501169271,108.38880084212252,1.5719555968838674,898.7259971549271,893.8698819114746,1.571299060741862,272.92824877157835,894.66238966525,1.5208407057275788,149.9656557477198,1.5208202504685049,272.4520108489376,1.520232344843805,122.55791269167439,244.32009251819406,123.72881109383832,1.419872684853797,238.68458571565526,1.4191602571897508,242.4251444611609,239.23143721623427,287.25214224531686,1.419139957096388,1.4114133797609985,238.9352627678993,1.3608970706885304,48.49978929910674,160.9281889156441,49.079061182172815,1.2598821891628127,178.24337920975694,162.4495406849673,177.5580791889623,228.1916584227939,1.259547042274141,1.2516027871375295,159.23428184746896,1.2005612559388095,130.86534601788023,0.010982165357098292,0.0008992636901462207
149.202687854948,190.0000000000001,25.507272606822056,599.9999587739114,1.6221683832192828,1219.506405728911,1.6221950000000038,331.629563943212,126.93123822614838,1.5722671123009309,914.8933683592127,912.665000668518,1.5713149999962188,327.95951144950334,912.6650006685179,1.521423461341562,316.5763087773784,1.5212739060312384,327.95951144950334,1.5207950022375534,172.19824861873803,311.1554616753924,172.19824861917954,1.4256876133296326,259.7494669167068,1.4245655091242706,311.1554616753924,259.7494669167068,297.615536619939,1.4243381824955113,1.4114450009624244,308.8466977784208,1.3613750077476219,68.41498066367289,232.1112317997406,68.41498066459252,1.2665988423932655,165.0000903456173,232.1112317997406,165.0000903456173,192.57415523811693,1.266156757319488,1.251614994863553,230.92706421995416,1.20091501924471,102.84730529239546,0.029182036645932757,0.009802734157850101,123.0254403948255,163.73331047102937,21.881765515765746,600.3165672048823,1.6221457069950196,1219.4130977155435,1.6221724322771929,277.3850039374058,108.38888955082342,1.5719555968560859,898.726065621703,893.8699520422252,1.5712990608926136,272.9282017679898,894.6624831729201,1.520840707023094,149.96561154399245,1.5208202517544454,272.45197115701836,1.5202323462111083,122.5579176665108,244.32004645415603,123.72881343493778,1.419872683043954,238.68461382267427,1.41916025514756,242.42510342229068,239.23146398482382,287.25217152525704,1.4191399554464426,1.4114133796894104,238.93522231719976,1.3608970715613,48.49979362036517,160.9281697424031,49.07906365146333,1.2598821878547488,178.24339531452546,162.44952201628527,177.5580931257812,228.19167289349048,1.2595470415068153,1.2516027873740956,159.23426892231143,1.2005612571388469,130.86536829996774,0.010982156915303869,0.0008992674248927918
149.20268794541397,190.00000001188283,25.507272607804545,599.9999587425523,1.6221683831467444,1219.506405728741,1.6221949999272327,331.6295640678634,126.93123821597149,1.5722671121781489,914.8933683949813,912.665000627434,1.5713149998728526,327.95951155651136,912.6650006274339,1.5214234612698907,316.57630883361014,1.5212739059594322,327.95951155651136,1.5207950021654932,172.19848007112114,311.15538397266744,172.1984800715653,1.4256876173183435,259.74971341847277,1.4245655128498116,311.15538397266744,259.74971341847277,297.6158420921826,1.4243381861851796,1.4114450014341486,308.84661675387036,1.361375008811006,68.41559901243275,232.1110541748485,68.41559901341378,1.2665988253759226,165.00008914633395,232.1110541748485,165.00008914633395,192.57420854051998,1.2661567404622722,1.2516149958880831,230.92688518861655,1.200915017933074,102.8473559115631,0.02918191287971755,0.009802671390784147,123.02541816396842,163.73344180954916,21.8817825598359,600.3165706215705,1.6221457061447333,1219.413103115323,1.6221724314909882,277.38495477289644,108.38898417343773,1.5719555968783112,898.7261430189279,893.870022172976,1.5712990610761373,272.9281554607506,894.6625833597095,1.5208407086175746,149.96557176063783,1.520820253238223,272.45193007240016,1.5202323477249085,122.55792059288517,244.32000039011803,123.72881402021265,1.4198726813472264,238.68463791440487,1.419160253105369,242.4250632209484,239.23148807655443,287.25220080519716,1.4191399537449365,1.4114133796673833,238.935183551946,1.3608970726280183,48.49979670697833,160.92815056916209,49.07906550343121,1.259882186546685,178.24341141929398,162.44950233848527,177.5581027267009,228.1916915848069,1.2595470407394895,1.251602787612104,159.23425550003248,1.2005612584973802,130.86538761111024,0.010982147450269358,0.0008992709729164011
149.20268784348096,189.99999999740896,25.50727258284357,599.9999587363181,1.6221683832279001,1219.5064051849429,1.6221950000085978,331.6295639214636,126.93123820267961,1.5722671123069412,914.8933683435362,912.6650006483533,1.5713150000024239,327.9595114275576,912.6650006483532,1.5214234611919588,316.5763087076058,1.521273905881651,327.9595114275576,1.5207950020880063,172.19870768387165,311.15530757489404,172.19870768430997,1.4256876185573244,259.7499558219419,1.424565513966926,311.15530757489404,259.7499558219419,297.6161424097188,1.42433818728581,1.4114450008940527,308.8465370922317,1.3613750087588383,68.41622189709697,232.1109370433601,68.41622189808106,1.2665988134969246,165.00008948362614,232.1109370433601,165.00008948362614,192.5742522350158,1.2661567286419202,1.2516149952767286,230.92676679194653,1.2009150156802724,102.84739800915918,0.029181793161999342,0.0098026099376515,123.02539765522,163.73356304510594,21.881801649194475,600.3165739790097,1.6221457053180661,1219.413108298026,1.6221724307377712,277.3849136854136,108.38907583909534,1.5719555969338745,898.7262144625201,893.8701023224053,1.571299061270585,272.928112287084,894.6626768673797,1.5208407101622274,149.96555849951963,1.5208202547714595,272.45189246952924,1.5202323492875407,122.55792586035902,244.31996186383168,123.72881636131211,1.4198726801029595,238.68466200613545,1.4191602516391808,242.42502804477394,239.23151082985555,287.25223008513734,1.4191399525074773,1.411413379650863,238.93515152847556,1.3608970738886854,48.49980041091413,160.9281344232749,49.0790673553991,1.2598821858926532,178.2434250464058,162.44948821083398,177.5581141858631,228.19171208496041,1.2595470404837144,1.2516027879005993,159.23424406623928,1.20056125972006,130.86541137867027,0.0109821390084887,0.0008992747543780271
149.2026878558745,190.00000000043,25.507272605952497,599.9999587725869,1.6221683832190088,1219.5064057071904,1.6221949999997296,331.6295639448356,126.9312382249654,1.5722671123044,914.893368359634,912.6650006687782,1.5713149999996796,327.95951145117266,912.6650006687778,1.5214234612336597,316.5763087811278,1.5212739059233238,327.95951145117266,1.5207950021296226,172.19893152995527,311.1552325020865,172.19893153038672,1.4256876211323934,259.75019420032714,1.4245655163538253,311.1552325020865,259.75019420032714,297.61643776248866,1.4243381896471017,1.411445000882076,308.84645880858193,1.3613750084754905,68.41684389200267,232.110805467331,68.41684389298666,1.2665988007163165,165.00008949229533,232.110805467331,165.0000894922954,192.57429861353967,1.266156715912298,1.2516149952393527,230.9266338970662,1.2009150138421574,102.84743241322367,0.0291816802702261,0.009802550751380198,123.02537706819392,163.73368428066266,21.881819375027433,600.3165772377008,1.6221457045247434,1219.4131133179214,1.622172430001048,277.3848690861801,108.38915863388286,1.5719555969561,898.7262859061125,893.8701757927156,1.571299061425706,272.92806946159214,894.6627703750498,1.5208407117068805,149.96552755691047,1.5208202562305075,272.4518555630078,1.5202323507036761,122.55793024992056,244.3199199874335,123.72881870241159,1.4198726784062319,238.68468743629552,1.41916024959699,242.42499119354352,239.23153492158613,287.25225936507746,1.4191399510637752,1.4114133796178223,238.9351127632218,1.3608970749554037,48.49980411484993,160.92811525003387,49.07906982468961,1.2598821847807988,178.24344362883102,162.44947105582887,177.55812316736865,228.1917259527113,1.2595470396524449,1.251602788129953,159.2342316382032,1.200561260852171,130.86543068981277,0.01098213107833702,0.0008992782090605727
149.2026878553419,189.99999999998067,25.50727260685379,599.9999587738541,1.6221683832192388,1219.5064057294833,1.6221949999999599,331.6295639438788,126.93123822609223,1.5722671123010907,914.8933683595186,912.6650006688869,1.5713149999963756,327.95951145015425,912.6650006688868,1.5214234611987174,316.57630877906087,1.5212739058883793,327.95951145015425,1.520795002094676,172.19915166619685,311.15515863827363,172.19915166662093,1.4256876236755684,259.75042863748973,1.4245655187122104,311.15515863827363,259.75042863748973,297.61672823328104,1.4243381919803528,1.4114450008841226,308.8463817874732,1.361375008391779,68.41746469438733,232.11067353366826,68.417464695369,1.2665987879002316,165.0000893535601,232.11067353366826,165.0000893535601,192.57434520563345,1.266156703150287,1.2516149952447404,230.9265006343187,1.2009150121329326,102.84745960992817,0.029181571905459294,0.009802493561717899,123.0253565594455,163.733820670664,21.881837100860395,600.3165802988955,1.6221457037508717,1219.4131181750095,1.6221724293028104,277.38482571605937,108.38925621345385,1.5719555969338745,898.7263573497047,893.8702526025853,1.5712990615633489,272.92802593975085,894.66286388272,1.5208407130023958,149.96550103467405,1.5208202575411778,272.4518200491853,1.5202323523151409,122.55793405420724,244.31988146114716,123.72881928768646,1.419872677161965,238.68470952038192,1.41916024797371,242.42495769242495,239.23155633645777,287.25228188810837,1.4191399497747552,1.411413379551741,238.93508073975133,1.3608970758766603,48.49980720146309,160.9280991041467,49.07907167665749,1.2598821837997511,178.24345353945782,162.4494569281776,177.55813462653086,228.19174102635358,1.259547039268782,1.251602788360749,159.23422070153143,1.2005612620522086,130.8654500009553,0.01098212212494685,0.0008992815703860573
149.20268785496552,189.99999999999866,25.507272606894684,599.9999587739067,1.622168383219287,1219.506405730379,1.622195000000008,331.62956394324465,126.93123822622329,1.5722671123011491,914.8933683592462,912.6650006685603,1.5713149999964369,327.95951144953426,912.6650006685602,1.5214234611631516,316.57630877748613,1.5212739058528104,327.95951144953426,1.5207950020591041,172.199368153355,311.1550859971932,172.19936815377105,1.4256876261673455,259.75065918891835,1.4245655210222594,311.1550859971932,259.75065918891835,297.61701389119946,1.4243381942656839,1.411445000876841,308.8463060413178,1.3613750084000267,68.41808430958179,232.11054203179702,68.41808431056364,1.2665987751642245,165.00008917102218,232.11054203179702,165.00008917102218,192.57439213147342,1.2661566904678714,1.2516149952851363,230.92636778570085,1.2009150105762938,102.84748006460403,0.029181467090356253,0.009802438136692052,123.02533511136508,163.7339318032577,21.881853463167744,600.3165835773361,1.622145702945045,1219.413123249174,1.6221724285550911,277.3847809412383,108.38933605128466,1.5719555969783254,898.7264228396643,893.870322733336,1.5712990617337639,272.92798276608426,894.6629507112709,1.5208407146467038,149.9654656716922,1.5208202589013071,272.45177966091654,1.5202323536336118,122.5579378584939,244.319838747221,123.72882045823619,1.4198726755783526,238.68473294289777,1.419160246036247,242.4249174910827,239.23158042818835,287.25231116804855,1.41913994812481,1.4114133795407275,238.9350419744976,1.3608970771373274,48.499810288076254,160.92808094002362,49.079074145948006,1.2598821826224935,178.24346964422634,162.44943775493655,177.55814236920804,228.1917603206157,1.2595470384375125,1.251602788627607,159.23420777637392,1.2005612632748883,130.8654722830428,0.010982113938996509,0.0008992849784094455
149.20268785494375,190.00000000000009,25.507272606890645,599.9999587739125,1.622168383219285,1219.5064057302998,1.6221950000000058,331.6295639432086,126.93123822622286,1.5722671123012533,914.8933683592272,912.665000668538,1.5713149999965412,327.9595114494998,912.665000668538,1.5214234611285973,316.5763087773949,1.5212739058182532,327.9595114494998,1.5207950020245424,172.19958105208974,311.15501455957565,172.1995810525005,1.4256876286135571,259.7508859189584,1.424565523289754,311.15501455957565,259.7508859189584,297.6172948148162,1.42433819650887,1.4114450008653814,308.84623155006045,1.361375008445337,68.41870274139836,232.1104112781315,68.41870274237763,1.2665987625343917,165.00008897123803,232.1104112781315,165.00008897123803,192.5744394292187,1.266156677889695,1.251614995336607,230.92623566486827,1.2009150091466516,102.84749421580813,0.029181365385737196,0.009802384302255402,123.02531515056033,163.7340479873329,21.881869825475093,600.3165866187811,1.6221457021961818,1219.4131280248582,1.6221724278513556,277.38473967816793,108.38942771694227,1.5719555970061072,898.7264942832566,893.8703895245271,1.571299061901994,272.92794290007765,894.6630442189411,1.5208407159920467,149.96544799020126,1.5208202603108958,272.4517462361424,1.5202323550985797,122.55794166278058,244.31979938340672,123.72882162878592,1.4198726740512977,238.68475569619886,1.419160244360603,242.42488398996414,239.23160184306,287.2523336910794,1.4191399468873507,1.4114133795242072,238.93500995102713,1.3608970780585843,48.49981399201205,160.9280637850185,49.07907538059326,1.2598821816414458,178.2434869878232,162.44942261816735,177.55815754485528,228.19177599720368,1.2595470380538496,1.251602788884368,159.23419534833783,1.200561264474926,130.86549010871283,0.010982105241430958,0.0008992884331312679
149.20268785494608,189.9999999999999,25.50727260688404,599.9999587739126,1.6221683832192837,1219.5064057301654,1.6221950000000045,331.62956394321236,126.93123822621473,1.5722671123013292,914.8933683592275,912.665000668537,1.5713149999966172,327.95951144950357,912.6650006685372,1.521423461094834,316.5763087774018,1.5212739057844862,327.95951144950357,1.5207950019907719,172.19979042194637,311.1549443053899,172.19979042235008,1.4256876310173614,259.75110889104224,1.424565525517806,311.1549443053899,259.75110889104224,297.61757108230665,1.4243381987130164,1.4114450008522672,308.8461582928454,1.3613750085052758,68.41931999291668,232.11028139534972,68.41931999389467,1.266598750023034,165.00008876496014,232.11028139534972,165.00008876496014,192.57448712166195,1.266156665427483,1.2516149953914995,230.92610439308652,1.2009150078222541,102.84750247536141,0.02918126654414905,0.00980233192089735,123.02529644219821,163.73416922288965,21.88188618778244,600.3165896997253,1.6221457014612122,1219.4131326377353,1.6221724271696116,277.3846959568721,108.38950755477308,1.5719555970116634,898.7265597732162,893.8704563157182,1.571299062057115,272.9279009450226,894.6631310474919,1.520840717287562,149.96541262721937,1.5208202616462956,272.45170863327155,1.520232356514715,122.55794575970468,244.31976001959242,123.7288239698854,1.4198726725242428,238.68477911871474,1.4191602426325955,242.42484713873375,239.23162459636112,287.2523607187165,1.4191399457014524,1.4114133794801529,238.93497455666503,1.3608970791253026,48.49981707862521,160.92804562089543,49.079077849883774,1.2598821807258012,178.24349937610668,162.4494079859571,177.55816559723957,228.1917898649546,1.2595470372865238,1.2516027891166064,159.2341849087875,1.2005612655843947,130.86550793438283,0.010982097822924603,0.0008992916544378966
149.20268785494795,189.9999999999999,25.50727260687795,599.9999587739126,1.622168383219283,1219.5064057300415,1.622195000000004,331.6295639432151,126.9312382262084,1.5722671123013952,914.893368359228,912.6650006685381,1.571314999996683,327.9595114495063,912.6650006685384,1.521423461061744,316.5763087774076,1.521273905751393,327.9595114495063,1.5207950019576748,172.19999632143816,311.15487521530474,172.19999632183493,1.4256876333804707,259.75132816740387,1.4245655277080767,311.15487521530474,259.75132816740387,297.6178427705734,1.4243382008797782,1.411445000838532,308.84608624951534,1.361375008569668,68.4199360668326,232.11015241980704,68.41993606781035,1.2665987376336605,165.00008855700634,232.11015241980704,165.00008855700634,192.5745352238128,1.266156653084557,1.2516149954467268,230.92597400596446,1.2009150065895338,102.84750507532956,0.029181170389457903,0.00980228088010135,123.02527765555844,163.73428035548332,21.88190255008979,600.3165926621718,1.622145700720685,1219.4131373591504,1.6221724264823698,277.38465820555246,108.38959034956059,1.5719555970838959,898.7266222863593,893.870526446469,1.5712990622362693,272.92786160127804,894.6632178760428,1.5208407187823874,149.9653949457284,1.5208202629816954,272.4516752084974,1.5202323579308505,122.55794868607904,244.31972233083403,123.7288239698854,1.4198726712799759,238.68479986437163,1.4191602409045878,242.4248136376152,239.23164467280327,287.2523854940505,1.4191399442577501,1.4114133794746462,238.93494253319454,1.3608970801435336,48.49982078256102,160.9280304841262,49.07907908452903,1.259882180006366,178.24351424204684,162.44939234462888,177.55817519815923,228.19180674743393,1.259547036966805,1.2516027893892343,159.23417397211577,1.2005612668523589,130.86552873099785,0.010982089636992376,0.0008992949224419194
149.20268785494898,189.99999999999977,25.507272606872483,599.9999587739126,1.6221683832192828,1219.5064057299296,1.6221950000000038,331.6295639432164,126.93123822620143,1.5722671123014522,914.8933683592279,912.665000668538,1.5713149999967404,327.95951144950754,912.6650006685378,1.521423461029248,316.5763087774095,1.521273905718894,327.95951144950754,1.5207950019251717,172.20019880808923,311.1548072701994,172.20019880847968,1.4256876357040031,259.7515438092574,1.4245655298616366,311.1548072701994,259.7515438092574,297.61810995534825,1.424338203010219,1.4114450008246275,308.8460154001328,1.3613750086338237,68.42055096561717,232.11002434832437,68.42055096659345,1.266598725365361,165.00008834957544,232.11002434832437,165.00008834957544,192.57458374544052,1.2661566408599962,1.2516149955009017,230.92584449995158,1.2009150054394189,102.84750284062584,0.029181076773878104,0.009802231085141054,123.02525745992068,163.734391488077,21.88191891239714,600.3165957036167,1.6221456999898836,1219.413141999162,1.6221724258116217,277.38461711806957,108.3896701873914,1.5719555970838959,898.726687776319,893.87059323766,1.5712990623957601,272.9278208648346,894.6633047045937,1.5208407200779028,149.965368423492,1.5208202642181765,272.4516417837233,1.5202323592004894,122.55795278300316,244.31968547960363,123.72882689625973,1.4198726698094786,238.68482261767275,1.4191602394383995,242.42478181155255,239.2316674261044,287.2524102693844,1.4191399431749736,1.4114133794250852,238.9349121951699,1.3608970812102519,48.49982386917418,160.92801534735696,49.07908155381954,1.2598821790907213,178.24353158564372,162.44937720785964,177.5581888252711,228.19182483580468,1.2595470363273669,1.2516027896041633,159.234163035444,1.2005612678712587,130.86554358572286,0.010982082218496562,0.0008992981904578188
