air,second_air2,COG,burner_input_T_PV,burner_inputP,burner_output_T_PV,burner_output_P_PV,fur_F,fur_inputT,fur_inputP,fur_temp,fur_outputT,fur_outputP_PV,WHB_F,WHB_inputT,WHB_inputP,WHB_outputT,WHB_outputP,SEP1_F,SEP1_P_PV,SEP1_T,HEATER1_F,HEATER1_input_T,HEATER1_input_P,HEATER1_output_T_PV,HEATER1_output_P,cat1_F,cat1_input_temp,cat1_output_temp,cat1_input_P,cat1_output_P_PV,SEP2_F,SEP2_P_PV,SEP2_T,HEATER2_F,HEATER2_input_T,HEATER2_input_P,HEATER2_output_T_PV,cat2_F,cat2_input_temp,cat2_output_temp,cat2_input_P,cat2_output_P_PV,SEP3_F,SEP3_P_PV,SEP3_T,B35_H2S,B35_SO2,air_pred,second_air2_pred,COG_pred,burner_input_T_PV_pred,burner_inputP_pred,burner_output_T_PV_pred,burner_output_P_PV_pred,fur_F_pred,fur_inputT_pred,fur_inputP_pred,fur_temp_pred,fur_outputT_pred,fur_outputP_PV_pred,WHB_F_pred,WHB_inputT_pred,WHB_inputP_pred,WHB_outputT_pred,WHB_outputP_pred,SEP1_F_pred,SEP1_P_PV_pred,SEP1_T_pred,HEATER1_F_pred,HEATER1_input_T_pred,HEATER1_input_P_pred,HEATER1_output_T_PV_pred,HEATER1_output_P_pred,cat1_F_pred,cat1_input_temp_pred,cat1_output_temp_pred,cat1_input_P_pred,cat1_output_P_PV_pred,SEP2_F_pred,SEP2_P_PV_pred,SEP2_T_pred,HEATER2_F_pred,HEATER2_input_T_pred,HEATER2_input_P_pred,HEATER2_output_T_PV_pred,cat2_F_pred,cat2_input_temp_pred,cat2_output_temp_pred,cat2_input_P_pred,cat2_output_P_PV_pred,SEP3_F_pred,SEP3_P_PV_pred,SEP3_T_pred,B35_H2S_pred,B35_SO2_pred
123.31203309903142,179.99999859879392,24.158891416309103,599.9999647274936,1.6221710839957266,1219.5064128594404,1.6221949712801473,275.5849472415367,132.96896258226568,1.5719757941709,920.6123062753322,919.503986051716,1.5713149520234633,272.48636263322686,919.5039860517136,1.5212960205542612,189.4666677226901,1.521192229409079,272.48636263322686,1.5207953927390205,113.23555571681854,250.41892173108644,113.23555571682184,1.4200607399217233,223.84916410865924,1.4194262163915443,250.41892173108644,223.84916410865924,263.3899715765784,1.4192880852193663,1.4114450237839917,248.50990227645366,1.361375220060101,41.75769511909149,162.51670749683097,41.7576951190926,1.2597800169034463,149.99976002370494,162.51670749683097,149.99976002370494,212.13742080472153,1.2595590169450652,1.2516150202497656,160.65063501584024,1.2009150879946755,89.00399334573444,0.009869786293438602,0.0004602741784472999,123.4326487225974,183.75006688536166,24.56527242258311,599.9284147309876,1.6221785860872147,1219.390529869492,1.6222054004325512,275.40676902668804,131.5664995755067,1.5719757709727415,919.9475488676596,919.0617354217104,1.571308390258058,272.7526527386285,919.2710641501033,1.5212858400906388,188.68707954442974,1.5211765587285893,273.0232555652081,1.5207824232276315,113.47228715778652,251.59652572494977,113.4628501419053,1.4201494072605267,223.91466303024316,1.4194583448619402,250.87384594620787,223.71848105793543,263.44158142898567,1.4193413318563413,1.4114464014435175,249.53581928539737,1.3613600900949303,40.90472353616602,162.50214544615724,40.810297101869665,1.2598181780046527,150.22990190715967,162.51152172138967,150.34599096790885,214.2296958941413,1.2595999933333455,1.2516129753230625,160.38413231323565,1.2008712459577489,89.54591073102108,0.008509834280693459,0.0006652543640706346
123.31206527639503,179.99999989777257,24.15889013003015,599.9999572356019,1.6221711154717755,1219.5064013312506,1.6221950027574459,275.58494016381024,132.96896369748885,1.5719758335552925,920.6125114320196,919.5042606525457,1.5713149916080476,272.4863448871988,919.5042606525458,1.521295672354681,189.46691247636483,1.5211918811782978,272.4863448871988,1.5207950444501595,113.2336546092951,250.42051356875314,113.23365460929725,1.4200607499600664,223.846641909844,1.4194262231735475,250.42051356875314,223.846641909844,263.38589025332175,1.4192880913136832,1.411445005125938,248.51156132903404,1.3613749883299469,41.75637333254265,162.51657309517202,41.75637333254757,1.2597800635705545,149.99988606355743,162.51657309517202,149.99988606355743,212.14032406367568,1.2595590637789327,1.25161502365028,160.6504120882504,1.200914884424492,89.00013556210872,0.0098695759385279,0.00046023168724400006,123.4330548674708,183.75180101616027,24.565652483173057,599.9281669840806,1.6221786091859065,1219.3903958122432,1.6222054216815942,275.4071658490811,131.57104561096352,1.5719757786364752,919.9515995172228,919.0670516708731,1.5713084010837381,272.7530060619909,919.2767157131841,1.5212860189508064,188.69486905437702,1.5211767354751444,273.0240375783643,1.5207825314189154,113.47112747476041,251.59940376553857,113.46169564891231,1.4201495897140226,223.91238367941645,1.4194585163429678,250.87604697403242,223.71632311810342,263.4390086497648,1.419341500154481,1.4114464206648392,249.5383532539764,1.3613602276606516,40.89959858986078,162.49966751748207,40.805351265157924,1.2598181006745095,150.23044841292327,162.5092258218519,150.34697416753022,214.22995056419063,1.2595999307831842,1.2516129903595303,160.382245733521,1.200871322374391,89.54635770074228,0.008510030724769357,0.0006643952333473932
123.31206116333115,180.00000008392232,24.15889032526163,599.9999588151503,1.6221711128047935,1219.5064059428087,1.6221950000906364,275.58493075438514,132.96896567794164,1.5719758411280038,920.6125149525626,919.5042652075402,1.5713149992269775,272.48633556634974,919.504265207541,1.5212956623496807,189.46688979137127,1.521191871179347,272.48633556634974,1.5207950344619712,113.23172869289868,250.42197518001538,113.23172869290073,1.4200607750979652,223.84414901355498,1.4194262455782811,250.42197518001538,223.84414901355498,263.3818288720795,1.4192881131276631,1.4114450077092604,248.51309072264138,1.3613749846300283,41.75507604362491,162.51644554686894,41.75507604362987,1.2597801239076625,149.99988673276505,162.51644554686894,149.99988673276505,212.14309324795755,1.2595591241987019,1.2516150263871744,160.65020027334083,1.2009148873383455,88.9963023606418,0.009869386576867353,0.00046018808737445006,123.4334069269455,183.7544791080664,24.566212911500607,599.9279159773458,1.62217864321356,1219.3902707298416,1.6222054533801602,275.4075842909719,131.57511911116214,1.5719757727106245,919.9551935368121,919.0719045772189,1.5713083959603316,272.75348107793985,919.281897836829,1.5212860668113202,188.70188832043445,1.5211767888768348,273.0247539051811,1.5207825120411915,113.46998393848952,251.6023007406049,113.46054576927793,1.4201497415228013,223.91014104962628,1.419458652338841,250.8785105599458,223.71410430736398,263.4360707164901,1.4193416416620939,1.4114464160722306,249.541145574692,1.361360269122432,40.894608928418975,162.49740863222573,40.800535632186495,1.2598180507734342,150.23139075230063,162.5070191622255,150.34828680286887,214.2307595161121,1.2595998733378397,1.251612992515746,160.3804465648336,1.2008713246645328,89.54668719765215,0.00851029271665021,0.000663541334753866
123.31206099873765,180.0000000020646,24.158890306911346,599.9999587792436,1.6221711127229343,1219.5064057651728,1.622195000008752,275.58493038946835,132.96896570725517,1.5719758414052722,920.612515010673,919.5042652774277,1.571314999506074,272.48633520716066,919.5042652774276,1.5212956560401945,189.4668887979022,1.5211918648696985,272.48633520716066,1.5207950281523845,113.22978454484779,250.4233319089061,113.22978454484925,1.42006079046616,223.84168404816145,1.4194262586710182,250.4233319089061,223.84168404816145,263.377834938826,1.4192881257150507,1.4114450055118015,248.51451416526214,1.3613749849127903,41.7538010400386,162.51632553719105,41.753801040046156,1.2597801815040501,149.9998886083145,162.51632553719105,149.9998886083145,212.14586240692398,1.2595591818621776,1.251615026284642,160.64999591833697,1.2009148880059926,88.99249354332215,0.009869209546973654,0.00046014424212959996,123.43373756953349,183.757093562145,24.566757593438364,599.9276718806019,1.6221786762582302,1219.3901550427568,1.6222054840875335,275.40796123737516,131.5789240204729,1.5719757690891185,919.9585553585066,919.0764805230086,1.5713083934979861,272.7539346593992,919.2867794843969,1.5212861092690233,188.70845660311284,1.5211768373564845,273.0254370431106,1.5207824896050997,113.46884789892641,251.60519939873595,113.45940223301164,1.4201498906151508,223.90791297592267,1.4194587856111303,250.88103052852566,223.71190005271112,263.43304559914674,1.4193417817773215,1.4114464121396049,249.54394255421664,1.3613603089516695,40.88969548380163,162.4951761133068,40.7957930403377,1.2598180066886433,150.23236118309575,162.50484698165573,150.3495968844423,214.23172077071013,1.259599821191166,1.2516129965429639,160.37865388953682,1.2008713272465554,89.54685051351181,0.008510586840335881,0.0006626995014335017
123.3120609219402,180.00000000021896,24.15889030584728,599.9999587740363,1.6221711127205487,1219.5064057406958,1.6221950000063652,275.58493022489,132.96896573476278,1.571975841530193,920.6125150400401,919.5042653110086,1.57131499963182,272.48633504437333,919.5042653110083,1.5212956512935123,189.46688835032148,1.5211918601228138,272.48633504437333,1.5207950234054073,113.22782694136319,250.42460077367724,113.22782694136646,1.4200608022841643,223.83924468843827,1.4194262686014238,250.42460077367724,223.83924468843827,263.37391740568205,1.4192881352126516,1.4114450038608057,248.5158478878463,1.3613749851854866,41.75254664417615,162.51620792188788,41.75254664418514,1.259780238554725,149.99989041862574,162.51620792188788,149.99989041862574,212.14862073030014,1.2595592389782904,1.2516150261096342,160.64979426034122,1.2009148888562153,88.9887088894973,0.0098690382018612,0.00046010068482524996,123.43404392413038,183.75950649643664,24.567275792811472,599.9274384811567,1.6221787078326746,1219.3900529411835,1.6222055133137179,275.4083193538933,131.58245879969303,1.5719757659378308,919.961677993072,919.0807481542172,1.5713083920292186,272.75435989201725,919.2913406241496,1.5212861508385933,188.714609623868,1.5211768839199669,273.0261018580087,1.5207824677734283,113.46769340592877,251.60805261412082,113.45824197332038,1.420150035321599,223.90570508224815,1.4194589141171479,250.88351767734443,223.70971266988585,263.4300136882396,1.4193419156268148,1.4114464081142544,249.5466776986397,1.3613603473644365,40.88485571544794,162.4929704677703,40.791118090919845,1.259817962075099,150.23331884506462,162.50271130832246,150.3508916434242,214.2327993732721,1.25959977130612,1.2516130009580724,160.37687569949597,1.2008713301765896,89.54695652556107,0.00851089825852587,0.0006618702928885401
123.31206086832104,180.00000000015442,24.15889030578232,599.999958773938,1.6221711127186285,1219.5064057387244,1.622195000004445,275.58493011012877,132.96896575509476,1.5719758416173468,920.6125150609578,919.5042653350189,1.5713149997195492,272.48633493084833,919.5042653350187,1.5212956477006898,189.46688803888568,1.521191856529831,272.48633493084833,1.520795019812342,113.22585958232425,250.42580181795194,113.22585958232916,1.4200608115717075,223.836825600652,1.4194262762940277,250.42580181795194,223.836825600652,263.3700689823262,1.4192881425270678,1.411445002670641,248.5171118717165,1.3613749853864188,41.75131157507714,162.51609195258084,41.75131157508674,1.259780294935371,149.99989214623415,162.51609195258084,149.99989214623415,212.1513618670158,1.2595592954243122,1.2516150258704366,160.64959476004367,1.2009148898521391,88.98494811294105,0.009868868611505148,0.00046005779270930016,123.4343310345682,183.76162245420008,24.567749615995172,599.9272154941709,1.6221787378575745,1219.3899630187245,1.6222055410783127,275.40865829182485,131.58567111592748,1.5719757629047852,919.9645195051025,919.0846482465748,1.5713083915194699,272.75475815866446,919.2955098385845,1.5212861918900857,188.7202871027433,1.5211769293998656,273.0267573385322,1.520782446413205,113.46650258273189,251.61084103151583,113.4570442300904,1.4201501731520858,223.90350942891916,1.4194590357094528,250.88594507736735,223.70753388838443,263.426997062851,1.419342042514381,1.4114464039252717,249.54933237272516,1.3613603844567645,40.880075015133215,162.4907769913126,40.7864993514094,1.2598179152804483,150.23427906079874,162.50059439565237,150.35217874111038,214.23402278821501,1.2595997228426685,1.2516130053902936,160.37508652064028,1.2008713328821004,89.54699090784732,0.008511221805431839,0.0006610550806521971
123.31206083024829,180.00000000009814,24.158890305743107,599.9999587739305,1.6221711127173855,1219.5064057376353,1.622195000003202,275.58493002864395,132.9689657695448,1.571975841679227,920.612515075806,919.5042653520416,1.5713149997818379,272.4863348502319,919.5042653520416,1.521295644919554,189.46688781769757,1.5211918537485656,272.4863348502319,1.520795017031003,113.2238853970342,250.42694941564002,113.22388539703769,1.420060818917662,223.83442321666035,1.419426282270301,250.42694941564002,223.83442321666035,263.3662808124651,1.4192881481671287,1.4114450017846942,248.5183206433835,1.3613749855525454,41.75009482545052,162.51597722852927,41.750094825462774,1.2597803506144807,149.99989379483543,162.51597722852927,149.99989379483543,212.15408162892862,1.2595593511694836,1.251615025598646,160.64939715289523,1.20091489094904,88.9812108865566,0.0098686985415748,0.0004600158231369502,123.43460153915908,183.76352628587193,24.568180136606948,599.9270020123787,1.6221787663697567,1219.3898836224996,1.622205567456918,275.4089923479343,131.5885825180154,1.5719757599899817,919.9670783414351,919.0881825419716,1.5713083919341808,272.75514363376135,919.2992923533726,1.5212862324975112,188.72550690046666,1.521176973483962,273.0274200791248,1.5207824252826614,113.46526908596768,251.61356885858268,113.45580496663288,1.4201503038519458,223.90132138445358,1.419459150937999,250.88831399089293,223.70535576852333,263.42399402459,1.4193421632909224,1.4114463996108377,249.5519120823382,1.361360420828853,40.87535115986674,162.48860075438324,40.78193491638577,1.2598178659081263,150.23521629264562,162.49850030000505,150.35344540867453,214.23535606082632,1.2595996768993167,1.2516130097996978,160.37329434483507,1.2008713350824327,89.54695079518004,0.008511553892918404,0.0006602550179155483
123.31206080213498,180.00000000006463,24.158890305708233,599.9999587739251,1.6221711127165772,1219.5064057367174,1.6221950000023937,275.5849299684774,132.96896578020983,1.5719758417249163,920.612515086761,919.5042653645884,1.571314999827829,272.486334790697,919.5042653645883,1.5212956427318107,189.4668876543248,1.521191851560718,272.486334790697,1.5207950148430927,113.22190672542273,250.42805416447763,113.22190672542722,1.4200608247463888,223.8320351057034,1.4194262869058876,250.42805416447763,223.8320351057034,263.3625445924056,1.4192881524993806,1.4114450011088326,248.51948501204348,1.3613749857094921,41.748895580402625,162.51586361783248,41.74889558041545,1.259780405589285,149.9998953682724,162.51586361783248,149.9998953682724,212.1567772905964,1.2595594062110969,1.2516150253139202,160.64920139385862,1.2009148921246595,88.9774968575241,0.009868526741772196,0.00045997494882905004,123.43485652426683,183.76520738514765,24.56857343847922,599.9267973606052,1.6221787934966971,1219.3898135925936,1.6222055925139331,275.4093138507871,131.5912468780546,1.5719757572346675,919.969415852015,919.0914207160192,1.5713083931091947,272.7555094029564,919.3027656826324,1.521286272981585,188.7303516229045,1.5211770169007668,273.02807867110647,1.5207824047565384,113.46400156568356,251.61622683846565,113.45452994964612,1.4201504285247286,223.89913929475068,1.4194592599861053,250.89062652175198,223.7031789719428,263.42100259200043,1.4193422782142884,1.4114463952364051,249.5544189451193,1.361360456840822,40.87069208890106,162.48645189788124,40.777433042671525,1.259817815610486,150.23613309437047,162.4964366270548,150.35470441494294,214.2367917008104,1.2595996336053,1.2516130143288917,160.3715081629289,1.2008713376083242,89.54685910908337,0.008511893809143908,0.0006594707585201251
123.31206078076153,180.00000000004508,24.15889030567709,599.9999587739223,1.6221711127160183,1219.5064057359202,1.622195000001835,275.58492992273636,132.9689657883139,1.571975841759651,920.6125150950903,919.5042653741328,1.571314999862793,272.48633474543215,919.5042653741331,1.5212956409922178,189.46688753011728,1.5211918498210402,272.48633474543215,1.520795013103362,113.21992544752973,250.42912414927662,113.21992544753576,1.4200608293767631,223.82965952615365,1.4194262904831643,250.42912414927662,223.82965952615365,263.358853075124,1.419288155799407,1.411445000584663,248.52061327516537,1.3613749858714788,41.74771316691275,162.51575113699172,41.74771316692703,1.259780459873098,149.99989687243556,162.51575113699172,149.99989687243556,212.1594471482979,1.2595594605621563,1.2516150250276914,160.6490075525257,1.2009148933602547,88.9738056577564,0.00986835251389165,0.0004599352840936002,123.4350997145674,183.76672938985467,24.56893882629686,599.9266007581797,1.6221788193460427,1219.3897523200505,1.6222056163893568,275.40962070817363,131.59370267611502,1.571975754630593,919.971568536177,919.0944150254264,1.5713083948457962,272.75586307203633,919.3059812121277,1.5212863131449441,188.7348860151954,1.5211770594604996,273.02872654584326,1.520782384593068,113.4626994452097,251.61882843568208,113.45322206247924,1.4201505475382836,223.89696249817018,1.4194593634822907,250.8928780415167,223.7009995288011,263.4180173868444,1.419342388625294,1.4114463908565182,249.55686439632692,1.361360492876799,40.86609494410526,162.48432535135709,40.772987061294586,1.2598177649162812,150.23701669714708,162.4943942499925,150.35593022226308,214.2382897599242,1.2595995920559677,1.2516130190406225,160.3697254774638,1.2008713409088227,89.54669865841421,0.008512240460281487,0.0006587007666400469
123.3120607641954,180.0000000000336,24.158890305649013,599.9999587739197,1.6221711127156122,1219.5064057352174,1.6221950000014287,275.58492988728426,132.96896579459047,1.5719758417865717,920.6125151015412,919.5042653815219,1.5713149998898917,272.4863347103526,919.5042653815224,1.5212956395985004,189.4668874338488,1.5211918484272533,272.4863347103526,1.5207950117095321,113.2179430795682,250.43016567516918,113.21794307957313,1.4200608330535474,223.82729518267536,1.419426293218871,250.43016567516918,223.82729518267536,263.35520012179506,1.4192881582787469,1.4114450001735797,248.52171193124298,1.3613749860463908,41.746547020130635,162.51563988302553,41.7465470201462,1.2597805134893465,149.99989831358425,162.51563988302553,149.99989831358425,212.16209021893667,1.2595595142455895,1.2516150247470184,160.64881575548236,1.2009148946393666,88.97013691129848,0.009868175474836701,0.00045989690259545004,123.43532567824171,183.76809760314532,24.569282383892293,599.9264131440171,1.6221788438328089,1219.3897010662788,1.6222056389207904,275.4099087356751,131.59596068661617,1.5719757521915072,919.9735426065737,919.0971898566571,1.5713083970403077,272.756194960909,919.3089641992677,1.5212863532836327,188.7391078447484,1.5211771014631361,273.0293540232432,1.5207823652636976,113.46136387788574,251.6213597649485,113.4518807284624,1.4201506613453494,223.89478768651054,1.4194594618979446,250.8950630802269,223.69881942401912,263.4150358615354,1.419342493776177,1.411446386563902,249.55923954187114,1.3613605295129754,40.86156004304944,162.4822216218557,40.768596972254954,1.259817714618641,150.23787220850593,162.49237621108782,150.35711261557398,214.2398427478722,1.259599551734376,1.2516130240033414,160.36794728742296,1.2008713447930828,89.54646944317258,0.008512590919175441,0.0006579457697408285
123.3120607511847,180.0000000000249,24.158890305623352,599.9999587739181,1.62217111271531,1219.5064057345917,1.6221950000011263,275.58492985944076,132.96896579951584,1.5719758418077148,920.6125151066051,919.5042653873211,1.5713149999111742,272.48633468279564,919.5042653873212,1.5212956384755891,189.46688735821982,1.5211918473042862,272.48633468279564,1.5207950105865287,113.21596084730501,250.43118372727753,113.21596084731108,1.4200608359672369,223.8249410870421,1.4194262952816366,250.43118372727753,223.8249410870421,263.3515806053108,1.41928816010198,1.41144499984868,248.52278613375216,1.3613749862387237,41.74539665941221,162.51552999812438,41.74539665942899,1.2597805664678106,149.99989969753233,162.51552999812438,149.99989969753233,212.16470603152015,1.2595595672905784,1.2516150244764406,160.64862615793427,1.2009148959483225,88.96649023962297,0.00986799543412565,0.00045985984896449984,123.43552937145773,183.76935975339018,24.569604111265516,599.9262337585459,1.6221788671354627,1219.3896590918318,1.6222056603014325,275.41017374887264,131.59800320872594,1.5719757499916556,919.9753240847366,919.0997208232474,1.571308399727288,272.756512675361,919.3116832900273,1.521286391522703,188.74297245974373,1.5211771415128732,273.02995937471815,1.5207823452573765,113.45998736700395,251.62381535630465,113.45050133423702,1.4201507682481578,223.89261849879347,1.419459553661769,250.897180375584,223.6966406425177,263.41206396044174,1.419342593177024,1.411446382331284,249.56152998179684,1.3613605652608565,40.85707690592024,162.48012600507354,40.76425388358988,1.2598176630652123,150.2386970746818,162.49036831308217,150.35824904111038,214.24144567112398,1.2595995113481664,1.2516130291086671,160.36615760907569,1.2008713478690576,89.54611415954804,0.008512942920201367,0.0006572056479016304
123.31206074087615,180.0000000000195,24.15889030560009,599.9999587739169,1.6221711127150777,1219.506405734031,1.6221950000008944,275.5849298373804,132.96896580341516,1.5719758418244658,920.6125151106195,919.5042653919203,1.5713149999280362,272.48633466096675,919.5042653919209,1.521295637566798,189.46688729831652,1.5211918463954492,272.48633466096675,1.520795009677662,113.21397974322119,250.43218228233053,113.21397974322673,1.4200608382675484,223.82259647169127,1.4194262968039266,250.43218228233053,223.82259647169127,263.3479902739931,1.419288161398382,1.4114449995904428,248.5238400028773,1.3613749864508686,41.74426167054307,162.515421649469,41.744261670560476,1.2597806188419538,149.99990102953345,162.515421649469,149.99990102953345,212.1672944801837,1.2595596197299466,1.2516150242187876,160.64843892838627,1.200914897276141,88.962865265433,0.009867812331689402,0.0004598241463452002,123.43571568285265,183.77055296265527,24.569905082034012,599.9260621797819,1.6221788892341744,1219.3896255557713,1.6222056805200833,275.4104283010228,131.5998487128779,1.5719757481135321,919.9769176301552,919.1020166346485,1.5713084028289794,272.7568200182858,919.3141498066932,1.5212864293423771,188.74652227941016,1.5211771803810759,273.03055228036044,1.5207823258433875,113.45857740927205,251.6261939474521,113.44908849316167,1.4201508689258158,223.89045592747937,1.419459639768919,250.8992248783941,223.69446516921778,263.40911385536526,1.4193426878592315,1.4114463783386597,249.5637391043287,1.3613606012488175,40.852649025988775,162.4780455996399,40.75996192371064,1.2598176112474069,150.23951683332714,162.48837866869474,150.35937014405528,214.24312849086184,1.2595994725127875,1.2516130344935021,160.3643614373378,1.2008713507654132,89.54567865058891,0.008513289384899692,0.0006564820406184403
123.31206073264997,180.00000000001498,24.158890305578716,599.9999587739165,1.6221711127148994,1219.5064057335276,1.622195000000716,275.584929819776,132.96896580652287,1.5719758418378336,920.6125151138199,919.5042653955672,1.571314999941492,272.4863346435405,919.5042653955667,1.521295636828579,189.46688725046505,1.5211918456571931,272.4863346435405,1.5207950089393814,113.21200057166263,250.43316453243622,113.21200057167026,1.420060840073132,223.82026073232043,1.4194262978906713,250.43316453243622,223.82026073232043,263.34442561538924,1.4192881622703513,1.4114449993843625,248.52487685143706,1.3613749866839833,41.74314169220291,162.51531501743477,41.74314169222162,1.2597806706473214,149.99990231419355,162.51531501743477,149.99990231419355,212.169855718794,1.2595596715985837,1.251615023975787,160.6482542402801,1.2009148986142657,88.95926161538017,0.009867626204727146,0.00045978980141410023,123.43588818190759,183.77171965615892,24.570186369815275,599.9258983655265,1.6221789101006159,1219.3895997911454,1.6222056996243424,275.4106636745864,131.60151951751254,1.5719757463756492,919.9783488700219,919.1041016773247,1.571308406319462,272.7571124953549,919.3163916195103,1.5212864665699624,188.74976846670262,1.5211772183309875,273.03112859155914,1.5207823068404043,113.4571322746806,251.62849048919676,113.4476445119157,1.4201509632085465,223.88830427323018,1.419459720036077,250.90119364329394,223.69229234247908,263.40619120760914,1.4193427775133807,1.4114463745369399,249.5658643682982,1.3613606371647546,40.84827640325505,162.47597330692548,40.75571982233684,1.2598175592974132,150.240341699503,162.48640727792557,150.36047081687818,214.24488122002498,1.2595994342589698,1.251613039849816,160.36255827271776,1.2008713530892337,89.54515718591418,0.008513627995389824,0.0006557752815191361
123.31206072605445,180.00000000001134,24.158890305559463,599.9999587739163,1.6221711127147578,1219.506405733075,1.6221950000005743,275.58492980566143,132.96896580901154,1.571975841848551,920.6125151163878,919.5042653985131,1.5713149999522804,272.48633462957184,919.5042653985126,1.521295636226973,189.46688721213607,1.5211918450555566,272.48633462957184,1.5207950083377244,113.21002398474607,250.43413305118003,113.21002398475403,1.4200608414785973,223.81793338813657,1.4194262986255057,250.43413305118003,223.81793338813657,263.3408837337626,1.419288162799499,1.4114449992194569,248.52589935386504,1.3613749869384768,41.742036405492144,162.51521028784305,41.74203640551232,1.2597807219203863,149.99990355549335,162.51521028784305,149.99990355549335,212.17239008461615,1.2595597229323119,1.2516150237484305,160.6480722666945,1.2009148999561456,88.95567892197808,0.009867437167420948,0.0004597568078691999,123.43605618031242,183.77291286542402,24.5704551320592,599.9257404801488,1.6221789299359164,1219.3895788401694,1.6222057181462055,275.4109056734799,131.60309950918224,1.5719757444260307,919.9796667289768,919.1060525944487,1.571308410120978,272.7574277897839,919.3184818878713,1.521286504364966,188.75276460380474,1.5211772538382446,273.03171942289595,1.5207822882000737,113.45565542324854,251.63075210734954,113.44617746387665,1.4201510534166335,223.88614534093773,1.4194597964797422,250.90313926605455,223.69011819245975,263.40323289364306,1.4193428638928456,1.4114463709697593,249.5679311853909,1.3613606708719574,40.843962848560295,162.47393802849248,40.751531390309665,1.2598175100572793,150.24116911944412,162.48448253529187,150.36154084451806,214.2466938715527,1.2595993989775771,1.2516130448980989,160.36078457810117,1.2008713544251497,89.54457841742902,0.008513950678408362,0.0006550862652347492
123.31206072074457,180.00000000000938,24.15889030554195,599.999958773915,1.6221711127146452,1219.5064057326672,1.6221950000004615,275.5849297942981,132.9689658110139,1.5719758418571792,920.6125151184519,919.5042654008788,1.5713149999609655,272.48633461832753,919.5042654008787,1.5212956357352625,189.46688718127555,1.5211918445638206,272.48633461832753,1.5207950078459715,113.20805051114237,250.43508992071534,113.20805051115013,1.4200608425597212,223.8156140531214,1.419426299075385,250.43508992071534,223.8156140531214,263.33736224443226,1.4192881630511556,1.4114449990872369,248.52690967615558,1.3613749872140477,41.740945525686996,162.5151076460631,41.74094552570757,1.2597807726975452,149.99990475700815,162.5151076460631,149.99990475700815,212.17489804251767,1.2595597737668944,1.2516150235370813,160.64789317633347,1.2009149012967124,88.95211682493306,0.00986724539590385,0.00045972514901080025,123.436217970924,183.7740742557754,24.57070564280587,599.9255858124004,1.6221789492074887,1219.3895582226692,1.6222057363180715,275.41112988859305,131.60457329585904,1.5719757424131662,919.9808781962541,919.1078606765689,1.5713084141125695,272.75773824416683,919.3204267083921,1.5212865409264513,188.75556650549112,1.5211772874844316,273.0322978084001,1.5207822687377308,113.45415319834402,251.6329607089651,113.44469023239367,1.4201511391822268,223.88399037848703,1.4194598689689732,250.90503187227802,223.68794536572102,263.4002776933937,1.4193429472554755,1.41144636734258,249.56994717911246,1.3613607032347137,40.839708044334394,162.4719169473181,40.74739789790951,1.2598174620068399,150.24197866302848,162.48258568013046,150.36257767320967,214.2485364842627,1.2595993647946893,1.2516130496041253,160.35901887534996,1.200871354874197,89.54393661475243,0.008514264817185946,0.000654413044659835
123.31206071644912,180.0000000000069,24.15889030552576,599.9999587739153,1.622171112714559,1219.5064057323002,1.6221950000003753,275.5849297851054,132.96896581263002,1.5719758418641594,920.61251512012,919.5042654027909,1.5713149999679916,272.4863346092234,919.5042654027908,1.5212956353322973,189.4668871562858,1.521191844160835,272.4863346092234,1.5207950074429721,113.20608057920785,250.43603683005668,113.20608057921636,1.420060843377533,223.8133024149414,1.419426299294224,250.43603683005668,223.8133024149414,263.33385918470435,1.4192881630779262,1.4114449989811573,248.5279095767598,1.36137498751018,41.739868795738076,162.51500727394497,41.73986879576029,1.2597808230147582,149.9999059217787,162.51500727394497,149.9999059217787,212.1773801436511,1.2595598241376817,1.2516150233418164,160.64771713169722,1.2009149026322126,88.94857497202021,0.009867051115339353,0.00045969479977405,123.43636734594908,183.77523034297445,24.57094470163269,599.9254329802831,1.6221789680399763,1219.3895350968512,1.62220575414834,275.41133701732895,131.60593933834014,1.5719757405597912,919.9819964737409,919.1095485682591,1.5713084184843127,272.7580383270225,919.3222522094273,1.5212865776852995,188.75818086953478,1.5211773211367408,273.0328540679794,1.520782249299565,113.45262732997651,251.63510829948635,113.44318339413658,1.4201512209297686,223.8818417016192,1.4194599374513934,250.9068571559146,223.6857738622629,263.3973366464023,1.419343028065399,1.411446364037211,249.57191573768765,1.3613607359815973,40.83551516627837,162.46991766907664,40.74332347354764,1.2598174147495302,150.2427779915518,162.48071468426156,150.3635991793098,214.25041405168534,1.259599331257981,1.2516130541846577,160.35725866700616,1.2008713557049346,89.54324610383698,0.008514570741841587,0.0006537562728833738
123.31206071297453,180.00000000000517,24.158890305511306,599.9999587739148,1.6221711127144873,1219.5064057319687,1.6221950000003038,275.5849297776696,132.96896581393614,1.571975841869805,920.6125151214737,919.5042654043364,1.571314999973675,272.4863346018665,919.5042654043366,1.5212956350011222,189.46688713609106,1.521191843829643,272.4863346018665,1.5207950071117686,113.20411453569119,250.43697515221342,113.20411453570019,1.4200608439812266,223.81099821911073,1.41942629932546,250.43697515221342,223.81099821911073,263.3303729393232,1.4192881629221894,1.4114449988960112,248.52890048614256,1.3613749878259396,41.73880598107053,162.51490934647782,41.738805981093975,1.2597808729068434,149.9999070525838,162.51490934647782,149.9999070525838,212.17983699511308,1.2595598740789125,1.2516150231623204,160.64754428678802,1.2009149039596823,88.9450530196467,0.009866854588109455,0.00045966572841899987,123.43650244304969,183.7763970364781,24.57117409790214,599.9252800215706,1.62217898669683,1219.3895061279584,1.6222057719450085,275.41152705968767,131.60719686702416,1.5719757388769047,919.9830060298052,919.1111040762873,1.5713084232275676,272.7583228525873,919.3239488105803,1.5212866145428292,188.76059430038976,1.5211773546788547,273.0333830158702,1.520782230357024,113.45107032143824,251.63718225592817,113.44164772238817,1.4201512974991173,223.8797006336148,1.4194600015865548,250.90860838470562,223.68360335126522,263.3944185276887,1.4193431052138643,1.411446361070015,249.5738139905994,1.3613607681282816,40.83138103869121,162.46793106695893,40.73930525909318,1.2598173673600321,150.2435543361879,162.47886042087603,150.3645772714007,214.25230160616874,1.2595992976566546,1.2516130587138519,160.35549246476336,1.2008713568836842,89.54247536758695,0.008514864987912334,0.0006531147123815865
123.31206071015197,180.0000000000044,24.158890305498105,599.9999587739142,1.6221711127144307,1219.50640573167,1.622195000000247,275.5849297716291,132.9689658149951,1.5719758418743917,920.6125151225701,919.5042654055801,1.5713149999782918,272.4863345958895,919.5042654055801,1.5212956347282285,189.46688711967147,1.5211918435567349,272.4863345958895,1.5207950068388505,113.20215266086032,250.43790600558094,113.20215266087013,1.4200608444106837,223.8087012567791,1.4194262992043072,250.43790600558094,223.8087012567791,263.3269021787633,1.4192881626183,1.4114449988277273,248.52988357007953,1.3613749881602957,41.73775686546553,162.51481403049058,41.73775686548982,1.25978092240742,149.99990815183406,162.51481403049058,149.99990815183406,212.1822692371748,1.2595599236236612,1.2516150229981602,160.64737478652043,1.2009149052769486,88.94155063316171,0.009866656102959198,0.0004596378979869502,123.43662202066717,183.77752660791572,24.571390252889266,599.9251246364491,1.6221790055746423,1219.389468053728,1.6222057900468747,275.411715009837,131.60832279386915,1.5719757375569936,919.9838843435813,919.112499330409,1.5713084285583294,272.75859769806,919.3254877706611,1.521286652288492,188.76278223955524,1.52117738891887,273.0338815406143,1.52078221250244,113.44947813604038,251.63917037607175,113.44008033379927,1.4201513684375344,223.87756022725065,1.4194600601436071,250.91027125260135,223.68143350190783,263.39153890583657,1.4193431781078187,1.4114463585882608,249.57562669083646,1.36136080034699,40.82730121559148,162.46595916914478,40.73533944370495,1.259817318384275,150.24431280446726,162.47701984770418,150.36551961077805,214.25418916065215,1.2595992630860593,1.25161306320882,160.35371877014677,1.2008713583094097,89.54162727119288,0.00851515147630822,0.0006524877604842472
123.31206070785564,180.00000000000364,24.15889030548597,599.9999587739137,1.6221711127143863,1219.5064057314012,1.6221950000002026,275.5849297667146,132.9689658158551,1.571975841878123,920.6125151234618,919.5042654066146,1.5713149999820475,272.48633459102246,919.5042654066149,1.5212956345026898,189.46688710632506,1.5211918433311842,272.48633459102246,1.5207950066132918,113.20019518077474,250.43883030219018,113.2001951807855,1.4200608446982463,223.8064113555791,1.4194262989593152,250.43883030219018,223.8064113555791,263.3234458083498,1.4192881621941118,1.4114449987730682,248.5308597796581,1.3613749885121398,41.7367212477333,162.51472148323964,41.73672124775766,1.2597809715486266,149.9999092216574,162.51472148323964,149.9999092216574,212.18467752656204,1.259559972803555,1.25161502284878,160.6472087658077,1.2009149065823557,88.93806748699234,0.009866455965235697,0.00045961126757829997,123.43672809633433,183.7786773919625,24.571594240211553,599.9249666455753,1.6221790248575458,1219.3894209031575,1.622205808596738,275.4118980781642,131.60931634927374,1.5719757363828226,919.9846259789979,919.1137343306241,1.5713084342087642,272.75886666633386,919.326865605889,1.5212866895160773,188.76475138480416,1.5211774227364716,273.03436139660937,1.52078219499842,113.44784962044331,251.64108402060359,113.43847719168113,1.4201514338299086,223.87542213662758,1.4194601135677514,250.91185585798985,223.6792633217303,263.38869353486854,1.4193432467214773,1.4114463563301374,249.5773568030954,1.361360831605379,40.82327156856786,162.46400501790393,40.73142570981285,1.2598172688136702,150.2450610576856,162.47519549997077,150.36642875120717,214.25610168278746,1.2595992276108128,1.2516130676638586,160.35193958112276,1.2008713595667424,89.54069321908318,0.008515428805441767,0.0006518742241189695
123.31206070598923,180.00000000000267,24.158890305475243,599.9999587739137,1.6221711127143483,1219.506405731157,1.6221950000001644,275.5849297627201,132.9689658165522,1.571975841881156,920.6125151241833,919.5042654074346,1.5713149999851006,272.4863345870706,919.5042654074341,1.521295634315689,189.4668870954639,1.5211918431441735,272.4863345870706,1.5207950064262747,113.19824227727231,250.43974878710083,113.19824227728219,1.420060844870164,223.80412837218756,1.4194262986136472,250.43974878710083,223.80412837218756,263.3200029258959,1.4192881616722195,1.4114449987293982,248.5318298921465,1.3613749888801618,41.73569893902808,162.51463185135634,41.73569893905491,1.2597810203608795,149.9999102640466,162.51463185135634,149.9999102640466,212.18706252401137,1.2595600216485359,1.251615022713454,160.64704634899255,1.200914907874625,88.93460326464796,0.009866254488370049,0.00045958579347949976,123.43682253238916,183.77984408546615,24.5717864177415,599.9248075153444,1.622179044463389,1219.3893673585524,1.6222058275189981,275.41207626466934,131.61018907725884,1.5719757352443995,919.9852456911051,919.1148143026035,1.5713084400147157,272.7591266459508,919.3280910257156,1.5212867252140998,188.76651513168247,1.521177454888905,273.03482050954983,1.5207821768537142,113.44618592798666,251.64292781795157,113.43684233272253,1.4201514935913515,223.87328173026347,1.4194601614923514,250.91336556700048,223.67709181827217,263.3858793010679,1.4193433108743456,1.4114463540665594,249.57900898618527,1.3613608609191217,40.81929305033066,162.46206658505656,40.727562787136485,1.2598172185821244,150.2457914345472,162.47338129313638,150.36730980021852,214.2580092113924,1.2595991905201178,1.2516130718393874,160.35015689565768,1.2008713595330638,89.53967034606735,0.00851569919030417,0.0006512736828499846
123.31206070446582,180.00000000000222,24.158890305465434,599.9999587739135,1.6221711127143177,1219.5064057309373,1.622195000000134,275.5849297594598,132.96896581712053,1.5719758418836312,920.612515124775,919.5042654081155,1.5713149999875922,272.4863345838428,919.5042654081162,1.5212956341601134,189.46688708660977,1.52119184298859,272.4863345838428,1.5207950062706852,113.1962940960911,250.4406620695639,113.19629409610138,1.4200608449478438,223.80185218670232,1.4194262981861958,250.4406620695639,223.80185218670232,263.3165727873542,1.4192881610710544,1.4114449986946465,248.53279454328558,1.3613749892631386,41.73468976070726,162.5145452708656,41.734689760734625,1.2597810688730124,149.99991128070934,162.5145452708656,149.99991128070934,212.1894248850992,1.2595600701869987,1.2516150225914933,160.64688765007503,1.2009149091528322,88.93115765861714,0.009866051986678902,0.00045956143015209996,123.43691627006723,183.78104790103583,24.57198110037891,599.9246476782898,1.6221790640947276,1219.3893087828133,1.6222058465308578,275.41225340506975,131.6110525700272,1.5719757344442034,919.9858545310701,919.115883823241,1.5713084459934632,272.75938524269736,919.3293051232552,1.5212867615288814,188.76825208746894,1.5211774876902642,273.03526544806977,1.5207821602684133,113.44451819884122,251.64474805239414,113.43520228373548,1.4201515528717599,223.87114463210082,1.4194602079504062,250.914852554638,223.67492097645436,263.3830721438962,1.4193433739184627,1.411446352146609,249.58063956934242,1.3613608905209602,40.81538312723547,162.46017277216487,40.72376814203127,1.259817170531685,150.24653458023505,162.4716132273925,150.36818829546465,214.25992423029288,1.259599155497197,1.2516130760548463,160.34841067307826,1.2008713601729564,89.53858443886007,0.008515968361154846,0.0006506854047861919
123.31206070322438,180.00000000000148,24.15889030545653,599.9999587739134,1.622171112714293,1219.5064057307384,1.6221950000001093,275.5849297568027,132.9689658175831,1.5719758418856489,920.6125151252566,919.5042654086562,1.5713149999896232,272.4863345812084,919.5042654086562,1.5212956340301602,189.46688707936246,1.5211918428586297,272.4863345812084,1.52079500614072,113.1943507534882,250.44157064830804,113.19435075350039,1.420060844948691,223.79958269812727,1.4194262976923158,250.44157064830804,223.79958269812727,263.3131547782074,1.4192881604055931,1.4114449986671085,248.53375425363203,1.3613749896597436,41.7336935426055,162.5144618665201,41.73369354263326,1.259781117112014,149.99991227326512,162.5144618665201,149.99991227326512,212.19176525375727,1.2595601184455296,1.2516150224820803,160.64673277227408,1.2009149104162227,88.92773037020035,0.009865848769485147,0.0004595381310931499,123.43700418793914,183.78228353551924,24.572180793231254,599.9244896768664,1.6221790834597825,1219.3892504245582,1.622205865324319,275.4124117155851,131.61188143073264,1.5719757342132188,919.986435414098,919.1169324411951,1.5713084522141254,272.7596279364355,919.3304835120437,1.5212867986331147,188.76990197220698,1.521177521054842,273.0356955207339,1.52078214613706,113.44283778295953,251.64653210094625,113.43355012468207,1.4201516101714389,223.86900521819717,1.4194602524181499,250.9163025148528,223.67275410447832,263.3802692327019,1.4193434352349903,1.4114463507011918,249.58223118791503,1.3613609208670459,40.81152750862772,162.45830481856567,40.72002303786139,1.2598171225473396,150.24728027968814,162.46986899276135,150.36905657564975,214.2618292621326,1.2595991208619837,1.2516130804813634,160.34668343117903,1.200871361183313,89.53746128417602,0.008516238024473636,0.0006501075818421954
123.31206070220895,180.00000000000114,24.158890305448487,599.999958773913,1.6221711127142728,1219.506405730559,1.6221950000000893,275.5849297546297,132.96896581795957,1.5719758418872982,920.6125151256492,919.5042654091108,1.5713149999912837,272.48633457906567,919.5042654091109,1.5212956339211359,189.46688707348642,1.5211918427495998,272.48633457906567,1.520795006031686,113.19241234163138,250.4424749320953,113.19241234164329,1.4200608448869525,223.797319820725,1.4194262971445792,250.4424749320953,223.797319820725,263.30974839017415,1.4192881596881017,1.411444998645457,248.53470944991972,1.3613749900687857,41.73271012160937,162.51438175226315,41.73271012163872,1.2597811651032722,149.99991324309252,162.51438175226315,149.99991324309252,212.1940842573872,1.2595601664491494,1.2516150223844922,160.64658180863745,1.2009149116642934,88.92432110929869,0.009865645136475604,0.0004595158495709002,123.43708512204364,183.78351917000265,24.572380843956097,599.924332983594,1.6221791028078405,1219.3891912688612,1.6222058840540807,275.41256130856107,131.61268566419332,1.5719757341142255,919.9869976591676,919.1179549307949,1.5713084582792711,272.7598657901276,919.3316331596423,1.5212868345531705,188.77150720512532,1.5211775533480802,273.0361141847181,1.5207821317518504,113.44114987037007,251.64828585433426,113.43188873891144,1.4201516659431261,223.86686778921438,1.4194602950003354,250.91773017446064,223.67058723250227,263.3774739642668,1.4193434942566605,1.4114463492830467,249.58379908891445,1.3613609500607489,40.80772809992801,162.45647337220294,40.71633255574843,1.259817075752689,150.2480157640802,162.46815822309694,150.3699120870086,214.26371182308563,1.2595990868083318,1.251613084879359,160.34498715775806,1.2008713620140508,89.53630661239625,0.008516504410394607,0.0006495402914706102
123.31206070137948,180.00000000000114,24.158890305441112,599.9999587739126,1.622171112714257,1219.506405730397,1.622195000000073,275.5849297528543,132.9689658182666,1.5719758418886465,920.6125151259698,919.5042654094843,1.5713149999926403,272.48633457730705,919.5042654094841,1.5212956338292074,189.46688706866416,1.5211918426576663,272.48633457730705,1.5207950059397486,113.19047893300984,250.44337525629925,113.19047893302276,1.4200608447741918,223.79506348117195,1.4194262965531825,250.44337525629925,223.7950634811719,263.3063532020165,1.4192881589285231,1.4114449986285535,248.5356604823222,1.361374990488943,41.731739340523866,162.51430503080167,41.73173934055434,1.259781212870348,149.99991419155518,162.51430503080167,149.99991419155518,212.1963825037285,1.2595602142210858,1.251615022297913,160.64643484176554,1.2009149128966579,88.92092959415326,0.009865441374182396,0.00045949453924480003,123.43716178829027,183.78477601709523,24.572579463190955,599.9241766912065,1.6221791223315325,1219.3891301268086,1.6222059029371414,275.41270323010235,131.61343833436038,1.5719757338227451,919.9875164156684,919.1189286474665,1.571308464024744,272.76010191523176,919.3327305505317,1.5212868678088265,188.7730320647682,1.521177583504761,273.03651832856406,1.520782115529202,113.4394498477142,251.64999711033934,113.43021408973479,1.4201517192247535,223.86473466089353,1.419460334492301,250.9191195443472,223.66842433036803,263.37470247330504,1.4193435497715823,1.41144634760309,249.58533903705975,1.3613609771897655,40.80398331328584,162.45466829217764,40.712693519991404,1.2598170289580382,150.24873337211557,162.46646570705076,150.3707599370717,214.26556192609118,1.2595990524315903,1.2516130889122812,160.34331086400047,1.2008713611608608,89.53511182794918,0.008516767926180252,0.0006489827770224797
123.31206070070297,180.00000000000085,24.15889030543456,599.9999587739126,1.6221711127142426,1219.5064057302511,1.6221950000000591,275.58492975140626,132.9689658185157,1.5719758418897456,920.6125151262318,919.5042654097758,1.5713149999937472,272.48633457587084,919.5042654097759,1.5212956337512487,189.46688706470962,1.5211918425797033,272.48633457587084,1.5207950058617827,113.18855058403531,250.44427189640385,113.18855058404853,1.4200608446199077,223.79281361622242,1.4194262959265067,250.44427189640385,223.79281361622242,263.30296886379335,1.4192881581350343,1.4114449986155306,248.53660763854796,1.361374990919077,41.73078104718724,162.51423179452456,41.73078104721786,1.2597812604352465,149.9999151198013,162.51423179452456,149.9999151198013,212.19866057870723,1.2595602617830424,1.2516150222216167,160.64629194469313,1.2009149141130442,88.91755555107767,0.009865237753447949,0.00045947415467660006,123.43723721297826,183.78604347049236,24.572782734768253,599.9240221817022,1.6221791416342657,1219.3890685787856,1.622205921655003,275.4128455003452,131.61416637728271,1.571975733869492,919.988014981048,919.1198849452353,1.5713084698652544,272.7603332002899,919.3338000711764,1.521286900965801,188.7745256681373,1.5211776136675637,273.0369190152343,1.5207821004307758,113.43774809504885,251.65169658489168,113.42853771054867,1.4201517720253465,223.86260417913388,1.4194603735652533,250.92049376665176,223.66626076659347,263.37193013314777,1.4193436046160963,1.4114463462067626,249.58686373819373,1.3613610042227502,40.800301405523854,162.45290783210805,40.709113869842774,1.2598169840140234,150.24944842638564,162.46480919119608,150.37160523336956,214.26740953233156,1.2595990199287688,1.25161309312774,160.3416685356706,1.2008713607791703,89.53388552640638,0.008517025947748051,0.0006484366117882616
123.31206070014835,180.00000000000045,24.158890305428507,599.9999587739128,1.6221711127142326,1219.5064057301188,1.622195000000049,275.5849297502191,132.96896581871965,1.571975841890647,920.6125151264466,919.5042654100298,1.5713149999946543,272.48633457469623,919.50426541003,1.5212956336847225,189.46688706149456,1.5211918425131739,272.48633457469623,1.5207950057952502,113.18662733796756,250.4451650790192,113.18662733798104,1.4200608444318124,223.79057017082874,1.4194262952713497,250.4451650790192,223.79057017082874,263.2995950840243,1.4192881573142637,1.4114449986056326,248.53755115527102,1.3613749913579618,41.729835093683725,162.5141621251898,41.72983509371599,1.2597813078182654,149.9999160289708,162.5141621251898,149.9999160289708,212.20091904512753,1.2595603091550487,1.2516150221548275,160.64615318072612,1.2009149153132794,88.91419871416785,0.009865034527719651,0.0004594546517406,123.43731248247143,183.78732153019408,24.572984216983073,599.9238705311407,1.622179160514911,1219.3890088431306,1.6222059399920679,275.41298079655655,131.6148759497715,1.5719757340702285,919.9885073337748,919.1208203403206,1.5713084756884854,272.760562065325,919.3348486891375,1.5212869339007422,188.77598801523257,1.5211776437507811,273.03731244183535,1.520782086251069,113.43604634238349,251.65337249653865,113.42686017802289,1.4201518238072783,223.86047766721603,1.4194604115906737,250.9218482129464,223.664101834301,263.36916147283756,1.4193436582745043,1.4114463449795214,249.58837658054108,1.3613610312317268,40.796675390099814,162.45117982291532,40.70558757147066,1.2598169403918913,150.25015581936,162.46318259099354,150.37244542213693,214.2692596353371,1.2595989884598344,1.2516130973774244,160.34005268039473,1.2008713604872896,89.53261338181527,0.008517277761306891,0.000647901108568978
123.31206069969454,180.00000000000017,24.15889030542312,599.9999587739128,1.6221711127142238,1219.5064057299996,1.6221950000000402,275.58492974924786,132.96896581888552,1.5719758418913843,920.6125151266208,919.5042654102263,1.5713149999953966,272.4863345737365,919.5042654102264,1.5212956336275512,189.46688705885396,1.521191842455999,272.4863345737365,1.5207950057380732,113.18470922732925,250.4460549907408,113.18470922734389,1.420060844216275,223.78833309667556,1.4194262945933334,250.4460549907408,223.78833309667556,263.2962316190866,1.419288156471695,1.4114449985983144,248.53849122741536,1.36137499180456,41.728901335773315,162.51409609481283,41.72890133580515,1.2597813550382384,149.99991692001743,162.51409609481283,149.99991692001743,212.20315844205908,1.2595603563556992,1.2516150220968667,160.64601860420493,1.2009149164972408,88.91085882500785,0.009864831932038104,0.00045943598794469996,123.43738557923695,183.78863671196183,24.573190351540333,599.9237218028195,1.622179178947973,1219.3889511373281,1.6222059579203354,275.41311121094583,131.61556397342113,1.5719757344442034,919.9889872611961,919.1217383165031,1.5713084815203562,272.76078643603165,919.3358781463053,1.5212869662929354,188.77742580382704,1.5211776737482914,273.0377006826729,1.5207820727845784,113.43434343637848,251.6550315775389,113.42517976214798,1.4201518750232878,223.85835545596012,1.419460449013763,250.92318835319134,223.66194654103018,263.36639479398343,1.4193437103084625,1.4114463439268214,249.5898792582142,1.3613610580486397,40.79310621972402,162.44948578573428,40.702114307304974,1.2598168984882068,150.25085810480383,162.46158844166783,150.37329327220004,214.27111223510786,1.2595989590586738,1.2516131016556304,160.33846879258027,1.2008713604087062,89.53130112455686,0.008517523570109055,0.0006473755828932233
123.31206069932257,180.00000000000045,24.15889030541821,599.9999587739117,1.622171112714216,1219.5064057298912,1.6221950000000325,275.5849297484516,132.9689658190215,1.5719758418919887,920.612515126764,919.50426541038,1.571314999996005,272.4863345729477,919.5042654103802,1.521295633578036,189.46688705667407,1.5211918424064812,272.4863345729477,1.5207950056885533,113.18279627586446,250.44694178558666,113.18279627587866,1.4200608439784301,223.7861023508811,1.4194262938969784,250.44694178558666,223.78610235088104,263.2928782645272,1.4192881556117376,1.4114449985930553,248.5394280158966,1.3613749922577254,41.72797963239972,162.51403376568527,41.72797963243397,1.2597814021124187,149.99991779393395,162.51403376568527,149.99991779393395,212.20537928468013,1.2595604034020367,1.251615022046999,160.64588826069445,1.20091491766487,88.90753563237504,0.0098646301825823,0.00045941812267,123.43745650327483,183.789941287425,24.573400064822543,599.923576735211,1.6221791969702781,1219.3888961863254,1.622205975470606,275.41324023052886,131.6162396834484,1.5719757348814238,919.9894578696385,919.1226458413438,1.57130848722263,272.7610059666922,919.3368867007894,1.5212869979696877,188.7788323361477,1.5211777028275106,273.03808235487645,1.520782059620298,113.4326411070433,251.6566763524894,113.42350049961271,1.4201519253904127,223.85623423716464,1.419460485284567,250.92451965734674,223.6597929018601,263.3636235860868,1.4193437611563147,1.4114463429068478,249.59136923004456,1.3613610839292414,40.78959357682637,162.44782825578972,40.69869471248592,1.2598168579064053,150.25156294401293,162.4600247150392,150.3741283534369,214.27296233811342,1.2595989303036925,1.2516131059110192,160.33691437476932,1.2008713600831469,89.52996021539326,0.008517763067920564,0.0006468602190718425
123.31206069901829,180.00000000000045,24.15889030541373,599.9999587739114,1.6221711127142107,1219.506405729794,1.6221950000000267,275.5849297478004,132.9689658191318,1.571975841892483,920.6125151268857,919.5042654105224,1.5713149999965024,272.48633457230727,919.5042654105223,1.5212956335347894,189.4668870549254,1.5211918423632318,272.48633457230727,1.5207950056453021,113.18088850014816,250.44782559084703,113.18088850016281,1.4200608437225153,223.78387789506385,1.419426293186022,250.44782559084703,223.78387789506385,263.2895348480795,1.4192881547380347,1.411444998589472,248.54036165371485,1.3613749927164869,41.72706984530086,162.5139751912844,41.727069845335315,1.259781449056735,149.99991865154925,162.5139751912844,149.99991865154925,212.2075820644808,1.259560450309806,1.2516150220045874,160.64576218773544,1.2009149188161532,88.9042288919451,0.009864429476657248,0.00045940101734110003,123.43752913445586,183.7912299534313,24.573605125762317,599.9234355604065,1.6221792144883442,1219.3888448600587,1.6222059925140802,275.4133636708866,131.61688460941977,1.571975735458885,919.9899106167043,919.1235150445981,1.5713084929162637,272.76121962015395,919.3378551917966,1.5212870290050104,188.78019421664865,1.5211777314047308,273.03846126133936,1.5207820469516429,113.43093935437794,251.65830513832555,113.42181950706798,1.420151974965246,223.85411764985125,1.41946052063878,250.92584296694494,223.65764356335197,263.3608509628644,1.4193438112821892,1.4114463419468726,249.59284183722312,1.3613611092096436,40.78613492084605,162.44619658513764,40.69532624645269,1.259816818448204,150.25226012192627,162.45849090406264,150.37496343467376,214.274812441119,1.2595989027118342,1.251613110149295,160.33538593052072,1.2008713595330638,89.52860784546756,0.008517999209522143,0.0006463541626423822
123.31206069876889,180.00000000000034,24.158890305409734,599.9999587739121,1.6221711127142062,1219.5064057297059,1.6221950000000227,275.58492974726636,132.96896581922155,1.5719758418928884,920.6125151269812,919.5042654106444,1.5713149999969107,272.4863345717743,919.5042654106445,1.521295633496682,189.46688705347503,1.5211918423251225,272.4863345717743,1.5207950056071908,113.17898591089536,250.44870651197851,113.17898591091088,1.4200608434519908,223.78165969449708,1.419426292463513,250.44870651197851,223.78165969449708,263.2862012237258,1.41928815385356,1.4114449985872457,248.54129225107965,1.3613749931798584,41.726171838683605,162.51392041622194,41.726171838718884,1.2597814958857172,149.99991949368507,162.51392041622194,149.99991949368507,212.20976724974497,1.2595604970933807,1.251615021968993,160.64564041484948,1.200914919951118,88.90093836600892,0.009864229993023747,0.0004593846355351,123.43760052407823,183.79256104465594,24.57381483904453,599.9232988164357,1.6221792314511805,1219.3887977384863,1.6222060089863584,275.4134885060507,131.61751568256597,1.5719757361600877,919.9903555979542,919.1243737965107,1.5713084984803005,272.7614339650509,919.3388080057912,1.5212870589054965,188.78155163196766,1.5211777589901962,273.03883705634416,1.5207820344280485,113.42923990839189,251.65992298424132,113.42014197454219,1.4201520240590448,223.8520040399192,1.4194605549454609,250.9271591235183,223.6554981946856,263.3580755089904,1.4193438602993125,1.4114463410687135,249.59431020912072,1.3613611337698064,40.78273215720368,162.44460192876699,40.69200986191559,1.2598167807745444,150.2529470847786,162.45698903691803,150.3757883008496,214.27666504088972,1.2595988763477166,1.2516131143305285,160.33388645678406,1.2008713586686477,89.52722109325562,0.008518229930953712,0.0006458590528522204
123.31206069856347,179.99999999999986,24.158890305406004,599.9999587739119,1.6221711127142022,1219.5064057296267,1.6221950000000185,275.58492974682656,132.96896581929556,1.5719758418932221,920.61251512706,919.5042654107363,1.5713149999972464,272.4863345713395,919.5042654107356,1.5212956334627892,189.4668870522824,1.5211918422912276,272.4863345713395,1.5207950055732942,113.17708851403128,250.44958463656084,113.17708851404637,1.4200608431696957,223.77944771747204,1.4194262917319542,250.44958463656084,223.77944771747204,263.28287726706367,1.4192881529607533,1.411444998586126,248.542219899533,1.3613749936469624,41.725285478974016,162.51386947715008,41.72528547901091,1.2597815426126622,149.99992032106388,162.51386947715008,149.99992032106388,212.21193528623564,1.2595605437659227,1.2516150219396247,160.6455229643771,1.2009149210698005,88.89766382318908,0.009864031892478899,0.00045936894303969986,123.43767191370061,183.79385501381452,24.574024910199235,599.9231661657115,1.622179247929607,1219.3887541111599,1.6222060249826404,275.4136105516022,131.61812212846746,1.571975737001531,919.9907935899698,919.125230806533,1.571308503828342,272.7616472727951,919.3397468846633,1.5212870880165306,188.78291127987762,1.5211777859695896,273.0392128513489,1.5207820215297132,113.42754565243432,251.66152610334123,113.41846847870521,1.4201520722473675,223.84989208408788,1.4194605890688237,250.92848327464884,223.65335778832147,263.35529722446483,1.419343908620243,1.4114463401687367,249.59578239277118,1.3613611581859213,40.77938433318894,162.44304479372272,40.68874524130452,1.2598167446210502,150.25362127880467,162.4555201276952,150.37659273690346,214.27851015036492,1.2595988508236322,1.2516131185573958,160.33241994949194,1.2008713582308264,89.5258228802816,0.00851846328289226,0.0006453754527840107
123.31206069839718,180.0,24.15889030540273,599.9999587739117,1.6221711127141982,1219.5064057295544,1.6221950000000147,275.58492974647066,132.96896581935516,1.5719758418934924,920.6125151271244,919.5042654108047,1.5713149999975184,272.4863345709906,919.5042654108046,1.5212956334323402,189.4668870513193,1.5211918422607766,272.4863345709906,1.5207950055428419,113.1751963115812,250.4504600375593,113.17519631159786,1.4200608428779373,223.77724193474614,1.419426290993377,250.4504600375593,223.77724193474614,263.27956287130036,1.419288152061595,1.4114449985858997,248.54314467537128,1.3613749941169404,41.72441063461747,162.5138224029928,41.72441063465382,1.2597815892496644,149.99992113438253,162.5138224029928,149.99992113438253,212.2140865979817,1.2595605903394165,1.251615021915923,160.64540985171922,1.2009149221722835,88.89440503817198,0.009863835318626652,0.00045935390786849985,123.43771785137065,183.7951065577548,24.574217445601676,599.9230384100035,1.6221792652777047,1219.3887175593186,1.6222060416117177,275.41371097765597,131.61823295106873,1.5719757363085776,919.9907112723215,919.1256122805063,1.5713085080532085,272.76186196340956,919.3401449065971,1.5212870997349555,188.7836391045388,1.5211777989297386,273.0395481973973,1.520781994330787,113.42578046608777,251.66294745145657,113.41672693582866,1.4201521032316382,223.84780030828568,1.4194606098361502,250.92961976406846,223.65120911145365,263.35260782239885,1.419343941367085,1.4114463363779255,249.59705043588093,1.3613611722545973,40.77603396861339,162.441409573756,40.68547490443168,1.259816692935433,150.25441805356277,162.45397211946005,150.37734354388704,214.2803352857186,1.2595988064957286,1.2516131213353774,160.3308095886235,1.200871352202365,89.52429000335312,0.008518738579646724,0.0006448971196731431
123.31206069825808,179.99999999999963,24.15889030539971,599.9999587739121,1.6221711127141965,1219.506405729489,1.622195000000013,275.58492974617286,132.96896581940365,1.571975841893718,920.6125151271797,919.5042654108697,1.571314999997746,272.4863345706961,919.5042654108696,1.5212956334047376,189.46688705051352,1.5211918422331725,272.4863345706961,1.5207950055152364,113.17330930237951,250.45133277599012,113.17330930239515,1.4200608425786343,223.77504231909714,1.419426290249473,250.45133277599012,223.77504231909714,263.2762579441719,1.419288151157734,1.411444998586398,248.54406664237632,1.361374994589023,41.72354717588907,162.51377921540148,41.72354717592653,1.259781635807686,149.9999219342679,162.51377921540148,149.9999219342679,212.21622158818695,1.2595606368247338,1.2516150218973587,160.6453010857069,1.20091492325865,88.89116179144814,0.009863640398770449,0.0004593395002412,123.43773919065995,183.79648007419772,24.574399602701753,599.9229177541794,1.6221792827476131,1219.3886941000248,1.6222060583975937,275.41378246147895,131.61774194537693,1.5719757337759983,919.9899556584364,919.1252900308028,1.571308512407672,272.76207285113077,919.3398104636592,1.52128709534363,188.78337342621154,1.5211777987522024,273.03981336277786,1.5207819568083574,113.42391090250217,251.66417146023915,113.41487640235488,1.4201521133899517,223.84575220074314,1.4194606132144416,250.9304322635388,223.64904753259998,263.3500353262431,1.4193439542337576,1.4114463300399074,249.59796059775226,1.3613611764319855,40.77266518497193,162.43962578961865,40.68218900662402,1.259816621752045,150.2553986994189,162.45228974431288,150.3781479799409,214.28219787255009,1.2595987415547036,1.251613122510458,160.32899543518857,1.2008713374399316,89.52250498965881,0.008519005604341257,0.0006444124450695101
123.31206069814493,179.99999999999977,24.158890305396945,599.9999587739119,1.6221711127141947,1219.506405729431,1.622195000000011,275.5849297459305,132.96896581944338,1.5719758418939023,920.6125151272229,919.5042654109177,1.5713149999979312,272.4863345704522,919.5042654109178,1.521295633379458,189.4668870498407,1.5211918422078914,272.4863345704522,1.520795005489954,113.17142748266511,250.4522029031007,113.17142748268134,1.4200608422732885,223.77284884496544,1.4194262895015575,250.4522029031007,223.77284884496544,263.27296240525425,1.4192881502504515,1.4114449985874502,248.54498585415547,1.3613749950623562,41.72269497478537,162.51373992911036,41.722694974823945,1.2597816822965735,149.99992272138496,162.51373992911036,149.99992272138496,212.21834064018236,1.2595606832316528,1.2516150218833828,160.64519666902527,1.2009149243289694,88.8879338690632,0.009863447244888805,0.0004593256925364002,123.43776285787172,183.7978854095544,24.574587485761754,599.9228030377824,1.622179298871939,1219.3886765128043,1.6222060739822786,275.4138525504957,131.6172555572935,1.5719757319693701,919.9892342141411,919.1249886837827,1.5713085172718841,272.7622726758895,919.339502149076,1.521287095417641,188.78310551529333,1.5211778036252672,273.04006573660814,1.5207819249674812,113.42204018557692,251.66538326680285,113.41302702222076,1.4201521248781834,223.84370276992,1.4194606168022397,250.9312186755067,223.6468925701493,263.3474704728466,1.4193439673067094,1.4114463247164084,249.59885254791564,1.3613611837784272,40.7693519760983,162.437875977493,40.67895519031249,1.2598165522871043,150.25638956033603,162.45064742571685,150.37896007729051,214.28407793673793,1.2595986787460707,1.2516131239593438,160.32721674565616,1.200871325046223,89.52067986329723,0.00851926066150706,0.0006439388265406975
123.31206069805279,179.99999999999994,24.158890305394575,599.9999587739115,1.6221711127141922,1219.506405729377,1.6221950000000085,275.58492974573323,132.96896581947533,1.5719758418940522,920.6125151272583,919.5042654109554,1.571314999998082,272.48633457025596,919.5042654109559,1.5212956333560892,189.4668870492979,1.521191842184521,272.48633457025596,1.5207950054665824,113.16955084655461,250.4530704620458,113.16955084657184,1.4200608419632128,223.77066148819702,1.4194262887507914,250.4530704620458,223.770661488197,263.269676183871,1.4192881493408795,1.4114449985889823,248.54590235586187,1.3613749955363486,41.72185390490131,162.513704552792,41.721853904940076,1.2597817287253097,149.99992349622886,162.513704552792,149.99992349622886,212.2204441183418,1.2595607295691043,1.2516150218735835,160.64509659887506,1.2009149253833988,88.88472106237693,0.009863255954650752,0.0004593124592215002,123.43778668027832,183.7993331701294,24.574780736909187,599.9226916445107,1.622179314475029,1219.3886615498925,1.6222060890573673,275.41392577782653,131.61679071804923,1.5719757302012392,919.9885259717329,919.1247099813364,1.5713085219892198,272.7624718092131,919.3392103824507,1.5212870959110485,188.78284876733005,1.5211778087738195,273.0403080846287,1.5207818941057663,113.42017523534996,251.66658202961534,113.41118052543575,1.4201521365361922,223.84165631647818,1.4194606197877064,250.9319920437234,223.64474157754043,263.3449056194502,1.419343980147597,1.4114463195892681,249.5997389922138,1.3613611908607812,40.766090213581194,162.4361621655589,40.67576996222601,1.259816484276235,150.2573931900794,162.44903400868301,150.37978494346635,214.28597048475172,1.259598617682122,1.251613125294144,160.32547002358515,1.2008713127760027,89.51883468060201,0.008519511547363813,0.0006434740000021007
123.31206069797642,179.9999999999995,24.158890305392326,599.999958773912,1.6221711127141913,1219.5064057293293,1.6221950000000076,275.58492974556975,132.96896581950153,1.5719758418941758,920.6125151272877,919.5042654109886,1.5713149999982066,272.4863345700959,919.5042654109886,1.521295633334291,189.46688704885787,1.5211918421627217,272.4863345700959,1.520795005444782,113.16767938644543,250.45393548949318,113.16767938646362,1.4200608416494178,223.76848022574785,1.4194262879980584,250.45393548949318,223.76848022574785,263.2663992173177,1.419288148429878,1.4114449985908717,248.54681618586318,1.3613749960102606,41.721023841338905,162.5136730888076,41.72102384137831,1.2597817751018205,149.99992425937774,162.5136730888076,149.99992425937774,212.2225323691626,1.2595607758449816,1.2516150218674782,160.6450008668407,1.2009149264220218,88.88152316783973,0.009863066612449596,0.0004592997767672502,123.4378109682694,183.80080214331352,24.574975061674103,599.9225820763206,1.622179329726851,1219.388647123442,1.6222061038048585,275.41399761035115,131.61633742282592,1.5719757286970906,919.9878223888142,919.1244399883417,1.571308526810233,272.76266333675,919.3389212286608,1.5212870968978631,188.78257192604786,1.5211778140386887,273.04053902396925,1.520781864404539,113.41831259180232,251.6677631202488,113.40933575866025,1.4201521479112396,223.8396118479573,1.4194606220922774,250.93275489278588,223.6425952164136,263.342337652337,1.4193439928595601,1.411446314745757,249.60061654242202,1.3613611982552387,40.76287449872887,162.43447573405214,40.67262792367291,1.2598164177194364,150.25839937358802,162.4474418875371,150.38061747093795,214.28786053600032,1.259598558621329,1.2516131267601425,160.3237497745681,1.2008713008201155,89.51696944157314,0.008519761166503131,0.0006430171547768003
123.31206069791402,179.99999999999966,24.158890305390408,599.9999587739115,1.6221711127141891,1219.506405729286,1.6221950000000056,275.58492974543606,132.96896581952274,1.5719758418942775,920.6125151273116,919.5042654110155,1.571314999998309,272.48633456996305,919.504265411015,1.5212956333137861,189.46688704849183,1.5211918421422155,272.48633456996305,1.5207950054242747,113.16581309332369,250.45479801661796,113.16581309334163,1.420060841332784,223.7663050355522,1.4194262872441366,250.45479801661796,223.7663050355522,263.2631314494747,1.4192881475182055,1.4114449985930781,248.54772737680847,1.3613749964835729,41.72020466065245,162.5136455342976,41.72020466069275,1.2597818214332666,149.99992501126889,162.5136455342976,149.99992501126889,212.22460572214698,1.2595608220664278,1.2516150218646889,160.64490945981564,1.2009149274449766,88.87833998677057,0.00986287929042585,0.00045928762354905013,123.43783533385792,183.80229232910682,24.575170460056505,599.9224739639759,1.6221793447293862,1219.3886326679935,1.622206118347951,275.41406525845684,131.61590259803617,1.571975727445925,919.9871296780376,919.1241821885789,1.5713085316917248,272.7628538271342,919.3386407843223,1.5212870980327,188.78229285217472,1.5211778196525085,273.04075751747706,1.5207818358517107,113.41645283160382,251.6689353747927,113.40749156855456,1.42015215911651,223.83757002599756,1.4194606237421408,250.93350596039568,223.64045050938756,263.33976798683284,1.4193440052105344,1.4114463102349644,249.6014890102931,1.3613612057457283,40.759703243690815,162.43281921819747,40.669529074653184,1.2598163528810857,150.2594132183924,162.44587207636906,150.3814372295833,214.28974309695334,1.2595985002713335,1.2516131283174095,160.32205649809666,1.2008712895265734,89.51508414621063,0.008520011302613465,0.0006425675860060679
123.31206069786144,179.9999999999996,24.158890305388567,599.9999587739118,1.622171112714189,1219.5064057292466,1.6221950000000054,275.5849297453234,132.96896581954053,1.5719758418943628,920.6125151273322,919.504265411033,1.5713149999983949,272.4863345698508,919.5042654110332,1.5212956332943577,189.4668870481769,1.5211918421227857,272.4863345698508,1.5207950054048438,113.16395195704641,250.45565807035734,113.16395195706403,1.4200608410139828,223.7641358962643,1.4194262864896117,250.45565807035734,223.7641358962643,263.2598728295364,1.4192881466064309,1.4114449985955129,248.54863595689338,1.3613749969556332,41.71939624077088,162.51362188085935,41.719396240813,1.2597818677258923,149.9999257524198,162.51362188085935,149.9999257524198,212.22666449079776,1.2595608682396866,1.2516150218647906,160.64482235977988,1.2009149284523866,88.87517132515947,0.009862694049469996,0.0004592759797415502,123.43786388970686,183.8037825149001,24.57537015290885,599.9223675501175,1.622179359462805,1219.388618430029,1.6222061326278456,275.41413465007037,131.6154770084632,1.5719757265082381,919.9864462862402,919.1239296144869,1.5713085366682547,272.7630346374263,919.3383716622708,1.521287099438911,188.78202940643848,1.521177825192865,273.0409659851752,1.5207818085681657,113.41459941477343,251.6701000555456,113.40565372181696,1.4201521708311111,223.835528534858,1.4194606250777444,250.934260814901,223.6383077872824,263.33718784791785,1.4193440178709276,1.4114463059423479,249.60236232522038,1.3613612133322497,40.75658025930826,162.43119718139948,40.66647405030703,1.2598162900916532,150.26041429437055,162.44432964562836,150.38226209575916,214.2916181676108,1.259598443795258,1.2516131299659448,160.32039419010343,1.2008712787269833,89.51317019894292,0.00852026159896934,0.0006421258291641342
123.3120606978178,180.00000000000006,24.158890305386876,599.999958773911,1.6221711127141871,1219.5064057292107,1.6221950000000036,275.58492974522994,132.9689658195555,1.5719758418944338,920.6125151273493,919.5042654110503,1.571314999998466,272.48633456975995,919.50426541105,1.5212956332758107,189.466887047926,1.5211918421042374,272.48633456975995,1.5207950053862944,113.16209596655108,250.4565156739479,113.16209596656952,1.4200608406935888,223.76197278722867,1.4194262857349869,250.4565156739479,223.76197278722867,263.256623311167,1.4192881456950444,1.4114449985981306,248.54954195046605,1.3613749974259342,41.71859846096113,162.51360211545352,41.718598461004326,1.2597819139852522,149.99992648324866,162.51360211545352,149.99992648324866,212.2287089735153,1.2595609143703244,1.2516150218674325,160.64473954456741,1.2009149294443784,88.87201699346147,0.009862510940185854,0.00045926482720685003,123.43789229036099,183.80527270069342,24.575568772143708,599.9222629191422,1.6221793738506214,1219.388604409549,1.6222061465745428,275.41419671895085,131.61506527171537,1.5719757257877867,919.985769883677,919.1236840079562,1.5713085417398223,272.7632102619547,919.3381173462869,1.5212871011658369,188.78176372811123,1.5211778309107578,273.0411623527582,1.5207817822154284,113.41275061130169,251.6712580040398,113.40382048843799,1.4201521826588968,223.83349167520052,1.4194606264395362,250.93501230327695,223.63616936583918,263.3346034630255,1.4193440307376002,1.4114463019606327,249.6032330989791,1.361361221278891,40.75350268745028,162.42960201798388,40.663462850634446,1.2598162292189508,150.26140770905292,162.44280952486548,150.3830716393435,214.2934807544423,1.2595983886115414,1.2516131317684955,160.3187608526221,1.200871268702,89.51123333015104,0.008520510144257615,0.0006416912499140247
123.31206069778304,179.99999999999966,24.158890305385384,599.9999587739117,1.6221711127141871,1219.5064057291793,1.6221950000000036,275.58492974515536,132.96896581956605,1.5719758418944907,920.6125151273602,919.5042654110604,1.5713149999985234,272.48633456968184,919.5042654110609,1.5212956332579872,189.46688704770355,1.521191842086413,272.48633456968184,1.520795005368469,113.16024511002524,250.45737084764545,113.16024511004373,1.4200608403720578,223.75981568833998,1.4194262849806607,250.45737084764545,223.75981568833998,263.2533828516406,1.4192881447844332,1.4114449986008846,248.55044537876364,1.3613749978939578,41.71781120179672,162.51358622041465,41.717811201839794,1.2597819602161469,149.99992720418612,162.51358622041465,149.99992720418612,212.2307394545261,1.2595609604631672,1.2516150218722553,160.64466098788392,1.2009149304210722,88.86887680642997,0.009862330003815704,0.00045925414938170013,123.43792038062544,183.80675758333442,24.57576739137857,599.9221601132485,1.6221793879154982,1219.388590896532,1.6222061602636417,275.41425704432345,131.6146581525759,1.5719757251828275,919.9850934811138,919.1234401433156,1.5713085468027501,272.76338104643713,919.3378639012482,1.5212871032628181,188.7814801890561,1.5211778366592603,273.041346620226,1.5207817566605262,113.41090757452822,251.6724121656385,113.40199186841761,1.420152194656459,223.8314571312841,1.41946062761801,250.93575790092657,223.63403425259744,263.3320108692435,1.4193440436042726,1.411446298137095,249.6041004845131,1.3613612291775161,40.75046862269627,162.42803524908553,40.660492299934454,1.25981617013079,150.2623909086743,162.44131577044007,150.38386330657113,214.29533085744785,1.259598335043273,1.2516131336851317,160.31715348870316,1.2008712591821948,89.50925921388239,0.00852075566407007,0.0006412641775580665
123.31193089332032,180.00001329156134,24.158890897149192,599.9999357505792,1.6221711537076753,1219.5063577542132,1.6221950410033514,275.5846521246241,132.96900828105964,1.5719760507839604,920.612556191773,919.5043054061309,1.571315210292807,272.48605730291655,919.5043054061309,1.5212952431174993,189.46610547732556,1.5211914522151808,272.48605730291655,1.520794615986897,113.15840131107686,250.45815806142735,113.15840131130602,1.42005792538195,223.75732089839926,1.4194233722690766,250.45815806142735,223.75732089839926,263.2496201778422,1.4192852323967742,1.4114421156908827,248.55128023638332,1.361374024372195,41.71703916655808,162.5164911675844,41.71703916659119,1.2600040616706494,159.7340137763149,162.5164911675844,159.7340137763149,221.78313342748044,1.2597802440442978,1.2516531181559354,160.65239095954598,1.2009065572030222,88.87964655101592,0.009840394055488049,0.0004545870070888001,123.50505665585948,183.10206940397842,24.511184647269776,599.9297123323145,1.6221792286155428,1219.3941332923807,1.6222052993224976,275.4204398719612,131.89903433468135,1.5719777436265518,920.1906981160304,919.4691060779786,1.5713088929566819,272.7104869487927,919.5855467668977,1.52129947849913,189.822803043773,1.5211821874797902,273.1207672817351,1.5207834881449203,113.4203828364884,251.91675065860233,113.39061013604865,1.4201738405651352,223.7008542987557,1.4194704728759593,251.44991774828392,223.48430207577246,263.0177077726886,1.4193608999251281,1.411446584411519,249.8786369001092,1.3613684352445268,40.900666895683734,162.54603322892922,40.79811574803705,1.2599875596369574,158.4496844113675,162.42426689101026,158.58852368984915,222.43740323413797,1.259752918655876,1.2516160222327761,160.54702351182462,1.200882601401182,92.03411094362659,0.008514930083015937,0.0006134665010415793
123.31207967516698,179.99999805530194,24.158890307340798,599.9999618985607,1.6221710994693967,1219.506415856307,1.6221949867548857,275.5849700757218,132.96895887244207,1.571975811391503,920.6125082660208,919.5042571781206,1.5713149692923654,272.48637465120146,919.5042571781208,1.5212957468202855,189.46699868880756,1.5211919556124036,272.48637465120146,1.5207951188255242,113.15655789114987,250.45915730007073,113.15655789137841,1.4200610519582924,223.75548251301532,1.4194264957307963,250.45915730007073,223.75548251301532,263.2468762899132,1.4192883552371418,1.4114452107582567,248.55232870613145,1.3613740548423343,41.71626999326709,162.51357894740835,41.71626999331389,1.2599712407049266,159.9986958140853,162.51357894740835,159.9986958140853,222.0646906928328,1.2597473477198133,1.2516156678515886,160.64081730627868,1.2009167302874277,88.90660997214597,0.009812079375254747,0.00044689322388974986,123.4985602778206,183.72221472953822,24.61173966098277,599.931765981582,1.6221786290467022,1219.4073630290563,1.6222055182472814,275.4341602328581,131.77786521220486,1.571977445530141,919.9756222920664,919.3024280799841,1.5713090814945854,272.7244504816746,919.4181223678021,1.5212882080759056,189.37925865792917,1.5211747302823848,273.08832030438685,1.5207731540028375,113.43687155690878,251.7768711537282,113.39607408265634,1.4201680038217757,223.78636072103097,1.4194578326710512,251.271590314047,223.54697297562177,263.1002240968916,1.4193518529009574,1.4114445673945266,249.78527013205894,1.361365360326546,40.85037649433924,162.5494821486854,40.76820794888447,1.2599949566286694,159.24835661704907,162.43423945110501,159.31184577493732,223.2564221128423,1.2597730859134708,1.2516162500900219,160.46208097194702,1.200874746899715,90.75382634623999,0.008557530469004116,0.0006087004118833515
123.31206133061025,180.00000018308288,24.15889028565566,599.9999581469215,1.6221711142770572,1219.5064044988467,1.6221950015628859,275.5849311444347,132.9689655672777,1.571975840821275,920.612514822616,919.5042649612715,1.571314998918459,272.48633590695744,919.5042649612708,1.5212956202494066,189.4668905300262,1.521191829075962,272.48633590695744,1.520794992355507,113.15472309389419,250.4599234792643,113.15472309412297,1.4200608627346323,223.75337932138257,1.4194263060547232,250.4599234792643,223.75337932138257,263.2437148443041,1.419288165393001,1.4114450219671237,248.5531421253826,1.361374959411632,41.71551362691617,162.5136403009954,41.71551362696407,1.2599706768050138,159.99992364809805,162.5136403009954,159.99992364809805,222.0678783531597,1.2597467830577291,1.2516150232806282,160.64077714377805,1.2009167608381246,88.9332098023053,0.009795180281989353,0.00044061101050615003,123.4935569516558,183.82354206033008,24.626621788697395,599.9344051444369,1.6221782931185234,1219.413800415804,1.622205119107428,275.4516692363744,131.7538751974324,1.5719771459763283,919.9538360721963,919.3006008370706,1.5713090303814776,272.7238171270759,919.3928876030145,1.521287567189087,189.2773989268213,1.5211750717275154,273.0773472285347,1.520771885565806,113.43734096614958,251.7743318299046,113.39508336389412,1.420168032004729,223.780872745579,1.4194568999745327,251.23538422682702,223.55249899539092,263.108639057908,1.4193510805911862,1.41144439336084,249.77710345161017,1.3613640886478906,40.83086498727555,162.5419712918274,40.75146088974783,1.2599953476415986,159.40231673957786,162.41868888950518,159.4453936518203,223.35700679527415,1.2597743955897827,1.251615902642661,160.45056369499153,1.2008740889105516,90.52232181737125,0.008566577477940892,0.0006037391275599079
123.31206041012403,180.00000003560274,24.158890318379612,599.9999588190271,1.6221711126642504,1219.5064059437025,1.6221949999500702,275.5849291315857,132.96896595047147,1.571975842362888,920.6125152545033,919.5042655637324,1.57131500046998,272.4863339659139,919.5042655637324,1.5212956324677562,189.4668854199365,1.521191841296576,272.4863339659139,1.5207950045793528,113.15289264229554,250.46076628925357,113.15289264252269,1.4200608398964094,223.75124744241714,1.4194262827937218,250.46076628925357,223.75124744241714,263.24051209422953,1.4192881419781758,1.4114449994978342,248.5540324703416,1.3613749963498818,41.71476711699226,162.5136254872886,41.714767117041106,1.2599707137449814,159.99993123790227,162.5136254872886,159.99993123790227,222.06979953440913,1.2597468198458759,1.2516150211110697,160.6407019090678,1.2009167669241916,88.95930111161755,0.00978483184015755,0.0004354754958263001,123.48979270102375,183.83034070156498,24.6297649828231,599.9349639358766,1.6221782477709812,1219.4152019998535,1.6222049454163103,275.4675358554694,131.73731183614876,1.571976888827408,919.9418262379376,919.2963192707398,1.571309023089479,272.723068302807,919.3759355266072,1.5212878705359314,189.24059912961258,1.521175959806869,273.07617455451793,1.520771753910915,113.4387757206841,251.7742295837258,113.39630532725684,1.4201683444506814,223.77222212950244,1.4194575622506034,251.22631629514146,223.55355298838566,263.1170506221426,1.4193515535123105,1.4114443736322586,249.78584634202915,1.3613630812970872,40.830487078854226,162.5497093048234,40.7495776990646,1.259995479697689,159.4686214236546,162.41851395899712,159.5187799269362,223.39783889318633,1.2597752883511761,1.2516155356410468,160.45106018962653,1.2008739331809113,90.54926893421688,0.008575571287932918,0.0006006081395397072
123.31206068168137,179.99999999635588,24.15889030539882,599.9999587743565,1.6221711127046974,1219.5064057357733,1.6221949999905128,275.5849297102516,132.96896582514623,1.5719758419209642,920.6125151333567,919.5042654184249,1.5713150000251712,272.4863345354963,919.5042654184242,1.5212956331726435,189.46688695403958,1.5211918420010888,272.4863345354963,1.5207950052831833,113.15106728580298,250.4616102614129,113.15106728603133,1.4200608388080684,223.74911981820665,1.4194262812752054,250.4616102614129,223.74911981820665,263.2373158082656,1.4192881403048638,1.4114449986888418,248.55492403851645,1.3613749981245593,41.71403057552073,162.51361175321273,41.71403057556887,1.2599707567481566,159.99993164090296,162.51361175321273,159.99993164090296,222.0717024309033,1.2597468627145734,1.2516150206544492,160.6406291972931,1.200916773668676,88.98488936478375,0.00977827506603275,0.00043127619004975005,123.48581071204343,183.8102788764545,24.628388963078898,599.9346061987953,1.622178284232014,1219.414744732115,1.6222048776932103,275.4806972477406,131.71641331019129,1.5719768157978296,919.9266479507999,919.2804210380701,1.5713091732752722,272.7192540007945,919.3541383823284,1.5212884518191407,189.1992414979076,1.5211769007736702,273.07455141050013,1.52077259750072,113.43866384673728,251.77117397981414,113.39621248341474,1.4201683906582743,223.76100798809117,1.4194583345175593,251.22436436088833,223.5548984339317,263.1241872609056,1.4193522553261246,1.411444475924162,249.79574758178182,1.3613619016650242,40.8326999073246,162.55961138566997,40.74888158540901,1.2599954243108002,159.52819693629675,162.42198873804577,159.5865045044921,223.43597323631107,1.2597762594295072,1.2516151974003848,160.45165158766258,1.2008738170123476,90.6306002323328,0.008589753481013757,0.0005973729441008546
123.31206069742649,179.99999999969805,24.158890305650047,599.9999587735609,1.622171112713892,1219.5064057352577,1.6221949999997083,275.5849297443794,132.9689658199945,1.571975841895084,920.61251512752,919.5042654112585,1.5713149999991205,272.4863345689264,919.5042654112581,1.5212956331654826,189.46688704567788,1.5211918419939026,272.4863345689264,1.5207950052759536,113.14924698395154,250.4624513061753,113.14924698417894,1.4200608384638778,223.74699834407932,1.4194262805054232,250.4624513061753,223.74699834407932,263.2341287906413,1.4192881393813814,1.411444998663657,248.55581254617246,1.3613749991325652,41.71330388974687,162.51360606895506,41.71330388979541,1.2599708001036425,159.9999319261378,162.51360606895506,159.9999319261378,222.07359331802832,1.2597469059119977,1.251615019948146,160.6405647954619,1.2009167685474993,89.00998203947117,0.009773914203345405,0.0004278411770142501,123.48487512000322,183.78116457038618,24.62576182109133,599.9341889935947,1.6221783142229205,1219.4141065465362,1.6222048306367578,275.4895110287666,131.7063615463345,1.5719767663781599,919.9242529731824,919.2696300277285,1.5713093269688274,272.7149249253118,919.3476263254389,1.5212890070257712,189.17927097154515,1.5211779470133666,273.07523039981874,1.5207737883180605,113.4402652588524,251.77511908340486,113.39823140447791,1.4201688069652,223.74988349894028,1.4194595461195367,251.2317357633847,223.55543204683207,263.1282798169597,1.4193533469820672,1.411444573290738,249.81159663830528,1.3613607221049853,40.83691850855888,162.57299889350915,40.75037162431048,1.2599957140675078,159.5742936759477,162.4311545896236,159.64348794540518,223.46057511210768,1.2597771746779423,1.251614826559794,160.45719094933474,1.2008737599608748,90.70336747598284,0.0086066379344938,0.0005938225212400964
123.31206069769715,179.99999999999218,24.158890305704695,599.9999587738964,1.6221711127141842,1219.5064057360528,1.6221950000000007,275.5849297449887,132.9689658200005,1.5719758418946297,920.6125151274778,919.5042654112049,1.5713149999986633,272.4863345695204,919.5042654112049,1.5212956331489698,189.46688704739242,1.5211918419773882,272.4863345695204,1.5207950052594372,113.14743171737533,250.4632899604266,113.14743171760239,1.4200608381332938,223.74488276916867,1.4194262797507546,250.4632899604266,223.74488276916867,263.23095064792085,1.4192881384735,1.4114449986547668,248.55669853109555,1.361374999996246,41.71258694168938,162.5136075668626,41.712586941739374,1.2599708441242656,159.99993230084152,162.5136075668626,159.99993230084152,222.07547261987423,1.259746949754119,1.25161501947044,160.64050784346358,1.2009167531788192,89.03458759751918,0.009770828841594697,0.00042503009294949984,123.48497265995466,183.74735697454184,24.623191938703,599.9345307374759,1.6221782022308082,1219.4148241718365,1.6222046587824264,275.4953594515933,131.69623667034494,1.5719767954711994,919.9235416244478,919.261237600315,1.5713095412703701,272.71070405943027,919.3466796080604,1.5212896984004975,189.1695312933723,1.521179058702733,273.07390664722146,1.5207750835309237,113.44184591085367,251.78340859767968,113.40037661623312,1.4201693545520568,223.74007071168023,1.4194611494723839,251.23995164358013,223.55370351155346,263.1249956949968,1.4193546039450993,1.4114447712310798,249.82830333921657,1.3613604783759794,40.84126382026383,162.58568566522618,40.75160474900239,1.2599965958955164,159.60291244622545,162.43719248089917,159.68607453471955,223.473761777457,1.2597780201390072,1.2516146823386214,160.4630974373215,1.200874281697829,90.74156046562157,0.008621415163451792,0.0005907633693520905
123.31206069767322,179.99999999999997,24.158890305677488,599.9999587739158,1.6221711127141831,1219.506405735462,1.6221949999999996,275.58492974493663,132.96896581997993,1.5719758418946683,920.6125151274815,919.5042654112144,1.571314999998702,272.4863345694716,919.5042654112143,1.5212956331333771,189.46688704725995,1.5211918419617945,272.4863345694716,1.5207950052438428,113.14562147241566,250.4641262732387,113.14562147264311,1.4200608378053035,223.74277305798563,1.4194262789999579,250.4641262732387,223.74277305798563,263.22778131558164,1.419288137569934,1.4114449986485782,248.55758204363184,1.361375000733787,41.711879616885014,162.5136151822825,41.711879616934496,1.2599708886584247,159.99993274633698,162.5136151822825,159.99993274633698,222.0773405405159,1.259746994092778,1.2516150191931175,160.64045728562917,1.2009167314857296,89.05871506876636,0.009768488667305203,0.00042272834698204985,123.48305235671015,183.737095374862,24.624689635095585,599.936056431797,1.6221779144348187,1219.4175323283464,1.6222043297400557,275.50525211529435,131.68440327925225,1.5719767484576177,919.9252174875147,919.256973452887,1.5713096393667572,272.7059151795719,919.3476393896161,1.5212900907703644,189.16400674697948,1.521179757865113,273.06979641096416,1.520775775822169,113.44381812166883,251.7917772159941,113.40253509139434,1.4201700013451724,223.73074753824073,1.4194626262047714,251.24566144047924,223.55036719035067,263.1174559714488,1.419355645578307,1.4114449078584599,249.84622260105743,1.3613602216826648,40.84600514188592,162.5990812857846,40.75226878807804,1.2599975133482662,159.63029264035677,162.44035137094343,159.72729869027287,223.48145431100644,1.259778655268693,1.2516145719380922,160.46859184475105,1.200874767769193,90.77063068864294,0.008632217944704364,0.0005886476669478646
123.31206069765938,179.9999999999997,24.158890305648136,599.9999587739164,1.6221711127141831,1219.506405734834,1.6221949999999996,275.5849297449053,132.9689658199469,1.5719758418946908,920.6125151274789,919.5042654112134,1.5713149999987248,272.48633456943907,919.5042654112137,1.5212956331180751,189.466887047157,1.5211918419464912,272.48633456943907,1.5207950052285386,113.14381623543667,250.46496025672283,113.14381623566564,1.4200608374800499,223.74066919198583,1.4194262782531477,250.46496025672283,223.74066919198583,263.22462075932515,1.419288136670791,1.4114449986450142,248.55846309659182,1.3613750013775006,41.711181803287644,162.5136281359305,41.711181803336665,1.2599709335452196,159.9999332401112,162.5136281359305,159.9999332401112,222.0791972593406,1.259747038769568,1.25161501904376,160.64041234786777,1.2009167058949783,89.08237377850733,0.0097665882888484,0.00042084239405184985,123.48004118899674,183.71967982274393,24.62516667913174,599.9382600436895,1.6221775100179137,1219.421335590199,1.6222038749114134,275.5130874396991,131.67836729548927,1.57197668609732,919.9290833106598,919.2588337917159,1.5713097228618675,272.6985265035444,919.3532134385787,1.5212908603624924,189.15778451590378,1.5211807594513727,273.06075140203154,1.5207767332606346,113.44629953194297,251.79691897856648,113.40568832200657,1.420170565768231,223.72277146444802,1.419464075989392,251.24718166864406,223.54752610691094,263.1098720897362,1.419356715291287,1.4114450819575992,249.85592160614584,1.3613603800633043,40.85153943605257,162.60914967737506,40.75403924137636,1.2599983409790805,159.65215159401689,162.44192422438118,159.75933822910343,223.48823552526164,1.2597790397454078,1.2516145147641486,160.47271015286526,1.2008755087872216,90.80531095470349,0.00864264738735169,0.0005862730716747688
123.31206069765037,179.9999999999996,24.158890305621604,599.9999587739159,1.6221711127141827,1219.5064057342622,1.6221949999999992,275.5849297448844,132.96896581991763,1.5719758418947056,920.6125151274753,919.5042654112083,1.5713149999987395,272.4863345694164,919.5042654112083,1.5212956331029548,189.46688704708532,1.5211918419313701,272.4863345694164,1.5207950052134165,113.14201599260458,250.46579192126214,113.14201599283157,1.4200608371570391,223.73857115328872,1.4194262775098112,250.46579192126214,223.73857115328872,263.2214689481506,1.4192881357755551,1.4114449986434432,248.55934170096612,1.3613750019534212,41.7104933908804,162.51364586278447,41.71049339093025,1.2599709786706357,159.99993376612431,162.51364586278447,159.99993376612431,222.0810429463653,1.2597470836722717,1.2516150189710782,160.64037246757582,1.2009166779340816,89.10557317862647,0.009764951891177404,0.0004192958751494499,123.47835732507764,183.7100652076434,24.626875162424028,599.9420785046088,1.6221768664952712,1219.4277834741833,1.6222032038403675,275.5194087018624,131.67692429286836,1.5719766374530983,919.9375309651742,919.2683027073281,1.571309737376746,272.69280453194926,919.3595922408601,1.5212918193983755,189.1652391372033,1.5211818849395937,273.05593279046167,1.520778056845,113.45153338731092,251.80504523556814,113.41140600333799,1.4201713546928463,223.7170654785178,1.4194657127585175,251.25059534456466,223.54674239397792,263.10421927853133,1.4193577818585075,1.411445277361643,249.86666799620764,1.361360692383107,40.85962318299766,162.61776538518112,40.7577916496585,1.2599990675519557,159.6751163280304,162.44854166803566,159.78726620588094,223.50218370399386,1.2597796635023368,1.2516144724099105,160.47741985901555,1.200876058847841,90.85943153844589,0.008653291847671035,0.0005845178551588373
123.31206069764306,179.9999999999999,24.158890305597758,599.9999587739151,1.6221711127141827,1219.5064057337459,1.6221949999999987,275.5849297448677,132.9689658198894,1.5719758418947176,920.6125151274722,919.5042654112033,1.5713149999987515,272.4863345693991,919.5042654112035,1.5212956330880059,189.46688704703084,1.52119184191642,272.4863345693991,1.5207950051984658,113.14022072994602,250.46662127699716,113.14022073017358,1.4200608368357859,223.73647892399293,1.4194262767694448,250.46662127699716,223.73647892399293,263.21832585235086,1.4192881348837179,1.4114449986432402,248.56021786739933,1.3613750024799467,41.709814271396596,162.51366794799677,41.70981427144702,1.2599710239589972,159.99993431323816,162.51366794799677,159.99993431323816,222.08287776372146,1.2597471287265238,1.2516150189440993,160.64033723056886,1.2009166485578855,89.12832274348338,0.009763478263152145,0.0004180264656151001,123.47778287140974,183.70841062412913,24.62722229874441,599.9462548714032,1.622176263102144,1219.435004586923,1.622202594380067,275.5208000211492,131.6643459276226,1.5719765052502577,919.9344168730063,919.2657281934805,1.5713096624091267,272.6908571048454,919.3488308425818,1.5212916728317196,189.15667380188864,1.521182028229742,273.0569972548772,1.5207784433961384,113.45494727269855,251.81186122672278,113.41517511732509,1.4201715631787888,223.7146395743651,1.4194668537044455,251.25727458671474,223.54697959202477,263.0991207089058,1.4193583279830053,1.4114452780707156,249.87691631723234,1.3613602867682968,40.866632907857955,162.62202760503857,40.76136844167625,1.259999689960467,159.69232104452183,162.45761168811777,159.8105871901469,223.52223148008446,1.2597805001107447,1.251614294801619,160.48054317989346,1.200875734141662,90.91362948233234,0.00866400290329225,0.0005831073470063172
123.3120606976344,180.00000000000028,24.158890305575966,599.9999587739142,1.6221711127141818,1219.5064057332788,1.6221949999999985,275.58492974484795,132.9689658198651,1.5719758418947314,920.6125151274688,919.5042654111985,1.5713149999987654,272.4863345693851,919.5042654111983,1.5212956330732386,189.46688704697848,1.521191841901652,272.4863345693851,1.5207950051836963,113.13843043337505,250.46744833341506,113.13843043360222,1.4200608365160423,223.734392486373,1.4194262760317864,250.46744833341506,223.734392486373,263.21519144312424,1.4192881339950139,1.4114449986440465,248.5610916058526,1.36137500297008,41.70914433814785,162.51369408264674,41.70914433819682,1.2599710693603732,159.9999348735169,162.51369408264674,159.9999348735169,222.08470186660008,1.2597471738833574,1.2516150189449213,160.6403063272224,1.2009166183734388,89.15063190491458,0.009762109121644599,0.00041698330103434985,123.47856474296961,183.717298707366,24.62549270097491,599.9504033239446,1.6221757486279325,1219.4420602376986,1.6222020741439076,275.5187071142922,131.64946876300158,1.5719762595515656,919.927068081439,919.2548187345992,1.5713094950819533,272.6914614191677,919.3274421715785,1.5212904838803423,189.1373507269119,1.5211810946582456,273.0600330009093,1.5207778068445592,113.45683355970918,251.82046673638976,113.41761962072034,1.4201714553139118,223.71338708928093,1.419467546935094,251.2680150639179,223.54549917185793,263.08911775235305,1.4193586310331103,1.4114450936627514,249.8881967762191,1.361359035232336,40.872179904828684,162.62393409405402,40.765005254442585,1.260000404239832,159.7026714550814,162.4667618213021,159.8279847159147,223.5448421856423,1.2597812798553694,1.251613958329282,160.48335431853107,1.200874779051509,90.96083349615816,0.008671130889426244,0.0005826256391084736
123.31206069762757,179.99999999999977,24.158890305556255,599.9999587739146,1.6221711127141822,1219.5064057328561,1.6221949999999987,275.58492974483204,132.96896581984242,1.571975841894743,920.6125151274668,919.5042654111958,1.571314999998777,272.4863345693678,919.5042654111955,1.5212956330586023,189.466887046924,1.5211918418870143,272.4863345693678,1.5207950051690582,113.13664508872043,250.4682730994415,113.13664508894595,1.4200608361975546,223.73231182287265,1.4194262752965676,250.4682730994415,223.73231182287265,263.21206569237495,1.4192881331091725,1.4114449986455198,248.56196292572645,1.3613750034326895,41.70848348587447,162.51372403171118,41.7084834859245,1.2599711148411146,159.99993544153125,162.51372403171118,159.99993544153125,222.08651540394186,1.2597472191098493,1.2516150189630717,160.64027952106048,1.2009165877768684,89.17251001088518,0.00976081086809425,0.00041612487456354997,123.48019948772462,183.72513146329732,24.623527623103534,599.9539405746121,1.622175296934345,1219.4478771747024,1.6222016354767461,275.51452583369866,131.63806865749584,1.5719760460422043,919.923667430665,919.2462155384608,1.5713093292065379,272.6947090900737,919.3136568517381,1.5212892871577992,189.1235064302128,1.521180085590974,273.0625664193039,1.520777092999676,113.45781735843744,251.82985571266144,113.41932829341677,1.4201715307797111,223.71338047287796,1.4194682864142907,251.27995009627188,223.5434891086325,263.07805839663075,1.4193589537828901,1.411444929337905,249.90207430947072,1.3613579718469087,40.876613818592084,162.62506632542943,40.76786656102874,1.2600011162719966,159.7040517651992,162.47532631756812,159.84049688875868,223.56210981369418,1.2597820077117923,1.2516136434932585,160.48708152473463,1.2008739848887202,91.00446461740486,0.00867523052460101,0.0005826907385006539
123.31206069762166,179.99999999999977,24.158890305538577,599.9999587739137,1.622171112714183,1219.5064057324753,1.6221949999999992,275.58492974481885,132.9689658198228,1.5719758418947523,920.6125151274643,919.5042654111944,1.5713149999987868,272.4863345693519,919.504265411195,1.5212956330440877,189.46688704687466,1.5211918418724992,272.4863345693519,1.520795005154542,113.13486468175095,250.46909558360872,113.13486468197706,1.4200608358802027,223.73023691604408,1.4194262745636583,250.46909558360872,223.73023691604408,263.2089485725504,1.4192881322260607,1.4114449986474689,248.56283183599197,1.3613750038740167,41.70783161065227,162.51375761241496,41.7078316107026,1.2599711603781132,159.99993601343579,162.51375761241496,159.99993601343579,222.08831851898378,1.2597472643834444,1.2516150189923902,160.64025662725413,1.2009165570345055,89.19396629865234,0.009759564086297046,0.0004154173192525,123.4820664815446,183.72476024263707,24.62150170690797,599.956403081706,1.6221749342304934,1219.451654439946,1.6222012914796857,275.5090676079351,131.6363232015256,1.5719759692453799,919.9252966988366,919.2460657358959,1.5713092498066967,272.69773653888393,919.3112573978487,1.5212887862999893,189.1162784168983,1.5211797203559811,273.06239563482154,1.5207769503805957,113.45850186552445,251.83733693512764,113.42074574785072,1.4201719174181366,223.71363156537106,1.4194689565730414,251.2883708895911,223.5418082114554,263.0691367489815,1.4193593969482228,1.4114449149873667,249.91529749181902,1.3613575635191968,40.881774015178635,162.62731760501154,40.77182316688412,1.2600019077493165,159.7018759572059,162.48439481651536,159.8462926589943,223.5764687103001,1.2597828110419633,1.251613480077202,160.4913796498193,1.2008738347272678,91.0548919705663,0.00867791542847351,0.0005830272741189254
123.31206069761629,179.9999999999999,24.15889030552249,599.9999587739135,1.622171112714183,1219.5064057321292,1.6221949999999992,275.5849297448061,132.96896581980482,1.5719758418947611,920.6125151274616,919.5042654111905,1.5713149999987954,272.48633456934294,919.5042654111908,1.5212956330296836,189.46688704684078,1.521191841858094,272.48633456934294,1.520795005140136,113.13308919819812,250.46991579408564,113.13308919842409,1.4200608355638968,223.72816774856454,1.419426273832959,250.46991579408564,223.72816774856454,263.2058400565365,1.4192881313455759,1.4114449986497464,248.56369834525145,1.361375004298365,41.70718860980288,162.5137946784103,41.70718860985434,1.2599712059549812,159.99993658659076,162.5137946784103,159.99993658659076,222.09011134971377,1.2597473096881915,1.251615019029107,160.64023749708258,1.2009165263307915,89.21500987699895,0.009758357499831503,0.00041483300489564994,123.48403908544725,183.7248981245966,24.620053754792224,599.9579619545326,1.6221746689014802,1219.453795905177,1.6222010649221583,275.50300020051884,131.63875360273988,1.5719759864674692,919.9283020695823,919.251246117616,1.571309217562931,272.700735638853,919.3147490169566,1.5212887779243993,189.1117730482902,1.5211798702394599,273.05992686561353,1.5207772514303988,113.45809646663467,251.84281699369905,113.4211257732665,1.4201723489059404,223.71397727242677,1.419469529651742,251.28996895949697,223.5403923012176,263.06356262989055,1.4193598004047865,1.411445006185011,249.9261935990616,1.3613575590297047,40.88723495065174,162.63015452151194,40.77613926209084,1.2600026160802091,159.69841815905698,162.4936945279602,159.84519964746713,223.58747819640405,1.2597836545644903,1.2516133665735476,160.49523622434324,1.2008740366863384,91.11336477870938,0.008680082071040903,0.0005834298734775445
123.31206069761197,179.99999999999994,24.158890305508027,599.9999587739132,1.622171112714183,1219.506405731818,1.622194999999999,275.58492974479634,132.968965819787,1.5719758418947682,920.6125151274596,919.504265411186,1.5713149999988025,272.48633456933067,919.5042654111861,1.5212956330153644,189.46688704680128,1.5211918418437738,272.48633456933067,1.5207950051258146,113.13131862377644,250.47073373874457,113.13131862400262,1.4200608352485804,223.72610430322374,1.4194262731044047,250.47073373874457,223.72610430322374,263.2027401176209,1.4192881304676517,1.411444998652251,248.56456246179562,1.361375004708763,41.70655438185791,162.5138351091253,41.70655438190829,1.259971251559734,159.99993715914988,162.5138351091253,159.99993715914988,222.09189402931037,1.2597473550124572,1.251615019070816,160.64022200736736,1.2009164957969156,89.23564971434726,0.009757184497670053,0.00041434939189940014,123.48579379580683,183.7153630567804,24.617719352505762,599.9580336707425,1.6221745872345452,1219.4534813650564,1.622201027304436,275.4980095835682,131.64088232020623,1.5719761325843722,919.9277273992071,919.2544930011152,1.57130929254783,272.70382566254443,919.3176039751596,1.5212893907733445,189.1073893558908,1.5211806491095101,273.05673105234393,1.5207781341503923,113.45621363964301,251.84561088105426,113.41991476663048,1.4201727191891984,223.71444703703838,1.419469989230324,251.28855097751097,223.53905016387304,263.06351281042276,1.4193601186422062,1.4114452174777352,249.93397889246282,1.36135801198825,40.893091896041966,162.6340374717461,40.781328992638116,1.2600030745091606,159.69462964830814,162.50366658101,159.8400410416615,223.5924517526619,1.2597845449350202,1.2516133467911237,160.49923565346037,1.2008746421032765,91.17850775038428,0.008684215860240476,0.0005834351233490494
123.31206069760684,179.9999999999999,24.158890305495007,599.9999587739127,1.6221711127141827,1219.506405731535,1.622194999999999,275.58492974478463,132.96896581977182,1.5719758418947765,920.612515127458,919.5042654111841,1.571314999998811,272.48633456932026,919.504265411184,1.5212956330011427,189.46688704676797,1.5211918418295511,272.48633456932026,1.5207950051115913,113.12955294418555,250.47154942526095,113.12955294440695,1.4200608349342274,223.7240465628758,1.4194262723779616,250.47154942526095,223.7240465628758,263.19964872937766,1.419288129592252,1.4114449986549187,248.56542419370535,1.3613750051072964,41.705928826497924,162.51387880180806,41.70592882654886,1.2599712971832573,159.99993772986858,162.51387880180806,159.99993772986858,222.0936666864264,1.2597474003474203,1.2516150191158946,160.6402100526629,1.2009164655282882,89.25589463076358,0.009756041138125346,0.00041394809518395,123.48641519591116,183.7093704946935,24.61579793507881,599.9573650157238,1.6221746786604934,1219.4518859011096,1.622201131488867,275.4943126494632,131.64212907447066,1.5719762733693845,919.9229514224409,919.2539216611003,1.5713093375353133,272.70678154781655,919.3178025506539,1.5212896170622945,189.09891220792008,1.5211810680522904,273.0530090569241,1.5207787657578111,113.45346696124753,251.8463695224551,113.41786412872685,1.4201728642634963,223.71290243776264,1.4194702164662552,251.28952799655298,223.53782976834333,263.06316294188747,1.4193603558376384,1.4114453725519116,249.93978080380563,1.3613580576274187,40.8990472881638,162.63963423391436,40.786980152538305,1.2600035300299697,159.68804731837542,162.5137841559607,159.83148975872078,223.5955752059142,1.2597852954723383,1.2516132866566616,160.50381649078184,1.2008749013944748,91.24318369600432,0.008689337050739373,0.0005833708156781045
123.31206069760304,179.9999999999999,24.15889030548317,599.999958773913,1.622171112714183,1219.5064057312793,1.6221949999999992,275.5849297447759,132.96896581975864,1.5719758418947825,920.6125151274566,919.5042654111811,1.5713149999988172,272.4863345693101,919.5042654111808,1.5212956329869978,189.46688704673335,1.5211918418154051,272.4863345693101,1.5207950050974444,113.12779214512292,250.47236286098445,113.12779214534692,1.4200608346208003,223.72199451053012,1.419426271653586,250.47236286098445,223.72199451053012,263.1965658657761,1.4192881287193315,1.4114449986576882,248.56628354872595,1.3613750054954403,41.705311844541754,162.51392566646427,41.705311844592586,1.2599713428183708,159.9999382978904,162.51392566646427,159.9999382978904,222.09542944554732,1.2597474456861524,1.2516150191631867,160.64020154021676,1.2009164355953816,89.27575329264604,0.009754925003368702,0.0004136141197277,123.48611458352303,183.69911950131825,24.612863738490326,599.9561415200922,1.6221749168965596,1219.4494821644562,1.6222013494980574,275.4937979659376,131.63809944155176,1.571976291864638,919.9138623115348,919.2449439585497,1.5713093070281492,272.7102200548243,919.3131665096184,1.521289325705249,189.0875483198055,1.521180842477135,273.0485938977651,1.5207788057462768,113.45044867136258,251.8453727274032,113.4157027702165,1.4201727350350355,223.71066113125306,1.4194703642730542,251.29143869572164,223.53658786950393,263.0628481734318,1.4193604815906684,1.4114454041383684,249.9429350292765,1.3613575569170024,40.904949646078606,162.64516305205922,40.79270594141161,1.260003923488382,159.68064012226688,162.52168797265566,159.82408511637746,223.59378627365578,1.2597857227261262,1.2516131364802263,160.50805118043527,1.200874771462608,91.29927839601537,0.0086952771688947,0.0005828569216023661
123.31206069759921,179.99999999999963,24.158890305472376,599.999958773913,1.6221711127141831,1219.5064057310492,1.6221949999999992,275.584929744767,132.96896581974735,1.571975841894789,920.6125151274554,919.5042654111784,1.5713149999988234,272.4863345693001,919.5042654111785,1.5212956329729312,189.4668870467005,1.5211918418013377,272.4863345693001,1.520795005083376,113.1260362123019,250.47317405321155,113.12603621252697,1.4200608343083165,223.7199481292139,1.41942627093129,250.47317405321155,223.7199481292139,263.1934915009128,1.4192881278489005,1.4114449986605524,248.56714053455235,1.361375005874255,41.70470333790951,162.51397562192727,41.70470333795948,1.2599713884591968,159.9999388626229,162.51397562192727,159.9999388626229,222.09718242721567,1.2597474910229987,1.2516150192118434,160.6401963860901,1.200916406050705,89.29523420933637,0.009753834543050599,0.00041333523636934995,123.48508284828485,183.69337618738894,24.610249479912586,599.9547660600482,1.622175182862954,1219.447068800503,1.6222015899210824,275.4950044733893,131.63107375039115,1.5719762399068895,919.9024310305591,919.2314843722849,1.5713092569431788,272.712865831431,919.3078694212137,1.521288720035381,189.06990192065862,1.5211803077500867,273.04147246142355,1.5207784390563985,113.44688196847027,251.8427126436894,113.41315907961106,1.4201725065154274,223.7081459056601,1.419470401381884,251.29157123706455,223.53440842636223,263.0616949659782,1.4193605052612204,1.4114453695738067,249.94403387291317,1.361356854515552,40.9105401501533,162.65210348334745,40.79824563420728,1.2600046449059141,159.67864946225424,162.52768124397556,159.824253664884,223.5941682787298,1.2597860728907173,1.251612988465711,160.5116869796789,1.2008745877236358,91.34316738440893,0.008701587941557943,0.0005817570747183593
123.3120606975962,179.99999999999972,24.15889030546259,599.9999587739129,1.6221711127141831,1219.5064057308407,1.6221949999999992,275.58492974476,132.96896581973576,1.5719758418947936,920.6125151274542,919.5042654111754,1.5713149999988283,272.48633456929474,919.5042654111754,1.5212956329589313,189.46688704668105,1.5211918417873367,272.48633456929474,1.5207950050693744,113.12428513145596,250.4739830090902,113.1242851316803,1.4200608339967355,223.71790740204827,1.419426270211026,250.4739830090902,223.71790740204827,263.19042560916637,1.4192881269809101,1.411444998663452,248.56799515871558,1.361375006244407,41.70410320958072,162.51402859313671,41.70410320963227,1.2599714341006916,159.999939423731,162.51402859313671,159.999939423731,222.09892574824215,1.2597475363531188,1.2516150192611737,160.6401945987222,1.2009163769334763,89.31434573110806,0.009752768698950254,0.0004131014722119499,123.48579239905335,183.68643966419452,24.609326168874862,599.9535518322439,1.6221753512250525,1219.4450133140183,1.622201744547141,275.4947436446107,131.63682113362998,1.5719763040710655,919.9026663347803,919.232611375302,1.5713093074687794,272.71309849935943,919.3152228111185,1.5212888675395109,189.07622461832867,1.521180433335582,273.03966677852577,1.5207784904442363,113.44549277085221,251.8456630560591,113.41255357629306,1.4201727751589586,223.70583975840134,1.4194705000070442,251.2955201275508,223.53150812611582,263.0571653573202,1.4193608048819317,1.4114453931477433,249.9465223122222,1.3613570364720273,40.91102349184847,162.65407791638634,40.79933648749512,1.2600051243528019,159.67393010407164,162.52983973433163,159.8178896818802,223.58706872691292,1.2597861384779216,1.25161303860058,160.5141784437024,1.2008749361619702,91.34075775918117,0.008706435010281696,0.0005811589331090951
123.31206069759361,179.99999999999983,24.1588903054541,599.999958773912,1.6221711127141831,1219.5064057306517,1.6221949999999994,275.5849297447541,132.96896581972555,1.571975841894798,920.6125151274524,919.5042654111724,1.5713149999988327,272.48633456929076,919.5042654111724,1.5212956329449714,189.4668870466674,1.5211918417733759,272.48633456929076,1.5207950050554122,113.12253888833071,250.47478973553552,113.12253888855571,1.4200608336860656,223.7158723122701,1.4194262694927986,250.47478973553552,223.7158723122701,263.1873681650807,1.4192881261153625,1.4114449986663855,248.56884742853174,1.3613750066064523,41.703511363611774,162.51408450963942,41.70351136366246,1.259971479738429,159.99993998095368,162.51408450963942,159.99993998095368,222.10065952200426,1.2597475816722759,1.251615019310627,160.6401958463775,1.2009163482727465,89.3330960482196,0.009751726690950854,0.00041290469465104986,123.48608889877846,183.66877486391883,24.60746952636955,599.9521484078364,1.6221755713113373,1219.4426332795158,1.622201951796011,275.4939207088922,131.63803633423714,1.5719763352869618,919.9007489548395,919.2318606205873,1.5713093206531275,272.71202954061545,919.3182153786553,1.521288895170323,189.07568544760574,1.521180430635806,273.03787319574315,1.5207783802946298,113.4438434951413,251.8480420679727,113.4114798170758,1.4201729409743256,223.70285245245574,1.419470550131462,251.29774345598224,223.52854066937917,263.05337907776703,1.4193609832361882,1.4114453718101125,249.94848790610075,1.3613570240358939,40.91235760384675,162.65656345073575,40.80098467630557,1.2600054359866693,159.6718666617494,162.53233439549018,159.81335547167825,223.58134364433297,1.2597862922039895,1.2516130490622193,160.5175435185072,1.2008751212031799,91.3736472811664,0.00871066672536311,0.0005806299449190336
123.31206069759091,179.9999999999996,24.158890305445972,599.9999587739123,1.6221711127141831,1219.5064057304812,1.6221949999999996,275.5849297447479,132.968965819718,1.571975841894802,920.6125151274517,919.5042654111726,1.5713149999988367,272.48633456928246,919.5042654111721,1.5212956329310936,189.46688704664012,1.5211918417594976,272.48633456928246,1.520795005041533,113.1207974687023,250.47559423953274,113.1207974689254,1.420060833376306,223.71384284310534,1.4194262687766015,250.47559423953274,223.71384284310534,263.18431914342847,1.419288125252251,1.4114449986693383,248.5696973513264,1.3613750069607367,41.702927705090396,162.51414330408048,41.702927705141626,1.259971525368417,159.99994053415875,162.51414330408048,159.99994053415875,222.10238385851883,1.2597476269766554,1.251615019359773,160.64020031767149,1.2009163200897943,89.35149319076606,0.00975070789549525,0.0004127382718822999,123.48638648486738,183.6506699020031,24.605665491121034,599.950707469036,1.6221757925647378,1219.4402334285796,1.6222021648744378,275.4929457392867,131.63893215026417,1.5719763773288784,919.8994986584828,919.2314756628334,1.5713093374834746,272.71104493695987,919.321167882715,1.5212889772733074,189.07661532175106,1.521180492993896,273.03651245136524,1.5207783658248009,113.44225765311157,251.84994140645483,113.41032244073368,1.4201731039034864,223.70000012113093,1.4194706308961977,251.29995289913015,223.52563706093127,263.05010118323764,1.4193611469961827,1.4114453637157762,249.9505066527549,1.3613570561345623,40.91479273138849,162.6602141743824,40.80361066344885,1.2600057303699665,159.66971894517386,162.5359810627772,159.80955802275102,223.57675084476654,1.2597865374936719,1.2516130698828214,160.52139909404798,1.2008752972858936,91.41593462805898,0.00871488368484411,0.0005801853355105678
123.31206069758863,179.99999999999997,24.15889030543896,599.9999587739118,1.6221711127141827,1219.506405730327,1.622194999999999,275.5849297447427,132.96896581970856,1.571975841894806,920.6125151274506,919.5042654111708,1.5713149999988407,272.4863345692782,919.5042654111708,1.521295632917253,189.46688704662424,1.5211918417456556,272.4863345692782,1.5207950050276904,113.11906085838132,250.47639652781788,113.11906085860431,1.420060833067464,223.7118189779266,1.419426268062438,250.47639652781788,223.7118189779266,263.18127851907076,1.4192881243915771,1.4114449986723137,248.57054493424545,1.361375007307585,41.70235214014608,162.51420491156154,41.70235214019804,1.2599715709869765,159.9999410832305,162.51420491156154,159.9999410832305,222.10409886472104,1.2597476722627496,1.251615019408273,160.64020785893493,1.2009162923997094,89.36954502914428,0.00974971177696215,0.0004125967958689501,123.48669221868495,183.63318540890526,24.60396309166117,599.9493424873866,1.6221760032602741,1219.4380269355788,1.62220236913293,275.4919972710009,131.6393808278791,1.5719764199757544,919.8983368924271,919.2307876161692,1.5713093513330878,272.710323770097,919.323524660292,1.521289061719977,189.0781468791669,1.5211805659490654,273.035702780803,1.520778394897431,113.44054840373843,251.8513518146498,113.40891421301696,1.4201732364425954,223.69728144114634,1.4194707108229077,251.30204999771124,223.52277083516023,263.0472173154081,1.4193612691908946,1.411445356755956,249.95238182338565,1.3613571059751273,40.91744094846863,162.66426749172007,40.80638463825796,1.2600059986460785,159.66755079847633,162.5398006323925,159.80689061494706,223.57309682891142,1.2597868061750466,1.2516130970522807,160.5252661578952,1.2008754538687239,91.45773489256307,0.00871904995558465,0.0005797406318345584
123.31206069758531,179.9999999999999,24.15889030543241,599.9999587739114,1.6221711127141831,1219.5064057301872,1.6221949999999994,275.5849297447352,132.96896581970176,1.571975841894811,920.6125151274496,919.50426541117,1.5713149999988463,272.4863345692712,919.5042654111702,1.5212956329034766,189.46688704660545,1.5211918417318786,272.4863345692712,1.5207950050139125,113.11732904320547,250.47719660719267,113.11732904343053,1.420060832759534,223.70980070010756,1.4194262673502986,250.47719660719267,223.70980070010756,263.178246267045,1.4192881235333297,1.411444998675297,248.5713901844352,1.361375007647152,41.701784575921124,162.51426926875317,41.70178457597214,1.2599716165905608,159.99994162816594,162.51426926875317,159.99994162816594,222.1058046446129,1.2597477175271776,1.251615019455791,160.6402184043589,1.200916265212678,89.38725927500874,0.009748737849248847,0.0004124758563149999,123.48708781030982,183.61682518409273,24.602451438241268,599.9481751947718,1.6221761858288897,1219.4361937324252,1.622202547110816,275.4912311736392,131.63933696059942,1.5719764567765244,919.8973941223793,919.229792996814,1.571309358184456,272.70986223713345,919.3252648087025,1.5212891274171667,189.08019751398677,1.5211806269786938,273.0355921511788,1.520778435454052,113.43887317788521,251.8525493151638,113.40744024493999,1.4201733551448932,223.69472883287656,1.4194707984489796,251.30415845697883,223.51998202130403,263.044570656181,1.419361357530013,1.4114453459562348,249.9542667351625,1.3613571546152934,40.92011425358683,162.6684648098238,40.80909097063613,1.2600062468295723,159.66566356595635,162.54357507500717,159.80569672969253,223.5704677351667,1.2597870844844938,1.2516131261726022,160.52911923597807,1.2008755866295893,91.49678743935797,0.008722906883980678,0.0005793191679086148
123.31206069758207,179.99999999999955,24.15889030542645,599.9999587739123,1.6221711127141836,1219.5064057300613,1.6221949999999998,275.58492974472773,132.9689658196957,1.5719758418948169,920.6125151274492,919.5042654111704,1.5713149999988516,272.48633456925967,919.5042654111702,1.52129563288975,189.46688704657174,1.5211918417181507,272.48633456925967,1.520795005000184,113.1156020090517,250.47799448428668,113.11560200927562,1.420060832452524,223.7077879931245,1.419426266640187,250.47799448428668,223.7077879931245,263.1752223625373,1.4192881226775111,1.4114449986782946,248.57223310890114,1.3613750079796363,41.70122492057066,162.51433631387036,41.7012249206219,1.2599716621758563,159.99994216892696,162.51433631387036,159.99994216892696,222.10750129938208,1.2597477627667881,1.2516150195021103,160.6402318897227,1.2009162385350247,89.40464348261204,0.009747785654527203,0.0004123718562813001,123.48754804058191,183.60138240462624,24.601138761928723,599.9472875510673,1.622176327596615,1219.434850956098,1.6222026847829996,275.4906547699347,131.6386404713344,1.571976489279334,919.8966276363519,919.2283890332409,1.5713093593767495,272.7095051108778,919.3261322700723,1.521289186576709,189.08242898867647,1.5211806767623173,273.035979009146,1.5207784880990844,113.43725792569421,251.85349561827553,113.40593744337168,1.420173461368594,223.69228936509774,1.4194708830895846,251.30613479566972,223.51728484462913,263.0419964616343,1.4193614210898282,1.4114453351128786,249.9560523296016,1.3613572078409835,40.9227669166484,162.67250392990283,40.81162962600236,1.2600064690380692,159.66423090365092,162.5471142487646,159.80569928345778,223.56880488955034,1.2597873541997555,1.2516131590235193,160.5327830067504,1.2008757048862235,91.53418104084147,0.008726384866144566,0.0005789450799545804
123.31206069758032,179.99999999999997,24.15889030542121,599.9999587739114,1.6221711127141833,1219.5064057299473,1.6221949999999996,275.58492974472375,132.96896581968969,1.5719758418948193,920.6125151274488,919.50426541117,1.5713149999988545,272.486334569261,919.5042654111699,1.5212956328760647,189.46688704657439,1.5211918417044648,272.486334569261,1.520795004986497,113.11387974183653,250.47879016575672,113.11387974206028,1.4200608321464165,223.70578084048893,1.4194262659320818,250.47879016575672,223.70578084048893,263.17220678079696,1.4192881218240991,1.4114449986812836,248.5730737146726,1.3613750083051253,41.70067308322121,162.5144059860774,41.700673083273486,1.2599717077396013,159.99994270555135,162.5144059860774,159.99994270555135,222.10918892752466,1.259747807978477,1.2516150195470113,160.64024825186223,1.2009162123699455,89.42170505044041,0.009746854751717798,0.0004122818617957999,123.48801308189375,183.58689949572414,24.600048324435722,599.9466971530132,1.6221764256711564,1219.4340146279321,1.6222027786635065,275.4902248208919,131.6375915046292,1.571976517280697,919.8963038018297,919.2270024885707,1.5713093548494899,272.7091825563797,919.3265085183773,1.521289239679676,189.08505786456152,1.521180714669375,273.03659507786585,1.5207785440442536,113.43583989458472,251.85439732017343,113.40454593907994,1.420173570506797,223.68992929415467,1.419470965949385,251.3081830853753,223.51470345500638,263.0391907197884,1.4193614717314011,1.4114453247658731,249.95784724165875,1.3613572614027853,40.92553326980647,162.67634327427123,40.81412953781659,1.2600066759127257,159.66312384641492,162.55054288672272,159.8062892032306,223.56793351849913,1.2597876204902667,1.2516131932035321,160.53633039598355,1.2008758053605806,91.57183537466236,0.008729528956282675,0.0005786381733746924
123.31206069757818,179.9999999999999,24.15889030541654,599.9999587739118,1.622171112714183,1219.5064057298443,1.6221949999999992,275.58492974471915,132.96896581968386,1.5719758418948229,920.6125151274484,919.5042654111683,1.5713149999988576,272.48633456925506,919.5042654111685,1.5212956328624168,189.46688704655696,1.5211918416908157,272.48633456925506,1.5207950049728471,113.11216222751057,250.47958365811326,113.11216222773439,1.4200608318412304,223.7037792258059,1.419426265225998,250.47958365811326,223.7037792258059,263.16919949725246,1.4192881209731074,1.4114449986842856,248.57391200862313,1.3613750086237855,41.70012897401433,162.5144782257381,41.70012897406593,1.2599717532786823,159.9999432380231,162.5144782257381,159.9999432380231,222.11086762507105,1.2597478531592863,1.2516150195903497,160.64026742882066,1.200916186718124,89.4384512230822,0.009745944710417601,0.00041220347920955017,123.48838601507326,183.57392268207218,24.599172610439865,599.9463813189601,1.622176483069451,1219.4336470071728,1.6222028317651145,275.48984508487604,131.6362893390641,1.5719765415945584,919.8964218422311,919.2258197450643,1.5713093467799086,272.7088679533858,919.3264388427652,1.521289284666092,189.08785976624793,1.5211807392612116,273.03723050676996,1.5207786001828372,113.43459947778256,251.85523254101682,113.40325362199837,1.4201736719484508,223.68764266528467,1.4194710403765505,251.31030627145878,223.5122461229395,263.0360147287159,1.4193615077787123,1.4114453154442956,249.9596080597044,1.3613573130919647,40.928406961659,162.67987230712964,40.81661103056512,1.2600068630913286,159.66223130545993,162.55383817185879,159.80699787308757,223.567681345215,1.259787880706692,1.2516132273721365,160.53966600078488,1.200875887491351,91.60999684720537,0.008732410643247175,0.0005783999524982504
123.31206069757451,179.99999999999972,24.15889030541191,599.9999587739115,1.6221711127141833,1219.5064057297514,1.6221949999999996,275.584929744711,132.96896581968002,1.5719758418948286,920.6125151274483,919.504265411169,1.5713149999988636,272.4863345692453,919.5042654111687,1.5212956328488447,189.46688704652502,1.5211918416772428,272.4863345692453,1.5207950049592736,113.11044945206815,250.48037496799998,113.11044945229102,1.4200608315369565,223.70178313265885,1.4194262645219227,250.48037496799998,223.70178313265885,263.166200487408,1.4192881201245218,1.411444998687284,248.57474799772297,1.3613750089356533,41.69959250404047,162.51455297385266,41.69959250409298,1.2599717987899972,159.99994376641465,162.51455297385266,159.99994376641465,222.11253748560466,1.2597478983062678,1.2516150196319746,160.6402893594077,1.2009161615782555,89.45488909328682,0.009745055107853503,0.0004121347551938999,123.48870206934711,183.5623671132338,24.598411773514982,599.9462885351904,1.622176507471233,1219.4336473116507,1.6222028525017613,275.4897854569066,131.63466163210774,1.5719765602685498,919.8966121047201,919.2245098435668,1.5713093348396932,272.7087555951737,919.3256793785941,1.5212893108413523,189.0901526371897,1.5211807396958694,273.03793646205946,1.520778647871621,113.43352687190063,251.85610184391982,113.40206856550456,1.4201737559030914,223.68546057558177,1.419471105794939,251.31247447952225,223.50992277303297,263.03250585301754,1.4193615360389789,1.4114453067827013,249.9612858662439,1.3613573540495774,40.93134512024223,162.6831579584116,40.819058543313126,1.2600070344734322,159.66157626467322,162.55689768109264,159.80805257813594,223.5682156529656,1.2597881365290977,1.2516132586886037,160.542704907585,1.2008759529287842,91.64785747474372,0.00873501302423269,0.0005782486055526167
123.3120606975733,179.99999999999977,24.158890305408242,599.9999587739114,1.6221711127141831,1219.5064057296663,1.6221949999999996,275.5849297447081,132.96896581967485,1.5719758418948309,920.6125151274482,919.5042654111683,1.5713149999988658,272.4863345692429,919.5042654111683,1.5212956328352745,189.4668870465158,1.5211918416636716,272.4863345692429,1.5207950049457013,113.10874140153825,250.48116410173205,113.10874140176014,1.4200608312335654,223.6997925448182,1.419426263819824,250.48116410173205,223.6997925448182,263.1632097268876,1.4192881192783093,1.4114449986902584,248.5755816886973,1.3613750092408448,41.699063585371476,162.51463017247542,41.69906358542286,1.2599718442705514,159.99994429074044,162.51463017247542,159.99994429074044,222.11419860044953,1.2597479434165777,1.251615019671783,160.64031398349994,1.2009161369474253,89.47102560415598,0.009744185527482553,0.00041207409521174995,123.48896706452147,183.55289038009278,24.597746130673833,599.9463551348423,1.622176507051978,1219.4339136282788,1.6222028488785882,275.48992598364157,131.63282921117957,1.571976574394348,919.8968776956233,919.2229926571249,1.5713093221046153,272.70874660651674,919.3244034439488,1.5212893188345515,189.0920224321398,1.5211807177303456,273.03858813968964,1.5207786824444782,113.4325280797568,251.85687310830568,113.40090369245469,1.4201738153249805,223.6833744237221,1.4194711562336162,251.31459135411322,223.50770131573236,263.0287807155385,1.4193615594516817,1.411445298421099,249.9628262379173,1.3613573874686846,40.934272799012085,162.68615966452109,40.821452069144414,1.260007196470168,159.6611855385899,162.55970671012074,159.80946864096725,223.5693991196655,1.2597883840804078,1.2516132862174325,160.54542114282154,1.2008760023464513,91.68468090331365,0.008737315543776245,0.0005781623251666443
123.31206069757067,179.99999999999972,24.158890305404533,599.9999587739114,1.6221711127141836,1219.5064057295908,1.6221950000000003,275.58492974470226,132.9689658196716,1.5719758418948353,920.612515127448,919.5042654111649,1.5713149999988703,272.48633456923636,919.504265411164,1.5212956328217797,189.46688704649273,1.521191841650176,272.48633456923636,1.5207950049322048,113.1070380620026,250.48195106591248,113.10703806222554,1.4200608309311131,223.69780744597114,1.4194262631197532,250.48195106591248,223.69780744597114,263.1602271913786,1.419288118434519,1.4114449986932565,248.57641308846132,1.3613750095394939,41.698542131022776,162.51470976447627,41.69854213107581,1.2599718897174443,159.9999448110001,162.51470976447627,159.9999448110001,222.11585105872103,1.2597479884874634,1.2516150197097329,160.64034124184982,1.2009161128214565,89.48686755144712,0.009743335558468597,0.0004120201970587498,123.48919232981905,183.5452538407962,24.59714919935177,599.9465199724092,1.6221764889106949,1219.4343359100624,1.6222028285059384,275.49010172923573,131.6309190605102,1.571976584557663,919.8972745288147,919.2213587640337,1.5713093101298405,272.70868818024644,919.3228610000874,1.5212893261246454,189.09359194360238,1.521180690977464,273.03904932693564,1.5207787120610867,113.4315073741595,251.85745460714978,113.39969037913939,1.4201738542038738,223.68135112769073,1.4194711941542835,251.31636614580964,223.50552915063392,263.025017081198,1.4193615814977838,1.411445291423098,249.96415653965667,1.3613574199514806,40.93714109217288,162.68883990413164,40.823774141703566,1.2600073463716763,159.66115233964166,162.56229770981994,159.8111464647367,223.57100204291729,1.2597886145079649,1.2516133092455888,160.54779972174694,1.2008760445456812,91.72040409872368,0.00873927214317785,0.0005781293772607519
123.31206069756954,179.99999999999983,24.15889030540156,599.9999587739112,1.6221711127141831,1219.5064057295212,1.6221949999999996,275.5849297446997,132.96896581966848,1.5719758418948369,920.6125151274479,919.5042654111642,1.5713149999988718,272.48633456923255,919.5042654111642,1.5212956328082894,189.46688704648187,1.5211918416366847,272.48633456923255,1.5207950049187127,113.10533941957863,250.4827358668135,113.10533941980071,1.4200608306295517,223.69582781998793,1.419426262421661,250.4827358668135,223.69582781998793,263.15725285671715,1.4192881175931016,1.4114449986962407,248.5772422036773,1.3613750098316695,41.69802805495473,162.51479169349565,41.69802805500646,1.2599719351277803,159.99994532723574,162.51479169349565,159.99994532723574,222.11749494748466,1.2597480335161768,1.2516150197457545,160.64037107605486,1.200916089195144,89.50242158595628,0.009742504795599348,0.0004119719966972499,123.48939811816528,183.5388847548967,24.596595928474127,599.9467207841268,1.6221764609679066,1219.4348040665088,1.6222027998817499,275.4902457429865,131.62912127164492,1.5719765914102013,919.897929963675,919.2198694478363,1.571309299191843,272.7085281130089,919.321463133121,1.5212893504372929,189.0951715017244,1.521180676872512,273.0392273714871,1.5207787486527087,113.43044860835346,251.8578720071884,113.39843554559656,1.42017388097202,223.67935198153023,1.4194712288014122,251.3176482203234,223.50340065379518,263.0213598793569,1.4193616118466288,1.4114452878559174,249.9652738067654,1.361357458964447,40.939955398416345,162.6912290999404,40.826044767906794,1.2600074800140264,159.6614179312277,162.56474622988796,159.8128153503278,223.5726623917684,1.2597888236762214,1.251613326723486,160.54987111334788,1.2008760871490538,91.75553133450545,0.008740953569623344,0.0005781303681478288
123.31206069756806,180.00000000000009,24.1588903053985,599.9999587739107,1.622171112714183,1219.5064057294594,1.622194999999999,275.5849297446964,132.96896581966593,1.5719758418948393,920.6125151274475,919.5042654111645,1.5713149999988743,272.48633456923153,919.5042654111645,1.521295632794883,189.4668870464796,1.5211918416232773,272.48633456923153,1.5207950049053045,113.10364546042662,250.48351851097686,113.10364546064814,1.4200608303289297,223.69385365066017,1.4194262617255897,250.48351851097686,223.69385365066017,263.15428669876087,1.419288116754098,1.4114449986992512,248.57806904119792,1.3613750101174968,41.69752127206462,162.51487590414234,41.69752127211618,1.2599719804987592,159.99994583945983,162.51487590414234,159.99994583945983,222.1191303517894,1.2597480785000612,1.2516150197798215,160.64040342871465,1.200916066062512,89.51769421595282,0.009741692839405597,0.0004119286241146499,123.48956045195878,183.5333376576021,24.596077013356027,599.9468928165238,1.622176433144096,1219.4352084855916,1.6222027725819514,275.4903785982868,131.62756898562554,1.5719765981252487,919.8988245856644,919.2186919300009,1.5713092908976265,272.7082508475132,919.320438030679,1.5212894002837714,189.0969039923289,1.521180685479961,273.0390282381635,1.5207787986503791,113.42934716898009,251.85815476205326,113.39714034516585,1.420173902760046,223.67732041499514,1.4194712590489056,251.3184804958036,223.50129266780567,263.01778589867223,1.4193616555520596,1.4114452894213314,249.9662267449741,1.3613575072925093,40.942782725033986,162.69345908363454,40.82834588083946,1.2600075997766071,159.66182653366775,162.56713491865176,159.81416629214522,223.57413298646514,1.2597890160438145,1.2516133401969822,160.55172372763482,1.2008761355226856,91.79057261457159,0.008742483396838936,0.0005781516726307693
123.31206069756486,179.99999999999983,24.158890305396042,599.9999587739112,1.6221711127141831,1219.506405729403,1.6221949999999994,275.5849297446895,132.96896581966297,1.5719758418948442,920.6125151274478,919.5042654111638,1.5713149999988794,272.48633456922346,919.5042654111637,1.5212956327814875,189.4668870464545,1.5211918416098809,272.48633456922346,1.5207950048919072,113.10195617075536,250.48429900465035,113.10195617097722,1.4200608300291875,223.6918849219565,1.4194262610314783,250.48429900465035,223.6918849219565,263.1513286935069,1.4192881159174457,1.4114449987022357,248.57889360766944,1.3613750103970244,41.69702169817371,162.51496234184373,41.69702169822588,1.2599720258276021,159.99994634772554,162.51496234184373,159.99994634772554,222.12075735484234,1.2597481234364802,1.2516150198118883,160.64043824332364,1.200916043416926,89.5326918096618,0.009740899296359198,0.00041188936735620007,123.48965186171438,183.5283208755364,24.595568476540286,599.9469915397208,1.6221764138300316,1219.4354744107484,1.622202754351286,275.49050901267606,131.62626912886464,1.5719766054012583,919.8997922063231,919.2177565349156,1.5713092856619026,272.707863989546,919.3197787252002,1.52128946657305,189.098621971092,1.5211807079168742,273.0384218495357,1.520778855175792,113.4281719158686,251.8583049755752,113.39578459440335,1.420173915493308,223.67523823297725,1.419471278663947,251.31898709826982,223.49918732837733,263.0142447535459,1.4193617074313083,1.4114452943848397,249.96698507202422,1.361357556436843,40.94559385557643,162.6955663624506,40.83067589265107,1.2600077094928785,159.66226961193868,162.56944501544814,159.81505627933495,223.57537013361664,1.259789191352273,1.251613350247914,160.55339902240925,1.2008761862538162,91.82515832934497,0.008743958414093636,0.0005781820824242705
123.3120606975638,180.0,24.158890305393705,599.9999587739107,1.6221711127141831,1219.506405729352,1.6221949999999992,275.584929744687,132.96896581966033,1.5719758418948464,920.6125151274482,919.5042654111637,1.5713149999988811,272.4863345692221,919.5042654111638,1.5212956327681417,189.46688704644944,1.5211918415965346,272.4863345692221,1.52079500487856,113.10027153681291,250.48507735421265,113.10027153703474,1.420060829730355,223.6899216178238,1.4194262603393533,250.48507735421265,223.6899216178238,263.14837881702704,1.41928811508317,1.4114449987052244,248.57971590978542,1.3613750106703701,41.6965292500103,162.51505095294823,41.69652925006153,1.2599720711116138,159.99994685204268,162.51505095294823,159.99994685204268,222.1223760380053,1.259748168322877,1.2516150198419456,160.64047546430498,1.2009160212512884,89.54742059775668,0.00974012377907835,0.00041185364322184986,123.489686702954,183.52377607402445,24.59506888653693,599.9469946624037,1.6221764077904914,1219.4355686538931,1.6222027499945182,275.4907206745325,131.62521939255802,1.5719766125672754,919.9006604245385,919.2169413302602,1.5713092830613202,272.7074543142188,919.3194085735113,1.5212895384131615,189.10015129591685,1.5211807303599096,273.03752436670925,1.5207789105528056,113.426879022112,251.8583802927193,113.3943498398746,1.4201739176438144,223.67307301510195,1.419471285603848,251.31935526866678,223.4970489069341,263.0106135936993,1.4193617618116938,1.4114453007064947,249.96754688203927,1.3613575972023917,40.948323053032574,162.69762547199628,40.83298621511659,1.2600078169619493,159.662670553083,162.571678041412,159.81553638720203,223.57645372970896,1.2597893536725264,1.2516133572812844,160.5549664270014,1.200876233785484,91.85868965400681,0.008745413303862795,0.0005782134848468102
123.31206069756004,179.99999999999946,24.158890305391544,599.9999587739114,1.6221711127141842,1219.5064057293057,1.6221950000000005,275.58492974467885,132.96896581965933,1.5719758418948524,920.6125151274484,919.5042654111646,1.5713149999988876,272.48633456921357,919.5042654111649,1.5212956327548348,189.46688704642474,1.5211918415832266,272.48633456921357,1.520795004865251,113.09859154488741,250.48585356592667,113.09859154510963,1.4200608294324168,223.6879637223003,1.419426259649196,250.48585356592667,223.6879637223003,263.1454370455016,1.4192881142512515,1.4114449987082058,248.58053595416456,1.3613750109376381,41.69604384521611,162.51514168490547,41.69604384526734,1.259972116348186,159.99994735243126,162.51514168490547,159.99994735243126,222.123986480893,1.259748213156782,1.2516150198700022,160.64051503726043,1.2009159995581609,89.56188667587665,0.009739365906513846,0.00041182097339544993,123.48968119353749,183.51966082784796,24.594577169728467,599.9469077969619,1.6221764150651345,1219.4354969421095,1.6222027590496513,275.4910156760655,131.62434820377572,1.571976620055021,919.90128712588,919.2160756107864,1.5713092829922017,272.7070380702577,919.3191803858819,1.5212896086003582,189.10130777804716,1.5211807461790048,273.0364519507895,1.5207789605262991,113.42545003427576,251.85839291570431,113.39281878148479,1.4201739094096384,223.67084262565731,1.41947127722359,251.31966032413854,223.49485953918793,263.00691959338764,1.4193618137425126,1.4114453071263287,249.96793356318796,1.3613576276925254,40.95088743160581,162.6996389474964,40.8352015841227,1.2600079245632083,159.66301020386126,162.57378329204823,159.81572536583053,223.57748114858452,1.2597895043615515,1.2516133630597146,160.55644192514205,1.200876279936331,91.89063079792973,0.008746819906483773,0.0005782476764059454
123.3120606975584,179.99999999999974,24.158890305389495,599.9999587739112,1.6221711127141833,1219.5064057292648,1.6221949999999996,275.58492974467526,132.9689658196574,1.5719758418948548,920.6125151274487,919.5042654111647,1.57131499999889,272.4863345692102,919.5042654111646,1.5212956327415812,189.46688704641448,1.521191841569972,272.4863345692102,1.5207950048519956,113.09691618131856,250.4866276461159,113.09691618153795,1.4200608291353922,223.68601121944602,1.419426258961022,250.4866276461159,223.68601121944602,263.14250335513566,1.4192881134217041,1.411444998711199,248.58135374747764,1.3613750111989749,41.695565402340506,162.5152344862504,41.695565402392575,1.259972161534802,159.99994784887917,162.5152344862504,159.99994784887917,222.12558876149848,1.2597482579358108,1.251615019896088,160.6405569088811,1.2009159783298364,89.57609600713823,0.009738625304099803,0.000411790965002,123.48965814710505,183.51649484593125,24.594106209524732,599.9467394358271,1.6221764338522973,1219.435281864754,1.6222027793439016,275.49124965482275,131.62374714508402,1.5719766295336322,919.9017204584061,919.2153196304009,1.571309285005277,272.706829256842,919.3190166481936,1.5212896799100568,189.10223095441953,1.5211807614348816,273.0354248238721,1.5207790135944261,113.4238595788874,251.85838997034114,113.39120006928134,1.4201738963085266,223.6686522654507,1.4194712673244103,251.31966242796938,223.49263576614626,263.00328843354106,1.4193618655701914,1.4114453153570252,249.96830160910056,1.3613576520366164,40.953215855593285,162.70160222554637,40.8372648370517,1.2600080371215279,159.6631544915979,162.57586471157177,159.81543679035724,223.5785285415816,1.2597896478779855,1.251613368969343,160.5578944466698,1.2008763366959232,91.92077260220577,0.008748158862447631,0.0005782880027451838
123.3120606975568,179.99999999999994,24.158890305387768,599.9999587739105,1.6221711127141833,1219.5064057292268,1.6221949999999996,275.58492974467197,132.96896581965558,1.571975841894857,920.6125151274489,919.5042654111642,1.5713149999988925,272.48633456921044,919.5042654111643,1.5212956327283504,189.46688704641394,1.5211918415567403,272.48633456921044,1.5207950048387633,113.09524543248429,250.48739960097208,113.09524543270504,1.4200608288392607,223.68406409341972,1.419426258274808,250.48739960097208,223.68406409341972,263.13957772226877,1.4192881125945038,1.4114449987141886,248.58216929627952,1.3613750114544745,41.695093840797824,162.51532930641397,41.695093840849694,1.259972206668981,159.99994834140506,162.51532930641397,159.99994834140506,222.1271829561839,1.2597483026576144,1.2516150199202185,160.64060102682686,1.2009159575584036,89.59005442464101,0.009737901603866148,0.00041176329477290004,123.48964417957023,183.51346144282175,24.593614134843772,599.946509581049,1.6221764611038811,1219.4349514772862,1.6222028082116884,275.4914853770879,131.62321688972094,1.571976640175415,919.9019200398742,919.2145201027582,1.5713092885130393,272.7066187148384,919.3188868773663,1.52128975353877,189.10287394062325,1.5211807800578256,273.0344291572542,1.5207790691165006,113.42217627965657,251.85834494836118,113.38951965340642,1.420173882245346,223.66645098817915,1.4194712538636212,251.3195307281588,223.49038618913298,262.9998582499567,1.4193619128081556,1.4114453248095085,249.96857309060803,1.3613576760205879,40.9553372238743,162.70351023569668,40.839175021193284,1.2600081441279396,159.66327196479943,162.57786297572335,159.8150792632222,223.57948230588406,1.2597897846741546,1.25161337555778,160.55925805869546,1.2008763958130142,91.94979125179775,0.008749410226003106,0.0005783247387092025
123.3120606975547,179.9999999999999,24.15889030538611,599.9999587739107,1.6221711127141831,1219.5064057291925,1.6221949999999996,275.58492974466725,132.96896581965487,1.5719758418948608,920.6125151274492,919.5042654111655,1.571314999998896,272.4863345692032,919.5042654111656,1.5212956327151665,189.4668870463942,1.5211918415435555,272.4863345692032,1.5207950048255776,113.09357928481472,250.4881694367993,113.09357928503448,1.4200608285440177,223.6821223283727,1.4194262575905467,250.4881694367993,223.6821223283727,263.13666012328963,1.4192881117696416,1.4114449987171689,248.5829826072007,1.3613750117042396,41.69462908090145,162.51542609604013,41.69462908095291,1.2599722517483232,159.99994883002785,162.51542609604013,159.99994883002785,222.12876913984712,1.2597483473199222,1.2516150199424059,160.6406473399882,1.2009159372358256,89.60376763396529,0.009737194444515252,0.0004117376961514001,123.48964759385653,183.5102053073161,24.593090209510738,599.9462344051709,1.6221764948822477,1219.4345330957192,1.6222028437042264,275.4917127305152,131.6226712423299,1.5719766515458986,919.9019231462006,919.2137066399931,1.571309292504631,272.7063812068639,919.318781493003,1.521289829585179,189.103290318842,1.521180803406908,273.03351058565556,1.520779126572721,113.42044281015062,251.85827257658028,113.3878046373419,1.4201738693988997,223.66424309450463,1.4194712397743126,251.31931192975148,223.4881339655585,262.996642629762,1.4193619558173938,1.4114453346819806,249.9687916311039,1.3613577004126947,40.957294725982706,162.70536500612715,40.84095150832347,1.2600082406253832,159.66339965306193,162.57979785925608,159.81474088932654,223.58039986709127,1.2597899203072007,1.251613382248894,160.56054474901717,1.2008764517867732,91.97814517718896,0.008750568253910171,0.0005783620346044259
123.31206069755294,179.99999999999974,24.158890305384805,599.999958773911,1.6221711127141833,1219.506405729162,1.6221949999999996,275.58492974466327,132.96896581965365,1.5719758418948637,920.6125151274492,919.5042654111653,1.571314999998899,272.4863345691983,919.5042654111651,1.5212956327020073,189.46688704637944,1.5211918415303955,272.4863345691983,1.5207950048124166,113.09191772477399,250.48893715971002,113.0919177249942,1.4200608282496838,223.68018590858026,1.4194262569082552,250.48893715971002,223.68018590858026,263.13375053468206,1.4192881109471343,1.4114449987201694,248.5837936867078,1.3613750119484602,41.69417104382877,162.51552480696427,41.69417104388053,1.2599722967705556,159.99994931471053,162.51552480696427,159.99994931471053,222.13034738588874,1.2597483919205859,1.2516150199627085,160.6406957984411,1.2009159173540014,89.61724121564716,0.009736503471465104,0.0004117139487930001,123.48967095067863,183.50662037636855,24.59255697949283,599.9459409468285,1.6221765322356143,1219.4340735226483,1.6222028825455397,275.49192962289527,131.62215714859616,1.5719766637248278,919.901892082937,919.2129802717425,1.5713092952520902,272.7061564904397,919.3187875896191,1.5212899039169976,189.10373795333453,1.521180826107065,273.03263592018914,1.5207791857817612,113.41871222399381,251.85824901367488,113.38609308129635,1.4201738635981913,223.66201270506,1.419471229718003,251.31916424082652,223.48587512558103,262.9934796596867,1.419361998182009,1.4114453448217188,249.96905739498212,1.3613577230282112,40.95927572827866,162.70732879122207,40.84275181321104,1.2600083403614397,159.6634673278411,162.58180017976727,159.81437314713048,223.58129870255956,1.2597900622081866,1.2516133891168406,160.5619263427399,1.2008765037078795,92.00720393944823,0.008751666021297356,0.0005784099900038985
123.31206069755092,180.00000000000006,24.15889030538351,599.9999587739107,1.6221711127141831,1219.506405729134,1.6221949999999996,275.5849297446589,132.96896581965228,1.571975841894867,920.6125151274493,919.5042654111659,1.5713149999989022,272.4863345691954,919.5042654111658,1.5212956326889053,189.46688704637168,1.5211918415172925,272.4863345691954,1.5207950047993126,113.09026073887071,250.48970277599489,113.09026073909124,1.4200608279562184,223.6782548182831,1.4194262562278892,250.48970277599489,223.6782548182831,263.1308489330239,1.4192881101269363,1.411444998723145,248.58460254142022,1.3613750121871506,41.69371965160216,162.51562539195874,41.693719651654206,1.259972341733419,159.9999497955181,162.51562539195874,159.9999497955181,222.13191776628736,1.2597484364574694,1.2516150199811342,160.64074635334066,1.2009158979047974,89.63048062763164,0.009735828336861905,0.00041169187001745017,123.4897165003616,183.50289226030915,24.5920402116097,599.9456529004332,1.622176569645637,1219.4336160664234,1.6222029210676552,275.49215000229105,131.62163305004424,1.5719766767122025,919.901803552636,919.2122573872725,1.5713092971182887,272.7059642714676,919.3188111051381,1.5212899737958148,189.10424475148818,1.5211808456911537,273.03186496999535,1.5207792454622495,113.41698913454478,251.85826163665993,113.38438729194907,1.4201738623248652,223.65978628545713,1.4194712218876995,251.31912847570226,223.48361496232295,262.9903387686938,1.4193620382517667,1.411445354786916,249.96937906456859,1.3613577452115841,40.961250696742674,162.70936153443031,40.84454290856575,1.2600084426090734,159.66345583589745,162.5838390075149,159.81406286465258,223.58227493774874,1.2597902090847533,1.251613397022965,160.56335388968841,1.2008765520253804,92.03603348646587,0.008752707772598662,0.0005784682977251503
123.31206069754842,179.9999999999997,24.158890305382165,599.9999587739112,1.622171112714184,1219.5064057291088,1.6221950000000003,275.58492974465344,132.96896581965171,1.5719758418948713,920.6125151274504,919.5042654111663,1.5713149999989064,272.48633456919003,919.5042654111664,1.5212956326758378,189.46688704635545,1.521191841504224,272.48633456919003,1.5207950047862435,113.088608313668,250.49046629173566,113.08860831388884,1.4200608276636666,223.67632904185945,1.4194262555494919,250.49046629173566,223.67632904185945,263.12795529493906,1.4192881093090888,1.4114449987261493,248.58540917776634,1.3613750124205537,41.69327482712498,162.51572780535705,41.693274827176666,1.2599723866348311,159.9999502723769,162.51572780535705,159.9999502723769,222.13348035174235,1.2597484809286088,1.2516150199977534,160.64079895727457,1.2009158788800378,89.64349120770305,0.009735168699573101,0.0004116713078499499,123.48978168219072,183.4990527780517,24.591549210546226,599.9453858161015,1.6221766050018758,1219.4331889274933,1.622202957111789,275.49238014533097,131.6210535401917,1.5719766901450474,919.9016389173394,919.2114787623132,1.571309298008189,272.7058038585125,919.3187692997709,1.5212900373466827,189.1047537822328,1.5211808600899588,273.03120776088394,1.520779303389918,113.41527527181302,251.85831381166474,113.3826861159604,1.4201738644753716,223.65757012127887,1.419471214581162,251.31920463437865,223.48136207710817,262.98720297287366,1.4193620746858515,1.4114453640484947,249.96975134576212,1.3613577657143985,40.96317612427079,162.7114125312568,40.846280017003735,1.2600085454515544,159.66339454553145,162.58585501823978,159.81385856343255,223.58335853384105,1.25979035815833,1.2516134060471273,160.56480241528348,1.2008765965147519,92.06433010804668,0.00875369186450763,0.0005785330565460661
123.31206069754751,179.99999999999977,24.15889030538125,599.9999587739109,1.6221711127141836,1219.5064057290867,1.6221949999999998,275.58492974465145,132.9689658196506,1.5719758418948726,920.6125151274508,919.5042654111667,1.571314999998908,272.4863345691849,919.5042654111668,1.521295632662801,189.46688704634366,1.5211918414911865,272.4863345691849,1.520795004773205,113.08696043575922,250.49122771308066,113.08696043597806,1.420060827371985,223.67440856369177,1.419426254873016,250.49122771308066,223.67440856369177,263.12506959715654,1.4192881084935443,1.4114449987291402,248.5862136022413,1.3613750126487392,41.69283649411851,162.51583200248098,41.692836494171104,1.2599724314727454,159.9999507453216,162.51583200248098,159.9999507453216,222.13503521158495,1.2597485253320735,1.2516150200125997,160.64085356397467,1.2009158602716454,89.65627817588074,0.0097345242251547,0.00041165213535599994,123.48985167505963,183.49512314220533,24.591077892469997,599.9451482390131,1.6221766372845214,1219.4328082286852,1.6222029893843508,275.4925803000354,131.6204155406329,1.5719767035036472,919.9014292403106,919.2106374293036,1.571309297826753,272.70565934856586,919.3186264647662,1.5212900931757254,189.10525499890895,1.5211808684892616,273.03065910709137,1.5207793551887618,113.41357294247783,251.85837524352527,113.3809866699812,1.4201738684085348,223.65536487416554,1.4194712058080796,251.319373361612,223.47912705618143,262.98407340448705,1.4193621050346963,1.4114453719355637,249.97014141513554,1.3613577819197844,40.965038990488814,162.71340876722857,40.84794757759019,1.2600086462451172,159.66330388686507,162.58781829628975,159.81372066010903,223.58451703288907,1.2597905047118072,1.251613415470589,160.5662449469795,1.2008766357614953,92.09209380419067,0.008754609217696078,0.0005786032149513738
123.31206069754484,179.9999999999998,24.158890305380332,599.9999587739107,1.6221711127141836,1219.5064057290656,1.622195,275.5849297446457,132.96896581965035,1.571975841894877,920.6125151274509,919.504265411167,1.5713149999989122,272.4863345691809,919.5042654111668,1.5212956326497915,189.46688704632808,1.521191841478176,272.4863345691809,1.5207950047601941,113.08531709178774,250.4919870461406,113.08531709200798,1.4200608270811892,223.67249336822977,1.4194262541984748,250.4919870461406,223.67249336822977,263.12219181645924,1.4192881076803148,1.4114449987321365,248.58701582130303,1.3613750128718762,41.692404577150334,162.51593794005578,41.69240457720279,1.2599724762452553,159.99995121431598,162.51593794005578,159.99995121431598,222.13658241391994,1.2597485696660704,1.251615020025742,160.64091012854615,1.200915842071544,89.66884663679421,0.009733894585806003,0.0004116342460311499,123.48992143513627,183.49126775049098,24.590633414830904,599.9449467310216,1.6221766651678209,1219.4324838727787,1.6222030169753472,275.4927574404358,131.6197259777805,1.5719767164772729,919.9012312120057,919.2097804192813,1.5713092964011846,272.7055155300544,919.3184122122592,1.5212901424547853,189.10575286669865,1.5211808714155495,273.0302172800296,1.520779401511555,113.41189598661512,251.85846612901756,113.37930683077612,1.4201738736716163,223.6531837769231,1.4194711984229773,251.31963676123314,223.47691982414722,262.98094213770946,1.4193621321604268,1.4114453787153887,249.97057595495872,1.3613577943319097,40.966853268481245,162.71535683393,40.849555117428054,1.2600087458489853,159.66319535184192,162.58973036279968,159.81366958480402,223.5857704090143,1.2597906499729257,1.2516134251051085,160.56768697918397,1.2008766708770022,92.1194449128997,0.008755450357630508,0.0005786826802390746
123.31206069754207,179.99999999999955,24.158890305379344,599.9999587739112,1.622171112714184,1219.506405729047,1.6221950000000005,275.5849297446397,132.9689658196504,1.5719758418948815,920.6125151274518,919.5042654111676,1.5713149999989169,272.4863345691749,919.5042654111676,1.5212956326368388,189.46688704631202,1.5211918414652226,272.4863345691749,1.5207950047472396,113.08367826844258,250.49274429709664,113.0836782686621,1.4200608267912784,223.67058343993153,1.4194262535258637,250.49274429709664,223.67058343993153,263.11932192971085,1.4192881068693946,1.411444998735137,248.5878158414451,1.3613750130900726,41.69197900160681,162.5160455759608,41.691979001658666,1.2599725209505026,159.99995167937374,162.5160455759608,159.99995167937374,222.13812202566433,1.2597486139288496,1.2516150200372111,160.64096860727983,1.200915824271726,89.68120158201666,0.009733279460309503,0.00041161755004820005,123.48996434650711,183.48782070150293,24.59021792486393,599.9447833598497,1.6221766877509423,1219.4322177011397,1.6222030401003764,275.4929338834331,131.61893020993514,1.571976728298726,919.9011116184411,919.2089896010899,1.5713092933081332,272.70534578272475,919.3181465739883,1.5212901840366904,189.10611901162022,1.5211808676444338,273.0299019856006,1.5207794387075977,113.41028015775429,251.8586083479823,113.37767889185542,1.4201738767841916,223.65109100866044,1.4194711994181328,251.31998136872468,223.47476750825774,262.9779048485643,1.4193621581774059,1.4114453839734347,249.97112590618718,1.3613578034549418,40.96864404628613,162.7172754920243,40.85111438661096,1.2600088469730186,159.66305361787053,162.5915805698256,159.81382281071905,223.58714113310342,1.2597907957509875,1.2516134341235665,160.56913600427063,1.2008767038819865,92.14649804179459,0.008756198082138523,0.0005787744322091273
123.31206069754077,179.9999999999994,24.158890305378556,599.9999587739114,1.622171112714184,1219.5064057290306,1.622195,275.58492974463684,132.9689658196499,1.5719758418948837,920.6125151274523,919.5042654111674,1.5713149999989189,272.4863345691708,919.5042654111671,1.5212956326239224,189.46688704630083,1.5211918414523051,272.4863345691708,1.5207950047343213,113.08204395245949,250.4934994719887,113.08204395267992,1.4200608265022407,223.66867876336187,1.4194262528551678,250.4934994719887,223.66867876336187,263.11645991385154,1.419288106060767,1.411444998738134,248.58861366905478,1.3613750133034657,41.69155969370399,162.51615486946682,41.69155969375571,1.2599725655867549,159.9999521404812,162.51615486946682,159.9999521404812,222.13965411262177,1.259748658118785,1.2516150200470562,160.641028957863,1.2009158068642427,89.69334789237166,0.00973267853396005,0.0004116019712027001,123.4899801763799,183.48450092816984,24.58980780298438,599.9446578512075,1.6221767065890953,1219.4320156003405,1.622203059252235,275.4930820816028,131.6175095257548,1.5719767372851206,919.9003063033343,919.2074880916606,1.5713092893943,272.70519470414416,919.3170779242888,1.5212902036619682,189.10547825800748,1.5211808439770103,273.02957320818615,1.5207794590765713,113.40857955842858,251.8585902550371,113.37595983910212,1.4201738585331827,223.64905547228355,1.4194711818195913,251.32007940724182,223.4726128766272,262.9749462515331,1.419362161477875,1.4114453856588458,249.97134359962686,1.3613578001178328,40.97031573530278,162.71894975445224,40.85254599261434,1.2600089261537977,159.66304978722263,162.5931975361741,159.81401945064331,223.5886042375046,1.259790916069583,1.2516134417102516,160.57031780135958,1.2008767244932625,92.17287498572665,0.008756873346482922,0.0005788627882242452
123.31206069753925,179.99999999999952,24.15889030537789,599.9999587739112,1.6221711127141838,1219.5064057290147,1.622195,275.58492974463365,132.9689658196496,1.571975841894886,920.6125151274528,919.5042654111671,1.5713149999989213,272.4863345691645,919.5042654111674,1.5212956326110403,189.46688704628326,1.5211918414394223,272.4863345691645,1.5207950047214376,113.08041413059959,250.49425257681872,113.08041413081736,1.4200608262140872,223.66677932313138,1.4194262521863956,250.49425257681872,223.66677932313138,263.1136057459312,1.4192881052544406,1.4114449987411446,248.5894093104741,1.3613750135122449,41.69114658045062,162.51626578122213,41.69114658050222,1.25997261015244,159.99995259758919,162.51626578122213,159.99995259758919,222.14117873934583,1.2597487022344058,1.2516150200553784,160.64109113940768,1.2009157898413236,89.70529034019722,0.009732091498482854,0.0004115874444277501,123.48995868189577,183.4814887376695,24.589404480682244,599.9445677259381,1.6221767219315673,1219.4318746560928,1.6222030748817198,275.49320377845265,131.61530230894587,1.5719767430597313,919.8986677161836,919.2050895087324,1.571309285238552,272.7050515770678,919.3150425254723,1.5212901996036925,189.10352474089544,1.5211807995133537,273.02918877024194,1.5207794613371042,113.4067578584388,251.85835294291837,113.37411507232662,1.4201738131744739,223.64708742321707,1.4194711393683472,251.31981811145153,223.47045559843548,262.9720980499135,1.4193621374979042,1.411445383384359,249.97111891797366,1.3613577823039122,40.971849916465295,162.72032029695458,40.85383723263424,1.2600089767819087,159.6632604728558,162.5945406982491,159.8142671658726,223.59019342854782,1.2597910035622673,1.251613446935367,160.5711609431542,1.200876730398236,92.19843535036034,0.008757470502374246,0.0005789452039901317
123.31206069753765,179.99999999999974,24.15889030537725,599.999958773911,1.6221711127141838,1219.5064057290012,1.622195,275.58492974463013,132.96896581964933,1.5719758418948886,920.6125151274534,919.5042654111688,1.571314999998924,272.4863345691651,919.5042654111683,1.521295632598188,189.46688704628542,1.5211918414265688,272.4863345691651,1.5207950047085839,113.07878878968717,250.4950036176397,113.07878878990665,1.4200608259267988,223.66488510388956,1.419426251519525,250.4950036176397,223.66488510388956,263.1107594030493,1.4192881044503916,1.4114449987441524,248.5902027720869,1.3613750137165175,41.69073958967125,162.5163782731009,41.69073958972355,1.2599726546460015,159.99995305070712,162.5163782731009,159.99995305070712,222.14269596947474,1.2597487462742545,1.2516150200622,160.64115511224026,1.2009157731951756,89.71703359158651,0.009731518051949701,0.0004115739137713001,123.48993873935996,183.47871518902218,24.5890244200923,599.9445054727232,1.6221767325035954,1219.4317744973782,1.6222030858352388,275.49332303439155,131.61314203782223,1.5719767493045604,919.897126978313,919.2027710527574,1.5713092816789507,272.70490637568605,919.3130576414746,1.5212902003561388,189.10158461932932,1.5211807601615177,273.02881401238994,1.5207794686264164,113.40494423182662,251.85814340136673,113.37227780225885,1.4201737699379755,223.64511772004985,1.419471097676564,251.31956817634776,223.46831453043106,262.96921927725685,1.419362115116598,1.4114453823098414,249.9709054598149,1.3613577690995236,40.973343131084654,162.72163202224263,40.85508210741978,1.2600090287319021,159.6635043574372,162.59584278968305,159.81455446446327,223.59188998049422,1.2597910901503007,1.251613452377245,160.57198110833596,1.2008767381330774,92.22346278955722,0.008757987333476882,0.000579041153449298
123.31206069753497,179.9999999999996,24.158890305376655,599.999958773911,1.6221711127141836,1219.5064057289887,1.622195,275.5849297446244,132.96896581964947,1.571975841894893,920.6125151274541,919.5042654111696,1.5713149999989282,272.4863345691582,919.5042654111696,1.5212956325853795,189.46688704626578,1.5211918414137597,272.4863345691582,1.5207950046957737,113.07716791657779,250.49575260053115,113.07716791679684,1.420060825640378,223.66299609029602,1.4194262508545552,250.49575260053115,223.66299609029602,263.10792086232584,1.4192881036486178,1.4114449987471585,248.59099406031567,1.3613750139164154,41.690338649985065,162.51649230837342,41.690338650037205,1.2599726990660414,159.9999534998219,162.51649230837342,159.9999534998219,222.14420586551321,1.2597487902370281,1.2516150200675877,160.64122083813754,1.2009157569181992,89.72858220858267,0.009730957898686202,0.0004115613307500002,123.48991623610942,183.47615906961875,24.588665116107077,599.9444587063274,1.6221767404581118,1219.4316965655469,1.622203094198777,275.49343984941936,131.611042565209,1.5719767553239048,919.8956545796221,919.2005309818455,1.5713092781798284,272.7047542599527,919.3111154337893,1.5212902021694108,189.09967128885503,1.5211807216973632,273.02843095731606,1.5207794757102255,113.40314213861102,251.85794564126778,113.37045091224796,1.4201737268146617,223.6431559565662,1.4194710555133914,251.3193064597913,223.46618834933335,262.96631899164817,1.419362094179247,1.4114453815680423,249.9706949663528,1.3613577566873982,40.97479823729178,162.72288898667597,40.85628823865333,1.2600090805497075,159.66377633343637,162.59709366957696,159.81485197811492,223.59365644186593,1.25979117467056,1.2516134576023605,160.5727668085984,1.200876745867919,92.24801174193716,0.0087584426080749,0.0005791454320076103
123.31206069753391,180.0,24.158890305376197,599.9999587739104,1.6221711127141831,1219.5064057289771,1.6221949999999994,275.5849297446222,132.96896581964975,1.5719758418948948,920.6125151274545,919.5042654111705,1.57131499999893,272.48633456915957,919.5042654111708,1.5212956325726,189.4668870462688,1.521191841400979,272.48633456915957,1.5207950046829921,113.07555149817384,250.49649953142563,113.07555149839166,1.420060825354818,223.6611122671281,1.419426250191477,250.49649953142563,223.6611122671281,263.10509010106455,1.4192881028491091,1.4114449987501634,248.5917831814138,1.3613750141120948,41.68994369077453,162.51660785160504,41.689943690826475,1.2599727434112546,159.99995394490614,162.51660785160504,159.99995394490614,222.14570848898165,1.2597488341215133,1.2516150200716039,160.64128828015077,1.2009157410028646,89.73994065134107,0.009730410749173904,0.00041154965300939985,123.48988628350699,183.47382568261145,24.588320842766652,599.9444175101227,1.6221767472625093,1219.4316244912895,1.6222031014591234,275.49355317743147,131.6090200527356,1.5719767612910027,919.894241201132,919.198365812216,1.5713092750090185,272.70459315556246,919.3092324503741,1.5212902055492512,189.0977613072672,1.5211806844514748,273.028017133378,1.520779483386367,113.4013417754049,251.85774283197483,113.36862459890689,1.4201736829273521,223.64119783210418,1.419471011150401,251.31901949726475,223.46407705514235,262.9634175737789,1.4193620738865191,1.411445381388047,249.97047409645242,1.3613577448514644,40.97621205938565,162.72408358458034,40.85745530876478,1.260009130516877,159.66407895461853,162.5982897886162,159.81513416917508,223.5954503676547,1.2597912560891584,1.2516134623540212,160.57350505716028,1.200876753748701,92.27209080307175,0.008758847214596958,0.0005792559964699421
123.31206069753142,179.99999999999997,24.158890305375706,599.9999587739104,1.6221711127141831,1219.506405728967,1.6221949999999996,275.58492974461683,132.9689658196496,1.571975841894899,920.6125151274553,919.5042654111721,1.5713149999989344,272.4863345691542,919.5042654111714,1.521295632559867,189.46688704625535,1.5211918413882453,272.4863345691542,1.5207950046702576,113.07393952142343,250.4972444163466,113.07393952164095,1.4200608250701428,223.65923361916526,1.419426249530311,250.4972444163466,223.65923361916526,263.10226709654876,1.4192881020518855,1.4114449987531918,248.59257014173912,1.3613750143037353,41.68955464221327,162.51672486881614,41.6895546422653,1.259972787680475,159.99995438591492,162.51672486881614,159.99995438591492,222.1472039004267,1.259748877926631,1.251615020074328,160.64135740279906,1.2009157254417708,89.75111328025694,0.0097298763199524,0.00041153884323374994,123.48984763999401,183.4717150280003,24.58799016858105,599.9443743305924,1.6221767539875884,1219.4315462114837,1.6222031087306699,275.4936591827105,131.6070806572131,1.5719767672828489,919.8928837365161,919.196287737101,1.5713092723306779,272.7044182224692,919.3074208844613,1.5212902107546988,189.09586695381628,1.5211806490482909,273.0275666633769,1.520779491787813,113.39954083552895,251.85753118659235,113.36679540221671,1.4201736380213816,223.63923937682202,1.4194709654779953,251.31870266034028,223.46197634719613,262.9605144575186,1.419362054805682,1.411445381791673,249.97024221482164,1.3613577332316025,40.9775880906374,162.72522950616943,40.85859252728697,1.2600091790960695,159.6644083903358,162.59943925951995,159.81538826881751,223.59726052241723,1.259791334341478,1.251613466694974,160.57420334639542,1.2008767618091019,92.29569997296096,0.008759212123099314,0.0005793710505876511
123.31206069752875,179.9999999999996,24.15889030537523,599.999958773911,1.6221711127141842,1219.506405728958,1.6221950000000005,275.58492974461103,132.96896581964967,1.5719758418949032,920.6125151274557,919.5042654111728,1.5713149999989389,272.48633456914683,919.504265411173,1.521295632547172,189.4668870462358,1.5211918413755496,272.48633456914683,1.5207950046575611,113.07233197331486,250.4979872612663,113.07233197353165,1.4200608247863142,223.657360131248,1.4194262488710159,250.4979872612663,223.657360131248,263.099451826168,1.4192881012569045,1.4114449987562074,248.5933549475908,1.3613750144914198,41.68917143524367,162.5168433272384,41.68917143529521,1.2599728318725867,159.9999548228715,162.5168433272384,159.9999548228715,222.1486921594692,1.2597489216513504,1.251615020075792,160.64142817187388,1.2009157102276253,89.7621043580535,0.009729354333518854,0.00041152886825885005,123.48980286628519,183.46978998371927,24.587669514825315,599.9443247474522,1.6221767613245532,1219.4314546651426,1.6222031166966109,275.49376623409415,131.605221300236,1.5719767734726817,919.8915573351637,919.1942723700363,1.5713092701880054,272.704227732085,919.3056772522701,1.5212902177610834,189.09397371666086,1.5211806153286405,273.0270771272897,1.5207795010475365,113.3977318222754,251.8573229073392,113.36496043882825,1.4201735923514154,223.6372766208779,1.4194709181819147,251.3183584736149,223.45988093237227,262.9576136057796,1.4193620368593813,1.4114453828934626,249.96998809796597,1.361357721947852,40.97892379048619,162.72633486416242,40.85969640094885,1.2600092262211908,159.6647480411141,162.60054258933314,159.81559384692014,223.59904695791047,1.2597914088459574,1.251613470727896,160.57486567223648,1.2008767701277052,92.318796273747,0.008759545790987582,0.0005794881139845346
123.31206069752776,180.0,24.158890305374893,599.9999587739104,1.6221711127141831,1219.50640572895,1.6221949999999992,275.584929744609,132.96896581965026,1.5719758418949048,920.612515127456,919.504265411173,1.5713149999989402,272.4863345691466,919.5042654111729,1.5212956325344988,189.46688704623716,1.5211918413628758,272.4863345691466,1.5207950046448862,113.07072884087411,250.49872807204787,113.07072884109063,1.4200608245033353,223.65549178829926,1.4194262482135922,250.49872807204787,223.65549178829926,263.09664426742853,1.4192881004641649,1.41144499875922,248.59413760516884,1.3613750146753247,41.68879400155661,162.51696319553614,41.68879400160787,1.2599728759866455,159.9999552557295,162.51696319553614,159.9999552557295,222.1501733247834,1.2597489652948082,1.2516150200760814,160.6415005545739,1.200915695353281,89.77291805183506,0.009728844518223303,0.0004115196983492001,123.48975165199089,183.4680452466161,24.58735995511693,599.9442668090255,1.6221767696133407,1219.4313468074881,1.6222031256649447,275.49387816729995,131.60343659459448,1.5719767797120114,919.890261997075,919.1923179691319,1.5713092685464416,272.7040241044329,919.3040102632523,1.521290226037992,189.0920815958009,1.5211805832190606,273.02655163657465,1.5207795107907962,113.39591877233306,251.85712009804627,113.36312259209065,1.4201735466248568,223.63531386493383,1.419470869943055,251.3179907239841,223.45778981821036,262.95472067986503,1.4193620197639827,1.411445384447968,249.9697248752563,1.361357710664102,40.98021820622173,162.72740625014373,40.86076820003079,1.2600092724870886,159.6650876918924,162.6016038344154,159.81575601101355,223.60082090957775,1.2597914807011013,1.2516134745440557,160.57549453214136,1.2008767786034749,92.34137397504881,0.008759850703709965,0.0005796066911598702
123.31206069752754,180.0,24.158890305374587,599.9999587739105,1.622171112714183,1219.5064057289424,1.6221949999999992,275.5849297446083,132.96896581964978,1.5719758418949055,920.6125151274567,919.5042654111751,1.5713149999989406,272.4863345691441,919.5042654111754,1.5212956325218698,189.4668870462301,1.5211918413502459,272.4863345691441,1.5207950046322558,113.06913011117615,250.4994668546762,113.0691301113917,1.4200608242212245,223.65362857523823,1.419426247558055,250.4994668546762,223.65362857523823,263.09384439782264,1.4192880996736812,1.4114449987622477,248.5949181207815,1.3613750148556032,41.688422273610996,162.5170844437234,41.68842227366254,1.259972920021773,159.99995568446025,162.5170844437234,159.99995568446025,222.15164745423374,1.2597490088562013,1.2516150200752532,160.64157451943848,1.2009156808116468,89.78355843510344,0.009728346608166653,0.00041151130661040003,123.48969368672141,183.46644369462473,24.587061131583404,599.9442001671753,1.6221767789842596,1219.4312223485413,1.6222031357616702,275.49399428492467,131.60172346188295,1.5719767861575769,919.888991509597,919.1904297600584,1.5713092673023092,272.70381390814686,919.3024146917368,1.521290235782787,189.0901995216004,1.5211805524501856,273.0260022913469,1.5207795210780344,113.3941016857019,251.85692612484283,113.36128243867375,1.420173501237852,223.63334780078824,1.419470821075676,251.3176141382638,223.45570267389022,262.9518419072084,1.4193620034679164,1.4114453865042784,249.96945297022077,1.3613576994043597,40.981468162142995,162.72844924160776,40.86180570154211,1.2600093178937624,159.66544011149693,162.6026331356658,159.81588369927607,223.60257239035832,1.259791549842292,1.2516134782062,160.5760959200091,1.200876787281316,92.36345599839058,0.008760131548249244,0.0005797250441936068
123.31206069752349,179.99999999999957,24.15889030537415,599.999958773911,1.6221711127141836,1219.506405728936,1.622195,275.5849297445998,132.96896581965123,1.5719758418949117,920.6125151274573,919.5042654111769,1.5713149999989473,272.486334569136,919.504265411177,1.5212956325092966,189.4668870462069,1.5211918413376715,272.486334569136,1.5207950046196805,113.06753577133044,250.50020361505233,113.06753577154505,1.4200608239399743,223.6517704770525,1.4194262469043943,250.50020361505233,223.6517704770525,263.09105219500145,1.4192880988854426,1.4114449987652864,248.5956965006447,1.361375015032389,41.6880561845886,162.51720704307093,41.68805618464006,1.2599729639772317,159.9999561090466,162.51720704307093,159.9999561090466,222.1531146047367,1.2597490523348673,1.2516150200733767,160.64165003632849,1.2009156665958405,89.79402948974304,0.00972786034309525,0.0004115036685096002,123.48963300554239,183.46495350883143,24.586770539117268,599.9441260456555,1.6221767892956698,1219.4310837386236,1.6222031468299885,275.4941104025493,131.60007266688467,1.5719767927241344,919.8877326708428,919.1885938076935,1.5713092664383284,272.7035933403336,919.3008748607109,1.521290246625414,189.08831186592244,1.521180523205674,273.0254349688052,1.5207795319696933,113.39228113905178,251.8567363593011,113.35944286192668,1.4201734559923278,223.63138405238368,1.4194707716321542,251.3172203011306,223.45362016105219,262.9489846475037,1.4193619873523446,1.4114453889587606,249.9691681475784,1.3613576885767609,40.98267365824999,162.72946282446466,40.86280731763232,1.2600093624412123,159.66580019239723,162.6036249155898,159.81598329612083,223.60430889054774,1.259791616851091,1.251613481799893,160.57667183380605,1.2008767960265143,92.38508245643959,0.008760391256893834,0.0005798428002548136
123.31206069752281,179.99999999999991,24.15889030537398,599.9999587739106,1.6221711127141831,1219.5064057289294,1.6221949999999994,275.5849297445982,132.96896581965112,1.5719758418949128,920.6125151274582,919.5042654111772,1.5713149999989482,272.486334569135,919.5042654111772,1.5212956324967186,189.4668870462038,1.5211918413250929,272.486334569135,1.520795004607101,113.06594580849699,250.50093835900088,113.0659458087133,1.4200608236595391,223.64991747881731,1.4194262462525615,250.50093835900088,223.64991747881731,263.0882676366126,1.4192880980993983,1.4114449987682955,248.596472750945,1.361375015205768,41.687695668425334,162.51733096612224,41.687695668476906,1.2599730078523184,159.99995652951347,162.51733096612224,159.99995652951347,222.15457483246553,1.259749095730173,1.251615020070469,160.64172707636732,1.2009156526990141,89.80433510795737,0.00972738546829705,0.0004114967614858501,123.48956922046675,183.4635640829316,24.586491398570978,599.9440473245083,1.6221768002076344,1219.4309362553515,1.6222031584443029,275.4942209409488,131.59846650876744,1.571976799587672,919.8864854808124,919.1868066282567,1.5713092658508214,272.70336482101607,919.2993820607231,1.5212902587385646,189.08642197765346,1.5211804955100134,273.02486591767564,1.520779544033928,113.3904577090525,251.85656174134138,113.35759982516063,1.420173411454207,223.6294186498784,1.4194707221886325,251.3168264639974,223.45154194887607,262.9461449378389,1.4193619716751162,1.4114453918005052,249.96887908965508,1.3613576787334896,40.98383342426231,162.73045308325382,40.863770825310716,1.2600094057328737,159.66616282706278,162.60459083622132,159.81606118596096,223.60602167146786,1.25979168166288,1.2516134855304886,160.57722477099009,1.2008768047380338,92.40629632705362,0.008760633862955324,0.0005799599589699192
123.31206069752031,179.99999999999966,24.158890305373617,599.999958773911,1.6221711127141833,1219.5064057289242,1.6221949999999996,275.5849297445929,132.9689658196515,1.571975841894917,920.6125151274587,919.504265411179,1.5713149999989524,272.48633456912825,919.5042654111787,1.5212956324842164,189.4668870461864,1.5211918413125898,272.48633456912825,1.5207950045945973,113.06436020987184,250.50167109247218,113.06436021008813,1.4200608233799785,223.64806956557732,1.4194262456026132,250.50167109247218,223.64806956557732,263.08549070044353,1.4192880973156052,1.4114449987713336,248.59724687791496,1.3613750153759712,41.68734065978466,162.5174561869905,41.687340659836465,1.2599730516465835,159.9999569457625,162.5174561869905,159.9999569457625,222.15602819271672,1.2597491390417344,1.2516150200666647,160.6418056122381,1.2009156391145326,89.81447909418733,0.009726921734497997,0.00041149056463189997,123.48950520259885,183.46220647594555,24.5862190576021,599.9439656705712,1.622176811604009,1219.4307826390254,1.622203170481414,275.49433217675147,131.59690190912568,1.571976806426461,919.885259258485,919.1850560285161,1.5713092651250775,272.7031338816755,919.2979328079929,1.5212902706050115,189.0845343219755,1.521180467814353,273.0242985951339,1.5207795556267147,113.38863716240238,251.8564001671329,113.355765438442,1.4201733675951937,223.62746151787684,1.4194706731379354,251.3164258946055,223.4494693606425,262.9433182491713,1.4193619562299524,1.4114453944949812,249.96859680818125,1.3613576690822817,40.984958257563406,162.73142914478433,40.864706386820465,1.2600094488923468,159.66652546172833,162.6055354609649,159.81613524515322,223.60773819753578,1.2597917462161974,1.2516134892040414,160.57777021580037,1.2008768133036132,92.42714345328105,0.008760856613674166,0.0005800767685231358
123.31206069751912,179.9999999999999,24.15889030537346,599.9999587739103,1.6221711127141833,1219.506405728919,1.6221949999999996,275.5849297445903,132.96896581965177,1.5719758418949188,920.6125151274592,919.5042654111792,1.5713149999989544,272.4863345691265,919.5042654111793,1.5212956324717282,189.46688704617952,1.5211918413001007,272.4863345691265,1.5207950045821073,113.062778962697,250.5024018212353,113.0627789629138,1.4200608231012488,223.6462267225087,1.4194262449545025,250.5024018212353,223.6462267225087,263.0827213643109,1.419288096534015,1.4114449987743638,248.59801888767498,1.3613750155430777,41.68699109404709,162.5175826807456,41.686991094098616,1.2599730953595287,159.99995735782244,162.5175826807456,159.99995735782244,222.15747474007162,1.2597491822691167,1.2516150200619744,160.64188561760807,1.2009156258357923,89.8244651669782,0.00972646889775885,0.0004114850584350501,123.48942535485817,183.46078523113204,24.58594385365326,599.943883752894,1.6221768229720555,1219.4306316905054,1.6222031819697291,275.4944235365643,131.5953211478546,1.5719768127757832,919.8841114708979,919.1832671071891,1.571309263250239,272.7029008680295,919.2965044579462,1.521290282496129,189.08252387379335,1.5211804391208161,273.02375512710495,1.5207795659985721,113.38680911904447,251.8562162923175,113.35393681842164,1.4201733184448024,223.6255470616745,1.419470625527595,251.31583808426888,223.44741629079772,262.9405204331498,1.4193619373553945,1.411445395962216,249.96826582097674,1.3613576639925902,40.98604879329349,162.7323686990784,40.86561844814293,1.260009484517088,159.66684978991512,162.606453719371,159.8161646134536,223.60941352697805,1.2597918130957604,1.2516134933396403,160.57834063518987,1.200876823957263,92.44769833007537,0.008761044440349528,0.0005801941609668154
123.31206069751885,180.00000000000017,24.15889030537331,599.9999587739103,1.6221711127141822,1219.5064057289144,1.6221949999999985,275.5849297445898,132.96896581965143,1.5719758418949195,920.6125151274596,919.50426541118,1.5713149999989549,272.48633456912546,919.50426541118,1.5212956324592728,189.46688704617964,1.5211918412876444,272.48633456912546,1.52079500456965,113.06120205425529,250.50313055115532,113.06120205446973,1.4200608228233573,223.64438893478103,1.4194262443082344,250.50313055115532,223.64438893478103,263.07995960609014,1.4192880957546312,1.4114449987773938,248.59878878641132,1.361375015707232,41.686646907302375,162.5177104238595,41.68664690735517,1.2599731389908388,159.99995776566237,162.5177104238595,159.99995776566237,222.15891452830624,1.259749225412064,1.251615020056476,160.6419670675574,1.2009156128563676,89.83429696082558,0.009726026719370954,0.00041148022456540006,123.48934744705288,183.45942762414597,24.585677954389293,599.94380308007,1.6221768342466192,1219.4304816554188,1.6222031933180454,275.4945148963771,131.5937765578492,1.5719768190481105,919.8829761086162,919.1815165074484,1.5713092612890025,272.70267718875806,919.2951196551571,1.521290293573124,189.08053686781653,1.5211804102619868,273.02322479634387,1.520779575717655,113.38498395903571,251.85604672355183,113.35211165842023,1.4201732704262569,223.6236355828535,1.4194705781005728,251.31527636143466,223.44536487505368,262.93773507199523,1.4193619176557195,1.4114453973476346,249.96795029254764,1.3613576585907947,40.98710122061135,162.73329405611383,40.86649494161439,1.2600095205383939,159.66717156433666,162.60734865370938,159.81620930434548,223.6111000918637,1.2597918796522336,1.2516134974353095,160.57889906678133,1.2008768339485676,92.46789505805462,0.008761208739585222,0.0005803123231379608
123.31206069751457,179.9999999999995,24.15889030537298,599.9999587739111,1.6221711127141838,1219.50640572891,1.622195,275.58492974458045,132.96896581965245,1.5719758418949263,920.6125151274608,919.504265411182,1.571314999998962,272.48633456911386,919.5042654111821,1.5212956324468632,189.46688704614766,1.521191841275234,272.48633456911386,1.5207950045572387,113.0596294718597,250.5038572879913,113.05962947207502,1.4200608225463225,223.64255618764585,1.4194262436638243,250.5038572879913,223.64255618764585,263.07720540381456,1.4192880949774684,1.411444998780448,248.59955658019192,1.3613750158686213,41.686308036349324,162.51783939414378,41.6863080364011,1.2599731825403122,159.99995816922439,162.51783939414378,159.99995816922439,222.16034761046114,1.2597492684704314,1.2516150200502487,160.64204993848915,1.2009156001699357,89.84397802797082,0.00972559496575465,0.0004114760457031499,123.48926814249411,183.45810713922592,24.585422075555197,599.9437210146982,1.6221768459461037,1219.4303284595624,1.6222032050443587,275.49460555878676,131.5922335070466,1.571976825375434,919.8818298741922,919.1797763590495,1.5713092593104863,272.70246837534233,919.2937392070937,1.5212903031082212,189.07853534999833,1.5211803807113782,273.02271417148455,1.5207795837685372,113.38315533900797,251.85588430781098,113.35028303839987,1.4201732220115653,223.62172939715487,1.4194705298093366,251.31472978618248,223.4433204065328,262.93496839314116,1.419361896924648,1.411445398683964,249.96764090527586,1.361357652492768,40.98810474213351,162.73419406090173,40.86732888069266,1.2600095555021937,159.6674882312277,162.6082162076204,159.8162616565331,223.61280288572306,1.2597919443994048,1.251613501542387,160.57943751870945,1.2008768429631942,92.48765627707476,0.008761350322402928,0.0005804300741359044
123.31206069751308,179.99999999999972,24.158890305372847,599.9999587739107,1.6221711127141836,1219.506405728907,1.622195,275.5849297445774,132.96896581965314,1.571975841894929,920.6125151274616,919.504265411182,1.5713149999989646,272.48633456911364,919.5042654111826,1.5212956324344984,189.46688704614706,1.5211918412628682,272.48633456911364,1.5207950045448726,113.05806120288213,250.50458203763594,113.05806120309764,1.420060822270103,223.6407284663446,1.4194262430212274,250.50458203763594,223.6407284663446,263.0744587354533,1.4192880942024808,1.4114449987834816,248.60032227523124,1.3613750160272575,41.685974418682015,162.51796957028535,41.68597441873453,1.259973226007737,159.99995856857666,162.51796957028535,159.99995856857666,222.16177403888108,1.259749311444061,1.2516150200432912,160.64213420775445,1.2009155877702626,89.853511840177,0.00972517340835965,0.0004114725053976002,123.4891916314423,183.4568290795242,24.58517800651344,599.9436404051719,1.6221768574869513,1219.430176786095,1.6222032165942735,275.49469133937436,131.5907181618943,1.5719768318127503,919.8807030543081,919.1780745322369,1.5713092573924488,272.70226785914844,919.2923901130557,1.521290312149911,189.0765650884539,1.5211803513750375,273.02221979535136,1.5207795916260047,113.3813319090087,251.85574250961238,113.34846076174759,1.420173174898496,223.6198275121182,1.4194704821466195,251.31421434762674,223.44128255441487,262.9322102062418,1.419361876013082,1.4114454001184722,249.96734824736376,1.3613576465627972,40.98906952010323,162.73507378389155,40.86812788706012,1.2600095905320876,159.66780489811873,162.60906297268843,159.8163216700165,223.614513169878,1.2597920087588683,1.2516135057863673,160.57996298385635,1.2008768514614165,92.50703069537461,0.008761472777793766,0.0005805480977845645
123.31206069751174,179.9999999999999,24.158890305372736,599.9999587739105,1.6221711127141831,1219.5064057289035,1.6221949999999996,275.5849297445746,132.96896581965365,1.5719758418949306,920.612515127462,919.5042654111836,1.5713149999989662,272.48633456911296,919.5042654111835,1.521295632422151,189.46688704614587,1.5211918412505203,272.48633456911296,1.5207950045325236,113.05649723472266,250.50530480574358,113.05649723493718,1.4200608219947082,223.63890575625436,1.4194262423804513,250.50530480574358,223.63890575625436,263.0717195791568,1.4192880934296745,1.4114449987865132,248.60108587752444,1.3613750161833447,41.68564599250064,162.51810093253778,41.68564599255306,1.2599732693931376,159.99995896364632,162.51810093253778,159.99995896364632,222.16319386519413,1.2597493543330258,1.2516150200357075,160.6422198542112,1.2009155756512895,89.86290179046335,0.009724761823564998,0.0004114695879516001,123.48911690513106,183.45561996080224,24.584943957901555,599.9435641948306,1.6221768685178939,1219.4300317966413,1.622203227614992,275.4947809556793,131.58922975279094,1.5719768381758215,919.87959875529,919.1764092851204,1.5713092552929753,272.70207840591695,919.2910680183174,1.5212903201431103,189.07461715281931,1.5211803213285515,273.0217427050969,1.520779598830698,113.37951885906634,251.85562511585152,113.34664944182202,1.4201731289455684,223.6179302585636,1.419470435348117,251.31372457580724,223.4392506570596,262.92945088708177,1.4193618552046556,1.4114454014820734,249.96707380115964,1.361357640008619,40.990001270782344,162.73594083075764,40.86889577155794,1.2600096256941697,159.66811901124453,162.6098889489135,159.81638423726514,223.61623968300665,1.2597920724075344,1.2516135100246433,160.58048145612105,1.2008768591064485,92.52602977371629,0.008761577520045711,0.0005806667674536115
123.31206069750993,179.99999999999974,24.158890305372577,599.9999587739107,1.6221711127141836,1219.5064057288998,1.6221949999999998,275.5849297445708,132.96896581965407,1.5719758418949337,920.6125151274625,919.504265411183,1.5713149999989695,272.48633456910807,919.5042654111826,1.5212956324098337,189.4668870461295,1.5211918412382017,272.48633456910807,1.5207950045202048,113.05493755483262,250.50602559810545,113.05493755504779,1.420060821720148,223.63708804274467,1.419426241741502,250.50602559810545,223.63708804274467,263.0689879131154,1.419288092659055,1.4114449987895537,248.60184739316458,1.361375016337024,41.68532269667878,162.5182334621955,41.68532269672977,1.2599733126965709,159.99995935440353,162.5182334621955,159.99995935440353,222.16460714036978,1.25974939713743,1.25161502002755,160.64230685777454,1.2009155638070164,89.87215119480942,0.009724359992580303,0.0004114672783267,123.48904396356036,183.45447447990773,24.584722434827,599.9434944724959,1.6221768787868118,1219.4298971594349,1.622203237784517,275.4948670849685,131.5877644317295,1.5719768444069016,919.8785107644851,919.1747753920291,1.5713092529688668,272.70189586703697,919.2897650843724,1.5212903265450708,189.0726937756856,1.5211802901066531,273.021283937874,1.5207796047177544,113.37771445917143,251.85552539426973,113.34484677194385,1.4201730839264133,223.61603929059183,1.4194703887591205,251.31326467838568,223.43722736102825,262.9266893034005,1.4193618341125953,1.4114454026874967,249.96681544902307,1.3613576325421373,40.99089935903065,162.73678151128627,40.86962999362533,1.2600096611206286,159.6684280168398,162.61069007993595,159.81645957334,223.61799116378722,1.259792134763842,1.2516135142286937,160.58098494363824,1.2008768654380169,92.54464778171872,0.008761663736148841,0.0005807860213143903
123.31206069750786,179.9999999999997,24.158890305372402,599.9999587739109,1.6221711127141836,1219.5064057288973,1.6221949999999998,275.58492974456635,132.968965819655,1.571975841894937,920.6125151274634,919.504265411184,1.5713149999989728,272.48633456910267,919.504265411184,1.5212956323975768,189.46688704611498,1.5211918412259442,272.48633456910267,1.5207950045079461,113.05338215068994,250.50674442049495,113.05338215090453,1.4200608214464203,223.6352753112127,1.419426241104375,250.50674442049495,223.6352753112127,263.0662637155556,1.4192880918906168,1.4114449987926012,248.60260682823764,1.3613750164883682,41.68500447076129,162.51836714147987,41.685004470812395,1.2599733559181443,159.99995974087312,162.51836714147987,159.99995974087312,222.16601391469865,1.259749439857425,1.2516150200188483,160.6423951993218,1.2009155522315798,89.88126329382256,0.009723967701348252,0.00041146556206554983,123.48897102198967,183.453397939993,24.584509858564825,599.9434315019079,1.622176888154898,1219.4297734109361,1.6222032470300487,275.4949563525719,131.58631527229744,1.571976850497741,919.87744218822,919.1731711110727,1.5713092505583601,272.70172231681397,919.2884752146048,1.5212903315901611,189.0707960733482,1.521180258125634,273.0208372707662,1.5207796094805885,113.37591986266361,251.85544082026996,113.34305159877343,1.4201730397278463,223.6141546082029,1.4194703425629487,251.31283297229734,223.43521332796104,262.9239220584161,1.4193618131494594,1.4114454038274673,249.96657446153827,1.3613576245954961,40.991765372698666,162.73760241706182,40.87033372896328,1.2600096962827108,159.66873574555248,162.61146687280075,159.816541293828,223.61975887354154,1.2597921961508805,1.2516135184099269,160.58147794183213,1.2008768707030977,92.56292483204922,0.008761732971700568,0.0005809057974890394
123.31206069750584,179.99999999999983,24.158890305372324,599.9999587739103,1.622171112714184,1219.5064057288955,1.6221950000000003,275.5849297445619,132.96896581965564,1.5719758418949403,920.6125151274648,919.5042654111846,1.5713149999989762,272.4863345691009,919.5042654111846,1.5212956323853386,189.46688704611097,1.5211918412137049,272.4863345691009,1.5207950044957061,113.05183100982453,250.50746127855842,113.05183101003996,1.4200608211735086,223.6334675471645,1.4194262404690514,250.50746127855842,223.6334675471645,263.0635469648245,1.4192880911243397,1.411444998795646,248.60336418872015,1.3613750166375236,41.684691254971256,162.51850195395374,41.68469125502225,1.259973399058126,159.999960123017,162.51850195395374,159.999960123017,222.1674142377928,1.2597494824933197,1.2516150200096785,160.64248486107573,1.2009155409192402,89.89024125437243,0.009723584740448498,0.0004114644252279499,123.48890203788719,183.45239034105805,24.584306944860025,599.9433747872353,1.6221768965909913,1219.4296597392047,1.6222032553179875,275.49504701498154,131.5848976665227,1.571976856522585,919.8764031220552,919.1716016679222,1.5713092480182564,272.70155775524796,919.2872123441367,1.5212903360431624,189.06893409246655,1.521180225728323,273.02040650666686,1.5207796138445053,113.37413506954287,251.85537812611093,113.34126738232972,1.4201729963781633,223.61227588057665,1.4194702969429196,251.3124307198408,223.43320524965654,262.92115311504074,1.4193617925988824,1.4114454049619836,249.96635465045813,1.361357616672863,40.99260407533791,162.73840405512922,40.871009518132574,1.2600097317752637,159.66903325920416,162.61222541204734,159.81662301431604,223.62153282520882,1.2597922571502114,1.2516135225569345,160.581958952228,1.200876875451774,92.58086665508881,0.00876178533112231,0.0005810264697348568
123.31206069750499,180.0000000000001,24.15889030537229,599.9999587739101,1.6221711127141831,1219.5064057288928,1.6221949999999992,275.58492974456016,132.96896581965592,1.5719758418949419,920.6125151274643,919.5042654111858,1.5713149999989775,272.4863345690992,919.5042654111857,1.521295632373128,189.46688704610688,1.5211918412014935,272.4863345690992,1.5207950044834941,113.05028411980497,250.5081761780247,113.05028412001838,1.4200608209014007,223.6316647361071,1.419426239835515,250.5081761780247,223.6316647361071,263.0608376393038,1.4192880903602068,1.4114449987986761,248.6041194806554,1.3613750167845677,41.68438299018461,162.51863788404424,41.68438299023584,1.2599734421168098,159.99996050085213,162.51863788404424,159.99996050085213,222.1688081586708,1.2597495250454462,1.2516150200000746,160.64257582613368,1.200915529864356,89.89908817120414,0.009723210905004998,0.00041146385433775,123.48883088105705,183.45144637995054,24.58411083073263,599.9433231469222,1.6221769042962209,1219.4295538824047,1.622203262841532,275.49513976960066,131.58350007038428,1.5719768624264372,919.8753795875223,919.1700583531259,1.5713092454781528,272.70140183662136,919.2859642797362,1.5212903399904214,189.06708439083533,1.5211801932208167,273.0199861140949,1.520779617628178,113.37236065647906,251.85532763417078,113.33949296927307,1.4201729537358836,223.6104044309937,1.4194702518466566,251.31204656032943,223.43120908087738,262.91838926683823,1.4193617721772296,1.4114454060692276,249.9661536863781,1.361357608438126,40.9934170547989,162.73918997480314,40.87166212468469,1.2600097667390635,159.6693358803863,162.61296468358577,159.81671494986503,223.62332425423241,1.2597923172448913,1.251613526664012,160.58242547736793,1.2008768797064981,92.59848184640907,0.008761820840317607,0.0005811480385999697
123.31206069750328,179.99999999999986,24.158890305372175,599.9999587739106,1.6221711127141833,1219.5064057288905,1.6221949999999996,275.58492974455646,132.96896581965632,1.5719758418949443,920.6125151274651,919.5042654111867,1.5713149999989802,272.4863345690949,919.5042654111868,1.5212956323609617,189.46688704609517,1.5211918411893266,272.4863345690949,1.520795004471326,113.04874146823596,250.50888912455778,113.04874146844793,1.4200608206301304,223.62986686361046,1.4194262392037986,250.50888912455778,223.62986686361046,263.058135717465,1.4192880895982496,1.4114449988017306,248.60487271001006,1.3613750169296779,41.68407961794871,162.5187749173919,41.684079617999885,1.2599734850946263,159.99996087432226,162.5187749173919,159.99996087432226,222.17019572572855,1.2597495675142696,1.2516150199901097,160.64266807876766,1.2009155190613896,89.90780706850441,0.00972284599459185,0.00041146383633979986,123.48876352650029,183.45053954090906,24.58391972682017,599.9432748508339,1.6221769114745486,1219.4294525927723,1.6222032698638802,275.4952325242198,131.58213017989615,1.5719768681653004,919.8743832333448,919.1685498761354,1.5713092429898878,272.7012486837353,919.2847406017999,1.521290343727982,189.0652849225013,1.5211801609214566,273.01957678448525,1.5207796209404028,113.37059662347217,251.85530280896688,113.33772951294311,1.4201729123669304,223.60853794371295,1.4194702077455492,251.31168975061902,223.4292188668609,262.9156191912022,1.4193617526064792,1.4114454071601086,249.96597432223084,1.3613575998912855,40.99420462865173,162.7399581479038,40.87229313647012,1.260009802033334,159.66963084027273,162.6136917860454,159.81680305476618,223.62513191222973,1.259792377274953,1.251613530588553,160.58288401064252,1.2008768832988774,92.61578186677207,0.00876184120248198,0.0005812705669035285
123.31206069750048,179.99999999999977,24.15889030537202,599.9999587739107,1.6221711127141836,1219.506405728889,1.6221949999999998,275.5849297445504,132.9689658196569,1.5719758418949492,920.6125151274658,919.504265411187,1.571314999998985,272.4863345690862,919.504265411187,1.5212956323488436,189.46688704607234,1.5211918411772076,272.4863345690862,1.5207950044592065,113.04720304276812,250.50960012387935,113.04720304298024,1.4200608203596676,223.62807391526522,1.4194262385738674,250.50960012387935,223.62807391526522,263.0554411778093,1.4192880888384318,1.4114449988047766,248.60562388282528,1.361375017072882,41.6837810804473,162.51891304037093,41.683781080498754,1.2599735279920004,159.99996124347666,162.51891304037093,159.99996124347666,222.17157698678056,1.2597496099002488,1.2516150199797922,160.6427616040523,1.2009155085049055,89.91640090144239,0.00972248981314205,0.00041146435856335013,123.48869849986599,183.44966982393362,24.583731485887675,599.9432283270789,1.6221769183639303,1219.429353463483,1.6222032765726306,275.4953322528704,131.5807841470514,1.5719768737419246,919.8734039639623,919.16707101128,1.5713092405966609,272.7011007166129,919.283536955602,1.5212903473791966,189.0635155941455,1.5211801288118767,273.01917817212046,1.5207796239262406,113.36884412386186,251.8552986013052,113.33597759000969,1.4201728719600457,223.6066760879143,1.4194701644039027,251.311353979217,223.4272349384273,262.91285364460873,1.4193617334998574,1.4114454082237173,249.9658135933196,1.3613575907202373,40.994968067176806,162.74071263079077,40.87290223591876,1.2600098367327572,159.66991175445025,162.614408747606,159.81688222148892,223.62693083154892,1.259792437111161,1.2516135342963315,160.58333155510223,1.2008768865095665,92.63276385098727,0.008761848068499164,0.0005813932456007846
123.312060697498,179.99999999999966,24.15889030537194,599.9999587739107,1.6221711127141836,1219.506405728887,1.622195,275.58492974454504,132.96896581965797,1.5719758418949532,920.6125151274673,919.5042654111872,1.571314999998989,272.4863345690826,919.5042654111871,1.5212956323367455,189.46688704605884,1.5211918411651089,272.4863345690826,1.520795004447107,113.04566883108325,250.5103091815348,113.045668831296,1.4200608200900038,223.62628587676704,1.4194262379457112,250.5103091815348,223.62628587676704,263.0527539989867,1.4192880880807428,1.411444998807815,248.6063730049658,1.3613750172143142,41.6834873205102,162.51905224048852,41.683487320562115,1.259973570809509,159.9999616082814,162.51905224048852,159.9999616082814,222.17295198901166,1.2597496522039902,1.2516150199691904,160.6428563881749,1.2009154981895946,89.92487255769063,0.009722142168857795,0.0004114654086918001,123.4886324644653,183.44885844163338,24.583549686660092,599.9431832275206,1.622176924981363,1219.4292561465618,1.6222032830545827,275.49542779710214,131.57946505025555,1.5719768792580529,919.8724410027932,919.1656182747787,1.571309238289832,272.700957243819,919.2823585668135,1.521290350820713,189.06176412651763,1.5211800970451255,273.01878163406116,1.5207796266098679,113.3670985442895,251.8553078581609,113.334233163784,1.4201728322039722,223.60482084851864,1.419470121376516,251.31103293463084,223.42525961131753,262.91009375931844,1.4193617147026543,1.4114454093473248,249.96566874671188,1.3613575815491892,40.99570546495353,162.74144784596962,40.873489105460514,1.260009871299992,159.67019522239303,162.61510644145847,159.81696011132908,223.62874348307665,1.2597924957196285,1.2516135378500943,160.58376311583126,1.2008768893161128,92.6494249338642,0.00876184353483072,0.0005815159501897052
123.31206069749855,180.00000000000014,24.158890305371973,599.9999587739098,1.622171112714183,1219.5064057288855,1.6221949999999992,275.5849297445464,132.96896581965814,1.5719758418949523,920.6125151274672,919.5042654111874,1.571314999998988,272.48633456908476,919.5042654111872,1.5212956323246623,189.4668870460652,1.5211918411530245,272.48633456908476,1.520795004435022,113.04413882091308,250.51101630315748,113.04413882112516,1.420060819821139,223.62450273382223,1.4194262373193276,250.51101630315748,223.62450273382223,263.0500741596262,1.4192880873251794,1.4114449988108473,248.60712008238505,1.3613750173540726,41.68319828159629,162.51919250604777,41.6831982816466,1.2599736135477608,159.99996196874028,162.51919250604777,159.99996196874028,222.1743207790468,1.2597496944261306,1.2516150199583436,160.642952418125,1.2009154881102426,89.9332248588945,0.009721802874121053,0.0004114669747375,123.48856751542841,183.4480947877037,24.583373613392432,599.9431392884188,1.6221769313608396,1219.4291602505373,1.6222032893293366,275.4955268283496,131.57817058070444,1.571976884686187,919.8715021156532,919.1642021179736,1.571309236034842,272.7008151538954,919.2812106611053,1.5212903543979162,189.0600550781185,1.521180065725276,273.0183902817655,1.5207796292209648,113.36536334477407,251.85533394566332,113.3324985409454,1.4201727933250792,223.60297321798637,1.4194700791085901,251.31072998298993,223.42329354717194,262.9073434982435,1.419361696575859,1.4114454105472938,249.96553893535147,1.3613575725942129,40.99642126796333,162.74216632866506,40.874056285656174,1.2600099057350387,159.6704825209837,162.61579298032203,159.8170328936387,223.63055114107397,1.2597925538757702,1.2516135412840677,160.58418518622014,1.2008768917409687,92.66577084578384,0.008761829042831156,0.0005816387429820723
123.31206069749635,179.99999999999994,24.158890305371855,599.9999587739106,1.6221711127141831,1219.5064057288841,1.6221949999999992,275.58492974454157,132.96896581965817,1.571975841894956,920.612515127468,919.5042654111874,1.5713149999989915,272.48633456907714,919.5042654111871,1.5212956323126408,189.46688704604367,1.5211918411410021,272.48633456907714,1.520795004422999,113.04261300002082,250.51172149443767,113.04261300023268,1.420060819553084,223.62272447214065,1.4194262366947232,250.51172149443767,223.62272447214065,263.04740163847,1.4192880865717465,1.4114449988138817,248.6078651210633,1.3613750174922359,41.682913907810295,162.51933382626186,41.682913907861916,1.2599736562074366,159.99996232485933,162.51933382626186,159.99996232485933,222.17568340297635,1.2597497365673762,1.251615019947289,160.643049681815,1.2009154782617353,89.94146056212963,0.009721471745408551,0.0004114690450205502,123.48850520470367,183.44739477160152,24.583202908212204,599.9430964042774,1.6221769375250232,1219.4290658914008,1.6222032953828918,275.4956293466129,131.57690997361482,1.5719768900813234,919.8705841962162,919.1628225408646,1.5713092338057713,272.70068343549906,919.2800941094225,1.5212903581601473,189.05838844894805,1.5211800350359863,273.01800860956195,1.5207796318441502,113.3636373719759,251.85537686381244,113.33077487483348,1.420172755719512,223.60112691073473,1.4194700379143848,251.31044722812504,223.42133476106963,262.90459663395046,1.4193616794546757,1.411445411801807,249.96542691217093,1.3613575635672128,40.99711325321547,162.742879740911,40.874604411645926,1.2600099410293093,159.6707659889265,162.61646836419666,159.8171082297136,223.6323563023061,1.259792611838058,1.2516135446838152,160.58460076321848,1.2008768941545984,92.68180731712728,0.008761805588379929,0.0005817611877866034
123.31206069749473,179.9999999999999,24.15889030537181,599.9999587739106,1.6221711127141831,1219.506405728883,1.6221949999999996,275.5849297445381,132.96896581965893,1.5719758418949585,920.6125151274688,919.504265411189,1.5713149999989944,272.48633456907385,919.5042654111892,1.5212956323006446,189.46688704603577,1.5211918411290053,272.48633456907385,1.520795004411001,113.04109135621694,250.5124247608838,113.04109135643017,1.4200608192858515,223.62095107756187,1.419426236071909,250.5124247608838,223.62095107756187,263.0447364143289,1.4192880858204546,1.41144499881694,248.60860812682816,1.361375017628962,41.6826341438654,162.51947619121535,41.68263414391704,1.259973698789313,159.99996267659373,162.51947619121535,159.99996267659373,222.17703990630235,1.2597497786285268,1.251615019936095,160.64314816800612,1.2009154686390597,89.9495823613203,0.009721148603204053,0.0004114716081504499,123.48844646346004,183.44671066495619,24.583034350266942,599.9430542164099,1.6221769435928914,1219.4289723587044,1.6222033013328478,275.49573186487606,131.57567630257415,1.5719768953499684,919.8696802552478,919.161470834,1.571309231654459,272.7005558657136,919.2790010732588,1.5212903616016638,189.05675865752886,1.521180004328331,273.0176286659463,1.5207796341651252,113.36191716587601,251.85543745414063,113.32905639875001,1.4201727183969064,223.59928755070624,1.4194699972177574,251.31017920007608,223.41937895234867,262.90185373256963,1.4193616628749754,1.411445413072683,249.96532780659723,1.3613575546842605,40.99778332613058,162.74357489953871,40.8751312604391,1.2600099766540505,159.67103796492566,162.61712802967781,159.81716313566648,223.63415771839047,1.2597926694126385,1.2516135479124346,160.58500734936825,1.200876896119181,92.69753721308501,0.008761773066725188,0.0005818830973751115
123.31206069749173,179.99999999999983,24.15889030537172,599.9999587739105,1.6221711127141836,1219.506405728882,1.6221949999999998,275.58492974453156,132.96896581966,1.5719758418949634,920.6125151274696,919.5042654111903,1.5713149999989993,272.4863345690703,919.5042654111902,1.5212956322886912,189.4668870460249,1.5211918411170513,272.4863345690703,1.5207950043990464,113.03957387734438,250.5131261081281,113.03957387755682,1.420060819019397,223.61918253589707,1.4194262354508371,250.5131261081281,223.61918253589707,263.0420784660729,1.4192880850712548,1.4114449988199753,248.60934910561429,1.3613750177642248,41.682358935081716,162.51961959148917,41.68235893513331,1.2599737412941283,159.99996302402127,162.51961959148917,159.99996302402127,222.178390334014,1.2597498206103421,1.2516150199247522,160.64324786604305,1.2009154592372986,89.95759288863667,0.0097208332719159,0.00041147465301075,123.48838911896989,183.44605307407232,24.582870444664124,599.9430123661297,1.6221769496239333,1219.4288794639615,1.6222033072324042,275.4958385675582,131.57447418519078,1.571976900800101,919.8687786440241,919.1601487392705,1.571309229753701,272.70044731039485,919.2779115208756,1.5212903656846095,189.05521593715812,1.5211799748022101,273.0172566738348,1.520779635869591,113.36020157313476,251.8554993067673,113.32734195935532,1.4201726805932664,223.59745579954114,1.4194699559187987,251.3099149589226,223.41743174495156,262.8991317780105,1.419361646914113,1.4114454145126458,249.96522467750663,1.3613575467376193,40.99843021642825,162.7442497763684,40.87563969016656,1.2600100137989567,159.67131632533795,162.61775777950686,159.8172052727931,223.63595289256187,1.259792725824096,1.251613551369225,160.58540394568635,1.2008768975112278,92.71297485960966,0.0087617264202434,0.0005820042843638878
123.31206069749095,180.0,24.15889030537172,599.9999587739103,1.622171112714183,1219.506405728881,1.6221949999999992,275.5849297445301,132.96896581965996,1.5719758418949645,920.61251512747,919.5042654111904,1.5713149999990004,272.48633456906896,919.5042654111908,1.5212956322767637,189.466887046023,1.5211918411051228,272.48633456906896,1.5207950043871172,113.03806055128618,250.51382554163717,113.03806055149649,1.4200608187537451,223.61741883307445,1.4194262348315303,250.51382554163717,223.61741883307445,263.03942777265615,1.4192880843241684,1.41144499882302,248.6100880632098,1.3613750178981878,41.68208822740462,162.5197640187155,41.682088227454344,1.2599737837227778,159.99996336709404,162.5197640187155,159.99996336709404,222.17973473057253,1.259749862513737,1.2516150199133298,160.64334876623502,1.2009154500516384,89.96549471585588,0.009720525579793552,0.00041147816874580005,123.48833511116861,183.4454166957976,24.582704749698827,599.942970020018,1.6221769557229624,1219.4287854817976,1.6222033131907603,275.49594736244984,131.5733020822619,1.571976906052247,919.8678871283611,919.1588597404566,1.571309227809744,272.7003491266034,919.2768524515727,1.5212903694221702,189.0536966589927,1.521179945282211,273.0168940160979,1.5207796370421671,113.35849405377111,251.85557799004073,113.32563443999855,1.4201726435253261,223.59562967231858,1.419469915038853,251.30967007301285,223.41548983067685,262.89641888153636,1.4193616313400244,1.411445415968972,249.96513616013524,1.3613575383108185,40.99905328896827,162.74491400525412,40.876128112977824,1.2600100505472982,159.67159213198497,162.61837941661668,159.81723719485873,223.63774307320287,1.2597927821709354,1.2516135545579146,160.58579255013908,1.2008768981511204,92.7281317174633,0.00876167099511175,0.0005821246235740952
123.31206069748822,180.0,24.158890305371646,599.9999587739103,1.6221711127141831,1219.50640572888,1.6221949999999996,275.5849297445243,132.96896581966107,1.571975841894969,920.612515127471,919.5042654111918,1.5713149999990048,272.4863345690625,919.504265411192,1.5212956322648652,189.4668870460062,1.5211918410932237,272.4863345690625,1.5207950043752172,113.03655136596544,250.51452306698596,113.03655136617758,1.4200608184888628,223.6156599550079,1.4194262342139516,250.51452306698596,223.6156599550079,263.0367843130879,1.4192880835791577,1.411444998826041,248.61082500549134,1.361375018030841,41.68182196736731,162.51990946489005,41.68182196741775,1.2599738260761093,159.99996370587445,162.51990946489005,159.99996370587445,222.18107313992448,1.2597499043395772,1.2516150199018221,160.64345085934508,1.2009154410773357,89.97329035569959,0.009720225358848,0.00041148214474934984,123.48828250012082,183.44483865219806,24.582548359418407,599.9429284123788,1.6221769616888497,1219.4286923405728,1.6222033190511171,275.4960610391635,131.57215383697638,1.5719769112218986,919.867012697493,919.1576003537774,1.5713092258571473,272.7002537085525,919.2758142849535,1.521290372629318,189.05221533487403,1.521179915872407,273.016540347018,1.5207796376949414,113.35679576112473,251.85567182089616,113.3239378773685,1.4201726076175274,223.593810161499,1.4194698749969332,251.30944412158067,223.41355486362528,262.8937133447564,1.4193616163847738,1.4114454173489364,249.9650692426966,1.3613575299080258,40.99965635459187,162.74557164255546,40.87659716401309,1.2600100882209577,159.67186538486675,162.61899040578254,159.81728060886797,223.63954324090463,1.2597928385823929,1.2516135577123784,160.5861756601844,1.2008768983419655,92.74301065183644,0.008761607420427938,0.0005822450500377302
123.31206069748623,179.99999999999963,24.158890305371578,599.999958773911,1.6221711127141838,1219.5064057288796,1.6221950000000003,275.58492974451997,132.96896581966172,1.571975841894972,920.612515127472,919.5042654111911,1.5713149999990081,272.4863345690577,919.5042654111912,1.521295632253021,189.4668870459888,1.5211918410813787,272.4863345690577,1.5207950043633716,113.03504630935026,250.5152186897663,113.0350463095607,1.420060818224785,223.61390588765093,1.4194262335981342,250.5152186897663,223.61390588765093,263.03414806639216,1.419288082836255,1.4114449988290725,248.61155993834882,1.3613750181623119,41.68156010211029,162.52005592292258,41.68156010216178,1.2599738683550945,159.99996404034135,162.52005592292258,159.99996404034135,222.18240560550004,1.2597499460888497,1.2516150198902807,160.64355413699465,1.200915432309773,89.9809822631402,0.009719932444770348,0.000411486570654,123.48823113063168,183.4442765180554,24.58239232701048,599.9428866781443,1.622176967643406,1219.4285988368742,1.6222033249030738,275.4961750645787,131.57101559650903,1.5719769164327975,919.8661429261144,919.1563601278915,1.5713092240600672,272.70016520485314,919.2747900534566,1.5212903765025658,189.05073847593732,1.5211798870625532,273.0161960123126,1.520779638649926,113.35510265850681,251.85578079933367,113.32224765810652,1.4201725723322436,223.59199561298166,1.4194698358192273,251.3092282685365,223.4116261821565,262.8910157338008,1.4193616016100175,1.411445418881624,249.96501291346024,1.3613575218653526,41.000235920027926,162.74621609668807,40.87704652570226,1.2600101254319582,159.67212842268754,162.61958973291453,159.817311254051,223.64133217316305,1.2597928941538172,1.2516135609010677,160.58654927988962,1.2008768989145011,92.75760593234804,0.008761538054842042,0.0005823644408845243
123.31206069748467,179.99999999999974,24.158890305371564,599.9999587739109,1.6221711127141833,1219.5064057288787,1.6221949999999996,275.58492974451644,132.96896581966183,1.5719758418949747,920.6125151274724,919.5042654111921,1.5713149999990108,272.48633456905293,919.5042654111921,1.521295632241193,189.46688704597864,1.5211918410695495,272.48633456905293,1.5207950043515417,113.0335453694369,250.5159124153447,113.03354536964619,1.4200608179614809,223.61215661708093,1.4194262329840441,250.5159124153447,223.61215661708093,263.03151901177745,1.4192880820954255,1.411444998832093,248.61229286746482,1.361375018292656,41.68130257935514,162.52020338615563,41.681302579405795,1.2599739105607144,159.9999643705088,162.52020338615563,159.9999643705088,222.18373217024757,1.2597499877625498,1.2516150198787361,160.64365859127759,1.2009154237444195,89.98857283668693,0.009719646676855603,0.00041149143632289995,123.48818193387017,183.44371968706503,24.582240946944992,599.9428453025962,1.622176973538473,1219.4285060871207,1.622203330699031,275.4962887412924,131.5698981352794,1.571976921558452,919.8652886863675,919.1551442884696,1.5713092222284277,272.70008499837553,919.2737875955885,1.5212903800304285,189.04930515252485,1.5211798587057233,273.01586066626425,1.5207796395686453,113.35341705259665,251.8559028215224,113.32056320554283,1.4201725382071015,223.59018569594642,1.4194697973224175,251.3090326122684,223.4097031246303,262.88832378414844,1.419361587273605,1.4114454203815852,249.9649747959319,1.3613575137266478,41.00079579611766,162.74685497332624,40.87747778589583,1.2600101629073355,159.67239273739096,162.62018196141722,159.81734445299924,223.64312485056925,1.2597929498544773,1.2516135640327144,160.5869169056958,1.2008768990155367,92.77193761533177,0.008761463579822442,0.000582483169847775
123.31206069748242,179.99999999999937,24.15889030537148,599.9999587739111,1.622171112714184,1219.5064057288778,1.6221950000000003,275.5849297445116,132.96896581966286,1.5719758418949787,920.6125151274731,919.5042654111937,1.5713149999990144,272.4863345690474,919.5042654111937,1.521295632229406,189.46688704596238,1.5211918410577623,272.4863345690474,1.5207950043397533,113.03204853426641,250.5166042492733,113.03204853447806,1.4200608176989675,223.61041212934148,1.4194262323716962,250.5166042492733,223.61041212934148,263.02889712842034,1.4192880813566822,1.411444998835119,248.61302379869056,1.3613750184219477,41.68104934741878,162.52035184855077,41.68104934746968,1.2599739526939981,159.99996469638802,162.52035184855077,159.99996469638802,222.18505287662478,1.25975002936172,1.2516150198672236,160.64376421490874,1.2009154153768309,89.99606441963684,0.0097193678979254,0.00041149673184155,123.48813560821303,183.4432264939021,24.58209529283943,599.9428049820086,1.6221769792635718,1219.4284149322514,1.6222033363409893,275.4964055563202,131.56879837488194,1.5719769266923562,919.8644453187629,919.1539510936216,1.571309220457267,272.70000963194406,919.2728069113492,1.521290383471945,189.0478975039087,1.521179830673356,273.0155381117661,1.520779640499453,113.35174182674344,251.8560366251638,113.31889259305497,1.4201725051572127,223.58838272613428,1.4194697597683867,251.30885673201018,223.4077896608884,262.88564202484173,1.41936157355603,1.4114454219197272,249.9649557371677,1.3613575059000464,41.001337570711584,162.74748624429014,40.87789316758447,1.2600102005149008,159.6726532214465,162.62076658424562,159.817382759478,223.64492002474063,1.2597930058136093,1.2516135671472484,160.58727953658615,1.2008768991053462,92.78600283559707,0.008761384283752177,0.0005826012365127071
123.31206069748237,179.99999999999994,24.158890305371557,599.9999587739104,1.6221711127141831,1219.5064057288769,1.6221949999999996,275.58492974451167,132.96896581966348,1.5719758418949783,920.6125151274734,919.5042654111936,1.5713149999990146,272.486334569049,919.504265411194,1.5212956322176443,189.46688704596588,1.5211918410459995,272.486334569049,1.5207950043279905,113.0305557919195,250.5172941970082,113.0305557921296,1.4200608174372287,223.6086724105486,1.4194262317610706,250.5172941970082,223.6086724105486,263.0262823955793,1.4192880806200052,1.4114449988381366,248.61375273779208,1.3613750185502185,41.68080035518034,162.5205013044358,41.680800355230545,1.2599739947559645,159.9999650180132,162.5205013044358,159.9999650180132,222.1863677666213,1.2597500708873908,1.2516150198557474,160.64387100098406,1.2009154072026433,90.00345930130814,0.009719095954252853,0.00041150244751064996,123.48809192086803,183.4427333007392,24.581953575331315,599.9427659379232,1.6221769847988727,1219.4283259232257,1.6222033417785493,275.49652690446857,131.5677178545194,1.5719769317795134,919.863615929627,919.1527840271277,1.571309218694746,272.69994256273435,919.2718427750676,1.5212903871354946,189.04653339081673,1.5211798030940122,273.01522765738315,1.520779641321465,113.35007525093765,251.85619020481508,113.3172283239352,1.420172473182577,223.58658504944455,1.419469723261888,251.3086976823987,223.4058808286286,262.8829670590988,1.4193615602510141,1.4114454235015046,249.96494896071823,1.361357498241501,41.00185933838908,162.7481104166247,40.878291400487804,1.2600102385190308,159.67290987485416,162.6213430943548,159.8174185121915,223.64670895699905,1.2597930613850337,1.2516135702731908,160.587639170527,1.2008768989369534,92.79980732352502,0.008761300900489433,0.000582718578044804
123.31206069747995,179.9999999999999,24.158890305371493,599.9999587739103,1.6221711127141831,1219.5064057288764,1.6221949999999996,275.58492974450644,132.9689658196649,1.5719758418949823,920.6125151274744,919.5042654111927,1.5713149999990184,272.4863345690436,919.504265411193,1.521295632205915,189.466887045948,1.5211918410342695,272.4863345690436,1.5207950043162595,113.02906713051041,250.51798226396897,113.02906713071947,1.4200608171762683,223.6069374468729,1.4194262311521693,250.51798226396897,223.6069374468729,263.02367479263023,1.419288079885395,1.4114449988411537,248.61447969048479,1.3613750186775317,41.68055555210369,162.5206517486987,41.68055555215365,1.259974036747693,159.99996533539758,162.5206517486987,159.99996533539758,222.18767688178264,1.2597501123406518,1.2516150198443348,160.6439789431534,1.2009153992175676,90.01075971824247,0.009718830695488996,0.00041150857383940014,123.4880495526791,183.4422878359469,24.581817225910626,599.9427283285839,1.6221769901245462,1219.4282394660147,1.6222033470425103,275.4966447656011,131.56666657901002,1.5719769367731768,919.862809061357,919.1516500565494,1.571309216854467,272.6998824078762,919.2709073799762,1.521290390120609,189.04520276658957,1.5211797752330594,273.014925500222,1.5207796417445592,113.34841963185862,251.85636103587927,113.31557558821197,1.4201724420002335,223.58479431997793,1.4194696873315322,251.30856177492646,223.4039802668725,262.8802949240075,1.4193615474359114,1.4114454249796482,249.96496357243745,1.361357490246844,41.00236363971098,162.7487254621502,40.878673119746026,1.2600102766553494,159.67317418955756,162.62191098469984,159.81746192620076,223.64850537955303,1.259793116956458,1.251613573250822,160.587993809552,1.200876898431775,92.8133682702587,0.00876121230336674,0.0005828353812997978
123.31206069747846,179.99999999999994,24.15889030537147,599.9999587739105,1.6221711127141831,1219.5064057288764,1.6221949999999996,275.58492974450314,132.9689658196654,1.571975841894985,920.6125151274748,919.5042654111941,1.571314999999021,272.4863345690417,919.5042654111935,1.5212956321942397,189.46688704594595,1.5211918410225933,272.4863345690417,1.5207950043045824,113.02758253819573,250.51866845566252,113.02758253840584,1.420060816916076,223.60520722448672,1.4194262305449783,250.51866845566252,223.60520722448672,263.02107429895574,1.4192880791528373,1.4114449988441593,248.61520466256283,1.3613750188038898,41.680314888200286,162.5208031764768,41.6803148882514,1.259974078670248,159.99996564859632,162.5208031764768,159.99996564859632,222.1889802631439,1.2597501537225768,1.251615019832986,160.64408803536594,1.2009153914174293,90.01796785538139,0.00971857197459005,0.00041151510154010005,123.48801090916612,183.44185297745918,24.581683023724914,599.9426928291655,1.6221769952065983,1219.4281564885503,1.6222033519788739,275.4967744825873,131.565608377088,1.5719769416046012,919.8620068525767,919.1505230535324,1.5713092149450691,272.6998305502399,919.2699789524459,1.5212903924272885,189.0439022823407,1.5211797469435704,273.0146368260463,1.5207796412489343,113.34677381616667,251.85654406916234,113.31393265587579,1.4201724119780312,223.5830088836337,1.419469652213014,251.30844606423028,223.4020856598791,262.8776273179587,1.419361535136507,1.4114454263487037,249.96500063114556,1.361357482036115,41.00285142738757,162.74933442313625,40.879039595639526,1.260010315320421,159.67342828919996,162.62247228346052,159.81752449344938,223.65030804402,1.259793172657118,1.2516135761485936,160.58834245467798,1.2008768970172758,92.82668281060764,0.008761119540702394,0.0005829518332854634
123.31206069747554,179.99999999999963,24.158890305371393,599.9999587739107,1.622171112714184,1219.506405728876,1.6221950000000005,275.5849297444971,132.96896581966598,1.5719758418949894,920.6125151274757,919.5042654111953,1.5713149999990255,272.4863345690335,919.5042654111953,1.521295632182575,189.46688704592225,1.521191841010928,272.4863345690335,1.5207950042929164,113.02610200316926,250.51935277738855,113.02610200337969,1.420060816656662,223.60348172968853,1.4194262299395066,250.51935277738855,223.60348172968853,263.0184808940281,1.4192880784223392,1.4114449988471716,248.61592765965804,1.3613750189294143,41.680078314053674,162.52095558351255,41.680078314104165,1.2599741205247865,159.99996595758046,162.52095558351255,159.99996595758046,222.19027795132843,1.2597501950343313,1.2516150198217553,160.64419827211648,1.2009153837981388,90.02508584721892,0.009718319647746146,0.0004115220215218999,123.48797412799111,183.44143933158063,24.5815559789891,599.9426593236224,1.6221770000280324,1219.428076686355,1.6222033566156397,275.4969014099608,131.56458172882336,1.5719769464360256,919.8612209520095,919.1494274045405,1.5713092130443111,272.6997859526726,919.2690714275991,1.521290394807979,189.04262970547916,1.5211797191989345,273.0143585233979,1.5207796408741936,113.3451395338713,251.8567414084951,113.31230356361544,1.42017238297449,223.58123138697306,1.4194696180110862,251.30834886724548,223.40019998502973,262.87496480708273,1.4193615235590802,1.4114454277068507,249.96505632508976,1.361357474185506,41.00332333655906,162.7499393277627,40.8793914633085,1.2600103540515868,159.6736887732555,162.6230295258616,159.81758450693277,223.65210946010436,1.2597932284223963,1.251613578983618,160.58868910183762,1.2008768956476812,92.83976240533389,0.008761022874665847,0.0005830681211601875
123.31206069747525,179.99999999999994,24.15889030537147,599.9999587739105,1.6221711127141831,1219.5064057288755,1.6221949999999992,275.5849297444964,132.96896581966587,1.57197584189499,920.612515127476,919.5042654111967,1.5713149999990261,272.48633456903326,919.5042654111962,1.5212956321709523,189.46688704592145,1.5211918409993044,272.48633456903326,1.520795004281292,113.02462551365821,250.5200352346247,113.02462551386553,1.420060816398001,223.60176094872858,1.4194262293357252,250.5200352346247,223.60176094872858,263.01589455738696,1.419288077693871,1.4114449988501634,248.61664868752825,1.3613750190540546,41.67984578079367,162.52110896556792,41.67984578084355,1.2599741623123841,159.99996626243643,162.52110896556792,159.99996626243643,222.1915699865063,1.2597502362769988,1.251615019810623,160.64430964801744,1.2009153763556681,90.03211577893788,0.009718073574313951,0.00041152932488614993,123.48794014032308,183.44106280776808,24.581430365743273,599.9426274005198,1.6221770045605204,1219.42799976945,1.6222033610172073,275.49703391655953,131.56356816378243,1.5719769511684567,919.8604513596558,919.1483578839029,1.5713092111435534,272.6997472323041,919.2681813216554,1.521290397163999,189.0414028967328,1.521179691582859,273.01409162942946,1.5207796403060383,113.3435144782932,251.85695768230545,113.31068196806285,1.4201723550744985,223.57945752933404,1.4194695848043142,251.3082710255044,223.39831894166244,262.8723079575099,1.4193615123684271,1.4114454290813605,249.9651331954386,1.3613574662628727,41.00377936722546,162.75053662671488,40.87972935789315,1.260010392981035,159.67394542666315,162.62357916258838,159.81765601235978,223.65391711810167,1.2597932844461461,1.2516135817787124,160.5890317530646,1.2008768940198844,92.85260705443744,0.008760922672234148,0.0005831838075135104
123.3120606974733,179.99999999999977,24.15889030537139,599.9999587739107,1.6221711127141836,1219.506405728875,1.6221949999999998,275.58492974449223,132.96896581966658,1.5719758418949934,920.6125151274769,919.5042654111976,1.5713149999990295,272.4863345690292,919.5042654111973,1.5212956321593691,189.46688704591168,1.5211918409877203,272.4863345690292,1.520795004269707,113.02315305793508,250.5207158327256,113.0231530581433,1.4200608161401176,223.60004486795896,1.4194262287336556,250.5207158327256,223.60004486795896,263.013315268646,1.4192880769674536,1.4114449988531625,248.61736775182007,1.361375019177898,41.67961724009806,162.52126331885188,41.67961724014846,1.2599742040341848,159.99996656316327,162.52126331885188,159.99996656316327,222.19285640844282,1.2597502774517304,1.2516150197996168,160.644422158049,1.2009153690860763,90.03905968750706,0.00971783361674595,0.0004115370029216,123.48790739421368,183.4407074965647,24.581311909947345,599.942596869965,1.6221770088748824,1219.427925215873,1.6222033652115764,275.49716433094886,131.56257537797927,1.5719769558871386,919.8597027350049,919.1473110078391,1.5713092092341556,272.699714734852,919.2673164731211,1.5212903990636173,189.04020846055573,1.5211796639912716,273.01383026694225,1.5207796394356725,113.34189864943237,251.85718699986697,113.30907132923697,1.4201723279102063,223.5776909497383,1.4194695521474967,251.3082121182409,223.3964478228996,262.869654504719,1.4193615016419023,1.4114454303958721,249.9652227716302,1.3613574582201995,41.00421920181666,162.751124291813,40.880053279393465,1.2600104323070478,159.6742020800708,162.6241242359106,159.81771730272578,223.65572477609902,1.2597933401468064,1.25161358451106,160.58936890988414,1.2008768920889805,92.8652138927278,0.008760817728185917,0.0005832987670099064
123.31206069747026,179.99999999999955,24.158890305371354,599.9999587739111,1.622171112714184,1219.506405728875,1.6221950000000003,275.5849297444857,132.9689658196673,1.5719758418949983,920.6125151274776,919.5042654111983,1.5713149999990343,272.48633456902064,919.504265411198,1.5212956321478148,189.46688704588502,1.521191840976165,272.48633456902064,1.5207950042581517,113.02168462430248,250.52139457702356,113.02168462450999,1.4200608158829824,223.59833347376713,1.4194262281332675,250.52139457702356,223.59833347376713,263.0107430074827,1.4192880762430553,1.4114449988561453,248.61808485817312,1.3613750193009415,41.67939264418717,162.52141863973742,41.679392644236984,1.2599742456913225,159.99996685981108,162.52141863973742,159.99996685981108,222.1941372564312,1.2597503185596661,1.2516150197887457,160.64453579744531,1.2009153619855084,90.04591956276411,0.009717599640524802,0.0004115450470993501,123.48787682083191,183.44036809481818,24.581193096278927,599.9425677214083,1.62217701296262,1219.4278528371378,1.6222033691539472,275.49729614014444,131.56160029300824,1.5719769605150768,919.8589626527516,919.1462885182393,1.5713092073765969,272.69968707744596,919.2664690434898,1.5212904012962856,189.03904304806147,1.5211796369812685,273.01358031313504,1.5207796385169534,113.3402943539681,251.85743020271204,113.30747107046795,1.4201723019343517,223.5759313173657,1.4194695207477177,251.30817088315644,223.39458265889948,262.8670089777525,1.4193614916373554,1.4114454317649276,249.96532865365342,1.3613574506816941,41.00464506332337,162.75170637941665,40.88036354537956,1.2600104719635314,159.67445873347847,162.62466119651364,159.81778625438756,223.65752494380078,1.2597933958474665,1.2516135872491116,160.58970306975417,1.2008768903826004,92.8776029765386,0.008760710374738688,0.0005834132491960919
123.31206069747039,179.99999999999994,24.158890305371408,599.9999587739105,1.6221711127141831,1219.5064057288741,1.6221949999999994,275.584929744486,132.96896581966791,1.5719758418949978,920.6125151274783,919.5042654111996,1.5713149999990341,272.4863345690227,919.5042654112001,1.5212956321362672,189.46688704589656,1.521191840964617,272.4863345690227,1.5207950042466023,113.02022020110707,250.52207147284884,113.02022020131524,1.4200608156265924,223.59662675258875,1.419426227534553,250.52207147284884,223.59662675258875,263.0081777535973,1.4192880755206678,1.4114449988591096,248.61880001223312,1.3613750194232022,41.679171945813096,162.5215749247136,41.679171945863146,1.2599742872849031,159.99996715242338,162.5215749247136,159.99996715242338,222.19541256939968,1.2597503596019184,1.2516150197780012,160.64465056151272,1.200915355050172,90.05269734848221,0.009717371514098952,0.00041155344906929986,123.48784911855454,183.44007111828998,24.58108358729538,599.9425395328657,1.6221770168945533,1219.4277824447581,1.622203372967519,275.4974300415495,131.56064829607914,1.571976965096268,919.8582497508538,919.1452973826647,1.571309205510398,272.6996680629793,919.2656486131581,1.5212904030972225,189.03792675256886,1.5211796101488015,273.0133386565496,1.5207796375740572,113.33869928522111,251.85768897390534,113.30588176842566,1.4201722768356777,223.57417664729533,1.4194694898717048,251.30815026561422,223.39272344966201,262.86436401691634,1.4193614821742917,1.4114454331012567,249.96545677090145,1.3613574429271167,41.00505599903529,162.75228288952584,40.88066174370191,1.2600105124131449,159.67471283312088,162.62519765007173,159.81785775981456,223.6593350985633,1.259793452129688,1.2516135898331482,160.59003523165788,1.2008768882383989,92.88976284510775,0.008760600271349195,0.0005835271287649224
123.31206069746906,179.9999999999999,24.158890305371376,599.9999587739106,1.6221711127141831,1219.506405728874,1.6221949999999992,275.58492974448313,132.96896581966877,1.5719758418950003,920.6125151274787,919.5042654112042,1.5713149999990361,272.48633456902155,919.5042654112044,1.5212956321247941,189.46688704589573,1.521191840953143,272.48633456902155,1.5207950042351277,113.01875977672856,250.52274652562772,113.01875977693425,1.4200608153709822,223.59492469084057,1.4194262269375457,250.52274652562772,223.59492469084057,263.0056194867984,1.4192880748003232,1.4114449988620894,248.61951321967717,1.3613750195447327,41.67895509825714,162.52173217052626,41.678955098306886,1.2599743288160736,159.99996744101773,162.52173217052626,159.99996744101773,222.1966823858363,1.2597504005796394,1.2516150197674047,160.6447664458305,1.2009153482763661,90.05939494339549,0.009717149108815396,0.00041156220065514997,123.48782110588749,183.43979005121864,24.580975151929323,599.9425127896188,1.622177020616859,1219.4277141547254,1.6222033765654924,275.4975628968498,131.55970938237382,1.571976969652711,919.8575422850271,919.1443219241028,1.5713092036528393,272.69964870279506,919.2648403760585,1.5212904050831872,189.0368260852132,1.521179583591822,273.013102877163,1.520779636304774,113.33711401986122,251.85795700195433,113.30430169310058,1.4201722526141838,223.5724295860884,1.4194694599384712,251.30814269182318,223.39087548830963,262.8617303786865,1.4193614729432922,1.411445434415768,249.96559462929565,1.3613574352205555,41.005452961662726,162.7528517939608,40.880946921650235,1.2600105524000993,159.6749733171764,162.62572345568583,159.81793437277207,223.66114025979545,1.2597935076364946,1.2516135924571143,160.59036189915412,1.2008768860380667,92.9016992288163,0.008760487260908481,0.0005836404678755113
123.31206069746628,179.9999999999996,24.15889030537132,599.9999587739112,1.6221711127141836,1219.506405728874,1.622195,275.5849297444771,132.96896581966945,1.571975841895005,920.6125151274797,919.5042654112057,1.571314999999041,272.4863345690136,919.5042654112058,1.5212956321133233,189.4668870458744,1.5211918409416714,272.4863345690136,1.5207950042236553,113.01730333958623,250.5234197405464,113.0173033397939,1.4200608151161118,223.59322727509203,1.4194262263422028,250.5234197405464,223.59322727509203,263.0030681869471,1.4192880740819773,1.4114449988650528,248.62022448603386,1.3613750196655272,41.67874205532287,162.52189037390102,41.678742055372496,1.259974370285949,159.99996772564208,162.52189037390102,159.99996772564208,222.19794674382038,1.2597504414939498,1.2516150197569607,160.64488344599908,1.200915341660468,90.06601420221968,0.009716932298859799,0.00041157129385105,123.48779813705248,183.43953019675646,24.580869579543226,599.9424870274852,1.622177024177695,1219.427647474076,1.6222033800010671,275.49769923916585,131.5587974047174,1.5719769740689133,919.8568557869033,919.143377819566,1.5713092017952803,272.6996393684205,919.2640626220392,1.5212904068717887,189.0357823489276,1.5211795573225737,273.01287504928064,1.5207796351926401,113.33553798121858,251.85823933605303,113.30273026782291,1.420172229213278,223.57068649472325,1.4194694305813802,251.30814816178335,223.38903017351842,262.85910126949915,1.4193614643053456,1.411445435708462,249.96574921704953,1.3613574274419702,41.00583626877578,162.75341410681136,40.881220349504915,1.2600105927836185,159.6752325243493,162.62624266971557,159.81801609326007,223.6629491661754,1.2597935635956266,1.2516135949270653,160.5906860691925,1.2008768836356631,92.91341785804528,0.008760370662283202,0.0005837534538028488
123.312060697465,179.99999999999994,24.158890305371358,599.9999587739105,1.6221711127141831,1219.5064057288737,1.6221949999999996,275.58492974447444,132.9689658196702,1.5719758418950067,920.6125151274804,919.5042654112046,1.5713149999990428,272.48633456901405,919.5042654112052,1.5212956321018924,189.46688704587683,1.5211918409302396,272.48633456901405,1.5207950042122231,113.01585087813501,250.5240911229655,113.01585087834158,1.420060814861991,223.59153449186522,1.4194262257485306,250.5240911229655,223.59153449186522,263.00052383397076,1.4192880733656366,1.4114449988680087,248.6209338169277,1.3613750197855863,41.67853277134475,162.52204953164463,41.6785327713942,1.2599744116956235,159.9999680063536,162.52204953164463,159.9999680063536,222.19920568106926,1.2597504823459493,1.2516150197466618,160.64500155769463,1.200915335198915,90.07255693664635,0.009716720961194449,0.0004115807208175998,123.48777384906138,183.43930216120802,24.58076865949957,599.9424613813972,1.6221770277158682,1219.4275810689062,1.622203383425442,275.4978352327804,131.55790543669735,1.5719769784493682,919.8561840438297,919.1424650690544,1.5713091999204418,272.69963279978657,919.2633057707035,1.5212904082409942,189.03474977559696,1.521179530985984,273.01264964142126,1.5207796334760857,113.3339728993027,251.8585351346691,113.30117037594178,1.4201722067461446,223.5689510122215,1.4194694018789968,251.30817424928577,223.3871941216914,262.85648065226655,1.419361456002603,1.4114454370066103,249.96591884005068,1.361357419567353,41.006204332523936,162.75397185625738,40.881480121845364,1.260010633761985,159.67549556217008,162.6267588414756,159.81809653686545,223.6647618177031,1.2597936194255226,1.251613597328565,160.59100574380656,1.2008768808740216,92.92491873279471,0.008760250816234919,0.0005838656485190535
123.31206069746341,179.99999999999994,24.15889030537135,599.9999587739104,1.6221711127141831,1219.5064057288737,1.6221949999999996,275.58492974447086,132.9689658196707,1.5719758418950096,920.612515127481,919.5042654112074,1.5713149999990457,272.48633456900836,919.5042654112074,1.5212956320905007,189.4668870458601,1.521191840918847,272.48633456900836,1.5207950042008296,113.01440238086744,250.5247606781482,113.01440238107438,1.4200608146086338,223.589846327764,1.419426225156541,250.5247606781482,223.589846327764,262.99798640785184,1.4192880726513115,1.4114449988709739,248.621641217925,1.361375019904945,41.67832720115022,162.52220964058088,41.67832720119963,1.2599744530462038,159.99996828317202,162.52220964058088,159.99996828317202,222.20045923487237,1.2597505231367503,1.2516150197365281,160.64512077661277,1.2009153288882313,90.07902491630475,0.0097165149754961,0.0004115904738780001,123.48775429451264,183.43909533826874,24.58067024456338,599.9424359674005,1.6221770312143824,1219.4275151132038,1.6222033868190169,275.49797192379805,131.55703963512482,1.5719769828078245,919.855529385551,919.1415784468973,1.571309198114722,272.69963141691625,919.262578531503,1.521290409696546,189.03375850519956,1.5211795050718082,273.01243253078377,1.5207796316507356,113.33241473742476,251.8588473431657,113.29962028744768,1.4201721855806335,223.567218176281,1.4194693742765223,251.30821800896723,223.38536270134645,262.85385946890364,1.4193614485765476,1.411445438364757,249.9661056159396,1.3613574114526559,41.006558423187606,162.75452402820892,40.881729096802474,1.2600106748725397,159.67575859999087,162.6272724780109,159.81817698047087,223.66656323378746,1.2597936753846546,1.251613599701543,160.59132441943748,1.2008768780674752,92.93620185306459,0.008760128194515649,0.0005839768638891649
123.31206069746095,179.99999999999994,24.158890305371322,599.9999587739103,1.6221711127141831,1219.5064057288728,1.6221949999999996,275.58492974446597,132.96896581967115,1.5719758418950132,920.6125151274816,919.5042654112066,1.5713149999990492,272.4863345690059,919.5042654112066,1.5212956320791398,189.46688704585281,1.5211918409074854,272.4863345690059,1.5207950041894671,113.0129578363123,250.5254284113781,113.01295783651764,1.4200608143559896,223.5881627694142,1.4194262245661813,250.5254284113781,223.5881627694142,262.9954558886426,1.4192880719389476,1.4114449988738995,248.62234669459409,1.3613750200235122,41.67812530007539,162.5223706973444,41.678125300124705,1.259974494338687,159.99996855621475,162.5223706973444,159.99996855621475,222.20170744217435,1.259750563867355,1.2516150197264984,160.6452410983149,1.2009153227249816,90.08541986972452,0.009716314224097753,0.00041160054551459983,123.4877322568466,183.43884078695885,24.5805632406873,599.9424111758303,1.6221770342936415,1219.4274500999327,1.622203390022193,275.49808071868966,131.5561799903635,1.5719769868335531,919.8548824930882,919.1407075017527,1.5713091960584475,272.6996144767551,919.2618530341927,1.5212904107327014,189.03272258298242,1.5211794797330949,273.01221023438256,1.5207796295594402,113.33086464892443,251.85918016920456,113.29807365897256,1.4201721652074144,223.56550585118967,1.4194693490309953,251.30824451723583,223.38354517544778,262.8512654597959,1.4193614425170926,1.4114454393138234,249.96631865057026,1.3613574039861744,41.006896952916286,162.75506808744126,40.88196441624535,1.2600107161152827,159.67599099262867,162.62778560750124,159.8182101794191,223.66830597588987,1.2597937312145506,1.2516136018862802,160.59163660167778,1.2008768757661072,92.9472958707601,0.00876000785397154,0.0005840831575373398
123.31206069746011,179.9999999999999,24.158890305371315,599.9999587739104,1.6221711127141833,1219.506405728873,1.6221949999999996,275.5849297444641,132.9689658196715,1.5719758418950147,920.612515127482,919.5042654112078,1.5713149999990508,272.4863345690026,919.5042654112079,1.5212956320678113,189.46688704584358,1.5211918408961562,272.4863345690026,1.520795004178137,113.01151723303786,250.52609432785687,113.01151723324398,1.4200608141041102,223.58648380352025,1.4194262239774997,250.52609432785687,223.58648380352025,262.99293225646267,1.4192880712285934,1.4114449988768416,248.62305025243631,1.3613750201414057,41.677927023974696,162.52253269885907,41.67792702402386,1.2599745355742047,159.9999688254441,162.52253269885907,159.9999688254441,222.20295033950816,1.2597506045389006,1.2516150197166414,160.64536251858746,1.200915316705852,90.09174348525468,0.009716118591931198,0.00041161092836550006,123.48770075229586,183.43848547575547,24.58043619595149,599.942387164931,1.622177036741185,1219.427386101588,1.6222033930377708,275.4981323265228,131.5553365072315,1.5719769901773277,919.8542488025123,919.1398522336207,1.5713091933801069,272.6995622734011,919.2611284078275,1.5212904103133051,189.03157726380704,1.5211794543882597,273.0119682320796,1.5207796260900661,113.32931571376375,251.8595474980692,113.29652011045951,1.4201721458245602,223.5638239615521,1.4194693285255517,251.30823946804182,223.38174551383713,262.84871900563473,1.4193614389329894,1.4114454394392748,249.96657446153827,1.3613573965917167,41.00721515815844,162.75560251281954,40.882186080174,1.260010756498802,159.67619401696606,162.62830431448603,159.8181693191751,223.66991638943722,1.259793786785975,1.2516136036146754,160.59194478798543,1.2008768746434888,92.95821797702438,0.008759892912347916,0.0005841788946830659
123.31206069745824,179.99999999999983,24.158890305371294,599.9999587739105,1.6221711127141836,1219.5064057288728,1.6221949999999998,275.5849297444599,132.96896581967218,1.5719758418950178,920.6125151274825,919.5042654112084,1.571314999999054,272.4863345689985,919.5042654112078,1.5212956320565105,189.46688704583062,1.5211918408848546,272.4863345689985,1.520795004166835,113.01008055964594,250.5267584328338,113.01008055985089,1.4200608138529525,223.58480941679352,1.419426223390451,250.5267584328338,223.58480941679352,262.99041549147785,1.4192880705202024,1.4114449988797588,248.62375189698736,1.361375020258532,41.67773232917793,162.52269564156666,41.67773232922745,1.2599745767537098,159.99996909097425,162.52269564156666,159.99996909097425,222.20418796304978,1.259750645152347,1.2516150197069016,160.6454850328303,1.200915310827549,90.09799741197725,0.009715927966470052,0.00041162161522065,123.48767188605724,183.43816728661812,24.58031129845065,599.9423639136031,1.6221770389621042,1219.4273237561229,1.6222033958349502,275.498183934356,131.55451457293861,1.5719769935541001,919.853636856221,919.1390178681721,1.5713091908227235,272.6995131815054,919.260436006433,1.5212904102516291,189.03045873572344,1.5211794295760332,273.0117321069754,1.520779622439366,113.32777831199967,251.85992071766015,113.294978095343,1.4201721273471821,223.56214835749734,1.4194693081248613,251.30825545715618,223.37995279944963,262.84617764664637,1.4193614362513582,1.411445439630179,249.96684721363002,1.3613573896534108,41.00752447143773,162.75613440297306,40.8823994872801,1.2600107974771684,159.67639576442082,162.62881997920113,159.8181335664616,223.67152805136715,1.2597938424220172,1.2516136053601834,160.59224947785196,1.2008768736443582,92.96896817185743,0.008759777762632542,0.0005842737086915892
123.31206069745728,179.99999999999997,24.158890305371333,599.9999587739102,1.6221711127141831,1219.5064057288728,1.6221949999999996,275.5849297444579,132.96896581967292,1.5719758418950192,920.6125151274829,919.5042654112078,1.5713149999990557,272.4863345689969,919.5042654112076,1.5212956320452407,189.4668870458264,1.521191840873584,272.4863345689969,1.5207950041555636,113.0086478047713,250.5274207314775,113.00864780497767,1.4200608136025354,223.5831395960211,1.4194262228050518,250.5274207314775,223.5831395960211,262.9879055739541,1.4192880698137897,1.4114449988826743,248.62445163371035,1.3613750203749295,41.67754117250835,162.52285952198594,41.67754117255765,1.2599746178782207,159.99996935282414,162.52285952198594,159.99996935282414,222.2054203486148,1.2597506857087182,1.251615019697301,160.645608636471,1.2009153050868804,90.10418326059772,0.009715742237672752,0.0004116325990193502,123.48764573572818,183.4378756132422,24.580192126909736,599.9423412741523,1.622177041143364,1219.4272627880578,1.6222033985873299,275.4982397266081,131.5537088002751,1.5719769968428785,919.8530357820719,919.1382096310779,1.5713091882135013,272.69946892965567,919.2597557982705,1.5212904099432496,189.02937927798212,1.5211794050454162,273.01150704483365,1.5207796184260132,113.32624667693386,251.8603074017685,113.29344473027389,1.4201721097469846,223.56047705410452,1.4194692883788784,251.30828196542478,223.37816438572406,262.84363968443995,1.4193614337760063,1.411445439739267,249.96713690684547,1.361357382523041,41.007819811632544,162.75666122267705,40.882600191582256,1.2600108387860056,159.67659112746247,162.6293315875566,159.81809525998284,223.67313347138412,1.2597938978642056,1.2516136070372401,160.592551170769,1.2008768724992873,92.97952353373509,0.008759661802241825,0.00058436734871385
123.31206069745545,180.00000000000006,24.15889030537134,599.9999587739103,1.622171112714183,1219.5064057288726,1.6221949999999992,275.5849297444541,132.96896581967337,1.5719758418950223,920.6125151274841,919.504265411209,1.5713149999990583,272.4863345689928,919.5042654112092,1.5212956320340103,189.4668870458157,1.521191840862353,272.4863345689928,1.5207950041443319,113.00721895709303,250.5280812290714,113.0072189572994,1.4200608133528503,223.58147432796926,1.41942622222129,250.5280812290714,223.58147432796926,262.9854024841384,1.419288069109343,1.4114449988855766,248.62514946817464,1.361375020490546,41.677353511290804,162.52302433638843,41.67735351133944,1.2599746589486585,159.99996961107757,162.52302433638843,159.99996961107757,222.20664753167318,1.2597507262089431,1.2516150196878018,160.64573332474032,1.2009152994806835,90.11030260431457,0.009715561297931097,0.0004116438728462498,123.487622922088,183.43759984932316,24.580076891966268,599.942318972289,1.6221770432679676,1219.4272026754302,1.62220340128091,275.49830249289175,131.55291918924095,1.5719770002031521,919.852445580065,919.1374205547769,1.5713091856906771,272.69943539505084,919.2590973637368,1.5212904097212163,189.02832996021908,1.5211793808025302,273.0112895884785,1.5207796146544288,113.32472715193447,251.86071091652357,113.29192116859183,1.4201720934201132,223.55880938973334,1.4194692695494866,251.30833119506642,223.37638093430073,262.841106251276,1.419361432099987,1.4114454399247167,249.9674416353082,1.361357375392671,41.008103401733585,162.75718804238107,40.88278978093097,1.26001088068969,159.67679159803464,162.6298406606873,159.81806972233034,223.67474638169668,1.259793954275663,1.2516136087713394,160.592855361144,1.2008768711521451,92.98989838860994,0.008759545843386179,0.0005844601272231675
123.31206069745369,179.99999999999983,24.158890305371294,599.9999587739103,1.6221711127141831,1219.5064057288726,1.6221949999999996,275.5849297444503,132.96896581967422,1.5719758418950254,920.6125151274844,919.5042654112112,1.5713149999990614,272.48633456899114,919.5042654112109,1.5212956320227966,189.46688704581317,1.5211918408511387,272.48633456899114,1.520795004133117,113.00579400531672,250.52873993064583,113.0057940055204,1.4200608131038917,223.57981359955085,1.4194262216391593,250.52873993064583,223.57981359955085,262.98290620247474,1.4192880684068547,1.4114449988884723,248.62584540569742,1.361375020605397,41.677169303306556,162.52319008081702,41.6771693033558,1.2599746999659507,159.99996986577167,162.52319008081702,159.99996986577167,222.20786954731972,1.2597507666539567,1.251615019678412,160.64585909262263,1.2009152940058931,90.11635697967239,0.009715385042013996,0.0004116554299289001,123.48760072922711,183.43735060116558,24.57996308851278,599.9422971240584,1.622177045338748,1219.4271436937206,1.6222034039324904,275.4983638643691,131.55214727903896,1.5719770035084295,919.8518662502003,919.1366506392691,1.571309183176493,272.6994067004921,919.2584467677095,1.5212904092401442,189.02730854984335,1.5211793566820833,273.0110797379101,1.5207796105927225,113.32321512364284,251.86112579196518,113.290406833627,1.4201720776025721,223.5571486725853,1.4194692513224256,251.30839473075778,223.37460575338113,262.8385784794152,1.4193614304755373,1.4114454400665313,249.96775822255756,1.3613573682863092,41.00837397146044,162.75770877754567,40.882968572896345,1.2600109225272802,159.67699589925465,162.6303441563236,159.8180365233821,223.6763592920092,1.2597940099117053,1.2516136104312834,160.59315405711152,1.20087686987236,93.00008700610097,0.008759430279049832,0.0005845520438044587
123.31206069745231,179.99999999999972,24.158890305371266,599.999958773911,1.6221711127141836,1219.5064057288723,1.6221949999999998,275.5849297444472,132.96896581967476,1.5719758418950274,920.6125151274848,919.5042654112102,1.5713149999990637,272.4863345689839,919.5042654112102,1.5212956320116424,189.46688704578958,1.5211918408399834,272.4863345689839,1.5207950041219611,113.00437293819695,250.52939684153654,113.00437293840078,1.420060812855672,223.57815739759081,1.4194262210586677,250.52939684153654,223.57815739759081,262.9804167093342,1.4192880677063313,1.411444998891365,248.6265394518847,1.3613750207194428,41.676988506827904,162.52335675116245,41.67698850687653,1.2599747409309778,159.99997011697434,162.52335675116245,159.99997011697434,222.2090864303059,1.2597508070446475,1.251615019669119,160.64598593500216,1.2009152886594991,90.12234788739133,0.009715213367016398,0.00041166726363415,123.48758164026287,183.4371278687694,24.579852505911752,599.9422753074767,1.6221770474548534,1219.4270852339728,1.6222034066120707,275.4984248871448,131.5513961480747,1.5719770067807088,919.8513008988042,919.1359016264447,1.5713091806191095,272.69938526600237,919.2578240419269,1.5212904081053071,189.02631169796848,1.5211793326044898,273.0108750731053,1.5207796060474796,113.32171174539866,251.86154866196398,113.28889999536992,1.4201720626056191,223.55548994035814,1.4194692332001178,251.30847509709585,223.37283487312345,262.83605523659696,1.4193614292894312,1.4114454401756193,249.968088997998,1.3613573607958196,41.00862993296261,162.75822545635066,40.883136567478374,1.260010964563153,159.67719636982682,162.6308451167351,159.8180109857296,223.67796845717396,1.2597940655477475,1.2516136120113674,160.5934512546043,1.2008768680873967,93.01010944254179,0.008759314454252067,0.0005846429727901618
123.31206069744992,180.0000000000001,24.158890305371337,599.9999587739102,1.6221711127141831,1219.5064057288723,1.6221949999999994,275.5849297444422,132.9689658196757,1.5719758418950311,920.612515127486,919.5042654112102,1.5713149999990674,272.48633456898256,919.5042654112106,1.521295632000513,189.46688704578713,1.5211918408288534,272.48633456898256,1.5207950041108302,113.00295574450726,250.53005196674837,113.0029557447108,1.4200608126081695,223.57650570907543,1.4194262204797914,250.53005196674837,223.57650570907543,262.9779339852381,1.4192880670077492,1.4114449988942435,248.62723161204633,1.3613750208326638,41.67681108058882,162.5235243429758,41.6768110806384,1.259974781844553,159.99997036474934,162.5235243429758,159.99997036474934,222.21029821504624,1.2597508473818377,1.251615019659893,160.646113846407,1.200915283438543,90.12827679318227,0.009715046172308596,0.00041167936746534984,123.48756379285727,183.43692104583013,24.57974585990817,599.9422541133217,1.6221770494774763,1219.4270279341408,1.6222034092188513,275.49848869953314,131.550659639537,1.5719770100117412,919.8507479727135,919.1351752581941,1.5713091780876456,272.6993710915818,919.257216122212,1.5212904070321462,189.0253438697764,1.5211793085942376,273.01068216269806,1.5207796013329993,113.32021701720191,251.86198836260948,113.28740411383953,1.4201720487405116,223.55383782453396,1.419469216177719,251.30857944710553,223.37106928598817,262.8335336921697,1.4193614286190235,1.4114454402956162,249.96843713809025,1.3613573536654497,41.008875732221526,162.75874213515564,40.883293764677056,1.2600110077226259,159.6773993941642,162.63134100669708,159.81799055560757,223.6795813674865,1.2597941217653512,1.251613613619973,160.5937474531139,1.200876866279981,93.01994850678932,0.008759198159417194,0.0005847333521795109
123.31206069744819,179.99999999999972,24.15889030537128,599.9999587739106,1.6221711127141836,1219.5064057288726,1.6221949999999998,275.58492974443845,132.96896581967653,1.571975841895034,920.6125151274863,919.5042654112101,1.5713149999990703,272.4863345689772,919.50426541121,1.521295631989402,189.46688704577025,1.5211918408177416,272.4863345689772,1.5207950040997176,113.00154241307564,250.5307053114617,113.0015424132809,1.4200608123613914,223.57485852096744,1.4194262199025356,250.5307053114617,223.57485852096744,262.97545801069646,1.419288066311112,1.411444998897114,248.62792189166152,1.361375020945039,41.676636983790644,162.52369285155436,41.676636983839586,1.2599748227074867,159.99997060914703,162.52369285155436,159.99997060914703,222.21150493562078,1.2597508876663484,1.2516150196507418,160.64624282113382,1.2009152783401424,90.13414512854723,0.009714883359485749,0.00041169173505945,123.48754889415348,183.4367407386523,24.579642076884546,599.9422332145557,1.6221770514547742,1219.4269717507275,1.6222034117780324,275.49855320932465,131.54994544943983,1.5719770132097757,919.8502121314178,919.1344680507367,1.5713091755129827,272.69936141148963,919.2566291051807,1.5212904055889298,189.02440506526713,1.5211792846145953,273.01049340090174,1.5207795965580766,113.31873151572243,251.86243900317535,113.28591630568673,1.4201720357808807,223.55219100183217,1.419469199757651,251.30869726163255,223.36930965361557,262.83101667678494,1.4193614282322498,1.4114454403828869,249.9687994663736,1.361357346319008,41.009110734096964,162.75925425055607,40.88344302262328,1.2600110510803815,159.67760369538422,162.6318368966591,159.81796884860296,223.68119178103385,1.2597941776598653,1.251613615200057,160.5940446506067,1.2008768645062435,93.02962425517717,0.008759081315970262,0.0005848229311235435
123.31206069744758,179.99999999999997,24.1588903053713,599.9999587739107,1.6221711127141831,1219.5064057288723,1.6221949999999996,275.5849297444372,132.96896581967655,1.5719758418950351,920.6125151274866,919.5042654112112,1.5713149999990712,272.4863345689752,919.5042654112109,1.521295631978314,189.4668870457656,1.521191840806653,272.4863345689752,1.5207950040886284,113.00013293275273,250.53135688075236,113.00013293295717,1.4200608121153186,223.5732158202942,1.4194262193268785,250.53135688075236,223.5732158202942,262.9729887663673,1.4192880656163966,1.411444998899963,248.6286102960682,1.3613750210565227,41.676466176078115,162.5238622718103,41.67646617612684,1.2599748635204873,159.9999708502481,162.5238622718103,159.9999708502481,222.21270662576347,1.2597509278988972,1.2516150196416218,160.6463728531153,1.2009152733614503,90.13995429155665,0.009714724832318247,0.00041170436018400007,123.48753430583935,183.43657103777903,24.579541514713384,599.9422132019564,1.6221770533414221,1219.42691672723,1.6222034142448143,275.49861981132557,131.54924203376223,1.571977016350064,919.8496825027748,919.1337817459627,1.571309172972879,272.69935449713813,919.2560568942168,1.5212904041580484,189.0234941681452,1.521179261039001,273.0103105163042,1.5207795915292974,113.31725524096021,251.86289847983076,113.28443830092097,1.4201720232739878,223.5505491414326,1.4194691838613493,251.30882854067696,223.36755531436535,262.82850702109425,1.4193614282580347,1.4114454404428853,249.9691677240503,1.3613573388525264,41.00933493858894,162.7597623095969,40.88358148318617,1.2600110944381369,159.67780799660426,162.632323659812,159.81794969536358,223.6828046913464,1.2597942332959076,1.251613616717394,160.5943373526752,1.2008768623732684,93.0391309573243,0.0087589645788722,0.0005849117092501232
123.31206069744485,179.9999999999999,24.158890305371283,599.9999587739105,1.6221711127141836,1219.5064057288723,1.622195,275.5849297444314,132.96896581967735,1.5719758418950394,920.6125151274871,919.5042654112126,1.5713149999990756,272.48633456896994,919.504265411212,1.5212956319672752,189.46688704575342,1.5211918407956135,272.48633456896994,1.5207950040775882,112.99872729242603,250.5320066797885,112.99872729262889,1.4200608118699662,223.57157759408153,1.4194262187528324,250.5320066797885,223.57157759408153,262.97052623288585,1.4192880649236153,1.4114449989028026,248.62929683072065,1.361375021167082,41.6762986175771,162.52403259841662,41.676298617624994,1.259974904284265,159.9999710881173,162.52403259841662,159.9999710881173,222.21390331890188,1.2597509680802077,1.2516150196325304,160.64650393605814,1.2009152684997235,90.1457056476102,0.009714570496705004,0.0004117172367344501,123.48752406298048,183.43641724636262,24.57944131041472,599.9421936007916,1.6221770551487518,1219.4268630231363,1.6222034166611965,275.498688505536,131.54855477971398,1.571977019407858,919.8491652994372,919.1331111182013,1.5713091704154956,272.6993589914666,919.2555003602657,1.5212904025051337,189.022616759888,1.5211792375368698,273.01013904038666,1.5207795864279876,113.31578588623593,251.86337310406822,113.2829683695328,1.420172011814052,223.5489109200547,1.4194691685935668,251.30897707113422,223.36580593741735,262.82599906379454,1.4193614284900988,1.4114454404865204,249.96955461696302,1.3613573314100529,41.00954707541704,162.76026681932308,40.8837097815059,1.2600111383246455,159.67801102094165,162.6328109300098,159.81793948030258,223.68441635327633,1.259794289771983,1.2516136182005053,160.59463105372689,1.2008768600719004,93.0484657480402,0.008758846847836066,0.0005849996861904009
123.31206069744371,179.99999999999963,24.15889030537125,599.9999587739106,1.6221711127141838,1219.506405728872,1.622195,275.58492974442885,132.96896581967786,1.5719758418950414,920.6125151274881,919.504265411212,1.5713149999990774,272.4863345689664,919.5042654112117,1.521295631956248,189.46688704574217,1.5211918407845855,272.4863345689664,1.5207950040665597,112.99732548102186,250.53265471355775,112.99732548122498,1.4200608116253206,223.56994382947443,1.4194262181803812,250.53265471355775,223.56994382947443,262.9680703910308,1.4192880642327506,1.411444998905628,248.62998150089408,1.3613750212767084,41.676134268837764,162.5242038256584,41.67613426888621,1.25997494499947,159.99997132280097,162.5242038256584,159.99997132280097,222.21509504810302,1.259751008210942,1.2516150196234577,160.64663606328457,1.2009152637522424,90.15140053018334,0.009714420260625597,0.00041173035873130016,123.48751405291387,183.43626875809855,24.579343969096012,599.942174717,1.6221770569050908,1219.4268107834362,1.6222034189767793,275.4987606867621,131.54787599128113,1.5719770224299043,919.8486574150786,919.1324561674526,1.5713091678149131,272.6993634857951,919.2549542776565,1.521290400642521,189.02176279383616,1.5211792139918852,273.0099710216449,1.520779580951937,113.31432402821943,251.8638498321365,113.28150535818253,1.4201720006370775,223.54727931507978,1.4194691534829142,251.30913233385021,223.36406383851266,262.82350073071024,1.4193614289026575,1.411445440426522,249.96994532162861,1.3613573238715475,41.00974777972147,162.76076423041994,40.88382791758249,1.2600111822111542,159.6782153221617,162.63329008748843,159.81793181900682,223.68603051197147,1.2597943452787894,1.2516136195752354,160.59491876087955,1.2008768576021398,93.05764008808697,0.008758729275563502,0.000585086736227457
123.31206069744223,179.99999999999977,24.158890305371273,599.9999587739107,1.6221711127141833,1219.5064057288723,1.6221949999999996,275.5849297444257,132.96896581967854,1.5719758418950436,920.612515127489,919.5042654112134,1.57131499999908,272.4863345689629,919.504265411214,1.5212956319452897,189.46688704573123,1.5211918407736262,272.4863345689629,1.5207950040555995,112.99592748750078,250.53330098723933,112.99592748770402,1.420060811381415,223.56831451355976,1.4194262176095553,250.53330098723933,223.56831451355976,262.96562122154984,1.4192880635438319,1.4114449989084672,248.6306643120301,1.361375021385379,41.67597309086169,162.52437594742977,41.67597309091003,1.259974985666691,159.99997155435793,162.52437594742977,159.99997155435793,222.2162818461566,1.259751048291703,1.2516150196143854,160.64676922773089,1.2009152591163517,90.15704024155478,0.009714274034094101,0.00041174372031745017,123.48750652596455,183.43615208874817,24.57924949075727,599.9421564661845,1.6221770585821114,1219.4267600806243,1.6222034212335628,275.49883251928674,131.54720951647062,1.571977025341958,919.8481650623519,919.1318186356068,1.5713091651711317,272.6993773144981,919.2544256139502,1.5212903982741657,189.02093896776265,1.5211791904530225,273.0098113001249,1.520779575101146,113.31287024358055,251.864337079359,113.2800515735495,1.4201719902806913,223.54565333404736,1.4194691387912746,251.30930400644672,223.36232670191018,262.82101088958063,1.4193614294957104,1.411445440317434,249.97035190859765,1.361357316068954,41.009937051502234,162.76125657106726,40.88393652655613,1.2600112259654745,159.67842600779483,162.6337687379221,159.81792288082843,223.68764092551882,1.2597944005917419,1.2516136208187674,160.5952044700659,1.2008768545822959,93.06665397746457,0.008758611914441166,0.0005851727962586965
123.31206069744067,179.9999999999999,24.158890305371287,599.9999587739103,1.6221711127141831,1219.506405728872,1.6221949999999996,275.5849297444224,132.96896581967914,1.5719758418950462,920.6125151274897,919.5042654112137,1.5713149999990825,272.48633456896255,919.5042654112137,1.5212956319343238,189.46688704573188,1.5211918407626597,272.48633456896255,1.5207950040446323,112.9945333008562,250.53394550572705,112.99453330105848,1.420060811138188,223.56668963358695,1.4194262170402918,250.53394550572705,223.56668963358695,262.9631787053347,1.4192880628567957,1.4114449989112705,248.63134526934087,1.3613750214930036,41.675815045090296,162.52454895714368,41.67581504513829,1.259975026286427,159.99997178289044,162.52454895714368,159.99997178289044,222.21746374553334,1.2597510883230045,1.2516150196052653,160.64690342190275,1.2009152545894313,90.16262605352279,0.009714131729115654,0.00041175731575550015,123.48749993018421,183.43602481309324,24.579158949015973,599.9421391437343,1.622177060128823,1219.4267109291995,1.622203423347547,275.4989043518113,131.54656228169506,1.5719770282127645,919.8476835817672,919.1312002645541,1.5713091625100706,272.6993932175066,919.2539108853662,1.5212903962388602,189.02013970018993,1.5211791671345498,273.0096584929565,1.52077956928662,113.31142395564943,251.86483400420335,113.27860528562422,1.4201719804336352,223.5440303303963,1.4194691248852842,251.30948661896363,223.3605955200704,262.81852104845103,1.4193614303981825,1.4114454401865282,249.97076738965666,1.3613573084824326,41.01011552589953,162.761744855355,40.88403592599691,1.2600112697197947,159.678626478367,162.63424079677142,159.81791777329795,223.6892450971532,1.2597944560339305,1.2516136220908205,160.5954886807775,1.2008768517420711,93.07551314655406,0.008758494135752961,0.0005852583673957468
123.31206069743897,179.99999999999983,24.158890305371262,599.9999587739105,1.6221711127141836,1219.506405728872,1.6221949999999996,275.5849297444188,132.9689658196799,1.571975841895049,920.6125151274904,919.504265411215,1.5713149999990854,272.48633456895743,919.5042654112146,1.5212956319233986,189.46688704572136,1.5211918407517337,272.48633456895743,1.5207950040337057,112.99314291012192,250.5345882741742,112.99314291032373,1.4200608108956707,223.56506917673056,1.4194262164726188,250.5345882741742,223.56506917673056,262.9607428232783,1.4192880621716688,1.4114449989140643,248.63202437822764,1.3613750215995721,41.675660093403835,162.52472284793788,41.675660093452265,1.2599750668591816,159.99997200844973,162.52472284793788,159.99997200844973,222.2186407783749,1.2597511283053664,1.2516150195960956,160.64703863802026,1.2009152501689648,90.16815920810184,0.009713993259641248,0.0004117711394254001,123.48749488635221,183.4359346595043,24.579069838764656,599.9421222432683,1.622177061579219,1219.426663126177,1.622203425405532,275.4989807174564,131.54592966934607,1.571977031039574,919.8472168562329,919.1306027961849,1.5713091598662892,272.6994181091721,919.2534118337951,1.5212903937718234,189.0193750377775,1.521179143907906,273.00951052583406,1.5207795630731764,113.30998804777525,251.86534102743573,113.27716937775581,1.420171971548648,223.54241592806912,1.4194691115030598,251.30968564136106,223.35887128545374,262.81604026540646,1.4193614317389982,1.4114454400556224,249.97119621185058,1.3613573006558315,41.01028733132468,162.762230604418,40.884128974035725,1.2600113139367741,159.6788295027044,162.6347123485758,159.81791394265008,223.69084677202238,1.2597945115407367,1.2516136233001267,160.5957718925059,1.2008768486324177,93.08423478649857,0.00875837675158554,0.0005853431986077933
