air,second_air2,COG,burner_input_T_PV,burner_inputP,burner_output_T_PV,burner_output_P_PV,fur_F,fur_inputT,fur_inputP,fur_temp,fur_outputT,fur_outputP_PV,WHB_F,WHB_inputT,WHB_inputP,WHB_outputT,WHB_outputP,SEP1_F,SEP1_P_PV,SEP1_T,HEATER1_F,HEATER1_input_T,HEATER1_input_P,HEATER1_output_T_PV,HEATER1_output_P,cat1_F,cat1_input_temp,cat1_output_temp,cat1_input_P,cat1_output_P_PV,SEP2_F,SEP2_P_PV,SEP2_T,HEATER2_F,HEATER2_input_T,HEATER2_input_P,HEATER2_output_T_PV,cat2_F,cat2_input_temp,cat2_output_temp,cat2_input_P,cat2_output_P_PV,SEP3_F,SEP3_P_PV,SEP3_T,B35_H2S,B35_SO2,air_pred,second_air2_pred,COG_pred,burner_input_T_PV_pred,burner_inputP_pred,burner_output_T_PV_pred,burner_output_P_PV_pred,fur_F_pred,fur_inputT_pred,fur_inputP_pred,fur_temp_pred,fur_outputT_pred,fur_outputP_PV_pred,WHB_F_pred,WHB_inputT_pred,WHB_inputP_pred,WHB_outputT_pred,WHB_outputP_pred,SEP1_F_pred,SEP1_P_PV_pred,SEP1_T_pred,HEATER1_F_pred,HEATER1_input_T_pred,HEATER1_input_P_pred,HEATER1_output_T_PV_pred,HEATER1_output_P_pred,cat1_F_pred,cat1_input_temp_pred,cat1_output_temp_pred,cat1_input_P_pred,cat1_output_P_PV_pred,SEP2_F_pred,SEP2_P_PV_pred,SEP2_T_pred,HEATER2_F_pred,HEATER2_input_T_pred,HEATER2_input_P_pred,HEATER2_output_T_PV_pred,cat2_F_pred,cat2_input_temp_pred,cat2_output_temp_pred,cat2_input_P_pred,cat2_output_P_PV_pred,SEP3_F_pred,SEP3_P_PV_pred,SEP3_T_pred,B35_H2S_pred,B35_SO2_pred
123.19548990566165,500.00003347319,67.2788060709623,599.999946552057,1.6220105043922937,1219.5064582591071,1.6221949489466363,296.27954891082936,210.35729893228864,1.5721280964826294,1003.9002150669779,1010.0768197408179,1.5713150337936252,292.55320138580726,1010.0768197407933,1.5213712976109268,345.9391366906163,1.521243567030036,292.55320138580726,1.5207953337644329,177.1309571713535,278.51634700061834,177.13095717135786,1.4247420000582223,370.4817352513304,1.42383769518371,278.51634700061834,370.4817352513304,388.27733591738644,1.4236188810150225,1.4114450676679202,277.5122855172041,1.3613753701788522,68.13672403670958,217.1933799375103,68.13672403670992,1.26573900367476,189.99977083353608,217.1933799375103,189.99977083353608,233.44858168534603,1.2653400831858321,1.2516150811422897,215.42561846460274,1.2009153366821157,137.3131282844085,0.015349261214806849,0.016170732011591,119.1888154717637,268.9793066430036,35.80969968512483,600.277233855903,1.6220771365326832,1219.752840244843,1.6221334089649775,270.86755991763613,152.55522191279894,1.5720251713637396,941.293388061242,940.9351463224314,1.5713260219264897,267.6186863208331,942.7755014965098,1.521260558389794,193.57692938461048,1.5212007407171697,267.73664095602976,1.521061009537771,126.0690588832717,244.7027984086818,125.99623031087809,1.420084026760663,241.19235150552942,1.4194449525502275,244.52140743980368,240.67500166749076,284.23241305104204,1.4191734917473084,1.411450822538947,241.0816063812553,1.3613540602747056,50.15809290190741,166.1863829702922,50.1911493768767,1.2601453326515337,179.5666739714682,167.42309290294887,181.9915733037947,231.11069939800134,1.2601101923838605,1.2515841288709,164.24092457257817,1.2009300359718849,132.04099500487533,0.007655289586097139,0.005149441649854147
123.19560301440652,499.9999893922603,67.2787907525181,599.9999607120635,1.6220105535899123,1219.506395136313,1.6221949980731742,296.27968622551606,210.3572135969647,1.5721280545217673,1003.9003980222329,1010.0770481398822,1.5713149909672472,292.5533240518289,1010.0770481398811,1.521371019006595,345.93968397817133,1.5212432882723455,292.5533240518289,1.520795054723671,177.1312374051842,278.51720138191524,177.13123740518895,1.4247419961084447,370.48142963866474,1.42383768608047,278.51720138191524,370.48142963866474,388.2768954038391,1.4236188709040536,1.4114450034106576,277.5131458759919,1.3613750362561032,68.13677650289722,217.19362017103936,68.13677650289793,1.2657389540215624,189.99999201881525,217.19362017103936,189.99999201881525,233.44875899576044,1.2653400325445412,1.2516149960408822,215.4258530188955,1.2009150139307843,137.31313599937874,0.015349417103047895,0.01617077977334875,119.188817976649,268.97933695189283,35.80970513922728,600.2772338756527,1.622077136632717,1219.752840244843,1.6221334090419486,270.86756342938685,152.55523300138657,1.5720251711803803,941.2933992243034,940.9351605155595,1.5713260217145637,267.6186898025804,942.7755148547484,1.5212605576174676,193.5769548017537,1.5212007398949097,267.73664443777704,1.5210610086832066,126.06906063909632,244.7028051089055,125.99623265197755,1.4200840272414024,241.19234882867045,1.419444952733501,244.52141497755537,240.67500032906128,284.23240854643586,1.419173492108234,1.4114508223544702,241.0816164939302,1.3613540593958753,50.158093827891356,166.18638713290372,50.19115092018327,1.260145333043953,179.56667567485715,167.4230980116085,181.9915689678955,231.1107018097841,1.2601101924797762,1.2515841285997145,164.24092904667117,1.2009300350775172,132.0409935194028,0.007655288694508303,0.00514944325381827
123.19560017880818,500.0000000512356,67.27879271819353,599.999957560247,1.622010556304106,1219.5064006787197,1.6221950007961903,296.27967871553176,210.3572200545007,1.572128061609042,1003.9004082609899,1010.0770596034163,1.571314998093933,292.5533164213007,1010.0770596034163,1.5213709934132078,345.9396792330157,1.5212432626824404,292.5533164213007,1.5207950291406491,177.13146220601263,278.5176280989033,177.13146220601556,1.4247420313285208,370.4813529313297,1.423837718646288,278.5176280989033,370.4813529313297,388.2767015331235,1.4236189029625117,1.4114450089231259,277.51357815174157,1.3613750170213874,68.13683644268352,217.19376369399336,68.13683644268374,1.2657389757216455,189.9999962971161,217.19376369399336,189.9999962971161,233.44866526484392,1.2653400537843664,1.2516150046532681,215.425999222006,1.2009150067104497,137.3131464412425,0.015349520847693556,0.016170800298117054,119.18881484554238,268.9793521063374,35.80970582099009,600.2772335991576,1.6220771367438653,1219.7528398920936,1.6221334091574053,270.86756202468655,152.55523669758244,1.5720251710192463,941.2934059221401,940.9351655248988,1.571326021576921,267.6186863208331,942.775519029198,1.5212605568451412,193.5769548017537,1.5212007392457572,267.7366416523792,1.521061008023971,126.0690612243712,244.70280594643344,125.99623323725243,1.420084026873778,241.19235016709993,1.4194449524716817,244.52141330249944,240.67500300592025,284.23240854643586,1.4191734916441867,1.4114508221878903,241.08161312303858,1.3613540586443238,50.158093827891356,166.18638549308704,50.19115122884458,1.2601453325207272,179.5666747457359,167.42309561495335,181.99157206496636,231.11070422156686,1.2601101922879447,1.2515841284035376,164.2409266853443,1.200930034239755,132.04099649034782,0.007655288605349421,0.005149444323127963
123.19559957891474,500.00000009284497,67.27879321218137,599.9999586903195,1.6220105556557258,1219.506405320524,1.622195000148671,296.2796774405102,210.35722126711872,1.5721280626080216,1003.9004091703096,1010.0770605865068,1.5713149990999562,292.5533151528995,1010.0770605865068,1.5213709825162862,345.93967718289997,1.5212432517856302,292.5533151528995,1.520795018244572,177.13165043323514,278.517885089444,177.13165043323713,1.424742047491553,370.4813566845047,1.4238377330932352,278.517885089444,370.4813566845047,388.27662268670883,1.4236189170841278,1.411445006164203,277.5138391556751,1.361375016261895,68.13689978521549,217.19391953209924,68.13689978521487,1.2657389904330065,189.99999628585448,217.19391953209924,189.99999628585448,233.44856397306924,1.2653400680001357,1.251615005211482,215.42615790022793,1.2009150070251104,137.31315922571665,0.015349623114723947,0.016170816381983,119.18881453243172,268.97933695189283,35.80970582099009,600.2772335991576,1.622077136816112,1219.752839919228,1.6221334092288784,270.8675585129359,152.55523374062574,1.5720251708664468,941.2934044337319,940.9351613504493,1.5713260214458324,267.6186828390858,942.7755165245283,1.5212605562658963,193.57693822535595,1.5212007386460638,267.736636777933,1.5210610072914872,126.0690612243712,244.7028051089055,125.99623265197755,1.4200840266475476,241.19235150552942,1.4194449521313164,244.52140995238756,240.6750043443497,284.23241079873895,1.4191734914895044,1.4114508220268172,241.08160890942403,1.361354057971564,50.158093827891356,166.1863824657332,50.19115092018327,1.2601453321283083,179.5666736617611,167.42309233532004,181.99157392320888,231.11070301567548,1.2601101916804787,1.2515841282131308,164.2409248211389,1.2009300335944517,132.04099797582032,0.007655288783667178,0.00514944325381827
123.19559935820635,500.00000001502224,67.27879324724287,599.9999587756066,1.622010555559135,1219.5064057260004,1.6221950000520997,296.27967696464407,210.35722150692507,1.5721280629671608,1003.9004094050679,1010.0770608268081,1.5713149994617672,292.5533146819216,1010.0770608268078,1.52137097607175,345.9396762812346,1.5212432453409437,292.5533146819216,1.520795011799954,177.13181478032413,278.5180335077562,177.13181478032703,1.4247420572336902,370.48141141683544,1.4238377417236294,278.5180335077562,370.48141141683544,388.276616868922,1.4236189255065819,1.4114450038808533,277.51399061045174,1.3613750161002285,68.13696414476374,217.19407701575153,68.13696414476371,1.265739004524499,189.99999644265867,217.19407701575153,189.99999644265867,233.44846125285403,1.2653400815947113,1.2516150051559116,215.4263182928176,1.2009150075448625,137.31317422624323,0.015349725535083257,0.016170832273273258,119.18881484554238,268.97932684892976,35.80970241217606,600.2772335991576,1.6220771367994395,1219.7528398920936,1.6221334092288784,270.8675550011852,152.5552293051907,1.5720251708442214,941.2934014569156,940.9351596806696,1.571326021428354,267.61868144638686,942.7755140198585,1.5212605560665862,193.5769338049832,1.521200738590422,267.7366346888846,1.5210610071694066,126.06906063909632,244.70280092126566,125.99623265197755,1.4200840262516445,241.19234882867045,1.419444951948043,244.52140576474775,240.6750043443497,284.23241305104204,1.4191734912574807,1.411450822014427,241.08160806670114,1.3613540578806504,50.15809259324609,166.18638120433576,50.19115030286064,1.260145331899397,179.56666839674062,167.42309075857324,181.99157206496636,231.11069939800134,1.2601101913287878,1.2515841282015912,164.24092332977457,1.2009300335519977,132.04099500487533,0.007655289140302704,0.0051494421845087995
123.19559923466775,500.00000000462296,67.27879324852196,599.9999587752129,1.6220105555361894,1219.5064057395477,1.622195000029151,296.2796766995973,210.3572216185558,1.5721280631678924,1003.9004095352676,1010.0770609590297,1.5713149996639868,292.5533144195608,1010.0770609590295,1.521370972060529,345.9396757766974,1.5212432413296038,292.5533144195608,1.5207950077886112,177.1319631946145,278.51811386902966,177.13196319461622,1.4247420634691519,370.4814971035027,1.4238377472268846,278.51811386902966,370.4814971035027,388.2766564144045,1.423618930875527,1.4114450024257506,277.51407336349166,1.3613750156701234,68.13702807657262,217.19423180484372,68.13702807657305,1.265739018050663,189.99999666587723,217.19423180484372,189.99999666587723,233.44835725253796,1.2653400946357543,1.2516150049630665,215.42647608096365,1.200915008039407,137.3131911972584,0.015349826119095501,0.016170848817312504,119.1888129668784,268.9793217974482,35.80970036688764,600.2772336189073,1.6220771368216693,1219.752839919228,1.6221334092343764,270.8675535964849,152.5552293051907,1.572025170791436,941.2933984800992,940.93515634111,1.5713260213824731,267.61867935733846,942.775509010519,1.521260555935789,193.576920543865,1.5212007384049497,267.73663259983624,1.5210610070473258,126.06906005382145,244.70280092126566,125.99623206670269,1.4200840260819718,241.19235284395887,1.4194449517385874,244.52140576474775,240.6750056827792,284.23241530334514,1.4191734910512377,1.4114508219524757,241.08160469580952,1.361354057710945,50.15809166726214,166.1863793122396,50.19115092018327,1.260145331572381,179.56667381661464,167.42308779428927,181.9915733037947,231.11069939800134,1.2601101910730124,1.2515841281554319,164.2409209684477,1.2009300333368966,132.04099649034782,0.007655289229461592,0.005149441649854147
123.19559915886501,500.00000000246735,67.27879324821285,599.9999587744048,1.6220105555250086,1219.5064057349855,1.6221950000179688,296.27967653717826,210.35722168612938,1.572128063291041,1003.9004096157521,1010.0770610407433,1.5713149997880467,292.55331425876807,1010.0770610407434,1.5213709695330984,345.93967546821364,1.5212432388020938,292.55331425876807,1.5207950052610926,177.13210069508895,278.5181516274729,177.13210069509034,1.4247420675253784,370.4816012531072,1.4238377507900117,278.5181516274729,370.4816012531072,388.27672379348166,1.4236189343506571,1.4114450015141853,277.51411309027327,1.361375015085586,68.13709072004761,217.19438183102693,68.1370907200469,1.2657390309259715,189.99999689885624,217.19438183102693,189.99999689885624,233.44825248644554,1.2653401070434174,1.251615004718472,215.42662918702442,1.2009150084689406,137.31320984311657,0.015349923242798795,0.016170865926044452,119.18881359309972,268.9792965400406,35.80969695807361,600.2772335399087,1.6220771368661286,1219.752839729286,1.6221334092508701,270.86755008473426,152.5552204343206,1.5720251707525417,941.2933917822625,940.9351479922111,1.5713260213453315,267.6186779646396,942.7755040011796,1.5212605556991083,193.5768940216286,1.5212007382874841,267.7366312071373,1.5210610069496613,126.06905771272196,244.70279170845808,125.99622972560321,1.4200840258557414,241.19235284395887,1.419444951529132,244.52139906452405,240.67500835963816,284.2324164294967,1.419173490690312,1.4114508219256303,241.08159879674915,1.361354057710945,50.15809104993951,166.18637590646654,50.191148759554075,1.2601453310818571,179.5666697904225,167.42308558684374,181.99157144555218,231.11069939800134,1.2601101908811811,1.2515841281381221,164.2409181721396,1.2009300332972725,132.0409920339303,0.007655289675256032,0.005149438976581724
123.19559911139848,500.0000000015034,67.2787932479794,599.9999587741655,1.6220105555183117,1219.5064057318293,1.6221950000112715,296.2796764354975,210.35722172847895,1.5721280633681523,1003.900409666239,1010.0770610919611,1.5713149998657285,292.5533141580978,1010.0770610919609,1.5213709679331713,345.939675275137,1.5212432372021158,292.5533141580978,1.520795003661108,177.13223046407376,278.5181623749428,177.13223046407552,1.4247420702047027,370.4817160723279,1.4238377531274973,278.5181623749428,370.4817160723279,388.27680793998127,1.4236189366293863,1.411445000942587,277.51412577794224,1.361375014436079,68.13715157715377,217.1945261138391,68.13715157715325,1.2657390431278988,189.99999712154508,217.1945261138391,189.99999712154508,233.44814764466835,1.2653401187975537,1.2516150044588985,215.42677660702387,1.2009150088186287,137.31322986042156,0.015350016011132806,0.016170883290563907,119.18881327998906,268.97926623115137,35.809694231022384,600.2772337966541,1.622077136816112,1219.7528400006317,1.6221334092453723,270.86755008473426,152.55521230268968,1.5720251707608763,941.2933858286298,940.9351404782021,1.5713260213344074,267.6186758755912,942.7754956522805,1.5212605556928798,193.5768918114422,1.5212007381700183,267.7366298144384,1.5210610068275807,126.06905712744708,244.70279422104196,125.99622914032835,1.4200840255729534,241.19235284395887,1.4194449512411307,244.52139738946812,240.6750056827792,284.2324175556482,1.4191734905356297,1.4114508219104867,241.08159542585753,1.3613540575230574,50.15809012395556,166.18637414051014,50.19114906821539,1.2601453310818571,179.5666747457359,167.423083000979,181.991570826138,231.11070060389272,1.2601101904975183,1.2515841281265823,164.24091599723326,1.2009300332180248,132.04099500487533,0.007655290745162784,0.005149439511236098
123.19559908150711,500.00000000093917,67.27879324784968,599.9999587740606,1.622010555514144,1219.5064057299883,1.6221950000071037,296.2796763714694,210.3572217551777,1.5721280634167116,1003.9004096980461,1010.0770611242663,1.5713149999146472,292.55331409470955,1010.0770611242664,1.521370966916927,345.9396751536289,1.521243236185839,292.55331409470955,1.5207950026448256,177.13235452657716,278.51815734472257,177.13235452657867,1.4247420720118917,370.48183668065246,1.4238377546888716,278.51815734472257,370.48183668065246,388.2769018783421,1.4236189381505135,1.4114450005840466,277.51412200287757,1.361375013770678,68.13721037527681,217.19466426399117,68.1372103752766,1.2657390546702645,189.99999732665785,217.19466426399117,189.99999732665785,233.4480434381985,1.2653401299126592,1.2516150042026728,215.42691792346596,1.2009150090864211,137.3132509598921,0.015350104064417548,0.016170900600844397,119.18881421932106,268.9792359222622,35.80969150397116,600.2772337769044,1.6220771368494564,1219.75284010917,1.6221334092508701,270.8675479776839,152.55520934573298,1.5720251707469854,941.2933806192011,940.9351354688628,1.5713260213365923,267.6186758755912,942.775490642941,1.521260555636824,193.5768807605104,1.521200738268937,267.73662842173945,1.5210610068519967,126.0690565421722,244.70279254598603,125.99622679922888,1.4200840255729534,241.19235284395887,1.4194449511887668,244.52139738946812,240.6750056827792,284.2324186817998,1.4191734905871904,1.4114508219084216,241.0815937404117,1.3613540574806309,50.158089197971606,166.18637275297294,50.19114783357013,1.2601453310164539,179.56667428117527,167.4230828117694,181.99157206496636,231.11069819210996,1.2601101904975183,1.251584128149662,164.24091456800912,1.2009300332265158,132.04098906298532,0.007655291101798401,0.005149437907273141
123.19559906264539,500.00000000059117,67.27879324778078,599.9999587740017,1.6220105555115247,1219.5064057289276,1.6221950000044842,296.27967633106834,210.35722177204218,1.572128063447353,1003.9004097181396,1010.0770611446719,1.5713149999455147,292.5533140547112,1010.0770611446717,1.5213709662688892,345.93967507698125,1.5212432355377798,292.5533140547112,1.5207950019967624,177.1324741770876,278.5181417078354,177.13247417708942,1.4247420732657856,370.4819600199837,1.423837755758146,278.5181417078354,370.4819600199837,388.27700121795885,1.423618939191285,1.4114450003593972,277.51410774597446,1.361375013115627,68.1372669816667,217.19479622175493,68.13726698166563,1.2657390655848582,189.99999751223245,217.19479622175493,189.99999751223245,233.4479405214119,1.2653401404202977,1.2516150039587213,215.4270530486633,1.2009150092765517,137.3132728768427,0.015350187368986506,0.016170917605908094,119.18881390621038,268.9792207678176,35.80968741339433,600.2772339151519,1.6220771368605713,1219.7528401905738,1.6221334092508701,270.8675409541825,152.55519825714538,1.5720251706691966,941.2933709445481,940.9351271199639,1.5713260212841569,267.61867309019334,942.7754797893721,1.5212605554126002,193.5768652892058,1.5212007379474517,267.7366256363416,1.521061006534587,126.06905478634759,244.7027866832903,125.99622679922888,1.4200840250356566,241.19235418238836,1.4194449508484017,244.5213932018283,240.67500702120867,284.2324209341029,1.4191734900458022,1.4114508218402753,241.08158868407426,1.3613540571836469,50.15808858064898,166.18636871650116,50.19114598160225,1.2601453304932284,179.56667273263983,167.42307864915784,181.9915736135018,231.11070060389272,1.2601101900499116,1.2515841280400337,164.24091164742063,1.2009300329633,132.0409905484578,0.0076552916367518655,0.005149436303310683
123.1955990507321,500.0000000003723,67.27879324774639,599.9999587739667,1.6220105555098743,1219.5064057283305,1.6221950000028338,296.27967630555105,210.35722178270436,1.572128063466706,1003.9004097308239,1010.0770611575158,1.5713149999650113,292.5533140294475,1010.0770611575158,1.5213709658533823,345.93967502851535,1.521243235122259,292.5533140294475,1.5207950015812386,177.13259024859047,278.51811985397194,177.13259024859158,1.4247420741678416,370.4820841782544,1.423837756514789,278.51811985397194,370.4820841782544,388.2771032008263,1.4236189399269006,1.4114450002189431,277.51408718470213,1.361375012484257,68.13732134982075,217.194922107288,68.13732134982033,1.2657390759108815,189.99999767877597,217.194922107288,189.99999767877597,233.44783945815857,1.2653401503589814,1.2516150037308185,215.42718207749823,1.2009150093960441,137.31329537527978,0.015350266071197804,0.016170934121370897,119.18881359309972,268.9792005618915,35.809684686343104,600.2772338954022,1.622077136882801,1219.75284010917,1.6221334092508701,270.8675402518324,152.55519308247116,1.572025170677531,941.2933657351194,940.9351179361752,1.5713260212841569,267.6186716974944,942.7754706055831,1.5212605554188285,193.57684097715577,1.5212007380092758,267.73662215459433,1.521061006510171,126.06905303052298,244.7027799830666,125.99622562867914,1.4200840248094262,241.19235685924733,1.4194449505342186,244.52138650160458,240.67500835963816,284.2324265648606,1.4191734899169002,1.4114508218499122,241.08158278501392,1.3613540572139513,50.1580870373424,166.18636417547037,50.19114629026356,1.2601453301335108,179.56667319720046,167.42307511724505,181.991570826138,231.11069819210996,1.2601101896662488,1.2515841280688833,164.2409073597482,1.2009300330029238,132.0409846065678,0.007655291725910776,0.005149434699348725
123.19559904320184,500.0000000002351,67.27879324773232,599.9999587739447,1.6220105555088324,1219.506405728011,1.622195000001792,296.2796762894224,210.3572217894527,1.5721280634789392,1003.9004097388392,1010.0770611657131,1.5713149999773348,292.55331401348224,1010.0770611657131,1.5213709655848224,345.93967499798396,1.5212432348536897,292.55331401348224,1.5207950013126665,177.13270328235444,278.51809430385396,177.13270328235586,1.4247420748454065,370.4822079656609,1.4238377570722522,278.51809430385396,370.4822079656609,388.27720609982333,1.4236189404681152,1.4114450001314363,277.51406286389226,1.361375011882664,68.13737348586825,217.19504213397136,68.13737348586743,1.265739085689312,189.99999782782027,217.19504213397136,189.99999782782027,233.44774071173217,1.265340159768785,1.2516150035200013,215.42730520173595,1.20091500945299,137.3133182484612,0.015350340406593695,0.016170950020869948,119.1888129668784,268.97918035596535,35.809681277529066,600.2772339349016,1.622077136932818,1219.7528399463627,1.6221334093113475,270.86753674008173,152.5551827331227,1.5720251705414006,941.2933560604663,940.9351087523863,1.5713260211945799,267.6186668230482,942.7754630915739,1.5212605548208984,193.57682219057165,1.5212007374837713,267.7366228509438,1.5210610059974323,126.06905303052298,244.7027774704827,125.99622504340428,1.4200840244983595,241.19235685924733,1.4194449502462172,244.52138315149273,240.67500835963816,284.2324299433152,1.419173489452853,1.4114508217198145,241.08157772867648,1.3613540565957396,50.158086420019764,166.1863607696973,50.19114505561831,1.2601453296756886,179.56667195837213,167.4230707654239,181.99156927760257,231.11069336854442,1.2601101891546982,1.2515841279477153,164.24090412845882,1.2009300324963041,132.0409831210953,0.0076552922608642835,0.005149433630041031
123.19559903844086,500.0000000001485,67.27879324773019,599.9999587739312,1.6220105555081743,1219.506405727861,1.6221950000011338,296.27967627922555,210.35722179372675,1.5721280634866734,1003.9004097439164,1010.0770611708299,1.5713149999851264,292.5533140033836,1010.0770611708297,1.5213709654091756,345.9396749785893,1.5212432346780365,292.5533140033836,1.520795001137011,177.1328136351337,278.5180666449056,177.1328136351351,1.4247420753789712,370.4823306479352,1.423837757502243,278.5180666449056,370.4823306479352,388.2773088386359,1.423618940884932,1.4114450000771845,277.5140363863569,1.3613750113128074,68.1374234274833,217.19515655772076,68.13742342748279,1.2657390949597969,189.99999796130396,217.19515655772076,189.99999796130396,233.44764464781179,1.265340168688375,1.2516150033258184,215.4274226595586,1.2009150094555154,137.31334131757217,0.015350410646317196,0.016170965224080146,119.18881202754642,268.97914499559465,35.80967650518943,600.2772340336497,1.6220771368994733,1219.7528400006317,1.62213340927836,270.8675346330313,152.5551775584485,1.5720251705358443,941.2933501068336,940.9351029081571,1.571326021203319,267.6186626449514,942.7754564124546,1.5212605548395837,193.57680008870796,1.521200737539413,267.73661449475026,1.5210610060462646,126.06905010414862,244.70276825767507,125.99622328757968,1.4200840240458987,241.19235685924733,1.4194449498273063,244.52137561374104,240.67500835963816,284.2324344479214,1.4191734891434882,1.4114508217273865,241.08157267233904,1.3613540567412012,50.158085185374496,166.18635799462294,50.19114320365042,1.26014532908706,179.56667071954377,167.42306836876875,181.99157237467344,231.11069578032718,1.2601101888349793,1.2515841279477153,164.24090151857123,1.200930032564231,132.0409771792053,0.007655292884976745,0.005149431491426312
123.19559903542714,500.0000000000937,67.27879324773467,599.999958773923,1.6220105555077584,1219.5064057278119,1.622195000000718,296.2796762727712,210.35722179643903,1.572128063491569,1003.900409747127,1010.0770611740394,1.5713149999900582,292.55331399699253,1010.0770611740393,1.5213709652923275,345.9396749662807,1.5212432345611837,292.55331399699253,1.5207950010201567,177.13292154686786,278.51803787533186,177.1329215468694,1.4247420758194527,370.4824517780632,1.4238377578501193,278.51803787533186,370.4824517780632,388.2774107516749,1.4236189412216325,1.4114450000437975,277.5140087601731,1.3613750107744655,68.13747123072798,217.19526564855073,68.1374712307276,1.2657391037593158,189.9999980811748,217.19526564855073,189.9999980811748,233.44755154343994,1.2653401771537514,1.2516150031471451,215.42753470692926,1.2009150094113723,137.313364429486,0.01535047706693355,0.016170979685564156,119.18881234065708,268.9791348926316,35.80967514166382,600.2772340731491,1.6220771369439326,1219.7528400006317,1.62213340927836,270.8675318236308,152.55517312301345,1.5720251705136188,941.2933448974051,940.935096229038,1.5713260212120583,267.6186598595536,942.7754472286655,1.5212605547523856,193.57678240721702,1.521200737588872,267.73661379840075,1.521061005973016,126.06905010414862,244.70276658261915,125.99622211702994,1.4200840240458987,241.19235685924733,1.4194449498011243,244.5213747762131,240.6750110364971,284.23243332176986,1.419173488937245,1.4114508217198145,241.0815693014474,1.3613540568018103,50.15808456805186,166.1863558502473,50.19114351231173,1.2601453289235518,179.5666670030587,167.42306653974248,181.99157020672385,231.11069336854442,1.2601101886431478,1.251584127959255,164.24089866012292,1.2009300326632906,132.0409816356228,0.007655293509089264,0.005149430422119284
123.19559903351708,500.00000000005946,67.27879324774291,599.9999587739175,1.6220105555074957,1219.5064057278219,1.6221950000004552,296.2796762686808,210.35722179816474,1.572128063494672,1003.900409749163,1010.0770611761764,1.5713149999931844,292.55331399294585,1010.0770611761764,1.5213709652127294,345.93967495861307,1.5212432344815823,292.55331399294585,1.5207950009405535,177.13302718344104,278.518008621298,177.1330271834432,1.4247420761990686,370.4825710901337,1.4238377581445802,278.518008621298,370.4825710901337,388.2775114324891,1.4236189415062337,1.411445000023475,277.513980617891,1.3613750102662698,68.13751696183095,217.19536967452427,68.13751696183057,1.2657391121215733,189.99999818925698,217.19536967452427,189.99999818925698,233.447461598651,1.2653401851976773,1.2516150029825677,215.4276416011524,1.200915009327644,137.31338745417037,0.015350539934415845,0.01617099338559136,119.18881202754642,268.9791045837424,35.80967241461259,600.2772339744008,1.6220771369772773,1219.7528398920936,1.6221334093223434,270.8675297165804,152.55516277366502,1.572025170483059,941.2933389437724,940.9350903848087,1.5713260211530686,267.61865916320414,942.775443054216,1.521260554546847,193.57676804100564,1.5212007373539407,267.7366110130029,1.521061005753271,126.06904776304913,244.70276239497935,125.99622036120533,1.420084023593438,241.1923581976768,1.4194449495131232,244.52137058857326,240.67501237492658,284.23243782637604,1.4191734887052214,1.4114508216619934,241.08156340238705,1.3613540565896787,50.15808395072923,166.18635294903322,50.19114227766648,1.2601453283022215,179.56667025498314,167.4230624402008,181.9915711358451,231.1106945744358,1.260110188259485,1.251584127901556,164.24089518027284,1.2009300324113958,132.0409786646778,0.00765529431151972,0.0051494282835058925
123.19559903230389,500.00000000003683,67.2787932477527,599.9999587739144,1.6220105555073308,1219.5064057278646,1.6221950000002903,296.279676266083,210.35722179926603,1.5721280634966428,1003.900409750459,1010.0770611774265,1.5713149999951699,292.5533139903713,1010.0770611774258,1.5213709651567706,345.93967495360414,1.5212432344256213,292.5533139903713,1.5207950008845907,177.13313066369142,278.5179792740631,177.13313066369358,1.4247420765382288,370.4826884323104,1.4238377584038018,278.5179792740631,370.4826884323104,388.27761063804576,1.4236189417564806,1.4114450000113168,277.5139523549475,1.3613750097863595,68.13756069209606,217.1954688935445,68.13756069209506,1.2657391200769519,189.9999982871692,217.1954688935445,189.9999982871692,233.44737494837932,1.265340192849651,1.2516150028306352,215.4277435922155,1.2009150092106928,137.31341028205355,0.01535059949650205,0.016171006322959293,119.18881108821442,268.9790742748532,35.809668324035755,600.2772338361533,1.6220771369772773,1219.7528396207479,1.6221334093003517,270.86752690717987,152.5551575989908,1.57202517046639,941.2933307575274,940.93508120102,1.5713260211771014,267.6186556814568,942.775433035537,1.5212605546776443,193.57674925442151,1.521200737570325,267.7366082276051,1.5210610058509355,126.0690460072245,244.70275318217173,125.99621977593047,1.4200840232258136,241.19236087453575,1.4194449490418481,244.5213630508216,240.67501237492658,284.2324423309822,1.4191734883185154,1.4114508217053594,241.0815591887725,1.3613540566624096,50.15808395072923,166.18634840800243,50.191140734359905,1.2601453280079071,179.56666886130125,167.4230602327553,181.9915733037947,231.1106885449789,1.260110187875822,1.2515841279419453,164.2408920732638,1.2009300326236667,132.0409771792053,0.007655294846473402,0.0051494282835058925
123.19559903153187,500.0000000000232,67.27879324776342,599.9999587739125,1.6220105555072257,1219.506405727926,1.6221950000001852,296.2796762644301,210.35722179997157,1.572128063497897,1003.9004097512789,1010.0770611782934,1.5713149999964329,292.55331398873636,1010.0770611782934,1.5213709651158502,345.9396749505099,1.5212432343846989,292.55331398873636,1.5207950008436666,177.13323207648,278.5179500766883,177.13323207648153,1.4247420768498655,370.4828037244355,1.423837758639296,278.5179500766883,370.4828037244355,388.2777082281948,1.4236189419836118,1.4114450000042313,277.51392421718697,1.361375009332673,68.1376024947693,217.19556354944285,68.1376024947685,1.2657391276526484,189.99999837634215,217.19556354944285,189.99999837634215,233.44729167374086,1.2653402001360483,1.251615002689943,215.42784091843288,1.2009150090661214,137.31343282151357,0.015350655979881299,0.016171018509540454,119.18880952266112,268.9790540689271,35.80966559698453,600.2772338954022,1.6220771370106217,1219.752839539344,1.6221334093168454,270.8675233954292,152.55515316355576,1.5720251704691681,941.2933262923028,940.9350753567908,1.5713260211836557,267.61865498510736,942.7754296959774,1.5212605545530755,193.5767415187692,1.5212007373477583,267.7366068349062,1.5210610058021032,126.0690460072245,244.70275234464378,125.99621860538073,1.420084022914747,241.19235953610627,1.4194449489633025,244.52136137576568,240.67501371335607,284.2324423309822,1.4191734881380527,1.4114508216599284,241.08155497515799,1.3613540565472524,50.15808240742265,166.18634702046526,50.19113949971465,1.2601453276808912,179.56666839674062,167.4230575207508,181.99157454262306,231.11068975087028,1.2601101876839906,1.2515841279361755,164.24088983621732,1.2009300325387584,132.0409742082603,0.007655295024791304,0.00514942614489339
123.19559903103857,500.0000000000151,67.27879324777416,599.9999587739112,1.6220105555071593,1219.5064057279938,1.6221950000001186,296.2796762633743,210.35722180042683,1.5721280634986985,1003.9004097518098,1010.0770611788034,1.5713149999972402,292.55331398768976,1010.0770611788034,1.521370965084533,345.93967494847584,1.5212432343533797,292.55331398768976,1.5207950008123463,177.13333149146524,278.51792117864255,177.13333149146624,1.4247420771421935,370.4829169313748,1.423837758858371,278.51792117864255,370.4829169313748,388.2778041275725,1.4236189421947623,1.4114450000002803,277.5138963559767,1.3613750089031984,68.13764244314049,217.1956538708015,68.13764244314032,1.265739134873006,189.99999845798925,217.1956538708015,189.99999845798925,233.4472118120409,1.2653402070804547,1.25161500255922,215.4279338048417,1.2009150088988332,137.31345499657124,0.015350709590022703,0.016171029966187446,119.18881171443576,268.9790288115194,35.80966150640769,600.2772338954022,1.6220771370217366,1219.7528395664785,1.6221334093333393,270.8675219907289,152.55514429268567,1.5720251704386083,941.2933203386701,940.9350636683323,1.571326021170547,267.61865289605896,942.7754180075186,1.521260554459649,193.5767216270919,1.5212007374095824,267.7366061385567,1.5210610057776872,126.06904483667476,244.70275234464378,125.996217434831,1.4200840228016318,241.1923581976768,1.419444948780029,244.52135718812585,240.67501371335607,284.23244570943683,1.419173487828688,1.4114508216564867,241.08155076154344,1.3613540565411915,50.158081172777386,166.1863442453909,50.19113949971465,1.260145327550085,179.56667071954377,167.42305379962838,181.99157144555218,231.11068975087028,1.2601101873642717,1.2515841279361755,164.24088753703063,1.2009300326180061,132.0409742082603,0.007655295648903998,0.00514942400628178
123.19559903072116,500.00000000000966,67.27879324778448,599.9999587739105,1.6220105555071171,1219.5064057280647,1.6221950000000764,296.27967626269515,210.357221800724,1.572128063499214,1003.9004097521488,1010.0770611791684,1.5713149999977598,292.55331398701804,1010.0770611791681,1.5213709650593858,345.9396749472154,1.5212432343282312,292.55331398701804,1.520795000787196,177.13342896591996,278.51789267039595,177.1334289659205,1.4247420774204493,370.4830280461083,1.4238377590656819,278.51789267039595,370.4830280461083,388.277898301447,1.4236189423944756,1.4114449999982512,277.5138688631232,1.361375008496045,68.13768060940687,217.19574007099044,68.13768060940566,1.2657391417598332,189.99999853313932,217.19574007099044,189.99999853313932,233.4471353654797,1.2653402137039786,1.2516150024373425,215.42802246287113,1.2009150087130958,137.31347674482026,0.015350760512387047,0.016171040719699502,119.18881077510376,268.9790035541118,35.80965877935647,600.2772338954022,1.6220771370050644,1219.7528395122094,1.6221334093333393,270.86752058602866,152.5551376395331,1.5720251704247175,941.2933128966293,940.9350569892132,1.5713260211836557,267.6186501106611,942.7754129981791,1.5212605545094764,193.5767083659737,1.521200737465224,267.7366026568094,1.5210610057044387,126.06904483667476,244.70274564442008,125.99621626428126,1.420084022490565,241.1923635513947,1.419444948361118,244.52135216295807,240.675016390215,284.232450214043,1.4191734877255664,1.4114508216681887,241.0815448624831,1.3613540566139224,50.15808055545475,166.18634197487552,50.19113949971465,1.2601453274846817,179.5666705646902,167.42305222288158,181.99157423291598,231.11069095676166,1.2601101871724403,1.2515841279419453,164.2408844921618,1.2009300325614005,132.0409727227878,0.007655295648903998,0.0051494234716290156
123.19559903051415,500.000000000006,67.27879324779414,599.9999587739103,1.6220105555070907,1219.5064057281336,1.6221950000000502,296.2796762622522,210.35722180092114,1.5721280634995503,1003.9004097523743,1010.0770611794339,1.5713149999980984,292.5533139865819,1010.0770611794345,1.521370965038246,345.9396749464307,1.5212432343070894,292.5533139865819,1.5207950007660531,177.13352454904305,278.5178646052584,177.13352454904486,1.424742077687998,370.4831370790596,1.4238377592642164,278.5178646052584,370.4831370790596,388.27799074049005,1.423618942585669,1.4114449999974004,277.5138417929154,1.3613750081095235,68.13771706401164,217.19582234905636,68.13771706401101,1.2657391483327545,189.99999860263364,217.19582234905636,189.99999860263364,233.44706230848564,1.265340220025601,1.2516150023233534,215.4281070909134,1.2009150085126237,137.31349801559412,0.015350808914236102,0.0161710508005769,119.18880920955044,268.97898334818564,35.80965537054244,600.2772339349016,1.6220771370161793,1219.752839485075,1.622133409338837,270.8675156695777,152.55513098638053,1.572025170419161,941.2933061987925,940.9350503100941,1.5713260211639926,267.6186473252633,942.7754063190598,1.5212605543786792,193.57668515901685,1.5212007371622862,267.73659987141156,1.5210610056556064,126.06904249557527,244.70274145678025,125.99621509373154,1.4200840221512194,241.19236221296524,1.4194449480469347,244.52134462520638,240.675016390215,284.2324524663461,1.4191734873904212,1.411450821623446,241.08154149159145,1.3613540564078517,50.15807993813212,166.18633768612423,50.191137956408085,1.2601453267652467,179.56667164866502,167.42304812333992,181.99157454262306,231.11068975087028,1.2601101869166649,1.2515841279246356,164.24088150943314,1.2009300324878134,132.0409727227878,0.007655296986288509,0.005149422936976306
123.19559903037809,500.00000000000375,67.27879324780316,599.9999587739102,1.6220105555070736,1219.5064057281993,1.6221950000000334,296.2796762619614,210.35722180105398,1.5721280634997712,1003.9004097525212,1010.0770611795729,1.5713149999983211,292.55331398629266,1010.0770611795729,1.5213709650197322,345.9396749458604,1.5212432342885747,292.55331398629266,1.5207950007475368,177.13361828467907,278.5178370130726,177.13361828468086,1.4247420779469846,370.4832440514342,1.4238377594558727,278.5178370130726,370.4832440514342,388.2780814512115,1.423618942770195,1.4114449999972511,277.5138151759486,1.3613750077420652,68.1377518752756,217.19590089057266,68.13775187527477,1.265739154609425,189.99999866720887,217.19590089057266,189.99999866720887,233.44699259392922,1.2653402260623803,1.251615002216395,215.4281878749099,1.2009150083005866,137.3135187683545,0.015350854946642746,0.016171060241380302,119.18881014888244,268.97895303929647,35.809651961728406,600.2772337374051,1.6220771370884257,1219.7528391865947,1.6221334093828206,270.8675128601772,152.55512729018466,1.5720251703608195,941.2933024777722,940.9350469705346,1.5713260211202964,267.61864662891384,942.7754004748305,1.5212605541731408,193.5766752131782,1.5212007371808334,267.7365991750621,1.5210610054602773,126.0690419103004,244.7027372691404,125.99621216735719,1.4200840218967103,241.19236221296524,1.4194449478898432,244.52134378767843,240.675016390215,284.2324535924977,1.4191734871326172,1.4114508215869637,241.08153812069983,1.3613540561775377,50.15807870348685,166.1863346587704,50.191137956408085,1.260145326569037,179.56666746761937,167.42304604203414,181.991570826138,231.11068492730473,1.2601101863411708,1.2515841278900162,164.24087765674196,1.2009300323972445,132.04096380995279,0.007655297075447488,0.005149420263713593
123.19559903028636,500.0000000000025,67.27879324781138,599.9999587739101,1.6220105555070634,1219.5064057282611,1.622195000000023,296.2796762617654,210.35722180114584,1.5721280634999202,1003.900409752621,1010.0770611796731,1.5713149999984712,292.5533139860986,1010.0770611796731,1.5213709650029779,345.93967494549486,1.5212432342718192,292.5533139860986,1.52079500073078,177.13371021304965,278.5178099090118,177.13371021305073,1.4247420781988094,370.48334899092004,1.4238377596418865,278.5178099090118,370.48334899092004,388.2781704498516,1.423618942949259,1.4114449999974972,277.51378902800025,1.3613750073922868,68.13778510922953,217.1959758690905,68.13778510922859,1.2657391606058677,189.99999872747256,217.1959758690905,189.99999872747256,233.44692615809043,1.2653402318297882,1.25161500211574,215.4282649895789,1.2009150080797215,137.31353897128747,0.015350898746465898,0.016171069075539293,119.18880920955044,268.97893788485186,35.80964991643999,600.2772337769044,1.6220771370828684,1219.7528391865947,1.6221334093773228,270.8675114554769,152.55511841931457,1.5720251703247032,941.2932957799353,940.9350369518559,1.571326021126851,267.618643843516,942.7753929608213,1.5212605541793691,193.5766531113145,1.5212007371190093,267.7365936042664,1.5210610054358613,126.06904073975065,244.7027305689167,125.99621158208232,1.42008402167048,241.19236221296524,1.4194449476280238,244.5213396000386,240.67501906707398,284.2324569709523,1.4191734868232524,1.4114508215759503,241.0815330643624,1.3613540561835984,50.15807839482554,166.18633276667424,50.19113641310151,1.2601453263728275,179.5666651448162,167.4230434561694,181.99157268438054,231.11068372141335,1.2601101860853954,1.251584127901556,164.24087641393834,1.2009300323321481,132.0409682663703,0.0076552975212423845,0.005149420263713593
123.1955990302231,500.0000000000017,67.27879324781901,599.9999587739101,1.6220105555070563,1219.5064057283184,1.622195000000016,296.27967626163036,210.35722180121138,1.5721280635000232,1003.9004097526898,1010.0770611797369,1.5713149999985747,292.55331398596513,1010.0770611797366,1.5213709649874336,345.93967494523406,1.5212432342562736,292.55331398596513,1.5207950007152329,177.1338003718518,278.51778329902993,177.13380037185328,1.4247420784443967,370.48345192903355,1.4238377598230691,278.51778329902993,370.48345192903355,388.2782577585697,1.4236189431236532,1.4114449999979715,277.5137633555339,1.3613750070589674,68.13781682953902,217.19604744722741,68.13781682953862,1.265739166336691,189.99999878392805,217.19604744722741,189.99999878392805,233.4468629247964,1.2653402373419176,1.2516150020207704,215.42833859931625,1.2009150078523823,137.31355860008307,0.015350940438165595,0.01617107733649995,119.18881014888244,268.9789075759627,35.809645144100344,600.2772336781562,1.622077137077311,1219.752839050922,1.6221334093718247,270.86750794372625,152.55511324464035,1.572025170335816,941.2932875936904,940.9350277680671,1.5713260211443294,267.6186417544676,942.775385446812,1.521260554279024,193.57663764000995,1.5212007372179277,267.7365943006159,1.5210610055823581,126.06903956920091,244.7027263812769,125.99621041153259,1.420084021415971,241.1923635513947,1.4194449474185684,244.52133373734287,240.67501906707398,284.23246147555847,1.4191734866170094,1.411450821589717,241.08152547985623,1.3613540563654254,50.15807716018027,166.18632910862166,50.19113517845626,1.2601453260458115,179.56666498996265,167.4230408072348,181.9915760911585,231.11068733908752,1.2601101857337045,1.251584127913096,164.2408715048641,1.2009300325500794,132.04096529542528,0.007655297610401362,0.005149418659756631
123.19559903017725,500.0000000000009,67.27879324782592,599.9999587739103,1.6220105555070523,1219.5064057283707,1.622195000000012,296.27967626153264,210.35722180126044,1.5721280635000974,1003.9004097527394,1010.0770611797909,1.5713149999986498,292.55331398586844,1010.0770611797911,1.5213709649727476,345.9396749450631,1.5212432342415863,292.55331398586844,1.5207950007005446,177.1338887969403,278.5177571832843,177.1338887969418,1.4247420786843659,370.48355289947335,1.4238377599999597,278.5177571832843,370.48355289947335,388.27834340306003,1.4236189432939033,1.411444999998563,277.51373815915497,1.3613750067410262,68.13784709750463,217.19611577773992,68.13784709750433,1.2657391718152804,189.9999988369942,217.19611577773992,189.9999988369942,233.44680280875156,1.2653402426116762,1.25161500193096,215.42840885912477,1.2009150076205881,137.31357763687413,0.0153509801354192,0.016171085057122607,119.18914987395169,268.98581800269704,35.810436670718325,600.2771982077978,1.6220771290746168,1219.7528303407248,1.6221334025928713,270.8691437171879,152.5566893025598,1.572025187691059,941.294840747618,940.936999777985,1.5713260384458074,267.6199780490832,942.7771712763341,1.5212606706262695,193.58349805849525,1.5212008209833519,267.7377216903932,1.5210610832012348,126.06925202397964,244.7047339358062,125.99645798280156,1.4200841774300776,241.19185896348174,1.4194450727514867,244.5230138184383,240.67440472794385,284.23112923828137,1.419173654602078,1.4114508469201859,241.08403426595115,1.361354139017912,50.15811697749009,166.187576882965,50.19114412963436,1.260145504923536,179.5659924610233,167.42431444022554,181.99060949534007,231.110389483916,1.260110377533156,1.2515841450958696,164.2421896845113,1.200930100606929,132.04060581108004,0.007655265334917718,0.005149421867671054
123.1955990301432,500.00000000000045,67.27879324783214,599.9999587739104,1.6220105555070496,1219.5064057284185,1.6221950000000092,296.27967626146005,210.35722180129832,1.5721280635001527,1003.9004097527782,1010.0770611798387,1.5713149999987053,292.55331398579676,1010.0770611798387,1.5213709649586982,345.93967494493666,1.521243234227536,292.55331398579676,1.5207950006864928,177.1339755227898,278.51773155841477,177.13397552279105,1.4247420789191425,370.4836519370015,1.423837760172925,278.51773155841477,370.4836519370015,388.2784274109838,1.4236189434603665,1.4114449999992038,277.513713435908,1.361375006437493,68.13787597209824,217.19618100449085,68.13787597209739,1.2657391770539568,189.99999888702828,217.19618100449085,189.99999888702828,233.44674571822432,1.2653402476509354,1.251615001845853,215.42847591546018,1.2009150073860606,137.31359606931733,0.015351017942531204,0.016171092269271044,119.18959449109303,268.99269812054223,35.811103434742776,600.277119702968,1.622077129469194,1219.7527716757843,1.6221334028292824,270.8709747439868,152.55813007971037,1.5720252048462735,941.2963254347698,940.9388574079879,1.5713260557035895,267.6215740820478,942.7787809440847,1.5212607876773283,193.5905419224491,1.5212009094597696,267.73898974276165,1.5210611544963337,126.06943462973989,244.7066259114765,125.99665287933244,1.4200843416450348,241.19133162226765,1.419445198136769,244.52456910786714,240.67369000660292,284.22980375791354,1.4191738260417195,1.4114508728784267,241.08668210132578,1.3613542231674407,50.158009254690654,166.18881948557885,50.19100770133357,1.260145671963283,179.56571341493793,167.42557098128106,181.990221122653,231.1103340129124,1.2601105820254532,1.2515841627113864,164.24347903111476,1.2009301685505678,132.04022850106477,0.007655289496938254,0.005149053505226174
123.1955990301172,500.00000000000057,67.27879324783798,599.9999587739103,1.6220105555070474,1219.5064057284621,1.6221950000000072,296.2796762614047,210.3572218013282,1.572128063500195,1003.900409752808,1010.0770611798625,1.571314999998748,292.55331398574197,1010.0770611798622,1.5213709649451386,345.9396749448165,1.521243234213975,292.55331398574197,1.5207950006729307,177.13406058276462,278.51770641883047,177.13406058276672,1.4247420791490226,370.4837490768417,1.423837760342216,278.51770641883047,370.4837490768417,388.27850981107065,1.4236189436232873,1.4114449999998508,277.51368918057915,1.3613750061474887,68.13790351002007,217.19624326325672,68.13790351002001,1.2657391820641088,189.9999989343392,217.19624326325672,189.9999989343392,233.44669155719902,1.2653402524706627,1.2516150017650483,215.4285399069395,1.2009150071502563,137.3136138897978,0.015351053955639097,0.016171099003540104,119.18991762129716,268.99864371430414,35.81168906899329,600.2770379196974,1.622077133103751,1219.7526972185242,1.6221334059521093,270.87242439466297,152.5594769734858,1.5720252141753763,941.297771423309,940.9406833121752,1.5713260656116843,267.62286023950224,942.7803906118353,1.5212608637265714,193.59639339085757,1.521200963549643,267.7399611502597,1.5210611975663868,126.06955344053901,244.7082415029187,125.9967746165049,1.4200844744705308,241.19089395582856,1.419445297811392,244.52589072699405,240.67302614558216,284.228549225093,1.4191739622137778,1.411450890543467,241.088979363971,1.3613542676241386,50.15785461537113,166.1897999698056,50.19083392501378,1.2601458032928885,179.56520952150743,167.42659851563212,181.9896673663815,231.10989989201468,1.260110738495951,1.2515841727856385,164.24451242231507,1.2009302022365291,132.0398393072695,0.0076553042973279755,0.005148813468989833
123.19559903009464,500.0000000000001,67.27879324784303,599.9999587739105,1.6220105555070463,1219.5064057285017,1.6221950000000063,296.2796762613567,210.35722180135411,1.5721280635002315,1003.9004097528336,1010.0770611798838,1.5713149999987848,292.55331398569336,1010.0770611798838,1.5213709649319855,345.93967494472184,1.521243234200821,292.55331398569336,1.5207950006597755,177.13414400931157,278.51768175767074,177.13414400931305,1.4247420793742416,370.48384435420803,1.4238377605080312,278.51768175767074,370.48384435420803,388.27859063246865,1.4236189437828584,1.411445000000491,277.5136653866628,1.3613750058702623,68.1379297657777,217.19630268264777,68.13792976577722,1.265739186856361,189.9999989791648,217.19630268264777,189.9999989791648,233.44664022701986,1.2653402570810846,1.2516150016882226,215.42860096518342,1.2009150069144419,137.31363109473813,0.015351088263739907,0.0161711052890863,119.19017625070471,269.00473074954897,35.81229788317921,600.276934234073,1.6220771406840808,1219.7525831447915,1.622133413220379,270.87377150221965,152.5608076039994,1.5720252226876965,941.2992174118482,940.9424566182995,1.5713260746829987,267.6240252321505,942.7820286658429,1.5212609314483916,193.60172767565598,1.521201013917708,267.7407668265861,1.5210612317733845,126.06961021220165,244.7097909296518,125.99682260904403,1.4200845984447639,241.19042416708197,1.4194453882176103,244.52711770546108,240.67236362299084,284.2272676646354,1.4191740851089316,1.4114509076912147,241.09112325104707,1.3613543028015993,50.15763947843358,166.19066238723232,50.19061292351295,1.2601459153612544,179.56446281772077,167.4275536457704,181.98888380745146,231.10936327034946,1.2601108747921772,1.2515841802576642,164.2454652798416,1.2009302336158143,132.03946942461673,0.0076553182061540395,0.00514855954528567
123.19559903007604,500.0000000000001,67.27879324784777,599.9999587739105,1.6220105555070456,1219.5064057285376,1.6221950000000054,296.27967626131715,210.3572218013768,1.5721280635002617,1003.9004097528548,1010.0770611799124,1.5713149999988154,292.55331398565613,1010.0770611799128,1.521370964919171,345.93967494466887,1.5212432341880056,292.55331398565613,1.520795000646959,177.1342258340812,278.5176575672899,177.13422583408305,1.4247420795949601,370.4839378040932,1.4238377606705,278.5176575672899,370.4839378040932,388.2786699043977,1.4236189439392062,1.4114450000011005,277.5136420468555,1.361375005605094,68.1379547917619,217.19635938456486,68.13795479176125,1.265739191440599,189.9999990217346,217.19635938456486,189.9999990217346,233.44659162779908,1.2653402614917124,1.2516150016150673,215.42865921521803,1.200915006679664,137.31364768399771,0.015351120949569301,0.016171111153542903,119.19047245339183,269.0113330359099,35.81297487364575,600.2768289289779,1.6220771472307292,1219.7524619618016,1.6221334195485018,270.8752618892036,152.56215745473153,1.5720252346310597,941.3006946569591,940.9442683293587,1.5713260861816323,267.62527517943295,942.7836934363277,1.5212610111910991,193.607474160212,1.5212010775532168,267.74168670422404,1.5210612794825022,126.0697009298069,244.71150116175392,125.99690747389981,1.42008473712397,241.18992760974587,1.4194454953017206,244.5285482032233,240.67169440825216,284.22590389511504,1.4191742203013347,1.4114509275568994,241.0933901756676,1.3613543521312603,50.157492864308274,166.19167264043853,50.19045612356543,1.2601460476065045,179.5637223080758,167.42867584799902,181.98812812215925,231.10898823812948,1.2601110296960514,1.2515841910416146,164.24658305740692,1.2009302781841922,132.03908617271145,0.007655277460497825,0.005148423233515677
123.19559903005947,500.0000000000001,67.27879324785205,599.9999587739107,1.6220105555070452,1219.5064057285701,1.6221950000000047,296.2796762612819,210.35722180139607,1.5721280635002888,1003.9004097528743,1010.0770611799283,1.5713149999988423,292.5533139856202,1010.0770611799279,1.5213709649066591,345.93967494458735,1.521243234175493,292.5533139856202,1.5207950006344446,177.13430608800175,278.51763383961577,177.13430608800326,1.4247420798113235,370.48402946109763,1.4238377608297408,278.51763383961577,370.48402946109763,388.2787476559209,1.4236189440924447,1.411445000001679,277.5136191534133,1.3613750053513498,68.13797863831161,217.1964134847895,68.13797863831124,1.2657391958260997,189.9999990622328,217.1964134847895,189.9999990622328,233.44654565944052,1.2653402657114667,1.2516150015453293,215.42871477600653,1.200915006446819,137.31366366035655,0.015351152090321151,0.016171116622981,119.1907749182922,269.01840005857173,35.81372481273256,600.2767253223521,1.6220771530437972,1219.752339747698,1.6221334255797362,270.87680776184817,152.56358196862027,1.5720252469355853,941.3022485550907,940.946183566764,1.5713260973940562,267.6265021471832,942.7854634029413,1.5212610933691266,193.61359527135733,1.5212011411145367,267.74268596570056,1.521061331903933,126.06981915533116,244.71322814441535,125.99701984667438,1.4200848812892624,241.1894350676982,1.4194456101618653,244.53009427984452,240.67104393152616,284.2245626486256,1.4191743587162875,1.411450947363386,241.09567142657758,1.3613544027640148,50.157410143075474,166.1927716960242,50.1903496354121,1.260146189989249,179.563092673568,167.42987802282505,181.98746411016478,231.10872776559083,1.2601111940316374,1.251584202056361,164.24781958485704,1.200930323845057,132.0386182488736,0.007655188034796024,0.00514839222977374
123.19559903004395,500.0000000000001,67.27879324785587,599.9999587739107,1.6220105555070448,1219.5064057285992,1.6221950000000045,296.27967626124894,210.3572218014149,1.572128063500314,1003.9004097528909,1010.0770611799392,1.5713149999988678,292.5533139855859,1010.0770611799394,1.521370964894426,345.9396749445199,1.5212432341632585,292.5533139855859,1.5207950006222095,177.13438480133948,278.51761056638634,177.13438480134084,1.4247420800234556,370.48411935932495,1.4238377609858515,278.51761056638634,370.48411935932495,388.2788239157827,1.4236189442426699,1.411445000002228,277.5135966983937,1.3613750051084637,68.13800135381116,217.19646509360763,68.1380013538103,1.265739200021602,189.9999991008077,217.19646509360763,189.9999991008077,233.44650222243186,1.2653402697487506,1.25161500147879,215.42876776104006,1.2009150062166674,137.31367902906192,0.015351181758276752,0.016171121721916096,119.19105076878623,269.0258459423484,35.81453747399753,600.2766150008478,1.6220771605907824,1219.7522048888848,1.6221334338101443,270.8783255404873,152.56509593044908,1.5720252572203794,941.3038634779575,940.9482098445246,1.5713261063189885,267.6276504274444,942.7873235376655,1.5212611675498382,193.61982578672786,1.521201193937017,267.7436817454298,1.521061376854028,126.06991982260924,244.71480185945939,125.99710997900398,1.420085019063547,241.18897063266954,1.419445717533977,244.5315532535575,240.6704376229729,284.22333626959363,1.4191744893197802,1.4114509646794346,241.09781278548493,1.3613544455236608,50.15733668168217,166.1938358109009,50.19023882600037,1.2601463225288134,179.56266125159584,167.43103226454852,181.98690880535784,231.10855532312314,1.2601113534755222,1.2515842106246684,164.2490452377756,1.2009303624245677,132.0380507983782,0.007655064641524914,0.005148372986165758
123.19559903002937,500.0000000000001,67.27879324785928,599.9999587739107,1.6220105555070443,1219.5064057286259,1.6221950000000043,296.2796762612179,210.3572218014317,1.5721280635003372,1003.900409752908,1010.0770611799462,1.5713149999988916,292.553313985557,1010.0770611799466,1.5213709648824467,345.9396749444568,1.521243234151278,292.553313985557,1.520795000610228,177.13446200373428,278.5175877392571,177.13446200373505,1.4247420802314483,370.48420753234313,1.4238377611389017,278.5175877392571,370.48420753234313,388.27889871234686,1.4236189443899478,1.4114450000027359,277.5135746737632,1.3613750048758808,68.13802298475642,217.19651431604132,68.13802298475602,1.265739204035317,189.999999137617,217.19651431604132,189.999999137617,233.4464612185301,1.2653402736114545,1.251615001415232,215.4288182785421,1.2009150059898206,137.3136937974379,0.015351210021327449,0.016171126473344007,119.19128497556208,269.03314533316063,35.815341272346025,600.2765015588999,1.6220771693381717,1219.7520600445498,1.6221334435359909,270.8797758935137,152.56658549738515,1.5720252656271292,941.3054397022119,940.9502152500381,1.5713261135135543,267.62871305672184,942.7891661397017,1.5212612324813175,193.6258695413503,1.5212012349201887,267.744615550057,1.521061411647013,126.07000000526678,244.71625832058848,125.99717787088862,1.4200851482127996,241.18853296623044,1.4194458145642246,244.53289497335555,240.66986075986816,284.2221898473214,1.419174610539208,1.4114509794224435,241.09982267961874,1.3613544790040697,50.15726815886992,166.1948263863071,50.19012122603973,1.2601464409085872,179.56215488050864,167.43210993944766,181.98620298290663,231.108274350431,1.2601115019210718,1.25158421712735,164.25021993574617,1.2009303952699368,132.03751602827782,0.0076549475802384645,0.005148359088049164
123.19559903001499,499.9999999999999,67.27879324786232,599.999958773911,1.6220105555070443,1219.50640572865,1.622195000000004,296.2796762611874,210.35722180144913,1.572128063500361,1003.9004097529221,1010.077061179968,1.5713149999989149,292.5533139855265,1010.0770611799683,1.5213709648707177,345.93967494440665,1.5212432341395483,292.5533139855265,1.520795000598497,177.1345377242314,278.5175653499248,177.1345377242327,1.4247420804354136,370.4842940131324,1.423837761288981,278.5175653499248,370.4842940131324,388.27897207351816,1.4236189445343657,1.4114450000032197,277.51355307152176,1.3613750046531359,68.1380435758253,217.19656125237282,68.13804357582464,1.2657392078750545,189.99999917276108,217.19656125237282,189.99999917276108,233.446422551173,1.265340277307083,1.2516150013544993,215.4288664319609,1.2009150057668212,137.31370797454443,0.015351236943411901,0.01617113089879165,119.19148192216905,269.04031338545303,35.8161430254061,600.276396016809,1.622077177996642,1219.7519213597623,1.6221334530584137,270.88116724912874,152.56806915040784,1.572025272022482,941.3070226243029,940.9521922692952,1.5713261188160783,267.62972694153706,942.7910154208571,1.5212612821219782,193.63169117224282,1.5212012612015984,267.7455180189584,1.5210614328157974,126.07008721122278,244.71770556890996,125.99724342167377,1.4200852727243298,241.18809128450292,1.4194459050228068,244.5342392057375,240.66927318932758,284.22098373901724,1.4191747254166582,1.4114509903767922,241.1018570127169,1.3613544987383586,50.15722309431772,166.19581998906716,50.190025541032384,1.2601465528461469,179.56145958809842,167.4331976424564,181.985296160556,231.107817317597,1.2601116438763251,1.2515842211951322,164.2513894760818,1.2009304186112342,132.03708969767,0.007654846211781679,0.005148451564684495
123.19559903000291,500.0000000000002,67.27879324786531,599.9999587739107,1.622010555507044,1219.5064057286718,1.6221950000000036,296.2796762611616,210.35722180146297,1.5721280635003807,1003.9004097529388,1010.077061179978,1.5713149999989349,292.5533139854999,1010.0770611799782,1.5213709648592126,345.93967494435043,1.5212432341280422,292.5533139854999,1.52079500058699,177.13461199129694,278.51754339010756,177.13461199129833,1.424742080635414,370.4843788341149,1.4238377614361304,278.51754339010756,370.4843788341149,388.27904402675017,1.423618944675963,1.4114450000036576,277.51353188368626,1.3613750044397395,68.13806316996062,217.19660599832798,68.13806316995999,1.2657392115481607,189.999999206371,217.19660599832798,189.999999206371,233.4463861259189,1.2653402808426912,1.2516150012964005,215.4289123201463,1.200915005548067,137.31372157088052,0.015351262584900945,0.0161711350183851,119.19166290013221,269.0472894814473,35.816912053851475,600.2762996978014,1.622077186243863,1219.7517941257631,1.6221334618990926,270.882543855391,152.56955945658305,1.57202527723989,941.3086412681902,940.9541517558648,1.5713261228099036,267.63074639714796,942.7928237924067,1.5212613200905438,193.637342618785,1.5212012760208264,267.74643093310175,1.521061444022801,126.0702019250978,244.71925248305917,125.99733296872851,1.4200853994133273,241.18762684947427,1.4194459948792046,244.53568812911493,240.66864814276164,284.2196728986195,1.4191748402941082,1.4114509981743832,241.1040017425159,1.361354508175179,50.15719654944451,166.19687212066822,50.18996041349513,1.2601466723377748,179.56078597518425,167.43432880060683,181.98441101770143,231.10735063763195,1.2601117881335555,1.2515842241666328,164.2525550394459,1.2009304340022826,132.03674061163224,0.0076547780094856945,0.005148605517912123
123.19559902998918,500.0000000000002,67.27879324786775,599.9999587739107,1.622010555507044,1219.506405728691,1.6221950000000036,296.2796762611324,210.35722180147826,1.5721280635004027,1003.9004097529514,1010.0770611799959,1.5713149999989573,292.5533139854726,1010.0770611799962,1.5213709648479432,345.93967494429756,1.5212432341167719,292.5533139854726,1.5207950005757185,177.13468483284515,278.5175218516961,177.1346848328456,1.4247420808315612,370.4844620270741,1.423837761580442,278.5175218516961,370.4844620270741,388.27911459897985,1.4236189448148293,1.4114450000040781,277.5135111024369,1.3613750042353105,68.13808180842437,217.1966486455328,68.13808180842454,1.2657392150616873,189.99999923851215,217.1966486455328,189.99999923851215,233.4463518505967,1.2653402842250538,1.2516150012408267,215.4289560377806,1.2009150053339417,137.3137345981301,0.015351287002911655,0.016171138850920953,119.19184168632074,269.0535735244718,35.81757404553628,600.2762007125921,1.6220771955414377,1219.751660080987,1.6221334713335485,270.88385654779114,152.5708841731833,1.5720252819266667,941.3101214901174,940.9559066944115,1.571326126530628,267.631744962275,942.7944601766345,1.5212613550134029,193.64260949289923,1.5212012877797634,267.7473118151699,1.5210614535206755,126.07031195677385,244.72081112259986,125.99741783358431,1.4200855243490396,241.18716642973405,1.4194460823792283,244.53716636597107,240.66799632760615,284.2183372828878,1.4191749524646167,1.4114510052918876,241.1060933807717,1.3613545120602155,50.15715580615074,166.19788615806672,50.18988417415057,1.2601467916658948,179.56009981913306,167.43543201880402,181.98354755434295,231.10694425223602,1.2601119307921906,1.2515842277324334,164.25366150749838,1.2009304468460813,132.03634101952946,0.007654728708073665,0.005148743972836648
123.19559902997723,499.9999999999998,67.27879324787008,599.999958773911,1.622010555507044,1219.506405728709,1.6221950000000038,296.27967626110694,210.3572218014919,1.572128063500422,1003.9004097529648,1010.0770611800026,1.5713149999989768,292.5533139854461,1010.0770611800028,1.5213709648368885,345.93967494424317,1.5212432341057163,292.5533139854461,1.5207950005646618,177.13475627624314,278.51750072663805,177.13475627624325,1.4247420810239086,370.48454362323764,1.4238377617219489,278.51750072663805,370.48454362323764,388.27918381667945,1.4236189449509953,1.4114450000044587,277.51349072000664,1.3613750040394046,68.13809953087474,217.19668928151003,68.13809953087396,1.265739218422259,189.99999926930082,217.19668928151003,189.99999926930082,233.44631963563282,1.2653402874605297,1.2516150011876102,215.42899767537892,1.200915005124685,137.31374706893556,0.015351310251593255,0.016171142413947702,119.19203174449312,269.05967066267965,35.81820058555517,600.2761110689636,1.622077204288827,1219.7515446233915,1.6221334799158247,270.88511515923096,152.57221258597934,1.5720252859327912,941.3115778975138,940.9576724865267,1.571326129628683,267.63271636977305,942.796061495486,1.5212613892386766,193.64771060303585,1.5212012970039137,267.748194089937,1.521061463604537,126.0704067713032,244.72225167069763,125.99747636107105,1.4200856431199746,241.18672876329495,1.4194461645381373,244.53861863946037,240.66735923517493,284.21709851618886,1.4191750603555793,1.4114510113878855,241.10806029603725,1.3613545148967165,50.15710827230801,166.19886525475627,50.18979342772425,1.260146918024858,179.56006884842435,167.43646258050896,181.98330040808756,231.10709619455022,1.2601120765840723,1.2515842313213137,164.25466948336492,1.2009304557048495,132.03575425789154,0.007654665677616964,0.0051488273683330385
123.19559902996538,500.0000000000001,67.27879324787217,599.999958773911,1.622010555507044,1219.506405728725,1.6221950000000034,296.27967626108176,210.3572218015047,1.5721280635004415,1003.9004097529778,1010.0770611800187,1.5713149999989964,292.553313985422,1010.0770611800181,1.521370964826048,345.9396749441987,1.521243234094875,292.553313985422,1.5207950005538193,177.1348263483328,278.51748000705106,177.1348263483343,1.4247420812125458,370.4846236532254,1.423837761860721,278.51748000705106,370.4846236532254,388.2792517058092,1.4236189450845291,1.4114450000048129,277.5134707287924,1.3613750038516772,68.13811637542157,217.196727990195,68.13811637542125,1.2657392216362549,189.9999992987953,217.196727990195,189.9999992987953,233.4462893940355,1.2653402905552462,1.2516150011366487,215.4290373197839,1.2009150049205322,137.31375899670496,0.015351332382353547,0.01617114572383751,119.19213381856923,269.06521718940064,35.818771221023944,600.2760166064224,1.622077216253966,1219.7514284060278,1.6221334915494543,270.8860935329674,152.57349146975076,1.5720252848770857,941.3128966271543,940.9594048830464,1.5713261290256764,267.6334008812932,942.7976461165392,1.5212614102409736,193.652093402603,1.5212012907164063,267.748845176683,1.521061463555705,126.07041847680065,244.72304480967938,125.99742778325705,1.420085725185035,241.18642761666254,1.4194462108277968,244.5395231696613,240.6668881079989,284.21633723774477,1.4191751325406916,1.4114510140958414,241.10935050480828,1.3613545015687987,50.15697616526458,166.19945268754205,50.18958508133729,1.2601469998442485,179.56048974035556,167.43712330048572,181.98350729242165,231.1076364338896,1.2601121775513449,1.2515842292095287,164.2553041831677,1.200930447995174,132.03493427707096,0.007654578309525395,0.005148735419528778
123.19559902995303,499.9999999999998,67.27879324787402,599.9999587739112,1.622010555507044,1219.5064057287395,1.6221950000000036,296.27967626105544,210.3572218015176,1.5721280635004613,1003.9004097529911,1010.0770611800364,1.5713149999990166,292.55331398539386,1010.0770611800364,1.5213709648154226,345.9396749441509,1.5212432340842486,292.55331398539386,1.5207950005431918,177.1348950754346,278.5174596851739,177.1348950754354,1.424742081397555,370.4847021470827,1.423837761996823,278.5174596851739,370.4847021470827,388.27931829185263,1.4236189452154928,1.4114450000051524,277.5134511213068,1.3613750036717907,68.13813237869037,217.19676485195785,68.13813237869081,1.2657392247097525,189.9999993270552,217.19676485195785,189.9999993270552,233.44626104154923,1.2653402935150369,1.251615001087844,215.4290750541906,1.2009150047216555,137.31377039544242,0.015351353444077256,0.0161711487958699,119.19190900511326,269.06909672721645,35.81915096290699,600.275894790626,1.6220772342489131,1219.7512605244428,1.622133508340147,270.88633373671314,152.5745633665534,1.5720252784400603,941.3138402779355,940.9608617659028,1.5713261245359003,267.63341829002974,942.7990604200503,1.5212614234826356,193.6546704799077,1.5212012651212439,267.7489663414892,1.5210614759102665,126.07028035193073,244.722358874277,125.99720362298278,1.4200857182284516,241.1865534290334,1.4194461712668944,244.53891512435956,240.66695636790223,284.21673589539154,1.4191751233628702,1.4114510164334666,241.10900246024758,1.361354469458153,50.156709790548504,166.1991085783216,50.18921715705099,1.2601469495491955,179.56024321351433,167.43703254294024,181.9830898072684,231.10741213809246,1.2601121417428125,1.2515842195737892,164.25510670167435,1.2009304288908016,132.03452131571564,0.007654388064498357,0.00514856863286532
123.19559902994237,500.0,67.27879324787585,599.9999587739111,1.6220105555070436,1219.5064057287525,1.6221950000000032,296.27967626103276,210.35722180153005,1.5721280635004788,1003.9004097530064,1010.0770611800504,1.571314999999034,292.55331398537226,1010.0770611800508,1.5213709648049947,345.93967494410816,1.52124323407382,292.55331398537226,1.5207950005327624,177.13496248336534,278.51743975338485,177.13496248336597,1.4247420815789869,370.48477913428985,1.4238377621302853,278.51743975338485,370.48477913428985,388.2793835998089,1.4236189453439159,1.4114450000054566,277.51343189019735,1.3613750034993777,68.13814757587785,217.19679994374715,68.13814757587672,1.2657392276485082,189.99999935416713,217.19679994374715,189.99999935416713,233.44623449671496,1.265340296345426,1.2516150010410652,215.42911095829322,1.2009150045281505,137.31378127960363,0.015351373483303045,0.0161711516443048,119.19144027845088,269.07172349761254,35.81927845255174,600.2756650627816,1.622077267071074,1219.7509308665512,1.622133534664258,270.8860949376676,152.57493742157556,1.5720252895305245,941.3138402779355,940.9615989736748,1.5713261362945257,267.6331425356432,942.7997976278427,1.5212614977505452,193.6567370041615,1.5212012846638305,267.7490276202418,1.5210615779208567,126.07011062221768,244.72019721460236,125.99680622134774,1.4200856597479055,241.18705801694637,1.4194460314030026,244.53686820601595,240.66746363267416,284.2182539476735,1.4191750468724316,1.4114510416118107,241.10702796047588,1.36135450575688,50.15616870726082,166.19803046193337,50.18859057458354,1.2601467852236807,179.55954466917967,167.4364282704987,181.9825317150977,231.10705037067768,1.2601120075887038,1.251584226018772,164.25435331412697,1.2009304991297953,132.03561610894894,0.007654161541792936,0.005147964611001242
123.19559902993026,499.9999999999999,67.2787932478773,599.9999587739112,1.6220105555070436,1219.5064057287645,1.6221950000000034,296.2796762610069,210.35722180154227,1.5721280635004984,1003.9004097530187,1010.0770611800604,1.5713149999990534,292.5533139853462,1010.0770611800599,1.521370964794774,345.9396749440549,1.5212432340635984,292.5533139853462,1.52079500052254,177.13502859744148,278.51742020421625,177.13502859744204,1.4247420817569256,370.4848546437472,1.4238377622611755,278.51742020421625,370.4848546437472,388.27944765419795,1.4236189454698636,1.4114450000057415,277.5134130282578,1.3613750033341383,68.13816200080382,217.19683333938704,68.1381620008035,1.2657392304580668,189.99999938018004,217.19683333938704,189.99999938018004,233.44620968081887,1.2653402990517362,1.2516150009962284,215.42914510856417,1.200915004340101,137.31379166396687,0.015351392544378301,0.016171154282452044,119.19134446658803,269.0709203120491,35.81902074621101,600.2752521175016,1.6220773346160355,1219.7503888263795,1.6221335884395571,270.8859348018371,152.5737575958535,1.5720253079025786,941.3122067499664,940.9607866258127,1.571326159313641,267.63288836808994,942.7991555975003,1.5212615920366586,193.65892287847916,1.521201358154095,267.7498479199068,1.521061691748854,126.069976008997,244.7181494587308,125.99624728384924,1.4200856374076583,241.18750639082128,1.4194458489411041,244.53396952173316,240.66771659584538,284.2201132238734,1.4191749474632196,1.4114510799320692,241.10518324003186,1.361354602028208,50.15502511708346,166.19683251278875,50.18731024745303,1.2601466004923707,179.55983021911385,167.4353818151861,181.98419329361928,231.1082610856258,1.2601119185469514,1.2515842467269571,164.25358930060875,1.2009306258469739,132.03708078483498,0.007654180529861472,0.005145806747267204
123.19559902991914,499.9999999999999,67.27879324787868,599.9999587739112,1.6220105555070436,1219.506405728775,1.6221950000000034,296.27967626098314,210.35722180155398,1.5721280635005164,1003.9004097530316,1010.0770611800704,1.5713149999990716,292.55331398532365,1010.0770611800708,1.5213709647847462,345.93967494401045,1.5212432340535698,292.55331398532365,1.5207950005125102,177.13509344249502,278.5174010303102,177.13509344249474,1.4247420819314334,370.48492870382495,1.4238377623895375,278.5174010303102,370.48492870382495,388.2795104790811,1.4236189455933776,1.4114450000060028,277.51339452839017,1.3613750031757723,68.13817568596832,217.19686510966108,68.13817568596738,1.2657392331437218,189.99999940514783,217.19686510966108,189.99999940514783,233.44618651790321,1.2653403016390485,1.2516150009532452,215.42917757835204,1.2009150041575556,137.31380156352566,0.015351410669606599,0.01617115672274295,119.19149444659557,269.06900074906736,35.819052107300095,600.2747470401382,1.622077417549511,1219.7497393875797,1.6221336605944519,270.8856510523831,152.5725178917583,1.5720253059134073,941.3101036292193,940.9594357739724,1.57132617142839,267.63186682343064,942.7986012305987,1.5212616497618334,193.65995724569925,1.521201432435708,267.7506751830665,1.5210617653390692,126.06968454211047,244.71692583037566,125.99565908260738,1.4200856326568208,241.18789587379922,1.419445695357879,244.53057502089575,240.6679334214207,284.22199502310417,1.4191748590106767,1.4114511135977277,241.10475429407208,1.3613546587703491,50.15356298842755,166.19528578725317,50.185607362983625,1.2601464409739904,179.56005924750465,167.4340215241915,181.9862568719398,231.10844920468148,1.2601118601023111,1.2515842514928976,164.2528754963563,1.2009306933405983,132.03574534505654,0.007654194525791914,0.00514298119680593
123.18200965966655,509.63627799770984,68.33426849422605,598.2455767617298,1.6222715548958264,1216.1153021472287,1.6224626229230674,296.86989522490813,212.05781052025316,1.5721492142138882,1006.136154229954,1012.385946440094,1.571331637143166,293.13138760717976,1012.3859537690557,1.5214291519988645,349.91590155076085,1.5213007129184382,293.13138760717976,1.5208509691625807,177.1684203222643,279.4043010017374,177.1684199009723,1.4248277321853307,369.94758133170023,1.423917936998377,279.4043010017374,369.94758133170023,387.7517791945022,1.4236979944983457,1.4114611466033873,278.3962131437529,1.3614627985484717,68.13986275036433,218.00368112412764,68.13986274434133,1.265861013680404,189.9418620068916,218.00368112412764,189.9418620068916,233.29700172877546,1.265460105726437,1.251647441381463,216.2348527532213,1.2009966348048038,137.31396009439186,0.015380620825539554,0.016180257404092298,119.19838444673292,270.27261725344914,35.984172331907054,600.2631976070617,1.6220787683542655,1219.7379977164212,1.6221354342171823,270.9906530997391,152.9028106940416,1.5720261171480827,941.6412119343776,941.3470726447699,1.5713263348387645,267.72871441011534,943.1752818518144,1.521262177877426,194.38135102518254,1.5212017744897057,267.8444191402035,1.521062395226386,126.09097567142439,244.9416052695922,126.01981688803947,1.420098448153835,241.1174222080973,1.4194563517977734,244.75913975233652,240.59546281893856,284.03546603818796,1.4191852008170351,1.4114513809501934,241.32207230650585,1.3613549836163799,50.158425947467826,166.30475099197554,50.19052032511875,1.2601604538036448,179.56392160458628,167.54158454158093,181.97722085797034,231.13752204002375,1.2601248789656585,1.251584352460446,164.36448423159936,1.2009302754671258,132.00735796556106,0.0076408694304549675,0.005170981293657105
123.19219505803827,510.02654535316185,68.63322126849886,599.8700875943464,1.6220247704248099,1219.4237593434957,1.6222166782157825,296.928865535991,212.58545996002272,1.572132377510472,1006.4064664564029,1012.7000972391509,1.5713143289080447,293.18232427260057,1012.700097588433,1.5213865979283405,350.39940323026326,1.5212580849147272,293.18232427260057,1.5208081752926192,177.24235181902287,279.61136790946733,177.24235145268483,1.4248262461960963,369.8830465838047,1.423915202286874,279.61136790946733,369.8830465838047,387.61182575337705,1.4236950159561537,1.4114456692559985,278.6073947348894,1.3613731586366387,68.14569949103145,218.00150867048052,68.14569946282714,1.2658304146667119,190.0038641217679,218.00150867048052,190.0038641217679,233.3065242398303,1.2654286708195943,1.2516090333301648,216.23327937327065,1.2009104230141285,137.31458102548498,0.01538075558334455,0.016206917925624547,119.1964268788684,270.37188896849557,36.00037237970764,600.260976799235,1.6220790825878315,1219.735347862847,1.6221358027987232,270.9970058566995,152.93076428417575,1.5720261869691117,941.669237916055,941.3864193354592,1.571326312385514,267.73320516778927,943.2118683975438,1.5212619022876746,194.44637139284055,1.521201457066415,267.8520755025271,1.5210622228729256,126.09033830708817,244.96082988647393,126.01968403064454,1.4200993904598112,241.110280348406,1.4194571638566404,244.7817320691608,240.58893529837738,284.01857714347557,1.4191858694831987,1.4114513452855764,241.33527693173977,1.3613545948217984,50.156972461328785,166.31009464993213,50.188108136949744,1.2601613290945357,179.56006683532829,167.54899802658966,181.97462922906655,231.13458810628995,1.2601257160220742,1.2515843200508958,164.37211666139925,1.2009299136897509,131.99415805691655,0.007640356147943434,0.005169004301995451
123.19205791329621,510.0023994739839,68.6484025695307,599.9949526561443,1.6220040702800762,1219.6771601198066,1.6221960013905843,296.92803736442426,212.61445942475464,1.5721325934684969,1006.4144329215138,1012.7093405675737,1.5713145480761535,293.1813775199927,1012.7093405644337,1.5213807790302816,350.4074272485473,1.5212522659716567,293.1813775199927,1.5208023554504615,177.30494429533368,279.71604839585086,177.3049440603482,1.4248357086400727,369.87204279665764,1.4239239916239521,279.71604839585086,369.87204279665764,387.56904848325814,1.423703677098847,1.4114476404234515,278.7136006986149,1.3613725681580617,68.1537306589955,217.97420209624775,68.15373061470777,1.2658294703191624,190.00260809044522,217.97420209624775,190.00260809044522,233.25686969956269,1.2654278545059796,1.2516136868515495,216.2082347673462,1.200912101078154,137.31512263672357,0.0153601521204245,0.016239980791804744,119.19750272710615,270.35942191207715,35.998763419485044,600.2629312041308,1.6220787726779433,1219.7381943877851,1.6221354914286907,270.9970852222646,152.9277112263862,1.5720261729004466,941.6679258842512,941.3805400408609,1.5713263052870794,267.73369539780975,943.2072088769442,1.5212619328693113,194.44040057436823,1.5212015693080028,267.851649336657,1.5210622243623095,126.09124080094166,244.96192202293878,126.02046010511889,1.4200993568928826,241.1103338855851,1.4194572461464592,244.78147578560387,240.58895671324902,284.01775955745427,1.4191859644581821,1.4114513330935803,241.33816241497425,1.3613547637269459,50.15885436937503,166.3125041713137,50.190431121999,1.260161540935468,179.56187738295873,167.55031719602786,181.97598946259254,231.13694803572565,1.2601259376832838,1.2515843269574707,164.37324823408466,1.2009299920488101,131.99927848062774,0.00763998295412001,0.005173116413092982
123.19192612726698,510.000129320081,68.64715058769461,600.0002578776745,1.6220030058006543,1219.6734549367627,1.6221949342663209,296.9275345918514,212.61340905080135,1.5721328081092798,1006.4141581100503,1012.7090607544354,1.5713147656729578,293.1808802342473,1012.7090607499747,1.521378000527355,350.4058450239387,1.5212494876827258,293.1808802342473,1.5207995777526668,177.35833584383923,279.777924752104,177.35833568668062,1.4248395770638889,369.88025166233876,1.4239274260553407,279.777924752104,369.88025166233876,387.55681427613314,1.4237070296841237,1.4114467611242465,278.77653593926175,1.3613750769911115,68.16294576193788,217.97440866911273,68.1629457118135,1.2658291411493816,190.00093980377142,217.97440866911273,190.00093980377142,233.21342825499886,1.265427539017796,1.2516148130227984,216.2102121990109,1.2009144320837177,137.31567141975367,0.015344699005624095,0.0162757744371817,119.1987795923895,270.3392816552132,35.99595319319794,600.2649912498656,1.6220784418443446,1219.7411570486831,1.6221351553894252,270.99696020394083,152.92236874487406,1.5720261701278304,941.6641244897795,941.3715900212507,1.5713263136046356,267.7340818717606,943.1996272416521,1.5212620494968363,194.43028123608372,1.5212017696179696,267.8509662178357,1.5210623020544345,126.0919993171765,244.96160794995234,126.02106235295757,1.420099280342187,241.1107434450052,1.419457285942999,244.77978314158898,240.58928596690046,284.0180275815219,1.4191860271303278,1.411451339262543,241.34003325982837,1.3613550293943537,50.16074553726076,166.31454258956967,50.19278682514753,1.260161707975215,179.5637981863121,167.5511539440168,181.9772499704365,231.13946231925829,1.2601261246869497,1.251584354376054,164.37397856762507,1.200930165440093,132.00529612972957,0.007639626861988408,0.005177317802624782
123.19186950210943,510.00000597739813,68.64506501591103,600.0003705688187,1.6220029637980815,1219.6579939295557,1.6221948889331412,296.9272919635273,212.61109866662326,1.572132900917293,1006.4136740876381,1012.7085561383616,1.5713148599968196,293.1806371857049,1012.7085561339785,1.5213763812094534,350.4046648022545,1.5212478684584092,293.1806371857049,1.5207979588623504,177.40565895718396,279.8125000552371,177.40565885136223,1.42484189356156,369.90172380950173,1.4239294617041218,279.8125000552371,369.90172380950173,387.56188306349884,1.4237090132191663,1.4114460737676666,278.8119308282694,1.3613763925617295,68.1726847856616,217.98697159930612,68.1726847361977,1.2658300385509722,190.00017049747527,217.98697159930612,190.00017049747527,233.1769097605685,1.26542839996609,1.2516152857957308,216.22417161224462,1.2009155005069934,137.31636779411014,0.0153355857074557,0.016310484691422843,119.20000197641751,270.3186311987146,35.9931047881937,600.2669078539452,1.6220781320956217,1219.7439163359784,1.6221348405227065,270.9967923422588,152.9168643699828,1.5720261728143232,941.6600239252654,941.3627485373261,1.571326326602046,267.7344049779105,943.1919654569285,1.521262180543198,194.42023041357663,1.5212019793437412,267.850282402665,1.5210623998898667,126.09253484368489,244.96119169855433,126.02145799876803,1.4200992069304377,241.11105262221446,1.4194573204246062,244.77820272632124,240.58948539289258,284.0182787133163,1.4191860839503234,1.4114513513003495,241.34161926433987,1.3613553030863927,50.162394097351786,166.31629227395266,50.194862572484254,1.260161869619199,179.5658770951334,167.5518244398237,181.97872045968543,231.14192233767872,1.2601263099641327,1.2515843877837978,164.37458083025368,1.2009303530846525,132.0106052084484,0.007639360382108466,0.005180986798481584
123.19183876884043,509.9999991890935,68.64312389583992,600.0003350531565,1.6220029697282363,1219.6433669957848,1.6221948924792757,296.92711991097127,212.6089215692635,1.5721329515517843,1006.4132133557071,1012.7080765643727,1.5713149117327792,293.1804638853381,1012.7080765602777,1.5213753779754453,350.4036850854553,1.5212468653083633,293.1804638853381,1.5207969559898404,177.4489143105794,279.8300329082777,177.44891424209194,1.4248433856604044,369.93078140688317,1.423930768703502,279.8300329082777,369.93078140688317,387.5784914182883,1.423710286667316,1.411445655333036,278.83012269520225,1.3613769948044492,68.18254873258705,218.00518383966732,68.18254868705603,1.2658315730717442,189.99980922670707,218.00518383966732,189.99980922670707,233.14559257879586,1.2654298755556415,1.251615515086368,216.243524779482,1.2009160029182002,137.31727882324242,0.015331282513529904,0.016342405389451208,119.20117238407546,270.29855155962906,35.99038591812263,600.2687037482084,1.6220778422480433,1219.7465105908184,1.6221345458663954,270.9966237782267,152.91152188847065,1.5720261756563936,941.6560573174866,941.3543512148224,1.5713263386141092,267.7346688943562,943.1845833603254,1.52126230081436,194.41080065343888,1.521202174132819,267.84962922687066,1.5210624914015212,126.09289888465563,244.9608885134314,126.0216909381653,1.420099140022811,241.11121323375176,1.4194573521832923,244.77691209572896,240.5895081461937,284.01835529162133,1.4191861403062718,1.4114513633698198,241.34319515617645,1.3613555580805565,50.16382937247316,166.31784946908695,50.19669879864131,1.260162029235684,179.5679510486413,167.5524041780851,181.9802776669187,231.1440748537966,1.2601264979589275,1.2515844200202508,164.37510330489064,1.2009305282505192,132.01524731001425,0.0076391784337410005,0.005184186317096715
123.19182019863068,509.9999985273449,68.64136371873923,600.0002991268998,1.6220029801635931,1219.630094856077,1.6221949004392526,296.9269841558598,212.60693897831305,1.5721329823526888,1006.4127864323109,1012.7076324045931,1.571314943417903,293.18032678933014,1012.7076324008265,1.521374747970959,350.4028358642878,1.5212462353868659,293.18032678933014,1.5207963263175257,177.48936139205193,279.8369603853772,177.48936135296577,1.424844359272642,369.9642870445663,1.4239316172606205,279.8369603853772,369.9642870445663,387.6018827331244,1.4237111132915423,1.4114454014610178,278.83760287278915,1.3613772426398008,68.19229917493041,218.02583086496884,68.19229913466486,1.2658333924664524,189.999641051883,218.02583086496884,189.999641051883,233.1183050769565,1.2654316265272705,1.2516156225958053,216.26512906050937,1.200916241477779,137.31842757367957,0.015330412358733605,0.016370989852859508,119.20231335933111,270.27966912166636,35.98786816807939,600.2703951471118,1.6220775683058193,1219.7489661880056,1.6221342673740122,270.99652263980744,152.90648619121583,1.572026181368316,941.6523474601175,941.3465182778837,1.5713263518715115,267.7349613611299,943.1776888394311,1.5212624222377833,194.40242957257124,1.5212023645942125,267.8490749326997,1.5210625868441725,126.09317513439547,244.9607846599639,126.02184720655492,1.4200990871697448,241.11124803291816,1.4194573894401845,244.77594475093073,240.58939839497657,284.01824267646685,1.419186205994724,1.4114513776901836,241.34485869119538,1.361355805698606,50.165105069693944,166.31933325089048,50.19835229730047,1.2601621935939005,179.56993023178057,167.55297937531577,181.98175558913775,231.14598016218105,1.2601266928596537,1.2515844530991098,164.3756533076275,1.2009307019361506,132.01937098167724,0.007639057878652189,0.005187010809134546
123.1918087663782,509.9999984422732,68.63977315253562,600.0002662076373,1.6220029907115663,1219.6181008547487,1.6221949087505632,296.9268729664036,212.60514254270734,1.5721330014960393,1006.4123949141226,1012.7072252248745,1.5713149632955752,293.1802142767275,1012.7072252208131,1.5213743507120805,350.4020900971272,1.521245838208052,293.1802142767275,1.520795929363938,177.5277962193618,279.8373113387927,177.52779620616036,1.4248450030639068,370.0002929812081,1.4239321737929438,279.8373113387927,370.0002929812081,387.62929517993416,1.4237116551866316,1.4114452460414593,278.8384364276135,1.361377312477005,68.20179599806974,218.0472817353369,68.20179596335603,1.265835316744281,189.9995675586914,218.0472817353369,189.9995675586914,233.09422486697542,1.2654334793231556,1.2516156665844003,216.28739957314727,1.2009163542849621,137.3198120249427,0.015331829181074499,0.016396237487998358,119.20337543069971,270.2620242966787,35.98552426755172,600.2719592595678,1.6220773136478652,1219.7512430497798,1.6221340084212892,270.9964299295898,152.90174692886987,1.572026190150119,941.6488712828315,941.339234698492,1.5713263668133992,267.73526705854323,943.1713061060528,1.5212625450501485,194.3947491749435,1.5212025493925216,267.8485979333189,1.5210626854365048,126.0934221203917,244.9608030855791,126.021988257798,1.4200990422347408,241.11125338663606,1.4194574284512662,244.7750938225195,240.58928061318255,284.01806474452286,1.4191862741838748,1.411451393593745,241.34645480838174,1.3613560450798927,50.16625977167869,166.3207448807607,50.19985578656102,1.2601623516734104,179.57171166694485,167.55354485978617,181.98301609698171,231.1477684991014,1.2601268807905046,1.2515844865703225,164.37621586268082,1.2009308725141377,132.02326737604753,0.007638956720610238,0.005189629926235619
123.19180169690239,509.9999984683212,68.63833669046967,600.0002363984245,1.6220030007884727,1219.607268746347,1.6221949168075167,296.92677952442233,212.60351717328484,1.5721330134962872,1006.4120377997306,1012.7068539103129,1.5713149759197438,293.18011956888154,1012.7068539071806,1.5213740996963407,350.4014296554742,1.5212455872679853,293.18011956888154,1.5207956786276495,177.56472370609907,279.83361222169253,177.56472371325052,1.4248454377157094,370.0375851180537,1.423932545051061,279.83361222169253,370.0375851180537,387.658993796197,1.4237120163979655,1.4114451504784666,278.83517312157574,1.3613772943432267,68.21095969733489,218.06869275495723,68.21095966798956,1.2658372531736293,189.99954117534156,218.06869275495723,189.99954117534156,233.0727552533935,1.2654353444424995,1.2516156762481656,216.30952352979605,1.2009164064006717,137.3214160455068,0.015334942768776198,0.016418380196445058,119.20431977245904,270.24517760577294,35.98325876974676,600.2733660661194,1.6220770838038205,1219.7532835965833,1.6221337739288773,270.9962143080987,152.89708750435472,1.5720262012489177,941.6453467322798,941.3324002898605,1.5713263819497347,267.73551635165023,943.1652464750706,1.5212626582707172,194.38742019694823,1.521202720138221,267.8481515733144,1.5210627790479465,126.09362052857348,244.9609119642144,126.02213750288922,1.420098994839482,241.11128550894352,1.4194574687714447,244.77428142039457,240.58919763055496,284.0178383880624,1.4191863385317462,1.411451409133859,241.3478073786479,1.361356258811453,50.16735829730385,166.32201788305275,50.201251244361664,1.2601625072348976,179.57352453737843,167.5540979825617,181.9844305292479,231.14984504406218,1.260127052991179,1.2515845184663512,164.37673485746765,1.2009310255217627,132.02688301611514,0.007638831631691357,0.005192147398871884
123.19179736337325,509.9999985442315,68.63703952385484,600.0002094690985,1.6220030101947187,1219.5974870499597,1.6221949243896976,296.9266995358673,212.60204755013763,1.5721330210018891,1006.4117130904407,1012.7065168602685,1.571314983963247,293.18003852371584,1012.7065168573929,1.5213739406235325,350.4008425042677,1.5212454282654952,293.18003852371584,1.520795519809071,177.60046555650786,279.82744996655106,177.6004655829421,1.4248457400949743,370.07540613870145,1.4239327991458017,279.82744996655106,370.07540613870145,387.6898908495146,1.4237122633367743,1.4114450916132348,278.82941475279074,1.3613772306349727,68.21974822770719,218.0896250253229,68.2197482031623,1.2658391536175433,189.99953847131786,218.0896250253229,189.99953847131786,233.05345345472753,1.2654371753667282,1.2516156687141504,216.331083583505,1.2009164282565283,137.323216028707,0.015339213559143994,0.016437731056518055,119.20522716716016,270.2295836822869,35.98113644213111,600.2746096616233,1.6220768796684308,1219.7550831884043,1.6221335656616138,270.9961082532285,152.8927740437731,1.572026213017256,941.642062559648,941.3261586530502,1.5713263968785136,267.735851295741,943.1597195038523,1.5212627703701669,194.38098413424552,1.5212028792795438,267.8478270744656,1.5210628731232945,126.09376275036752,244.96119002349838,126.02223641434183,1.420098962827887,241.11126409407188,1.4194575147207389,244.7736767252047,240.5890932330557,284.01755572402476,1.419186412495706,1.4114514250539405,241.3491169700458,1.361356458609005,50.16834416154851,166.3232544309589,50.202496692763695,1.2601626619461435,179.57507942180857,167.55466170107567,181.98560772588547,231.15187335336765,1.2601272242326962,1.2515845495142042,164.37728436308308,1.2009311668007183,132.03007084010244,0.007638662684831332,0.005194521009555352
123.19179478390011,509.99999865320524,68.6358681701006,600.0001851431739,1.6220030188490222,1219.5886540281113,1.6221949313968707,296.9266301631069,212.6007192479983,1.5721330256132298,1006.4114184385667,1012.7062100790793,1.5713149890456957,293.1799679230629,1012.7062100765028,1.5213738391008933,350.4003157642752,1.5212453268077715,293.1799679230629,1.520795418517963,177.63522820477164,279.81981806196393,177.63522824933244,1.4248459586196396,370.113286573059,1.4239329790062636,279.81981806196393,370.113286573059,387.72130788200275,1.423712437867136,1.4114450552093132,278.822164254927,1.3613771448763852,68.22814262136349,218.10985198118817,68.22814260135425,1.2658409931121022,189.99954783264792,218.10985198118817,189.99954783264792,233.03598505138132,1.2654389479253239,1.251615650598724,216.35186868846384,1.2009164335598799,137.3251849675408,0.015344285749184105,0.01645461467646464,119.20622818194948,270.2152324232574,35.979162738807204,600.2757339495355,1.6220766946894902,1219.7567097159379,1.6221333771374338,270.99636039692655,152.88889599506513,1.572026225746842,941.6390983947732,941.3205648907939,1.5713264110622738,267.7364612978688,943.1548070116093,1.5212628792619702,194.37632837666197,1.5212030282198958,267.8477100877562,1.5210629654895136,126.09384995632352,244.96193709844212,126.02228557743071,1.4200989634217418,241.11105262221446,1.4194575887370666,244.77365997464543,240.58883223930764,284.0169509806454,1.419186516648511,1.411451441482022,241.3507316271361,1.3613566470423706,50.16923434078508,166.3246569787676,50.20361960262407,1.2601628495224924,179.5766051937725,167.55540825914795,181.9867932846144,231.1541042524254,1.2601274240890674,1.2515845795869431,164.37803159875259,1.2009312940613102,132.03272389398936,0.007638456644113171,0.005196734912494481
123.19179325268658,509.9999987537402,68.63481041865745,600.0001631885063,1.6220030267904428,1219.5806776750042,1.6221949378509006,296.92656922705345,212.59951904151728,1.5721330284806854,1006.4111514926703,1012.7059326258697,1.5713149923282734,293.17990597753226,1012.7059326235376,1.5213737740399154,350.39984421240297,1.5212452618061558,293.17990597753226,1.5207953536666365,177.66914554267402,279.81134186612894,177.66914560389944,1.424846124456243,370.1509347178286,1.4239331123336145,279.81134186612894,370.1509347178286,387.7528213142218,1.4237125670180397,1.411445032888106,278.8140529110991,1.3613770494425272,68.23613805535706,218.12926338260473,68.23613803924017,1.2658427597406456,189.99956307775008,218.12926338260473,189.99956307775008,233.02009205381137,1.2654406505572995,1.2516156272650467,216.37178002398002,1.200916429906481,137.32729494923706,0.015349900815006595,0.016469337265298145,119.20717534170478,270.2025026897994,35.97742015307459,600.2767850847711,1.6220765210032402,1219.7582402142277,1.6221332002468836,270.9966469557811,152.8854178747504,1.5720262385819985,941.6365666124724,941.3155647352486,1.5713264248768015,267.73709288682994,943.1504664189562,1.5212629841924863,194.37252354082997,1.521203169308592,267.8476683067885,1.5210630572697454,126.09386927039432,244.96289523043274,126.02226860445955,1.4200989773631874,241.11072604542198,1.4194576668639578,244.77385176854915,240.5884601559129,284.0161277638664,1.4191866287674586,1.4114514578990898,241.3524802771687,1.3613568276389931,50.1700371688691,166.3260604095545,50.20463417236323,1.2601630416770644,179.57801668382137,167.55619556035742,181.98790203598577,231.1562205918018,1.2601276322581336,1.251584608724958,164.3788258123985,1.2009314132924052,132.03506351317853,0.007638248829744012,0.005198813192672945
123.19179237886604,509.9999988578128,68.63385525319495,600.0001433608725,1.6220030340368865,1219.5734748823315,1.6221949437542107,296.9265152910567,212.59843477214855,1.57213303024335,1006.4109098852368,1012.7056815229971,1.5713149944596618,293.17985111916045,1012.7056815208873,1.5213737318355791,350.3994204396507,1.5212452196559254,293.17985111916045,1.5207953116521475,177.70230574210575,279.8024109877208,177.70230581891542,1.4248462569337952,370.1881733130763,1.4239332162882412,279.8024109877208,370.1881733130763,387.784170082154,1.423712667529573,1.4114450192674477,278.805474142731,1.3613769507949822,68.24373827577602,218.14781146073648,68.2437382630587,1.2658444481713969,189.99958108851223,218.14781146073648,189.99958108851223,233.00557319092133,1.2654422780590755,1.25161560133019,216.39077847315917,1.2009164195711426,137.329518658984,0.0153558677853714,0.016482175507765297,119.20809056417247,270.1913086067268,35.975920956663785,600.2777877741329,1.6220763539581147,1219.7597097954078,1.6221330304211792,270.99709435281636,152.88215709075288,1.5720262518672188,941.6342953016017,941.3109619872905,1.5713264389950174,267.7378038596296,943.1465040314332,1.5212630924552175,194.3695817827746,1.5212033120356256,267.84774560157865,1.5210631511741808,126.09388741391537,244.9640493439669,126.02224811983919,1.4200990062075571,241.11032050129035,1.4194577555159866,244.77422111838118,240.5880104436085,284.01513224590104,1.4191867498579844,1.4114514759778265,241.3543932581682,1.3613570067446343,50.170764992253226,166.32750824153112,50.20554842717533,1.2601632405681649,179.57926371940707,167.55706201425596,181.9888704900467,231.1581078118155,1.2601278514575067,1.251584638087999,164.37971659188477,1.2009315309357145,132.03702433687997,0.007638021717167083,0.005200863144261904
123.19179191175184,509.9999989580126,68.6329927233987,600.0001254575398,1.6220030406262982,1219.5669706262665,1.622194949130753,296.92646727556655,212.5974553652735,1.5721330313120463,1006.4106913607485,1012.7054544193778,1.5713149958574402,293.1798022639028,1012.705454417471,1.5213737040020479,350.399039059497,1.5212451918715533,293.1798022639028,1.5207952839903518,177.73476818968211,279.7932689069705,177.73476828110668,1.4248463682964676,370.2248955987715,1.4239333017490468,279.7932689069705,370.2248955987715,387.8151941808844,1.423712750016289,1.4114450110544876,278.7966738570402,1.3613768524595422,68.25095210715159,218.16548428807653,68.25095209738211,1.2658460569913346,189.99960018445074,218.16548428807653,189.99960018445074,232.99226870105826,1.265443829020986,1.251615574343985,216.40885876110184,1.2009164043717688,137.33183025859063,0.015362043675001302,0.016493374077191553,119.20894316450757,270.1811753347757,35.97460174563382,600.2787446048243,1.6220761943654982,1219.76111740123,1.6221328681111518,270.99761690131595,152.8791225139427,1.5720262655386052,941.6322435309364,941.3067950518545,1.5713264535283464,267.73852736671955,943.1428280111501,1.5212631945642505,194.3671052689496,1.5212034477332634,267.8478772116268,1.5210632378758577,126.09389736358821,244.9652604094026,126.02221592972147,1.4200990384736614,241.10987480427437,1.4194578440109238,244.77469432168076,240.58751790156083,284.0140162297205,1.4191868679837647,1.4114514939491811,241.3563450044214,1.361357179383296,50.17143602195514,166.3289432072539,50.20638767728812,1.260163443383457,179.58063479268108,167.55797059882886,181.9900235295315,231.16019641569014,1.2601280786818276,1.2515846670990758,164.38063912500326,1.2009316453468468,132.0386197343461,0.007637801727756756,0.005202768050452991
123.19179169239933,509.99999905238667,68.63221384415513,600.0001092912227,1.622003046605668,1219.5610971544247,1.622194954014881,296.9264243503885,212.59657075890854,1.5721330319482039,1006.410493809824,1012.705249118394,1.571314996788323,293.1797585761076,1012.7052491166712,1.5213736852021698,350.3986954799437,1.5212451731162449,293.1797585761076,1.5207952653457188,177.76657410762562,279.7840668687544,177.76657421277127,1.4248464662351665,370.26103932696617,1.4239333755491606,279.7840668687544,370.26103932696617,387.84579725934054,1.423712821145496,1.4114450062015758,278.7878048653055,1.361376756358468,68.25779128394092,218.18229025470959,68.25779127671322,1.2658475869867192,189.99961944303706,218.18229025470959,189.99961944303706,232.98005000387604,1.265445304165553,1.2516155472342887,216.42603448750884,1.2009163851741438,137.3342058635391,0.0153683203383234,0.016503146929610506,119.20970652830376,270.1714057694948,35.97335889203814,600.2796358667018,1.6220760463045418,1219.76242542318,1.6221327174787374,270.99805797719995,152.87624022040237,1.5720262779459233,941.6303026466799,941.3029353558976,1.5713264672401885,267.73913527979903,943.139322308409,1.5212632833381952,194.36456797499946,1.5212035682407286,267.8479496319707,1.5210633124427182,126.09385639434713,244.96635924609114,126.02213867343896,1.4200990636135091,241.1094291072584,1.4194579210643556,244.77514072408547,240.58701063678893,284.0129328719347,1.4191869759778488,1.4114515101611216,241.35815348778038,1.3613573360817917,50.17208390205831,166.3302754952254,50.207201308511856,1.2601636406394778,179.5821387302954,167.5588381879851,181.99136518063227,231.16238028498395,1.260128295451336,1.2515846935598551,164.38146117744998,1.2009317482981863,132.039894269752,0.007637615813623911,0.0052044953289562546
123.19179162702599,509.99999911915484,68.631510497303,600.0000947036299,1.6220030520451383,1219.5557932886009,1.6221949584653113,296.92638579191345,212.59577185129626,1.572133032297605,1006.4103145666596,1012.705063525246,1.571314997385812,293.1797193177474,1012.7050633237376,1.521373672272477,350.39838548416395,1.5212451602269859,293.1797193177474,1.5207952525565331,177.79775322910368,279.7748989237189,177.79775334663617,1.4248465557305305,370.29656962858087,1.4239334421259406,279.7748989237189,370.29656962858087,387.87592250063653,1.423712885249745,1.411445003537761,278.7789622224874,1.3613766636022764,68.26426909956419,218.19824960517525,68.26426909437942,1.2658490402721476,189.9996382964779,218.19824960517525,189.9996382964779,232.96881204505945,1.265446705507115,1.2516155206154707,216.44233003082985,1.2009163626093333,137.3366237670642,0.015374615437514996,0.016511680069866044,119.21034590027742,270.1619190871797,35.972132400749814,600.2804388279267,1.6220759140100043,1219.7635982335673,1.6221325829772637,270.9983649042085,152.8735035569794,1.572026286388789,941.6284652067914,941.2993419898153,1.5713264772968503,267.7396046193357,943.1360136396872,1.521263350929218,194.3616914174419,1.5212036649459293,267.8479064583042,1.5210633676964198,126.09378030861369,244.96734752908847,126.02201342461731,1.4200990771307729,241.10903694742152,1.4194579816231692,244.77545898471172,240.58656360134347,284.0119418585756,1.4191870663381412,1.411451521422473,241.3596644899531,1.361357464518313,50.172673445172684,166.33143762068286,50.207935922439205,1.2601638117669243,179.58349834440722,167.55955951810864,181.99262506906206,231.1645002420345,1.2601284851406418,1.2515847150585169,164.38210787030758,1.2009318286922153,132.0411108717304,0.007637449028480178,0.005206063180525903
123.19179162298096,509.9999992239681,68.6308753739149,600.0000815077817,1.6220030569190822,1219.5510037911918,1.622194962446177,296.9263512612663,212.59505031242222,1.572133032520155,1006.4101539870633,1012.7048963622556,1.5713149978111185,293.17968431975646,1012.7048963607776,1.5213736627983525,350.3981071969972,1.521245150789166,293.17968431975646,1.5207952432084935,177.82832788774766,279.76582388430677,177.82832800874928,1.4248466396778698,370.3314681870743,1.4239335040268908,279.76582388430677,370.3314681870743,387.9055369453038,1.4237129448096955,1.4114450020381553,278.7702054689662,1.361376574481182,68.27039959261887,218.2133887525617,68.27039958772346,1.2658504193720233,189.99965661967954,218.2133887525617,189.99965661967954,232.95846788312775,1.2654480354529536,1.2516154946371016,216.457775164338,1.200916336947811,137.33906450450684,0.01538086612708175,0.016519134740569198,119.21087912773635,270.15248291967987,35.97090863651271,600.2811512567891,1.6220757967260755,1219.7646334445499,1.622132463512641,270.99854330114243,152.87084081747383,1.572026292492434,941.6266002313517,941.2959122621512,1.5713264855903735,267.73988664086744,943.1327984786357,1.5212634080066352,194.3584015550336,1.5212037497623623,267.84778877524525,1.521063418530802,126.09361526109963,244.9681247550389,126.02181091951314,1.4200990799586521,241.10868226361004,1.41945802738919,244.77559968940966,240.5861714415066,284.011142290979,1.4191871401731988,1.4114515303007682,241.36085020108365,1.3613575792026535,50.173212985153796,166.33239098486473,50.208608495442434,1.2601639646468807,179.5849130863805,167.5601338323611,181.99396610074865,231.16664793458685,1.260128649060593,1.2515847332741037,164.38257031753025,1.2009318974198406,132.04223983083122,0.007637290341356703,0.005207466594636805
123.19179165692023,509.9999993060825,68.63030182858026,600.0000696206976,1.6220030614034706,1219.5466787594692,1.6221949661240398,296.9263200055593,212.59439876277403,1.5721330326860912,1006.4100083288132,1012.7047445562268,1.5713149982797736,293.17965235667134,1012.7047445545325,1.5213736554689061,350.39785394339526,1.5212451434911085,293.17965235667134,1.5207952359880816,177.85831626577902,279.75686680871615,177.85831640563578,1.424846719559926,370.36573553033793,1.423933562571247,279.75686680871615,370.36573553033793,387.9346313684547,1.4237130011137658,1.4114450013887883,278.76156008705726,1.3613764895343232,68.27619693588508,218.22773705427238,68.27619693397264,1.2658517275832746,189.99967404175823,218.22773705427238,189.99967404175823,232.94894577227973,1.2654492971776476,1.2516154697755353,216.47240198210562,1.2009163087923471,137.34151081327389,0.015387024308502155,0.016525650511719045,119.21133532997221,270.1434710766286,35.96972986862082,600.2817948383971,1.6220756905125406,1219.7655671179712,1.622132355291295,270.99864303486146,152.8683407105866,1.5720262987683253,941.624796280647,941.2926787336111,1.5713264937986895,267.74007883331865,943.1297619840252,1.5212634589303546,194.355049807407,1.5212038283469298,267.847641845509,1.521063464604039,126.09339344192293,244.96883832886408,126.0215487163725,1.4200990786578276,241.10831821079216,1.4194580664002716,244.77567674198232,240.58579668125293,284.0103911478989,1.4191872060678943,1.4114515376688308,241.36189602021156,1.3613576862502605,50.173707460582705,166.33324797828251,50.20921316295659,1.2601641068334157,179.5863154400703,167.56064671655844,181.99527554231236,231.1687473914839,1.2601288001598108,1.2515847503126298,164.38298056700134,1.2009319612510863,132.0433257112295,0.007637148112818766,0.005208717876660728
123.19179177020966,509.9999993458059,68.62978392301164,600.0000588631247,1.622003065354809,1219.542773184843,1.6221949693130782,296.92629212778604,212.59381026944928,1.5721330326478902,1006.4098766389975,1012.7046077582562,1.5713149983784405,293.1796239575483,1012.7046077571085,1.5213736495473646,350.39762676897664,1.5212451376010354,293.1796239575483,1.5207952301755685,177.8877327384524,279.7480616627121,177.88773287634544,1.4248467971986574,370.3993622055659,1.423933619370508,279.7480616627121,370.3993622055659,387.9631897610587,1.4237130557329043,1.4114450011263426,278.75306043126454,1.3613764083477715,68.28167530109852,218.2413271264486,68.28167529859445,1.2658529678769717,189.99969081817318,218.2413271264486,189.99969081817318,232.94018241141907,1.265450493521307,1.2516154457715132,216.48624538329304,1.2009162781872609,137.34394755134826,0.015393053624212744,0.01653134815337585,119.21180343041327,270.135540250625,35.968693589155414,600.2824052011059,1.6220755896674794,1219.7664579187717,1.6221322520455796,270.9987954448405,152.86606755012585,1.5720263065055355,941.623204428107,941.2897399212018,1.5713265026012724,267.74034066071596,943.1270318940125,1.5212635060484976,194.3522097179245,1.5212039061586966,267.84758892294997,1.5210635071125211,126.09319737484063,244.96967250671605,126.02130407147786,1.4200990852185078,241.10790731294261,1.419458111956837,244.77589533678088,240.58537641439705,284.00949810972406,1.4191872753140413,1.4114515447477878,241.3631196538729,1.3613577896370843,50.17417446515446,166.33414306590282,50.209775852532026,1.2601642504588209,179.58763417284663,167.5612287884051,181.99651065417518,231.170815495205,1.2601289589642575,1.2515847674665541,164.3835080749929,1.200932024674772,132.04435811461775,0.007637009266876164,0.005209868845651782
123.19179187177305,509.9999994556589,68.62931623782426,600.0000491200938,1.622003069010462,1219.539246295385,1.6221949723451488,296.9262667405589,212.59327893422108,1.5721330327137797,1006.409757828219,1012.7044842946138,1.571314998664382,293.1795981091293,1012.7044842935763,1.5213736444557089,350.3974212026177,1.5212451325363454,293.1795981091293,1.520795225177372,177.91659090017544,279.73940170980256,177.91659106218796,1.4248468723927845,370.4323658594706,1.4239336742352138,279.73940170980256,370.4323658594706,387.9912248228972,1.4237131084810746,1.4114450011699888,278.74469995828383,1.3613763314484368,68.28684842939045,218.25419040734943,68.28684843022566,1.2658541438553488,189.99970649873,218.25419040734943,189.99970649873,232.9321261937269,1.2654516279642496,1.2516154230737446,216.49933874276894,1.2009162459607143,137.34636153926618,0.015398926477524303,0.016536332207196046,119.21186041655392,270.1225175312382,35.96676215512549,600.2825243901998,1.6220755774133542,1219.7665343568556,1.6221322354033314,270.99797018343327,152.86247336926078,1.5720262963374245,941.6194804308602,941.2852381949202,1.5713265001542898,267.73958929964755,943.1226144914874,1.52126348748152,194.34388173569104,1.5212038990365644,267.846659992769,1.5210634867250528,126.09289244663202,244.96760046253354,126.02096753842903,1.4200989616967354,241.10843599258618,1.4194580175971465,244.77392463348198,240.58587431016264,284.01099589127824,1.4191871699237772,1.4114515381190094,241.3611721212342,1.3613577812609212,50.174292373777334,166.33331268797096,50.209934813108745,1.260164151372988,179.58795735219186,167.560314401404,181.99675903925893,231.1711266151817,1.2601288353928488,1.2515847677492793,164.38249773779953,1.2009320262625576,132.04494487625567,0.007637098213377768,0.005210091713018309
123.19179199653588,509.9999994765019,68.62889390661164,600.0000403912009,1.6220030722655165,1219.536061545598,1.622194975006317,296.9262440375944,212.5927990291206,1.5721330326468967,1006.4096504137476,1012.7043726705824,1.571314998728327,293.17957498643375,1012.7043726696467,1.5213736400055833,350.39723596467775,1.5212451281104027,293.17957498643375,1.520795220811169,177.94490205608363,279.7309099399713,177.94490222741643,1.4248469466562714,370.4647414119409,1.4239337285291533,279.7309099399713,370.4647414119409,388.0187281159939,1.423713160693092,1.4114450013372766,278.73650185029635,1.361376258108663,68.29172977524175,218.2663594123913,68.29172977699838,1.265855258382909,189.99972154811536,218.2663594123913,189.99972154811536,232.92472948016683,1.2654527032464795,1.251615401280152,216.51171616765166,1.2009162117710293,137.34874144896676,0.015404622647573545,0.01654069314630184,119.21185571989398,270.1095150177775,35.96482867580715,600.2825449693275,1.6220755817314745,1219.7664548254309,1.6221322352768788,270.9970852222646,152.85889101622246,1.5720262851247206,941.6155986623473,941.2807957458208,1.5713264972419436,267.7387446277514,943.1181887400633,1.52126346022587,194.33525316811156,1.5212038813734294,267.8456864962225,1.521063458207013,126.09254654918234,244.96525873434666,126.02059354778868,1.4200988274290212,241.10901687097936,1.419457909779942,244.77180652526147,240.58641503567148,284.01266822632175,1.4191870428006386,1.4114515303351853,241.35890435389075,1.3613577586234615,50.17436151391221,166.33230382230192,50.210031732761344,1.2601640311292233,179.5883046886899,167.55926359427025,181.99701052141356,231.1714087937652,1.2601286827909517,1.2515847666126083,164.3813748025992,1.2009320202963327,132.04542914029102,0.007637206284771191,0.005210155004760997
123.19179209598522,509.9999995268745,68.62851253277512,600.0000324728089,1.6220030752293975,1219.5331855841907,1.62219497743392,296.92622346269775,212.59236569682153,1.5721330326222982,1006.4095534595615,1012.7042719183248,1.5713149988455424,293.1795540337897,1012.7042719174801,1.5213736359397196,350.3970685636694,1.5212451240664318,293.1795540337897,1.5207952168212453,177.97267700823642,279.72258079968645,177.9726771880188,1.4248470197805414,370.49650291665546,1.4239337820523044,279.72258079968645,370.49650291665546,388.045710562468,1.4237132121714626,1.4114450016452618,278.7284607338928,1.3613761886407347,68.2963323299721,218.27786549507977,68.2963323324885,1.2658563148956445,189.99973564286475,218.27786549507977,189.99973564286475,232.9179514346086,1.2654537226873472,1.2516153806835737,216.5234104717519,1.2009161764575809,137.3510776156161,0.0154101274446236,0.016544509413085697,119.21183317592624,270.09714393950816,35.96298927975606,600.2825541924108,1.6220755874945256,1219.7663657155026,1.6221322368822757,270.9962037728467,152.85549273373854,1.572026274384306,941.6119096426927,941.2765962496791,1.5713264944300982,267.73790134855415,943.1140034369337,1.521263433823516,194.32696938960544,1.5212038637164769,267.84473319381044,1.5210634310074445,126.09219479898394,244.96298819603672,126.02021897187346,1.4200986971768956,241.10957231921248,1.4194578041096562,244.76974453141452,240.58693702316765,284.0142876322427,1.419186918822708,1.4114515229010416,241.3566795654156,1.361357735925393,50.174399170592814,166.33129104630086,50.21009408234677,1.2601639109181602,179.5886034011753,167.55822413971342,181.99723103285947,231.17163188367098,1.2601285330984977,1.2515847652855305,164.38026522753768,1.200932014154631,132.0458153631413,0.007637316492483106,0.005210160414347319
123.19179219088737,509.9999995826371,68.62816814833434,600.0000253229025,1.6220030778909522,1219.5305885442658,1.622194979611216,296.9262048946093,212.59197438851345,1.5721330325919827,1006.4094659055638,1012.7041809362073,1.5713149989509287,293.1795351243769,1012.7041809354437,1.5213736323435034,350.39691742404636,1.521245120489982,293.1795351243769,1.52079521329359,177.99992590683243,279.71441743906576,177.9999260884631,1.4248470921896137,370.5276577293067,1.4239338351876922,279.71441743906576,370.5276577293067,388.0721774235426,1.4237132632917668,1.4114450020645777,278.72057987171445,1.3613761227366505,68.30066858651765,218.28873948541684,68.30066858895697,1.2658573163270312,189.99974892759454,218.28873948541684,189.99974892759454,232.91175532728187,1.2654546891070058,1.2516153611281728,216.5344537273266,1.200916140127222,137.35336190522875,0.015415430763255442,0.016547849022835303,119.21179904686399,270.0853689360595,35.96124533049783,600.2825598013093,1.6220755934854314,1219.7662791290898,1.6221322389055157,270.9953377751317,152.8522622585472,1.5720262642884277,941.6084074182636,941.2726230086973,1.5713264918083312,267.73707687079235,943.1100368749612,1.5212634092024955,194.31905250203636,1.5212038473578295,267.8438077453768,1.5210634056390855,126.09184773098451,244.96081146085874,126.01984673705772,1.420098571732165,241.11010099885604,1.4194577014241108,244.7677579150843,240.58743491893324,284.01583271216174,1.419186799665712,1.4114515159721441,241.35452977927915,1.3613577145182958,50.17440904775494,166.3302956775844,50.21012618312343,1.26016379322512,179.58888213755358,167.5572087778476,181.9974397754361,231.17182000272666,1.2601283887133796,1.2515847639988418,164.3791811920903,1.2009320085478514,132.0461213704765,0.007637427324441297,0.005210121465451159
123.19179228600201,509.99999961407,68.62785715631728,600.0000188718111,1.6220030803126744,1219.5282433463722,1.6221949815956243,296.9261881462204,212.59162101392647,1.5721330325490848,1006.4093868268315,1012.704098759007,1.5713149990158017,293.17951806764523,1012.7040987583181,1.5213736285884274,350.39678096797115,1.5212451167526975,293.17951806764523,1.5207952096002926,178.0266584502902,279.70641497678605,178.0266586290548,1.4248471635289284,370.55821831801813,1.4239338875872323,279.70641497678605,370.55821831801813,388.0981387418342,1.4237133137079614,1.4114450023953966,278.71285454497166,1.3613760601763252,68.3047505697804,218.2990098502246,68.30475057170474,1.2658582654703965,189.9997614701918,218.2990098502246,189.9997614701918,232.9061083125473,1.2654556051959156,1.2516153426098735,216.5448755266681,1.2009161029994333,137.35558755639846,0.015420526045724857,0.016550771009123798,119.21175521137117,270.074195058913,35.95959069216722,600.2825622897643,1.6220755995319116,1219.7661953918064,1.6221322413026154,270.99447880091805,152.8491870235824,1.572026254703733,941.6050912448561,941.2688685088664,1.5713264892739562,267.73626423097136,943.1062882192557,1.5212633855344264,194.31147598316792,1.5212038313948562,267.8429066691743,1.521063381808943,126.09150183353482,244.95872182858898,126.01947859916604,1.4200984508685992,241.11060290991006,1.419457601670942,244.76584081357512,240.58791273825668,284.0173169798973,1.4191866848398227,1.4114515094190838,241.3524490964211,1.3613576937778977,50.174396701302285,166.3293117875846,50.21013328233365,1.2601636772652642,179.58910884314122,167.5562123369433,181.9976132114048,231.1719562684529,1.2601282484846092,1.2515847626544543,164.37812145345347,1.2009320031391912,132.04635161871417,0.007637538246960018,0.005210046814214029
123.19179236576159,509.99999965293375,68.62757632697773,600.0000130429141,1.6220030824928875,1219.526125586697,1.6221949833809433,296.92617300965173,212.59130191825938,1.5721330325203968,1006.409315426707,1012.7040245622563,1.5713149990914612,293.17950265274044,1012.704024561634,1.521373625002033,350.3966577269959,1.5212451131823628,293.17950265274044,1.520795206069677,178.0528842381778,279.6985710094779,178.05288441410653,1.4248472339688414,370.5881953104518,1.4239339394108317,279.6985710094779,370.5881953104518,388.12360362758125,1.4237133635784855,1.4114450027347185,278.70528242686885,1.3613760008315103,68.30858976779339,218.30870536822712,68.30858976927573,1.265859165098976,189.99977327941002,218.30870536822712,189.99977327941002,232.90098022996062,1.2654564736246816,1.2516153250575197,216.55470565900873,1.2009160653612192,137.35774903965233,0.015425409635843946,0.016553326630670405,119.21170448744378,270.06354148436424,35.95802127418738,600.2825625860089,1.622075605622851,1219.766114883537,1.622132243930628,270.9936331713569,152.84626924656175,1.5720262455663239,941.6019477267965,941.2653168872786,1.5713264868094952,267.73547039258585,943.1027432766888,1.521263362757024,194.30423872790692,1.5212038160439412,267.8420278761545,1.5210633590042777,126.09115944773438,244.9567209742834,126.01911514347331,1.4200983346427556,241.11108340609243,1.4194575049025138,244.76399406441487,240.5883611121316,284.01872804778253,1.4191865744481615,1.4114515031991834,241.35043920228728,1.3613576738254165,50.174363674541425,166.32834820608352,50.21011754060664,1.2601635639869393,179.58931340467217,167.5552428268743,181.9977724008475,231.1720660045687,1.2601281137230342,1.2515847611888986,164.3770920392247,1.2009319977333615,132.0465239335243,0.007637647925741715,0.005209942953402559
123.19179243972243,509.9999996866262,68.62732273197656,600.0000077801453,1.62200308446072,1219.524213203224,1.6221949849921775,296.92615934505386,212.59101376605258,1.5721330324913534,1006.4092509484738,1012.7039575585645,1.5713149991566233,293.1794887367598,1012.7039575580029,1.5213736215234355,350.39654644494937,1.5212451097182438,293.1794887367598,1.5207952026413956,178.0786125723534,279.69088339026916,178.07861274547747,1.424847303560713,370.61759888416316,1.423933990699796,279.69088339026916,370.61759888416316,388.1485805487962,1.423713412943286,1.4114450030688337,278.69786147270423,1.3613759445089846,68.31219719799094,218.3178530060444,68.31219719909333,1.2658600177881212,189.99978441458902,218.3178530060444,189.99978441458902,232.89634333720184,1.2654572968736693,1.2516153084249861,216.56397201032746,1.2009160274004633,137.35984192466088,0.015430080144837151,0.01655556043792005,119.21165063240976,270.053388006487,35.956529577167444,600.2825610060374,1.6220756117137904,1219.7660377942234,1.6221322467290769,270.99280510054916,152.84349192498416,1.5720262368873132,941.5989634684114,941.2619489414662,1.5713264843734367,267.7346960519852,943.0993811750127,1.5212633410695986,194.297308688551,1.5212038015771103,267.84117415171534,1.5210633376889964,126.09082291468266,244.95480303524624,126.01875812580411,1.4200982227718462,241.11153713368526,1.4194574112235536,244.76222269277136,240.58879342485278,284.02008393424205,1.4191864684133877,1.4114514973220798,241.34850515321511,1.3613576543275028,50.1743142887308,166.32740228414653,50.21008297053947,1.260163453324742,179.58949442846452,167.55429810326487,181.99791734376421,231.1721359462689,1.2601279835014698,1.2515847596367946,164.37608946955385,1.2009319923897979,132.04663980037938,0.007637757784007854,0.0052098131302997595
123.19179250744455,509.9999997169655,68.6270937301835,600.0000030276061,1.6220030862379458,1219.5224862774871,1.6221949864473868,296.9261470076197,212.59075355743806,1.5721330324636087,1006.4091927221764,1012.7038970516892,1.5713149992139366,293.1794761723015,1012.7038970511824,1.5213736181223303,350.396445958512,1.521245106330189,293.1794761723015,1.5207951992856743,178.10385251572416,279.6833495212295,178.10385268607337,1.4248473723254205,370.64643930322086,1.423934041467978,279.6833495212295,370.64643930322086,388.1730781224345,1.4237134618154397,1.4114450033888446,278.69058918427254,1.361375891045466,68.3155834213646,218.32647858106992,68.31558342214026,1.2658608259737196,189.99979491763992,218.32647858106992,189.99979491763992,232.89217189606717,1.265458077288892,1.251615292664788,216.57270124527608,1.200915989309704,137.36186275558163,0.015434538015968308,0.01655751120442085,119.2115911413838,270.0437194708368,35.955112192293385,600.2825579250932,1.6220756177435982,1219.7659643409424,1.6221322496429822,270.99199669554514,152.8408410133054,1.5720262286750357,941.5961317718638,941.2587588272004,1.5713264821252713,267.73394538726626,943.096195235108,1.5212633204036372,194.2906936007525,1.521203787759432,267.84035385205027,1.521063317325944,126.09048989328016,244.95296633642155,126.0184087167082,1.4200981152558712,241.11196944640648,1.4194573207911534,244.76051832336498,240.58920298427287,284.0213711254574,1.419186366606599,1.4114514917808891,241.34663852197554,1.3613576361326827,50.17424916119303,166.3264805810403,50.210031732761344,1.26016334544218,179.58963999079538,167.55337911216313,181.99803998777065,231.17218177014144,1.2601278582355504,1.2515847581943185,164.3751192127768,1.2009319875188904,132.04670664664192,0.007637867376986236,0.005209660051380668
123.19179256903189,509.9999997443874,68.62688693664722,599.9999987359438,1.622003087842939,1219.52092682487,1.6221949877615927,296.92613586757994,212.59051858304358,1.5721330324378506,1006.4091401421026,1012.7038424122081,1.571314999264983,293.17946482724824,1012.7038424117502,1.521373614782151,350.3963552188501,1.5212451030017717,293.17946482724824,1.5207951959864272,178.12861292963905,279.67596659113946,178.12861309724343,1.424847440270856,370.6747267870363,1.423934091717812,279.67596659113946,370.6747267870363,388.1971049956353,1.423713510196903,1.4114450036901212,278.6834628463271,1.3613758402849392,68.3187585563638,218.33460675563825,68.31875855685712,1.2658615919536391,189.99980482972728,218.33460675563825,189.99980482972728,232.88844188676643,1.2654588170832928,1.2516152777287597,216.58091881308314,1.200915951260324,137.36380893799387,0.015438785151566652,0.016559212713241,119.21153071102587,270.034465156672,35.95376025664872,600.2825533036768,1.6220756237289464,1219.7658937096564,1.6221322526998339,270.9912030398939,152.83830985837284,1.5720262208600366,941.5934303110314,941.2557214977842,1.5713264799251718,267.73321282763334,943.0931604102774,1.5212633005473728,194.28434594550447,1.52120377467746,267.839555835568,1.5210632982081145,126.09016389517616,244.95120501511363,126.0180645750861,1.4200980115292545,241.11238034425602,1.4194572329507644,244.75887174338808,240.58959380568027,284.0226121444594,1.4191862685121874,1.411451486546701,241.34484352218306,1.361357618489404,50.17417045255734,166.3255777988956,50.209965061917515,1.2601632399795362,179.58977424881758,167.5524855382197,181.99815891529204,231.17220709386046,1.2601277375096414,1.2515847567114533,164.37417406063267,1.2009319828262905,132.04673189967446,0.007637976170921904,0.005209484800472871
123.19179262481563,509.9999997691617,68.62670019763127,599.9999948604851,1.6220030892923467,1219.5195186042927,1.6221949889484126,296.9261258082467,212.59030639592575,1.5721330324143157,1006.4090926609821,1012.7037930713577,1.571314999310802,293.17945458277916,1012.7037930709446,1.5213736114931917,350.39627327961654,1.5212450997234102,293.17945458277916,1.5207951927343797,178.1529024978222,279.66873168993686,178.15290266271197,1.4248475073978994,370.70247145508574,1.4239341414456304,279.66873168993686,370.70247145508574,388.2206697741285,1.4237135580836946,1.4114450039705595,278.6764796416628,1.3613757920789131,68.32173229478764,218.34226106002666,68.3217322950399,1.2658623178936956,189.9998141904046,218.34226106002666,189.9998141904046,232.8851307654375,1.2654595183424777,1.2516152635699047,216.58864898025104,1.2009159134038643,137.36567863545372,0.015442824603828648,0.01656069442950074,119.21146589711864,270.02563011547437,35.95247104318222,600.2825480502719,1.6220756296087036,1219.7658270400177,1.622132255800669,270.9904220265451,152.8358984601865,1.5720262133117422,941.5908635511386,941.2528352834379,1.571326477735996,267.73249419498956,943.0902783703007,1.5212632810336726,194.27825025150239,1.5212037614656577,267.83878010226846,1.5210632796274397,126.08984257927112,244.94950985851483,126.01772979786188,1.420097911478881,241.11277518095184,1.4194571476238413,244.75728546542462,240.58996856593393,284.0237991081873,1.419186173743447,1.4114514814598191,241.34309992848793,1.3613576012643278,50.17408094077558,166.32469330701375,50.20988635328244,1.2601631369041089,179.58988419483347,167.5516109483077,181.99825678273152,231.17220106440357,1.2601276203645855,1.25158475510742,164.3732527703178,1.2009319778676446,132.04671555947695,0.007638084788490207,0.0052092927884997454
123.19179267520289,509.9999997915397,68.62653156826175,599.9999913608665,1.6220030906012302,1219.5182469496103,1.6221949900201742,296.92611672448015,212.59011478633602,1.5721330323930411,1006.4090497844732,1012.703748515488,1.5713149993521556,293.17944533182805,1012.7037485151151,1.5213736082497578,350.39619928676126,1.521245096489523,293.17944533182805,1.5207951895242275,178.1767297419916,279.6616418761058,178.17672990419737,1.4248475737037551,370.72968329620653,1.4239341906446152,279.6616418761058,370.72968329620653,388.2437809782815,1.4237136054687767,1.4114450042295186,278.66963671909457,1.3613757462870284,68.32451391842332,218.34946392865118,68.3245139184684,1.2658630058342006,189.99982303709592,218.34946392865118,189.99982303709592,232.8822172727773,1.2654601830310057,1.2516152501430682,216.59591487424422,1.2009158758734384,137.36747067540244,0.015446660321957956,0.016561982079059852,119.21139732588347,270.01712342057624,35.95123637074022,600.2825417501358,1.6220756354217718,1219.765763219509,1.622132259000467,270.9896599766499,152.833579466897,1.5720262061468357,941.5884002356137,941.2500793119142,1.5713264756298433,267.7317978455286,943.0875215638108,1.5212632624666953,194.27240209837348,1.5212037487484478,267.8380273485011,1.5210632620234101,126.08952770138968,244.9478825416811,126.01739794701199,1.420097814793684,241.11315395649393,1.4194570648627478,244.75575530183468,240.59032726503386,284.02493989970185,1.4191860823519389,1.4114514766317559,241.3414153253963,1.361357584669585,50.173978465218525,166.3238250871588,50.2097928289043,1.2601630359869869,179.58997184193908,167.5507560361957,181.99834473954422,231.1721781524673,1.2601275071840456,1.251584753549546,164.37235689533674,1.2009319731325907,132.0466576260494,0.007638193585522689,0.0052090840173150965
123.19179272061825,509.9999998117502,68.62637929227961,599.9999882006385,1.622003091783205,1219.5170986169665,1.622194990988023,296.9261085214591,212.58994175877785,1.572133032373968,1006.4090110661566,1012.7037082806733,1.5713149993896378,293.17943697784034,1012.7037082803361,1.521373605048603,350.39613246928195,1.5212450932969668,293.17943697784034,1.5207951863530778,178.2001030323155,279.65469421716085,178.2001031918683,1.4248476391839802,370.7563721512453,1.423934239306596,279.65469421716085,370.7563721512453,388.2664470168477,1.4237136523438054,1.4114450044672202,278.6629312343488,1.3613757027771665,68.32711231573587,218.35623674249882,68.32711231560256,1.2658636576969715,189.99983140488752,218.35623674249882,189.99983140488752,232.87968128258544,1.265460812999133,1.251615237405292,216.6027385317222,1.2009158387850756,137.3691844639927,0.015450296945671094,0.016563098147240406,119.21133000709095,270.00899558679293,35.95005828461113,600.2825346995133,1.622075641184823,1219.7657023838028,1.622132262277236,270.98891267610753,152.83136692404852,1.572026199190292,941.5860574811508,941.2474502436537,1.571326473517136,267.73112308290087,943.084897504817,1.5212632440554288,194.26678601481316,1.5212037359941433,267.83730035966386,1.5210632449321193,126.08921867625698,244.94631636438876,126.01707429001024,1.4200977215019424,241.11350864030544,1.4194569847198477,244.75428209014632,240.59066990298007,284.0260277620938,1.4191859941314193,1.4114514719509985,241.33978971290819,1.361357568256669,50.173867038483294,166.32297704966282,50.20968911870279,1.26016293722817,179.59003595130608,167.5499243968664,181.99841101686084,231.17212871092062,1.2601273977122467,1.2515847518762737,164.3714840743626,1.2009319681597932,132.04656404128184,0.007638301316572419,0.005208862274702003
123.19179276148658,509.99999983000225,68.6262417837498,599.9999853468873,1.6220030928505684,1219.5160616468702,1.6221949918620253,296.92610111364706,212.58978551123917,1.5721330323569762,1006.4089761028162,1012.7036719478992,1.5713149994237186,293.17942943370485,1012.7036719475948,1.5213736018879342,350.3960721310475,1.52124509014404,293.17942943370485,1.5207951832194553,178.22303059461007,279.64788581352695,178.22303075153962,1.4248477038336502,370.7825477037899,1.4239342874230783,279.64788581352695,370.7825477037899,388.28867617192697,1.423713698700135,1.4114450046843576,278.6563603742153,1.3613756614252905,68.32953599833913,218.3625998749929,68.32953599805347,1.2658642752925062,189.99983932647328,218.3625998749929,189.99983932647328,232.87750368105043,1.2654614099897257,1.2516152253159807,216.60914094891956,1.2009158022390483,137.37081990931063,0.015453739636634154,0.01656406230895121,119.21125987030246,270.00118599634607,35.94892928540409,600.2825271156505,1.6220756468700703,1219.7656445600342,1.622132265565001,270.9881808272681,152.82924013294428,1.5720261925615726,941.5838137058312,941.2449372250878,1.5713264714699728,267.7304573728162,943.0823869908512,1.5212632263853467,194.2613765836782,1.5212037235489593,267.8365893868642,1.521063228695393,126.08891374804837,244.9448079765259,126.01675590048231,1.4200976311229165,241.11385663196958,1.4194569062787732,244.75285326744003,240.59099647977254,284.027085218394,1.4191859086951828,1.411451467500149,241.33820792201124,1.3613575524983303,50.17374789521516,166.32214503191426,50.209577691968434,1.2601628401698362,179.59008256222268,167.54910795737618,181.99846583501522,231.1720599751118,1.2601272914376382,1.2515847501914619,164.37063120038638,1.2009319634219089,132.04644371800924,0.0076384093160284825,0.005208630266317226
123.19179279821412,509.9999998464872,68.62611761054211,599.9999827698887,1.6220030938144285,1219.5151252396363,1.6221949926512766,296.92609442385117,212.58964441644744,1.5721330323419203,1006.4089445303506,1012.703639138806,1.5713149994547844,293.1794226208077,1012.7036391385307,1.5213735987668422,350.3960176435873,1.5212450870299166,293.1794226208077,1.5207951801227386,178.24552051552098,279.64121381251687,178.24552066985814,1.4248477676480886,370.8082194756357,1.4239343349858884,279.64121381251687,370.8082194756357,388.3104765907458,1.4237137445294443,1.411445004881886,278.64992137070567,1.361375622115163,68.33179311696398,218.36857273886676,68.33179311654905,1.2658648603270906,189.99984683216024,218.36857273886676,189.99984683216024,232.8756662699575,1.2654619756451182,1.2516152138369807,216.61514213204168,1.2009157663212182,137.37237735240382,0.01545699394079625,0.01656489179982771,119.21118754173932,269.99364918590186,35.94784391901664,600.2825191170452,1.622075652416382,1219.765589341184,1.6221322688912514,270.9874644301316,152.82719317967084,1.572026186202336,941.5816570023898,941.2425260630883,1.5713264695058322,267.7298125532153,943.0799774985649,1.5212632095561038,194.25616275403684,1.5212037115983679,267.8358986081989,1.5210632131667343,126.08861701368798,244.943346490229,126.0164457048025,1.420097543741443,241.11418722405048,1.4194568301940726,244.75147050877175,240.59131234912923,284.0281032593902,1.4191858260174488,1.4114514632544268,241.33667332359713,1.3613575374733604,50.17361980076884,166.32132979075163,50.20945577074939,1.2601627457276299,179.59012050134083,167.54831125875583,181.99852189199797,231.1719779744978,1.2601271886159953,1.2515847486047382,164.36979995119296,1.2009319589189376,132.04629665623165,0.007638517050120931,0.005208385289659641
123.19179283117862,509.999999861373,68.62600547941341,599.9999804428048,1.6220030946848214,1219.5142796429127,1.6221949933639936,296.9260883823883,212.58951700493316,1.572133032328651,1006.4089160199348,1012.7036095116439,1.5713149994831663,293.179416468184,1012.7036095113956,1.521373595684945,350.3959684393408,1.5212450839542906,293.179416468184,1.5207951770628059,178.26758074639682,279.63467541593496,178.2675808981743,1.4248478306232724,370.8333968253063,1.4239343819875343,279.63467541593496,370.8333968253063,388.3318562817859,1.4237137898240895,1.4114450050609053,278.6436115087705,1.3613755847379605,68.33389147687677,218.3741738328778,68.3338914763504,1.2658654144096642,189.9998539499456,218.3741738328778,189.9998539499456,232.87415168841682,1.2654625115137437,1.2516152029325722,216.62076114673636,1.2009157311043013,137.37385750552681,0.015460065676050698,0.0165656017366827,119.21111771806149,269.9863902069419,35.946800821923176,600.2825105259507,1.6220756578904472,1219.7655365373107,1.6221322722394937,270.9867627823479,152.82522532498905,1.5720261800736877,941.5795851382142,941.2402150878756,1.5713264675438765,267.72918305330256,943.0776706977376,1.5212631929074856,194.2511356851435,1.5212036997590594,267.8352301127163,1.521063198224063,126.08832554680146,244.94193274302606,126.016143117696,1.4200974587919455,241.11450844712505,1.4194567561515632,244.7501313015576,240.59161617262058,284.029085263537,1.4191857459177546,1.411451459128477,241.33518254677418,1.3613575224665733,50.173486459080145,166.3205294340787,50.20932736764277,1.2601626525607859,179.59013660610935,167.5475305798829,181.9985547209492,231.17187185605613,1.260127088288161,1.2515847468968466,164.3689865983715,1.2009319540876542,132.046116914059,0.0076386234512610205,0.005208131131796195
123.19179286073299,509.999999874816,68.62590422254019,599.9999783413983,1.622003095470808,1219.5135160501086,1.6221949940075957,296.92608292635805,212.58940194972348,1.5721330323170148,1006.4088902746344,1012.7035827579474,1.5713149995091449,293.1794109117807,1012.7035827577236,1.5213735926421375,350.3959240060331,1.5212450809171243,293.1794109117807,1.520795174039786,178.28921910635415,279.62826788387264,178.28921925560132,1.4248478927559889,370.8580889483371,1.4239344284213327,279.62826788387264,370.8580889483371,388.3528231135184,1.4237138345772269,1.4114450052225271,278.63742813018195,1.3613755491917594,68.33583855265246,218.37942078727605,68.33583855203409,1.2658659390582816,189.99986070568062,218.37942078727605,189.99986070568062,232.87294334903473,1.2654630190563687,1.2516151925693428,216.626016165766,1.2009156966490595,137.37526139700668,0.015462960840630705,0.016566205394353006,119.21104445016637,269.97938885353994,35.94579931236089,600.2825016978603,1.6220756632922657,1219.7654863654907,1.622132275593234,270.98607869331755,152.82332917650717,1.5720261741256205,941.5775936480799,941.2379967854405,1.5713264655993993,267.72857096212635,943.0754523952411,1.5212631766824014,194.24628101078687,1.5212036879259336,267.83458041866925,1.5210631836720496,126.08803934738877,244.9405751101967,126.01584521278843,1.420097376755164,241.11481628590485,1.4194566842036083,244.74883564579753,240.59190661181717,284.0300301046828,1.4191856682929784,1.4114514551181694,241.33373811971111,1.3613575079992062,50.17334787014907,166.31974724152886,50.20919217398723,1.2601625616830534,179.5901485298322,167.5467691373209,181.9985903372642,231.17175970815754,1.2601269912854045,1.251584745200495,164.36819555387478,1.200931949392224,132.04591340432637,0.007638730921475581,0.005207871038398361
123.19179288720048,509.9999998869557,68.62581278535322,599.999976443783,1.6220030961805736,1219.5128265086773,1.6221949945887846,296.9260779989703,212.58929805253194,1.5721330323068652,1006.4088670263029,1012.703558598982,1.571314999532965,293.1794058937572,1012.7035585987799,1.5213735896384764,350.39588388085247,1.5212450779185365,293.1794058937572,1.5207951710539482,178.3104432848298,279.62198853619225,178.3104434315779,1.424847954043982,370.8823048786534,1.4239344742815436,279.62198853619225,370.8823048786534,388.37338481473967,1.4237138787829444,1.4114450053678818,278.6313686350709,1.3613755153811875,68.33764150231468,218.38433040807718,68.33764150161772,1.2658664357063685,189.9998671231361,218.38433040807718,189.9998671231361,232.87202538505562,1.2654634996521428,1.2516151827161628,216.6309245150142,1.2009156630055187,137.3765903221538,0.015465685538559747,0.016566714445032153,119.21097274782456,269.9726400742146,35.944835299752945,600.2824924352778,1.6220756685273614,1219.7654379845521,1.6221322789084884,270.9854079489398,152.82150029879014,1.5720261685609414,941.5756765783541,941.2358653115539,1.5713264639061746,267.7279762796867,943.0733217561854,1.5212631616843197,194.241605361526,1.5212036769830743,267.83394604431027,1.5210631703896749,126.08775958599969,244.93925432859774,126.01555433117926,1.4200972971786374,241.11511341724884,1.4194566141407527,244.74757600373994,240.59219169729585,284.03094791819154,1.4191855931431205,1.4114514514547885,241.3323316151789,1.361357494562192,50.17320465129825,166.31897955504954,50.20905358505724,1.2601624724731022,179.5901468264432,167.54602402985566,181.9986092293965,231.17163188367098,1.2601268968404005,1.2515847436541607,164.3674215357875,1.2009319455034229,132.0456831560887,0.007638837058692982,0.005207602847582745
123.19179291087846,509.99999989791854,68.6257302155554,599.9999747301953,1.6220030968215076,1219.5122038372933,1.6221949951136114,296.9260735489539,212.58920423127432,1.5721330322980616,1006.408846032785,1012.7035367831388,1.571314999554839,293.1794013618984,1012.7035367829562,1.52137358667407,350.39584764602006,1.5212450749586899,293.1794013618984,1.5207951681055913,178.33126084378688,279.6158347525409,178.33126098806815,1.4248480144859128,370.90605349059535,1.4239345195633257,279.6158347525409,370.90605349059535,388.3935489758718,1.4237139224362165,1.4114450054980328,278.62543048198626,1.3613754832168528,68.33930718081581,218.3889187189169,68.33930718005413,1.2658669057083656,189.9998732242234,218.3889187189169,189.9998732242234,232.8713826063253,1.265463954604051,1.2516151733439806,216.6355027167715,1.20091563021399,137.37784579966956,0.0154682459191447,0.016567139165313407,119.2108997930401,269.966098405632,35.94390196647127,600.2824828567012,1.62207567373467,1219.7653916929758,1.6221322822622286,270.9847484421641,152.81972982096786,1.5720261630907197,941.5738264869962,941.2338098126471,1.5713264621168186,267.7273927388384,943.0712662572216,1.5212631467111517,194.23707337437907,1.5212036658176484,267.8333269896395,1.5210631571805486,126.08748450680959,244.93797291081307,126.01526988759365,1.4200972197230204,241.11539850272752,1.4194565455440855,244.74635321291274,240.59246339847977,284.0318387040632,1.4191855200041334,1.4114514478216946,241.33096050500876,1.3613574812100304,50.17305649386637,166.31822700533942,50.20890974888491,1.26016238529065,179.59013412845266,167.54529336539107,181.99862471475086,231.171493206162,1.2601268048252612,1.2515847420097381,164.3666654140722,1.2009319412014012,132.045441024071,0.007638942841511098,0.005207329804590773
123.19179293203449,509.99999990781816,68.62565565320206,599.9999731827886,1.622003097400286,1219.5116415510583,1.622194995587542,296.9260695300077,212.58911950880633,1.5721330322904778,1006.4088270754185,1012.7035170831931,1.571314999574961,293.17939726905263,1012.703517083028,1.5213735837490638,350.3958149242579,1.5212450720377815,293.17939726905263,1.520795165195034,178.35167921972288,279.60980397165304,178.3516793615683,1.4248480740814147,370.9293435012313,1.423934564262789,279.60980397165304,370.9293435012313,388.4133230507782,1.4237139655329558,1.4114450056140329,278.61961118722695,1.3613754526150699,68.34084215293433,218.39320100161444,68.3408421521174,1.2658673503452553,189.99987902903425,218.39320100161444,189.99987902903425,232.871000461653,1.2654643851442566,1.2516151644258022,216.6397665314426,1.2009155983061892,137.37902953303526,0.0154706481280805,0.016567488615427,119.21082840380896,269.95978910519983,35.94300613014394,600.2824735743691,1.6220756788197153,1219.7653480334525,1.6221322855719853,270.9841093035423,152.81801996075788,1.5720261577538506,941.5720463508222,941.2318352980597,1.5713264603056145,267.72682521402766,943.0692858983501,1.5212631319248369,194.23269167990512,1.5212036547573236,267.8327288254525,1.5210631442155838,126.08721586564307,244.93673755706644,126.01499012620697,1.420097144501428,241.11567555762932,1.419456479041973,244.74516978589986,240.5927284075163,284.03270020999474,1.4191854490564801,1.4114514442794628,241.32963153098402,1.3613574678639295,50.17290555848263,166.31748820486138,50.20876097413156,1.260162299547068,179.59010780335026,167.54457840532456,181.99862750211463,231.17134367563057,1.2601267155916773,1.251584740278767,164.36592650518685,1.2009319367352236,132.04517066807583,0.007639047825066526,0.005207051910187134
123.19179295091448,509.9999999167578,68.62558832174552,599.9999717854466,1.6220030979229354,1219.5111337939654,1.622194996015512,296.92606590033006,212.5890430027444,1.5721330322839941,1006.4088099567366,1012.7034992939516,1.5713149995934983,293.1793935726463,1012.7034992938027,1.5213735808635742,350.39578537487944,1.5212450691559716,293.1793935726463,1.5207951623225484,178.37170572552384,279.6038936900707,178.37170586496484,1.4248481328309648,370.9521834729302,1.4239346083768705,279.6038936900707,370.9521834729302,388.43271435892314,1.4237140080698898,1.411445005716832,278.6139083235925,1.361375423497245,68.34225270552662,218.3971918336549,68.34225270466627,1.2658677708293342,189.9998845561118,218.3971918336549,189.9998845561118,232.87087146890553,1.2654647924387121,1.25161515593642,216.64373099602358,1.200915567306044,137.38014337639893,0.015472898268108246,0.01656777079450435,119.21075482280318,269.95366670958435,35.94213688256606,600.2824636007995,1.622075683860301,1219.7653049980242,1.6221322888707461,270.98347648607177,152.81637219663853,1.5720261526920205,941.570324262567,941.2299234002138,1.5713264586386075,267.7262674381094,943.0673806795706,1.5212631178672495,194.22844149152004,1.5212036442410501,267.8321424992063,1.521063132031935,126.08695190667555,244.93553067927056,126.01471680284384,1.4200970714290242,241.11594190509533,1.4194564140322308,244.7440156723657,240.59298404754645,284.0335369405923,1.4191853798876743,1.4114514409065642,241.3283312095381,1.3613574553239285,50.1727546230989,166.31676416273334,50.20861003874901,1.2601622157655819,179.59007869088407,167.54387908658623,181.9986352447918,231.17119173331636,1.2601266286600707,1.2515847386920433,164.36520431201004,1.200931932770005,132.04488991377312,0.007639150407849514,0.00520677403061361
123.19179296774001,509.9999999248306,68.62552751994671,599.9999705236164,1.6220030983948992,1219.5106752779102,1.6221949964019777,296.92606262217254,212.58897391627664,1.5721330322785017,1006.4087944984326,1012.7034832301235,1.5713149996106035,293.1793902342358,1012.7034832299888,1.5213735780176965,350.3957586902442,1.5212450663133972,293.1793902342358,1.520795159488371,178.39134755224097,279.59810146070026,178.39134768930833,1.4248481907359043,370.97458181596437,1.4239346519033553,279.59810146070026,370.97458181596437,388.45173008766346,1.4237140500445826,1.411445005807348,278.6083195189604,1.3613753957896377,68.34354485924281,218.40090512439386,68.34354485834785,1.2658681683089508,189.99988982248527,218.40090512439386,189.99988982248527,232.87096287553294,1.2654651775917412,1.2516151478523936,216.6474104611181,1.2009155372306695,137.38118930451319,0.015475002367601898,0.016567992775173755,119.21068312046137,269.94775142471156,35.94129899607726,600.2824537852271,1.6220756887675085,1219.7652637263432,1.622132292164009,270.9828598226543,152.8147754400222,1.5720261476857538,941.5686602222306,941.2280866424579,1.5713264569257197,267.7257228928309,943.0655355728647,1.5212631036601796,194.22431507357157,1.5212036335702168,267.8315714926483,1.521063119799454,126.08669145935727,244.9343606527051,126.01444933222938,1.420097000336136,241.11619888355497,1.4194563506457683,244.74289841006194,240.5932303185703,284.0343500220074,1.4191853129359828,1.4114514375667062,241.32707133879174,1.361357442499065,50.17260152708596,166.31605513123475,50.208458486043824,1.26016213371728,179.59004400369034,167.54319603987483,181.99863400596345,231.1710373792194,1.2601265441903007,1.251584737030311,164.36449721889707,1.2009319283802449,132.0446091594704,0.007639251568456348,0.005206494003556011
123.19179298271135,509.99999993212055,68.62547261457173,599.999969384156,1.6220030988210925,1219.510261227615,1.6221949967509648,296.9260596614474,212.58891152986254,1.572133032273903,1006.4087805394809,1012.7034687243877,1.5713149996264137,293.1793872191063,1012.703468724266,1.5213735752114954,350.3957345925511,1.5212450635101595,293.1793872191063,1.5207951566926934,178.4106117707923,279.5924248912578,178.41061190551824,1.4248482477983506,370.9965467911265,1.4239346948407943,279.5924248912578,370.9965467911265,388.47037729459225,1.4237140914553548,1.411445005886435,278.6028424547537,1.361375369422961,68.34472437969097,218.4043541488728,68.34472437876694,1.2658685438727015,189.99989484382604,218.4043541488728,189.99989484382604,232.87128125547878,1.265465541650094,1.2516151401518827,216.65081862548777,1.2009155080911427,137.38216938631695,0.015476966355688399,0.016568160820310443,119.21060860012359,269.942028096137,35.94048906186351,600.282443456164,1.6220756936747163,1219.7652230244883,1.6221322954572719,270.98225509918905,152.81322525547384,1.5720261428350648,941.567055718221,941.2263041525449,1.5713264552543431,267.7251894891438,943.0637530829024,1.5212630901631519,194.2203102158733,1.5212036232146862,267.8310074495849,1.5210631080797117,126.0864368647877,244.93322496478615,126.01418420271438,1.4200969309399754,241.1164464930083,1.419456288830222,244.74180711112507,240.59346989744674,284.03513157117925,1.4191852476600169,1.4114514343700242,241.32584096334713,1.3613574301893783,50.17244657910511,166.31536073194644,50.208305698693394,1.2601620534348643,179.59000498059737,167.54252825607242,181.99862781182173,231.1708782015569,1.2601264616388448,1.2515847353801186,164.3638067172123,1.2009319241461498,132.0443180068602,0.007639350684017682,0.005206216694305155
123.19179299601085,509.99999993870335,68.62542303379706,599.9999683551981,1.6220030992059542,1219.5098873308984,1.6221949970661074,296.92605698737617,212.5888551937433,1.572133032270107,1006.4087679344723,1012.7034556255915,1.5713149996410503,293.17938449590963,1012.7034556254813,1.5213735724449826,350.39571283086866,1.5212450607463035,293.17938449590963,1.5207951539356417,178.42950533362307,279.5868616426013,178.42950546603885,1.424848304021116,371.01808651237593,1.4239347371884268,279.5868616426013,371.01808651237593,388.4886629099384,1.423714132301205,1.411445005954869,278.5974748642915,1.3613753443319605,68.34579678806641,218.40755157931372,68.3457967871213,1.2658688985532411,189.99989963461636,218.40755157931372,189.99989963461636,232.8718078644518,1.2654658856066288,1.2516151328144802,216.65396856819098,1.2009154798931676,137.38308576178167,0.015478796042781599,0.016568280484383358,119.21053439289649,269.9364563120083,35.93970094405956,600.2824331863496,1.622075698454103,1219.7651838150343,1.622132298723045,270.9816623156761,152.81172312147183,1.5720261380732774,941.5654980990689,941.2245784351443,1.5713264535938907,267.72466026355346,943.0620298701238,1.5212630767159514,194.21642028786616,1.5212036127045954,267.8304594225591,1.5210630963355531,126.08618578186737,244.93212445304167,126.01392668177267,1.4200968633819362,241.11668741031423,1.4194562282452265,244.74074428813898,240.5937027841758,284.03589172347176,1.4191851842660201,1.4114514312215267,241.3246434540959,1.361357417903935,50.17229379175348,166.3146810910081,50.20815291134296,1.2601619751799475,179.5899662672115,167.5418740953623,181.9986234759225,231.1707250533513,1.2601263818050008,1.2515847337587755,164.3631311291708,1.2009319198073347,132.044023883305,0.007639448110351435,0.005205938318783197
123.19179300780337,509.9999999446476,68.62537826125364,599.999967426027,1.6220030995534922,1219.509549693765,1.6221949973506875,296.92605457216564,212.58880432117252,1.5721330322670326,1006.4087565521045,1012.7034437973255,1.5713149996546227,293.1793820363414,1012.7034437972263,1.5213735697181334,350.39569317871235,1.5212450580218344,293.1793820363414,1.5207951512172957,178.44803507633588,279.58140942718103,178.44803520647304,1.4248483594076922,371.039208949388,1.4239347789461696,279.58140942718103,371.039208949388,388.5065937388755,1.423714172581801,1.4114450060133898,278.5922145312585,1.36137532045522,68.34676737132834,218.4105095153791,68.34676737036858,1.2658692333309753,189.99990420819185,218.4105095153791,189.99990420819185,232.87253092999123,1.265466210403881,1.2516151258211692,216.65687277942072,1.2009154526378123,137.38394062167765,0.015480497105594548,0.016568356701485005,119.21045893322673,269.9310663812148,35.938942823819076,600.2824229362851,1.622075703172358,1219.7651456366943,1.6221323019833203,270.9810786627149,152.81026903801612,1.5720261334587329,941.5639925742028,941.2229178391551,1.5713264519268837,267.7241477503502,943.0603659345289,1.5212630635428024,194.2126353437115,1.5212036025345368,267.82991835902794,1.5210630850553013,126.08593938114603,244.9310473920802,126.01367091665556,1.4200967974640673,241.1169202970433,1.419456169309693,244.73970994110365,240.59392764032802,284.03663160503646,1.4191851223930667,1.4114514281542538,241.32347628286936,1.361357405794258,50.172140078417904,166.31401519930185,50.207999815331206,1.2601618984947074,179.58992197909808,167.54123601746946,181.99862037885163,231.17056466979741,1.2601263036017238,1.2515847320624238,164.36246970909045,1.2009319154119138,132.0437208469148,0.0076395433135399435,0.005205662120112946
123.19179301823705,509.99999995001644,68.62533783064927,599.999966586964,1.6220030998673258,1219.509244799847,1.6221949976076684,296.9260523907161,212.5887583823032,1.5721330322646048,1006.4087462738128,1012.7034331164067,1.5713149996672309,293.1793798148437,1012.7034331163169,1.5213735670308897,350.3956754315607,1.5212450553367212,293.1793798148437,1.5207951485376903,178.46620771930094,279.5760660075356,178.46620784719067,1.4248484139621709,371.05992193005363,1.423934820114541,279.5760660075356,371.05992193005363,388.52417646380957,1.423714212297405,1.4114450060626789,278.58705928821803,1.3613752977348068,68.34764119189451,218.4132395121421,68.34764119092387,1.2658695491372887,189.99990857688206,218.4132395121421,189.99990857688206,232.8734391699895,1.2654665169371841,1.2516151191541698,216.65954318902703,1.2009154263220747,137.38473618995113,0.015482075075846894,0.016568393861851598,119.21038535222094,269.92583304634877,35.93820311117437,600.2824124097256,1.622075707835039,1219.765108245257,1.6221323052161059,270.9805076520561,152.8088526557583,1.5720261289775408,941.5625339341941,941.22130149233,1.571326450349454,267.7236373261953,943.0587520923287,1.521263050874157,194.20895648850245,1.5212035926117746,267.829391222486,1.5210630740192106,126.08569649207392,244.92999796954152,126.01341983373739,1.4200967333277623,241.11714916848393,1.4194561113952548,244.73870239496316,240.59414848119178,284.0373512158734,1.4191850622216196,1.4114514251847265,241.3223352360529,1.3613573941088435,50.17198729106627,166.3133615431507,50.20784733664208,1.2601618228886198,179.58987676186337,167.54060935522344,181.99861263617447,231.17040910980907,1.2601262276684522,1.2515847304410808,164.36182407261592,1.2009319113278236,132.04342078146956,0.007639636649406377,0.005205388097949495
123.1917930274457,509.9999999548635,68.62530132091155,599.9999658292725,1.6220031001507245,1219.5089694737894,1.622194997839728,296.92605042036246,212.58871689867505,1.5721330322627587,1006.4087369925151,1012.7034234714961,1.5713149996789646,293.1793778083281,1012.7034234714149,1.5213735643831514,350.3956594045819,1.521245052690889,293.1793778083281,1.5207951458968108,178.4840298692302,279.5708291947195,178.48402999490335,1.4248484676891962,371.0802331429895,1.4239348606946183,279.5708291947195,371.0802331429895,388.541417646661,1.4237142514488301,1.4114450061033732,278.5820070150553,1.3613752761160294,68.34842309690688,218.41575260653053,68.34842309593074,1.2658698468575786,189.99991275209715,218.41575260653053,189.99991275209715,232.874521774546,1.2654668060575962,1.251615112796848,216.66199119345902,1.2009154009394112,137.38547470843423,0.015483535332016149,0.016568395878419757,119.21031177121516,269.9207512559286,35.937487260227876,600.2824020214134,1.622075712408801,1219.7650720477404,1.6221323084214019,270.97994928369974,152.80747841013343,1.5720261245269087,941.5611162254102,941.2197327342285,1.5713264487348824,267.7231422217285,943.057182499294,1.521263038043572,194.20536714584134,1.5212035825591819,267.82887662023427,1.5210630629831199,126.08545769992591,244.92897869800953,126.01317460356789,1.4200966706619547,241.1173700093477,1.419456054920823,244.73772081218956,240.5943599530492,284.0380505559825,1.4191850034423137,1.4114514222303427,241.32122705542986,1.361357382259785,50.171833269069374,166.3127205009739,50.20769331464639,1.2601617493754342,179.58982194370898,167.53999846044536,181.99859622169885,231.17024510858104,1.2601261534296913,1.2515847287793485,164.36118986993458,1.2009319067484348,132.04311477413435,0.00763972891868117,0.005205116792385892
123.19179303555167,509.999999959241,68.62526835180338,599.99996514506,1.6220031004066384,1219.508720848172,1.6221949980492822,296.9260486406406,212.588679438224,1.5721330322614322,1006.4087286115202,1012.7034147621619,1.5713149996899036,293.1793759959542,1012.7034147620889,1.5213735617747803,350.3956449310234,1.5212450500842205,293.1793759959542,1.5207951432945934,178.5015080207562,279.56569684696217,178.50150814424416,1.4248485205939039,371.1001501399013,1.423934900687978,279.56569684696217,371.1001501399013,388.5583237310184,1.4237142900373851,1.4114450061360517,278.57705563765666,1.3613752555471734,68.3491177270844,218.4180593421884,68.34911772610633,1.2658701273340265,189.99991674442634,218.4180593421884,189.99991674442634,232.87576838881037,1.2654670785745812,1.2516151067336123,216.6642276811274,1.2009153764802387,137.38615842362145,0.015484883093607295,0.01656836624475905,119.21023819020938,269.9158058555098,35.93679186216556,600.2823914553546,1.622075716865857,1219.7650366099917,1.6221323115607225,270.9794000458951,152.80614704038064,1.5720261203013084,941.559740192055,941.2182149044103,1.5713264472426598,267.7226533844069,943.0556671741034,1.5212630259105724,194.2018794717531,1.521203572994999,267.82837037417613,1.521063052435352,126.08522476052664,244.9279837147885,126.01293522614708,1.420096609608038,241.11758148120512,1.4194559998863976,244.73676016761505,240.5945674096182,284.03873300381844,1.4191849461067103,1.4114514194191348,241.3201407856024,1.3613573711137907,50.171683568330906,166.31209295574968,50.2075414532799,1.2601616773338207,179.58977300998924,167.53939986429228,181.99858878872877,231.17009437215822,1.2601260811412165,1.251584727186855,164.3605723208216,1.200931902760574,132.04281619416162,0.007639818519708829,0.005204846581777044
123.19179304266368,509.9999999631938,68.62523857996212,599.9999645272007,1.622003100637734,1219.5084963336521,1.6221949982385135,296.9260470330672,212.5886456107906,1.5721330322605716,1006.4087210435237,1012.7034068976642,1.5713149997001217,293.17937435889996,1012.7034068975984,1.5213735592056126,350.3956318602415,1.5212450475165729,293.17937435889996,1.5207951407309452,178.51864855798044,279.56066686828467,178.5186486793139,1.4248485726819018,371.1196803379588,1.4239349400966836,279.56066686828467,371.1196803379588,388.57490104428456,1.4237143280648599,1.4114450061612684,278.57220312653914,1.3613752359793412,68.34972952519082,218.42016979298546,68.34972952421448,1.2658703913682023,189.99992056368006,218.42016979298546,189.99992056368006,232.87716909659682,1.2654673352585202,1.251615100949861,216.66626305636532,1.200915352932387,137.38678957529302,0.015486123417479358,0.016568308085532047,119.21016398298227,269.9109917936108,35.93611623522463,600.282380869546,1.6220757213117982,1219.7650017963385,1.6221323147110391,270.97886345039285,152.80484228323812,1.5720261160979336,941.5584021131083,941.2167371493067,1.5713264457089262,267.72217568867666,943.054188584069,1.5212630139581975,194.1984735745605,1.5212035634679109,267.8278745733599,1.5210630421805773,126.08499591805146,244.9270138574064,126.01269936037546,1.420096549911504,241.1177889377741,1.419455945794522,244.73582213629555,240.59476951246927,284.0393929286235,1.419184890472613,1.411451416661618,241.31907895473924,1.3613573599677966,50.17153325026981,166.311478907478,50.20739020923603,1.2601616068618835,179.58972097919863,167.53881375597382,181.99857949751615,231.16993881216987,1.2601260107390841,1.2515847255943615,164.35996353347406,1.2009318985123276,132.04251464324392,0.007639906787091287,0.005204579087091887
123.1917930488813,509.99999996676377,68.62521169532405,599.9999639692602,1.6220031008464177,1219.508293591995,1.6221949984093924,296.9260455809547,212.58861506405086,1.5721330322601266,1006.4087142096753,1012.7033997960734,1.5713149997096834,293.17937288017026,1012.7033997960136,1.521373556675449,350.3956200562143,1.5212450449877648,293.17937288017026,1.5207951382057283,178.53545775601492,279.5557372072085,178.5354578752238,1.4248486239591998,371.1388310220786,1.4239349789232163,279.5557372072085,371.1388310220786,388.5911557997498,1.4237143655334563,1.4114450061795267,278.5674474955772,1.3613752173661946,68.35026274413545,218.42209358499613,68.35026274316232,1.2658706397233792,189.99992421899606,218.42209358499613,189.99992421899606,232.87871440474134,1.2654675768429495,1.251615095431867,216.6681072618706,1.2009153302814601,137.38737038677075,0.015487261195877606,0.016568224200482803,119.21009165441913,269.90630401875006,35.93545697059105,600.2823705207333,1.6220757256021314,1219.7649682580097,1.6221323177898825,270.9783352830922,152.8035781842502,1.5720261120362455,941.557103476978,941.2153003038078,1.5713264442101493,267.7217077418389,943.0527534083101,1.5212630021615337,194.19515387463622,1.521203554175754,267.82738712873726,1.5210630320478835,126.08476941667578,244.92606493822336,126.01246642097819,1.4200964915440728,241.11798836376624,1.4194558931426524,244.73491174339887,240.5949635847435,284.0400382134585,1.4191848360501944,1.4114514139674292,241.31804746190076,1.3613573489612032,50.17138324087003,166.31087621178327,50.207239582514795,1.260161537632607,179.5896667804584,167.53823950479125,181.998564631576,231.16978204629015,1.2601259418076594,1.251584724013408,164.35937003261088,1.2009318943150264,132.0422101213812,0.007639993097917114,0.005204314848265063
123.19179305429317,509.9999999699868,68.62518741789435,599.9999634654276,1.622003101034864,1219.5081105117213,1.6221949985637,296.9260442692307,212.58858747984613,1.5721330322600537,1006.408708038774,1012.7033933834086,1.5713149997186493,293.1793715444179,1012.7033933833548,1.521373554184064,350.3956093961171,1.5212450424975867,293.1793715444179,1.5207951357187737,178.55194178251065,279.5509058555232,178.5519418996255,1.4248486744321902,371.1576093471841,1.423935017170457,279.5509058555232,371.1576093471841,388.6070940986281,1.4237144024457737,1.4114450061913022,278.5627868007882,1.3613751996638057,68.35072145470969,218.42383991726186,68.35072145374224,1.2658708731267325,189.99992771888355,218.42383991726186,189.99992771888355,232.88039522800463,1.2654678040266794,1.2516150901667307,216.66976979990164,1.2009153085112056,137.38790305662553,0.015488301155829196,0.016568117102803745,119.21002057829865,269.90173242796453,35.934816795316046,600.2823600929219,1.6220757299480388,1219.764935235238,1.622132320868726,270.97781765104355,152.8023421763509,1.5720261079773357,941.5558383300317,941.2139026981336,1.5713264426654914,267.7212488475441,943.0513599770467,1.5212629902465293,194.19191374142116,1.521203544772314,267.8269129147543,1.5210630216954444,126.08454876804883,244.92514449499112,126.01223874905472,1.4200964343643514,241.11818645132888,1.419455841302423,244.73402061364536,240.59515631858824,284.04066773217187,1.4191847827363329,1.4114514112567202,241.31703787985785,1.3613573378091481,50.171234157454194,166.31028474252568,50.207089573116185,1.2601614699076036,179.58960716184416,167.53767843521186,181.99854852680747,231.16962648630178,1.2601258741870827,1.2515847223574454,164.35878746841948,1.200931889894133,132.04191005593597,0.0076400781639737615,0.005204052243827659
123.19179305898082,509.9999999728976,68.62516549483209,599.9999630104556,1.6220031012050333,1219.5079451861186,1.6221949987030424,296.92604308428804,212.5885625708751,1.5721330322603118,1006.4087024665348,1012.7033875928163,1.571314999727072,293.17937033777656,1012.7033875927675,1.5213735517312128,350.39559976896385,1.5212450400458084,293.17937033777656,1.5207951332698872,178.5681066991706,279.54617084715227,178.5681068142239,1.4248487241076044,371.1760223403692,1.4239350548416478,279.54617084715227,371.1760223403692,388.62272193200556,1.4237144388047696,1.4114450061970385,278.5582191392102,1.3613751828304959,68.35110955301253,218.42541758151964,68.35110955205465,1.2658710922713607,189.99993107127557,218.42541758151964,189.99993107127557,232.88220287447132,1.2654680174757469,1.2516150851423118,216.67125975244255,1.200915287603833,137.38838975166612,0.0154892478596731,0.016567989052629392,119.20994887595684,269.89730227866187,35.934196391162416,600.2823498231077,1.6220757340716494,1219.7649032707145,1.6221323238431085,270.9773119589472,152.801146087367,1.572026104210134,941.5546103932897,941.2125526811831,1.5713264413130965,267.72079761309334,943.0500049507193,1.5212629793156185,194.1887785920586,1.521203535919108,267.8264470569649,1.5210630122219861,126.0843298752465,244.92424750254185,126.01201458878046,1.4200963789379148,241.11837784674415,1.4194557909283818,244.73315460973078,240.59534369871508,284.04127585400585,1.4191847310208558,1.4114514087676586,241.31605105133346,1.3613573276450195,50.171089086635476,166.30970790547838,50.20694265033072,1.260161403850382,179.58955513105354,167.53712960118762,181.9985355191098,231.16947574987896,1.2601258091562302,1.251584720949589,164.35822149565624,1.200931886200621,132.04160701954575,0.0076401611843753495,0.00520379559591637
123.19179306301729,509.9999999755262,68.62514569781604,599.9999625996056,1.6220031013586995,1219.507795893383,1.6221949988288702,296.9260420138376,212.58854007769742,1.5721330322608638,1006.4086974348838,1012.7033823639963,1.5713149997349989,293.1793692477356,1012.7033823639526,1.5213735493166198,350.3955910746359,1.5212450376321676,293.1793692477356,1.520795130858838,178.5839584632576,279.5415302569922,178.58395857627897,1.4248487729924744,371.1940769030839,1.423935091940355,279.5415302569922,371.1940769030839,388.63804518280006,1.4237144746137227,1.4114450061971455,278.5537426477613,1.361375166826679,68.3514307675604,218.426834980732,68.35143076661205,1.2658712978181494,189.99993428358817,218.426834980732,189.99993428358817,232.88412903143936,1.2654682178252126,1.2516150803471704,216.67258580015516,1.2009152675402899,137.38883260106326,0.015490105706507346,0.016567842086306607,119.20987811294702,269.8929630560268,35.933588940502105,600.2823395927927,1.6220757382174895,1219.764871876017,1.622132326828487,270.9768132903522,152.79997365403668,1.5720261003484743,941.5534152015275,941.2112310504887,1.5713264398536462,267.7203554311856,943.0486841548783,1.5212629680981993,194.18568322605066,1.5212035269360715,267.8259867699712,1.5210630026020309,126.08411683519289,244.923364748068,126.01179569598,1.4200963244729574,241.11856255001203,1.4194557413921627,244.7322994936797,240.59552304826505,284.04187158817285,1.4191846802076928,1.4114514062166459,241.31508697632754,1.3613573171657243,50.170943398494124,166.3091398982131,50.206796344867875,1.2601613386106998,179.58949891921728,167.5365905429935,181.99851817551294,231.16932260167337,1.2601257448607315,1.2515847193859448,164.3576619233316,1.2009318820316226,132.04130843957304,0.007640243137875225,0.005203541121748315
123.19179306646743,509.99999997789973,68.62512782066699,599.9999622285991,1.6220031014974632,1219.5076610786864,1.6221949989424957,296.92604104678,212.58851976603273,1.5721330322616789,1006.4086928914123,1012.703377642498,1.571314999742476,293.17936826299405,1012.7033776424576,1.5213735469399943,350.39558322272353,1.5212450352563862,293.17936826299405,1.5207951284853787,178.5995029290814,279.5369821998914,178.59950304010175,1.4248488210941086,371.2117798132034,1.4239351284704467,279.5369821998914,371.2117798132034,388.6530696276096,1.4237145098762114,1.4114450061920074,278.5493555022316,1.3613751516147024,68.35168866607295,218.4281001464788,68.3516886651366,1.2658714903974653,189.99993736277278,218.4281001464788,189.99993736277278,232.88616575177684,1.2654684056807946,1.2516150757705,216.67375624018368,1.2009152483004848,137.38923369146553,0.015490878934339003,0.016567678041976806,119.20980672371589,269.8887400174669,35.93299853391194,600.2823293822274,1.622075742263296,1219.7648409426072,1.62213232977538,270.9763286687599,152.7988344864692,1.5720260966340578,941.5522490337246,941.2099478247293,1.5713264384313375,267.719920909122,943.0473984244137,1.5212629570800902,194.1826817929633,1.5212035181756016,267.825543891714,1.5210629930064918,126.08390906261313,244.92250711943302,126.01158090010361,1.4200962713936611,241.11874457642097,1.4194556930341304,244.73147369110737,240.59569972095608,284.042457186976,1.4191846307351106,1.4114514037413513,241.3141431266714,1.3613573068864389,50.170800488304614,166.3085847572017,50.2066515827116,1.2601612752023073,179.58944410106287,167.5360650448218,181.99850207074442,231.16917065935917,1.2601256821957998,1.2515847178453805,164.35711670538862,1.2009318779531928,132.04101134507283,0.0076403229566240375,0.005203288280760396
123.19179306939145,509.99999998004307,68.62511167720083,599.9999618935717,1.6220031016227687,1219.5075393379846,1.6221949990451008,296.9260401730956,212.58850142432058,1.5721330322627254,1006.4086887887539,1012.7033733790515,1.5713149997495415,293.17936737334327,1012.7033733790155,1.5213735446010277,350.3955761314539,1.5212450329181655,293.17936737334327,1.5207951261492363,178.6147458494833,279.53252482961614,178.6147459585311,1.4248488684200638,371.2291377271084,1.4239351644360663,279.53252482961614,371.2291377271084,388.6678009385681,1.4237145445960881,1.4114450061819857,278.54505591626594,1.3613751371587788,68.35188666200975,218.42922075579708,68.35188666108516,1.2658716706108208,189.9999403153306,218.42922075579708,189.9999403153306,232.888305440568,1.2654685816204734,1.251615071402108,216.67477900340253,1.2009152298635497,137.38959506300517,0.015491571622829756,0.016567498581968498,119.20973783937005,269.88461800853764,35.9324203990523,600.2823193494089,1.6220757462035114,1219.7648111759838,1.6221323326562977,270.97584826126837,152.79772267075117,1.572026092980761,941.5511111456769,941.2086913154463,1.5713264370265074,267.7194940469024,943.0461419150959,1.5212629461367224,194.1797488756534,1.5212035093594902,267.8251031025052,1.5210629838504433,126.08370129003336,244.9216670788853,126.01137078642617,1.4200962193324012,241.11892258754145,1.4194556456186478,244.7306579388706,240.59587237835865,284.04302476735444,1.4191845821906226,1.4114514012798236,241.31321865964213,1.3613572966495795,50.17065788677643,166.30803920281076,50.20650898118453,1.260161212807664,179.5893861858376,167.5355480610828,181.99848472714754,231.16902595239327,1.2601256208417164,1.2515847163509755,164.35658099489325,1.200931873820988,132.0407172215176,0.0076404011744677725,0.005203039233593451
123.19179307184251,509.9999999819786,68.62509709928904,599.9999615910347,1.6220031017359222,1219.5074294033936,1.6221949991377553,296.9260393837337,212.58848486151732,1.5721330322639777,1006.40868508417,1012.7033695293208,1.5713149997562312,293.17936656956863,1012.703369529289,1.5213735422993946,350.3955697271793,1.5212450306171907,293.17936656956863,1.52079512385012,178.62969287730397,279.5281563379027,178.629692984409,1.4248489149781118,371.24615718168866,1.4239351998416008,279.5281563379027,371.24615718168866,388.6822446851362,1.4237145787774481,1.4114450061674133,278.54084214043064,1.361375123424808,68.3520280208194,218.430204146748,68.3520280199089,1.2658718390323116,189.99994314738248,218.430204146748,189.99994314738248,232.89054084227985,1.2654687461958767,1.2516150672323367,216.67566167038274,1.2009152122079874,137.3899187060694,0.015492187696504256,0.016567305212418094,119.2096689550242,269.88059702923897,35.93186067178842,600.2823094153387,1.6220757501048249,1219.764781870648,1.62213233549873,270.9753819007795,152.7966345106867,1.5720260894302567,941.5500030257929,941.2074698715387,1.571326435669743,267.71907554087636,943.0449221409343,1.5212629357414573,194.1768877894004,1.5212035009699647,267.8246741512372,1.5210629748653075,126.08350171130182,244.92084797653666,126.01116359912307,1.420096168515408,241.11909390651456,1.4194555993289883,244.72986312483292,240.5960410204728,284.0435810862174,1.4191845347546916,1.4114513989421984,241.31231441796263,1.361357286909714,50.17051929784535,166.307505379416,50.20636699698009,1.260161151786488,179.58932610266274,167.53504242992074,181.99846800296484,231.16887883364458,1.2601255609263684,1.25158471486811,164.3560578367143,1.200931869923696,132.0404245834349,0.007640477613384492,0.005202795060092149
123.19179307387006,509.9999999837265,68.62508393510778,599.9999613178369,1.6220031018381014,1219.5073301299867,1.6221949992214233,296.9260386705248,212.58846990510511,1.5721330322654108,1006.4086817390471,1012.7033660530637,1.571314999762576,293.17936584334416,1012.7033660530346,1.5213735400347517,350.3955639431384,1.5212450283531267,293.17936584334416,1.5207951215877167,178.64434956683883,279.52387495347887,178.64434967203167,1.424848960776222,371.2628445963609,1.4239352346916667,279.52387495347887,371.2628445963609,388.69640633587983,1.4237146124246152,1.4114450061486088,278.5367124612521,1.3613751103803335,68.35211586592564,218.43105733345283,68.35211586502999,1.2658719962100617,189.99994586466747,218.43105733345283,189.99994586466747,232.89286502817652,1.2654688999336732,1.2516150632520655,216.67641148682156,1.2009151953118875,137.3902065587521,0.015492730928275507,0.016567099300457543,119.20959913134638,269.876677079571,35.93131185272944,600.2822995207677,1.622075753950564,1219.7647531622729,1.6221323383246684,270.97491834969117,152.7955729632325,1.572026085904756,941.5489209530517,941.2062768138874,1.5713264343195328,267.7186653910438,943.0437315879196,1.5212629254769896,194.1740698017816,1.5212034924444264,267.82424937806604,1.521062965929004,126.08330330312003,244.92003892452362,126.01096109401891,1.4200961185750578,241.11926388705817,1.4194555536415134,244.72908171124266,240.59620832415746,284.04412501741336,1.4191844884015374,1.4114513966045732,241.31143208707874,1.3613572770546913,50.17038225222086,166.30698114264175,50.20622809938878,1.2601610918771657,179.58927314275087,167.53454506091185,181.99845313702468,231.1687341266787,1.2601255022898967,1.251584713385245,164.355543502441,1.2009318659386654,132.0401393727147,0.007640552985218791,0.00520255359889455
123.19179307551684,509.99999998530507,68.6250720475569,599.9999610711329,1.6220031019303707,1219.5072404838672,1.6221949992969766,296.92603802608716,212.588456399299,1.5721330322670035,1006.4086787185362,1012.7033629141889,1.5713149997686062,293.17936518716294,1012.7033629141627,1.5213735378067463,350.3955587193692,1.5212450261256287,293.17936518716294,1.520795119361701,178.65872137528376,279.5196789412435,178.65872147859204,1.4248490058225314,371.27920627496417,1.423935268991079,279.5196789412435,371.27920627496417,388.7102912601558,1.4237146455421106,1.4114450061258617,278.53266520041007,1.361375097994398,68.35215318448118,218.43178702022576,68.35215318360113,1.265872142667479,189.9999484726003,218.43178702022576,189.9999484726003,232.89527138418703,1.2654690433367812,1.251615059452633,216.67703537805994,1.2009151791530386,137.390460504898,0.015493204943266293,0.01656688208930915,119.20953588299247,269.87284300508895,35.93077666892658,600.2822897644442,1.6220757576629248,1219.7647252679349,1.62213234106264,270.97447376205645,152.79453654991025,1.5720260825765056,941.5478626948413,941.2051121424921,1.5713264330698238,267.7182677755016,943.0425677513821,1.521262915741939,194.17134464199023,1.5212034847596951,267.82384062093246,1.5210629575542713,126.08310899186233,244.91926337362912,126.01076210056395,1.4200960702465988,241.11942316016598,1.4194555097605919,244.7283279360752,240.59636492040633,284.0446498040331,1.4191844433631833,1.4114513944183842,241.31057335243622,1.3613572678966723,50.17024705856427,166.30647078123928,50.20609043644273,1.2601610334394155,179.58921507267206,167.53406276560236,181.99843455459944,231.16859183149555,1.26012544525202,1.2515847120235475,164.35504420609135,1.2009318624404426,132.0398541619945,0.007640627378927212,0.005202316470057299
123.1917930768222,509.99999998672956,68.62506131283152,599.9999608483545,1.622003102013692,1219.5071595314062,1.6221949993652034,296.9260374437566,212.58844420341984,1.5721330322687366,1006.4086759911287,1012.7033600798733,1.5713149997743492,293.1793645942282,1012.70336007985,1.521373535615016,350.3955540014023,1.521245023934342,293.1793645942282,1.520795117171735,178.67281366416853,279.5155666013443,178.67281376562107,1.4248490501253428,371.2952484077292,1.4239353027448503,279.5155666013443,371.2952484077292,388.72390472984756,1.4237146781346546,1.4114450060994606,278.52869871383086,1.3613750862375094,68.35214283287982,218.4323996151326,68.35214283201462,1.265872278904523,189.9999509762665,218.4323996151326,189.9999509762665,232.89775359905985,1.2654691768855901,1.2516150558258479,216.6775399630091,1.2009151637090865,137.3906823726661,0.01549361322280305,0.016566654711539692,119.20947075597458,269.86910490875607,35.93025239332863,600.2822801266185,1.622075761353056,1219.7646979434228,1.6221323437676238,270.97403338852257,152.79352748843743,1.5720260792899274,941.5468349489985,941.203977527133,1.5713264317851579,267.7178764271045,943.0414339708814,1.5212629058013498,194.1686647910194,1.5212034767163845,267.8234374345945,1.5210629491551229,126.08291936280362,244.91849619801425,126.01056603348333,1.4200960227382247,241.1195824332738,1.4194554660891259,244.7275875613552,240.5965201782257,284.0451644552889,1.419184399149802,1.4114513921922711,241.30972725863734,1.3613572586598615,50.170111864907675,166.30596760980222,50.2059552427872,1.2601609760481165,179.58915622832555,167.53358930007488,181.99841566246715,231.16844833042103,1.260125389365132,1.2515847106330007,164.354552242283,1.2009318586931552,132.0395719222193,0.007640699548635574,0.005202083672989012
123.19179307782343,509.9999999880174,68.62505161913393,599.9999606471797,1.6220031020889314,1219.507086429513,1.6221949994268114,296.92603691751935,212.58843319043007,1.5721330322705898,1006.4086735284275,1012.7033575206294,1.5713149997798257,293.17936405841897,1012.703357520608,1.5213735334591791,350.39554974027413,1.5212450217788909,293.17936405841897,1.5207951150174603,178.6866317007809,279.5115362684136,178.68663180040824,1.4248490936930651,371.3109770731105,1.423935335958136,279.5115362684136,371.3109770731105,388.73725192098544,1.4237147102071095,1.4114450060696506,278.5248113909399,1.3613750750814804,68.35208754204302,218.4329012426959,68.35208754119468,1.265872405398775,189.99995338049428,218.4329012426959,189.99995338049428,232.90030565293637,1.2654693010389897,1.2516150523639016,216.67793156723974,1.2009151489576126,137.3908739335434,0.015493959108546647,0.016566418200717296,119.20940500273537,269.8654375331646,35.929744480038025,600.2822705480418,1.6220757649987279,1219.7646709445257,1.6221323464726076,270.9735958243892,152.79254282185735,1.5720260759283389,941.5458339945027,941.2028754724795,1.57132643046772,267.7174878641053,943.0403327510872,1.5212628958358472,194.16604572017368,1.5212034685061488,267.82303981905227,1.5210629406094773,126.08273207484442,244.91774409790273,126.01037406332678,1.4200959758519842,241.11973769109318,1.4194554233863914,244.72685891202667,240.59667677447456,284.0456712234839,1.4191843558645152,1.4114513899936918,241.30890307563402,1.361357249156371,50.16998099250951,166.30547314200743,50.20582128377691,1.2601609198667763,179.58909753883256,167.53312069092755,181.9983955315065,231.16830965291203,1.2601253342775418,1.2515847091847547,164.35406773529627,1.2009318546911432,132.03929413886158,0.007640770384178678,0.0052018535868195714
123.1917930785506,509.9999999891795,68.62504286550727,599.9999604655147,1.622003102156874,1219.50702041686,1.622194999482445,296.92603644193673,212.58842324561653,1.5721330322725506,1006.4086713047345,1012.7033552097853,1.5713149997850602,293.1793635741983,1012.703355209766,1.5213735313388597,350.39554589169364,1.521245019658906,293.1793635741983,1.5207951128985213,178.7001806595697,279.5075863107398,178.70018075739944,1.4248491365342535,371.3263982396612,1.4239353686362697,279.5075863107398,371.3263982396612,388.7503379153895,1.4237147417645164,1.4114450060366914,278.521001653845,1.3613750644994662,68.3519899225096,218.4332977563605,68.35198992167727,1.2658725226066156,189.99995568980822,218.4332977563605,189.99995568980822,232.90292180614603,1.2654694162355047,1.2516150490594173,216.67821623578772,1.200915134876289,137.39103690174787,0.015494245806714244,0.01656617350167565,119.20934081504947,269.8618509812776,35.92924270261267,600.282261028714,1.622075768533251,1219.7646444069162,1.6221323491061184,270.9731737119588,152.7915722008216,1.5720260728445676,941.5448471798845,941.2017876109542,1.5713264293228817,267.7171090499985,943.0392457244217,1.5212628867610112,194.16348411417354,1.5212034612170917,267.822652648752,1.5210629328451482,126.0825488838093,244.91701209846235,126.0101861900943,1.4200959302948468,241.11989294891254,1.4194553817047524,244.72614617572944,240.59682534014655,284.0461701086181,1.4191843135588833,1.411451387968576,241.3080906907514,1.3613572406771726,50.169851046095296,166.30499103590753,50.205689176734516,1.2601608647318872,179.58904411436006,167.53266583101225,181.99838190439468,231.16817821075134,1.2601252808844623,1.2515847079211457,164.35359578062602,1.2009318513995306,132.0390163555039,0.007640840330472407,0.005201626211190188
123.1917930790348,509.9999999902293,68.62503496078594,599.9999603014671,1.6220031022182266,1219.5069608059498,1.6221949995326823,296.9260360121059,212.58841426538487,1.572133032274601,1006.4086692968783,1012.7033531231605,1.571314999790069,293.1793631365646,1012.7033531231427,1.5213735292536588,350.39554241554924,1.5212450175739924,293.1793631365646,1.5207951108145357,178.7134656235467,279.50371512949494,178.71346571960655,1.4248491786575337,371.3415177678633,1.423935400784693,279.50371512949494,371.3415177678633,388.7631677022815,1.4237147728120254,1.4114450060008057,278.5172679565821,1.3613750544657899,68.3518524692957,218.43359474990604,68.35185246847857,1.2658726309641315,189.99995790851028,218.43359474990604,189.99995790851028,232.90559658848971,1.2654695228941684,1.2516150459053543,216.67839974493393,1.2009151214429057,137.39117293397356,0.015494476392331947,0.016565921479559407,119.2092781929169,269.85837051050277,35.92875933278308,600.2822518846293,1.6220757720122,1219.7646189546895,1.6221323516681558,270.97275581362913,152.7906311493528,1.572026069660782,941.5438879008176,941.2007339799142,1.571326428057879,267.7167385920853,943.0381937631324,1.521262877331154,194.1609755526462,1.5212034534643541,267.82227035289793,1.5210629247145768,126.08237037497317,244.91629349946936,126.01000299906076,1.4200958855860735,241.12004151458453,1.4194553408085713,244.72544935246353,240.596975244248,284.0466532276307,1.4191842721040044,1.411451385858105,241.3073002166644,1.361357231555519,50.169723877632926,166.30451788572944,50.205561390950514,1.2601608107742555,179.5889840311852,167.532219800879,181.9983596054844,231.16803953324234,1.2601252281627928,1.2515847065190593,164.35313327126318,1.200931847640922,132.0387504559262,0.007640908230604117,0.005201406406194076
123.19179307930004,509.9999999911764,68.62502782264491,599.9999601533289,1.6220031022736296,1219.506906975958,1.6221949995780476,296.926035623591,212.5884061561922,1.572133032276732,1006.408667483927,1012.7033512391613,1.5713149997948734,293.17936274101487,1012.7033512391456,1.521373527203179,350.39553927593784,1.5212450155237587,293.17936274101487,1.5207951087651241,178.72649158566463,279.4999211580314,178.72649167998452,1.4248492200716218,371.35634141188893,1.4239354324089737,279.4999211580314,371.35634141188893,388.77574617982236,1.423714803354915,1.4114450059622081,278.51360878442335,1.3613750449559305,68.35167756658217,218.43379756870962,68.35167756578265,1.265872730888118,189.99996004067208,218.43379756870962,189.99996004067208,232.90832478874842,1.265469621415484,1.2516150428950175,216.67848761379747,1.2009151086354688,137.3912836294257,0.015494653813507994,0.016565662927807347,119.20921619700563,269.85497591491395,35.92828278058156,600.2822426615462,1.6220757754355748,1219.7645937466739,1.6221323542356914,270.9723519623022,152.78971005734172,1.572026066599236,941.5429516920773,941.1997020560113,1.571326426875899,267.7163764903656,943.037162674091,1.5212628682064906,194.1585266661508,1.5212034460021897,267.82189850228576,1.5210629168281669,126.08219362196165,244.91559081350772,126.00982214912669,1.420095841980173,241.12018874182706,1.4194553009073039,244.7247692797569,240.59711444091366,284.04712508512785,1.4191842315514396,1.4114513838013254,241.30652659703554,1.3613572229126762,50.16959856113846,166.30405457445133,50.20543360516652,1.2601607580265828,179.5889324649552,167.53178228517845,181.99834659778676,231.16790688519023,1.2601251770077466,1.251584705209291,164.35267964794613,1.20093184404647,132.0384786144585,0.007640975241417421,0.0052011866104862544
123.19179307936753,509.99999999203214,68.62502137674335,599.9999600195565,1.6220031023236587,1219.5068583662642,1.6221949996190124,296.9260352723943,212.5883988335637,1.5721330322789286,1006.4086658469779,1012.7033495380135,1.5713149997994864,293.17936238346476,1012.7033495379994,1.5213735251870177,350.39553644006816,1.5212450135078057,293.17936238346476,1.5207951067498977,178.73926345020044,279.49620286117647,178.7392635428052,1.4248492607853098,371.370874821366,1.4239354635147916,279.49620286117647,371.370874821366,388.7880781566713,1.4237148333985745,1.4114450059211059,278.510022653189,1.3613750359464807,68.3514674922003,218.4339113203822,68.35146749141562,1.2658728227769913,189.9999620901313,218.4339113203822,189.9999620901313,232.91110144452233,1.2654697121823055,1.2516150400220487,216.67848511531045,1.2009150964322832,137.39137053010577,0.015494780895677,0.016565398575203855,119.2091548273157,269.85161162821436,35.927817136584935,600.2822338927048,1.6220757787867028,1219.764569244157,1.62213235671526,270.97195021802565,152.78880744631,1.5720260635960317,941.5420348326433,941.1986926741356,1.5713264256808102,267.71601787039316,943.0361541270771,1.5212628592749087,194.15612308847594,1.5212034386389437,267.82153152611977,1.52106290911267,126.08202272169886,244.91490320304942,126.00964598139157,1.4200957990529637,241.12033061535166,1.4194552616082208,244.7241009324418,240.59725631443825,284.0475901857157,1.4191841918238475,1.4114513818216403,241.30576393280447,1.3613572143789296,50.16947509661189,166.30359946225656,50.20530798001171,1.260160705932942,179.5888822924071,167.5313532839106,181.99832739594737,231.16777544302954,1.2601251267479137,1.2515847039341423,164.3522358427776,1.2009318405680591,132.03821865677082,0.007641041006917152,0.005200973844127808
123.19179307927101,509.99999999280567,68.62501555594966,599.9999598987563,1.6220031023688348,1219.506814470617,1.6221949996560037,296.92603495490187,212.5883922212173,1.5721330322811808,1006.4086643689468,1012.703348002017,1.5713149998039224,293.1793620602364,1012.7033480020043,1.5213735232047632,350.39553387854187,1.521245011525726,293.1793620602364,1.520795104768459,178.75178603410058,279.49255873448305,178.75178612502,1.4248493008074345,371.3851235431438,1.4239354941079099,279.49255873448305,371.3851235431438,388.8001683535079,1.4237148629484802,1.41144500587769,278.5065081085117,1.3613750274150527,68.35122442195023,218.4339391833384,68.35122442118299,1.2658729070116044,189.99996406053862,218.4339391833384,189.99996406053862,232.91392183247643,1.265469795560621,1.2516150372803856,216.67839728660329,1.200915084811971,137.39143512131082,0.015494860345821402,0.016565129092123904,119.20909596251107,269.8483433196638,35.92736240079321,600.2822249856159,1.6220757820655844,1219.764545202928,1.6221323591453471,270.97155971135123,152.7879240554968,1.572026060734514,941.5411395551278,941.1977075040666,1.5713264245709289,267.71566969566265,943.0351697918707,1.5212628507045762,194.15378360620574,1.521203431646642,267.82117499519575,1.5210629019343278,126.08185182143609,244.91423318067837,126.00947098420617,1.420095757370021,241.12046579672887,1.4194552233040512,244.72345352332573,240.59739417267443,284.04803726787884,1.4191841531274711,1.4114513799300636,241.30502486481478,1.3613572062997505,50.16935410137585,166.30315444124125,50.20518513280874,1.2601606555724858,179.58882639027792,167.53093437382222,181.9983072649867,231.16764882443437,1.2601250775431536,1.2515847026993827,164.3518014207763,1.2009318373245612,132.03795869908313,0.007641104993109008,0.00520076216643917
123.19179307901638,509.99999999350325,68.62501029964207,599.999959789672,1.6220031024096295,1219.5067748318615,1.6221949996894072,296.92603466784885,212.58838625027045,1.5721330322834803,1006.4086630344351,1012.703346615157,1.571314999808196,293.1793617680119,1012.7033466151449,1.5213735212560002,350.39553156478013,1.5212450095771084,293.1793617680119,1.5207951028204045,178.7640640683324,279.4889873036087,178.76406415759226,1.4248493401468818,371.3990930229778,1.423935524194178,279.4889873036087,371.3990930229778,388.8120214045202,1.4237148920101956,1.4114450058321446,278.503063725228,1.3613750193402598,68.3509504337411,218.43389092404976,68.35095043298912,1.2658729839560738,189.9999659553442,218.43389092404976,189.9999659553442,232.91678145880155,1.2654698719003483,1.2516150346642572,216.67822893909752,1.200915073753539,137.39147883231632,0.015494894756622546,0.016564855096062252,119.20903647148512,269.8451457318547,35.92691652791796,600.2822162167746,1.6220757853389087,1219.7645214873137,1.62213236158643,270.97117271642753,152.7870628418588,1.5720260578424365,941.540260650102,941.196741536465,1.5713264234107969,267.71532430633,943.0342063289121,1.5212628419536192,194.15148943275605,1.5212034243514025,267.82082194601907,1.5210628943653275,126.08168560337228,244.91357069605897,126.0093012544946,1.420095716309212,241.12060365496504,1.41945518565443,244.72281113937748,240.59752801562217,284.0484820977389,1.4191841147920203,1.4114513779531321,241.30429506677712,1.3613571978629786,50.16923495810771,166.3027167363311,50.20506444623496,1.2601606053428358,179.58877095270935,167.53052145537166,181.99829146992528,231.16752220583922,1.2601250293614943,1.251584701372305,164.35137383419485,1.2009318338008659,132.03770913970294,0.007641168178886853,0.005200554817056628
123.19179307862544,509.9999999941334,68.62500555307824,599.9999596911659,1.6220031024464676,1219.5067390371728,1.622194999719571,296.92603440828907,212.58838085851937,1.5721330322858178,1006.4086618295203,1012.703345363004,1.5713149998123184,293.1793615037841,1012.7033453629938,1.521373519340314,350.395529474795,1.5212450076615398,293.1793615037841,1.52079510090533,178.77610219921988,279.4854871236864,178.7761022868479,1.4248493788125627,371.41278860720087,1.4239355537795082,279.4854871236864,371.41278860720087,388.8236418588508,1.4237149205893487,1.4114450057846355,278.499688106766,1.3613750117016319,68.35064751156818,218.43376589129312,68.35064751083158,1.2658730539585172,189.99996777783778,218.43376589129312,189.99996777783778,232.91967605008176,1.2654699415360426,1.2516150321681516,216.67798466801128,1.2009150632363967,137.39150303720868,0.015494886610550394,0.016564577156542998,119.20897885912315,269.8420239162686,35.92648156324762,600.2822076454296,1.6220757884788546,1219.76449836866,1.6221323639560399,270.9707997685065,152.78622158767854,1.5720260550392606,941.5394070480154,941.1958031202297,1.5713264223162091,267.71499005858874,943.0332654079812,1.5212628336199674,194.1492361477542,1.5212034176929508,267.8204807347832,1.521062887162569,126.08152231168283,244.91292579952682,126.00913503643221,1.4200956760402095,241.12073883634224,1.419455148711721,244.72218466846053,240.59766052014044,284.04891453993196,1.4191840776940288,1.4114513761124932,241.30358043775175,1.3613571901353316,50.16911797546879,166.3022891226004,50.2049443769838,1.2601605567809673,179.58872217384314,167.53011875424033,181.99827846222763,231.1674052343751,1.2601249821709644,1.2515847001779348,164.3509567493039,1.2009318305488772,132.03745512390526,0.00764122976327453,0.005200350715582267
123.19179307811396,509.9999999947024,68.62500126682441,599.999959602213,1.6220031024797326,1219.5067067137643,1.6221949997468088,296.92603417356173,212.58837598979295,1.5721330322881863,1006.4086607416226,1012.7033442323908,1.5713149998163,293.17936126484256,1012.7033442323818,1.5213735174572829,350.39552758677394,1.5212450057786024,293.17936126484256,1.520795099022824,178.78790498975883,279.48205677863655,178.78790507578117,1.4248494168134167,371.42621554441604,1.4239355828698805,279.48205677863655,371.42621554441604,388.8350341820751,1.4237149486916374,1.4114450057353305,278.4963798844692,1.3613750044796276,68.35031754933308,218.43357004007171,68.35031754861285,1.265873117351818,189.99996953111867,218.43357004007171,189.99996953111867,232.92260154437685,1.2654700047876344,1.2516150297868331,216.67766886162252,1.200915053240417,137.39150873052603,0.015494838283860253,0.016564295799479302,119.20892281231448,269.83896776994237,35.92605682501936,600.2821991530832,1.6220757915743413,1219.7644756298903,1.6221323662816662,270.9704331417366,152.78538994360756,1.572026052272201,941.5385646089899,941.1948780622326,1.5713264212478388,267.71466277434206,943.0323395150685,1.5212628254544835,194.14704585306382,1.5212034108057502,267.8201464870419,1.5210628802039723,126.08136253164263,244.91229765355394,126.00897057419444,1.4200956369871947,241.1208659871426,1.4194551128162896,244.72157327304694,240.5977863325113,284.04933797291267,1.419184041369449,1.411451374277361,241.30288687679908,1.3613571822864667,50.16900315345907,166.30187084321074,50.20482677702317,1.260160508938534,179.58866441347143,167.52972286465516,181.99825926038824,231.16727861577994,1.2601249360674789,1.2515846989835646,164.35054531916936,1.2009318272317921,132.03721150641508,0.007641290013220831,0.005200152021312936
123.19179307749668,509.99999999521674,68.62499739624107,599.9999595218861,1.6220031025097708,1219.5066775249998,1.6221949997714038,296.92603396126526,212.58837159336727,1.5721330322905769,1006.4086597593907,1012.7033432116095,1.5713149998201499,293.1793610487432,1012.7033432116014,1.521373515606484,350.39552588124076,1.521245003927876,293.1793610487432,1.520795097172473,178.7994769209253,279.4786948806198,178.79947700536823,1.4248494541583892,371.4393789870944,1.423935611471319,279.4786948806198,371.4393789870944,388.8462027575847,1.4237149763228056,1.4114450056843795,278.4931377170644,1.3613749976555414,68.34996235451928,218.4333074325845,68.34996235381506,1.2658731744542768,189.9999712181409,218.4333074325845,189.9999712181409,232.92555408268151,1.2654700619610524,1.2516150275152969,216.67728571000296,1.2009150437459324,137.39149815493582,0.015494752050518246,0.016564011511060746,119.20886676550583,269.8359570869499,35.92563617736795,600.282190818734,1.6220757946364832,1219.7644532710046,1.6221323685962967,270.9700672173169,152.7845775197551,1.5720260495468137,941.5377422634748,941.1939713718132,1.5713264201641752,267.7143368827943,943.0314353292937,1.521262817307685,194.1448853958894,1.521203404141116,267.8198129356501,1.5210628730744622,126.08120509270191,244.9116787203887,126.00880962360587,1.420095598358362,241.1209917995135,1.419455077313587,244.72097276549687,240.59791214488217,284.0497535228326,1.4191840055346967,1.4114513724876596,241.30220005762965,1.3613571745345763,50.168889566094634,166.30145874466854,50.2047128809983,1.2601604622733578,179.588620125358,167.52933498494372,181.9982453235693,231.16716646788134,1.260124890827235,1.2515846978122742,164.35014494998694,1.2009318240760327,132.03696937439742,0.007641349640666431,0.005199954414433672
123.19179307678547,509.99999999568047,68.62499390101725,599.9999594493495,1.6220031025368953,1219.5066511668888,1.6221949997936134,296.92603376922773,212.58836762343674,1.5721330322929854,1006.4086588725902,1012.7033422899935,1.5713149998238776,293.17936085327716,1012.7033422899863,1.5213735137874926,350.39552434050194,1.5212450021089376,293.17936085327716,1.5207950953538596,178.81082239296722,279.47540006940494,178.81082247585636,1.4248494908564218,371.45228399321013,1.423935639589883,279.47540006940494,371.45228399321013,388.85715188801385,1.4237150034886348,1.4114450056319203,278.4899602900428,1.361374991211458,68.34958365170681,218.43298194776023,68.34958365101693,1.2658732255702463,189.99997284172548,218.43298194776023,189.99997284172548,232.92853000068544,1.2654701133488355,1.2516150253487512,216.6768392133331,1.2009150347337418,137.3914715491661,0.015494630086008751,0.016563724741214442,119.20881197113982,269.83305248506963,35.92523189202388,600.2821826818812,1.6220757976652806,1219.7644317261559,1.6221323708284583,270.9697146375497,152.78379318699123,1.5720260468964373,941.5369452208986,941.19309306765,1.5713264190979899,267.71402422188635,943.0305603646658,1.5212628092356277,194.14278682393328,1.5212033975135764,267.8194898295002,1.5210628663356105,126.08105292123504,244.91107318767084,126.00865394049112,1.4200955607758448,241.1211202887433,1.4194550425963424,244.72039068356202,240.59803394196462,284.05015668508554,1.4191839707827214,1.4114513707186087,241.30153430653291,1.3613571669039037,50.16877844802072,166.30105698958528,50.20459898497343,1.2601604162622138,179.58856375866816,167.5289570072021,181.99822364407322,231.16704226106896,1.2601248465141761,1.2515846966121342,164.34975259688778,1.2009318207561175,132.03673318426974,0.00764140784462178,0.005199762213853627
123.1917930759922,509.99999999609986,68.62499074475167,599.999959383847,1.6220031025613884,1219.5066273649213,1.6221949998136687,296.92603359549037,212.58836403863913,1.5721330322954055,1006.4086580719497,1012.7033414579635,1.5713149998274907,293.1793606764499,1012.7033414579566,1.5213735119998824,350.3955229486329,1.5212450003213633,293.1793606764499,1.5207950935665648,178.82194572668072,279.4721710118015,178.82194580804315,1.4248495269164552,371.464935527818,1.4239356672316688,279.4721710118015,371.464935527818,388.86788579660043,1.4237150301949457,1.4114450055780867,278.48684631510633,1.361374985130284,68.34918308598066,218.4325972893402,68.34918308530548,1.2658732709908325,189.9999744045275,218.4325972893402,189.9999744045275,232.9315258206764,1.2654701592308069,1.2516150232826504,216.67633319025634,1.2009150261851855,137.3914304024521,0.015494474471063844,0.016563435906702104,119.20875842921646,269.83017314059697,35.92483374254506,600.2821745450284,1.6220758005606999,1219.764410452653,1.6221323730221342,270.969369783634,152.78301846433664,1.5720260443683005,941.5361571087715,941.1922297915047,1.571326418127936,267.71371504272565,943.0296962536067,1.5212628017988712,194.1407202996795,1.5212033913373524,267.81917647224276,1.5210628599874167,126.08090192031791,244.91048859315208,126.0084988426512,1.420095523956855,241.1212394089668,1.4194550088740112,244.7198169769068,240.59815440061757,284.05055309042916,1.419183936623695,1.4114513690555632,241.30088288172558,1.361357159727799,50.168670107898656,166.30066305516613,50.20448879288433,1.2601603715264318,179.58851405068071,167.52858685012464,181.99820351311257,231.16692167193068,1.26012480325619,1.2515846955216223,164.34936794917098,1.2009318177956472,132.03649847961458,0.007641464180065,0.005199573259534726
123.19179307512738,509.99999999647855,68.62498789457291,599.9999593246968,1.6220031025835056,1219.5066058712096,1.6221949998317782,296.9260334382841,212.58836080162314,1.572133032297832,1006.4086573491079,1012.7033407067107,1.5713149998309965,293.17936051644847,1012.7033407067045,1.521373510243234,350.39552169104047,1.521244998564736,293.17936051644847,1.5207950918101762,178.83285116468693,279.4690064011231,178.8328512445471,1.4248495623474366,371.47733846461017,1.4239356944028194,279.4690064011231,371.47733846461017,388.8784086285399,1.4237150564476082,1.4114450055230259,278.4837945296433,1.3613749793956755,68.34876222615512,218.4321569930584,68.34876222549366,1.2658733109944345,189.999975909061,218.4321569930584,189.999975909061,232.93453824394786,1.265470199874592,1.2516150213126653,216.67577128530735,1.2009150180821102,137.39137582920068,0.015494287195257653,0.016563145393884694,119.20870551351443,269.8273746198288,35.924443092457125,600.2821667044202,1.6220758034783487,1219.7643896133031,1.6221323751718266,270.969028441469,152.782256308748,1.5720260418346073,941.5353913227669,941.1913823782673,1.571326417127295,267.7134107380112,943.0288505101257,1.521262794094292,194.13869687405986,1.5212033852105877,267.8188638113348,1.5210628534683102,126.08075326050029,244.90990483616127,126.00834725646052,1.4200954877317196,241.12135986761976,1.4194549756753188,244.7192499704753,240.5982708439821,284.0509404865605,1.4191839029802766,1.4114513673567237,241.30024072687024,1.361357152539572,50.16856207643791,166.30027656299185,50.204379526779164,1.2601603274119801,179.58846325871843,167.5282223693356,181.99818864717238,231.16681555348902,1.2601247606056702,1.2515846943849513,164.3489906339955,1.2009318149031039,132.0362697168494,0.007641520782919128,0.005199387551123581
123.19179307420016,509.9999999968203,68.62498532079749,599.9999592712829,1.6220031026034776,1219.506586461905,1.6221949998481304,296.9260332960102,212.58835787865897,1.5721330323002605,1006.4086566965276,1012.7033400284816,1.5713149998344011,293.17936037165714,1012.7033400284754,1.5213735085171138,350.3955205548382,1.5212449968386226,293.17936037165714,1.520795090084265,178.8435428726643,279.4659049565852,178.84354295104674,1.424849597158249,371.4894975874752,1.423935721109452,279.4659049565852,371.4894975874752,388.888724452335,1.4237150822524685,1.4114450054668364,278.4808036961407,1.361374973991936,68.34832256792338,218.43166443385107,68.34832256727579,1.2658733458472586,189.9999773577578,218.43166443385107,189.9999773577578,232.93756414335343,1.2654702355361125,1.2516150194346154,216.6751569763909,1.2009150104068502,137.3913088956325,0.015494070160529253,0.016562853561210254,119.20865322403372,269.8246165109129,35.92405994176004,600.2821590218092,1.6220758062681768,1219.7643692623756,1.6221323772995273,270.9686948251554,152.78151337337792,1.5720260393203611,941.53463967664,941.1905533326076,1.5713264161157299,267.71311200409247,943.028021464443,1.5212627865703374,194.1367099165153,1.5212033789107156,267.818556024873,1.5210628468515388,126.08060928288164,244.90933615467384,126.00820035246878,1.4200954519024875,241.12147764941378,1.4194549430002652,244.71869887707507,240.59838996420558,284.05132450423713,1.4191838701360504,1.4114513656881713,241.2996103701356,1.3613571452119444,50.16845805757427,166.2998951164073,50.204272729964515,1.260160284082367,179.5884168026554,167.52786438474337,181.99817502006056,231.1666997879163,1.260124719106139,1.2515846932367405,164.34861947069788,1.2009318117671566,132.03603798313924,0.007641575161213173,0.005199203468808799
123.19179307321747,509.9999999971284,68.62498299662025,599.9999592230495,1.6220031026215127,1219.506568934866,1.6221949998628977,296.92603316722267,212.58835523929136,1.5721330323026896,1006.4086561073923,1012.7033394162111,1.5713149998377138,293.1793602405993,1012.7033394162062,1.5213735068211074,350.39551952827014,1.5212449951426115,293.1793602405993,1.5207950883884238,178.85402494060656,279.46286542286384,178.8540250175358,1.42484963135779,371.50141759198345,1.4239357473577372,279.46286542286384,371.50141759198345,388.8988372610801,1.423715107615429,1.411445005409648,278.4778726017562,1.3613749689041208,68.34786553685396,218.431122832911,68.34786553622027,1.2658733758039773,189.99997875288295,218.431122832911,189.99997875288295,232.9406005560699,1.2654702664602184,1.2516150176445584,216.67449358206073,1.2009150031423075,137.39123062112796,0.015493825184572445,0.016562560741441246,119.20860218699566,269.8219139682938,35.92368497221664,600.2821513984471,1.62207580904689,1219.764349237063,1.6221323793832447,270.9683661252928,152.7807844835521,1.572026036917242,941.5339006819826,941.1897426545254,1.5713264151500457,267.71282093001776,943.027213291008,1.5212627792394644,194.13477158307083,1.5212033728457748,267.8182600763521,1.5210628406986741,126.08046881691223,244.90878087363382,126.00805344847703,1.4200954175154739,241.12159007748986,1.419454910927396,244.7181561589545,240.5985010538522,284.0516961342468,1.419183837910554,1.4114513640815702,241.29899265424459,1.3613571383328236,50.16835373004932,166.2995230041638,50.20416716779513,1.2601602417992046,179.58836724952147,167.5275152299332,181.99815705704953,231.16659125769186,1.26012467815013,1.251584692180848,164.3482570691657,1.2009318087783836,132.03581516226407,0.007641628649896293,0.005199026410444286
123.19179307218869,509.9999999974068,68.62498089783605,599.9999591794931,1.622003102637798,1219.5065531075552,1.6221949998762315,296.9260330506222,212.58835285601168,1.5721330323051124,1006.4086555755514,1012.7033388635092,1.571314999840936,293.179360121955,1012.7033388635043,1.5213735051547808,350.39551860074033,1.5212449934762695,293.179360121955,1.5207950867222222,178.8643013840335,279.45988656947065,178.86430145953477,1.4248496649549025,371.51310308693195,1.423935773153829,279.45988656947065,371.51310308693195,388.90875097378273,1.4237151325423794,1.4114450053515681,278.47500005770524,1.3613749641179145,68.34739249127975,218.4305352641074,68.3473924906597,1.2658734011081605,189.99998009660288,218.4305352641074,189.99998009660288,232.94364467675294,1.2654702928811064,1.2516150159387163,216.67378426818243,1.200914996271897,137.39114197959657,0.0154935540041328,0.016562267243666554,119.20855114995761,269.8192871978977,35.92332022911533,600.2821439528318,1.6220758117366845,1219.7643297001725,1.6221323814064845,270.9680465559819,152.78007777090156,1.5720260345696864,941.5331817808353,941.1889536835803,1.5713264142236878,267.7125333376904,943.0264234851512,1.521262772244927,194.13287634826054,1.5212033670528602,267.8179690022774,1.5210628347411386,126.08032952149256,244.90823815551326,126.00791181195908,1.4200953836374786,241.12170250556596,1.419454879954168,244.71762935386528,240.59860946663989,284.05206213349874,1.4191838066131517,1.4114513625231533,241.29838757919717,1.3613571316355295,50.16825310646016,166.29916110923952,50.20406376625493,1.2601602005624932,179.58832900069623,167.52717307587878,181.998140952281,231.16648875692434,1.2601246387287728,1.2515846911884245,164.34790342939894,1.200931806129244,132.03560125422393,0.0076416819609529995,0.0051988509774632645
123.19179307112027,509.99999999765805,68.62497900258674,599.9999591401611,1.6220031026525032,1219.5065388151386,1.6221949998882719,296.926032945031,212.58835070398547,1.5721330323075269,1006.408655095427,1012.7033383645041,1.571314999844074,293.1793600145189,1012.7033383645008,1.5213735035177134,350.39551776252983,1.5212449918391768,293.1793600145189,1.5207950850852439,178.8743761452086,279.4569671903341,178.8743762193057,1.4248496979583856,371.5245585957734,1.4239357985038783,279.4569671903341,371.5245585957734,388.9184694366263,1.4237151570392066,1.4114450052926906,278.4721848988548,1.3613749596195857,68.34690472505642,218.42990466018088,68.34690472444845,1.265873421992742,189.99998139099898,218.42990466018088,189.99998139099898,232.94669385093965,1.2654703150227604,1.2516150143134541,216.67303205435263,1.2009149897795308,137.3910439008547,0.015493258278179893,0.0165619733551088,119.20850136536221,269.8167058908354,35.92296230364209,600.2821365467157,1.6220758143709046,1219.7643104888969,1.622132383385741,270.96773260547207,152.77937771140358,1.5720260322888069,941.5324747869536,941.1881789057633,1.5713264133497655,267.71225131615864,943.0256478724228,1.5212627655119841,194.1310164764321,1.5212033615072416,267.81768071360057,1.5210628289300996,126.08019198189751,244.90769878750456,126.00777310181547,1.420095350098829,241.1218122567831,1.4194548491642134,244.71710841147177,240.59871787942754,284.05241912353836,1.419183775547773,1.411451361047338,241.29779598771628,1.3613571252534025,50.16815402617759,166.29880211552933,50.20396283400525,1.2601601597509027,179.5882768150521,167.52683584127436,181.9981242280983,231.1663802266999,1.2601245994672747,1.2515846901786913,164.34755420158498,1.2009318035876548,132.0353903171288,0.007641733403360309,0.005198679868535473
123.19179307001949,509.999999997886,68.62497729113423,599.9999591046426,1.6220031026657806,1219.5065259087637,1.6221949998991427,296.926032849389,212.58834876078265,1.5721330323099276,1006.4086546620103,1012.7033379140235,1.5713149998471299,293.1793599172106,1012.7033379140199,1.521373501909478,350.39551700503176,1.5212449902309082,293.1793599172106,1.520795083477066,178.8842530943279,279.45410610325155,178.8842531670449,1.4248497303769978,371.5357885581081,1.4239358234140322,279.45410610325155,371.5357885581081,388.9279964242278,1.4237151811117985,1.4114450052331096,278.4694259831897,1.361374955396034,68.34640347024731,218.42923381906192,68.34640346965185,1.2658734386805692,189.9999826380307,218.42923381906192,189.9999826380307,232.94974556853737,1.2654703330994863,1.251615012765325,216.67223982043492,1.2009149836496729,137.39093727200964,0.01549293959099565,0.016561679342764098,119.20845439876277,269.8141852015515,35.92260915050848,600.282129456594,1.6220758169717804,1219.7642918745819,1.6221323853430059,270.9674242737633,152.77869908984164,1.5720260299829236,941.5317834213577,941.1874158164047,1.5713264124365167,267.711976954471,943.0248881226028,1.5212627585797314,194.12918865230603,1.5212033558688869,267.81740008476777,1.5210628231678929,126.08005970977631,244.90718035769495,126.00763556222161,1.4200953176064945,241.12192066957078,1.419454819159717,244.7166025445816,240.59882495378574,284.05276823051713,1.419183745436269,1.4114513595054416,241.29722040797063,1.361357118707631,50.16805618054028,166.29845333913838,50.203863753723454,1.2601601199857633,179.58822973957487,167.5265080671507,181.99811091069355,231.166276520041,1.2601245610370462,1.2515846891631883,164.3472130519945,1.200931800802662,132.0351793800336,0.007641783600091579,0.005198511463985816
123.19179306888901,509.99999999809097,68.62497574565394,599.9999590725693,1.622003102677771,1219.5065142540175,1.62219499990896,296.9260327627301,212.58834700615222,1.5721330323123168,1006.4086542707876,1012.7033375074332,1.5713149998501124,293.17935982905396,1012.7033375074298,1.5213735003296642,350.39551632052206,1.5212449886510542,293.17935982905396,1.520795081897281,178.89393603070607,279.4513021494554,178.89393610206758,1.4248497622194636,371.5467973310719,1.4239358478904425,279.4513021494554,371.5467973310719,388.937335640858,1.4237152047660497,1.4114450051729261,278.46672219138827,1.361374951434733,68.34588989966548,218.42852540950497,68.3458898990825,1.2658734513848122,189.9999838395535,218.42852540950497,189.9999838395535,232.9527974577179,1.265470347316303,1.2516150112910394,216.6714103123977,1.2009149778672996,137.39082293883783,0.015492599455137155,0.016561385454883497,119.20840805838466,269.8117150270828,35.922266905579775,600.2821223467226,1.6220758195393112,1219.7642732602667,1.6221323872947726,270.96712366790604,152.77802638219308,1.572026027779833,941.5311084282516,941.1866744341833,1.5713264115494854,267.71170885992854,943.024145070581,1.5212627518717023,194.1274193981187,1.5212033502614444,267.81712572308015,1.5210628173080218,126.07992802292998,244.90666779058108,126.00750153427694,1.4200952857362936,241.12202372864053,1.419454789757405,244.7161050529711,240.5989280128555,284.0531105805867,1.4191837159950553,1.4114513580282497,241.2966515700082,1.361357112131555,50.16796142151614,166.29810986061665,50.20376652540954,1.2601600811362685,179.58819009706772,167.5261852755469,181.998098212703,231.1661752251649,1.2601245236938625,1.251584688147685,164.34687867568368,1.2009317980120084,132.03497587030097,0.00764183353014606,0.005198346303284079
123.1917930677366,509.9999999982763,68.62497435005066,599.9999590436062,1.6220031026885977,1219.5065037295199,1.622194999917824,296.92603268419373,212.58834542180227,1.5721330323146883,1006.4086539176374,1012.7033371403307,1.571314999853021,293.17935974916304,1012.7033371403274,1.5213734987778444,350.39551570175036,1.5212449870991873,293.17935974916304,1.5207950803454657,178.90342868394583,279.44855419308124,178.90342875397374,1.4248497934944324,371.55758919080705,1.423935871939225,279.44855419308124,371.55758919080705,388.9464907216882,1.4237152280078216,1.4114450051122183,278.4640724263063,1.3613749477236912,68.34536512934773,218.4277819767079,68.34536512877646,1.2658734603093817,189.9999849973425,218.4277819767079,189.9999849973425,232.9558472789907,1.265470357869341,1.2516150098874435,216.6705461481438,1.2009149724178918,137.39070170715945,0.015492239314312348,0.01656109192232055,119.2083614048959,269.80927516150336,35.92192875122791,600.2821152566008,1.6220758220790552,1219.7642549715665,1.6221323891860622,270.96682727614956,152.77736772008885,1.5720260255795204,941.5304431097986,941.1859430706405,1.5713264106711935,267.7114456398323,943.0234145419079,1.5212627452633283,194.12566672032912,1.5212033447838322,267.81685762853766,1.5210628115702314,126.0797975066334,244.90616694885873,126.00736926215689,1.4200952542054381,241.1221267877103,1.4194547609310957,244.71562012428004,240.59903107192525,284.05344504759535,1.419183686966328,1.4114513565662015,241.29609790105815,1.3613571056888187,50.16786635383068,166.29777319364106,50.20367053174088,1.2601600428754023,179.58814457012596,167.52586980004827,181.99807870115652,231.16607272439737,1.2601244867023698,1.2515846871668015,164.34655076195162,1.200931795334566,132.03476938962334,0.007641881769474671,0.0051981822272600085
123.19179306656419,509.99999999844385,68.62497308978948,599.9999590174516,1.622003102698374,1219.5064942256608,1.6221949999258283,296.9260326129918,212.58834399121997,1.5721330323170433,1006.4086535988796,1012.7033368090691,1.5713149998558629,293.1793596767447,1012.7033368090664,1.5213734972536108,350.3955151425823,1.521244985574901,293.1793596767447,1.5207950788212141,178.91273471508538,279.4458611207755,178.9127347838031,1.4248498242105168,371.5681683337964,1.4239358955664954,279.4458611207755,371.5681683337964,388.95546523395615,1.4237152508429791,1.4114450050510776,278.4614756125946,1.3613749442514576,68.34483022090319,218.42700594762658,68.34483022034368,1.2658734656493666,189.99998611307075,218.42700594762658,189.99998611307075,232.9588929194646,1.2654703649462673,1.2516150085515423,216.669649823013,1.2009149672874484,137.3905743441968,0.015491860546141096,0.016560798959754947,119.20831600384977,269.8069060166654,35.921600141555324,600.2821085022231,1.6220758244798634,1219.764237524038,1.6221323910113765,270.96653790789446,152.77673271363818,1.5720260234542185,941.5297963964479,941.1852300746752,1.5713264098234887,267.71118729418225,943.0227048854825,1.521262738922777,194.1239571411737,1.5212033395844284,267.8165944084414,1.521062806247515,126.07967342836042,244.90567448241598,126.00724167223576,1.4200952236926194,241.1222271699211,1.4194547327069706,244.71514022075678,240.59913011570657,284.0537750099979,1.4191836585305497,1.411451355175741,241.29555265933715,1.3613570996764066,50.167775607403655,166.29744510416808,50.20357824200799,1.2601600053666728,179.58810260481567,167.52556164065473,181.99806631287305,231.1659798707609,1.2601244508618654,1.251584686232077,164.3462306778823,1.2009317929005274,132.0345673653632,0.007641929475088052,0.005198023553399595
123.1917930653776,509.9999999985946,68.62497195174527,599.9999589938338,1.6220031027072017,1219.5064856434633,1.6221949999330556,296.9260325484212,212.58834269949085,1.5721330323193778,1006.4086533111695,1012.7033365100212,1.5713149998586382,293.1793596110766,1012.7033365100191,1.5213734957565417,350.39551463706186,1.5212449840777746,293.1793596110766,1.5207950773241072,178.92185771774274,279.4432218411873,178.92185778517228,1.4248498543762378,371.5785388782805,1.4239359187783167,279.4432218411873,371.5785388782805,388.96426267818003,1.4237152732773364,1.411445004989563,278.4589306962032,1.3613749410070315,68.3442861837973,218.42619963602834,68.34428618324776,1.2658734675095866,189.999987188361,218.42619963602834,189.999987188361,232.96193238742174,1.265470368726593,1.2516150072804344,216.66872371502996,1.2009149624624247,137.3904415799162,0.015491464464831501,0.0165605067668112,119.20827154213563,269.8045823351611,35.92127630422239,600.2821017478452,1.6220758269084588,1219.7642200765094,1.6221323928586826,270.96625696784093,152.7761014033834,1.5720260213455857,941.5291571251379,941.1845296020584,1.5713264090260346,267.71093382297846,943.0220044128463,1.5212627326507386,194.12227739953425,1.521203334341748,267.81633327739354,1.521062800778302,126.07954993536231,244.90519374136474,126.00711525286438,1.4200951936322612,241.12232487527294,1.419454705163576,244.71467120509703,240.59922514419947,284.05409821549114,1.41918363063616,1.4114513537852809,241.29501837301393,1.3613570938397603,50.16768486097662,166.29712256484376,50.20348471762985,1.2601599690024994,179.5880606395054,167.52525625633558,181.99805516341792,231.16588822301583,1.2601244156927711,1.2515846853146624,164.34591718067207,1.2009317903476173,132.03437573941054,0.007641976290960861,0.005197864884382681
123.19179306417973,509.9999999987315,68.62497092406593,599.9999589725063,1.6220031027151725,1219.5064778935462,1.6221949999395813,296.9260324898422,212.58834153314552,1.572133032321691,1006.4086530515049,1012.7033362401385,1.5713149998613511,293.17935955151086,1012.703336240136,1.5213734942862323,350.39551418009137,1.5212449826074033,293.17935955151086,1.5207950758537425,178.93080121924203,279.44063528458025,178.9308012854063,1.4248498840000894,371.58870486557737,1.4239359415807622,279.44063528458025,371.58870486557737,388.97288648928793,1.4237152953167216,1.4114450049277645,278.45643664400563,1.3613749379799682,68.34373397752535,218.42536524760237,68.34373397698765,1.2658734663139537,189.99998822470724,218.42536524760237,189.99998822470724,232.96496380692287,1.2654703693821525,1.2516150060714044,216.66777009018332,1.2009149579298137,137.3903041083519,0.015491052323744802,0.0165602155290767,119.20822739353217,269.8022940140276,35.92095996628032,600.2820952304631,1.6220758292925948,1219.7642030902687,1.6221323946400135,270.9659746230871,152.77548413867294,1.5720260192258402,941.528535714726,941.1838458272393,1.5713264081346336,267.710683833522,943.0213189682285,1.521262726117106,194.12062970559714,1.5212033290681553,267.81607910984025,1.521062795309089,126.0794287834637,244.90472305064907,126.00699175986733,1.4200951640526427,241.12241990376583,1.4194546779343646,244.71421140224487,240.59932151112184,284.0544135379236,1.4191836032315976,1.4114513523645333,241.2944941993656,1.3613570876152166,50.16759627517881,166.2968055756682,50.20339489718747,1.2601599325075192,179.58801542227067,167.52495919723947,181.9980415363061,231.1657881340311,1.260124380811424,1.251584684310699,164.34560728759234,1.200931787568285,132.03419005534792,0.007642021950063644,0.00519771323586955
123.19179306297323,509.99999999885415,68.62496999604815,599.9999589532473,1.6220031027223702,1219.5064708951957,1.6221949999454741,296.926032436677,212.58834048002365,1.5721330323239822,1006.4086528171536,1012.7033359965535,1.571314999864005,293.17935949745834,1012.7033359965517,1.5213734928422702,350.3955137669261,1.5212449811633766,293.17935949745834,1.52079507440971,178.93956868171458,279.4381004023454,178.93956874663505,1.4248499130904642,371.5986702614422,1.423935963979841,279.4381004023454,371.5986702614422,388.9813400377939,1.4237153169669012,1.4114450048657377,278.4539924433236,1.3613749351602098,68.34317451370211,218.42450488434574,68.34317451317446,1.2658734619879524,189.99998922357418,218.42450488434574,189.99998922357418,232.9679854128676,1.2654703670773062,1.251615004921808,216.66679110699795,1.2009149536770334,137.39016258890516,0.015490625317868847,0.016559925419033793,119.20818355803935,269.8000612591909,35.92065044596631,600.2820887525803,1.6220758315544674,1219.7641863482388,1.6221323963663647,270.96570070653496,152.7748823979851,1.5720260172950105,941.5279269557836,941.1831737408786,1.571326407411463,267.7104394148612,943.0206493865189,1.5212627204492262,194.11901295426918,1.5212033244128034,267.8158305130827,1.5210627905723597,126.07930997266456,244.90425822262915,126.00687002269488,1.420095135179994,241.1225176091177,1.4194546514382473,244.7137641623122,240.59941653961474,284.0547221034468,1.4191835766262277,1.411451351104859,241.2939801383922,1.3613570822331378,50.167510158671526,166.29649363208236,50.20330723737429,1.2601598974514094,179.58797701859189,167.5246669945235,181.99802883831552,231.1656976921774,1.260124347208953,1.251584683525992,164.34530516203517,1.200931785527655,132.0340014003403,0.0076420668083952,0.005197563210733462
123.19179306176304,509.9999999989657,68.6249691580275,599.9999589358556,1.6220031027288684,1219.5064645755283,1.6221949999507939,296.92603238840945,212.58833952914244,1.572133032326247,1006.4086526056606,1012.703335776691,1.5713149998665987,293.17935944838706,1012.7033357766893,1.521373491424249,350.3955133932941,1.5212449797452865,293.17935944838706,1.5207950729916049,178.94816350320588,279.435616166621,178.94816356690504,1.424849941655705,371.6084389573665,1.4239359859815495,279.435616166621,371.6084389573665,388.98962663091334,1.4237153382336325,1.411445004803555,278.45159710155724,1.3613749325382012,68.34260865808801,218.42362054942595,68.34260865757118,1.2658734547768447,189.99999018631576,218.42362054942595,189.99999018631576,232.97099554599123,1.2654703619693963,1.2516150038291574,216.66578882155298,1.2009149496920055,137.3900176476196,0.015490184586209443,0.016559636596916498,119.20814285365317,269.7978790191695,35.920344334466336,600.2820825116933,1.622075833844127,1219.7641701489006,1.6221323980927163,270.9654366228846,152.7742887889282,1.5720260153141734,941.5273256388821,941.182516682536,1.571326406576867,267.71020126334554,943.0199889885984,1.5212627144574677,194.11744261685493,1.52120331934323,267.81558887981976,1.5210627852252272,126.07919291769005,244.9038076325846,126.00675004134703,1.4200951069577574,241.12260862232216,1.419454625308677,244.7133236226032,240.5995075528192,284.0550261643638,1.4191835505364656,1.41145134977635,241.29347956098528,1.361357076487405,50.167424659486876,166.296191779676,50.20321988622243,1.26015986301663,179.58794171198397,167.5243822971223,181.99801335296118,231.16561327978062,1.260124314277892,1.2515846826085775,164.34500875337457,1.2009317830398412,132.03381274533263,0.007642110865941426,0.005197415348469693
123.19179306054872,509.99999999906595,68.62496840127586,599.9999589201507,1.6220031027347368,1219.5064588687264,1.6221949999555982,296.9260323445628,212.58833867058655,1.5721330323284897,1006.4086524148092,1012.7033355783117,1.5713149998691396,293.1793594038194,1012.7033355783105,1.5213734900317757,350.3955130554461,1.5212449783527426,293.1793594038194,1.5207950715990362,178.95658901875635,279.4331815699234,178.95658908125475,1.4248499697040753,371.61801477183593,1.4239360075918408,279.4331815699234,371.61801477183593,388.99774951364554,1.4237153591226326,1.4114450047412748,278.44924964582765,1.3613749301047635,68.34203723251466,218.422714151221,68.34203723200795,1.265873444837037,189.99999111424506,218.422714151221,189.99999111424506,232.97399264826132,1.2654703542089658,1.251615002791052,216.6647651916932,1.2009149459630817,137.38986987842742,0.015489731214089255,0.016559349211501293,119.20810120993501,269.7957270880373,35.920047085882835,600.2820763103053,1.622075836072655,1219.764154085235,1.6221323997805823,270.9651746462847,152.77370774693725,1.5720260133138892,941.5267414386745,941.1818746522114,1.571326405779413,267.7099672899266,943.0193494629257,1.5212627084034247,194.11589327621118,1.5212033144220345,267.8153479429062,1.5210627799757594,126.07907937436477,244.90336206770786,126.00663298637353,1.4200950792445393,241.12270097395609,1.4194545996503818,244.71288894558998,240.5995972275942,284.05532234222,1.4191835246787272,1.4114513484450875,241.2929857253616,1.361357070687124,50.167340703608815,166.2958938376017,50.203134387038446,1.2601598290723743,179.5878975787241,167.5241017623326,181.997998487021,231.16552163203554,1.2601242814427467,1.2515846816853928,164.3447182480311,1.2009317805322153,132.0336315176875,0.007642153855670759,0.005197271267755631
123.19179305933403,509.99999999915633,68.62496771791211,599.9999589059687,1.6220031027400355,1219.5064537153555,1.622194999959936,296.9260323047156,212.58833789540125,1.5721330323307066,1006.4086522425914,1012.7033353993327,1.5713149998716274,293.1793593633262,1012.7033353993309,1.521373488664443,350.39551274993266,1.5212449769853367,293.1793593633262,1.520795070231597,178.96484850146084,279.43079562461503,178.96484856277866,1.4248499972437563,371.62740145168925,1.4239360288166227,279.43079562461503,371.62740145168925,389.0057118699318,1.4237153796395752,1.4114450046789515,278.4469491224578,1.3613749278511373,68.34146101674625,218.42178750760374,68.34146101624819,1.2658734323182108,189.99999200860117,218.42178750760374,189.99999200860117,232.97697525833138,1.2654703439401063,1.2516150018052037,216.66372208145776,1.2009149424790537,137.38971984437072,0.015489266235354855,0.016559063400830906,119.20806019243817,269.793630723202,35.91975597316459,600.2820702076658,1.6220758382678386,1219.7641385099919,1.6221324014464564,270.96491618143546,152.77314296820816,1.5720260114052849,941.52616691312,941.1812426405654,1.571326405001622,267.70973470920666,943.0187166163723,1.5212627025113212,194.11437598326975,1.521203309439015,267.8151111840895,1.5210627749460366,126.07896700158923,244.9029282282226,126.0065200283241,1.4200950518989452,241.12278797187213,1.4194545745680889,244.71246683149622,240.5996855639397,284.05561401547,1.4191834994139378,1.411451347145489,241.2925062160274,1.3613570650504876,50.167258908359955,166.29559955358,50.20305166580629,1.2601597955532395,179.58785592312088,167.52382532708458,181.997984240495,231.1654336019646,1.2601242493109834,1.2515846808025974,164.34443345958428,1.2009317780670439,132.03345771740487,0.0076421959555779614,0.00519713042867095
123.19179305812204,509.9999999992385,68.62496710081943,599.9999588931622,1.6220031027448196,1219.5064490617465,1.622194999963852,296.9260322684865,212.58833719549634,1.5721330323328953,1006.4086520872077,1012.7033352377632,1.571314999874062,293.1793593265112,1012.7033352377618,1.5213734873218558,350.39551247348686,1.5212449756426747,293.1793593265112,1.5207950688888952,178.97294516353173,279.42845736263007,178.97294522369032,1.4248500242828523,371.63660267329794,1.4239360496617617,279.42845736263007,371.63660267329794,389.0135168236768,1.4237153997900975,1.4114450046166354,278.44469459670734,1.3613749257689376,68.34088075026212,218.42084234986334,68.3408807497724,1.2658734173636028,189.9999928705694,218.42084234986334,189.9999928705694,232.97994200722195,1.2654703313007243,1.2516150008694198,216.66266126515512,1.2009149392291372,137.38956807878822,0.015488790634502946,0.01655877929288305,119.20801948805199,269.79158487318193,35.91947304160003,600.282064223524,1.6220758403685458,1219.7641230704214,1.6221324030188657,270.96466263303716,152.77259740969757,1.572026009599473,941.5256109926678,941.1806289964969,1.571326404313408,267.70951187737916,943.0181071467365,1.5212626971735488,194.11289957877614,1.5212033051298777,267.8148855668641,1.5210627705999655,126.07885931101269,244.902501926489,126.0064082408244,1.420095025175485,241.1228776466471,1.4194545500879805,244.71205811784986,240.59977523871467,284.05589893181076,1.4191834749741212,1.4114513459904432,241.29203429119931,1.3613570598320532,50.16717989106296,166.2953140993403,50.20297017921939,1.260159763145959,179.58781628061377,167.52355986599426,181.9979724716257,231.1653443660023,1.2601242182342927,1.2515846800178905,164.34415706006178,1.200931776037735,132.03328243164975,0.007642237076641451,0.005196991751768938
123.19179305691273,509.9999999993122,68.62496654357078,599.9999588815978,1.6220031027491393,1219.5064448594326,1.6221949999673884,296.926032235525,212.5883365635724,1.5721330323350577,1006.4086519470159,1012.7033350920431,1.5713149998764484,293.1793592930271,1012.703335092042,1.5213734860036272,350.395512223463,1.52124497432437,293.1793592930271,1.5207950675705442,178.9808821573381,279.4261658350638,178.98088221635973,1.424850050829401,371.6456220438231,1.4239360701330948,279.4261658350638,371.6456220438231,389.02116743982145,1.4237154195798087,1.411445004554385,278.44248515237314,1.3613749238501822,68.34029713397376,218.419880326612,68.34029713349267,1.265873400110333,189.99999370125434,218.419880326612,189.99999370125434,232.98289161413265,1.2654703164228571,1.2516149999816282,216.66158443140972,1.2009149362029878,137.3894150864777,0.015488305348726401,0.016558497006190193,119.20798066232979,269.7895693320511,35.919190791798265,600.2820583381305,1.6220758424748105,1219.764108010735,1.622132404607769,270.96441540579,152.77204519803442,1.572026007796439,941.5250558164196,941.1800195268779,1.5713264036120855,267.7092897419011,943.0174976771006,1.5212626917298928,194.1114386455871,1.5212033006661805,267.814655771542,1.5210627659609008,126.0787504498864,244.9020806499232,126.00629762387445,1.420094999074158,241.12296330613367,1.4194545260529652,244.7116452165637,240.5998568829128,284.05618159584844,1.4191834506632066,1.4114513447940968,241.29156826543158,1.3613570546924103,50.167100873765946,166.29503331227113,50.202889001293805,1.2601597311965007,179.58778654873342,167.5232951617424,181.99795946392803,231.1652611594969,1.260124187541265,1.2515846792504934,164.3438812819411,1.200931773875403,132.03311605872963,0.007642277930904159,0.005196854697299269
123.1917930557098,509.9999999993794,68.62496604036292,599.9999588711544,1.6220031027530388,1219.5064410646487,1.6221949999705805,296.9260322055228,212.58833599303375,1.5721330323371911,1006.4086518205334,1012.703334960527,1.5713149998787848,293.1793592625516,1012.7033349605256,1.5213734847093638,350.3955119971732,1.5212449730300286,293.1793592625516,1.5207950662761518,178.98866257642595,279.4239201117456,178.98866263432808,1.4248500768913421,371.65446310244994,1.423936090236394,279.4239201117456,371.65446310244994,389.0286667254079,1.423715439014257,1.411445004492241,278.44031989137477,1.3613749220872142,68.33971083186569,218.4189030072644,68.33971083139471,1.2658733806896145,189.99999450172493,218.4189030072644,189.99999450172493,232.98582288249648,1.2654702994328746,1.2516149991398275,216.66049318678265,1.2009149333906428,137.38926134481994,0.015487811269878447,0.016558216650411694,119.20794308905025,269.7875790483279,35.91891604138738,600.2820526502334,1.622075844503271,1219.764093303798,1.6221324061581865,270.964173797344,152.77151072811145,1.572026006040634,941.5245162684572,941.179425085277,1.571326402919502,267.7090752662671,943.0169024005933,1.5212626865789736,194.110007549914,1.5212032963199487,267.8144371178113,1.5210627615171652,126.07864627095908,244.90167277380482,126.00618993329881,1.4200949735949646,241.12304628876126,1.4194545024630425,244.7112473907809,240.5999398655404,284.0564529983706,1.4191834271772648,1.411451343630791,241.2911157232304,1.3613570497770209,50.1670227824529,166.29475946288784,50.20281029265873,1.2601597000318807,179.58774814505463,167.52303745824628,181.99794707564456,231.16518157066565,1.260124157935282,1.2515846784946358,164.34361339562332,1.2009317719281722,132.0329437439195,0.0076423177172914745,0.005196721962951234
123.19179305451169,509.9999999994395,68.62496558595467,599.999958861724,1.622003102756561,1219.506437637873,1.6221949999734633,296.92603217819084,212.58833547792594,1.5721330323392988,1006.4086517064447,1012.7033348419187,1.5713149998810771,293.17935923479644,1012.7033348419177,1.5213734834386894,350.3955117924221,1.5212449717592758,293.17935923479644,1.5207950650053426,178.9962894565324,279.4217192809414,178.99628951333685,1.424850102476538,371.6631293215614,1.423936109977391,279.4217192809414,371.6631293215614,389.0360176305803,1.423715458098953,1.411445004430247,278.4381979334646,1.3613749204727028,68.33912247258351,218.41791188560086,68.33912247212123,1.2658733592270393,189.99999527300483,218.41791188560086,189.99999527300483,232.9887346961317,1.2654702804517506,1.251614998342101,216.65938905946365,1.2009149307825255,137.38910730487663,0.015487309246373595,0.016557938326870206,119.20790770754533,269.78564433090156,35.918646063316125,600.2820469030873,1.6220758464761575,1219.764078678265,1.622132407642629,270.96394272415,152.7709821721019,1.5720260044487413,941.5239849067397,941.1788448368042,1.5713264023361588,267.70886705777826,943.0163229869943,1.521262681820446,194.10862839362056,1.5212032925177688,267.8142240348762,1.521062757342007,126.07854443313126,244.90127829813386,126.0060839985478,1.4200949489924137,241.12312793295936,1.4194544798418516,244.7108696656692,240.60001883287956,284.0567176439836,1.419183404464735,1.4114513426216748,241.29067497914988,1.3613570452010417,50.16694746909169,166.2944934341687,50.202734053314174,1.2601596700772197,179.5877134578609,167.52278606173735,181.99793840384612,231.16510439361716,1.260124128968737,1.2515846778195572,164.3433554517344,1.2009317703177445,132.0327847983619,0.007642357147852846,0.005196588152893814
123.19179305332301,509.99999999949443,68.6249651756141,599.999958853208,1.6220031027597397,1219.506434543418,1.6221949999760652,296.92603215328114,212.5883350128707,1.5721330323413754,1006.4086516035356,1012.7033347349077,1.571314999883322,293.17935920950526,1012.7033347349069,1.5213734821912133,350.3955116070681,1.5212449705117206,293.17935920950526,1.520795063757727,179.00376577658463,279.41956244890184,179.00376583231088,1.4248501275927663,371.6716241079608,1.4239361293617665,279.41956244890184,371.6716241079608,389.0432230496283,1.4237154768393592,1.4114450043684448,278.43611841578974,1.3613749189996796,68.33853265095082,218.41690838320596,68.33853265049636,1.2658733358428633,189.99999601604418,218.41690838320596,189.99999601604418,232.99162601552302,1.2654702595953409,1.2516149975866382,216.65827350283217,1.2009149283694591,137.38895339245545,0.015486800084995844,0.016557662129043804,119.20787326537241,269.783755076809,35.918382902872935,600.2820413731874,1.6220758483879123,1219.7640643783463,1.6221324090555982,270.96371586505677,152.77047283631086,1.5720260029540845,941.5234661964918,941.1782762767897,1.5713264018402078,267.7086685981819,943.0157510874044,1.5212626775601936,194.10727575956355,1.521203289067986,267.81401652273684,1.5210627537040036,126.07844376585318,244.9008947103264,126.00598333127057,1.4200949252382267,241.12320690029853,1.4194544579013908,244.71049361561344,240.60009512335978,284.05697553268726,1.419183382474056,1.4114513416813932,241.29025024680465,1.3613570411766045,50.166874316359696,166.29423522611359,50.20265904861487,1.2601596408419937,179.5876796997884,167.52254399956945,181.99792539614847,231.16502480478593,1.2601241012810684,1.2515846773291153,164.34310198193847,1.2009317692167665,132.03262436733178,0.0076423964006002,0.005196461360252567
123.19179305214195,509.9999999995433,68.62496480506715,599.999958845518,1.6220031027626103,1219.506431749055,1.6221949999784149,296.9260321305567,212.5883345930148,1.5721330323434253,1006.4086515107213,1012.7033346384369,1.5713149998855251,293.1793591864413,1012.7033346384361,1.5213734809665693,350.3955114393153,1.5212449692869972,293.1793591864413,1.5207950625329398,179.0110944596807,279.4174487396091,179.01109451434567,1.4248501522477262,371.67995080397225,1.4239361483951574,279.4174487396091,371.67995080397225,389.0502858219436,1.4237154952408972,1.4114450043068791,278.43408049264633,1.3613749176614758,68.33794192942995,218.4158938525846,68.33794192898232,1.2658733106522089,189.99999673175387,218.4158938525846,189.99999673175387,232.99449587431326,1.2654702369745743,1.251614996871703,216.65714789870088,1.200914926142628,137.3888000091395,0.015486284552654505,0.01655738814302824,119.2078378838675,269.78189108012407,35.918125878295,600.2820359815349,1.622075850221863,1219.7640505397158,1.622132410419086,270.9634946247646,152.7699716321507,1.572026001448315,941.5229593935092,941.1777177354539,1.5713264013158545,267.70847153128443,943.0151917111633,1.521262673312398,194.10595517320883,1.5212032856552977,267.813817366791,1.5210627502124971,126.07834543967458,244.90051949779863,126.00588324926824,1.4200949018799427,241.12328319077875,1.419454436301295,244.71012929094917,240.60017007541052,284.05722779063325,1.4191833609474243,1.4114513407397349,241.28983394168844,1.3613570371582282,50.1668030155956,166.29398080225084,50.20258558722213,1.2601596124243077,179.5876476451049,167.522305658524,181.99791486610752,231.16495124541157,1.2601240739770625,1.2515846767982841,164.34285596896422,1.2009317678186093,132.03246987819168,0.007642433339310761,0.005196336189275435
123.19179305097094,509.999999999588,68.62496447045503,599.9999588385735,1.6220031027652022,1219.5064292256827,1.622194999980536,296.9260321098126,212.58833421397082,1.572133032345446,1006.4086514270186,1012.703334551426,1.5713149998876856,293.1793591653926,1012.7033345514249,1.5213734797643803,350.39551128740095,1.5212449680847282,293.1793591653926,1.5207950613306043,179.0182783740634,279.4153772943531,179.01827842768972,1.4248501764490156,371.688112688645,1.423936167083132,279.4153772943531,371.688112688645,389.05720873304085,1.4237155133089248,1.4114450042455795,278.432083335068,1.3613749164516928,68.33735083951609,218.41486958014616,68.33735083907675,1.2658732837652718,189.9999974210145,218.41486958014616,189.9999974210145,232.99734337594475,1.265470212695651,1.2516149961956207,216.65601356041552,1.2009149240935537,137.38864753329003,0.015485763378059054,0.016557116447968246,119.20780563346922,269.7800877012175,35.91787498958233,600.282030668881,1.6220758521447325,1219.7640370538343,1.622132411832055,270.963276193873,152.76948299505656,1.572025999836975,941.5224667304042,941.1771792314755,1.5713264006625975,267.70827516073643,943.0146515373901,1.521262668248677,194.1046644243701,1.5212032816305512,267.81361821084516,1.521062746037339,126.0782512104201,244.90014931043862,126.00578667891509,1.420094878917562,241.12336081968843,1.4194544150677466,244.7097699914527,240.6002463658907,284.0574777962761,1.419183339575475,1.4114513396328736,241.28942185018678,1.3613570324731528,50.16673294947677,166.293732306956,50.20251305181334,1.260159584137428,179.58761001569383,167.52207261534775,181.99790247782403,231.16487286247173,1.2601240469288317,1.2515846760828162,164.34261380868114,1.2009317658317546,132.03231093263406,0.007642470100180683,0.005196215337399819
123.19179304981168,509.9999999996279,68.62496416829272,599.999958832303,1.622003102767542,1219.506426947021,1.622194999982451,296.92603209086224,212.5883338717791,1.5721330323474363,1006.4086513515474,1012.7033344729057,1.571314999889803,293.1793591461658,1012.7033344729048,1.5213734785842754,350.3955111497299,1.5212449669045434,293.1793591461658,1.5207950601503502,179.02532033406862,279.41334727139537,179.02532038667172,1.424850200204152,371.69611297886394,1.4239361854312136,279.41334727139537,371.69611297886394,389.06399451550635,1.4237155310487553,1.4114450041845816,278.43012613049893,1.361374915364246,68.33675988309238,218.41383678931425,68.33675988266077,1.2658732552875915,189.9999980846485,218.41383678931425,189.9999980846485,233.00016769035182,1.2654701868603044,1.2516149955568077,216.65487173607227,1.200914922214117,137.3884963210151,0.015485237253335199,0.016556847116458048,119.20777306996028,269.7783196826816,35.917628873209296,600.2820255142243,1.6220758538341902,1219.7640236764912,1.6221324131130739,270.9630668935331,152.76899953263663,1.572025998453445,941.5219792767277,941.1766465717263,1.5713264002321907,267.70808714638196,943.0141163729564,1.5212626645302987,194.10340682832688,1.5212032784404295,267.81342532204445,1.5210627428144097,126.0781575664405,244.8997908484701,126.00569069383681,1.4200948567752663,241.12343175645074,1.419454394619656,244.70942325487567,240.60031730265302,284.05771654040353,1.4191833190542786,1.4114513388192478,241.28902155680584,1.3613570288305523,50.16666411800321,166.29349112776632,50.20244422034032,1.2601595570605075,179.58757827071742,167.52184619450807,181.99788947012638,231.16480412666291,1.2601240210315896,1.2515846756904627,164.342378173117,1.2009317648864422,132.03215941443895,0.007642505704097355,0.005196095567331948
123.19179304866273,509.9999999996638,68.62496389543335,599.9999588266405,1.6220031027696549,1219.5064248893382,1.62219499998418,296.92603207353125,212.58833356286686,1.572133032349399,1006.4086512835079,1012.7033344021529,1.5713149998918818,293.17935912859207,1012.7033344021522,1.5213734774258973,350.39551102506005,1.5212449657460858,293.17935912859207,1.520795058991821,179.03222310107654,279.4113578457106,179.0322231526753,1.4248502235205671,371.7039548304217,1.4239362034448713,279.4113578457106,371.7039548304217,389.07064584992827,1.423715548465652,1.4114450041239177,278.4282080825445,1.361374914393305,68.33616953371282,218.41279664318776,68.33616953328854,1.2658732253202163,189.99999872344836,218.41279664318776,189.99999872344836,233.00296805086705,1.2654701595659568,1.2516149949537412,216.65372361129243,1.200914920496524,137.38834670710588,0.015484706835575795,0.01655658021491909,119.20774269822599,269.77658197303504,35.917385483887486,600.282020497815,1.62207585554032,1219.7640108147052,1.622132414366603,270.9628632119943,152.76852863728263,1.5720259972171584,941.5215022419086,941.1761239306559,1.5713263998695128,267.7079095772694,943.0135937318715,1.5212626608555195,194.102181279986,1.5212032756583465,267.8132387003889,1.5210627397379775,126.07806626356037,244.89944662447695,126.00559880568261,1.420094835537892,241.1235040316425,1.4194543749046598,244.7090890812181,240.60038556255637,284.0579440230155,1.4191832994353963,1.4114513380538063,241.28863811788304,1.3613570253697787,50.16659806448149,166.2932591567779,50.20237662351255,1.2601595308665299,179.5875429641095,167.52162727898312,181.99787088770117,231.1647281555058,1.2601239960295607,1.251584675315419,164.34215074005667,1.2009317642100057,132.03201383813385,0.0076425426433362155,0.005195976878997134
123.19179304752683,509.99999999969725,68.62496364903538,599.9999588215265,1.6220031027715613,1219.5064230312037,1.6221949999857403,296.9260320576706,212.58833328400294,1.572133032351331,1006.4086512221686,1012.7033343383772,1.5713149998939202,293.17935911251016,1012.7033343383766,1.5213734762888818,350.39551091208597,1.5212449646089907,293.17935911251016,1.5207950578546532,179.0389893844333,279.40940820856076,179.03898943504686,1.4248502464055952,371.711641339174,1.42393622112951,279.40940820856076,371.711641339174,389.07716536586736,1.4237155655648173,1.411445004063614,278.4263284105573,1.3613749135333024,68.33558023784718,218.41175024729776,68.33558023742994,1.2658731939599164,189.99999933816628,218.41175024729776,189.99999933816628,233.0057437512258,1.2654701309059262,1.251614994384966,216.65257031207767,1.200914918933295,137.3881990059419,0.015484172748327345,0.016556315803950505,119.207712952713,269.77487457227755,35.91714686690532,600.2820156196533,1.6220758571519738,1219.7639981428608,1.6221324155046755,270.96266514925657,152.76806143812453,1.5720259960419916,941.5210348817425,941.175611308264,1.5713263995483464,267.70773757895256,943.0130777699057,1.5212626577848989,194.10097562332243,1.5212032732224785,267.8130583458785,1.5210627371987,126.07797905760437,244.8991124508194,126.00550925862788,1.4200948148943722,241.12357095311637,1.419454355739484,244.70876663295203,240.60045114560074,284.0581715056275,1.4191832803836828,1.4114513373489392,241.28826479163513,1.3613570225090341,50.16653355426636,166.2930329882177,50.202310261330034,1.260159505588197,179.58750858662285,167.5214141028165,181.99785942853896,231.16466062558837,1.2601239720506328,1.2515846750961626,164.3419303909769,1.200931763774143,132.03186083446624,0.007642578425612533,0.0051958614302180725
123.191793046403,509.9999999997266,68.62496342653239,599.9999588169089,1.6220031027732835,1219.506421353267,1.6221949999871494,296.9260320431382,212.5883330322726,1.572133032353235,1006.4086511668897,1012.703334280877,1.5713149998959208,293.1793590977819,1012.7033342808763,1.5213734751728754,350.3955108096577,1.521244963492905,293.1793590977819,1.5207950567384931,179.045621842368,279.4074975672164,179.04562189201317,1.4248502688664915,371.71917554208017,1.4239362384904886,279.4074975672164,371.71917554208017,389.0835556427663,1.4237155823514098,1.4114450040037054,278.4244863493652,1.3613749127789334,68.33499241607367,218.4106986521781,68.33499241566334,1.265873161299383,189.99999992951075,218.4106986521781,189.99999992951075,233.00849414268805,1.265470100969615,1.2516149938490995,216.65141290747553,1.2009149175172613,137.38805351236925,0.015483635583025398,0.016556053938662104,119.20768665141732,269.7732025318908,35.9169137040256,600.2820108204901,1.6220758586635937,1219.7639857423624,1.6221324165877686,270.96247340767,152.76760458831484,1.5720259950807438,941.520571986801,941.1751103743306,1.5713263994259974,267.7075683660335,943.0125701568392,1.521262655374493,194.09980975001346,1.5212032715037695,267.81288286581434,1.5210627351233288,126.07789360747297,244.89878916502536,126.00542263794749,1.4200947949861011,241.12363921301974,1.4194543371764927,244.70845172243762,240.60051672864515,284.05839110517866,1.4191832621053813,1.4114513368409396,241.28790579167662,1.3613570202543794,50.166470278696494,166.29281274822543,50.20224698576066,1.2601594815198232,179.58748675227324,167.52120691828767,181.9978485887909,231.16459309567097,1.2601239491587497,1.2515846750615431,164.34171594521428,1.200931764204345,132.03171971457863,0.007642614475090178,0.0051957486813163315
123.19179304529291,509.99999999975296,68.62496322560719,599.9999588127394,1.6220031027748378,1219.5064198380524,1.6221949999884213,296.92603202981115,212.5883328050418,1.572133032355109,1006.4086511170698,1012.7033342290356,1.5713149998978837,293.1793590842792,1012.7033342290354,1.5213734740775253,350.3955107167526,1.5212449623974766,293.1793590842792,1.5207950556429886,179.05212308289606,279.40562514467706,179.05212313159268,1.4248502909104044,371.7265604182494,1.4239362555330897,279.40562514467706,371.7265604182494,389.0898192108291,1.423715598830516,1.4114450039442052,278.42268114900395,1.3613749121250867,68.33440646421572,218.40964285571104,68.33440646381197,1.2658731274273594,190.00000049818584,218.40964285571104,190.00000049818584,233.01121863131408,1.2654700698426375,1.2516149933447946,216.6502524120358,1.2009149162415338,137.38791050254525,0.015483095900365394,0.01655579466898435,119.20766191567495,269.7715355429856,35.916680541145894,600.2820062188233,1.6220758600418357,1219.7639736946132,1.6221324175389114,270.96229360603576,152.76715069546188,1.5720259943361936,941.5201157896962,941.1746094403971,1.571326399430367,267.70741586550156,943.0120642135524,1.5212626536243015,194.09867702950004,1.5212032705887732,267.81271643829314,1.5210627338536902,126.07780932789132,244.8984843048465,126.00533718781682,1.420094776322097,241.12370211920518,1.4194543199487801,244.70815775012233,240.6005729426832,284.0585949386082,1.4191832450129778,1.4114513365008963,241.2875653316221,1.361357018836129,50.166408855094524,166.292605879046,50.20218340152998,1.2601594591846337,179.58746197570628,167.52101070791656,181.9978368199216,231.16453038931905,1.2601239276096865,1.2515846752346402,164.34151181472163,1.200931765180791,132.03157562374602,0.007642651058807996,0.005195635934861218
123.19179304419609,509.9999999997773,68.62496304416729,599.9999588089736,1.6220031027762407,1219.506418469779,1.622194999989569,296.9260320175748,212.58833259993372,1.5721330323569542,1006.4086510721895,1012.7033341823636,1.5713149998998106,293.17935907188576,1012.7033341823633,1.5213734730024873,350.39551063252327,1.5212449613223602,293.17935907188576,1.520795054567796,179.05849566470226,279.4037901793058,179.05849571246455,1.4248503125444072,371.73379889001603,1.4239362722625537,279.4037901793058,371.73379889001603,389.09595855195096,1.4237156150071812,1.4114450038851438,278.4209120743593,1.3613749115669274,68.33382275444683,218.4085838056721,68.33382275404989,1.2658730924288921,190.00000104483019,218.4085838056721,190.00000104483019,233.01391667525428,1.265470037607059,1.251614992870792,216.6490897884292,1.200914915099537,137.3877702347541,0.015482554231622654,0.016555538039959745,119.2076387454859,269.7699342233403,35.916454877657046,600.2820017949033,1.6220758613200437,1219.7639620538828,1.6221324183800954,270.9621173161522,152.76671306587073,1.5720259937388865,941.519672988265,941.1741285438211,1.5713263996335538,267.70726475766855,943.011574968064,1.5212626527211779,194.09756972612982,1.521203270341477,267.8125541888688,1.521062733072374,126.07772914523377,244.89818446983546,126.00525407878564,1.420094758223669,241.12376770224955,1.4194543032447062,244.70786880297482,240.60062781829177,284.05879088897694,1.419183228539304,1.4114513363411998,241.28723666968824,1.3613570183391352,50.16634804881519,166.29240355089732,50.202121977928485,1.2601594371110572,179.58742945646213,167.520818660157,181.99782381222394,231.16446285940165,1.260123907115696,1.2515846756039142,164.34131396038717,1.2009317670516042,132.03144044574842,0.007642687197640355,0.005195525348609771
123.19179304311265,509.99999999979866,68.62496288032284,599.9999588055737,1.6220031027775077,1219.5064172341981,1.6221949999906056,296.9260320063261,212.58833241480292,1.5721330323587717,1006.4086510317583,1012.7033341403145,1.571314999901702,293.1793590604992,1012.7033341403146,1.5213734719474172,350.39551055608854,1.5212449602672127,293.1793590604992,1.5207950535125716,179.06474209802047,279.40199192455054,179.06474214486772,1.4248503337754779,371.7408938239479,1.4239362886840556,279.40199192455054,371.7408938239479,389.1019761005746,1.4237156308863905,1.411445003826545,278.41917840489725,1.3613749110998192,68.33324163634036,218.4075224018144,68.33324163595027,1.2658730563854321,190.00000157006727,218.4075224018144,190.00000157006727,233.0165877822862,1.2654700043414948,1.2516149924258775,216.6479259496262,1.2009149140849518,137.38763295019473,0.015482011079919557,0.016555284092018643,119.20761808018214,269.7683581611026,35.91623466827065,600.2819975092309,1.6220758625148903,1219.763950982978,1.6221324191553042,270.96195015682036,152.76627765399712,1.5720259932860445,941.5192324194461,941.1736534914743,1.5713263998869913,267.7071240950774,943.0110924016948,1.5212626522727302,194.09651325704604,1.5212032704589429,267.8123989029389,1.521062732877045,126.07764954785111,244.89790306043963,126.00517331085392,1.4200947411432772,241.12382123942865,1.4194542872475444,244.7075957688586,240.6006840323298,284.0589845870426,1.4191832128648225,1.411451336290262,241.2869172777064,1.3613570181391255,50.166290637810334,166.2922086649935,50.202064258262766,1.260159416934173,179.58741567449675,167.52063430692178,181.99781947632474,231.16440738839805,1.260123887516919,1.2515846761232055,164.34112418427617,1.2009317691148764,132.03130229680582,0.0076427242267689925,0.00519541530414003
123.19179304204405,509.9999999998181,68.62496273236772,599.9999588025032,1.6220031027786512,1219.5064161184405,1.6221949999915413,296.9260319959752,212.58833224770694,1.5721330323605591,1006.4086509953455,1012.7033341024362,1.5713149999035578,293.1793590500248,1012.7033341024357,1.5213734709119746,350.39551048669324,1.5212449592316932,293.1793590500248,1.5207950524769744,179.07086484549222,279.4002296486424,179.0708648914395,1.4248503546104967,371.747848031866,1.423936304802704,279.4002296486424,371.747848031866,389.10787424455657,1.4237156464730638,1.4114450037684239,278.4174794343735,1.3613749107193114,68.33266343787213,218.40645949796578,68.33266343748812,1.2658730193749843,190.0000020745038,218.40645949796578,190.0000020745038,233.019231507399,1.2654699701212524,1.2516149920088755,216.6467617610781,1.2009149131917094,137.38749887374064,0.015481466921435606,0.01655503286123595,119.20759929354237,269.76680230479104,35.916015140647055,600.2819934605541,1.6220758636486055,1219.7639402105538,1.6221324198535418,270.9617872115893,152.76584963451523,1.5720259929443292,941.5188030136884,941.1731884578061,1.5713264002540388,267.7069848251852,943.0106165144448,1.5212626521730752,194.09545899814867,1.521203271071001,267.8122457060575,1.5210627330235418,126.07757638849205,244.89762667621156,126.00509781039601,1.420094724402231,241.12388013032566,1.4194542718002034,244.70733278507797,240.6007375695089,284.0591726543505,1.41918319778329,1.4114513363329397,241.28661136929105,1.3613570183270134,50.166235078773376,166.29202172589353,50.2020077732423,1.2601593972151113,179.58739600809673,167.52045670216285,181.99781390159717,231.16434709382892,1.2601238689732146,1.2515846766944259,164.34093919295907,1.2009317715828782,132.03116711880824,0.007642760632986233,0.0051953095773351905
123.19179304099045,509.9999999998362,68.62496259876104,599.9999587997305,1.6220031027796828,1219.5064151108863,1.6221949999923848,296.9260319864386,212.58833209689902,1.5721330323623173,1006.4086509625607,1012.703334068309,1.5713149999053788,293.1793590403769,1012.7033340683085,1.5213734698958268,350.39551042364604,1.5212449582154692,293.1793590403769,1.520795051460673,179.0768663230155,279.3985026343338,179.07686636808,1.4248503750562576,371.75466427181124,1.4239363206235525,279.3985026343338,371.75466427181124,389.11365532601064,1.4237156617720692,1.4114450037107997,278.4158144705782,1.3613749104211768,68.33208846641185,218.40539590429984,68.33208846603361,1.2658729814723093,190.0000025587068,218.40539590429984,190.0000025587068,233.02184745038622,1.2654699350185243,1.251614991618676,216.64559804307058,1.200914912414017,137.38736821466927,0.015480922206586251,0.016554784379578448,119.2075820724559,269.7652767573687,35.91580447593994,600.2819894711263,1.6220758646767293,1219.7639297094752,1.6221324205242897,270.96163269455985,152.76542974666427,1.572025992666512,941.5183803057676,941.1727284334772,1.5713264006647822,267.706854607836,943.0101514807637,1.5212626526090658,194.09445999391048,1.5212032720663684,267.81210434711693,1.5210627335606965,126.07750088803348,244.89736369243093,126.00502172466322,1.4200947085661064,241.1239363443637,1.4194542569550468,244.70707566399307,240.6007844145406,284.05935283859765,1.41918318350095,1.411451336448582,241.28631135993606,1.3613570190361386,50.16617982839774,166.29184071536153,50.20195190554447,1.260159378182783,179.58736906358018,167.52028218782763,181.9978058492129,231.16429524049946,1.2601238510050048,1.2515846773810444,164.3407604778002,1.200931774447119,132.03103639722815,0.007642795882202886,0.005195206010306369
123.19179303995097,509.9999999998522,68.62496247811117,599.9999587972263,1.6220031027806143,1219.506414201042,1.6221949999931469,296.9260319776384,212.58833196079672,1.5721330323640477,1006.4086509330534,1012.7033340376022,1.571314999907167,293.1793590314794,1012.703334037602,1.5213734688986462,350.39551036637965,1.5212449572182134,293.1793590314794,1.5207950504633394,179.08274890057987,279.39681017857936,179.08274894477867,1.4248503951194629,371.7613452490489,1.4239363361515904,279.39681017857936,371.7613452490489,389.11932164215045,1.4237156767882144,1.4114450036536876,278.41418283502685,1.3613749102013508,68.33151700963097,218.40433238901184,68.33151700925863,1.2658729427490012,190.00000302323303,218.40433238901184,190.00000302323303,233.02443525372178,1.265469899102464,1.2516149912542032,216.64443557247074,1.2009149117463027,137.38724116737012,0.015480377361133696,0.016554538675135008,119.20756140715216,269.7638320336509,35.915601992386506,600.2819858766912,1.622075865599262,1219.7639198324916,1.6221324210630874,270.9614823916312,152.76503203598855,1.5720259925164908,941.5179739703365,941.172294290735,1.571326401127961,267.7067271758847,943.0097073193305,1.5212626533377933,194.0934941424678,1.5212032731235599,267.8119622918269,1.5210627346105903,126.07742655812467,244.8970956834825,126.00494680948019,1.4200946931824425,241.1239898815428,1.419454242502619,244.7068244056039,240.60083527486077,284.05953302284473,1.4191831693732924,1.4114513367018935,241.28601472147272,1.3613570200058824,50.16612766463526,166.29166147078593,50.201897581153204,1.2601593591831564,179.58734521613448,167.5201170709033,181.99778819590895,231.1642313282562,1.2601238331966542,1.2515846781080524,164.34058729311738,1.2009317775915571,132.03091310301056,0.007642827838072624,0.0051951089180919076
123.19179303892656,509.9999999998664,68.62496236916165,599.9999587949653,1.6220031027814548,1219.5064133794322,1.6221949999938339,296.9260319695082,212.58833183797174,1.5721330323657496,1006.4086509064964,1012.7033340099791,1.5713149999089224,293.1793590232634,1012.7033340099788,1.5213734679201056,350.3955103143371,1.5212449562395984,293.1793590232634,1.5207950494846467,179.08851490308723,279.3951515922549,179.0885149464353,1.4248504148067251,371.7678936170256,1.4239363513917493,279.3951515922549,371.7678936170256,389.1248754461109,1.4237156915262514,1.4114450035971071,278.4125838626866,1.36137491005598,68.3309493364126,218.40326968043854,68.33094933604534,1.265872903273684,190.00000346859827,218.40326968043854,190.00000346859827,233.02699460032852,1.2654698624393728,1.2516149909144434,216.64327508492494,1.2009149111832491,137.3871179120198,0.015479832787263205,0.016554295772330443,119.20754136806973,269.7625186484528,35.91541927995445,600.2819830524924,1.6220758659327077,1219.7639111765639,1.6221324210465937,270.96136088505807,152.76466833031483,1.5720259933360516,941.5175921936403,941.1718977180377,1.5713264024541382,267.7066150636214,943.0092990581635,1.5212626587627638,194.0926575869276,1.5212032783971525,267.8118522686121,1.5210627406657904,126.07735925151432,244.89683521228574,126.00487599122121,1.4200946795803426,241.12404074186296,1.419454230249474,244.70659408541385,240.6008861351809,284.0597087024857,1.4191831573596272,1.4114513380125056,241.28573072385296,1.3613570252364389,50.166082291421745,166.2915001380539,50.201849429988215,1.2601593431920763,179.58732911136596,167.51997604667,181.9977792144034,231.1641746513612,1.2601238181378875,1.2515846799024926,164.34043393115212,1.200931784845558,132.03081803277047,0.007642851337738967,0.0051950280092992965
123.19179303791665,509.9999999998796,68.62496227077774,599.9999587929235,1.622003102782214,1219.5064126374998,1.6221949999944547,296.9260319619848,212.58833172713577,1.572133032367424,1006.4086508826156,1012.7033339850968,1.5713149999106455,293.1793590156625,1012.7033339850965,1.5213734669598868,350.39551026696006,1.5212449552793064,293.1793590156625,1.5207950485242774,179.0941666111665,279.39352619992246,179.0941666536794,1.42485043412456,371.774311978299,1.423936366348892,279.39352619992246,371.774311978299,389.13031894774474,1.4237157059908658,1.4114450035410666,278.4110169017512,1.3613749099813361,68.33038569769661,218.40220846856465,68.33038569733448,1.2658728631120602,190.00000389532596,218.40220846856465,190.00000389532596,233.02952521164127,1.2654698250927479,1.2516149905984006,216.64211727643612,1.2009149107197343,137.38699861523773,0.015479288864618098,0.016554055692136648,119.20753291408182,269.7613366017746,35.915257702169384,600.2819810775281,1.6220758651713403,1219.763904284383,1.622132419930513,270.9612955664956,152.76433789040394,1.5720259966087387,941.5172208358014,941.1715328711562,1.5713264058820988,267.7065565702667,943.008914173914,1.5212626744272886,194.09203983983784,1.5212032935069537,267.8117930789079,1.5210627569269328,126.07729487127834,244.8966115923194,126.00480692878685,1.4200946717471166,241.12407018731145,1.4194542240181738,244.70642657982108,240.6009102269115,284.0598505975803,1.4191831507598454,1.4114513418011656,241.28549223327022,1.3613570410553866,50.16604185678929,166.29137929617957,50.20180374811374,1.2601593346242586,179.58733731860377,167.51988112651296,181.9977916026869,231.16414209229387,1.260123811008153,1.2515846844145573,164.3403247508551,1.200931802404599,132.03076901217796,0.007642870386763946,0.005194954653083149
123.19179303692172,509.9999999998912,68.62496218193485,599.9999587910798,1.622003102782899,1219.5064119675185,1.622194999995015,296.9260319550136,212.588331627125,1.572133032369071,1006.4086508611308,1012.7033339627394,1.571314999912338,293.1793590086247,1012.703333962739,1.521373466017673,350.395510223873,1.52124495433702,293.1793590086247,1.520795047581914,179.0997062619683,279.39193333952613,179.0997063036611,1.424850453079404,371.78060288548437,1.4239363810278305,279.39193333952613,371.78060288548437,389.1356543144264,1.4237157201866961,1.4114450034855865,278.4094813133452,1.3613749099739105,68.32982632731498,218.40114940704046,68.32982632695973,1.2658728223271325,190.00000430388627,218.40114940704046,190.00000430388627,233.03202684553008,1.265469787123494,1.2516149903051526,216.64096280544666,1.2009149103508863,137.38688343071263,0.015478745951285606,0.01655381845226245,119.20753948940575,269.76024043028235,35.91511589550569,600.2819800110474,1.6220758629928291,1219.7638992644875,1.6221324175224174,270.96129345944524,152.76403332386417,1.5720260025651402,941.5168517105748,941.1711980803107,1.5713264117832597,267.7065516958205,943.0085518316921,1.5212627020317313,194.0916453215712,1.521203320313868,267.8117951679563,1.521062785151979,126.07723283214185,244.8964424116707,126.00474137800168,1.420094670050389,241.12407286417042,1.4194542242276291,244.70632523893747,240.60091424219993,284.0599542035224,1.4191831504504806,1.4114513484533477,241.28532621685747,1.3613570690264378,50.16600883002844,166.2913047475911,50.201760226868466,1.2601593355726048,179.58738547805578,167.51983931118798,181.99784239464915,231.16413123927143,1.260123813342102,1.25158469207122,164.34026490986136,1.2009318316866486,132.03074078820043,0.007642888011605049,0.005194882916020632
