air,second_air2,COG,burner_input_T_PV,burner_inputP,burner_output_T_PV,burner_output_P_PV,fur_F,fur_inputT,fur_inputP,fur_temp,fur_outputT,fur_outputP_PV,WHB_F,WHB_inputT,WHB_inputP,WHB_outputT,WHB_outputP,SEP1_F,SEP1_P_PV,SEP1_T,HEATER1_F,HEATER1_input_T,HEATER1_input_P,HEATER1_output_T_PV,HEATER1_output_P,cat1_F,cat1_input_temp,cat1_output_temp,cat1_input_P,cat1_output_P_PV,SEP2_F,SEP2_P_PV,SEP2_T,HEATER2_F,HEATER2_input_T,HEATER2_input_P,HEATER2_output_T_PV,cat2_F,cat2_input_temp,cat2_output_temp,cat2_input_P,cat2_output_P_PV,SEP3_F,SEP3_P_PV,SEP3_T,B35_H2S,B35_SO2,air_pred,second_air2_pred,COG_pred,burner_input_T_PV_pred,burner_inputP_pred,burner_output_T_PV_pred,burner_output_P_PV_pred,fur_F_pred,fur_inputT_pred,fur_inputP_pred,fur_temp_pred,fur_outputT_pred,fur_outputP_PV_pred,WHB_F_pred,WHB_inputT_pred,WHB_inputP_pred,WHB_outputT_pred,WHB_outputP_pred,SEP1_F_pred,SEP1_P_PV_pred,SEP1_T_pred,HEATER1_F_pred,HEATER1_input_T_pred,HEATER1_input_P_pred,HEATER1_output_T_PV_pred,HEATER1_output_P_pred,cat1_F_pred,cat1_input_temp_pred,cat1_output_temp_pred,cat1_input_P_pred,cat1_output_P_PV_pred,SEP2_F_pred,SEP2_P_PV_pred,SEP2_T_pred,HEATER2_F_pred,HEATER2_input_T_pred,HEATER2_input_P_pred,HEATER2_output_T_PV_pred,cat2_F_pred,cat2_input_temp_pred,cat2_output_temp_pred,cat2_input_P_pred,cat2_output_P_PV_pred,SEP3_F_pred,SEP3_P_PV_pred,SEP3_T_pred,B35_H2S_pred,B35_SO2_pred
123.3085781,190.0,25.50727255,599.9999588,1.622168383,1219.506406,1.622195,276.2319733,135.5788464,1.571980399,923.2876913,922.5406806,1.571315,273.1139313,922.5406806,1.521297889,194.8069316,1.521193381,273.1139313,1.520795,114.00003770000001,251.88078185,114.00003770000001,1.420144389,223.97513455,1.419502153,251.88078185,223.97513455,262.7290375,1.419362583,1.411445,249.99957575,1.361375,42.813902825,163.77567299999998,42.813902825,1.259985522,154.9999999,163.77567299999998,154.9999999,217.57918869999997,1.259759659,1.251615,161.87700510000002,1.200915001,91.04734905000001,0.009200768499999998,0.0006699269999999997,123.5371196752043,193.52783876921617,26.051983561055437,599.8249616295673,1.6221980053506388,1219.2296375812173,1.6222257847867623,276.41390042461865,134.57374782149725,1.5719701885038264,923.1886921131447,921.9222528485946,1.5713171137351116,273.09737983345764,923.0132541777999,1.5213079230026347,192.57471813431178,1.521192842598514,273.31068723193675,1.5207780018366828,114.27688948504202,251.86452789681616,114.1650131262445,1.4201463327719812,224.3099653194221,1.4194752652312057,252.03237762232183,224.54760368788334,263.38482488335444,1.4194249773467673,1.4114370207199083,249.94270462999404,1.3613679324154064,40.87433112469928,162.61663873130016,41.00566114525478,1.2599213837390455,156.16547674451246,163.02579155581734,154.70163168849257,217.8479892813008,1.2597517594101175,1.2516242914300564,160.9871844869382,1.2009183127401732,90.76192623984154,0.008420463174732423,0.0006517011383174793
123.3085781,190.0,25.50727255,599.9999588,1.622168383,1219.506406,1.622195,276.2319733,135.5788464,1.571980399,923.2876913,922.5406806,1.571315,273.1139313,922.5406806,1.521297889,194.8069316,1.521193381,273.1139313,1.520795,114.0000318,251.88078455,114.0000318,1.420144389,223.9751276,1.419502153,251.88078455,223.9751276,262.7290271,1.419362583,1.411445,249.99957865,1.361375,42.813903395,163.7756746,42.813903395,1.259985522,154.9999999,163.7756746,154.9999999,217.5791924,1.259759659,1.251615,161.87700654999998,1.200915001,91.04743085999999,0.009200769000000001,0.0006699280000000001,123.53739188693831,193.51112853635254,26.051850432487207,599.8243175129281,1.6221981172804294,1219.229361202321,1.6222258890943921,276.41462589824675,134.56796580619553,1.5719702011969712,923.1824701414615,921.9155004108884,1.5713171254161329,273.0952488303211,923.0071514651312,1.5213077975538136,192.55759192886444,1.5211926470025028,273.3102630364714,1.5207779708419955,114.2737183776524,251.86414605151873,114.16219032744296,1.4201460784462956,224.30794202339075,1.4194750998520533,252.02890545990388,224.54645309540507,263.38527608921623,1.4194248102863036,1.4114370355940695,249.93877090106844,1.361367803972717,40.86052857535831,162.60574639166447,40.99240068822796,1.259920516319559,156.16680725620787,163.016243645869,154.6997444559726,217.84052395338364,1.259750783743913,1.2516243001233707,160.97690145368801,1.20091833752759,90.77243002828982,0.008423218676154816,0.0006491121672884824
123.3085781,190.0,25.50727255,599.9999588,1.622168383,1219.506406,1.622195,276.2319733,135.5788464,1.571980399,923.2876913,922.5406806,1.571315,273.1139313,922.5406806,1.521297889,194.8069316,1.521193381,273.1139313,1.520795,114.0000258,251.8807873,114.0000258,1.420144389,223.97512065,1.419502153,251.8807873,223.97512065,262.7290167,1.419362583,1.411445,249.99958155000002,1.361375,42.813903960000005,163.77567625,42.813903960000005,1.259985522,154.9999999,163.77567625,154.9999999,217.57919605,1.25975966,1.251615,161.87700805,1.200915001,91.047512605,0.009200769999999997,0.0006699280000000001,123.53763243892675,193.49427511837712,26.051681516669454,599.8236843045798,1.622198227130941,1219.2290927688466,1.6222259916660349,276.41532365009965,134.56216916846722,1.571970213708628,923.1762629248285,921.9087784562623,1.5713171371835521,273.09315170750705,923.0010365592302,1.521307674399337,192.54068563362918,1.5211924527533187,273.3098633869539,1.5207779398593964,114.27057552708439,251.863710768918,114.15938771208533,1.4201458257051938,224.3059418847698,1.4194749341848294,252.02541436300837,224.54530514948797,263.38579126780377,1.4194246440767422,1.411437050577319,249.93485072504177,1.3613676749058203,40.8468984665827,162.59495748919875,40.97929393512874,1.2599196576905933,156.16813010660755,163.0068077928548,154.69796448159312,217.83303490619718,1.259749817511927,1.2516243080751295,160.96676327299733,1.2009183632131017,90.78314011045559,0.008425987680096322,0.0006465578259341637
123.3085781,190.0,25.50727255,599.9999588,1.622168383,1219.506406,1.622195,276.2319733,135.5788464,1.571980399,923.2876913,922.5406806,1.571315,273.1139313,922.5406806,1.521297889,194.8069316,1.521193381,273.1139313,1.520795,114.00001985,251.88079005,114.00001985,1.420144389,223.97511375,1.419502153,251.88079005,223.97511375,262.7290064,1.419362583,1.411445,249.99958445,1.361375,42.813904519999994,163.77567785000002,42.813904519999994,1.259985522,154.9999999,163.77567785000002,154.9999999,217.5791997,1.25975966,1.251615,161.87700955000003,1.200915001,91.04759428,0.009200771000000003,0.0006699280000000001,123.53782643246582,193.4774110940971,26.051498643824385,599.8230616458358,1.6221983346755495,1219.2288324547817,1.622226092277692,276.41599158796777,134.55639484917947,1.571970226319278,923.1701294834463,921.9021226934672,1.5713171494348008,273.0910818963814,922.9949521364096,1.5213075559075597,192.5240048300834,1.5211922619201774,273.3094799861625,1.5207779114637174,114.26746727670611,251.86320837411344,114.15661162353976,1.4201455749165253,224.30397185078243,1.4194747680724045,252.02190664584924,224.54417209047762,263.3863619271622,1.4194244784602337,1.4114370659151045,249.93094664308268,1.36136754766353,40.83346906211152,162.58429027752123,40.96636629156499,1.2599188095045017,156.1694682795987,162.99750402505035,154.6963096417109,217.8255708266626,1.2597488636219667,1.2516243157302658,160.95677394079883,1.2009183911438504,90.79399918252841,0.008428765056447489,0.0006440417184758502
123.3085781,190.0,25.50727255,599.9999588,1.622168383,1219.506406,1.622195,276.2319733,135.5788464,1.571980399,923.2876913,922.5406806,1.571315,273.1139313,922.5406806,1.521297889,194.8069316,1.521193381,273.1139313,1.520795,114.0000139,251.88079275,114.0000139,1.420144389,223.97510685,1.419502153,251.88079275,223.97510685,262.72899605,1.419362583,1.411445,249.9995873,1.361375,42.813905070000004,163.77567944999998,42.813905070000004,1.259985522,154.9999999,163.77567944999998,154.9999999,217.57920335,1.25975966,1.251615,161.87701099999998,1.200915001,91.04767588,0.009200771500000003,0.0006699280000000001,123.5379802305436,193.4605523729694,26.051294298629603,599.8224506127556,1.622198439834936,1219.2285824929638,1.622226190764165,276.4166117537201,134.5506251475001,1.571970238874932,923.1640372008884,921.8955069941487,1.571317161789727,273.08902556824125,922.988885132492,1.5213074410423266,192.5075238434308,1.5211920737439588,273.309099869688,1.5207778842768798,114.26438670647964,251.86262245722457,114.15385168174932,1.420145325005037,224.30202728994652,1.4194746012005186,252.0183818876603,224.54305854985603,263.38700052215864,1.4194243121733174,1.4114370812201638,249.9270514552135,1.3613674215256069,40.82023718624375,162.5737391791375,40.95362156837789,1.2599179707698718,156.1708217751814,162.98832853961846,154.6947518449082,217.8180905181543,1.2597479216217065,1.251624322860609,160.94692596471873,1.2009184194113844,90.80499005336519,0.008431548795424192,0.0006415638199699066
123.3085781,190.0,25.50727255,599.9999588,1.622168383,1219.506406,1.622195,276.2319733,135.5788464,1.571980399,923.2876913,922.5406806,1.571315,273.1139313,922.5406806,1.521297889,194.8069316,1.521193381,273.1139313,1.520795,114.00000800000001,251.88079545,114.00000800000001,1.420144389,223.9751,1.419502153,251.88079545,223.9751,262.7289858,1.419362583,1.411445,249.99959015000002,1.361375,42.81390562,163.77568105,42.81390562,1.259985523,154.9999999,163.77568105,154.9999999,217.579207,1.25975966,1.251615,161.87701245,1.200915001,91.047757415,0.009200771999999996,0.0006699285000000001,123.5381088870587,193.44372016760312,26.05105595554777,599.821853536802,1.6221985421785146,1219.2283458701756,1.622226286699857,276.41718362430413,134.54486083303053,1.5719702511556044,923.1579736518491,921.8889034880623,1.571317174118734,273.0869975889423,922.9828372893676,1.5213073303463855,192.49125941810377,1.5211918888001248,273.30873254476387,1.5207778590000112,114.26132401301787,251.86194817944045,114.15110327335542,1.4201450764234673,224.30009496945613,1.4194744338834315,252.01485628793904,224.54195129481727,263.3876900688835,1.4194241460668955,1.4114370965634038,249.92316727907473,1.36136729721229,40.80718187935266,162.56330520813745,40.94104833304391,1.2599171414206098,156.1722237923038,162.97928057599174,154.69332173636803,217.81064017082826,1.2597469919634718,1.2516243294661589,160.9372148493328,1.2009184484422992,90.8161528356332,0.00843432164773365,0.0006391259209380207
123.3085781,190.0,25.50727255,599.9999588,1.622168383,1219.506406,1.622195,276.2319733,135.5788464,1.571980399,923.2876913,922.5406806,1.571315,273.1139313,922.5406806,1.521297889,194.8069316,1.521193381,273.1139313,1.520795,114.0000021,251.88079815,114.0000021,1.420144389,223.97509315000002,1.419502153,251.88079815,223.97509315000002,262.7289755,1.419362583,1.411445,249.99959305,1.361375,42.813906165,163.77568265000002,42.813906165,1.259985523,154.9999999,163.77568265000002,154.9999999,217.57921065,1.25975966,1.251615,161.87701395,1.200915001,91.047838875,0.009200773,0.0006699289999999998,123.53822031694754,193.42690387169372,26.050795424371234,599.8212671897959,1.6221986426071169,1219.2281170188223,1.6222263810003608,276.41773701370465,134.53912730261686,1.5719702629688082,923.1519528147973,921.8823592062457,1.5713171860762292,273.084997612767,922.9768312516105,1.5213072215994037,192.4752405777851,1.521191704982728,273.3083864814706,1.5207778330582797,114.2582976497553,251.86123287695492,114.14838427512267,1.4201448306998077,224.29818779129707,1.4194742671686753,252.0113395243073,224.54085098700165,263.38841867860015,1.4194239808887306,1.4114371115466533,249.91932164399242,1.3613671724668295,40.79431965508356,162.55299495610538,40.92865357210519,1.259916322976881,156.17363602448722,162.97036089473758,154.69198867090736,217.80321104600634,1.2597460745180271,1.2516243351476162,160.9276545804054,1.2009184765302146,90.82750472047556,0.008437090062150855,0.0006367277738102107
123.3085781,190.0,25.50727255,599.9999588,1.622168383,1219.506406,1.622195,276.2319733,135.5788464,1.571980399,923.2876913,922.5406806,1.571315,273.1139313,922.5406806,1.521297889,194.8069316,1.521193381,273.1139313,1.520795,113.9999962,251.88080085,113.9999962,1.420144389,223.97508635,1.419502153,251.88080085,223.97508635,262.7289653,1.419362583,1.411445,249.99959585,1.361375,42.813906700000004,163.77568424999998,42.813906700000004,1.259985523,154.9999999,163.77568424999998,154.9999999,217.5792143,1.259759661,1.251615,161.8770154,1.200915001,91.04792026999999,0.009200773999999998,0.0006699289999999998,123.53830924358584,193.41015651676406,26.050518788932415,599.820690675021,1.622198741177399,1219.22789474999,1.622226473744076,276.4182665170473,134.53344610509825,1.5719702744135369,923.1460003169251,921.8758985351631,1.571317197688132,273.0830235654098,922.9708931475751,1.521307114801381,192.4594662061793,1.5211915229651816,273.3080492339755,1.5207778066571889,114.25530588668249,251.86047150057402,114.14569641706056,1.4201445875793925,224.29630740957006,1.4194741010038738,252.00783306944666,224.5397692051144,263.38919257874204,1.4194238167419622,1.4114371263389984,249.9155065029328,1.3613670474332733,40.78164606745502,162.54281045122116,40.916432204440184,1.2599155151082144,156.1750712405579,162.9615677211987,154.69076541735245,217.7958318564882,1.259745169156136,1.2516243401559692,160.9182431599702,1.2009185042588917,90.83905716865436,0.008439853427873,0.0006343676071162805
123.3085781,190.0,25.50727255,599.9999588,1.622168383,1219.506406,1.622195,276.2319733,135.5788464,1.571980399,923.2876913,922.5406806,1.571315,273.1139313,922.5406806,1.521297889,194.8069316,1.521193381,273.1139313,1.520795,113.9999904,251.88080355,113.9999904,1.420144389,223.9750795,1.419502153,251.88080355,223.9750795,262.7289551,1.419362583,1.411445,249.99959875000002,1.361375,42.813907235,163.77568580000002,42.813907235,1.259985523,154.9999999,163.77568580000002,154.9999999,217.5792179,1.259759661,1.251615,161.87701685000002,1.200915001,91.048001595,0.009200774499999996,0.0006699289999999998,123.53837659814262,193.39343567759587,26.050216386673934,599.820120532207,1.6221988382746226,1219.2276744530143,1.6222265653397998,276.4187590580229,134.5278118532649,1.571970285731774,923.1400998500194,921.8695127653627,1.5713172094037124,273.08105988957993,922.9650055583585,1.5213070111118245,192.44386932555682,1.521191343592314,273.30770351639984,1.5207777810055794,114.25234065042181,251.85966846834248,114.14303220246136,1.4201443463265224,224.2944521701744,1.419473934236741,252.00433587144173,224.5387023101338,263.39000327735454,1.4194236534976659,1.4114371412131597,249.9117167735587,1.3613669239362278,40.76915063665367,162.53273546804635,40.90437406780572,1.2599147181450807,156.17650901039386,162.9528893933412,154.68964942193807,217.78851134095203,1.2597442756193273,1.251624344844883,160.90895761141425,1.200918533199997,90.85081018016959,0.008442614870514618,0.0006320419841949562
123.3085781,190.0,25.50727255,599.9999588,1.622168383,1219.506406,1.622195,276.2319733,135.5788464,1.571980399,923.2876913,922.5406806,1.571315,273.1139313,922.5406806,1.521297889,194.8069316,1.521193381,273.1139313,1.520795,113.9999845,251.88080625,113.9999845,1.420144389,223.9750727,1.419502153,251.88080625,223.9750727,262.7289449,1.419362583,1.411445,249.99960155,1.361375,42.81390776,163.77568739999998,42.81390776,1.259985523,154.9999999,163.77568739999998,154.9999999,217.57922150000002,1.259759661,1.251615,161.8770183,1.200915001,91.04808285,0.009200774999999998,0.0006699289999999998,123.5384197423057,193.37662468483876,26.04988499674334,599.8195541028538,1.6221989342160619,1219.2274519811967,1.62222665607033,276.4192085343539,134.52218067983713,1.5719702974459848,923.1342172444902,921.8631461563557,1.571317221611762,273.079100362361,922.9591319042642,1.5213069113448565,192.4283997026205,1.5211911678313912,273.30736108314113,1.520777758557399,114.24938983090686,251.85881915183245,114.14037836791903,1.4201441070826784,224.2926171108078,1.4194737661078165,252.0008306788796,224.5376559260025,263.390862380109,1.4194234908722076,1.4114371565945805,249.90792704418465,1.3613668041844271,40.756818436884714,162.5227578375021,40.89246772967827,1.2599139314926329,156.1779927480043,162.94431171390644,154.6886304696032,217.7812557413108,1.259743393649129,1.2516243498646444,160.8997759571079,1.200918564610863,90.86282678921272,0.008445377115636397,0.00062974687861983
123.3085781,190.0,25.50727255,599.9999588,1.622168383,1219.506406,1.622195,276.2319733,135.5788464,1.571980399,923.2876913,922.5406806,1.571315,273.1139313,922.5406806,1.521297889,194.8069316,1.521193381,273.1139313,1.520795,113.9999787,251.88080895000002,113.9999787,1.420144389,223.97506595,1.419502153,251.88080895000002,223.97506595,262.7289347,1.419362583,1.411445,249.99960435,1.361375,42.813908285,163.77568895000002,42.813908285,1.259985524,154.9999999,163.77568895000002,154.9999999,217.5792251,1.259759661,1.251615,161.8770197,1.200915001,91.048164035,0.009200776,0.0006699299999999998,123.53844674620635,193.35982429838623,26.049541081275414,599.8189898678183,1.6221990293643156,1219.227226377607,1.6222267462968638,276.4196482470408,134.51657952086387,1.5719703096496624,923.1283734680404,921.8568352878378,1.571317234424598,273.07714947808137,922.9533000555372,1.5213068148343771,192.4131265476909,1.5211909946906592,273.30702746568056,1.5207777386356967,114.24646496153422,251.8579757260488,114.13774298681115,1.420143870130821,224.29080256229048,1.419473598659788,251.9973513634368,224.53662839861965,263.39174299581543,1.4194233300774781,1.4114371726632564,249.9041542559343,1.3613666865453287,40.744634224783276,162.51289124980212,40.88069921697352,1.2599131566049417,156.17951989962398,162.93583214766971,154.6877238829393,217.77407754139043,1.25974252234089,1.2516243551810284,160.89070419095012,1.2009185987160136,90.8750325008302,0.008448148855597021,0.0006274816162618063
123.3085781,190.0,25.50727255,599.9999588,1.622168383,1219.506406,1.622195,276.2319733,135.5788464,1.571980399,923.2876913,922.5406806,1.571315,273.1139313,922.5406806,1.521297889,194.8069316,1.521193381,273.1139313,1.520795,113.9999729,251.88081160000002,113.9999729,1.420144389,223.97505915,1.419502153,251.88081160000002,223.97505915,262.7289246,1.419362583,1.411445,249.9996072,1.361375,42.813908795,163.7756905,42.813908795,1.259985524,154.9999999,163.7756905,154.9999999,217.5792287,1.259759661,1.251615,161.87702115000002,1.200915001,91.04824515499999,0.009200776999999999,0.0006699299999999998,123.53845947218251,193.34301330562909,26.049182493035183,599.8184239026476,1.6221991242632825,1219.2269927705995,1.6222268365261978,276.42007575517255,134.5109960627228,1.5719703227222814,923.1225467763855,921.8505609990161,1.5713172481618938,273.0751861479691,922.9474960770549,1.5213067223204975,192.3979985111753,1.521190825100653,273.3066948853728,1.5207777227636121,114.2435545089073,251.8571211499617,114.13511567908084,1.4201436349333247,224.2889979383776,1.4194734307403698,251.99389224477005,224.5356144348629,263.3926442752785,1.4194231705719946,1.411437189686453,249.9003780794592,1.361366572411395,40.73257799343292,162.50311288792358,40.869053921466914,1.2599123904416771,156.1810674813657,162.92742889169807,154.68689646299822,217.76694678000868,1.2597416601437799,1.251624361033614,160.88172832717657,1.2009186378280425,90.88744164097464,0.008450926358267432,0.0006252425858749011
123.3085781,190.0,25.50727255,599.9999588,1.622168383,1219.506406,1.622195,276.2319733,135.5788464,1.571980399,923.2876913,922.5406806,1.571315,273.1139313,922.5406806,1.521297889,194.8069316,1.521193381,273.1139313,1.520795,113.99996709999999,251.88081425000001,113.99996709999999,1.420144389,223.97505245,1.419502153,251.88081425000001,223.97505245,262.7289145,1.419362583,1.411445,249.99961005,1.361375,42.813909315000004,163.77569210000001,42.813909315000004,1.259985524,154.9999999,163.77569210000001,154.9999999,217.5792323,1.259759662,1.251615,161.87702255,1.200915001,91.0483262,0.009200777499999997,0.0006699299999999998,123.53846552478092,193.3262818601563,26.048823546922453,599.817859034636,1.62219921874866,1219.2267549299,1.6222269264979334,276.42050256590113,134.50546570707814,1.57197033587602,923.1167822112576,921.8443650952573,1.571317261968308,273.0732477095222,922.9417530647332,1.521306631237499,192.383054663416,1.5211906569799125,273.30637163943953,1.5207777072179147,114.2406746197813,251.8562741476656,114.13251489816257,1.420143403216253,224.28720555481027,1.419473264051802,251.99047330927235,224.53460940325022,263.39354838539305,1.419423013516078,1.4114372068678276,249.89663917345626,1.3613664589016687,40.720665621338746,162.49345063933882,40.85754009998104,1.2599116345890982,156.18264315452512,162.91912983346387,154.6861558710756,217.7598984118782,1.2597408088671007,1.2516243667721143,160.8728698439254,1.2009186774340237,90.900048479265,0.008453704774098965,0.0006230318337371115
123.3085781,190.0,25.50727255,599.9999588,1.622168383,1219.506406,1.622195,276.2319733,135.5788464,1.571980399,923.2876913,922.5406806,1.571315,273.1139313,922.5406806,1.521297889,194.8069316,1.521193381,273.1139313,1.520795,113.9999613,251.8808169,113.9999613,1.420144389,223.9750457,1.419502153,251.8808169,223.9750457,262.72890444999996,1.419362583,1.411445,249.99961285,1.361375,42.813909815,163.77569365,42.813909815,1.259985524,154.9999999,163.77569365,154.9999999,217.57923590000001,1.259759662,1.251615,161.877024,1.200915001,91.04840718,0.009200777999999998,0.0006699299999999998,123.53848601049864,193.30955041468354,26.04844706505746,599.8172933226558,1.622199312848776,1219.2265091147804,1.6222270162092711,276.42101585462046,134.4999992283495,1.5719703502135536,923.1110502625565,921.8382301576587,1.5713172763449494,273.0714088377372,922.9360988888169,1.5213065474815999,192.3683050510724,1.521190494136285,273.30613516861774,1.5207776984659047,114.23780799406138,251.85556221130943,114.12993314734857,1.420143179846542,224.28540026925708,1.4194731046959599,251.9871799724758,224.5335828683278,263.39445192937734,1.419422864118281,1.4114372260946035,249.89303367880254,1.3613663516820333,40.708887898967795,162.48392275766605,40.84613869830997,1.259910892285818,156.1841805212058,162.9109730013384,154.68549189211055,217.75285503727807,1.2597399722586928,1.2516243738682318,160.86419117764464,1.2009187232144067,90.91276705998565,0.008456485519791935,0.0006208447932119662
123.3085781,190.0,25.50727255,599.9999588,1.622168383,1219.506406,1.622195,276.2319733,135.5788464,1.571980399,923.2876913,922.5406806,1.571315,273.1139313,922.5406806,1.521297889,194.8069316,1.521193381,273.1139313,1.520795,113.9999555,251.88081955,113.9999555,1.420144389,223.97503899999998,1.419502153,251.88081955,223.97503899999998,262.7288944,1.419362583,1.411445,249.99961565,1.361375,42.813910315,163.77569515,42.813910315,1.259985524,154.9999999,163.77569515,154.9999999,217.5792395,1.259759662,1.251615,161.8770254,1.200915001,91.048488085,0.009200779,0.0006699310000000001,123.5385289994669,193.2928030597539,26.048045532117797,599.8167248677786,1.6221994069942167,1219.2262532373927,1.622227106063408,276.42164491226293,134.49458816092152,1.571970365805003,923.1053315157424,921.832130928811,1.571317291075823,273.06969304140904,922.9305213560738,1.5213064707320851,192.35377534894084,1.5211903368391362,273.30600725311473,1.520777696507582,114.23495174839839,251.85502741750994,114.12736465994058,1.42014296652196,224.28357017219275,1.4194729547679081,251.98403726996736,224.53251994318904,263.39535207657974,1.4194227235389247,1.4114372475413224,249.88959801891403,1.361366251136616,40.69723466407681,162.47453279221992,40.83484082449097,1.2599101645232484,156.18564893622477,162.90296853622064,154.68485855832847,217.74576422413935,1.2597391502539383,1.2516243823676008,160.85571580443877,1.2009187751467392,90.9255544052788,0.00845927153198235,0.0006186795792786849
123.3085781,190.0,25.50727255,599.9999588,1.622168383,1219.506406,1.622195,276.2319733,135.5788464,1.571980399,923.2876913,922.5406806,1.571315,273.1139313,922.5406806,1.521297889,194.8069316,1.521193381,273.1139313,1.520795,113.99994975,251.8808222,113.99994975,1.420144389,223.9750323,1.419502153,251.8808222,223.9750323,262.7288844,1.419362583,1.411445,249.9996184,1.361375,42.813910815,163.7756967,42.813910815,1.259985525,154.9999999,163.7756967,154.9999999,217.57924305,1.259759662,1.251615,161.8770268,1.200915001,91.04856892999999,0.009200780000000004,0.0006699310000000001,123.53857245401966,193.27599737014907,26.0476092855461,599.8161556955282,1.6221995013719477,1219.2259917924102,1.622227196253542,276.4222675189262,134.48915862305998,1.5719703811819667,923.099615098673,921.8260369256342,1.5713173053660665,273.0679931480894,922.9248898247313,1.5213063937111964,192.33937513708645,1.5211901781951602,273.30585340879355,1.5207776932799761,114.23210357611299,251.85446948157124,114.12480712925931,1.4201427525465666,224.2817407367687,1.4194728034256876,251.9809225484091,224.53146628101445,263.39626411251874,1.4194225829853535,1.411437268377148,249.88615770021647,1.3613661494868317,40.685696707132834,162.46522699623566,40.82365918132796,1.2599094417177392,156.1871479964267,162.89504038136803,154.6842814073819,217.73873083659998,1.2597383363910437,1.2516243906045732,160.84730936107158,1.2009188253951437,90.93854231390839,0.008462075976244461,0.0006165363801940307
123.3085781,190.0,25.50727255,599.9999588,1.622168383,1219.506406,1.622195,276.2319733,135.5788464,1.571980399,923.2876913,922.5406806,1.571315,273.1139313,922.5406806,1.521297889,194.8069316,1.521193381,273.1139313,1.520795,113.999944,251.88082485,113.999944,1.420144389,223.97502565000002,1.419502153,251.88082485,223.97502565000002,262.7288744,1.419362583,1.411445,249.99962115,1.361375,42.813911305000005,163.77569825,42.813911305000005,1.259985525,154.9999999,163.77569825,154.9999999,217.57924659999998,1.259759662,1.251615,161.87702819999998,1.200915001,91.048649705,0.009200780000000004,0.0006699310000000001,123.53859247415289,193.2586083337924,26.04706925595078,599.8155850041348,1.6221995962029272,1219.2257281725858,1.6222272869896721,276.4228615320604,134.48347126873017,1.5719703971006438,923.0938078215578,921.8198079259599,1.5713173192588787,273.06626352305824,922.918911657219,1.5213063159995375,192.32495594820864,1.5211900133680238,273.30565704121057,1.5207776902699617,114.22924444710085,251.85380340872737,114.12224786856855,1.4201425314122504,224.27992288004987,1.4194726474743253,251.97774997150273,224.5304159270413,263.39725767122326,1.4194224329171488,1.4114372876366503,249.88257041727076,1.361366049565622,40.6742483049576,162.45593894682466,40.8125664577925,1.2599087142856402,156.18891264821465,162.88711222651543,154.68399027814334,217.73198832220524,1.2597375212357904,1.2516243991952105,160.8388694517682,1.2009188694691466,90.95184539349523,0.00846498424310988,0.0006144057062217596
123.3085781,190.0,25.50727255,599.9999588,1.622168383,1219.506406,1.622195,276.2319733,135.5788464,1.571980399,923.2876913,922.5406806,1.571315,273.1139313,922.5406806,1.521297889,194.8069316,1.521193381,273.1139313,1.520795,113.9999383,251.88082745,113.9999383,1.420144389,223.97501895,1.419502153,251.88082745,223.97501895,262.7288645,1.419362583,1.411445,249.99962395,1.361375,42.813911794999996,163.77569975,42.813911794999996,1.259985525,154.9999999,163.77569975,154.9999999,217.5792502,1.259759663,1.251615,161.87702960000001,1.200915001,91.048730405,0.009200781000000003,0.0006699310000000001,123.53860256181692,193.2413465730907,26.0465263633755,599.8150205581072,1.622199689753479,1219.2254684674765,1.6222273765134112,276.42345118642476,134.47783624729544,1.5719704134152945,923.088047139338,921.813646860007,1.5713173334454444,273.06455187534107,922.9129805207448,1.5213062405082116,192.3107120177232,1.5211898506101038,273.3054530678409,1.5207776888677058,114.22641415158016,251.85314490967454,114.1197168646993,1.4201423135319902,224.2781149479355,1.4194724927538134,251.97461799853158,224.52937582849282,263.3982407565169,1.419422284679673,1.4114373071743276,249.87901024012297,1.3613659517090981,40.662942174188046,162.4467548416286,40.80161028939932,1.2599079947848382,156.1907002838899,162.87928573417545,154.68374256291406,217.72530822694023,1.2597367167424964,1.2516244079227505,160.83053943061344,1.2009189141269112,90.96528600222707,0.008467890267642499,0.0006123031220495071
123.3085781,190.0,25.50727255,599.9999588,1.622168383,1219.506406,1.622195,276.2319733,135.5788464,1.571980399,923.2876913,922.5406806,1.571315,273.1139313,922.5406806,1.521297889,194.8069316,1.521193381,273.1139313,1.520795,113.9999326,251.88083005,113.9999326,1.420144389,223.97501235,1.419502153,251.88083005,223.97501235,262.7288545,1.419362583,1.411445,249.99962675,1.361375,42.813912275,163.77570129999998,42.813912275,1.259985525,154.9999999,163.77570129999998,154.9999999,217.57925375,1.259759663,1.251615,161.877031,1.200915001,91.04881104,0.009200781999999996,0.0006699315000000002,123.53860271701176,193.22420148173936,26.045980607820255,599.8144596145482,1.6221997828621133,1219.2252087043717,1.6222274657319526,276.4240185238883,134.4722612547697,1.5719704290864884,923.0823571260426,921.8075624372268,1.5713173470272237,273.062852327739,922.9071103504311,1.5213061634873228,192.2966254849022,1.5211896863094543,273.3052300800046,1.5207776847818228,114.22361499623022,251.85247504993515,114.11721469432139,1.4201420982549746,224.27633281979277,1.4194723386094443,251.97149359935145,224.52834896275027,263.3992312015047,1.4194221369836804,1.411437326068385,249.87546192176177,1.3613658520759842,40.65177958510457,162.4376655538384,40.79078877072785,1.2599072817612615,156.19249302709562,162.87154467890974,154.6835459229898,217.7187042830135,1.2597359201325906,1.2516244159657777,160.8223018154018,1.2009189553719153,90.97886987048493,0.008470792932078246,0.0006102282587060352
123.3085781,190.0,25.50727255,599.9999588,1.622168383,1219.506406,1.622195,276.2319733,135.5788464,1.571980399,923.2876913,922.5406806,1.571315,273.1139313,922.5406806,1.521297889,194.8069316,1.521193381,273.1139313,1.520795,113.99992689999999,251.88083269999998,113.99992689999999,1.420144389,223.97500574999998,1.419502153,251.88083269999998,223.97500574999998,262.7288446,1.419362583,1.411445,249.9996295,1.361375,42.813912755000004,163.7757028,42.813912755000004,1.259985525,154.9999999,163.7757028,154.9999999,217.57925725,1.259759663,1.251615,161.87703240000002,1.200915001,91.04889161,0.009200783,0.0006699319999999997,123.5386010098686,193.20714124082465,26.045432705030038,599.8139021734579,1.6221998753588616,1219.2249486802857,1.6222275544828975,276.42456772887,134.46674629115302,1.5719704446614386,923.0767245797847,921.8015433353323,1.5713173604016475,273.0611659174048,922.901288953046,1.5213060869845119,192.28272648972396,1.5211895238331434,273.30499741207615,1.5207776800794306,114.22084236769243,251.85180813555894,114.11473962742532,1.42014188685453,224.27457451070077,1.419472185564984,251.96838855541503,224.52732970587115,263.4002278739259,1.4194219906027183,1.4114373446624502,249.87192757982763,1.3613657529230296,40.64075609172575,162.42867564685855,40.780099361217296,1.2599065760741346,156.19431130795385,162.86389387764527,154.6833799282485,217.71218023557284,1.259735132052252,1.2516244237578167,160.81415710562487,1.2009189954044914,90.9926371109361,0.008473690001977976,0.0006081799056658638
123.3085781,190.0,25.50727255,599.9999588,1.622168383,1219.506406,1.622195,276.2319733,135.5788464,1.571980399,923.2876913,922.5406806,1.571315,273.1139313,922.5406806,1.521297889,194.8069316,1.521193381,273.1139313,1.520795,113.9999212,251.8808353,113.9999212,1.420144389,223.97499915,1.419502153,251.8808353,223.97499915,262.7288347,1.419362582,1.411445,249.99963225,1.361375,42.81391323,163.7757043,42.81391323,1.259985526,154.9999999,163.7757043,154.9999999,217.5792608,1.259759663,1.251615,161.87703375,1.200915001,91.04897211,0.009200783,0.0006699319999999997,123.538596043634,193.1902507007832,26.04489482266969,599.813349036606,1.6221999668584626,1219.2246898161152,1.6222276424246482,276.4251130981343,134.4613044396691,1.5719704604811227,923.0711665853593,921.7956043603913,1.5713173741130237,273.0594902243155,922.8955511663952,1.5213060126526932,192.26905856771268,1.5211893651769235,273.30476716417076,1.5207776769364436,114.21810405100946,251.85115405455088,114.11229281735076,1.4201416800097633,224.27283108851546,1.4194720348774712,251.96531738315514,224.5263127647331,263.40122001730464,1.4194218466197535,1.41143736367105,249.86843516717468,1.3613656557867453,40.629867248070155,162.41979627567798,40.76953634460588,1.2599058795079987,156.19611426622058,162.8563414431013,154.68322925609874,217.70570862020116,1.2597343532768963,1.251624431663941,160.80612378247127,1.200919037031186,91.00655047610383,0.008476575791859118,0.0006061598558664592
123.3085781,190.0,25.50727255,599.9999588,1.622168383,1219.506406,1.622195,276.2319733,135.5788464,1.571980399,923.2876913,922.5406806,1.571315,273.1139313,922.5406806,1.521297889,194.8069316,1.521193381,273.1139313,1.520795,113.99991555,251.88083790000002,113.99991555,1.420144389,223.97499255,1.419502153,251.88083790000002,223.97499255,262.7288249,1.419362582,1.411445,249.99963495,1.361375,42.8139137,163.7757058,42.8139137,1.259985526,154.9999999,163.7757058,154.9999999,217.57926435000002,1.259759663,1.251615,161.87703514999998,1.200915001,91.04905253999999,0.009200783999999998,0.0006699319999999997,123.53858254168368,193.17351925531042,26.044359087544315,599.812800119596,1.6222000577348463,1219.2244321988542,1.6222277299100023,276.42564730894816,134.45591261227608,1.571970475893834,923.0656722706241,921.7897359320069,1.5713173872368928,273.05783250854006,922.8898656364534,1.521305936741971,192.25557929963966,1.521189204831048,273.3045362248302,1.5207776712911554,114.21539658616234,251.85050018392587,114.1098759941072,1.420141475287207,224.27110519979806,1.4194718845304064,251.9622811344872,224.52530872558083,263.4022155574653,1.4194217037455399,1.4114373818778525,249.86497028384778,1.361365556585775,40.61911813525941,162.41102034166744,40.75910670743578,1.259905191071442,156.19792488578304,162.84888255835077,154.68311178289724,217.699303169107,1.25973358328958,1.2516244388969613,160.7981908571262,1.2009190757615247,91.02058990965445,0.008479454245925994,0.0006041665783232614
123.3085781,190.0,25.50727255,599.9999588,1.622168383,1219.506406,1.622195,276.2319733,135.5788464,1.571980399,923.2876913,922.5406806,1.571315,273.1139313,922.5406806,1.521297889,194.8069316,1.521193381,273.1139313,1.520795,113.9999099,251.88084045,113.9999099,1.420144389,223.974986,1.419502153,251.88084045,223.974986,262.7288151,1.419362582,1.411445,249.99963775,1.361375,42.813914165,163.7757073,42.813914165,1.259985526,154.9999999,163.7757073,154.9999999,217.57926785,1.259759663,1.251615,161.8770365,1.200915001,91.049132905,0.009200784999999998,0.0006699319999999997,123.53855957284867,193.15691508549259,26.043820847311473,599.8122543674672,1.6222001480333381,1219.2241752775426,1.6222278170229592,276.426171756118,134.4505646521627,1.5719704911305572,923.0602431887422,921.7839232441119,1.57131740001517,273.0561817071162,922.8842219118789,1.5213058616453712,192.24228198773193,1.5211890451096104,273.3042959511151,1.5207776651018887,114.21271507145752,251.8498368460621,114.107484544336,1.4201412726868612,224.26939353634705,1.4194717348380492,251.95926529297842,224.5243129569323,263.40320741777884,1.4194215608713265,1.4114373996864835,249.86152827103786,1.3613654571927405,40.60849319235854,162.4023351687031,40.748797746903044,1.2599045093764878,156.19973295158027,162.84150175852267,154.68300707852197,217.69295015008186,1.2597328214441232,1.2516244457763164,160.79035033772422,1.2009191140428161,91.03475541158798,0.008482326979728415,0.0006021980465842625
123.3085781,190.0,25.50727255,599.9999588,1.622168383,1219.506406,1.622195,276.2319733,135.5788464,1.571980399,923.2876913,922.5406806,1.571315,273.1139313,922.5406806,1.521297889,194.8069316,1.521193381,273.1139313,1.520795,113.9999043,251.88084305,113.9999043,1.420144389,223.97497945,1.419502153,251.88084305,223.97497945,262.7288053,1.419362582,1.411445,249.99964045000002,1.361375,42.813914624999995,163.77570880000002,42.813914624999995,1.259985526,154.9999999,163.77570880000002,154.9999999,217.57927135,1.259759664,1.251615,161.87703785000002,1.200915001,91.049213195,0.009200785499999998,0.0006699330000000003,123.53852962024624,193.1404753133957,26.043284038568608,599.8117129617754,1.6222002373743416,1219.2239203570853,1.6222279034331213,276.42668835750226,134.4452713337486,1.5719705065680167,923.0548793397138,921.7781697804866,1.5713174128539253,273.0545461172656,922.87864002441,1.5213057881276746,192.22917332976243,1.5211888873961696,273.3040542945297,1.520777659795076,114.2100612369045,251.8491709836013,114.10511904470701,1.4201410731707942,224.26769609816247,1.4194715863503542,251.95628248161378,224.5233241355069,263.40419899502723,1.4194214196215627,1.4114374175060231,249.8581125169697,1.361365359240185,40.597999723479866,162.39374734836935,40.73861454412926,1.25990383561283,156.20154357114276,162.83421222678572,154.68291769673823,217.68665205989086,1.2597320691621208,1.251624452712714,160.78260771867284,1.2009191528629644,91.04905271228544,0.008485189418621473,0.0006002549293371676
123.3085781,190.0,25.50727255,599.9999588,1.622168383,1219.506406,1.622195,276.2319733,135.5788464,1.571980399,923.2876913,922.5406806,1.571315,273.1139313,922.5406806,1.521297889,194.8069316,1.521193381,273.1139313,1.520795,113.99989865,251.88084565,113.99989865,1.420144389,223.9749729,1.419502153,251.88084565,223.9749729,262.7287955,1.419362582,1.411445,249.99964315,1.361375,42.81391508,163.77571030000001,42.81391508,1.259985526,154.9999999,163.77571030000001,154.9999999,217.57927485,1.259759664,1.251615,161.87703925,1.200915001,91.04929342,0.009200786,0.0006699330000000003,123.53849345985054,193.12424236423814,26.04276261834304,599.8111749741553,1.6222003259278255,1219.2236667125353,1.6222279891824882,276.42721263032126,134.44001033859317,1.5719705222282114,923.0495776172124,921.7724703154602,1.571317425787719,273.0529343819278,922.8731103936501,1.5213057155721226,192.21626448868614,1.5211887320457977,273.3038330352813,1.520777655334452,114.20744027253173,251.84849123585698,114.10278180189951,1.4201408774464097,224.26601056950324,1.4194714393815808,251.95331860472675,224.52234391540537,263.40519821503494,1.419421279764184,1.4114374354128334,249.85473360984562,1.3613652627761241,40.58763137722136,162.38526195111564,40.72854757201148,1.2599031714989168,156.2033771745925,162.82700356871848,154.6828819440247,217.6804401080989,1.2597313260558654,1.2516244597175632,160.7749530101403,1.2009191912789698,91.06350473327103,0.008488038708156502,0.0005983380793259626
123.3085781,190.0,25.50727255,599.9999588,1.622168383,1219.506406,1.622195,276.2319733,135.5788464,1.571980399,923.2876913,922.5406806,1.571315,273.1139313,922.5406806,1.521297889,194.8069316,1.521193381,273.1139313,1.520795,113.99989305,251.8808482,113.99989305,1.420144389,223.9749664,1.419502153,251.8808482,223.9749664,262.72878575000004,1.419362582,1.411445,249.99964590000002,1.361375,42.81391553,163.77571175,42.81391553,1.2599855265,154.9999999,163.77571175,154.9999999,217.57927834999998,1.259759664,1.251615,161.87704055,1.200915001,91.04937358500001,0.009200786999999998,0.0006699330000000003,123.53823273253404,193.10693287516582,26.04222867258014,599.8106233986449,1.6222004135918084,1219.2233920445146,1.622228077141039,276.42731724079397,134.43504179196893,1.5719705359772849,923.0444723698528,921.7666497890588,1.5713174333993902,273.0513862586239,922.8678141761906,1.5213056327536973,192.2021667929102,1.521188561059989,273.3036774623722,1.5207776317136958,114.20481123478136,251.8474776101584,114.10047108590405,1.4201406663006304,224.26437135566488,1.4194712883798084,251.9498897812241,224.5213984314195,263.40640803552014,1.4194210975937602,1.4114374481652312,249.85120646788906,1.36136513308502,40.577376085919155,162.37671418733302,40.71855237073592,1.2599025056665558,156.20478174548018,162.81982153051115,154.6828870515552,217.67403216023956,1.2597305803002745,1.2516244642809828,160.7673007990657,1.2009192141803875,91.07825186888022,0.008490922984856621,0.0005964379884345321
123.3085781,190.0,25.50727255,599.9999588,1.622168383,1219.506406,1.622195,276.2319733,135.5788464,1.571980399,923.2876913,922.5406806,1.571315,273.1139313,922.5406806,1.521297889,194.8069316,1.521193381,273.1139313,1.520795,113.9998875,251.88085075,113.9998875,1.420144389,223.9749599,1.419502153,251.88085075,223.9749599,262.728776,1.419362582,1.411445,249.9996486,1.361375,42.813915975,163.77571325000002,42.813915975,1.259985527,154.9999999,163.77571325000002,154.9999999,217.57928185,1.259759664,1.251615,161.87704194999998,1.200915001,91.049453675,0.009200787999999998,0.0006699330000000003,123.53791008247987,193.08955974826603,26.041701884267145,599.8100680674754,1.6222005008875269,1219.223109141093,1.622228165555986,276.42730608234353,134.43018714635156,1.5719705495778682,923.0394680780996,921.7608649714083,1.5713174402075596,273.049851964023,922.8626285687651,1.5213055483563687,192.18786369876364,1.5211883892783278,273.3035225808983,1.5207776043938854,114.20219892045601,251.8463853011864,114.09818632005079,1.4201404532873056,224.2627523218556,1.4194711368018933,251.94636628533365,224.52047114254182,263.4076722045157,1.4194209080746356,1.4114374599903803,249.84765730247167,1.3613649976320008,40.56723797798457,162.36822270553992,40.70866006217223,1.2599018453861026,156.20611481094085,162.81270312644514,154.6829330193297,217.66763794458876,1.2597298419111282,1.2516244687531342,160.75970802748967,1.2009192353305203,91.09317091592065,0.008493808648119803,0.0005945581342594648
123.3085781,190.0,25.50727255,599.9999588,1.622168383,1219.506406,1.622195,276.2319733,135.5788464,1.571980399,923.2876913,922.5406806,1.571315,273.1139313,922.5406806,1.521297889,194.8069316,1.521193381,273.1139313,1.520795,113.99988189999999,251.88085335,113.99988189999999,1.420144389,223.97495345,1.419502153,251.88085335,223.97495345,262.72876635,1.419362582,1.411445,249.99965129999998,1.361375,42.81391642,163.77571469999998,42.81391642,1.259985527,154.9999999,163.77571469999998,154.9999999,217.57928535,1.259759664,1.251615,161.87704324999999,1.200915001,91.0495337,0.009200787999999998,0.0006699335000000001,123.53758137982727,193.07239874745784,26.041186547874,599.8095148040283,1.6222005877016683,1219.2228257737047,1.6222282536041361,276.42728271933794,134.42538252482504,1.5719705633324412,923.0345150407312,921.7551454746437,1.571317447179885,273.0483280409494,922.8575013146648,1.5213054644771176,192.173723583759,1.52118821987198,273.3033594022026,1.5207775770861636,114.19961313294282,251.84529593757756,114.09592519766042,1.4201402432167793,224.2611491674135,1.4194709861667572,251.94286761464713,224.51955179334772,263.40893410898997,1.4194207210566478,1.411437471837347,249.8441318546275,1.3613648636194604,40.55721578313719,162.35982147774808,40.698878903142955,1.2599011929047579,156.2074785215845,162.80566508900387,154.68302495487873,217.6613111415981,1.2597291122454033,1.2516244733279622,160.75219567405873,1.2009192571093195,91.10820170539138,0.008496685330143923,0.0005927004903003454
123.3085781,190.0,25.50727255,599.9999588,1.622168383,1219.506406,1.622195,276.2319733,135.5788464,1.571980399,923.2876913,922.5406806,1.571315,273.1139313,922.5406806,1.521297889,194.8069316,1.521193381,273.1139313,1.520795,113.99987635,251.88085585,113.99987635,1.420144389,223.974947,1.419502153,251.88085585,223.974947,262.7287567,1.419362582,1.411445,249.999654,1.361375,42.813916855,163.77571615,42.813916855,1.259985527,154.9999999,163.77571615,154.9999999,217.5792888,1.259759665,1.251615,161.8770446,1.200915001,91.049613655,0.009200789,0.0006699340000000001,123.53724864210906,193.05540744752287,26.040676221695783,599.8089643678752,1.622200674005905,1219.2225430442704,1.6222283412238891,276.42725552061506,134.42061099615862,1.5719705770842645,923.0296023856055,921.7494721379717,1.5713174542040493,273.04680999507457,922.852418478767,1.5213053813873185,192.15972523828194,1.5211880517022638,273.3031868891323,1.520777549875149,114.19704810554346,251.84419815864536,114.09368079869502,1.4201400352118712,224.25955792249673,1.4194708365005881,251.9393910341844,224.51864038383718,263.41020139170223,1.4194205351216262,1.4114374834770465,249.84061868909802,1.361364730711287,40.547302832404874,162.35149884192367,40.68920381252654,1.2599005459753208,156.2088524472892,162.7986995589906,154.68312710548875,217.65500805787673,1.259728390010741,1.2516244777658878,160.74476074182337,1.2009192781022857,91.12332131576825,0.008499553936320832,0.0005908640624074063
123.3085781,190.0,25.50727255,599.9999588,1.622168383,1219.506406,1.622195,276.2319733,135.5788464,1.571980399,923.2876913,922.5406806,1.571315,273.1139313,922.5406806,1.521297889,194.8069316,1.521193381,273.1139313,1.520795,113.9998708,251.8808584,113.9998708,1.420144389,223.97494054999999,1.419502153,251.8808584,223.97494054999999,262.728747,1.419362582,1.411445,249.99965665,1.361375,42.81391729,163.7757176,42.81391729,1.259985527,154.9999999,163.7757176,154.9999999,217.57929225,1.259759665,1.251615,161.87704595000002,1.200915001,91.049693545,0.009200790000000004,0.0006699340000000001,123.5369076790648,193.03850630117682,26.040163032537606,599.8084159572461,1.6222007596812589,1219.222259473897,1.6222284282360468,276.42721402512757,134.41584254589782,1.571970591531791,923.0247114747642,921.7438040269706,1.5713174618675596,273.0452967892458,922.8473434813757,1.5213053015786782,192.14583405717212,1.5211878874873217,273.3029898301142,1.5207775252147895,114.19449576488034,251.84306819110134,114.0914444731072,1.4201398297536154,224.2579749480837,1.4194706865987246,251.93591613678637,224.51773459826916,263.41147914782533,1.4194203498312277,1.4114374957603655,249.83710891179325,1.3613646015963743,40.53749436223611,162.3432446571676,40.6796303443416,1.2598999038046619,156.21022637299384,162.79180755049518,154.68324457869025,217.64872744504206,1.259727674367108,1.251624482717198,160.7373942399351,1.2009193012731318,91.13849249957448,0.008502415271581588,0.0005890477742376734
123.3085781,190.0,25.50727255,599.9999588,1.622168383,1219.506406,1.622195,276.2319733,135.5788464,1.571980399,923.2876913,922.5406806,1.571315,273.1139313,922.5406806,1.521297889,194.8069316,1.521193381,273.1139313,1.520795,113.99986530000001,251.88086095,113.99986530000001,1.420144389,223.97493415,1.419502153,251.88086095,223.97493415,262.7287374,1.419362582,1.411445,249.99965935,1.361375,42.81391772,163.77571905000002,42.81391772,1.259985527,154.9999999,163.77571905000002,154.9999999,217.57929575,1.259759665,1.251615,161.87704724999998,1.200915001,91.04977336,0.009200790499999998,0.0006699340000000001,123.53655057575808,193.02177485570405,26.039631591882173,599.8078738341811,1.6222008447390612,1219.2219814711189,1.6222285145090098,276.4271397516919,134.41106563002162,1.5719706050938769,923.0198159044334,921.7381333031341,1.5713174687966862,273.04378600344006,922.8422615164232,1.5213052185628901,192.13198306270007,1.5211877198196049,273.3027580264797,1.5207774958278608,114.19194688423619,251.84187826437835,114.08920699417973,1.420139625625278,224.25639528187216,1.4194705350993744,251.932435348662,224.51682682778028,263.41276114992587,1.4194201636383572,1.4114375069146228,249.83359616979186,1.3613644706568553,40.527783386088636,162.3350396557718,40.670151512045955,1.2598992642777684,156.21159774493327,162.78497258455675,154.68337226695277,217.64249052559822,1.2597269631821124,1.2516244865276536,160.7300781866969,1.200919318988052,91.15365795299968,0.00850526474895444,0.0005872541170316839
123.3085781,190.0,25.50727255,599.9999588,1.622168383,1219.506406,1.622195,276.2319733,135.5788464,1.571980399,923.2876913,922.5406806,1.571315,273.1139313,922.5406806,1.521297889,194.8069316,1.521193381,273.1139313,1.520795,113.99985975,251.8808635,113.99985975,1.420144389,223.97492770000002,1.419502153,251.8808635,223.97492770000002,262.72872785000004,1.419362582,1.411445,249.99966204999998,1.361375,42.81391814,163.7757205,42.81391814,1.259985528,154.9999999,163.7757205,154.9999999,217.57929919999998,1.259759665,1.251615,161.87704854999998,1.200915001,91.04985311499999,0.009200791000000003,0.0006699340000000001,123.53618897180125,193.00522902056142,26.039106592931653,599.8073379564819,1.6222009287430603,1219.2217088909463,1.6222285998495798,276.4270661756595,134.4063310422223,1.5719706185569697,923.0149715884872,921.7325087393901,1.5713174755530166,273.04228593487915,922.8372248406184,1.5213051359911685,192.11831067550682,1.5211875528253016,273.3025194813525,1.5207774656672737,114.18942568374383,251.84068896880464,114.08699373538497,1.4201394250056618,224.25483050256733,1.4194703850141925,251.9289873802987,224.51592633533465,263.41404173670054,1.4194199785542378,1.4114375178452496,249.83011307475695,1.3613643401974957,40.518179748635625,162.3269086829388,40.66078001844356,1.2598986310959124,156.21298188569895,162.77821266127106,154.68353060039829,217.63631602528412,1.259726258975854,1.2516244900643037,160.7228440500785,1.2009193358722343,91.1689380140457,0.008508101846928276,0.0005854827297406399
123.3085781,190.0,25.50727255,599.9999588,1.622168383,1219.506406,1.622195,276.2319733,135.5788464,1.571980399,923.2876913,922.5406806,1.571315,273.1139313,922.5406806,1.521297889,194.8069316,1.521193381,273.1139313,1.520795,113.99985430000001,251.880866,113.99985430000001,1.420144389,223.97492135,1.419502153,251.880866,223.97492135,262.72871825000004,1.419362582,1.411445,249.99966469999998,1.361375,42.813918565,163.77572195,42.813918565,1.259985528,154.9999999,163.77572195,154.9999999,217.57930265,1.259759665,1.251615,161.8770499,1.200915001,91.049932805,0.009200791999999996,0.0006699350000000002,123.53582690225994,192.98883697683516,26.0385840990886,599.8068068894023,1.6222010119028833,1219.2214400225037,1.6222286844229554,276.42699504053803,134.40164263050684,1.571970632127305,923.0101715376918,921.7269338195196,1.5713174822488682,273.04079900358613,922.8322334539615,1.5213050543815914,192.10481019781943,1.521187387312508,273.3022814548016,1.5207774357605435,114.18692524336532,251.83949967323093,114.0847995066945,1.4201392273005475,224.2532773019677,1.419470236474121,251.92557117978112,224.51503113601143,263.4153180774979,1.4194197949914287,1.4114375286122443,249.8266604737447,1.3613642106984554,40.508680591746156,162.31885833025302,40.651508241852056,1.259898003928623,156.21435581140364,162.77152625950325,154.68370170267008,217.63018147321304,1.2597255621360401,1.251624493498277,160.7156873346557,1.2009193522175599,91.18429257004524,0.008510928487112051,0.0005837321304898803
123.3085781,190.0,25.50727255,599.9999588,1.622168383,1219.506406,1.622195,276.2319733,135.5788464,1.571980399,923.2876913,922.5406806,1.571315,273.1139313,922.5406806,1.521297889,194.8069316,1.521193381,273.1139313,1.520795,113.9998488,251.88086850000002,113.9998488,1.420144389,223.974915,1.419502153,251.88086850000002,223.974915,262.72870875,1.419362582,1.411445,249.99966734999998,1.361375,42.81391898,163.7757234,42.81391898,1.259985528,154.9999999,163.7757234,154.9999999,217.57930605,1.259759666,1.251615,161.87705119999998,1.200915001,91.050012425,0.009200792999999999,0.0006699350000000002,123.53546638466695,192.97260933082987,26.03806661546048,599.8062799155691,1.6222010940995528,1219.2211737058753,1.622228768052738,276.42691483917565,134.39699808607108,1.5719706462146057,923.0054204115363,921.7214094144673,1.571317489342151,273.0393307410422,922.82730216252,1.521304975707788,192.09147269927396,1.521187224823953,273.30204930544954,1.520777407884666,114.1844484464498,251.83831668914974,114.08262488477813,1.4201390337549658,224.25173468761284,1.4194700892958412,251.9221852744276,224.5141379216091,263.41657601905996,1.419419613439843,1.4114375397228665,249.82323328441805,1.361364084608548,40.4992824221491,162.31089011884927,40.642331736290046,1.2598973841638772,156.2157501672303,162.76491692856797,154.68390855765534,217.62413056277583,1.2597248731796145,1.2516244973543664,160.70860404449587,1.200919370291718,91.19971589061728,0.008513744556598568,0.00058200260103844
123.3085781,190.0,25.50727255,599.9999588,1.622168383,1219.506406,1.622195,276.2319733,135.5788464,1.571980399,923.2876913,922.5406806,1.571315,273.1139313,922.5406806,1.521297889,194.8069316,1.521193381,273.1139313,1.520795,113.99984335,251.880871,113.99984335,1.420144389,223.9749086,1.419502153,251.880871,223.9749086,262.7286992,1.419362582,1.411445,249.99966999999998,1.361375,42.813919389999995,163.7757248,42.813919389999995,1.259985528,154.9999999,163.7757248,154.9999999,217.57930950000002,1.259759666,1.251615,161.8770525,1.200915001,91.050091975,0.009200792999999999,0.0006699350000000002,123.53509717616339,192.95649305102265,26.037555573537276,599.8057552626489,1.62220117571833,1219.2209067802914,1.6222288511337248,276.42682574592305,134.39238278648844,1.5719706607308774,923.0007151036945,921.7159181053305,1.5713174968933437,273.03787285002556,922.8224057088845,1.5213048995503622,192.07824906286874,1.5211870654453443,273.30181318034533,1.520777382474825,114.18198606628,251.83712171323273,114.0804600662488,1.4201388426145556,224.250207621805,1.4194699431127171,251.9188134647407,224.51325397017092,263.41783933886,1.419419432790729,1.4114375511007542,249.81981033037232,1.3613639613995983,40.489983016853756,162.30299289373866,40.63325304231834,1.2598967692240037,156.21715218435273,162.75837097825158,154.68413328899737,217.61812209734683,1.259724190943454,1.2516245015755296,160.70159118264942,1.2009193900048991,91.21517072828505,0.008516549229154569,0.0005802926174113774
123.3085781,190.0,25.50727255,599.9999588,1.622168383,1219.506406,1.622195,276.2319733,135.5788464,1.571980399,923.2876913,922.5406806,1.571315,273.1139313,922.5406806,1.521297889,194.8069316,1.521193381,273.1139313,1.520795,113.9998379,251.8808735,113.9998379,1.420144389,223.9749023,1.419502153,251.8808735,223.9749023,262.72868975,1.419362582,1.411445,249.99967265,1.361375,42.8139198,163.77572625,42.8139198,1.259985528,154.9999999,163.77572625,154.9999999,217.5793129,1.259759666,1.251615,161.8770538,1.200915001,91.050171465,0.009200793999999997,0.0006699350000000002,123.53471105142323,192.94128891340918,26.03707817162862,599.8052203555133,1.6222012577223686,1219.2206316193065,1.6222289347607073,276.4266735376853,134.38787292229728,1.571970674760432,922.9960781350325,921.7103910874429,1.5713175059046642,273.0365895463846,922.8176442517473,1.5213048171513333,192.0652263596522,1.5211869087603893,273.30156253510296,1.5207773555901976,114.17953406616714,251.83577799647537,114.0783062044462,1.4201386585198839,224.24858858799573,1.4194697961963203,251.91568401636655,224.51240243910738,263.4190273633281,1.4194192458500958,1.4114375631931693,249.81649410540598,1.361363839823191,40.480762368943694,162.2953481770136,40.62422388928197,1.2598961634051213,156.21858995418867,162.75196395825174,154.68427885361663,217.61239576638428,1.2597235222770597,1.2516245045417524,160.6946137847055,1.2009193930359692,91.2307774210504,0.008519306819771207,0.0005786028430646074
123.3085781,190.0,25.50727255,599.9999588,1.622168383,1219.506406,1.622195,276.2319733,135.5788464,1.571980399,923.2876913,922.5406806,1.571315,273.1139313,922.5406806,1.521297889,194.8069316,1.521193381,273.1139313,1.520795,113.99983245,251.880876,113.99983245,1.420144389,223.974896,1.419502153,251.880876,223.974896,262.7286803,1.419362582,1.411445,249.99967525,1.361375,42.81392021,163.77572765000002,42.81392021,1.259985529,154.9999999,163.77572765000002,154.9999999,217.57931635,1.259759666,1.251615,161.8770551,1.200915001,91.05025088,0.009200794999999998,0.0006699350000000002,123.53431282148622,192.92694918961888,26.03664156718443,599.8046693285822,1.622201341227794,1219.2203401905049,1.6222290199752782,276.4264533326403,134.38346618469342,1.5719706881657787,922.9915063992238,921.7048379412008,1.571317516246515,273.03547149574484,922.8130256296148,1.521304727277183,192.05237891482795,1.5211867541568944,273.30131517417755,1.520777325707644,114.1770947527905,251.8342924815194,114.07616733605909,1.4201384800278471,224.24688585668875,1.4194696474467423,251.91278072980768,224.51158829072065,263.42013754487766,1.4194190526952983,1.4114375755964852,249.8133023976989,1.3613637189190073,40.47160682290453,162.28795343344936,40.615234750077995,1.2598955668394185,156.2200839068601,162.74569079811891,154.6843529128089,217.6069191119407,1.2597228682143191,1.2516245060020468,160.68766585676505,1.2009193783072143,91.24647579991242,0.00852202513269441,0.0005769287426393944
123.3085781,190.0,25.50727255,599.9999588,1.622168383,1219.506406,1.622195,276.2319733,135.5788464,1.571980399,923.2876913,922.5406806,1.571315,273.1139313,922.5406806,1.521297889,194.8069316,1.521193381,273.1139313,1.520795,113.99982705,251.8808785,113.99982705,1.420144389,223.9748897,1.419502153,251.8808785,223.9748897,262.72867084999996,1.419362582,1.411445,249.9996779,1.361375,42.81392061,163.77572905,42.81392061,1.259985529,154.9999999,163.77572905,154.9999999,217.57931975,1.259759666,1.251615,161.87705640000001,1.200915001,91.05033023499999,0.009200794999999998,0.0006699360000000001,123.53391536752339,192.91274204463582,26.036219993385032,599.8041179218656,1.62220142492585,1219.220044035047,1.6222291054614473,276.4262252818098,134.37910023596365,1.5719707014171356,922.9869905772895,921.6993405354481,1.5713175263982901,273.03435793943356,922.8084705864782,1.5213046353060513,192.0396564950989,1.5211865998472525,273.30106936898125,1.5207772937458837,114.17468369623548,251.8328290567873,114.07405326447451,1.4201383035731325,224.2451986739288,1.4194694991947419,251.90990058538804,224.51078704431973,263.4212440465802,1.4194188627120452,1.4114375876234473,249.8101394899021,1.3613635970064886,40.46254908845677,162.2806372818525,40.60634088190352,1.2598949768831298,156.22163404236704,162.73948761018934,154.6844754935409,217.60151111853983,1.2597222223580562,1.2516245072798042,160.6807888566296,1.2009193629946977,91.26224580853744,0.008524730748564776,0.0005752724269396224
123.3085781,190.0,25.50727255,599.9999588,1.622168383,1219.506406,1.622195,276.2319733,135.5788464,1.571980399,923.2876913,922.5406806,1.571315,273.1139313,922.5406806,1.521297889,194.8069316,1.521193381,273.1139313,1.520795,113.99982159999999,251.880881,113.99982159999999,1.420144389,223.9748834,1.419502153,251.880881,223.9748834,262.72866145,1.419362582,1.411445,249.9996805,1.361375,42.81392101,163.7757305,42.81392101,1.259985529,154.9999999,163.7757305,154.9999999,217.57932315,1.259759666,1.251615,161.87705764999998,1.200915001,91.05040952,0.009200796,0.0006699360000000001,123.53352350057447,192.89867808476455,26.03580271405558,599.8035676967045,1.6222015082669727,1219.219745559758,1.622229190670418,276.42600403066007,134.3747681496954,1.5719707151277116,922.9825190205057,921.6938849350622,1.5713175369388566,273.033265817612,922.8039529939831,1.521304545851297,192.0270501701011,1.5211864493209701,273.30082581094916,1.520777263621562,114.17228705642619,251.83137909657253,114.0719553396451,1.4201381304856582,224.2435220774136,1.4194693525140398,251.9070366404659,224.50998612873897,263.42235281280404,1.419418675204144,1.4114376001522146,249.80699225264476,1.3613634783590547,40.453581543917956,162.2733951588185,40.59753529821639,1.25989439313969,156.22315608645624,162.73333969015943,154.68458785921192,217.5961181057301,1.2597215834159123,1.2516245092420746,160.6739777893833,1.2009193505111797,91.27807885135392,0.008527418859794753,0.0005736338319420176
123.3085781,190.0,25.50727255,599.9999588,1.622168383,1219.506406,1.622195,276.2319733,135.5788464,1.571980399,923.2876913,922.5406806,1.571315,273.1139313,922.5406806,1.521297889,194.8069316,1.521193381,273.1139313,1.520795,113.99981625,251.88088345,113.99981625,1.420144389,223.97487710000001,1.419502153,251.88088345,223.97487710000001,262.72865205,1.419362582,1.411445,249.99968315,1.361375,42.8139214,163.77573189999998,42.8139214,1.259985529,154.9999999,163.77573189999998,154.9999999,217.57932655000002,1.259759667,1.251615,161.87705895,1.200915001,91.05048874,0.009200796999999997,0.0006699360000000001,123.53314218687409,192.88475200685284,26.035391876431046,599.8030201300438,1.6222015910698624,1219.219446533509,1.622229275366993,276.42580352725406,134.37046915628724,1.5719707294487466,922.9780963883619,921.6884537211404,1.571317547937333,273.0322020446316,922.799464142678,1.5213044596283611,192.01459119610828,1.521186303545314,273.3005881301159,1.5207772362654863,114.16990541003244,251.82994533585523,114.06987067822169,1.4201379616143084,224.24185275894166,1.4194692082688505,251.90419899342922,224.50918289741716,263.42345818224595,1.4194184908677872,1.4114376134391442,249.8038695800168,1.3613633636489297,40.444703871718,162.26622858548217,40.588819269297,1.2598938157412878,156.22462960900566,162.7272597141529,154.68467979476094,217.59072509292037,1.2597209513232697,1.2516245120257605,160.66724614129893,1.2009193421139934,91.29396919798081,0.008530083326165935,0.0005720137523307607
123.30864374999999,190.00002460000002,25.507276425,599.9999746999999,1.622168357,1219.5064200000002,1.6221949740000001,276.23211545000004,135.57882845,1.571980293,923.28767525,922.5406678,1.5713148935,273.11407345,922.5406678,1.5212981179999998,194.80733625,1.5211936095,273.11407345,1.5207952279999999,113.99980965,251.88107395,113.99980965,1.420145944,223.97478975,1.4195037065,251.88107395,223.97478975,262.72852215,1.419364136,1.4114465385,249.99988035,1.3613753095,42.81391918,163.77415865,42.81391918,1.2598705620000001,150.1358214,163.77415865,150.1358214,212.70375760000002,1.2596461265,1.2515950485,161.8757936,1.2009197735,91.043402805,0.009228567000000003,0.0006756965,123.57090667633209,192.56766062201802,25.97419066952979,599.8078901227701,1.6222011035497903,1219.2215991629278,1.6222275144123932,276.4276657680188,134.08204256202515,1.571970820077139,922.825718655488,921.5833262874605,1.5713183943275435,272.94940683386636,922.5246835605642,1.5212985526294727,191.7034963867558,1.5211857147247962,273.18856318976174,1.52078089218799,114.13764534645895,251.6876592588835,114.05649597493175,1.420132863414291,224.22316075888207,1.4194597507287716,251.8058085053968,224.56147696165237,263.3587084426836,1.419412276497014,1.4114382223634159,249.70570593278788,1.3613612164232771,40.3775082611365,162.2265482617129,40.503247465735036,1.2598238932309862,152.38325719635347,162.66409002598724,150.76107997169623,213.88322228553324,1.2596465128834444,1.2516233264607528,160.58304334845798,1.200918755613177,90.54794235100587,0.008626640699319774,0.0005849537535587402
123.3085685,189.99999295,25.507271515,599.9999566,1.6221683905000002,1219.5064035,1.6221950075,276.2319524,135.5788495,1.571980414,923.2876943,922.5406837,1.5713150155,273.11391055,922.5406837,1.521297827,194.8068723,1.5211933185,273.11391055,1.520794938,113.99980579999999,251.88085999999998,113.99980579999999,1.4201442825,223.97487565,1.4195020465,251.88085999999998,223.97487565,262.72864925,1.4193624765,1.4114448955,249.99965935,1.361375496,42.813920955,163.7757239,42.813920955,1.2598876635,150.00063535,163.7757239,150.00063535,212.5543845,1.2596632665,1.2516146275,161.8823468,1.2009145445,91.027793225,0.0092727685,0.0006872359999999998,123.58075782344075,192.56608028263582,26.00909612122568,599.8120026961074,1.6222008799055023,1219.2250964245388,1.6222271402035557,276.5224294312685,134.11912811418273,1.5719702318024085,922.8806928661036,921.558383289464,1.571317374458616,273.0156833131479,922.5771632315464,1.5212948609556143,191.98328022383663,1.5211843931936624,273.297276847176,1.5207767689758467,114.15200096518188,251.72853542980158,114.06948027274903,1.4201388728065345,224.22158440087202,1.4194637056605568,251.86040607143488,224.52933910745628,263.409654509817,1.419413650188356,1.411437400559188,249.79279008511006,1.3613560981621702,40.38916213116769,162.26147960247184,40.503270330782115,1.25981418241564,151.87854380110602,162.69663926956673,150.2803872923933,213.38346726839973,1.25963504681854,1.251622421888308,160.6276764179745,1.2009141682795965,90.76377715291781,0.008600279433717056,0.0005960313928766575
123.3085777,190.0000008,25.507272735,599.9999589500001,1.622168382,1219.506406,1.622194999,276.23197245,135.5788468,1.5719803995000001,923.2876917,922.54068115,1.5713150005,273.11393045,922.54068115,1.521297896,194.80693000000002,1.5211933874999999,273.11393045,1.5207950065,113.9998001,251.88088950000002,113.9998001,1.420144376,223.97485905000002,1.41950214,251.88088950000002,223.97485905000002,262.72862485,1.41936257,1.4114449875,249.99968945,1.3613750224999999,42.813921315,163.7756942,42.813921315,1.2598880060000002,150.00000265,163.7756942,150.00000265,212.55370664999998,1.2596636095,1.2516149859999999,161.8823457,1.2009143089999998,91.01235849,0.009298143999999998,0.0006966175000000002,123.58193156194953,192.54825108463916,26.013303628152237,599.8124088980708,1.6222007719303075,1219.2256245631222,1.6222270492686273,276.54032305262274,134.12135841903358,1.571970374125942,922.8851380191134,921.5439961466202,1.5713174223404354,273.02753226447805,922.5864309588917,1.521294969085837,192.0273817098624,1.5211857419551893,273.3252298417579,1.5207765730589595,114.1508753056757,251.72632009592732,114.06908352390829,1.4201401072538378,224.22318689367384,1.4194647299113932,251.85621313657126,224.52072388913567,263.426724754169,1.419414228982341,1.4114374686465203,249.79915867704096,1.361355985996891,40.384492897958744,162.26197904174848,40.49657912880982,1.2598118168402943,151.75902758739093,162.69221124601032,150.17829031145067,213.25992732681388,1.2596320072554834,1.2516225524363347,160.63028026760452,1.200914484341613,90.83174233725543,0.008592381798025035,0.000598061636572653
123.3085783,190.0,25.5072726,599.9999588,1.622168383,1219.506406,1.622195,276.2319736,135.5788463,1.571980398,923.2876912,922.5406805,1.571315,273.1139316,922.5406805,1.5212978895,194.80693250000002,1.521193381,273.1139316,1.520795,113.99979479999999,251.8808936,113.99979479999999,1.420144388,223.97485210000002,1.419502152,251.8808936,223.97485210000002,262.72861455,1.419362582,1.4114449995,249.9996938,1.361375002,42.81392178,163.77570355,42.81392178,1.2598880145,149.9999992,163.77570355,149.9999992,212.55370785,1.259663618,1.251614993,161.88235515000002,1.200914194,90.997190045,0.009312659000000001,0.0007041854999999997,123.58073206109877,192.53128099731336,26.012234663008947,599.811991935511,1.6222008215497197,1219.22542772544,1.6222271233504801,276.5433752375144,134.12203182025667,1.57197038721781,922.8838535531668,921.5364511488325,1.5713174001188475,273.0289797839675,922.5907081705252,1.5212951397061016,192.0344478603305,1.5211861825757622,273.33399931378267,1.5207764281430811,114.14695625751787,251.7202530685516,114.06593259997537,1.4201402117514743,224.22442283775058,1.419464776788461,251.84740082033272,224.5172171955561,263.43530106232555,1.4194143196936717,1.4114374540723513,249.7940505047141,1.3613559885417368,40.37717449495935,162.25465781970212,40.48947254514888,1.2598102466418233,151.7159915353925,162.68543459024124,150.1445244273109,213.20290870017692,1.2596304530649045,1.251622566012508,160.62588973657674,1.2009147679599543,90.8574660177488,0.008591377424551593,0.0005978033479391807
123.3085781,190.0,25.50727261,599.9999588,1.622168383,1219.506406,1.622195,276.2319733,135.5788464,1.571980399,923.2876913,922.5406806,1.571315,273.1139313,922.5406806,1.521297889,194.8069317,1.521193381,273.1139313,1.520795,113.99978945,251.8808957,113.99978945,1.420144389,223.97484605,1.419502153,251.8808957,223.97484605,262.7286055,1.419362582,1.411445,249.9996961,1.361375001,42.813922225,163.7757139,42.813922225,1.259888019,149.9999993,163.7757139,149.9999993,212.55371225,1.2596636225,1.251614996,161.8823652,1.2009141265,90.98229108999999,0.009321077999999997,0.000710293,123.5796352992263,192.51524956794276,26.010249186405346,599.8112900492388,1.62220095242531,1219.2248356175098,1.6222272735777712,276.54392095548025,134.12184788552258,1.571970310991572,922.8790131201287,921.5291029846475,1.5713173156647184,273.0284053742155,922.5930248846253,1.5212950637953795,192.02989337472073,1.5211860610919674,273.338848521358,1.5207760282826015,114.14275060445502,251.71632605790612,114.06256600152727,1.4201401397095077,224.22520489658285,1.4194645776263937,251.83956762696704,224.51472578901388,263.44138413257053,1.419414333565956,1.4114373714053958,249.78907659079266,1.3613557717976996,40.369120917173944,162.2464416633174,40.48192263363064,1.2598087628283923,151.68613801961624,162.67906002111826,150.12207938452582,213.15702314952082,1.2596291263294577,1.2516224852970235,160.61977546009084,1.2009147625264807,90.8730641149426,0.00859214762902235,0.000597107117338825
123.3085781,190.0,25.50727261,599.9999588,1.622168383,1219.506406,1.622195,276.2319733,135.5788464,1.571980399,923.2876913,922.5406806,1.571315,273.1139313,922.5406806,1.521297889,194.8069317,1.521193381,273.1139313,1.520795,113.99978415,251.88089815,113.99978415,1.420144389,223.9748399,1.419502153,251.88089815,223.9748399,262.7285963,1.419362582,1.411445,249.99969865,1.361375001,42.813922649999995,163.77572185,42.813922649999995,1.259888022,149.9999995,163.77572185,149.9999995,212.5537167,1.2596636255,1.251614998,161.8823729,1.2009140915,90.96766108,0.009326074499999996,0.0007152255000000001,123.57927028098318,192.50164167916842,26.008430120512035,599.8103656085146,1.6222011117762558,1219.223859693498,1.622227445611301,276.54400324905214,134.11943441553905,1.5719702682704508,922.8693796255294,921.5189016041686,1.571317279800873,273.0277203348393,922.5917393695834,1.5212950533844842,192.019834436037,1.5211858630226922,273.34252712922205,1.520775603229872,114.13897341707512,251.71554448474913,114.05935452726256,1.4201401837665941,224.22536501353497,1.4194643983936273,251.8328170649515,224.5125513081744,263.4458327845934,1.4194144328894482,1.4114373294228437,249.78480912172998,1.3613556783586442,40.36051063899983,162.2389896236737,40.47403165182676,1.2598073991080128,151.65777590274615,162.67311846838336,150.10161350980974,213.11379665379172,1.2596278138745747,1.2516224470555672,160.6124494170209,1.2009147817906143,90.8800695057653,0.008593728342239891,0.0005962969962418635
123.3085781,190.0,25.50727261,599.9999588,1.622168383,1219.506406,1.622195,276.2319733,135.5788464,1.571980399,923.2876913,922.5406806,1.571315,273.1139313,922.5406806,1.521297889,194.8069316,1.521193381,273.1139313,1.520795,113.9997789,251.88090060000002,113.9997789,1.420144389,223.97483369999998,1.419502153,251.88090060000002,223.97483369999998,262.7285871,1.419362582,1.411445,249.9997012,1.361375001,42.81392307,163.77572785,42.81392307,1.259888024,149.9999996,163.77572785,149.9999996,212.55372110000002,1.2596636275,1.2516149995,161.88237875,1.2009140765000001,90.95329745,0.0093291485,0.000719211,123.57916397252377,192.49227631222547,26.007343261743987,599.809452054982,1.622201263019714,1219.2228191621857,1.6222276010353538,276.5450273855798,134.1153493713195,1.5719702485157823,922.8568681195649,921.5078179562584,1.5713172700119697,273.0268028003934,922.5885656454553,1.521295082125463,192.00944730647845,1.5211857123494832,273.3464790268297,1.520775186711561,114.1359753106342,251.71700433296886,114.05662860899189,1.4201403030065183,224.22522573825222,1.4194642743658101,251.82653187031772,224.51017039556197,263.449657561008,1.4194146003366857,1.411437317374064,249.78213454182415,1.3613556290462547,40.35167710904404,162.23209482643105,40.46633629320348,1.2598061942779446,151.62659187527447,162.66785280656805,150.07738083134944,213.0671845444654,1.259626450242287,1.2516224552697224,160.6051363607322,1.2009147662311217,90.88056231853483,0.008595059364577997,0.0005956372293909644
123.3085781,190.0,25.50727261,599.9999588,1.622168383,1219.506406,1.622195,276.2319733,135.5788464,1.571980399,923.2876913,922.5406806,1.571315,273.1139313,922.5406806,1.521297889,194.8069316,1.521193381,273.1139313,1.520795,113.99977365,251.880903,113.99977365,1.420144389,223.9748276,1.419502153,251.880903,223.9748276,262.72857795,1.419362582,1.411445,249.99970374999998,1.361375001,42.81392347,163.7757326,42.81392347,1.259888025,149.9999997,163.7757326,149.9999997,212.55372545,1.259663629,1.251615,161.8823832,1.200914073,90.93919643000001,0.009331139499999997,0.0007224344999999997,123.57917840564309,192.4847299265178,26.00737690175854,599.8085100175178,1.6222014273110719,1219.221689607349,1.622227767216927,276.5471108774943,134.11210396222492,1.5719702265062654,922.8457505775508,921.4975111914171,1.571317240930374,273.0262349592753,922.5858395871345,1.5212950928324025,192.00123695313044,1.5211855504363907,273.35102469437356,1.5207746954506012,114.1338352888988,251.71975761638885,114.05481209903789,1.4201404686804047,224.22564157917952,1.4194641412244624,251.8208182865231,224.50820896289846,263.4531520003833,1.419414745351047,1.4114372916565465,249.7815801435507,1.3613555250917044,40.3431116082543,162.22592561051317,40.45907600561494,1.2598051329382531,151.59366107237156,162.6630069779721,150.05155715713818,213.021124220246,1.2596250929425568,1.251622470511544,160.59811700549514,1.2009146986045824,90.87859393264722,0.008596000509940091,0.0005951281167698286
123.3085781,190.0,25.50727261,599.9999588,1.622168383,1219.506406,1.622195,276.2319733,135.5788464,1.571980399,923.2876913,922.5406806,1.571315,273.1139313,922.5406806,1.521297889,194.8069316,1.521193381,273.1139313,1.520795,113.99976835,251.88090540000002,113.99976835,1.420144389,223.97482150000002,1.419502153,251.88090540000002,223.97482150000002,262.72856875,1.419362582,1.411445,249.99970635,1.361375,42.813923869999996,163.7757363,42.813923869999996,1.259888026,149.9999998,163.7757363,149.9999998,212.55372970000002,1.25966363,1.251615001,161.88238675,1.2009140775,90.92535353,0.009332518500000003,0.0007250434999999998,123.5790300393844,192.475788811758,26.00795665520083,599.8075794580232,1.62220159049197,1219.2205666060356,1.6222279286721348,276.54919332330405,134.11043315759028,1.5719702008009977,922.8373526242581,921.4892668246782,1.5713172053430022,273.02584205125055,922.5852368930905,1.5212951035640125,191.9912996906554,1.5211855123824063,273.35554598882834,1.5207743551739024,114.13153033959232,251.72130645665308,114.05285891833495,1.420140583845685,224.22600415806286,1.4194639915059168,251.81587554634814,224.50642981213707,263.4560174689775,1.4194148779112947,1.4114372604028083,249.7806970874773,1.3613553893505894,40.33490432653955,162.21981166249498,40.4521034365355,1.259804332934789,151.5688921032087,162.6579836836433,150.03221493913225,212.98272147486338,1.2596240178293499,1.2516224998999663,160.59104220669224,1.2009146750295938,90.88114681740103,0.008596348735159744,0.0005945752671891942
123.3085781,190.0,25.50727261,599.9999588,1.622168383,1219.506406,1.622195,276.2319733,135.5788464,1.571980399,923.2876913,922.5406806,1.571315,273.1139313,922.5406806,1.521297889,194.8069316,1.521193381,273.1139313,1.520795,113.9997631,251.8809078,113.9997631,1.420144389,223.9748154,1.419502153,251.8809078,223.9748154,262.72855964999997,1.419362582,1.411445,249.99970885,1.361375,42.81392426,163.77573934999998,42.81392426,1.259888027,149.9999998,163.77573934999998,149.9999998,212.5537339,1.25966363,1.251615001,161.88238965,1.200914086,90.911763885,0.00933355,0.0007271580000000001,123.57851991397408,192.46427036498562,26.008600825692266,599.806508841982,1.6222017692136366,1219.2193131432118,1.622228102965248,276.5516143583437,134.11028539412192,1.571970204760731,922.8306468422455,921.4818350497593,1.5713171907417258,273.026055186136,922.5853466321794,1.521295256668316,191.97935867777116,1.5211856548522145,273.35908319820396,1.5207741836393416,114.12911236299935,251.72135947319023,114.05089132088636,1.4201407043589356,224.22611002051053,1.4194638115136897,251.81114003351092,224.50484154460165,263.4583790815906,1.4194150030970567,1.4114372600537264,249.78012828924872,1.3613553541548917,40.32619528406373,162.212847907139,40.444627836420274,1.259803660030355,151.54921534195495,162.6525253447466,150.0179725903312,212.94855574000766,1.2596231240340694,1.2516225568400345,160.5836322490361,1.2009148518195574,90.88291177476168,0.008596877270500663,0.0005937766909441915
123.3085781,190.0,25.50727261,599.9999588,1.622168383,1219.506406,1.622195,276.2319733,135.5788464,1.571980399,923.2876913,922.5406806,1.571315,273.1139313,922.5406806,1.521297889,194.8069316,1.521193381,273.1139313,1.520795,113.99975785,251.88091020000002,113.99975785,1.420144389,223.9748093,1.419502153,251.88091020000002,223.9748093,262.72855055,1.419362582,1.411445,249.9997114,1.361375,42.813924639999996,163.77574195,42.813924639999996,1.259888027,149.9999999,163.77574195,149.9999999,212.553738,1.259663631,1.251615001,161.8823921,1.2009140975,90.898422395,0.009334381000000001,0.0007288730000000003,123.57791946517196,192.45279434343155,26.008839884519087,599.8053418025578,1.6222019693116494,1219.2179904914208,1.6222283052553548,276.5539112556225,134.1091302224238,1.5719701843901037,922.8235108340332,921.4746872029575,1.5713171527956864,273.0254335859349,922.5854337266944,1.521295350193681,191.9656438713492,1.5211857299806728,273.3621898163391,1.5207739332158063,114.12592107216571,251.71921377611676,114.04812503572782,1.4201407580084127,224.22569186384217,1.41946361625368,251.80442123934105,224.50272958877036,263.46159923082774,1.4194150652129167,1.4114372449232082,249.77738467426377,1.3613552509685967,40.31703783260395,162.20499276675932,40.436524717790704,1.2598028870593942,151.53078226437813,162.64570356197692,150.00645000152173,212.91388565858364,1.259622122262219,1.251622581368415,160.57560591876472,1.200914909836482,90.8831811026706,0.008597594377986368,0.0005928181513127247
123.3085781,190.0,25.50727261,599.9999588,1.622168383,1219.506406,1.622195,276.2319733,135.5788464,1.571980399,923.2876913,922.5406806,1.571315,273.1139313,922.5406806,1.521297889,194.8069316,1.521193381,273.1139313,1.520795,113.99975265,251.8809126,113.99975265,1.420144389,223.97480324999998,1.419502153,251.8809126,223.97480324999998,262.72854144999997,1.419362582,1.411445,249.99971395,1.361375,42.81392501,163.77574420000002,42.81392501,1.259888028,149.9999999,163.77574420000002,149.9999999,212.55374210000002,1.259663631,1.251615001,161.8823942,1.2009141115,90.88532384999999,0.009335095,0.0007302660000000001,123.57749516250331,192.44255395636088,26.008703892970892,599.804018122609,1.6222021898115235,1219.2164979989839,1.622228531566484,276.5565884119695,134.10817899509613,1.5719701585583445,922.8145700502105,921.4686358760928,1.5713171154198744,273.02422806874847,922.5854328557493,1.5212954650835844,191.95167008437295,1.5211857437917715,273.36506169224026,1.5207736131751086,114.12263347747063,251.71746549268892,114.04493086155792,1.4201409316052174,224.22370661212796,1.4194635007632506,251.79642710291614,224.49944983781302,263.4639829225231,1.4194151567751494,1.4114372577137868,249.77483969395433,1.3613551224778915,40.30713091570358,162.19682427259997,40.42743713185624,1.2598022372879092,151.50921571683915,162.63800560553202,149.99593614998616,212.87739044180594,1.2596209253442041,1.2516225978309512,160.56724742658963,1.2009148764049027,90.87778881411096,0.00859917691628088,0.0005918086650587795
123.3085781,190.0,25.50727261,599.9999588,1.622168383,1219.506406,1.622195,276.2319733,135.5788464,1.571980399,923.2876913,922.5406806,1.571315,273.1139313,922.5406806,1.521297889,194.8069316,1.521193381,273.1139313,1.520795,113.99974745,251.88091500000002,113.99974745,1.420144389,223.9747972,1.419502153,251.88091500000002,223.9747972,262.72853235,1.419362582,1.411445,249.99971645,1.361375,42.81392538,163.77574620000001,42.81392538,1.259888028,149.9999999,163.77574620000001,149.9999999,212.553746,1.259663632,1.251615001,161.88239605,1.2009141265,90.87246300999999,0.009335738000000001,0.0007314000000000002,123.57641252336047,192.4405122427295,26.009019178639203,599.802411671067,1.6222024405034334,1219.2145500656757,1.6222288045700686,276.55789935554316,134.1097328203183,1.5719701187575268,922.806908296263,921.4671413342246,1.5713170946152153,273.0195847359895,922.5888722181483,1.5212955459283801,191.93931492586097,1.5211856796828067,273.365597208765,1.5207732454093619,114.1203175714374,251.71832616988547,114.04210460273741,1.4201411437130655,224.2218318543435,1.419463412142023,251.78784936381626,224.4964932981413,263.46470615400176,1.4194152550156753,1.4114373002145073,249.77263607728767,1.3613549718038134,40.29744089918284,162.1889326249838,40.4188259010693,1.259801783221171,151.4889847885261,162.6298573931707,149.98600966445815,212.84736434363472,1.259619546979027,1.251622620123256,160.55834199112948,1.2009148134260041,90.8680987397705,0.008601176593772936,0.0005910619543162404
123.3085781,190.0,25.50727261,599.9999588,1.622168383,1219.506406,1.622195,276.2319733,135.5788464,1.571980399,923.2876913,922.5406806,1.571315,273.1139313,922.5406806,1.521297889,194.8069316,1.521193381,273.1139313,1.520795,113.99974225,251.8809174,113.99974225,1.420144389,223.9747912,1.419502153,251.8809174,223.9747912,262.72852335,1.419362582,1.411445,249.99971895,1.361375,42.813925749999996,163.7757481,42.813925749999996,1.259888028,149.9999999,163.7757481,149.9999999,212.55374999999998,1.259663632,1.251615001,161.88239775,1.2009141425,90.859834635,0.009336336000000002,0.0007323249999999998,123.57468194579717,192.44208197580713,26.00940890178652,599.8005694991671,1.6222027109229973,1219.2122367009488,1.6222290951687233,276.55741989087664,134.11361622897164,1.5719701002182762,922.800642836011,921.468041020559,1.5713171149533247,273.014774767359,922.5932356533517,1.5212957441054458,191.9295774802791,1.5211856920491271,273.36541138556805,1.5207729802137877,114.11827154688413,251.72211411731246,114.03927776724707,1.4201414065275926,224.21967788435327,1.419463371916785,251.78005067327635,224.49356024670013,263.46270460026966,1.4194154773074268,1.4114373786379362,249.7691927938935,1.3613549984046545,40.287416163774644,162.1819942218754,40.410537956642486,1.2598015719843012,151.46909351099134,162.62183492795722,149.97274796151322,212.821675126598,1.2596181675799631,1.2516227204272192,160.5482362773918,1.2009149546738656,90.85006236544373,0.008603620669394454,0.0005904387495589931
123.3085781,190.0,25.50727261,599.9999588,1.622168383,1219.506406,1.622195,276.2319733,135.5788464,1.571980399,923.2876913,922.5406806,1.571315,273.1139313,922.5406806,1.521297889,194.8069316,1.521193381,273.1139313,1.520795,113.99973705,251.88091975,113.99973705,1.420144389,223.97478519999999,1.419502153,251.88091975,223.97478519999999,262.72851435,1.419362582,1.411445,249.9997215,1.361375,42.813926105,163.7757498,42.813926105,1.2598880285,149.9999999,163.7757498,149.9999999,212.55375379999998,1.259663632,1.251615001,161.88239935000001,1.2009141589999999,90.84743351,0.0093369035,0.0007330809999999998,123.57356361184316,192.44070315621192,26.00954203035475,599.7987179592184,1.6222029748101126,1219.2099339784477,1.6222293636083414,276.55631224032163,134.11925432881196,1.571970102489623,922.7945148306999,921.469853457405,1.5713171459183988,273.0126216382976,922.597586895323,1.5212961640937896,191.9230058487142,1.5211858163735026,273.3659145774995,1.5207727903048411,114.11640890333648,251.72757376872474,114.03712794213325,1.4201417214919012,224.2181891936827,1.4194633508090104,251.7725359998998,224.490389666392,263.45896927244496,1.419415781492068,1.411437463906643,249.76547125254237,1.3613552344991229,40.277620078839846,162.1762311489632,40.40290801745946,1.2598015455466456,151.44935290560636,162.61554047193647,149.95833195667515,212.79517695763982,1.2596170653272234,1.2516228850069477,160.538366323682,1.2009152127414096,90.83035558504349,0.008606641319561964,0.0005899269076847667
123.3085781,190.0,25.50727261,599.9999588,1.622168383,1219.506406,1.622195,276.2319733,135.5788464,1.571980399,923.2876913,922.5406806,1.571315,273.1139313,922.5406806,1.521297889,194.8069316,1.521193381,273.1139313,1.520795,113.99973195,251.8809221,113.99973195,1.420144389,223.9747792,1.419502153,251.8809221,223.9747792,262.72850535,1.419362582,1.411445,249.99972400000001,1.361375,42.813926460000005,163.77575145,42.813926460000005,1.259888029,149.9999999,163.77575145,149.9999999,212.55375765,1.259663632,1.251615001,161.88240085,1.2009141755,90.83525451,0.009337448500000003,0.0007337004999999998,123.57300801434727,192.43508711793754,26.008916111360573,599.7969659231373,1.622203231756856,1219.2077418249037,1.6222296193668533,276.5558713071792,134.1254634728895,1.5719700875746283,922.7884279842131,921.4722868781389,1.5713171565712827,273.012198479985,922.6020635533961,1.5212966229626332,191.91516945435623,1.521185926507219,273.366458391246,1.5207726188548991,114.11410683737914,251.7322655218805,114.03483740958173,1.4201419401361572,224.21684507141725,1.4194633149310312,251.76658531436954,224.48732726427258,263.45521016714696,1.4194160678335481,1.4114375182870564,249.76175352294408,1.3613554425042556,40.2682717677488,162.17134222154644,40.39568774370331,1.2598013624658793,151.42972466589237,162.61026517626706,149.9428867844412,212.7665340673837,1.2596160773836111,1.2516230310820096,160.5296187275626,1.2009154220199527,90.81186651061448,0.00860986955579682,0.0005894059755483866
123.3085781,190.0,25.50727261,599.9999588,1.622168383,1219.506406,1.622195,276.2319733,135.5788464,1.571980399,923.2876913,922.5406806,1.571315,273.1139313,922.5406806,1.521297889,194.8069316,1.521193381,273.1139313,1.520795,113.99972675,251.8809245,113.99972675,1.420144389,223.97477320000002,1.419502153,251.8809245,223.97477320000002,262.72849644999997,1.419362582,1.411445,249.9997265,1.361375,42.813926815,163.775753,42.813926815,1.259888029,149.9999999,163.775753,149.9999999,212.55376139999998,1.2596636325000001,1.251615001,161.88240224999998,1.200914192,90.823292545,0.009337976,0.0007342099999999997,123.57298752862954,192.43022412728823,26.008599394202285,599.7952596723388,1.622203468703996,1219.205653396815,1.6222298542375193,276.5564438751664,134.1320204767988,1.5719701296577921,922.7833437045563,921.4748640048218,1.5713172146307965,273.0131514504824,922.6061822530123,1.5212973162246428,191.90864359090656,1.5211861775680144,273.3668500892593,1.520772640553598,114.11144550611834,251.73717375922965,114.03238425613907,1.4201421698724992,224.21551914426,1.4194633848799965,251.7618260282438,224.48408688091297,263.4508546435611,1.419416358455324,1.4114376215825701,249.7571497725757,1.361355816692621,40.259008883015184,162.16672912658294,40.388109886016416,1.2598012499736537,151.40977720552212,162.6058812656214,149.9297170170453,212.7388324576041,1.2596151912132472,1.2516232259742528,160.52178270358488,1.2009158295529256,90.7891541453582,0.008613912685689524,0.0005887010787597823
123.3085781,190.0,25.50727261,599.9999588,1.622168383,1219.506406,1.622195,276.2319733,135.5788464,1.571980399,923.2876913,922.5406806,1.571315,273.1139313,922.5406806,1.521297889,194.8069316,1.521193381,273.1139313,1.520795,113.99972165,251.88092685,113.99972165,1.420144389,223.9747672,1.419502153,251.88092685,223.9747672,262.72848745,1.419362582,1.411445,249.99972895000002,1.361375,42.81392716,163.7757545,42.81392716,1.259888029,149.9999999,163.7757545,149.9999999,212.55376510000002,1.259663633,1.251615001,161.88240365000001,1.200914209,90.811542635,0.009338488999999997,0.00073463,123.57371725472609,192.42902561487085,26.008555733757866,599.7936662179094,1.622203694291588,1219.2037043905848,1.6222300835698262,276.55875402310505,134.1373969121639,1.57197017079502,922.7778299752814,921.4771101723497,1.57131726367899,273.01394971236465,922.6102835337255,1.521298012348415,191.90123585401773,1.5211864253719374,273.3681235399493,1.520772565279059,114.10885568191634,251.74273881256698,114.03010064362546,1.420142486902426,224.21379093980156,1.419463529125186,251.75852595918857,224.48002606358384,263.44574135454735,1.4194167167882865,1.411437706016753,249.75351251331503,1.3613561398880383,40.24968057884056,162.16300437437346,40.380344026831295,1.2598011456771017,151.38736536168528,162.60204699170254,149.91479281292243,212.70830700639496,1.259614289017635,1.2516234022819699,160.51494266582668,1.2009161801017827,90.7612787067839,0.008617723569883178,0.0005879887107063684
123.3085781,190.0,25.50727261,599.9999588,1.622168383,1219.506406,1.622195,276.2319733,135.5788464,1.571980399,923.2876913,922.5406806,1.571315,273.1139313,922.5406806,1.521297889,194.8069316,1.521193381,273.1139313,1.520795,113.99971655,251.8809292,113.99971655,1.420144389,223.9747613,1.419502153,251.8809292,223.9747613,262.72847855,1.419362582,1.411445,249.99973145,1.361375,42.813927504999995,163.775756,42.813927504999995,1.259888029,149.9999999,163.775756,149.9999999,212.5537688,1.259663633,1.251615001,161.882405,1.2009142255,90.79999987,0.009338988000000001,0.0007349784999999997,123.57494484584132,192.44067133729817,26.008493463943694,599.7921459355352,1.6222038940779924,1219.2018240803575,1.6222303008510222,276.5615225392649,134.14072082060102,1.5719702538229245,922.7726493995078,921.4758960748181,1.5713173554942361,273.0144857474657,922.6135182240141,1.5212987798682318,191.89455147660811,1.5211868240449715,273.36917676854364,1.5207725175419213,114.10679466394753,251.74934631408541,114.02818725314057,1.4201430606915062,224.21107788375951,1.4194638153371824,251.7566072654627,224.4755206239744,263.43934662956343,1.4194171911275812,1.411437854414738,249.75235246986895,1.36135665514729,40.240775913181935,162.1609665607157,40.373211402422285,1.2598013476607919,151.36405714624559,162.59857677605842,149.89885731776042,212.6848748650897,1.259613446593613,1.2516236487750803,160.50824947859434,1.2009167706440258,90.73121712784244,0.008619888848391367,0.000587582461949792
123.3085781,190.0,25.50727261,599.9999588,1.622168383,1219.506406,1.622195,276.2319733,135.5788464,1.571980399,923.2876913,922.5406806,1.571315,273.1139313,922.5406806,1.521297889,194.8069316,1.521193381,273.1139313,1.520795,113.99971145,251.88093155,113.99971145,1.420144389,223.9747553,1.419502153,251.88093155,223.9747553,262.72846964999997,1.419362582,1.411445,249.9997339,1.361375,42.813927840000005,163.77575745000001,42.813927840000005,1.2598880295,149.9999999,163.77575745000001,149.9999999,212.55377245,1.259663633,1.251615001,161.8824063,1.200914242,90.78865944,0.009339474000000002,0.0007352684999999998,123.57554669139691,192.4610990799166,26.01088834668185,599.7916087918835,1.6222039795323875,1219.2013541695387,1.6222303807372325,276.56250117023694,134.14758489546807,1.5719702587560922,922.7784155177987,921.4824377437993,1.5713173300068006,273.01761155292627,922.621086737371,1.521298677091479,191.8959836837251,1.5211866645439238,273.37069308583057,1.5207724921079033,114.10638580503877,251.751797908163,114.02854940179172,1.4201432131793923,224.21062002867328,1.419463860328692,251.75849166674587,224.475206675653,263.4358052013719,1.4194173438774171,1.4114378376642616,249.75264978659007,1.361356617886906,40.23654651456419,162.1593642986708,40.369688914891356,1.2598013845413218,151.37266333513918,162.5969065699901,149.90738178616598,212.694157838065,1.2596135350555664,1.2516237024294865,160.50574802473912,1.2009166700798592,90.75161155396762,0.008619337449362273,0.0005870477526437154
123.3085781,190.0,25.50727261,599.9999588,1.622168383,1219.506406,1.622195,276.2319733,135.5788464,1.571980399,923.2876913,922.5406806,1.571315,273.1139313,922.5406806,1.521297889,194.8069316,1.521193381,273.1139313,1.520795,113.99970635,251.8809339,113.99970635,1.420144389,223.9747494,1.419502153,251.8809339,223.9747494,262.72846085000003,1.419362582,1.411445,249.99973640000002,1.361375,42.813928175,163.77575885,42.813928175,1.25988803,149.9999999,163.77575885,149.9999999,212.553776,1.259663633,1.251615001,161.8824076,1.200914258,90.77751664499999,0.009339949,0.0007355115000000001,123.57531250239654,192.47194402634824,26.01208650379592,599.7912256724543,1.6222040421487087,1219.2012515460035,1.6222304379156103,276.5622631814116,134.14787657439786,1.571970270789281,922.7783836779537,921.4824830329469,1.5713173252635457,273.0177875231723,922.6220839695682,1.5212985352368633,191.88880702000324,1.5211865435253964,273.370692740113,1.5207724568460066,114.10486916338851,251.7514739182137,114.02739087210995,1.4201431438255587,224.2093013795593,1.4194638600406206,251.75720264959034,224.47452220876468,263.43424126637404,1.4194173317842922,1.4114378298153734,249.7500599123028,1.3613565864364532,40.23026720093837,162.1547659080109,40.36394851779353,1.2598010871837884,151.3799415661026,162.59239386992687,149.9123565208736,212.69789799231913,1.2596132772300046,1.2516237338029963,160.50077658499856,1.2009165869387322,90.75735053058025,0.008619746844558462,0.0005860487831358781
123.3085781,190.0,25.50727261,599.9999588,1.622168383,1219.506406,1.622195,276.2319733,135.5788464,1.571980399,923.2876913,922.5406806,1.571315,273.1139313,922.5406806,1.521297889,194.8069316,1.521193381,273.1139313,1.520795,113.99970125,251.8809362,113.99970125,1.420144389,223.9747435,1.419502153,251.8809362,223.9747435,262.72845195,1.419362582,1.411445,249.99973885,1.361375,42.813928505,163.77576025000002,42.813928505,1.25988803,149.9999999,163.77576025000002,149.9999999,212.55377959999998,1.259663633,1.251615001,161.88240885,1.2009142745,90.76656687,0.009340412000000003,0.0007357159999999998,123.574980075068,192.4806040740367,26.013009456961147,599.7909472894964,1.6222040864594442,1219.2013441942643,1.6222304786385096,276.56182556093415,134.14728629012572,1.5719702863202345,922.7775605014704,921.4810660051966,1.571317322403769,273.0174132838966,922.6218688461161,1.5212984205689932,191.88067480733972,1.5211864203152143,273.37004209963555,1.5207724193961074,114.10317202408179,251.7508171022255,114.02595727092084,1.4201430490900897,224.20782625251485,1.4194638619261788,251.75600914635496,224.47385527534428,263.4328734955307,1.4194172621650218,1.4114378230300941,249.74735187367764,1.361356564589192,40.22354360673992,162.14963461310757,40.357811158072764,1.2598006933288113,151.38613700059986,162.58755108360063,149.91566620063801,212.70048713782086,1.259612937533519,1.2516237572703817,160.4953635946973,1.2009165126662913,90.75903812779684,0.008620529596301434,0.0005849585158468234
123.3085781,190.0,25.50727261,599.9999588,1.622168383,1219.506406,1.622195,276.2319733,135.5788464,1.571980399,923.2876913,922.5406806,1.571315,273.1139313,922.5406806,1.521297889,194.8069316,1.521193381,273.1139313,1.520795,113.99969615,251.8809385,113.99969615,1.420144389,223.9747376,1.419502153,251.8809385,223.9747376,262.72844315,1.419362582,1.411445,249.99974129999998,1.361375,42.813928835,163.77576165,42.813928835,1.25988803,149.9999999,163.77576165,149.9999999,212.55378309999998,1.259663634,1.251615001,161.88241015,1.20091429,90.755805595,0.009340863500000005,0.0007358900000000001,123.5746592873518,192.48889820421718,26.013861551372315,599.7907225829252,1.6222041235578584,1219.2015256340665,1.6222305123754606,276.5613541164039,134.14654747278382,1.571970298688901,922.7766550073387,921.4792108920386,1.5713173160880691,273.0169074990834,922.6213462790258,1.5212983021758975,191.87266538718038,1.521186278702478,273.36914236964486,1.520772359062845,114.10146911807678,251.75012346919763,114.02449310623093,1.420142947025921,224.20634153168606,1.4194638653044702,251.75502076662644,224.4731985973485,263.43147741817154,1.41941716882363,1.4114378108504086,249.74475437588472,1.3613565317462764,40.216700606183146,162.14441813465248,40.35159250040682,1.2598002556534198,151.39164802601007,162.58270626909456,149.91793139041505,212.70261687852766,1.2596125669496603,1.2516237725920631,160.48985919743606,1.2009164229466196,90.75897222841488,0.0086213998851679,0.000583863772175962
123.3085781,190.0,25.50727261,599.9999588,1.622168383,1219.506406,1.622195,276.2319733,135.5788464,1.571980399,923.2876913,922.5406806,1.571315,273.1139313,922.5406806,1.521297889,194.8069316,1.521193381,273.1139313,1.520795,113.99969115,251.88094085,113.99969115,1.420144389,223.97473175,1.419502153,251.88094085,223.97473175,262.72843435000004,1.419362582,1.411445,249.99974375,1.361375,42.813929155,163.77576305000002,42.813929155,1.25988803,149.9999999,163.77576305000002,149.9999999,212.55378660000002,1.259663634,1.251615001,161.88241134999998,1.2009143055,90.74522841000001,0.009341304500000003,0.0007360380000000001,123.57436953860186,192.49740976364154,26.014701835991143,599.7905327322466,1.6222041560274691,1219.2017553843546,1.6222305413384468,276.56089923519846,134.14566550958193,1.5719703092646882,922.7756897164248,921.4770857858857,1.5713173092107815,273.0163425965647,922.6206286202219,1.5212981832400536,191.86477317804776,1.5211861331472114,273.36811973705596,1.5207722827487025,114.09979562223305,251.74937134967243,114.02304105160738,1.420142840971997,224.2048736826849,1.4194638707516378,251.7541165401315,224.4725528364176,263.43007058433636,1.419417065761325,1.4114377961780604,249.74224073665414,1.361356496406531,40.209843314971785,162.13923106480453,40.345374477881066,1.259799800793552,151.3967095887362,162.57790759567905,149.91959389159302,212.70448445888954,1.2596121824729454,1.251623783932161,160.48433532000303,1.200916326917832,90.75754822872617,0.008622239521802947,0.0005827901180406901
123.3085781,190.0,25.50727261,599.9999588,1.622168383,1219.506406,1.622195,276.2319733,135.5788464,1.571980399,923.2876913,922.5406806,1.571315,273.1139313,922.5406806,1.521297889,194.8069316,1.521193381,273.1139313,1.520795,113.99968605,251.88094315,113.99968605,1.420144389,223.9747259,1.419502153,251.88094315,223.9747259,262.72842564999996,1.419362582,1.411445,249.9997462,1.361375,42.813929474999995,163.7757644,42.813929474999995,1.25988803,149.9999999,163.7757644,149.9999999,212.55379005,1.259663634,1.251615001,161.88241265,1.200914321,90.73483101,0.009341734500000002,0.0007361655000000001,123.5741324008997,192.50612814600515,26.015500607400526,599.7903747835712,1.6222041838399484,1219.2020209760356,1.6222305654518687,276.5604875929884,134.14461577327532,1.5719703178716082,922.7745768750092,921.4747899744846,1.5713173022470956,273.01577752118726,922.6197977385484,1.5212980694849871,191.85707966951284,1.521185991656914,273.36710626598284,1.5207721986979763,114.09814403984281,251.7485432818539,114.0216097570976,1.420142730192618,224.20345975736802,1.4194638777701039,251.75322325355694,224.47192924043674,263.42877641043407,1.419416961255065,1.4114377806657339,249.73974785030012,1.361356470766009,40.203050490491115,162.13412106578915,40.33920726657106,1.259799337341446,151.4014391619798,162.5731844719612,149.9208656666877,212.70604743389828,1.2596117934729751,1.2516237938804156,160.47883991359032,1.2009162261066895,90.75521596364246,0.008623005477884697,0.0005817480385341869
123.3085781,190.0,25.50727261,599.9999588,1.622168383,1219.506406,1.622195,276.2319733,135.5788464,1.571980399,923.2876913,922.5406806,1.571315,273.1139313,922.5406806,1.521297889,194.8069316,1.521193381,273.1139313,1.520795,113.99968104999999,251.88094545,113.99968104999999,1.420144389,223.97472005,1.419502153,251.88094545,223.97472005,262.72841685000003,1.419362582,1.411445,249.9997486,1.361375,42.813929795,163.77576575,42.813929795,1.25988803,149.9999999,163.77576575,149.9999999,212.55379349999998,1.259663634,1.251615001,161.88241384999998,1.2009143359999999,90.72460917000001,0.009342154500000003,0.0007362764999999997,123.57398682814798,192.51441697303335,26.01614620938194,599.7902354865962,1.6222042082530619,1219.2023042854278,1.6222305859505173,276.56007734558466,134.1432266427523,1.5719703255820887,922.773048562444,921.4721605910929,1.5713172964584239,273.01520933435165,922.6187639266549,1.5212979679417526,191.8493861609779,1.5211858626553756,273.3661702356467,1.5207721149373723,114.0964515138947,251.7475700497074,114.02013809569993,1.4201426131880885,224.20210107901602,1.4194638874335888,251.75222414429115,224.47131060675807,263.4277418072817,1.4194168565425254,1.4114377668551814,249.73716475246235,1.361356468413227,40.196303078535024,162.12902171471774,40.33305656890616,1.259798858225029,151.4057575790181,162.56848670049092,149.92170585545503,212.70703115938304,1.2596113982696833,1.2516238054372757,160.4733210310731,1.2009161230952146,90.75236509907452,0.008623729820293698,0.0005807248672144875
123.3085781,190.0,25.50727261,599.9999588,1.622168383,1219.506406,1.622195,276.2319733,135.5788464,1.571980399,923.2876913,922.5406806,1.571315,273.1139313,922.5406806,1.521297889,194.8069316,1.521193381,273.1139313,1.520795,113.99967605,251.88094775000002,113.99967605,1.420144389,223.9747142,1.419502153,251.88094775000002,223.9747142,262.72840815,1.419362582,1.411445,249.99975105,1.361375,42.813930105,163.7757671,42.813930105,1.259888031,149.9999999,163.7757671,149.9999999,212.5537969,1.259663634,1.251615001,161.88241505000002,1.2009143505,90.71455877,0.0093425635,0.0007363735,123.5739183872274,192.52168229166972,26.01663506321044,599.7901049246937,1.6222042313517537,1219.2026060664762,1.6222306044443808,276.55956266205897,134.14140653544646,1.571970334910835,922.7710115889387,921.4690330270787,1.5713172911967805,273.0146022542887,922.6174897338999,1.521297865115659,191.84122715722256,1.5211857408287521,273.36539046965476,1.5207720318295423,114.09469728427491,251.7463807541337,114.01855513702573,1.4201425063984647,224.20063984641783,1.419463906970065,251.7509616354042,224.47064499661826,263.42675843892283,1.4194167474723354,1.4114377527010016,249.73433134952174,1.3613564671167961,40.189532483961486,162.12391171570235,40.326835370679426,1.2597983653610312,151.40950906017082,162.56362008305197,149.9221093503646,212.70738570003996,1.2596109886565916,1.2516238130353694,160.46772023193608,1.200916017726241,90.74936524459952,0.008624449683586248,0.0005797002662963365
123.3085781,190.0,25.50727261,599.9999588,1.622168383,1219.506406,1.622195,276.2319733,135.5788464,1.571980399,923.2876913,922.5406806,1.571315,273.1139313,922.5406806,1.521297889,194.8069316,1.521193381,273.1139313,1.520795,113.99967105,251.88095005,113.99967105,1.420144389,223.9747084,1.419502153,251.88095005,223.9747084,262.72839945,1.419362582,1.411445,249.9997535,1.361375,42.813930415,163.77576845,42.813930415,1.259888031,149.9999999,163.77576845,149.9999999,212.55380029999998,1.259663634,1.251615001,161.88241625,1.200914365,90.70467579999999,0.009342963000000001,0.0007364595000000004,123.57384948072232,192.5280354681123,26.017046616579968,599.7899760085293,1.6222042547960476,1219.2029031788645,1.6222306234058408,276.55896324405046,134.13926858276335,1.5719703421895945,922.7686088455054,921.4655231181459,1.5713172854253883,273.01384686138584,922.6159011299455,1.521297758169614,191.8324698190832,1.5211856192470063,273.3645718104355,1.5207719436083145,114.09290326443693,251.74508921238117,114.01689144457578,1.4201423912048883,224.19919316990618,1.4194639221069059,251.74953692115952,224.47001577669482,263.42596557341534,1.4194166262058805,1.4114377377177523,249.7314598290528,1.3613564606826578,40.18272124041491,162.1187165331352,40.32057034777912,1.259797861921971,151.41298728844177,162.55868095818502,149.92228045263636,212.70739069357035,1.259610561919747,1.2516238176558319,160.4620240299064,1.2009159088322452,90.74557746273138,0.008625185394983447,0.0005786739397630009
123.3085781,190.0,25.50727261,599.9999588,1.622168383,1219.506406,1.622195,276.2319733,135.5788464,1.571980399,923.2876913,922.5406806,1.571315,273.1139313,922.5406806,1.521297889,194.8069316,1.521193381,273.1139313,1.520795,113.99966605,251.8809523,113.99966605,1.420144389,223.9747026,1.419502153,251.8809523,223.9747026,262.7283908,1.419362582,1.411445,249.9997559,1.361375,42.813930725000006,163.77576975,42.813930725000006,1.259888031,149.9999999,163.77576975,149.9999999,212.55380365,1.259663634,1.251615001,161.88241745,1.2009143789999999,90.69495631999999,0.009343352499999999,0.000736536,123.57377157291702,192.5336409000821,26.017428108659896,599.7898362473717,1.6222042801666492,1219.203175498056,1.6222306445624846,276.5582839733811,134.13696285697552,1.5719703480357003,922.7659871060642,921.4617493128343,1.571317280206944,273.01290426241576,922.6141435626321,1.521297652827143,191.8233083819755,1.5211855000528174,273.36370129357994,1.5207718566321928,114.09110347790063,251.74375054481783,114.01517585184145,1.420142270097419,224.1977739514669,1.4194639325036633,251.74801185418377,224.46943551815346,263.4253281106796,1.4194164936972027,1.4114377234435755,249.72860694381993,1.3613564518957373,40.17592524023322,162.11348737855633,40.31430977086019,1.2597973583507223,151.41617438747417,162.55371800220541,149.92220894720936,212.70707360439124,1.2596101232285846,1.251623820485152,160.45629486143213,1.2009158019589625,90.74092725851654,0.008625943976046654,0.0005776502347099959
123.3085781,190.0,25.50727261,599.9999588,1.622168383,1219.506406,1.622195,276.2319733,135.5788464,1.571980399,923.2876913,922.5406806,1.571315,273.1139313,922.5406806,1.521297889,194.8069316,1.521193381,273.1139313,1.520795,113.99966105,251.8809546,113.99966105,1.420144389,223.97469685,1.419502153,251.8809546,223.97469685,262.72838215,1.419362582,1.411445,249.9997583,1.361375,42.813931034999996,163.77577105,42.813931034999996,1.259888031,149.9999999,163.77577105,149.9999999,212.553807,1.259663635,1.251615001,161.88241864999998,1.2009143925,90.68539651500001,0.009343732499999997,0.000736605,123.57369940732049,192.53872662312756,26.01781818967971,599.7896820543555,1.6222043080924406,1219.2034105259602,1.6222306687067065,276.5576005182928,134.13466482720168,1.571970352405156,922.7633094527487,921.4579154123078,1.5713172759820775,273.0118299450493,922.6123450608965,1.5212975498530272,191.81411010711656,1.5211853865397895,273.36276975757227,1.520771771469333,114.08934348158255,251.742468259921,114.01345910576745,1.420142147235589,224.19636631173285,1.4194639408053564,251.74648257954635,224.46888404096504,263.4247733029699,1.4194163576302068,1.4114377109638978,249.72590271694762,1.361356440467939,40.16920863257702,162.10832261868623,40.30810889711975,1.2597968656850067,151.41909589492053,162.54880930003554,149.9219433556233,212.70658174164888,1.259609680595728,1.2516238219682634,160.45062413347327,1.2009157012151772,90.73557221743366,0.008626704584776684,0.0005766397681341448
123.3085781,190.0,25.50727261,599.9999588,1.622168383,1219.506406,1.622195,276.2319733,135.5788464,1.571980399,923.2876913,922.5406806,1.571315,273.1139313,922.5406806,1.521297889,194.8069316,1.521193381,273.1139313,1.520795,113.99965614999999,251.8809569,113.99965614999999,1.420144389,223.9746911,1.419502153,251.8809569,223.9746911,262.7283735,1.419362582,1.411445,249.9997607,1.361375,42.813931335,163.77577235,42.813931335,1.259888031,149.9999999,163.77577235,149.9999999,212.5538103,1.259663635,1.251615001,161.88241985000002,1.2009144059999999,90.675992625,0.009344103500000003,0.0007366679999999997,123.57364524432438,192.54327672779178,26.018231174539217,599.7895177337192,1.622204337576275,1219.2036064937056,1.6222306946205152,276.5569365904928,134.13244221836482,1.5719703557929277,922.7606947025419,921.4541773157471,1.5713172730272629,273.0106987571417,922.6105909773636,1.5212974513689184,191.80503685735277,1.5211852849890342,273.3618382215646,1.52077169355952,114.08766075902155,251.74131704368548,114.01179252996837,1.4201420281371455,224.1949957238555,1.4194639474048096,251.7450256766898,224.46836630743184,263.4242966212439,1.4194162279320848,1.4114377008514318,249.72340686589695,1.361356428992125,40.16269082380463,162.10333735272877,40.30207951123243,1.259796396680993,151.42177479466812,162.54405828884538,149.92154496824426,212.70598501476854,1.259609250563369,1.251623823211795,160.44512822756894,1.200915612191529,90.72995644401341,0.008627428618615497,0.000575657399740791
123.3085781,190.0,25.50727261,599.9999588,1.622168383,1219.506406,1.622195,276.2319733,135.5788464,1.571980399,923.2876913,922.5406806,1.571315,273.1139313,922.5406806,1.521297889,194.8069316,1.521193381,273.1139313,1.520795,113.99965115,251.88095915,113.99965115,1.420144389,223.97468535,1.419502153,251.88095915,223.97468535,262.7283649,1.419362582,1.411445,249.9997631,1.361375,42.813931624999995,163.77577365000002,42.813931624999995,1.259888031,149.9999999,163.77577365000002,149.9999999,212.5538136,1.259663635,1.251615001,161.88242105,1.200914419,90.666741005,0.009344465000000001,0.0007367250000000001,123.57363608782934,192.54641089079476,26.01855898574486,599.789341892915,1.622204369592637,1219.2037513671676,1.622230722964706,276.5563396133953,134.13021960952793,1.5719703562988936,922.7579945283603,921.4505202170849,1.571317269726856,273.0096384413371,922.6087367351385,1.5212973512812356,191.79603728309152,1.5211851874420281,273.36101956234535,1.5207716167860177,114.08604839017968,251.74031646173808,114.01019284786919,1.4201419123776462,224.19367707474152,1.4194639486094716,251.74363735871864,224.46785419784118,263.42396798259546,1.4194161102497331,1.411437691578944,249.7211443788254,1.3613564061365286,40.156380705878924,162.09852143978492,40.296212721235456,1.259795946447715,151.42408084468917,162.5394989406467,149.9210750754382,212.70502376017052,1.2596088339715403,1.2516238222991112,160.43987757203266,1.2009155290728541,90.72485640488685,0.008628130210151106,0.0005746982515086619
123.3085781,190.0,25.50727261,599.9999588,1.622168383,1219.506406,1.622195,276.2319733,135.5788464,1.571980399,923.2876913,922.5406806,1.571315,273.1139313,922.5406806,1.521297889,194.8069316,1.521193381,273.1139313,1.520795,113.99964625,251.8809614,113.99964625,1.420144389,223.9746796,1.419502153,251.8809614,223.9746796,262.72835635,1.419362582,1.411445,249.9997655,1.361375,42.813931925000006,163.77577495,42.813931925000006,1.2598880315,149.9999999,163.77577495,149.9999999,212.55381690000002,1.259663635,1.251615001,161.88242225,1.2009144315,90.657638095,0.009344817499999998,0.0007367774999999999,123.57365952224886,192.54744500549117,26.018746510932367,599.7891560088875,1.622204403087723,1219.2038431454916,1.6222307528992848,276.55581098180664,134.12799084387987,1.5719703546242565,922.7551801966854,921.4469188589119,1.571317266158615,273.0086941137791,922.6067579477567,1.521297251612949,191.78735808563664,1.5211850935069673,273.36040591364855,1.520771546044633,114.08450522171731,251.73945536377536,114.00867505288541,1.4201418031828508,224.19244046902452,1.4194639417481354,251.74226923752354,224.4673420882505,263.4238584363793,1.419416002675068,1.4114376844827636,249.7190936558002,1.361356371180911,40.15029987356682,162.09384648533742,40.29052250021317,1.259795516042679,151.42594253955664,162.53515863586682,149.92053367720513,212.70361308783833,1.2596084313371856,1.2516238198576817,160.4349081302584,1.2009154538574138,90.72137806359493,0.008628822670977119,0.0005737636879888244
123.3085781,190.0,25.50727261,599.9999588,1.622168383,1219.506406,1.622195,276.2319733,135.5788464,1.571980399,923.2876913,922.5406806,1.571315,273.1139313,922.5406806,1.521297889,194.8069316,1.521193381,273.1139313,1.520795,113.99964135,251.88096365,113.99964135,1.420144389,223.9746739,1.419502153,251.88096365,223.9746739,262.72834780000005,1.419362582,1.411445,249.99976785,1.361375,42.813932215,163.77577624999998,42.813932215,1.259888032,149.9999999,163.77577624999998,149.9999999,212.55382015,1.259663635,1.251615001,161.8824234,1.2009144445,90.64868039999999,0.009345161,0.000736827,123.57366479887312,192.54641619394704,26.018791602866767,599.788962233756,1.6222044371153763,1219.203888730176,1.622230783601058,276.55533291194644,134.12575207341365,1.5719703516407075,922.7523021853202,921.4433427581482,1.5713172639381843,273.0078424385314,922.6046371963155,1.5212971574954954,191.7790606612402,1.5211850030001934,273.3599514678953,1.5207714849014469,114.08304624704995,251.7386906212651,114.0072414516963,1.420141697015742,224.19128061358208,1.419463925694704,251.74088512721409,224.46683030947997,263.4239631704878,1.4194159022170396,1.4114376810683065,249.71720641461886,1.3613563272943248,40.14440323191385,162.08926837647556,40.2849631180714,1.2597951017646127,151.4273215727918,162.53100593771876,149.91983649929182,212.70169806893784,1.2596080345184453,1.2516238170397702,160.43018493783535,1.2009153906988963,90.71919478841828,0.008629519626764358,0.0005728502192993663
123.3085781,190.0,25.50727261,599.9999588,1.622168383,1219.506406,1.622195,276.2319733,135.5788464,1.571980399,923.2876913,922.5406806,1.571315,273.1139313,922.5406806,1.521297889,194.8069316,1.521193381,273.1139313,1.520795,113.99963645,251.8809659,113.99963645,1.420144389,223.9746682,1.419502153,251.8809659,223.9746682,262.72833925,1.419362582,1.411445,249.99977024999998,1.361375,42.813932505,163.77577755,42.813932505,1.259888032,149.9999999,163.77577755,149.9999999,212.5538234,1.259663635,1.251615001,161.88242455,1.2009144565,90.63986454,0.009345496500000001,0.0007368730000000003,123.57367395536816,192.54358961377685,26.01873183816006,599.7887622976556,1.622204470616128,1219.203895921653,1.6222308141852324,276.5548938966627,134.12350560693346,1.5719703495398492,922.7494125252312,921.4398197850383,1.5713172655106296,273.0070846256055,922.602387544992,1.521297079833177,191.7710903114231,1.5211849271983213,273.35961957902265,1.520771442229354,114.08167204284747,251.73803212221227,114.00589665766051,1.4201415915277407,224.1901988316948,1.4194639056606497,251.73947030097432,224.46632878613406,263.4241899056793,1.4194158076895416,1.4114376835827869,249.7154246319326,1.3613562863367121,40.13863933456349,162.08481854998627,40.2794875744356,1.2597947181542275,151.4284784284502,162.5270144798651,149.91916485903096,212.6996507214823,1.2596076498478765,1.2516238168115992,160.42566603747034,1.2009153502172727,90.7177048893476,0.00863022686059359,0.0005719551149019964
123.3085781,190.0,25.50727261,599.9999588,1.622168383,1219.506406,1.622195,276.2319733,135.5788464,1.571980399,923.2876913,922.5406806,1.571315,273.1139313,922.5406806,1.521297889,194.8069316,1.521193381,273.1139313,1.520795,113.99963155,251.88096815,113.99963155,1.420144389,223.97466250000002,1.419502153,251.88096815,223.97466250000002,262.72833075,1.419362582,1.411445,249.9997726,1.361375,42.813932785000006,163.77577885,42.813932785000006,1.259888032,149.9999999,163.77577885,149.9999999,212.55382665000002,1.259663635,1.251615001,161.88242574999998,1.2009144685,90.63118718999999,0.009345823999999996,0.0007369160000000002,123.57371539238811,192.53945315499118,26.01861230874665,599.7885645980713,1.6222045023378784,1219.2038769280343,1.6222308432854176,276.5545410106681,134.1213545710266,1.5719703484784207,922.746596640393,921.4364840651343,1.5713172694331026,273.0064803112832,922.6001300551623,1.5212970194401165,191.76351401391491,1.521184863138332,273.35944153447116,1.520771414244681,114.08041086593146,251.7374922792188,114.00469487774174,1.4201414932835508,224.1892321752194,1.4194638814888434,251.73808198300318,224.46585902152248,263.42449618218023,1.419415721774205,1.4114376906953305,249.71380887225868,1.361356249268392,40.133092020022666,162.0805781330617,40.27417653211075,1.2597943711599953,151.42942332159282,162.52325423450907,149.91866687480714,212.697593386966,1.2596072875351136,1.2516238187510524,160.42143384527483,1.2009153277199975,90.71723499810223,0.008630916701714269,0.0005710913848270107
123.3085781,190.0,25.50727261,599.9999588,1.622168383,1219.506406,1.622195,276.2319733,135.5788464,1.571980399,923.2876913,922.5406806,1.571315,273.1139313,922.5406806,1.521297889,194.8069316,1.521193381,273.1139313,1.520795,113.99962665,251.8809704,113.99962665,1.420144389,223.97465685,1.419502153,251.8809704,223.97465685,262.72832225,1.419362582,1.411445,249.99977495000002,1.361375,42.813933074999994,163.77578010000002,42.813933074999994,1.259888032,149.9999999,163.77578010000002,149.9999999,212.55382985,1.259663636,1.251615001,161.88242689999998,1.20091448,90.622645125,0.009346142500000003,0.0007369569999999999,123.5737887995433,192.53397499867634,26.018411900149314,599.7883782076628,1.6222045306885906,1219.203844421399,1.6222308691516265,276.5542796588372,134.1192835736651,1.571970348888143,922.7438327865212,921.4333669524618,1.5713172750316986,273.00606475875725,922.5978568883197,1.521296975551532,191.75628934948685,1.5211848142117805,273.35946158609056,1.5207714024826564,114.07925175957519,251.73702186264302,114.00363611193997,1.420141404999601,224.18839222286104,1.4194638532054729,251.73668882622107,224.46542564712726,263.42492729041584,1.4194156466885328,1.411437701636866,249.71235362973195,1.361356216905636,40.12781781576951,162.07655422433118,40.2690769914714,1.2597940595261277,151.43018434363742,162.51974041299917,149.91844469723037,212.69553605244968,1.2596069537188601,1.2516238225729164,160.41753081803353,1.2009153225559526,90.71834382683367,0.008631565704518384,0.0005702643889692909
123.3085781,190.0,25.50727261,599.9999588,1.622168383,1219.506406,1.622195,276.2319733,135.5788464,1.571980399,923.2876913,922.5406806,1.571315,273.1139313,922.5406806,1.521297889,194.8069316,1.521193381,273.1139313,1.520795,113.99962185,251.8809726,113.99962185,1.420144389,223.97465119999998,1.419502153,251.8809726,223.97465119999998,262.7283138,1.419362582,1.411445,249.9997773,1.361375,42.81393335,163.77578135,42.81393335,1.259888032,149.9999999,163.77578135,149.9999999,212.55383305,1.259663636,1.251615001,161.88242805,1.2009144914999998,90.614235175,0.009346453499999997,0.0007369960000000001,123.57390232456235,192.52622709318166,26.018037923391788,599.7881986533979,1.6222045557815772,1219.2037981987612,1.6222308917586596,276.5540838629025,134.1170655824366,1.5719703525151485,922.7408615853656,921.4301714547263,1.5713172828334456,273.0058006305294,922.595397339215,1.5212969532001785,191.74915510499372,1.521184781434909,273.3597452473614,1.5207714148491016,114.07811283666292,251.73650579293803,114.00262809308295,1.4201413235633167,224.1876118181295,1.4194638176941299,251.73522918838447,224.46501377604173,263.42556928219415,1.4194155777654551,1.411437716816474,249.71090474012658,1.3613561928016247,40.12272843731569,162.07262564005143,40.2641019383106,1.2597937648784538,151.43075894081875,162.51637008521038,149.91833999285512,212.69309421609418,1.2596066390941334,1.2516238281174712,160.41386355082008,1.2009153372847075,90.72157289655033,0.008632261642569524,0.0005694454226574058
123.3085781,190.0,25.50727261,599.9999588,1.622168383,1219.506406,1.622195,276.2319733,135.5788464,1.571980399,923.2876913,922.5406806,1.571315,273.1139313,922.5406806,1.521297889,194.8069316,1.521193381,273.1139313,1.520795,113.99961695,251.8809748,113.99961695,1.420144389,223.9746456,1.419502153,251.8809748,223.9746456,262.72830535,1.419362582,1.411445,249.9997797,1.361375,42.813933625000004,163.77578265,42.813933625000004,1.259888032,149.9999999,163.77578265,149.9999999,212.55383619999998,1.259663636,1.251615001,161.8824292,1.2009145024999999,90.60595427,0.009346756999999997,0.0007370329999999999,123.57397914600384,192.51818751431105,26.0176235070423,599.7880036967108,1.6222045844552293,1219.203728429836,1.6222309175548693,276.55382477763175,134.11474369501943,1.5719703535408294,922.7378701930885,921.4269994725096,1.5713172901427237,273.0054682230804,922.5928646307176,1.521296925199311,191.7416848555573,1.5211847410056114,273.3599730752438,1.520771420530655,114.07695892033512,251.73590052080542,114.00159700743286,1.4201412268754143,224.18682314289427,1.4194637759761584,251.73361639166268,224.46459760429428,263.42622033205754,1.4194155073984225,1.411437731472459,249.70933133326196,1.3613561629356985,40.1175463283921,162.06859767496132,40.25901637075558,1.2597934650754374,151.4314561187321,162.512902911836,149.91836297674237,212.6906673603298,1.2596063137428293,1.251623832144689,160.41011236902045,1.2009153496559635,90.72365589005875,0.008633002771396793,0.0005686091762758313
123.3085781,190.0,25.50727261,599.9999588,1.622168383,1219.506406,1.622195,276.2319733,135.5788464,1.571980399,923.2876913,922.5406806,1.571315,273.1139313,922.5406806,1.521297889,194.8069316,1.521193381,273.1139313,1.520795,113.99961215,251.88097705,113.99961215,1.420144389,223.97463995,1.419502153,251.88097705,223.97463995,262.72829694999996,1.419362582,1.411445,249.99978199999998,1.361375,42.813933905,163.77578384999998,42.813933905,1.259888033,149.9999999,163.77578384999998,149.9999999,212.55383935,1.259663636,1.251615001,161.88243035,1.2009145135,90.597799405,0.009347052500000001,0.0007370690000000001,123.57405565705564,192.51024339218168,26.017219111122674,599.7877998361575,1.6222046145849431,1219.203643031048,1.622230944818268,276.55356830762287,134.1125041549518,1.5719703544290196,922.7349906285601,921.4239450678874,1.5713172978926322,273.00513477847863,922.5904076944483,1.5212969006276245,191.7342000942795,1.5211846999518759,273.3601528483831,1.5207714277716136,114.07582980080994,251.73532869958316,114.00059014191551,1.4201411280370053,224.18603546011946,1.41946373297496,251.73204609232388,224.46419797355426,263.42683118666844,1.4194154399193002,1.411437746706611,249.70779265570093,1.3613561348943786,40.112397246759116,162.06461940027637,40.253956208808425,1.2597931707582344,151.4322324633682,162.50947833023747,149.9184651273524,212.6883703363553,1.259605992591691,1.2516238363658523,160.4063981495981,1.2009153661135508,90.72539219551419,0.008633765551934874,0.0005677747053355578
123.3085781,190.0,25.50727261,599.9999588,1.622168383,1219.506406,1.622195,276.2319733,135.5788464,1.571980399,923.2876913,922.5406806,1.571315,273.1139313,922.5406806,1.521297889,194.8069316,1.521193381,273.1139313,1.520795,113.99960730000001,251.88097925,113.99960730000001,1.420144389,223.97463435,1.419502153,251.88097925,223.97463435,262.72828855,1.419362582,1.411445,249.99978435,1.361375,42.813934175,163.77578515,42.813934175,1.259888033,149.9999999,163.77578515,149.9999999,212.55384255,1.259663636,1.251615001,161.88243145,1.2009145235,90.58976763999999,0.009347340999999999,0.0007371030000000002,123.57412952979531,192.50254851820986,26.01683976627772,599.7875901100244,1.6222046457911228,1219.2035472800128,1.6222309731624587,276.55331079150926,134.11035157984213,1.5719703552099669,922.7322259981069,921.4210108536953,1.5713173055647822,273.0047968395484,922.588043078365,1.5212968765493453,191.72686714918865,1.52118465747785,273.36030634698676,1.5207714342026486,114.07473182145554,251.73479474731604,113.99961556990843,1.4201410297928152,224.18525472456778,1.4194636892143007,251.73053680407943,224.4638102523396,263.427400147636,1.4194153747350353,1.411437761711678,249.70629802506156,1.3613561069010747,40.10730977372591,162.06071109779467,40.24895638517996,1.2597928826538805,151.4330547757788,162.5061120588083,149.9185979231454,212.6861631959276,1.2596056776438747,1.251623840495747,160.40274037272476,1.2009153831998045,90.72696805030048,0.008634539556439502,0.0005669478359227756
123.3085781,190.0,25.50727261,599.9999588,1.622168383,1219.506406,1.622195,276.2319733,135.5788464,1.571980399,923.2876913,922.5406806,1.571315,273.1139313,922.5406806,1.521297889,194.8069316,1.521193381,273.1139313,1.520795,113.99960250000001,251.88098150000002,113.99960250000001,1.420144389,223.97462875,1.419502153,251.88098150000002,223.97462875,262.7282802,1.419362582,1.411445,249.99978670000002,1.361375,42.813934445,163.77578634999998,42.813934445,1.259888033,149.9999999,163.77578634999998,149.9999999,212.55384565,1.259663636,1.251615001,161.88243265,1.2009145339999998,90.58185612,0.009347622000000002,0.0007371354999999998,123.5741969619495,192.49511349870025,26.01647688356754,599.7873762062479,1.6222046781530868,1219.2034442215092,1.6222310026210414,276.5530569367622,134.10826288164847,1.5719703552292157,922.7295498979545,921.418184636701,1.5713173124247901,273.00444645478547,922.5857524926195,1.521296849165237,191.7196424847606,1.521184610167491,273.36043771966547,1.5207714359312914,114.07365517888482,251.73427236611852,113.99866291135478,1.420140931322256,224.18447630475714,1.4194636437514014,251.7290668574717,224.46342980916825,263.42793174400265,1.4194153109689407,1.4114377754185967,249.70482838257968,1.3613560759787975,40.10228517957289,162.05686262661717,40.24401753501037,1.2597925967306332,151.4338821957199,162.50279091437974,149.91870007375542,212.6839610490303,1.25960536670237,1.2516238435760552,160.39913304450147,1.2009153957506795,90.72840351075128,0.008635320035610811,0.0005661288416038764
123.3085781,190.0,25.50727261,599.9999588,1.622168383,1219.506406,1.622195,276.2319733,135.5788464,1.571980399,923.2876913,922.5406806,1.571315,273.1139313,922.5406806,1.521297889,194.8069316,1.521193381,273.1139313,1.520795,113.9995977,251.8809837,113.9995977,1.420144389,223.9746232,1.419502153,251.8809837,223.9746232,262.72827185,1.419362582,1.411445,249.999789,1.361375,42.81393471,163.77578764999998,42.81393471,1.259888033,149.9999999,163.77578764999998,149.9999999,212.55384875,1.259663636,1.251615001,161.88243375000002,1.2009145445,90.574062045,0.009347896499999996,0.0007371674999999997,123.57426136780447,192.48795954626198,26.016141199167006,599.7871596439712,1.622204711024956,1219.2033366393348,1.6222310326256197,276.55280534857536,134.10624267797922,1.5719703555289455,922.726964657848,921.4154533527275,1.5713173191984002,273.00409797146915,922.5835394209923,1.521296822225195,191.7125618224511,1.5211845623551328,273.3605454106903,1.520771436680773,114.07260448645638,251.73377838663737,113.99774023963211,1.4201408344645767,224.18370913283158,1.4194635986027617,251.72764593012252,224.46306259880285,263.4284288064201,1.419415248775726,1.4114377888855214,249.70339092823284,1.3613560461608871,40.097336167104125,162.05308463468785,40.2391529962438,1.2597923161610112,151.4347555834355,162.49952808012057,149.91883797707894,212.68184878567982,1.2596050621580412,1.251623846793266,160.39558115984408,1.2009154082341975,90.72982464524947,0.00863610719783274,0.0005653194478994907
123.3085781,190.0,25.50727261,599.9999588,1.622168383,1219.506406,1.622195,276.2319733,135.5788464,1.571980399,923.2876913,922.5406806,1.571315,273.1139313,922.5406806,1.521297889,194.8069316,1.521193381,273.1139313,1.520795,113.9995929,251.88098585,113.9995929,1.420144389,223.97461765,1.419502153,251.88098585,223.97461765,262.7282635,1.419362582,1.411445,249.9997913,1.361375,42.813934974999995,163.77578885,42.813934974999995,1.259888033,149.9999999,163.77578885,149.9999999,212.55385185,1.259663637,1.251615001,161.88243484999998,1.2009145535,90.56638269,0.009348164,0.0007371984999999998,123.57432142820416,192.48102832621984,26.015825555626204,599.7869395370274,1.6222047446560166,1219.2032245334892,1.622231063456192,276.5525593396137,134.10427865521203,1.5719703558561735,922.7244594056451,921.4127969700364,1.571317325574579,273.00374689527104,922.5813995087578,1.5212967941009756,191.7056006037593,1.5211845130000454,273.36063305009577,1.5207714350730142,114.07157167079266,251.73330207933523,113.99683659801372,1.4201407392197771,224.1829505622299,1.4194635534017457,251.72626076789763,224.4627053130419,263.42889812845203,1.4194151873302736,1.4114378016106475,249.70197422676253,1.3613560157667852,40.092455749777386,162.04937053042235,40.23435705261848,1.2597920389621902,151.43565961633414,162.49631290808676,149.91898609546345,212.6797939479287,1.2596047628477651,1.2516238497138545,160.39207173197136,1.200915418697002,90.73127729684337,0.008636905074786755,0.000564518165659246
123.3085781,190.0,25.50727261,599.9999588,1.622168383,1219.506406,1.622195,276.2319733,135.5788464,1.571980399,923.2876913,922.5406806,1.571315,273.1139313,922.5406806,1.521297889,194.8069316,1.521193381,273.1139313,1.520795,113.99958815,251.88098804999998,113.99958815,1.420144389,223.9746121,1.419502153,251.88098804999998,223.9746121,262.72825520000004,1.419362582,1.411445,249.9997936,1.361375,42.813935235,163.7757901,42.813935235,1.259888033,149.9999999,163.7757901,149.9999999,212.553855,1.259663637,1.251615001,161.88243595,1.2009145635,90.558815395,0.009348424500000004,0.0007372275000000001,123.57437745353825,192.4743463543353,26.015532815925095,599.786715927615,1.6222047790576004,1219.203107845977,1.622231095168758,276.5523110640919,134.10236388693428,1.5719703561559033,922.722027928693,921.4102093920118,1.571317331484208,273.00338562040446,922.5793336268611,1.5212967645705453,191.69877334052663,1.521184461465547,273.3607008107406,1.5207714308904239,114.07055557855398,251.7328388157843,113.99595140982979,1.4201406457010421,224.18219893885134,1.4194635082007294,251.72491620960793,224.46235530532425,263.4293453714016,1.419415126013746,1.4114378135448846,249.70057361935974,1.3613559845564123,40.08764265731226,162.0457116940565,40.22962779871381,1.259791764935888,151.43659429441573,162.49314691941322,149.91912910631746,212.6777790584206,1.2596044679315086,1.2516238522693697,160.3886047608833,1.200915426645141,90.7328159041529,0.008637715322863289,0.0005637242390099561
123.3085781,190.0,25.50727261,599.9999588,1.622168383,1219.506406,1.622195,276.2319733,135.5788464,1.571980399,923.2876913,922.5406806,1.571315,273.1139313,922.5406806,1.521297889,194.8069316,1.521193381,273.1139313,1.520795,113.99958335,251.88099019999999,113.99958335,1.420144389,223.97460655,1.419502153,251.88099019999999,223.97460655,262.72824690000004,1.419362582,1.411445,249.99979589999998,1.361375,42.81393549,163.77579135000002,42.81393549,1.259888033,149.9999999,163.77579135000002,149.9999999,212.55385805,1.259663637,1.251615001,161.88243715,1.2009145724999999,90.55135757,0.009348678500000002,0.0007372565000000001,123.57442890062481,192.46792423691295,26.015264411553666,599.7864885203451,1.622204814173051,1219.2029869537707,1.6222311277437176,276.55206557818263,134.10051222597116,1.5719703565656256,922.7196834288787,921.4076984571599,1.5713173369704865,273.0030155297397,922.5773513556989,1.521296733979289,191.69206440461616,1.5211844086699289,273.3607474826133,1.520771424048383,114.06955620974034,251.73238417793985,113.99508409841047,1.420140554672367,224.18145393187575,1.4194634633139729,251.7236105721888,224.4620145605708,263.42976940300827,1.4194150648777126,1.4114378247264139,249.6991950354178,1.3613559528178636,40.08290197083038,162.04211471717466,40.22497095079156,1.2597914944786692,151.43754429508886,162.49002859296505,149.91926700964098,212.6758016203904,1.2596041781200689,1.2516238545738965,160.38518274403788,1.2009154324154,90.7344461975591,0.008638536705336436,0.0005629382431299227
123.3085781,190.0,25.50727261,599.9999588,1.622168383,1219.506406,1.622195,276.2319733,135.5788464,1.571980399,923.2876913,922.5406806,1.571315,273.1139313,922.5406806,1.521297889,194.8069316,1.521193381,273.1139313,1.520795,113.99957865,251.8809924,113.99957865,1.420144389,223.97460105,1.419502153,251.8809924,223.97460105,262.7282387,1.419362582,1.411445,249.9997982,1.361375,42.813935744999995,163.77579255,42.813935744999995,1.259888034,149.9999999,163.77579255,149.9999999,212.55386115,1.259663637,1.251615001,161.88243825,1.2009145815,90.54400667,0.0093489265,0.0007372844999999999,123.5744780197889,192.4617990960188,26.015025352726845,599.7862576106065,1.622204849906053,1219.2028621468492,1.6222311612090705,276.5518295072159,134.09873290753941,1.5719703570935901,922.7174383315079,921.4052720039871,1.5713173420247746,273.00264215475795,922.5754709851191,1.521296702203855,191.68553519228,1.5211843547846053,273.3607773871836,1.5207714152480192,114.06857644770088,251.7319543652993,113.99423754710492,1.4201404668411557,224.18071223310167,1.4194634194485605,251.72236089666995,224.46167943975982,263.430170223272,1.419415004231593,1.411437835231597,249.69785202783564,1.3613559204070915,40.07824131201419,162.0385922759006,40.2203941305341,1.2597912282514756,151.4384968495272,162.4869670555514,149.91938703660776,212.67387411766396,1.2596038936719178,1.2516238566502524,160.3818161707583,1.2009154359853271,90.7362340764439,0.00863936746825806,0.0005621615330014323
123.3085781,190.0,25.50727261,599.9999588,1.622168383,1219.506406,1.622195,276.2319733,135.5788464,1.571980399,923.2876913,922.5406806,1.571315,273.1139313,922.5406806,1.521297889,194.8069316,1.521193381,273.1139313,1.520795,113.9995739,251.8809946,113.9995739,1.420144389,223.97459555,1.419502153,251.8809946,223.97459555,262.72823045,1.419362582,1.411445,249.9998005,1.361375,42.813936,163.77579375,42.813936,1.259888034,149.9999999,163.77579375,149.9999999,212.55386425,1.259663637,1.251615001,161.88243935,1.2009145905,90.53676023,0.009349168000000003,0.0007373115,123.57452993245995,192.45597093165284,26.014816713062118,599.7860238313756,1.6222048861716225,1219.2027336571955,1.622231195388418,276.5516101739248,134.09702362283488,1.5719703578607884,922.7152833176011,921.4029370000543,1.571317346698911,273.00227465697503,922.5736881603963,1.521296669416936,191.67920579683704,1.5211842999075271,273.36080037740237,1.5207714042959182,114.06761917578476,251.73155274399198,113.99341521593209,1.4201403831694766,224.17997516580968,1.4194633767616216,251.7211722322455,224.46135093535185,263.4305461338018,1.4194149449005036,1.4114378451422502,249.6965492554223,1.3613558878522716,40.07367147824716,162.0351519759086,40.21590622990418,1.2597909671796246,151.4394494039656,162.48396940580153,149.919501956044,212.6719940534761,1.2596036159440323,1.2516238585554802,160.37851353240157,1.200915437556993,90.73826549652296,0.008640206063777725,0.0005613952158137144
123.3085781,190.0,25.50727261,599.9999588,1.622168383,1219.506406,1.622195,276.2319733,135.5788464,1.571980399,923.2876913,922.5406806,1.571315,273.1139313,922.5406806,1.521297889,194.8069316,1.521193381,273.1139313,1.520795,113.99956915,251.8809967,113.99956915,1.420144389,223.97459005,1.419502153,251.8809967,223.97459005,262.7282222,1.419362582,1.411445,249.9998028,1.361375,42.81393625,163.77579494999998,42.81393625,1.259888034,149.9999999,163.77579494999998,149.9999999,212.55386725,1.259663637,1.251615001,161.88244045,1.2009145995,90.52961583,0.009349403499999997,0.0007373375,123.57458355227415,192.45035489337846,26.014628114257125,599.7857872670492,1.6222049229357656,1219.2026014268138,1.6222312302845605,276.5514032195397,134.09537821504637,1.5719703587462286,922.7132098447611,921.4006908325264,1.5713173507682607,273.0019192593072,922.5719915592433,1.5212966348537507,191.67306282274131,1.52118424370811,273.36081921901024,1.5207713909382234,114.06668266398246,251.73118541512736,113.99261710489198,1.420140303544145,224.1792443841005,1.4194633355936046,251.72003847780596,224.46102640078567,263.4309059096176,1.4194148865492413,1.4114378542783779,249.69527951820018,1.361355853856973,40.06919373980969,162.0317922960638,40.21150978946258,1.2597907115274933,151.4403942971082,162.48103716485036,149.91960410665402,212.6701489440009,1.2596033442256145,1.2516238601869025,160.37527432947604,1.2009154359628746,90.74061781794032,0.008641054354993013,0.0005606394921962107
123.3085781,190.0,25.50727261,599.9999588,1.622168383,1219.506406,1.622195,276.2319733,135.5788464,1.571980399,923.2876913,922.5406806,1.571315,273.1139313,922.5406806,1.521297889,194.8069316,1.521193381,273.1139313,1.520795,113.99956445,251.8809989,113.99956445,1.420144389,223.97458460000001,1.419502153,251.8809989,223.97458460000001,262.728214,1.419362582,1.411445,249.9998051,1.361375,42.8139365,163.7757962,42.8139365,1.259888034,149.9999999,163.7757962,149.9999999,212.55387035,1.259663637,1.251615001,161.88244155,1.200914608,90.52257112000001,0.009349633,0.0007373635000000001,123.57464314708935,192.44486082760673,26.014455977586913,599.785547495643,1.6222049601644886,1219.202464469776,1.622231265844298,276.551218059003,134.0937874489571,1.5719703601018873,922.7111953921218,921.3984925669814,1.5713173546648145,273.00157630747213,922.5703620208669,1.5212965999945207,191.6671140840613,1.5211841881453745,273.36084082635875,1.5207713769035776,114.06576056892591,251.7308618459442,113.99183629394668,1.4201402290404144,224.17851691059283,1.4194632959445093,251.71895900220207,224.46070484360084,263.4312509660451,1.4194148300802776,1.4114378631472397,249.6940478985064,1.361355820005722,40.064797934458525,162.0285056306919,40.20719718752695,1.2597904601714809,151.44130088377207,162.4781667833832,149.91966539702003,212.66828136363904,1.2596030789043722,1.2516238619894533,160.3720950655407,1.200915434099328,90.74335980526847,0.008641912965082696,0.0005598927027848763
123.3085781,190.0,25.50727261,599.9999588,1.622168383,1219.506406,1.622195,276.2319733,135.5788464,1.571980399,923.2876913,922.5406806,1.571315,273.1139313,922.5406806,1.521297889,194.8069316,1.521193381,273.1139313,1.520795,113.99955975,251.881001,113.99955975,1.420144389,223.97457915,1.419502152,251.881001,223.97457915,262.72820590000003,1.419362582,1.411445,249.99980735,1.361375,42.813936745,163.7757974,42.813936745,1.259888034,149.9999999,163.7757974,149.9999999,212.55387335,1.259663638,1.251615001,161.88244265,1.2009146165,90.51562380499999,0.009349857000000001,0.0007373879999999997,123.57470460424253,192.43946221857624,26.014294219219064,599.7853051501334,1.6222049977784732,1219.2023244389618,1.6222313019388315,276.55105015919435,134.0922436285531,1.5719703619250145,922.7092329704489,921.3963483000354,1.5713173582762545,273.00124770291643,922.5687829973092,1.5212965640497946,191.6613729763429,1.5211841323377615,273.3608671008945,1.5207713618414167,114.0648534672849,251.73057214843755,113.99107047641685,1.4201401585547355,224.17779076036572,1.4194632578143358,251.71792475896123,224.46038097067495,263.43158215228,1.4194147745653558,1.411437871563386,249.69284592577912,1.361355785386216,40.06047771079162,162.02527981071415,40.20296080241492,1.2597902135081525,151.44220236290545,162.47535369799547,149.91971136479452,212.6664262671031,1.2596028190756545,1.251623863792004,160.36896924720486,1.2009154303048775,90.74647999774534,0.008642786756919249,0.0005591537364143378
123.3085781,190.0,25.50727261,599.9999588,1.622168383,1219.506406,1.622195,276.2319733,135.5788464,1.571980399,923.2876913,922.5406806,1.571315,273.1139313,922.5406806,1.521297889,194.8069316,1.521193381,273.1139313,1.520795,113.99955510000001,251.8810032,113.99955510000001,1.420144389,223.9745737,1.419502152,251.8810032,223.9745737,262.7281977,1.419362582,1.411445,249.9998096,1.361375,42.81393699,163.7757986,42.81393699,1.259888034,149.9999999,163.7757986,149.9999999,212.55387635,1.259663638,1.251615001,161.88244375,1.2009146245,90.50877163499999,0.009350074999999996,0.0007374124999999997,123.57476683736986,192.4341643694392,26.0141410497911,599.7850608634965,1.6222050356587414,1219.202181885331,1.6222313384729619,276.55089533569475,134.0907359794148,1.5719703641661134,922.707323356324,921.3942589026335,1.5713173618444953,273.00093603852196,922.5672518757349,1.5212965278336945,191.65579261517544,1.52118407656688,273.36089026397207,1.520771346464957,114.06395962904996,251.73031905758754,113.99032022897235,1.4201400915777775,224.17706461013864,1.4194632212554605,251.7169405868944,224.46005676692891,263.43189578847506,1.4194147204170344,1.4114378798649898,249.6916664000408,1.361355750478614,40.05622481198633,162.0221148361305,40.19879174216374,1.259789971140943,151.44307575062106,162.47259081005788,149.9197343486818,212.6645811576279,1.2596025642871358,1.2516238657314576,160.36589088056957,1.200915426218546,90.74988384408374,0.008643674494159157,0.0005584218468910778
123.3085781,190.0,25.50727261,599.9999588,1.622168383,1219.506406,1.622195,276.2319733,135.5788464,1.571980399,923.2876913,922.5406806,1.571315,273.1139313,922.5406806,1.521297889,194.8069316,1.521193381,273.1139313,1.520795,113.99955045,251.8810053,113.99955045,1.420144389,223.97456825,1.419502152,251.8810053,223.97456825,262.72818959999995,1.419362582,1.411445,249.9998119,1.361375,42.81393723,163.77579980000002,42.81393723,1.259888034,149.9999999,163.77579980000002,149.9999999,212.55387945,1.259663638,1.251615001,161.88244485,1.2009146325,90.502012415,0.009350287499999997,0.0007374359999999998,123.5748295360817,192.42898849280482,26.0139982586655,599.7848160704788,1.622205073533344,1219.2020385487572,1.6222313751302913,276.55075969078183,134.08926604074497,1.5719703668774307,922.7054587839311,921.3922130524888,1.571317365473215,273.00063802997175,922.5657608176374,1.5212964919383092,191.650359605013,1.521184021481656,273.3609137727672,1.52077133122147,114.06308078423058,251.73009016079217,113.98958497494336,1.4201400274870257,224.17634309139365,1.4194631861893188,251.71599154880258,224.45973520974408,263.4321944222167,1.419414667480604,1.4114378880684142,249.6905063565947,1.3613557161952197,40.05203733262205,162.01900665058133,40.194686195932235,1.2597897330037584,151.44396190716293,162.46987558434571,149.91975733256905,212.66275602227427,1.2596023140864905,1.2516238679903502,160.36286046512637,1.2009154220199527,90.75349398413961,0.008644571423683625,0.0005576975466434738
123.3085781,190.0,25.50727261,599.9999588,1.622168383,1219.506406,1.622195,276.2319733,135.5788464,1.571980399,923.2876913,922.5406806,1.571315,273.1139313,922.5406806,1.521297889,194.8069316,1.521193381,273.1139313,1.520795,113.99954575,251.8810075,113.99954575,1.420144389,223.97456285,1.419502152,251.8810075,223.97456285,262.7281815,1.419362582,1.411445,249.99981415,1.361375,42.81393747,163.775801,42.81393747,1.259888035,149.9999999,163.775801,149.9999999,212.55388245,1.259663638,1.251615001,161.88244594999998,1.20091464,90.49534402500001,0.009350495000000002,0.0007374589999999999,123.57489223479351,192.42388155715022,26.01386119349982,599.7845725434134,1.6222051110906726,1219.2018964300948,1.622231411619622,276.55063328646065,134.08782688613107,1.5719703699957206,922.7036345937809,921.3902107496014,1.5713173691192144,273.00035212153665,922.5643045973459,1.5212964566843534,191.6450549688322,1.5211839675106251,273.3609410844557,1.5207713166791108,114.06221462614744,251.72988335422062,113.98886413766002,1.4201399663956644,224.17562686577102,1.419463152563534,251.7150749097057,224.4594139833794,263.43248428093847,1.419414615395076,1.4114378961736593,249.68936918366563,1.3613556824880166,40.047916542979166,162.01595221179699,40.1906454340008,1.2597894992287872,151.44484295617428,162.46720751381395,149.9197854239868,212.66095585457248,1.2596020691845158,1.2516238703861455,160.35987949935006,1.200915418023431,90.7573018223414,0.00864547403163089,0.0005569814649287012
123.3085781,190.0,25.50727261,599.9999588,1.622168383,1219.506406,1.622195,276.2319733,135.5788464,1.571980399,923.2876913,922.5406806,1.571315,273.1139313,922.5406806,1.521297889,194.8069316,1.521193381,273.1139313,1.520795,113.99954115,251.8810096,113.99954115,1.420144389,223.97455745,1.419502152,251.8810096,223.97455745,262.7281734,1.419362582,1.411445,249.9998164,1.361375,42.813937705,163.77580215,42.813937705,1.259888035,149.9999999,163.77580215,149.9999999,212.55388545,1.259663638,1.251615001,161.88244695,1.2009146474999999,90.48876436,0.009350697000000002,0.0007374815000000003,123.57495640785623,192.41883825932308,26.013725559824124,599.7843312106659,1.6222051482514084,1219.2017570372343,1.6222314477841548,276.5505194353962,134.08639465792976,1.5719703734852353,922.7018321479151,921.3882249946716,1.571317372791133,273.00007952322824,922.5628640540672,1.5212964217757827,191.63987312515562,1.521183914604812,273.3609711618848,1.5207713022818126,114.06135769478155,251.72967991377843,113.98815195042408,1.4201399077094747,224.17491427917005,1.419463119801963,251.71418036083264,224.459093418655,263.432770176748,1.4194145642635898,1.411437904175271,249.6882464106917,1.3613556494050212,40.04385609165566,162.0129423929683,40.18666183468706,1.259789268361958,151.4457163438899,162.46458000687826,149.91981351540454,212.65915818363592,1.2596018280303813,1.2516238728618005,160.35694049086683,1.200915414026909,90.76128443716495,0.008646380147450604,0.0005562732149545128
123.3085781,190.0,25.50727261,599.9999588,1.622168383,1219.506406,1.622195,276.2319733,135.5788464,1.571980399,923.2876913,922.5406806,1.571315,273.1139313,922.5406806,1.521297889,194.8069316,1.521193381,273.1139313,1.520795,113.9995365,251.8810117,113.9995365,1.420144389,223.97455205,1.419502152,251.8810117,223.97455205,262.72816539999997,1.419362582,1.411445,249.9998186,1.361375,42.81393794,163.77580335,42.81393794,1.259888035,149.9999999,163.77580335,149.9999999,212.55388845,1.259663638,1.251615001,161.88244805,1.2009146545,90.482271395,0.009350893999999998,0.0007375029999999998,123.57501817539908,192.41385859932342,26.01359135763841,599.7840923254264,1.6222051849249015,1219.2016208921373,1.6222314835790905,276.5504137788188,134.08497782175638,1.5719703772964786,922.700049116589,921.3862531748642,1.571317376488971,272.9998121106834,922.5614391878012,1.5212963880267194,191.63480849250573,1.521183862629534,273.361004350772,1.5207712886219074,114.06050826012344,251.72948089138097,113.98744495321658,1.4201398510040149,224.17420003846834,1.4194630885331256,251.71330011800927,224.45876987654924,263.4330515435151,1.4194145134415224,1.4114379121877911,249.68712914358298,1.3613556170902812,40.039839465006224,162.0099650250165,40.18272460060768,1.2597890388170117,151.4465795165445,162.4619824155947,149.9198160691698,212.6573455321082,1.2596015892671106,1.251623875428724,160.35403544781136,1.200915410210006,90.76535587289462,0.008647291013676202,0.0005555709242382011
123.3085781,190.0,25.50727261,599.9999588,1.622168383,1219.506406,1.622195,276.2319733,135.5788464,1.571980399,923.2876913,922.5406806,1.571315,273.1139313,922.5406806,1.521297889,194.8069316,1.521193381,273.1139313,1.520795,113.99953185,251.8810138,113.99953185,1.420144389,223.97454670000002,1.419502152,251.8810138,223.97454670000002,262.7281573,1.419362582,1.411445,249.9998209,1.361375,42.81393817,163.77580454999998,42.81393817,1.259888035,149.9999999,163.77580454999998,149.9999999,212.55389135000001,1.259663638,1.251615001,161.88244915,1.200914662,90.47586314,0.0093510865,0.0007375245000000003,123.57507381274608,192.40897969921727,26.01345966056016,599.7838574068383,1.6222052208618656,1219.2014906046145,1.6222315187328311,276.5503056813303,134.0835709904012,1.5719703813524553,922.6982932656185,921.3842891935632,1.5713173802732072,272.9995469453029,922.5600273857124,1.5212963551164485,191.62983204719976,1.5211838119398635,273.36103027959024,1.520771275276301,114.05966862885244,251.729275557491,113.98674487604701,1.4201397958548425,224.1734917525293,1.4194630583118206,251.71242723859385,224.45844732690395,263.4333320610866,1.4194144625678853,1.4114379203093996,249.6860169588114,1.361355586023956,40.03586475761024,162.00701351635718,40.17882801550089,1.2597888117175486,151.4474324741381,162.45941119064858,149.91980840787406,212.65553787411085,1.259601352248524,1.2516238782010016,160.35115637831828,1.2009154068646029,90.76940152190963,0.008648200320417045,0.000554875523504441
123.3085781,190.0,25.50727261,599.9999588,1.622168383,1219.506406,1.622195,276.2319733,135.5788464,1.571980399,923.2876913,922.5406806,1.571315,273.1139313,922.5406806,1.521297889,194.8069316,1.521193381,273.1139313,1.520795,113.99952725,251.8810159,113.99952725,1.420144389,223.97454135,1.419502152,251.8810159,223.97454135,262.72814930000004,1.419362582,1.411445,249.99982310000001,1.361375,42.8139384,163.77580575000002,42.8139384,1.259888035,149.9999999,163.77580575000002,149.9999999,212.55389435,1.259663638,1.251615001,161.88245024999998,1.200914669,90.46953765500001,0.009351272999999997,0.000737545,123.57511649132468,192.40406898019737,26.013292534104885,599.7836283116316,1.6222052558810007,1219.2013664066485,1.6222315527861797,276.5501989786482,134.0822018695145,1.5719703855156746,922.6965366380664,921.3823574372324,1.571317383988325,272.9992691612308,922.5586033903915,1.5212963256353589,191.62481876414253,1.521183761568534,273.3609775576599,1.5207712614592466,114.05882150087365,251.72906917168564,113.986039608849,1.4201397397718976,224.17278313577012,1.4194630271739246,251.71153584546704,224.45812940874077,263.4336038036383,1.4194144106370667,1.411437928403736,249.68492764455678,1.3613555562540616,40.03193323974812,162.00407823313628,40.17497207936669,1.2597885839571439,151.4481934961827,162.4568602475005,149.9198109616393,212.65370524846162,1.2596011157468812,1.2516238805511626,160.34830228340442,1.200915403788628,90.77349874435399,0.008649118725188924,0.0005541888887944217
123.3085781,190.0,25.50727261,599.9999588,1.622168383,1219.506406,1.622195,276.2319733,135.5788464,1.571980399,923.2876913,922.5406806,1.571315,273.1139313,922.5406806,1.521297889,194.8069316,1.521193381,273.1139313,1.520795,113.99952265,251.88101805,113.99952265,1.420144389,223.97453605,1.419502152,251.88101805,223.97453605,262.7281413,1.419362582,1.411445,249.9998253,1.361375,42.81393863,163.7758069,42.81393863,1.259888035,149.9999999,163.7758069,149.9999999,212.55389735,1.259663639,1.251615001,161.88245125,1.2009146755,90.46329305,0.009351455000000002,0.0007375660000000002,123.57515009100564,192.399131745416,26.013096777849984,599.7834054195923,1.6222052900446289,1219.201248472227,1.6222315858203358,276.5500912298613,134.0808619934809,1.5719703895716512,922.6947792339328,921.3804544220915,1.5713173874183288,272.99898238850176,922.5571663308933,1.5212962974617987,191.61978985294843,1.5211837105605226,273.3608688294824,1.5207712459498144,114.05797033620605,251.72885899898475,113.98533434165098,1.4201396830664375,224.17208146623406,1.4194629948051785,251.71063267088755,224.45781579123948,263.4338690356913,1.4194143582163345,1.4114379360944465,249.68385738906636,1.361355526676231,40.028049357401294,162.00116120353363,40.17116250846685,1.2597883561306453,151.4488983353918,162.4543361777348,149.91982883799605,212.6518726228124,1.2596008800852712,1.2516238823194878,160.3454756605277,1.2009153997921063,90.77768478770449,0.008650040021642625,0.0005535120569861929
123.3085781,190.0,25.50727261,599.9999588,1.622168383,1219.506406,1.622195,276.2319733,135.5788464,1.571980399,923.2876913,922.5406806,1.571315,273.1139313,922.5406806,1.521297889,194.8069316,1.521193381,273.1139313,1.520795,113.9995181,251.8810201,113.9995181,1.420144389,223.9745307,1.419502152,251.8810201,223.9745307,262.72813340000005,1.419362582,1.411445,249.99982755,1.361375,42.81393885,163.77580805000002,42.81393885,1.259888035,149.9999999,163.77580805000002,149.9999999,212.55390025,1.259663639,1.251615001,161.88245235,1.2009146825,90.457127475,0.009351633000000002,0.0007375850000000002,123.57517957802358,192.394274057919,26.012899590105107,599.7831876335615,1.622205323307425,1219.201136772352,1.6222316181180974,276.5499833067237,134.0795313526641,1.5719703936771245,922.6930443506651,921.3785609873471,1.5713173907619349,272.99870097439515,922.5557423355724,1.521296269460931,191.61485582687118,1.5211836601402176,273.36075958272846,1.520771230549178,114.05712897492555,251.72863956942814,113.98463599449089,1.4201396278606728,224.17138674392112,1.4194629630649516,251.70973980507915,224.45750448947928,263.4341348338747,1.4194143055377535,1.411437943599707,249.68279645119398,1.3613554973864963,40.0242188268316,161.9982791600326,40.16740692448373,1.2597881306835355,151.44959551330513,162.45184303771111,149.91983905305705,212.65006246804987,1.2596006472668504,1.2516238840649958,160.34268500104508,1.2009153955710605,90.78194532600853,0.008650955413343783,0.0005528446981152685
123.3085781,190.0,25.50727261,599.9999588,1.622168383,1219.506406,1.622195,276.2319733,135.5788464,1.571980399,923.2876913,922.5406806,1.571315,273.1139313,922.5406806,1.521297889,194.8069316,1.521193381,273.1139313,1.520795,113.9995135,251.88102220000002,113.9995135,1.420144389,223.9745254,1.419502152,251.88102220000002,223.9745254,262.72812539999995,1.419362582,1.411445,249.99982975,1.361375,42.813939075,163.77580925,42.813939075,1.2598880355,149.9999999,163.77580925,149.9999999,212.55390325000002,1.259663639,1.251615001,161.88245345,1.200914689,90.451039125,0.009351806499999999,0.0007376044999999997,123.57520782348287,192.38948531140176,26.012699897252762,599.782974742547,1.6222053557033829,1219.2010307560636,1.6222316496150648,276.54988166021434,134.07820994706407,1.5719703979420871,922.6913281053556,921.3766832296153,1.5713173940709815,272.99843217898007,922.5543331463191,1.5212962426935819,191.61002226738825,1.5211836108708372,273.36065448458544,1.520771215571636,114.05629626369249,251.72841908795615,113.98394745071784,1.4201395745790457,224.17069830719103,1.4194629323198804,251.70886692566373,224.45719384935936,263.43439893366707,1.41941425358115,1.4114379510449693,249.68174737210822,1.3613554686249372,40.020444188599846,161.99543768012762,40.163705327417325,1.2597879079462855,151.45028247615747,162.4493874190138,149.91984926811804,212.64826479711328,1.2596004176147084,1.2516238857420525,160.33993779733032,1.2009153917541577,90.7863090111713,0.00865186479488818,0.0005521867207466287
123.3085781,190.0,25.50727261,599.9999588,1.622168383,1219.506406,1.622195,276.2319733,135.5788464,1.571980399,923.2876913,922.5406806,1.571315,273.1139313,922.5406806,1.521297889,194.8069316,1.521193381,273.1139313,1.520795,113.99950895,251.8810243,113.99950895,1.420144389,223.9745201,1.419502152,251.8810243,223.9745201,262.7281175,1.419362582,1.411445,249.999832,1.361375,42.813939295,163.7758104,42.813939295,1.259888036,149.9999999,163.7758104,149.9999999,212.55390615,1.259663639,1.251615001,161.88245445,1.2009146954999999,90.445026235,0.009351974999999997,0.0007376230000000002,123.57523218907137,192.3847495964074,26.012497341420456,599.7827658181837,1.622205387425133,1219.200929292444,1.6222316805492365,276.5497777471448,134.076900085485,1.5719704022537966,922.689628944841,921.3748133103898,1.5713173972331516,272.99816649502316,922.552931795572,1.5212962158028809,191.60527466265827,1.521183561821847,273.3605490407249,1.5207712002314417,114.0554710491672,251.72818766656377,113.98326467364306,1.4201395226273368,224.1700171485042,1.4194629019152571,251.7080005681239,224.45688387087972,263.4346669963717,1.419414201495622,1.4114379581956937,249.6807063400562,1.3613554398633778,40.01672163186481,161.99262611587477,40.16005581184706,1.259787686861389,151.45095156265305,162.44696222301354,149.91985437564855,212.64647211970708,1.2596001903534302,1.2516238873050236,160.3372240595517,1.2009153873310408,90.79077584319282,0.008652770234754885,0.0005515374433861407
123.3085781,190.0,25.50727261,599.9999588,1.622168383,1219.506406,1.622195,276.2319733,135.5788464,1.571980399,923.2876913,922.5406806,1.571315,273.1139313,922.5406806,1.521297889,194.8069316,1.521193381,273.1139313,1.520795,113.9995044,251.8810264,113.9995044,1.420144389,223.97451485,1.419502152,251.8810264,223.97451485,262.72810960000004,1.419362582,1.411445,249.9998342,1.361375,42.81393951,163.77581155000001,42.81393951,1.259888036,149.9999999,163.77581155000001,149.9999999,212.55390905000002,1.259663639,1.251615001,161.88245554999997,1.2009147015,90.43908709499999,0.009352139499999997,0.0007376415,123.57525259719169,192.38007221608822,26.012293711970663,599.7825609026702,1.6222054183876915,1219.20083214951,1.6222317108422128,276.5496750545308,134.07559791991991,1.5719704067579932,922.6879468691213,921.3729503587255,1.5713174004298807,272.997909972582,922.5515452508927,1.5212961897509722,191.60061189638571,1.5211835134462701,273.36044843691036,1.5207711853626953,114.05465333134968,251.72795182712665,113.98258881660621,1.4201394722602116,224.16934326786065,1.4194628718510818,251.70714914778307,224.4565745540404,263.43493109616406,1.4194141500289317,1.4114379652536932,249.67967759031885,1.3613554116780102,40.01305052148629,161.98984953772353,40.15645583721213,1.2597874681558816,151.4516180953834,162.4445720131149,149.9198569294138,212.64469691965724,1.259599966064577,1.251623888867995,160.33454928211668,1.200915383581495,90.79535155245411,0.008653669868137013,0.0005508967781618112
123.3085781,190.0,25.50727261,599.9999588,1.622168383,1219.506406,1.622195,276.2319733,135.5788464,1.571980399,923.2876913,922.5406806,1.571315,273.1139313,922.5406806,1.521297889,194.8069316,1.521193381,273.1139313,1.520795,113.9994999,251.8810285,113.9994999,1.420144389,223.97450955,1.419502152,251.8810285,223.97450955,262.7281017,1.419362582,1.411445,249.99983635,1.361375,42.81393973,163.77581275,42.81393973,1.259888036,149.9999999,163.77581275,149.9999999,212.55391194999999,1.259663639,1.251615001,161.88245655,1.2009147075,90.43322002,0.0093523,0.0007376589999999999,123.5752681166748,192.37543195783508,26.01208721954091,599.7823594474268,1.622205448812017,1219.200738515321,1.6222317406787925,276.5495697466549,134.0743026807674,1.5719704111164494,922.6862834313598,921.3711004712384,1.5713174033760553,272.9976610559275,922.550169157555,1.5212961631563156,191.5960205730247,1.5211834648503033,273.36034973454247,1.5207711698532633,114.05384253357012,251.72771072811238,113.98191987960728,1.4201394233361897,224.1686786501813,1.4194628417869064,251.70630929851183,224.45626689130182,263.43520538630213,1.4194140983043924,1.411437971951702,249.67865519350292,1.3613553827724032,40.00943149260449,161.98710743862893,40.15290794407333,1.2597872513671042,151.45227441305272,162.44221171886835,149.91986969824006,212.6429342034333,1.259599744295823,1.2516238901913865,160.33190996858417,1.2009153788889495,90.80005046490778,0.008654564625074709,0.0005502647557703305
123.3085781,190.0,25.50727261,599.9999588,1.622168383,1219.506406,1.622195,276.2319733,135.5788464,1.571980399,923.2876913,922.5406806,1.571315,273.1139313,922.5406806,1.521297889,194.8069316,1.521193381,273.1139313,1.520795,113.99949535,251.8810306,113.99949535,1.420144389,223.97450429999998,1.419502152,251.8810306,223.97450429999998,262.7280938,1.419362582,1.411445,249.99983855,1.361375,42.813939945,163.77581385000002,42.813939945,1.259888036,149.9999999,163.77581385000002,149.9999999,212.55391495,1.259663639,1.251615001,161.88245765,1.2009147135,90.42742338,0.009352455999999999,0.000737677,123.57528286018378,192.37082882164796,26.011878222003688,599.7821611148662,1.6222054786584503,1219.200647751923,1.622231770022576,276.5494691462504,134.0730120592233,1.5719704156453942,922.6846254296694,921.3692488418609,1.571317406374069,272.99741870790695,922.5487974189432,1.521296137499133,191.59149734368873,1.521183417172628,273.3602517236098,1.520771154549334,114.05303750248885,251.7274597410932,113.98125555596695,1.4201393758269745,224.16801866398401,1.4194628120369908,251.70547681264853,224.45596154430427,263.4354793933751,1.4194140471471213,1.4114379785788036,249.67764042019266,1.3613553544429875,40.005861369518385,161.98439677632132,40.14940768644928,1.2597870368916215,151.4529128543653,162.43988286140876,149.91987991330106,212.64117648073977,1.2595995252410226,1.2516238915033697,160.3293041209878,1.200915374622999,90.80486111979177,0.008655453468517505,0.0005496412304044726
123.3085781,190.0,25.50727261,599.9999588,1.622168383,1219.506406,1.622195,276.2319733,135.5788464,1.571980399,923.2876913,922.5406806,1.571315,273.1139313,922.5406806,1.521297889,194.8069316,1.521193381,273.1139313,1.520795,113.99949085,251.8810326,113.99949085,1.420144389,223.97449905,1.419502152,251.8810326,223.97449905,262.72808599999996,1.419362582,1.411445,249.9998407,1.361375,42.81394016,163.775815,42.81394016,1.259888036,149.9999999,163.775815,149.9999999,212.55391785,1.25966364,1.251615001,161.88245865,1.200914719,90.42169557,0.009352607499999997,0.0007376934999999998,123.57529403421162,192.36627341383144,26.011669224466466,599.7819656095996,1.6222055080403037,1219.2005593663523,1.6222317989743622,276.54936575623316,134.07173144249734,1.5719704201248423,922.6829860659371,921.3674102766606,1.5713174091906466,272.99718119993247,922.5474361316731,1.5212961113732133,191.58704890615076,1.5211833692990502,273.36015682413523,1.5207711392816703,114.05223881477569,251.72720370488003,113.98059584568524,1.420139329506197,224.16736529418972,1.419462782103757,251.70465652900413,224.45565718976718,263.43575849562086,1.4194139958609253,1.411437984960457,249.676637505669,1.3613553256334123,40.002343327929005,161.9817180578456,40.145958240040976,1.2597868244650574,151.45354618814739,162.43758848300584,149.91989523589257,212.63943373863736,1.2595993085124677,1.251623892609999,160.3267322388192,1.2009153699080013,90.80979497786814,0.008656336914436543,0.0005490258807484805
123.3085781,190.0,25.50727261,599.9999588,1.622168383,1219.506406,1.622195,276.2319733,135.5788464,1.571980399,923.2876913,922.5406806,1.571315,273.1139313,922.5406806,1.521297889,194.8069316,1.521193381,273.1139313,1.520795,113.99948635,251.8810347,113.99948635,1.420144389,223.97449385,1.419502152,251.8810347,223.97449385,262.7280782,1.419362582,1.411445,249.9998429,1.361375,42.81394037,163.77581615,42.81394037,1.259888036,149.9999999,163.77581615,149.9999999,212.5539207,1.25966364,1.251615001,161.88245965,1.200914725,90.41603502999999,0.009352756,0.0007377100000000003,123.57530365629117,192.36173921862408,26.011457363949283,599.7817726784365,1.6222055369405801,1219.2004728366464,1.6222318274949517,276.5492663762841,134.07045929138675,1.5719704247390314,922.6813567977655,921.3655778080764,1.5713174120849824,272.99695112488587,922.5460844247997,1.5212960864314713,191.5826730278198,1.5211833225641536,273.3600648632601,1.520771124328305,114.05144647043066,251.72694514406982,113.97994074876215,1.420139284883188,224.1667152325969,1.4194627527728543,251.70384781642932,224.45535382769054,263.43603759786663,1.4194139454514167,1.411437991336656,249.67564475581955,1.3613552974480447,39.99887292185492,161.97907179024673,40.14255388858663,1.2597866144178822,151.45415909180747,162.43532452729997,149.9198977896578,212.63769099653496,1.259599094562484,1.2516238937850797,160.32419731902783,1.2009153657318605,90.8148405783748,0.008657215582598077,0.0005484183871769516
123.3085781,190.0,25.50727261,599.9999588,1.622168383,1219.506406,1.622195,276.2319733,135.5788464,1.571980399,923.2876913,922.5406806,1.571315,273.1139313,922.5406806,1.521297889,194.8069316,1.521193381,273.1139313,1.520795,113.9994819,251.88103669999998,113.9994819,1.420144389,223.97448865,1.419502152,251.88103669999998,223.97448865,262.7280704,1.419362582,1.411445,249.99984510000002,1.361375,42.813940575000004,163.77581725,42.813940575000004,1.259888036,149.9999999,163.77581725,149.9999999,212.55392355,1.25966364,1.251615001,161.88246075,1.2009147305,90.41044024,0.0093529005,0.0007377259999999999,123.57530986408442,192.35723684233045,26.0112455034321,599.7815815618053,1.62220556550092,1219.2003874088603,1.6222318557915427,276.54916542717797,134.06919406668874,1.571970429314723,922.6797391783176,921.3637531779984,1.5713174148410813,272.9967255441677,922.5447379435972,1.5212960610209925,191.57836077833193,1.5211832756211108,273.3599754952668,1.520771109290321,114.05065873944426,251.7266813236825,113.97929026519766,1.4201392414486165,224.16607244904736,1.4194627231800685,251.7030468880286,224.45505013479374,263.43632434287167,1.4194138949903383,1.4114379975055875,249.6746642882848,1.3613552686864856,39.9954469755951,161.97645594534492,40.13919399694606,1.2597864066840019,151.45476688793704,162.43308947315631,149.91992077354507,212.6359582414933,1.2595988830679818,1.2516238947205807,160.32169136974838,1.2009153610842198,90.81999792131175,0.008658089575112339,0.0005478184317101557
123.3085781,190.0,25.50727261,599.9999588,1.622168383,1219.506406,1.622195,276.2319733,135.5788464,1.571980399,923.2876913,922.5406806,1.571315,273.1139313,922.5406806,1.521297889,194.8069316,1.521193381,273.1139313,1.520795,113.9994774,251.8810388,113.9994774,1.420144389,223.97448345,1.419502152,251.8810388,223.97448345,262.72806260000004,1.419362582,1.411445,249.9998472,1.361375,42.813940779999996,163.77581845,42.813940779999996,1.259888037,149.9999999,163.77581845,149.9999999,212.55392645,1.25966364,1.251615,161.88246175,1.2009147355,90.404909705,0.009353040999999998,0.000737742,123.5753137439552,192.352755678646,26.011032211424936,599.7813925128964,1.6222055937326545,1219.2003029380046,1.6222318837745362,276.54906534982575,134.06793807720754,1.571970433915163,922.6781339841752,921.3619389992622,1.5713174176317397,272.9965027291902,922.5434053975171,1.5212960360299097,191.57410545991416,1.52118322931475,273.35988837443773,1.5207710943853094,114.04987850516562,251.7264135060166,113.9786467016711,1.4201391988629293,224.16543562026052,1.4194626934301529,251.70225626839903,224.4547514041992,263.4366105217464,1.4194138448902487,1.4114380036417926,249.67368805603095,1.3613552399729423,39.992068029710374,161.97386950905027,40.13587729483886,1.259786201065134,151.4553695765361,162.43088179944002,149.91994375743232,212.63424795733837,1.2595986736412537,1.25162389566749,160.31921588945556,1.200915356548841,90.82524121996434,0.00865895847617012,0.0005472255807313802
123.3085781,190.0,25.50727261,599.9999588,1.622168383,1219.506406,1.622195,276.2319733,135.5788464,1.571980399,923.2876913,922.5406806,1.571315,273.1139313,922.5406806,1.521297889,194.8069316,1.521193381,273.1139313,1.520795,113.99947295,251.8810408,113.99947295,1.420144389,223.97447825,1.419502152,251.8810408,223.97447825,262.7280548,1.419362582,1.411445,249.99984940000002,1.361375,42.81394098,163.77581955,42.81394098,1.259888037,149.9999999,163.77581955,149.9999999,212.55392935,1.25966364,1.251615,161.88246275,1.200914741,90.39944198,0.009353178,0.0007377575000000004,123.57531638226733,192.3482851212661,26.010815340692822,599.781205109726,1.622205621658446,1219.2002189601133,1.622231911533531,276.54896997994484,134.0666897837403,1.5719704385156028,922.6765443216646,921.3601361428128,1.5713174203446396,272.99628475425874,922.5420763352175,1.52129601123619,191.56990595627104,1.521183183130828,273.3598033279141,1.5207710797945966,114.04910346091546,251.72614316375368,113.97800659816349,1.4201391571544222,224.1648037537759,1.4194626637588021,251.70147364332664,224.4544539968852,263.43690151272875,1.4194137950222232,1.4114380097070904,249.67272410609183,1.361355211307415,39.98872846251829,161.97131096022792,40.13260124170425,1.2597859978256551,151.4559620500742,162.42870049206113,149.91997695638057,212.632545163479,1.2595984669284788,1.2516238965459485,160.31676987916626,1.2009153523277953,90.83055901357045,0.00865982311305385,0.0005466398711451402
123.3085781,190.0,25.50727261,599.9999588,1.622168383,1219.506406,1.622195,276.2319733,135.5788464,1.571980399,923.2876913,922.5406806,1.571315,273.1139313,922.5406806,1.521297889,194.8069316,1.521193381,273.1139313,1.520795,113.9994685,251.8810429,113.9994685,1.420144388,223.97447305,1.419502152,251.8810429,223.97447305,262.7280471,1.419362582,1.411445,249.99985155000002,1.361375,42.81394119,163.77582065000001,42.81394119,1.259888037,149.9999999,163.77582065000001,149.9999999,212.55393220000002,1.25966364,1.251615,161.88246375,1.200914746,90.394035645,0.009353311499999996,0.0007377725,123.57531739103374,192.34384107964763,26.0105988278332,599.7810191413017,1.6222056493632786,1219.2001350982132,1.6222319391217275,276.54887495876545,134.06545149509122,1.5719704430747956,922.6749632015513,921.3583446086504,1.5713174230575395,272.9960717922321,922.5407577242598,1.521295986565822,191.56576003481155,1.521183137448905,273.3597182813905,1.5207710651434418,114.04833533670325,251.72587492532162,113.97737226135416,1.4201391164645762,224.16417651877336,1.4194626341922048,251.70070048549303,224.45415791285185,263.4371925037112,1.4194137457472507,1.4114380157014812,249.67176777965835,1.3613551825938717,39.98543144971986,161.96878232705768,40.12936456726184,1.2597857969655653,151.45654430855126,162.42654656510962,149.92001270909407,212.6308523566804,1.259598262348096,1.2516238973559555,160.314353838372,1.2009153479271308,90.83593697617749,0.00866068265555345,0.0005460611059008383
123.3085781,190.0,25.50727261,599.9999588,1.622168383,1219.506406,1.622195,276.2319733,135.5788464,1.571980399,923.2876913,922.5406806,1.571315,273.1139313,922.5406806,1.521297889,194.8069316,1.521193381,273.1139313,1.520795,113.99946405,251.8810449,113.99946405,1.420144388,223.97446795,1.419502152,251.8810449,223.97446795,262.7280394,1.419362582,1.411445,249.99985370000002,1.361375,42.81394139,163.77582174999998,42.81394139,1.259888037,149.9999999,163.77582174999998,149.9999999,212.55393505,1.25966364,1.251615,161.88246485000002,1.200914751,90.388689325,0.009353441499999999,0.0007377870000000003,123.5753162270725,192.33939173487693,26.010378020503634,599.7808344810283,1.6222056769491335,1219.2000507723471,1.6222319665783247,276.54877732232427,134.06422013285473,1.5719704473315088,922.673389847254,921.3565661386651,1.5713174254421265,272.9958532987243,922.5394443389731,1.5212959607852874,191.56166099776277,1.5211830907507402,273.3596370377602,1.520771049319711,114.04756836583068,251.72559764041694,113.97673792454482,1.4201390758596186,224.16355093787158,1.419462603735205,251.69993195608726,224.45386017471773,263.4374868914755,1.419413696575418,1.4114380212377018,249.67082077084294,1.36135515219977,39.98217127505326,161.9662765109102,40.12616346067044,1.2597855966342286,151.45709592184534,162.42441494813593,149.92001781662458,212.6291320854647,1.2595980588662177,1.251623897721029,160.31196477012332,1.200915342291586,90.8413521862613,0.008661536273137843,0.0005454887967902434
123.3085781,190.0,25.50727261,599.9999588,1.622168383,1219.506406,1.622195,276.2319733,135.5788464,1.571980399,923.2876913,922.5406806,1.571315,273.1139313,922.5406806,1.521297889,194.8069316,1.521193381,273.1139313,1.520795,113.99945965,251.8810469,113.99945965,1.420144388,223.9744628,1.419502152,251.8810469,223.9744628,262.7280317,1.419362582,1.411445,249.9998558,1.361375,42.813941584999995,163.77582295000002,42.813941584999995,1.259888037,149.9999999,163.77582295000002,149.9999999,212.5539379,1.259663641,1.251615,161.88246585000002,1.200914756,90.383401655,0.009353568000000001,0.0007378009999999997,123.5753137439552,192.33495299641078,26.010154708066604,599.7806511289058,1.6222057043876827,1219.1999662144979,1.6222319938977232,276.54868195244336,134.06299184902383,1.5719704514562307,922.6718188227014,921.3547937652959,1.5713174277662352,272.99563584236915,922.5381309536863,1.5212959347333788,191.5575921006923,1.5211830435750637,273.35955129980147,1.5207710328794712,114.04680600831676,251.72531551670133,113.97610762442427,1.4201390351980687,224.1629273418907,1.4194625727020622,251.69916805510934,224.45356442150452,263.43777929778366,1.4194136475840797,1.411438026593927,249.6698754561399,1.3613551213255086,39.97894666823808,161.96379351178555,40.12299728678987,1.2597853975586806,151.45763221254788,162.4223056411401,149.9200229241551,212.62740182718824,1.2595978571936417,1.2516238978807486,160.3096021749286,1.2009153361396365,90.84680464382188,0.008662385207655632,0.0005449228080453849
123.3085781,190.0,25.50727261,599.9999588,1.622168383,1219.506406,1.622195,276.2319733,135.5788464,1.571980399,923.2876913,922.5406806,1.571315,273.1139313,922.5406806,1.521297889,194.8069316,1.521193381,273.1139313,1.520795,113.99945525,251.8810489,113.99945525,1.420144388,223.97445765,1.419502152,251.8810489,223.97445765,262.728024,1.419362582,1.411445,249.99985800000002,1.361375,42.81394178,163.77582404999998,42.81394178,1.259888037,149.9999999,163.77582404999998,149.9999999,212.55394074999998,1.259663641,1.251615,161.88246685000001,1.2009147605,90.37817132500001,0.009353691000000003,0.0007378149999999998,123.5753083121361,192.33050365164002,26.009929964139594,599.7804691271327,1.622205731588276,1219.1998813956675,1.622232021012723,276.5485865825624,134.0617697220041,1.571970455459961,922.6702625531991,921.3530388108295,1.5713174299780261,272.9954246089304,922.5368210521801,1.5212959086814704,191.55356897173698,1.521182996644265,273.3594724761942,1.5207710164634083,114.04605172418043,251.72503044762254,113.97548309100199,1.42013899555518,224.16231003149264,1.4194625417212963,251.69840941370853,224.45327032239206,263.4380796299163,1.4194135987990206,1.4114380318846995,249.66893522377396,1.3613550899710876,39.975762710395955,161.96134042831298,40.11987049160148,1.2597852013912747,151.45816594948522,162.420219658212,149.92003058545083,212.62568654950292,1.2595976576534578,1.2516238979606085,160.30726805075423,1.2009153295161872,90.85230580962131,0.008663229457713365,0.000544363820990827
123.3085781,190.0,25.50727261,599.9999588,1.622168383,1219.506406,1.622195,276.2319733,135.5788464,1.571980399,923.2876913,922.5406806,1.571315,273.1139313,922.5406806,1.521297889,194.8069316,1.521193381,273.1139313,1.520795,113.99945085,251.881051,113.99945085,1.420144388,223.97445255,1.419502152,251.881051,223.97445255,262.72801635,1.419362582,1.411445,249.9998601,1.361375,42.813941979999996,163.77582515,42.813941979999996,1.259888037,149.9999999,163.77582515,149.9999999,212.55394354999999,1.259663641,1.251615,161.88246785,1.2009147654999999,90.372997045,0.009353811,0.0007378284999999997,123.57530163875836,192.32606491317387,26.009704862340087,599.7802885601058,1.6222057585395828,1219.199796373852,1.6222320479233243,276.54849435099567,134.06055529099837,1.5719704595571848,922.6687194855837,921.3512916948694,1.5713174322762151,272.995217178385,922.5355198601254,1.5212958830736285,191.54959607607884,1.5211829501175143,273.35939901120935,1.5207710005913238,114.04530090006308,251.72474516816067,113.97486201759867,1.4201389561669562,224.16169801421697,1.4194625103738938,251.6976587668649,224.45297721574002,263.43837628220183,1.4194135505554448,1.4114380371591086,249.66800388549794,1.3613550589527783,39.97261813124646,161.95891624640262,40.116779899404314,1.2597850073388812,151.45868947136154,162.41816206980118,149.92005101557282,212.62398874917395,1.2595974605041371,1.2516238980975112,160.30496289709174,1.2009153235438568,90.85784708808802,0.00866406808903094,0.0005438114657520631
123.3085781,190.0,25.50727261,599.9999588,1.622168383,1219.506406,1.622195,276.2319733,135.5788464,1.571980399,923.2876913,922.5406806,1.571315,273.1139313,922.5406806,1.521297889,194.8069316,1.521193381,273.1139313,1.520795,113.99944645,251.881053,113.99944645,1.420144388,223.97444745,1.419502152,251.881053,223.97444745,262.72800870000003,1.419362582,1.411445,249.9998622,1.361375,42.813942170000004,163.77582625000002,42.813942170000004,1.259888038,149.9999999,163.77582625000002,149.9999999,212.5539464,1.259663641,1.251615,161.88246885,1.20091477,90.367877555,0.009353927999999997,0.0007378414999999997,123.57531933096912,192.32151480850965,26.00944969925098,599.7801097654124,1.6222057852642648,1219.1997105400953,1.6222320748423256,276.548406129497,134.0593116151395,1.571970463442673,922.6671476844496,921.349482741804,1.5713174345312053,272.9950014506178,922.5341420248975,1.5212958605495825,191.545580761192,1.521182904900859,273.3592963330894,1.5207709847555044,114.04454892260608,251.7244624132958,113.97423690750657,1.4201389192970888,224.1610760723368,1.4194624799430824,251.69688645056362,224.45267650022456,263.43867548207385,1.4194135029049222,1.4114380426080588,249.66707254722195,1.3613550283666127,39.96949895770513,161.9565184308297,40.113719158796385,1.2597848146083706,151.4592053319421,162.41611969273885,149.92007910699058,212.6223733420962,1.259597264065614,1.2516238980176513,160.30266823275252,1.2009153191656445,90.86345426593672,0.008664895605723855,0.0005432648503636993
123.3085781,190.0,25.50727261,599.9999588,1.622168383,1219.506406,1.622195,276.2319733,135.5788464,1.571980399,923.2876913,922.5406806,1.571315,273.1139313,922.5406806,1.521297889,194.8069316,1.521193381,273.1139313,1.520795,113.9994421,251.881055,113.9994421,1.420144388,223.97444235,1.419502152,251.881055,223.97444235,262.72800110000003,1.419362582,1.411445,249.9998643,1.361375,42.81394236,163.77582735,42.81394236,1.259888038,149.9999999,163.77582735,149.9999999,212.55394925000002,1.259663641,1.251615,161.88246985,1.2009147745,90.36281163,0.009354042000000003,0.0007378545000000001,123.5753450157137,192.31695409754084,26.00918558934949,599.7799327430525,1.6222058116943354,1219.1996245903474,1.6222321015765282,276.5483177336476,134.05806947848345,1.5719704672704151,922.6655782130601,921.347663337397,1.5713174367689158,272.99478399426266,922.5327537383278,1.5212958395797698,191.54158665591953,1.5211828606514701,273.3591865677591,1.5207709693911333,114.04380098183788,251.72418071034636,113.97361410409376,1.4201388836439552,224.16045413045666,1.419462449800342,251.69611308234693,224.45237313814792,263.4389721343594,1.419413455692743,1.4114380480733724,249.66614332658642,1.3613549984046545,39.9664134465946,161.9541485027291,40.11069335089928,1.2597846242572488,151.45971608499215,162.41410114678925,149.92011485970409,212.6208053735571,1.2595970693071572,1.251623897846523,160.30039804350096,1.200915315550813,90.86911015202426,0.008665713767060046,0.0005427248307048064
123.3085781,190.0,25.50727261,599.9999588,1.622168383,1219.506406,1.622195,276.2319733,135.5788464,1.571980399,923.2876913,922.5406806,1.571315,273.1139313,922.5406806,1.521297889,194.8069316,1.521193381,273.1139313,1.520795,113.9994377,251.881057,113.9994377,1.420144388,223.97443735,1.419502152,251.881057,223.97443735,262.7279935,1.419362582,1.411445,249.99986645,1.361375,42.81394255,163.77582845,42.81394255,1.259888038,149.9999999,163.77582845,149.9999999,212.55395205,1.259663641,1.251615,161.88247085,1.2009147785,90.357798075,0.009354152500000004,0.0007378670000000002,123.57536899331512,192.31239868972432,26.00891861646804,599.7797573242325,1.6222058378241286,1219.1995389015804,1.6222321280643326,276.54823195306,134.05683657704415,1.5719704710871578,922.6640273796289,921.3458561262219,1.5713174390671047,272.99456982222455,922.5313724193193,1.5212958191033643,191.5376271558073,1.5211828171367143,273.35907680242883,1.5207709545828292,114.04305650108864,251.72389353743674,113.97299418403009,1.4201388485284485,224.15983913579964,1.4194624192909655,251.6953451840904,224.45207143017203,263.43926963584045,1.4194134088931223,1.4114380535714122,249.6652200353442,1.3613549685387283,39.963367314176715,161.9518064621008,40.10770501627378,1.2597844357567631,151.46021917674648,162.41210592490737,149.92016082747858,212.61924489531353,1.259596876681092,1.251623897698212,160.29815532628655,1.2009153125871002,90.8748090159696,0.008666523710901744,0.0005421916205151904
123.3085781,190.0,25.50727261,599.9999588,1.622168383,1219.506406,1.622195,276.2319733,135.5788464,1.571980399,923.2876913,922.5406806,1.571315,273.1139313,922.5406806,1.521297889,194.8069316,1.521193381,273.1139313,1.520795,113.99943335,251.881059,113.99943335,1.420144388,223.97443225,1.419502152,251.881059,223.97443225,262.72798595,1.419362582,1.411445,249.9998686,1.361375,42.81394273,163.77582955,42.81394273,1.259888038,149.9999999,163.77582955,149.9999999,212.55395485,1.259663641,1.251615,161.88247185,1.200914783,90.35283572,0.009354260500000001,0.0007378790000000003,123.57539165176048,192.30785388821238,26.008650212096608,599.7795831291666,1.6222058636536445,1219.1994528648386,1.6222321542637392,276.54814896208495,134.05560521480766,1.5719704751706327,922.6624874183399,921.3440576244982,1.5713174415812892,272.994359280221,922.529992842201,1.5212958000825108,191.53371454010576,1.5211827750912246,273.35896841996885,1.5207709414064605,114.04231259700924,251.7236021568654,113.97237541730607,1.4201388140354565,224.15922612606352,1.4194623888077775,251.69458296617717,224.45176906055582,263.4395679865169,1.4194133626865548,1.4114380593312632,249.66430352055147,1.3613549399692328,39.96035547932984,161.9494872384953,40.10474970893851,1.2597842495034781,151.4607171609703,162.41013352004828,149.9202119027836,212.6177043911915,1.259596686187419,1.2516238978122973,160.2959395816177,1.2009153111726008,90.88053653182016,0.008667326160787654,0.0005416646205307243
123.3085781,190.0,25.50727261,599.9999588,1.622168383,1219.506406,1.622195,276.2319733,135.5788464,1.571980399,923.2876913,922.5406806,1.571315,273.1139313,922.5406806,1.521297889,194.8069316,1.521193381,273.1139313,1.520795,113.99942899999999,251.8810609,113.99942899999999,1.420144388,223.97442725,1.419502152,251.8810609,223.97442725,262.7279784,1.419362582,1.411445,249.9998707,1.361375,42.81394292,163.77583065,42.81394292,1.259888038,149.9999999,163.77583065,149.9999999,212.55395765,1.259663641,1.251615,161.88247285,1.200914787,90.34792342,0.009354365999999996,0.0007378910000000001,123.57541275825754,192.30334620876647,26.008380376235195,599.7794103688468,1.6222058892905296,1219.199367089078,1.6222321803147468,276.5480670172147,134.05438770539632,1.571970479130366,922.660962212101,921.3422756707324,1.5713174439313171,272.9941513310992,922.5286245873697,1.5212957809136347,191.52984545992845,1.5211827329722711,273.3588609018028,1.5207709279641468,114.04157561296779,251.7233069893986,113.97176241728032,1.4201387801932759,224.15861874026993,1.4194623581936476,251.69382537669176,224.4514706607814,263.4398714323663,1.4194133165057723,1.4114380649329368,249.66338700575872,1.3613549113037056,39.95738111775499,161.94719539531712,40.10183123973465,1.2597840652991115,151.46120748389833,162.40818190403218,149.92027063938437,212.6161738741302,1.2595964977615197,1.2516238977894802,160.2937498105112,1.2009153091743399,90.88630989071903,0.00866812277387678,0.0005411438136556776
123.3085781,190.0,25.50727261,599.9999588,1.622168383,1219.506406,1.622195,276.2319733,135.5788464,1.571980399,923.2876913,922.5406806,1.571315,273.1139313,922.5406806,1.521297889,194.8069316,1.521193381,273.1139313,1.520795,113.99942469999999,251.88106290000002,113.99942469999999,1.420144388,223.97442215,1.419502152,251.88106290000002,223.97442215,262.7279709,1.419362582,1.411445,249.99987275,1.361375,42.8139431,163.77583175,42.8139431,1.259888038,149.9999999,163.77583175,149.9999999,212.55396045,1.259663642,1.251615,161.88247385,1.200914791,90.34306006,0.009354468000000001,0.0007379025000000002,123.57543153683213,192.2988597419297,26.008111971863766,599.7792390010748,1.622205914661131,1219.1992817482856,1.6222322061025565,276.5479868158523,134.0531709655864,1.5719704831698436,922.6594478780044,921.3404972007471,1.5713174463418236,272.9939468391532,922.5272598163191,1.5212957621394847,191.52601879897986,1.5211826914410242,273.3587551122246,1.5207709149449273,114.04084324228498,251.7230090869517,113.97115287727354,1.4201387472282754,224.15801598595843,1.4194623277366478,251.69307557138046,224.45117325346746,263.44017487821566,1.4194132704539142,1.4114380705237015,249.66247642035927,1.3613548827822262,39.95444232403157,161.94492839734156,40.098946432961206,1.2597838829453807,151.4616875917654,162.40625564026362,149.92031916092412,212.6146508473645,1.2595963111449227,1.251623897823706,160.29158601296714,1.200915307490412,90.89213195785676,0.008668912303991638,0.0005406292988323971
123.3085781,190.0,25.50727261,599.9999588,1.622168383,1219.506406,1.622195,276.2319733,135.5788464,1.571980399,923.2876913,922.5406806,1.571315,273.1139313,922.5406806,1.521297889,194.8069316,1.521193381,273.1139313,1.520795,113.99942039999999,251.8810649,113.99942039999999,1.420144388,223.97441715,1.419502152,251.8810649,223.97441715,262.72796335,1.419362582,1.411445,249.9998748,1.361375,42.813943280000004,163.7758328,42.813943280000004,1.259888038,149.9999999,163.7758328,149.9999999,212.5539632,1.259663642,1.251615,161.88247485,1.200914795,90.338244555,0.009354567500000004,0.0007379135000000002,123.57545016021187,192.2943997908544,26.00784285174734,599.7790692790411,1.6222059397824455,1219.1991967844658,1.6222322316803677,276.54790417357884,134.05196884820302,1.5719704871763236,922.6579467457948,921.3387361496647,1.5713174487264108,272.99374476723017,922.525909851336,1.5212957433900052,191.52224906910138,1.5211826501179233,273.3586513969519,1.5207709019982385,114.04011606163061,251.72271518178337,113.97054795062536,1.4201387146877171,224.15741984804993,1.4194622971225181,251.69233291909404,224.45087617697362,263.44047549341343,1.4194132249693243,1.4114380760762852,249.66157472904976,1.3613548543567788,39.95153973329976,161.94268523047867,40.09609782917899,1.2597837026405683,151.46216259210198,162.40435320760776,149.92038300505538,212.6131502914855,1.2595961269838072,1.2516238978122973,160.28944868847705,1.2009153059411986,90.89798840728074,0.008669696097572592,0.0005401206540485851
123.3085781,190.0,25.50727261,599.9999588,1.622168383,1219.506406,1.622195,276.2319733,135.5788464,1.571980399,923.2876913,922.5406806,1.571315,273.1139313,922.5406806,1.521297889,194.8069316,1.521193381,273.1139313,1.520795,113.99941609999999,251.8810669,113.99941609999999,1.420144388,223.97441215,1.419502152,251.8810669,223.97441215,262.7279559,1.419362582,1.411445,249.9998769,1.361375,42.81394346,163.77583385,42.81394346,1.259888039,149.9999999,163.77583385,149.9999999,212.55396595,1.259663642,1.251615,161.88247575,1.200914799,90.333475835,0.009354664000000002,0.0007379244999999998,123.57546630047432,192.29000347760655,26.00757659461088,599.7789008651583,1.6222059646544733,1219.1991127195806,1.6222322570397805,276.5478234491641,134.05076827002244,1.5719704912295505,922.6564603686353,921.3369855499241,1.5713174510418795,272.99354736249444,922.5245651120238,1.5212957248132182,191.51850836290572,1.5211826092845777,273.3585476816792,1.520770889232876,114.03939291766505,251.72241201975936,113.96994706066597,1.4201386829394507,224.15682767998317,1.4194622666131416,251.69159173948918,224.45058207786116,263.4407817699144,1.4194131797425835,1.4114380815034178,249.66067176715597,1.361354826171411,39.94867080499876,161.9404669088184,40.09328161754679,1.2597835245829565,151.46264269996902,162.40247105674993,149.92045195671713,212.61166471619762,1.2595959444381402,1.2516238978351144,160.2873333416167,1.2009153041899137,90.90388210418148,0.008670473634392934,0.0005396180370665093
123.3085781,190.0,25.50727261,599.9999588,1.622168383,1219.506406,1.622195,276.2319733,135.5788464,1.571980399,923.2876913,922.5406806,1.571315,273.1139313,922.5406806,1.521297889,194.8069316,1.521193381,273.1139313,1.520795,113.9994118,251.88106879999998,113.9994118,1.420144388,223.97440715,1.419502152,251.88106879999998,223.97440715,262.7279484,1.419362582,1.411445,249.999879,1.361375,42.81394364,163.77583495,42.81394364,1.259888039,149.9999999,163.77583495,149.9999999,212.55396875,1.259663642,1.251615,161.88247675000002,1.2009148025,90.32875287499999,0.0093547585,0.0007379355000000001,123.5754805783988,192.28563898327246,26.0073121268369,599.7787337172281,1.6222059892998768,1219.1990289446744,1.6222322821891948,276.5477437708541,134.0495807750656,1.571970495346023,922.6549856401997,921.3352471434154,1.5713174534264667,272.99335289635815,922.5232325659437,1.5212957066064865,191.51482570407566,1.521182568745085,273.35844534927685,1.5207708768422539,114.0386738103883,251.72210990965078,113.96934905405571,1.4201386518136991,224.15623848929778,1.41946223618233,251.69085813367536,224.4502866554681,263.44108295124244,1.4194131346705523,1.4114380869850944,249.65977685229598,1.361354798418187,39.94583617426877,161.93827191122585,40.090499068345025,1.25978334804551,151.4631177003056,162.40061222995988,149.92052856967464,212.6101916247357,1.2595957641541007,1.2516238979377914,160.2852429693355,1.2009153027080572,90.90980445298742,0.008671244705275055,0.0005391210276818277
123.3085781,190.0,25.50727261,599.9999588,1.622168383,1219.506406,1.622195,276.2319733,135.5788464,1.571980399,923.2876913,922.5406806,1.571315,273.1139313,922.5406806,1.521297889,194.8069316,1.521193381,273.1139313,1.520795,113.9994075,251.8810708,113.9994075,1.420144388,223.97440225,1.419502152,251.8810708,223.97440225,262.72794095,1.419362582,1.411445,249.99988109999998,1.361375,42.81394382,163.77583605,42.81394382,1.259888039,149.9999999,163.77583605,149.9999999,212.5539715,1.259663642,1.251615,161.88247775000002,1.200914806,90.32407465,0.009354850500000003,0.0007379465000000001,123.57549827060956,192.28118963850173,26.007022607988247,599.7785693965917,1.6222060138263021,1219.1989474316035,1.6222323070558111,276.54765589805703,134.04838019688503,1.571970499531241,922.6535256668142,921.3335235429743,1.571317455266746,272.9931646531382,922.5219435671211,1.5212956862781033,191.5112178370436,1.521182526601644,273.35836652566957,1.5207708645725162,114.03795124309258,251.7218115864377,113.9687498941058,1.42013862198957,224.1556648471594,1.4194622057515185,251.6901788066972,224.44998792487354,263.44137564061583,1.419413091712884,1.4114380922431404,249.65891370204292,1.3613547689844043,39.94303203026857,161.9360840122626,40.08773557334916,1.2597831733586993,151.4635543941634,162.39878585404665,149.92068690312016,212.60872602356937,1.2595955856147456,1.2516238977666632,160.28318356553262,1.2009153001933917,90.9157869707943,0.008672017089729096,0.0005386294381599517
123.3085781,190.0,25.50727261,599.9999588,1.622168383,1219.506406,1.622195,276.2319733,135.5788464,1.571980399,923.2876913,922.5406806,1.571315,273.1139313,922.5406806,1.521297889,194.8069316,1.521193381,273.1139313,1.520795,113.9994032,251.8810728,113.9994032,1.420144388,223.97439725,1.419502152,251.8810728,223.97439725,262.72793355,1.419362582,1.411445,249.9998831,1.361375,42.81394399,163.77583705,42.81394399,1.259888039,149.9999999,163.77583705,149.9999999,212.55397425,1.259663642,1.251615,161.88247875000002,1.20091481,90.319440175,0.009354939500000001,0.0007379564999999999,123.57551208294954,192.27675620318786,26.006728078924667,599.7784074390668,1.6222060379844632,1219.1988679483852,1.6222323315640303,276.54756139993003,134.04718115790726,1.5719705037192087,922.652068799755,921.3318025553684,1.571317457029267,272.99297450847155,922.5206563101888,1.5212956655056535,191.5076456914673,1.5211824839194723,273.35828735634476,1.5207708518917724,114.0372298291365,251.72150484790126,113.96815131082572,1.4201385926464751,224.15509352076205,1.419462174980259,251.68950579121156,224.44968886345882,263.44166436707695,1.4194130486005063,1.4114380972993734,249.65805139884606,1.36135473921451,39.94025837299816,161.9339113246479,40.085001929942536,1.2597829994650185,151.46398342672543,162.39697570357185,149.92085034409618,212.60727789975934,1.2595954083031313,1.2516238974700409,160.281140644952,1.2009152969602503,90.92180387088743,0.008672784770058251,0.000538143830975672
123.3085781,190.0,25.50727261,599.9999588,1.622168383,1219.506406,1.622195,276.2319733,135.5788464,1.571980399,923.2876913,922.5406806,1.571315,273.1139313,922.5406806,1.521297889,194.8069316,1.521193381,273.1139313,1.520795,113.999399,251.8810747,113.999399,1.420144388,223.97439229999998,1.419502152,251.8810747,223.97439229999998,262.72792615000003,1.419362582,1.411445,249.9998852,1.361375,42.813944164999995,163.77583815,42.813944164999995,1.259888039,149.9999999,163.77583815,149.9999999,212.553977,1.259663642,1.251615,161.88247965,1.2009148135,90.31484848,0.009355025999999995,0.0007379665,123.57552643847143,192.27237579939688,26.006433549861082,599.7782470850816,1.6222060618990028,1219.198789451095,1.622232355851051,276.54747178362504,134.04598673653786,1.5719705078906776,922.6506189219302,921.330089406269,1.5713174587485887,272.99278712954555,922.5193751498725,1.5212956450045778,191.50413047696114,1.521182441616861,273.3582099156078,1.5207708390659676,114.0365136052089,251.7212025274096,113.96755503422494,1.4201385642654492,224.15452318682514,1.419462144785142,251.6888422429647,224.4493891404038,263.4419496967562,1.419413005926472,1.4114381023556066,249.65719587209867,1.3613547096366796,39.93751393217712,161.93176094701104,40.08229686784477,1.2597828278185383,151.46439458293074,162.39518735602994,149.9209984624807,212.60582228565374,1.2595952325423474,1.2516238971277844,160.27911970200108,1.20091529354749,90.92784369250471,0.008673547122391169,0.0005376633844134419
123.3085781,190.0,25.50727261,599.9999588,1.622168383,1219.506406,1.622195,276.2319733,135.5788464,1.571980399,923.2876913,922.5406806,1.571315,273.1139313,922.5406806,1.521297889,194.8069316,1.521193381,273.1139313,1.520795,113.9993947,251.8810767,113.9993947,1.420144388,223.97438735,1.419502152,251.8810767,223.97438735,262.72791875,1.419362582,1.411445,249.9998873,1.361375,42.813944335,163.77583925,42.813944335,1.259888039,149.9999999,163.77583925,149.9999999,212.55397975,1.259663643,1.251615,161.88248065,1.200914817,90.31029863,0.009355110500000003,0.0007379754999999999,123.57553528457682,192.26801660821508,26.006139736542487,599.7780887988189,1.6222060853659592,1219.1987131576445,1.6222323797768743,276.54738286472326,134.04479308476985,1.5719705122546335,922.6491791396661,921.3283675477181,1.571317460632067,272.99260078777223,922.5180966023918,1.5212956251202612,191.50063870466033,1.5211823997795169,273.35812970913025,1.5207708270138212,114.03580257130976,251.72089158121148,113.96696337098278,1.4201385367616033,224.15395715355018,1.4194621147733433,251.68818100893176,224.44909140226972,263.44223615869606,1.4194129631492982,1.4114381075045646,249.65634246299174,1.3613546806350405,39.93479997808587,161.92963085117222,40.07962165733624,1.2597826574278468,151.46480318537078,162.39341726210628,149.92115168839572,212.6043841489045,1.2595950580739221,1.2516238970479245,160.27711873871357,1.200915290808301,90.93389784007461,0.008674304145310932,0.0005371880854291762
123.3085781,190.0,25.50727261,599.9999588,1.622168383,1219.506406,1.622195,276.2319733,135.5788464,1.571980399,923.2876913,922.5406806,1.571315,273.1139313,922.5406806,1.521297889,194.8069316,1.521193381,273.1139313,1.520795,113.9993905,251.8810786,113.9993905,1.420144388,223.97438245,1.419502152,251.8810786,223.97438245,262.72791135,1.419362582,1.411445,249.9998893,1.361375,42.813944504999995,163.77584025,42.813944504999995,1.259888039,149.9999999,163.77584025,149.9999999,212.55398245,1.259663643,1.251615,161.88248155000002,1.20091482,90.30578969499999,0.009355193000000003,0.0007379855000000001,123.57554583782535,192.26371575170845,26.005851649183818,599.7779317785088,1.6222061086006259,1219.1986373281604,1.6222324034618996,276.5472967354341,134.04360943782,1.5719705167918279,922.6477525592888,921.3266639790153,1.571317462576024,272.9924144459989,922.5168328609785,1.5212956056553408,191.4972083286116,1.5211823586400741,273.3580574541569,1.5207708155177417,114.0350973041089,251.7205890503367,113.96637632109923,1.4201385102764184,224.15339211273567,1.419462085128181,251.68753092520228,224.4487930024953,263.4425180915934,1.4194129209651776,1.4114381127080664,249.65549837150286,1.3613546521615771,39.93211651072441,161.92752407940114,40.07697629841696,1.2597824895487324,151.46520668028035,162.39166643589076,149.92131002184124,212.6029510056856,1.2595948860609785,1.2516238969794733,160.2751412515305,1.2009152882936354,90.93997490916865,0.008675055318478604,0.000536718151103258
123.3085781,190.0,25.50727261,599.9999588,1.622168383,1219.506406,1.622195,276.2319733,135.5788464,1.571980399,923.2876913,922.5406806,1.571315,273.1139313,922.5406806,1.521297889,194.8069316,1.521193381,273.1139313,1.520795,113.9993863,251.8810805,113.9993863,1.420144388,223.97437754999999,1.419502152,251.8810805,223.97437754999999,262.72790405,1.419362582,1.411445,249.9998913,1.361375,42.81394467,163.77584135,42.81394467,1.259888039,149.9999999,163.77584135,149.9999999,212.5539852,1.259663643,1.251615,161.88248255000002,1.2009148235,90.30132078,0.009355272499999998,0.0007379944999999998,123.57555390795656,192.25943610781098,26.00556105671768,599.777775813159,1.622206131693652,1219.1985617306593,1.6222324270013257,276.54721130354807,134.04243271728276,1.5719705211942812,922.6463352978908,921.3249665069285,1.5713174644163033,272.99223104282504,922.5155699905105,1.5212955860917392,191.49380697624568,1.5211823174394121,273.3579820877254,1.5207708040337509,114.03439376691753,251.72028378448186,113.96579042455534,1.4201384838478257,224.15283104176294,1.419462055352077,251.6868818933882,224.44849592600147,263.44279889223014,1.419412878677917,1.4114381177970259,249.65465555059825,1.3613546234480338,39.929460354391715,161.9254345471584,40.07435825052614,1.259782322462748,151.4655948525984,162.38993589147324,149.9214555864605,212.6015228559971,1.2595947150819218,1.2516238968197535,160.27318174604451,1.2009152855544463,90.94606057383427,0.00867580126313476,0.000536252878753506
123.3085781,190.0,25.50727261,599.9999588,1.622168383,1219.506406,1.622195,276.2319733,135.5788464,1.571980399,923.2876913,922.5406806,1.571315,273.1139313,922.5406806,1.521297889,194.8069316,1.521193381,273.1139313,1.520795,113.99938205,251.8810825,113.99938205,1.420144388,223.97437265,1.419502152,251.8810825,223.97437265,262.7278967,1.419362582,1.411445,249.99989340000002,1.361375,42.81394484,163.77584235,42.81394484,1.25988804,149.9999999,163.77584235,149.9999999,212.55398795,1.259663643,1.251615,161.88248355000002,1.2009148265,90.296891015,0.00935535,0.0007380034999999997,123.5755625212697,192.25519358597953,26.005276190211468,599.7776208605713,1.6222061546110442,1219.198486191154,1.622232450400753,276.5471263947144,134.04126215355672,1.571970525629732,922.6449281320532,921.323277744293,1.5713174662652223,272.9920452196281,922.5143175713843,1.5212955668735226,191.49044804310847,1.5211822766550418,273.3579079313054,1.5207707927189975,114.03369599642444,251.71997578364693,113.9652079880304,1.4201384580700442,224.15227427145214,1.4194620256807262,251.68623917306667,224.4481991803278,263.4430813912578,1.419412836519581,1.4114381228750765,249.65381950614312,1.3613545951186183,39.926834049648605,161.92336783193844,40.07176751366378,1.2597821572273993,151.46598302491645,162.38822512180883,149.92160115107978,212.60010968689974,1.2595945457829314,1.2516238967170767,160.2712417207303,1.2009152827254477,90.9521605644525,0.008676541562702917,0.0005357927161266462
123.3085781,190.0,25.50727261,599.9999588,1.622168383,1219.506406,1.622195,276.2319733,135.5788464,1.571980399,923.2876913,922.5406806,1.571315,273.1139313,922.5406806,1.521297889,194.8069316,1.521193381,273.1139313,1.520795,113.99937785,251.8810844,113.99937785,1.420144388,223.97436775,1.419502152,251.8810844,223.97436775,262.7278894,1.419362582,1.411445,249.9998954,1.361375,42.813945000000004,163.77584345000002,42.813945000000004,1.25988804,149.9999999,163.77584345000002,149.9999999,212.55399065,1.259663643,1.251615,161.88248445,1.20091483,90.29249953,0.0093554255,0.0007380125,123.57556981542677,192.25096167045265,26.004989176470286,599.7774671739361,1.6222061773754652,1219.198411057619,1.6222324736181815,276.5470418345823,134.04009158983064,1.5719705299826887,922.6435256257054,921.321591594493,1.571317468079582,272.99186095216027,922.5130686360385,1.5212955475072838,191.48710473810817,1.5211822361033056,273.35783256487395,1.5207707812833602,114.03300053261069,251.7196623128518,113.96462901152442,1.4201384328015934,224.1517218018033,1.4194619959046224,251.6855968735113,224.44790574285565,263.443368419328,1.4194127943870303,1.411438127854948,249.65297964993516,1.3613545668852347,39.92423442079406,161.9213193703367,40.069204087829874,1.2597819933139334,151.46636098217348,162.38652753531315,149.92174160816853,212.59869651780238,1.2595943777762997,1.251623896477497,160.26931967711312,1.2009152796270206,90.95827774621384,0.00867727611191416,0.000535337421371515
123.3085781,190.0,25.50727261,599.9999588,1.622168383,1219.506406,1.622195,276.2319733,135.5788464,1.571980399,923.2876913,922.5406806,1.571315,273.1139313,922.5406806,1.521297889,194.8069316,1.521193381,273.1139313,1.520795,113.9993737,251.8810863,113.9993737,1.420144388,223.97436290000002,1.419502152,251.8810863,223.97436290000002,262.7278821,1.419362582,1.411445,249.9998974,1.361375,42.813945165,163.77584445000002,42.813945165,1.25988804,149.9999999,163.77584445000002,149.9999999,212.55399334999998,1.259663643,1.251615,161.8824854,1.200914833,90.28814549,0.009355499500000003,0.0007380205000000001,123.5755764112071,192.2467191486212,26.004699657621636,599.7773153862297,1.6222061998509398,1219.198337055002,1.6222324965892119,276.54695518224077,134.03892872211856,1.5719705345583805,922.6421176832862,921.3198984771319,1.5713174698766623,272.99167875899786,922.5118188297478,1.5212955291278596,191.48382506195094,1.5211821962127388,273.3577535684079,1.5207707701378446,114.03230622213657,251.71934274094724,113.96404945834863,1.4201384088347646,224.15117594855744,1.4194619669141677,251.68495941276683,224.44761362866407,263.4436594103104,1.4194127516356412,1.4114381329057266,249.65214911134527,1.361354539660186,39.92166273810848,161.9192840919037,40.06666733788423,1.2597818309867268,151.4667772459093,162.3848542869751,149.92192037173606,212.59732829047843,1.2595942115789702,1.2516238963177775,160.26741611468458,1.2009152770000933,90.96440352354675,0.008678005532227303,0.0005348866389574004
123.3085781,190.0,25.50727261,599.9999588,1.622168383,1219.506406,1.622195,276.2319733,135.5788464,1.571980399,923.2876913,922.5406806,1.571315,273.1139313,922.5406806,1.521297889,194.8069316,1.521193381,273.1139313,1.520795,113.9993695,251.8810882,113.9993695,1.420144388,223.97435805,1.419502152,251.8810882,223.97435805,262.72787485000003,1.419362582,1.411445,249.9998995,1.361375,42.813945325000006,163.7758455,42.813945325000006,1.25988804,149.9999999,163.7758455,149.9999999,212.55399605,1.259663643,1.251615,161.88248635000002,1.200914836,90.28382809,0.009355570499999999,0.0007380290000000002,123.57558362776675,192.2424023826577,26.004404770685557,599.7771673541823,1.622206221827841,1219.1982665611297,1.622232519089846,276.54686225327083,134.0377489231757,1.5719705394228025,922.6406747946957,921.3181618125136,1.5713174716219036,272.9914976029882,922.5105603140054,1.5212955123520093,191.48062910795565,1.5211821574730968,273.3576709419073,1.5207707591857436,114.03161075832281,251.71900002690344,113.96346471514438,1.420138387103331,224.15064200483693,1.4194619388926801,251.68432132087312,224.44732548431426,263.4439702158539,1.4194127079302106,1.4114381380274124,249.65132577273292,1.3613545147879196,39.919117731311474,161.91725591210002,40.064154723266064,1.2597816707084386,151.4672701226026,162.3832013204351,149.92217319449585,212.59601748875386,1.2595940474494147,1.2516238960667894,160.26552454005406,1.200915275046737,90.97053216607017,0.008678727018920236,0.0005344405871353785
123.3085781,190.0,25.50727261,599.9999588,1.622168383,1219.506406,1.622195,276.2319733,135.5788464,1.571980399,923.2876913,922.5406806,1.571315,273.1139313,922.5406806,1.521297889,194.8069316,1.521193381,273.1139313,1.520795,113.9993653,251.8810901,113.9993653,1.420144388,223.9743532,1.419502152,251.8810901,223.9743532,262.72786759999997,1.419362582,1.411445,249.9999015,1.361375,42.813945485000005,163.77584654999998,42.813945485000005,1.25988804,149.9999999,163.77584654999998,149.9999999,212.55399875,1.259663643,1.251615,161.88248725,1.2009148385000001,90.27954651499999,0.00935564,0.0007380374999999996,123.57559068913157,192.23810682930338,26.004108810131992,599.7770210944685,1.622206243572452,1219.1981971981752,1.6222325413188818,276.5467722882643,134.03657220263847,1.5719705442157297,922.6392342358499,921.3164338573467,1.5713174732721071,272.99131852128403,922.5093009273179,1.5212954953787963,191.47746441023415,1.5211821187212111,273.3575903897122,1.5207707480281396,114.03091817785818,251.7186566817104,113.96288400862893,1.4201383658246354,224.1501120309582,1.4194619110021343,251.68368743664112,224.44703932488537,263.4442773415503,1.419412664095855,1.4114381430345557,249.6505028576487,1.361354489771605,39.916600035543226,161.9152464929595,40.06166941967635,1.2597815117520332,151.46775533800016,162.38156356524362,149.9224234634904,212.59471667409002,1.2595938851291613,1.2516238957017158,160.263656441528,1.2009152725545238,90.97666653897464,0.008679442958297348,0.0005339993119037436
123.3085781,190.0,25.50727261,599.9999588,1.622168383,1219.506406,1.622195,276.2319733,135.5788464,1.571980399,923.2876913,922.5406806,1.571315,273.1139313,922.5406806,1.521297889,194.8069316,1.521193381,273.1139313,1.520795,113.9993612,251.881092,113.9993612,1.420144388,223.97434835,1.419502152,251.881092,223.97434835,262.72786035,1.419362582,1.411445,249.99990350000002,1.361375,42.813945645000004,163.77584754999998,42.813945645000004,1.25988804,149.9999999,163.77584754999998,149.9999999,212.5540014,1.259663644,1.251615,161.88248825,1.2009148415,90.2753,0.0093557075,0.0007380450000000002,123.57559604335324,192.23383779171047,26.003814638940902,599.7768765648899,1.6222062650224514,1219.19812908213,1.6222325633267192,276.5466809284515,134.0354062565208,1.5719705489206626,922.6378107617991,921.3147207082473,1.5713174748359124,272.9911397852974,922.5080546048077,1.5212954785042645,191.47432873619547,1.5211820801652274,273.357504997471,1.5207707367254748,114.0302302107522,251.71831060153724,113.96230676213243,1.420138344800605,224.14958801184216,1.419461882980647,251.68305923275236,224.44675415791693,263.44458475031183,1.4194126203388546,1.4114381479653375,249.64968502490154,1.3613544647552906,39.91410965080375,161.91325735561705,40.0592114271151,1.2597813540514164,151.46823544586724,162.37994609185017,149.9226788400154,212.59343084001733,1.2595937239720307,1.251623895291008,160.2618068241906,1.2009152700623107,90.98280377706962,0.008680153037433889,0.000533563144980001
123.3085781,190.0,25.50727261,599.9999588,1.622168383,1219.506406,1.622195,276.2319733,135.5788464,1.571980399,923.2876913,922.5406806,1.571315,273.1139313,922.5406806,1.521297889,194.8069316,1.521193381,273.1139313,1.520795,113.999357,251.8810939,113.999357,1.420144388,223.97434355000001,1.419502152,251.8810939,223.97434355000001,262.72785315,1.419362582,1.411445,249.9999055,1.361375,42.8139458,163.77584854999998,42.8139458,1.25988804,149.9999999,163.77584854999998,149.9999999,212.55400405,1.259663644,1.251615,161.88248915,1.200914844,90.27108777500001,0.009355773000000001,0.0007380525000000002,123.57560062160077,192.229595269879,26.003518320514843,599.7767332590653,1.6222062863138136,1219.1980613430571,1.622232585155358,276.54658852253397,134.0342441584101,1.571970553573349,922.6363942769825,921.3130127848187,1.571317476339239,272.99096225932226,922.5068135079684,1.521295461506381,191.4712209695441,1.5211820417316826,273.3574216795352,1.520770725362368,114.02954628033501,251.71796178638402,113.9617329756549,1.4201383241727208,224.149065977647,1.4194618550639126,251.68243229116212,224.44646965258877,263.44489385746436,1.419412576813918,1.4114381527761224,249.64887185096345,1.3613544395949284,39.91164530681263,161.91128393666807,40.05677820502152,1.2597811976726825,151.4687053386733,162.37834078753556,149.92292400147943,212.59214999947503,1.2595935639780231,1.2516238948004403,160.25997319058388,1.2009152673231216,90.9889524759267,0.008680857670305029,0.0005331313891170168
123.3085781,190.0,25.50727261,599.9999588,1.622168383,1219.506406,1.622195,276.2319733,135.5788464,1.571980399,923.2876913,922.5406806,1.571315,273.1139313,922.5406806,1.521297889,194.8069316,1.521193381,273.1139313,1.520795,113.99935289999999,251.8810958,113.99935289999999,1.420144388,223.97433875,1.419502152,251.8810958,223.97433875,262.72784595,1.419362582,1.411445,249.9999075,1.361375,42.813945954999994,163.77584965,42.813945954999994,1.259888041,149.9999999,163.77584965,149.9999999,212.55400674999999,1.259663644,1.251615,161.88249005,1.200914847,90.266909095,0.009355836499999999,0.0007380599999999999,123.57560333751032,192.2253845669613,26.003224149323756,599.7765911347964,1.6222063073898827,1219.1979940969486,1.6222326068047983,276.54649559356403,134.0330874475092,1.5719705582755321,922.6349847814004,921.3113187965124,1.571317477877125,272.99078369619446,922.5055750239645,1.5212954448785532,191.4681600873034,1.521182003481796,273.3573407816225,1.5207707143014713,114.02886696327646,251.71761318161387,113.96116322586614,1.4201383038277977,224.14854989821455,1.4194618270948018,251.6818074534027,224.4461871321815,263.4452023984866,1.4194125334694763,1.4114381575269088,249.64806079466578,1.3613544145786138,39.90920827385028,161.90932927838227,40.054371023676005,1.2597810428802079,151.46917267771408,162.37675525797403,149.92317937800448,212.59088164275866,1.2595934055994638,1.2516238942870557,160.25816003613213,1.20091526456148,90.99511263554584,0.008681557790352392,0.0005327042624378288
123.3085781,190.0,25.50727261,599.9999588,1.622168383,1219.506406,1.622195,276.2319733,135.5788464,1.571980399,923.2876913,922.5406806,1.571315,273.1139313,922.5406806,1.521297889,194.8069316,1.521193381,273.1139313,1.520795,113.9993488,251.8810977,113.9993488,1.420144388,223.97433395,1.419502152,251.8810977,223.97433395,262.7278388,1.419362582,1.411445,249.9999095,1.361375,42.81394611,163.77585065,42.81394611,1.259888041,149.9999999,163.77585065,149.9999999,212.55400939999998,1.259663644,1.251615,161.882491,1.2009148495,90.262763245,0.009355898499999996,0.0007380674999999999,123.57560807095267,192.22118447034816,26.002929262387674,599.7764499810911,1.6222063283469739,1219.1979268218422,1.6222326283058395,276.54640684901307,134.03193843262227,1.5719705629199692,922.6335838282156,921.309630033877,1.5713174793804516,272.9906108374066,922.5043426365768,1.5212954281520437,191.46512041467707,1.5211819655380063,273.35726057514495,1.520770703337282,114.02818995289722,251.7172660495253,113.96059520608688,1.4201382838224283,224.14803448042238,1.4194617992304441,251.68119082058357,224.4459056042347,263.44551037337845,1.4194124903570984,1.4114381622940584,249.64725990304237,1.3613543898023792,39.90679474107548,161.9073938878046,40.051987977657966,1.259780889343522,151.4696298016939,162.37518493976103,149.92341687817276,212.5896082925119,1.2595932487071169,1.251623893796488,160.25636386439425,1.2009152617998384,91.00127566035552,0.008682253915837298,0.0005322812982206162
123.3085781,190.0,25.50727261,599.9999588,1.622168383,1219.506406,1.622195,276.2319733,135.5788464,1.571980399,923.2876913,922.5406806,1.571315,273.1139313,922.5406806,1.521297889,194.8069316,1.521193381,273.1139313,1.520795,113.99934465,251.8810996,113.99934465,1.420144388,223.9743292,1.419502152,251.8810996,223.9743292,262.72783165,1.419362582,1.411445,249.9999115,1.361375,42.81394626,163.77585165,42.81394626,1.259888041,149.9999999,163.77585165,149.9999999,212.55401204999998,1.259663644,1.251615,161.88249195,1.200914852,90.258649505,0.009355958999999999,0.0007380745,123.57560900212167,192.21703210210563,26.002638312049044,599.7763098823461,1.622206349134097,1219.1978597787188,1.6222326496668817,276.54631235088607,134.03079480494512,1.5719705675121596,922.6321929705914,921.3079525935285,1.5713174808664987,272.99043417572545,922.5031172167502,1.521295411474875,191.46210195166512,1.5211819276431924,273.35717864007955,1.5207706922159432,114.0275169792068,251.71691386824273,113.96003064632657,1.4201382641283165,224.1475256790332,1.4194617711042037,251.68057292546592,224.44562705366923,263.44582004666125,1.4194124473220755,1.4114381669303022,249.64645519966612,1.3613543648820967,39.90440788418924,161.90547421562042,40.0496303372478,1.2597807373270011,151.4700869256737,162.37363186107635,149.92367480846303,212.5883524196215,1.2595930931717467,1.2516238932146522,160.25458517486183,1.2009152588810303,91.00745014592727,0.008682943137128878,0.0005318627719624264
123.3085781,190.0,25.50727261,599.9999588,1.622168383,1219.506406,1.622195,276.2319733,135.5788464,1.571980399,923.2876913,922.5406806,1.571315,273.1139313,922.5406806,1.521297889,194.8069316,1.521193381,273.1139313,1.520795,113.9993406,251.8811015,113.9993406,1.420144388,223.97432445,1.419502152,251.8811015,223.97432445,262.72782455,1.419362582,1.411445,249.9999135,1.361375,42.81394641,163.77585265,42.81394641,1.259888041,149.9999999,163.77585265,149.9999999,212.55401469999998,1.259663644,1.251615,161.88249285,1.2009148545000001,90.25456719,0.009356017000000003,0.0007380814999999998,123.57560830374491,192.21289564331997,26.002347361710413,599.776170669768,1.6222063697569171,1219.1977929385807,1.6222326708683252,276.54621785275907,134.02966503009313,1.5719705720411044,922.6308199743438,921.3062882173572,1.5713174823093468,272.9902582054794,922.5019031192105,1.521295394921058,191.45911809381343,1.521181890397304,273.35709826074316,1.520770681638583,114.02684631219567,251.71656400117408,113.95946781657574,1.4201382449435351,224.14702183994626,1.4194617430041512,251.6799600795423,224.44534817228362,263.44613283366084,1.419412404441762,1.4114381715283653,249.64565811979554,1.3613543401538781,39.902045797770946,161.90357381114435,40.0472968321651,1.2597805863679867,151.47052872706203,162.37209348669526,149.92391996992706,212.58709904349627,1.2595929388641174,1.251623892632816,160.25282196956854,1.2009152561642935,91.01363322707059,0.008683627322574366,0.0005314487875799817
123.3085781,190.0,25.50727261,599.9999588,1.622168383,1219.506406,1.622195,276.2319733,135.5788464,1.571980399,923.2876913,922.5406806,1.571315,273.1139313,922.5406806,1.521297889,194.8069316,1.521193381,273.1139313,1.520795,113.9993365,251.8811033,113.9993365,1.420144388,223.97431970000002,1.419502152,251.8811033,223.97431970000002,262.72781745,1.419362582,1.411445,249.9999154,1.361375,42.81394656,163.77585365,42.81394656,1.259888041,149.9999999,163.77585365,149.9999999,212.55401734999998,1.259663644,1.251615,161.88249374999998,1.200914857,90.25051562,0.009356073500000003,0.0007380880000000002,123.57560488945863,192.20878570029575,26.002061421586713,599.7760325965471,1.622206390215435,1219.197726301428,1.6222326919633696,276.5461196932655,134.02853910324814,1.5719705765068035,922.6294516375857,921.3046273249664,1.5713174838040338,272.99007566659947,922.5006916345063,1.5212953783179004,191.4561509803941,1.5211818531636596,273.3570130413608,1.5207706710128692,114.02618083521301,251.71620571878208,113.95890729350421,1.420138225560681,224.1465259405429,1.4194617144588977,251.67934555055402,224.44507689976143,263.44644731905134,1.4194123611488898,1.4114381759955226,249.64486188698112,1.3613543151375638,39.8997072115402,161.90168861801683,40.044986192129485,1.2597804363342902,151.47095775962407,162.37056677434802,149.9241600238606,212.58585315766663,1.2595927848149597,1.251623892028163,160.2510692535985,1.2009152530434142,91.0198163082139,0.008684305120313335,0.0005310391643192332
123.3085781,190.0,25.50727261,599.9999588,1.622168383,1219.506406,1.622195,276.2319733,135.5788464,1.571980399,923.2876913,922.5406806,1.571315,273.1139313,922.5406806,1.521297889,194.8069316,1.521193381,273.1139313,1.520795,113.9993324,251.8811052,113.9993324,1.420144388,223.97431495,1.419502152,251.8811052,223.97431495,262.72781035,1.419362582,1.411445,249.99991740000002,1.361375,42.813946709999996,163.77585464999999,42.813946709999996,1.259888041,149.9999999,163.77585464999999,149.9999999,212.55401999999998,1.259663644,1.251615,161.88249465,1.2009148595,90.246494145,0.009356128500000001,0.0007380945000000003,123.57559852647056,192.20471818248984,26.001776555080504,599.7758955782867,1.622206410447328,1219.197660273231,1.6222327128652152,276.54602048766725,134.02741779401154,1.5719705810274989,922.6280926198067,921.302968174466,1.5713174853591994,272.98989347343706,922.4994766660215,1.5212953622328205,191.45320507658917,1.5211818163340634,273.3569288591311,1.5207706608827802,114.02551997158899,251.7158388106836,113.95835138379131,1.4201382063193073,224.1460340109813,1.4194616861231506,251.67872933850106,224.44480926626088,263.44676406896315,1.4194123178044478,1.4114381805063152,249.6440614188858,1.361354290361329,39.897391490356796,161.89981610101307,40.04270095770173,1.259780287424194,151.47138168465563,162.36905375221448,149.92439497026362,212.58460976860215,1.259592631799689,1.2516238915832296,160.24933002390125,1.200915250191963,91.02600511973826,0.008684978918658283,0.0005306335515348844
123.3085781,190.0,25.50727261,599.9999588,1.622168383,1219.506406,1.622195,276.2319733,135.5788464,1.571980399,923.2876913,922.5406806,1.571315,273.1139313,922.5406806,1.521297889,194.8069316,1.521193381,273.1139313,1.520795,113.9993283,251.8811071,113.9993283,1.420144388,223.97431025,1.419502152,251.8811071,223.97431025,262.72780324999997,1.419362582,1.411445,249.9999194,1.361375,42.813946855,163.77585564999998,42.813946855,1.259888041,149.9999999,163.77585564999998,149.9999999,212.55402265,1.259663645,1.251615,161.88249555,1.200914862,90.24250211,0.009356182,0.0007381010000000002,123.57559092192382,192.20067718044538,26.001494193681758,599.7757594883915,1.6222064305262498,1219.1975943900231,1.6222327336046622,276.54592407168155,134.0263041807889,1.5719705855591934,922.6267460273331,921.3013229590878,1.5713174869316444,272.9897123174274,922.4982712779333,1.521295346320433,191.45028708017156,1.521181780226856,273.35684571405415,1.5207706510428132,114.02486256798394,251.71547316488366,113.95779662741805,1.4201381875589678,224.14554704372196,1.4194616578659685,251.67811354721425,224.44454295604092,263.44708195113554,1.4194122745373607,1.4114381850171078,249.64326857429614,1.36135426587319,39.89509990450114,161.89796031649269,40.04043858832107,1.2597801401664512,151.47179794839144,162.36755695551935,149.92463502419716,212.58337636659846,1.2595924802060128,1.2516238911497046,160.24760877590106,1.200915247340512,91.03217960531,0.008685646846234511,0.0005302319973168461
