air,second_air2,COG,burner_input_T_PV,burner_inputP,burner_output_T_PV,burner_output_P_PV,fur_F,fur_inputT,fur_inputP,fur_temp,fur_outputT,fur_outputP_PV,WHB_F,WHB_inputT,WHB_inputP,WHB_outputT,WHB_outputP,SEP1_F,SEP1_P_PV,SEP1_T,HEATER1_F,HEATER1_input_T,HEATER1_input_P,HEATER1_output_T_PV,HEATER1_output_P,cat1_F,cat1_input_temp,cat1_output_temp,cat1_input_P,cat1_output_P_PV,SEP2_F,SEP2_P_PV,SEP2_T,HEATER2_F,HEATER2_input_T,HEATER2_input_P,HEATER2_output_T_PV,cat2_F,cat2_input_temp,cat2_output_temp,cat2_input_P,cat2_output_P_PV,SEP3_F,SEP3_P_PV,SEP3_T,B35_H2S,B35_SO2,air_pred,second_air2_pred,COG_pred,burner_input_T_PV_pred,burner_inputP_pred,burner_output_T_PV_pred,burner_output_P_PV_pred,fur_F_pred,fur_inputT_pred,fur_inputP_pred,fur_temp_pred,fur_outputT_pred,fur_outputP_PV_pred,WHB_F_pred,WHB_inputT_pred,WHB_inputP_pred,WHB_outputT_pred,WHB_outputP_pred,SEP1_F_pred,SEP1_P_PV_pred,SEP1_T_pred,HEATER1_F_pred,HEATER1_input_T_pred,HEATER1_input_P_pred,HEATER1_output_T_PV_pred,HEATER1_output_P_pred,cat1_F_pred,cat1_input_temp_pred,cat1_output_temp_pred,cat1_input_P_pred,cat1_output_P_PV_pred,SEP2_F_pred,SEP2_P_PV_pred,SEP2_T_pred,HEATER2_F_pred,HEATER2_input_T_pred,HEATER2_input_P_pred,HEATER2_output_T_PV_pred,cat2_F_pred,cat2_input_temp_pred,cat2_output_temp_pred,cat2_input_P_pred,cat2_output_P_PV_pred,SEP3_F_pred,SEP3_P_PV_pred,SEP3_T_pred,B35_H2S_pred,B35_SO2_pred
123.27663916961347,280.0000115255955,37.64091046526622,599.9999570566386,1.6221371509663127,1219.5064230804705,1.6221949759484435,282.05418338332515,158.47860830158794,1.5720221097769036,947.1878799286899,949.2404635693981,1.5713151177959488,278.76152391917265,949.2404635693958,1.5213185837989716,241.4671771212821,1.5212075320717169,278.76152391917265,1.5207950763677198,128.87574779884562,261.1988958628323,128.87574779887734,1.4209239825414477,234.65714823866492,1.4202119080526137,261.1988958628323,234.65714823866523,271.22747016175094,1.4200596757280928,1.4114450445462188,259.35396034530356,1.3613752606688236,50.782654211738596,174.13984853145845,50.78265421173994,1.2618946417022638,209.99991718293722,174.13984853145845,209.99991718293722,265.12744973738256,1.2616232196117032,1.251615007997676,172.32251142973922,1.2009142733234737,155.19449093072694,0.007433986668862553,0.00416239343746195,122.97117735744841,281.23121223527926,37.49346713108169,599.9748161183823,1.622143737321148,1219.456268055104,1.6222043866881353,282.02210814075323,155.4824340566266,1.5720070226551497,944.381770615121,946.379307872543,1.5713197970204504,278.26425899185534,946.0657221850466,1.521286167426332,237.73030078411242,1.521204760900153,278.8540673503919,1.5207750577795849,127.86948146871389,260.9730485803681,128.08358295642674,1.4208975910400454,234.5556615107274,1.4201919342301268,260.8533187257448,234.58311296669254,271.2147479635528,1.4199339630323173,1.4114406804235617,258.72280156838275,1.3613283583165467,50.42607444735197,173.24886126491302,50.55218096679434,1.2618050539575312,210.51087432334867,173.1250490006171,210.64161178157366,266.02086772432034,1.2615607001246754,1.2516131751109996,171.10816818185558,1.2008850802775746,151.7527870155688,0.007227689530445503,0.003953835267794329
123.27677850933077,279.9999969846647,37.6409069284493,599.9999585425174,1.6221371725321796,1219.5064014293953,1.622194997505203,282.054403642701,158.47854348337466,1.5720219920861611,947.1880167182827,949.2406518469411,1.5713149988882404,278.76172910518915,949.2406518469409,1.5213185466994945,241.46795881777595,1.5212074947901137,278.76172910518915,1.5207950387462716,128.88072075206975,261.1979051729295,128.88072075210414,1.420924004755344,234.6624121993401,1.420211927153304,261.1979051729295,234.66241219934017,271.23455163674583,1.4200596944011152,1.411445011845366,259.3528829730422,1.3613750322194884,50.78392794528613,174.14029186724224,50.78392794528887,1.2618945601850593,210.0001017607933,174.14029186724224,210.0001017607933,265.1244518775394,1.2616231373006022,1.2516149695221415,172.32305503437988,1.2009140600666108,155.15950991242244,0.007434008405623548,0.004162180307161051,122.97037414659927,281.2219476282298,37.49220598840846,599.9749063069493,1.6221437437034578,1219.45626164657,1.6222043901503096,282.0201888872809,155.47680827040864,1.5720069954594824,944.3770241484551,946.372821073106,1.5713197883028835,278.2616280811044,946.0592179666635,1.5212860275330107,237.71627118236154,1.5212046055008057,278.8518215690203,1.5207748980433138,127.87184350833344,260.96823291157585,128.0859934363022,1.4208972997030118,234.5604835452194,1.4201915879159681,260.850034645804,234.5876974723176,271.22258264099537,1.4199336999746155,1.41144065169794,258.7181190417891,1.361328175915924,50.427647372066914,173.24793235856293,50.553694823453185,1.261804833070917,210.5120873618426,173.12351924600017,210.64327172898638,266.0210549817096,1.2615605085971153,1.2516131445303837,171.10643194910784,1.2008849508621124,151.7415554687283,0.007227595710657664,0.003954147431188125
123.2767789917772,279.9999999281637,37.64090745965857,599.999958490994,1.6221371751143137,1219.5064046528055,1.6221950000887695,282.05440434873657,158.4785441640484,1.5720219920712117,947.1880189136058,949.2406545507994,1.5713149988687363,278.76172968421656,949.2406545507987,1.5213185292644902,241.4679634517918,1.521207477353149,278.76172968421656,1.5207950213065562,128.88563088905354,261.1963215691359,128.88563088908933,1.420924034139103,234.66779107406148,1.4202119547010255,261.1963215691359,234.66779107406117,271.2417969135929,1.420059721802465,1.41144501246989,259.351211380466,1.3613750180173847,50.78518578005597,174.14055572137693,50.7851857800612,1.2618944957929386,210.0001053633919,174.14055572137693,210.0001053633919,265.1213268076797,1.2616230727495004,1.2516149723343917,172.32342204803285,1.200914056756086,155.12464962725517,0.007434026962585497,0.004161960230714049,122.96935505973984,281.2162838615849,37.491305581210426,599.974989891464,1.6221437278170874,1219.45627072291,1.622204371425448,282.01831670852124,155.4727201477835,1.5720070051140818,944.3734596389661,946.3677243021198,1.571319817898548,278.25866389861045,946.0540776483858,1.521286109228934,237.70310112813996,1.5212046653978752,278.849627645285,1.520774958993085,127.87438892895861,260.96313280485407,128.0885774937955,1.420897058053996,234.56560067128436,1.42019129554972,260.84582698412447,234.59264588010652,271.23097439066885,1.4199334818858051,1.4114406688138614,258.7130455987659,1.361328196646814,50.42925491192298,173.24689190232365,50.5552350384302,1.261804625006566,210.51339999718124,173.12191292759564,210.64538624661364,266.02105997523995,1.2615603797489523,1.2516131609016516,171.10491099723302,1.200885018151866,151.73172213486183,0.007227465748484272,0.0039544083627839725
123.27677871261437,280.00000000649004,37.640907536119215,599.9999587656632,1.6221371750571414,1219.5064058244961,1.6221950000316414,282.0544037550219,158.4785444397437,1.5720219925310979,947.1880191482308,949.2406548191956,1.571314999331682,278.76172909529373,949.2406548191956,1.5213185206374877,241.46796210146624,1.5212074687259651,278.76172909529373,1.5207950126795078,128.8904871738414,261.1945945197314,128.89048717388116,1.4209240522641462,234.673175807798,1.4202119717309831,261.1945945197314,234.6731758077977,271.2491073655067,1.4200597388223875,1.4114450098076519,259.3493942491417,1.3613750155547137,50.78642495033241,174.14080371210176,50.78642495033962,1.2618944270642656,210.00010530868417,174.14080371210176,210.00010530868417,265.1182267428238,1.2616230039106207,1.2516149719753198,172.3237724568807,1.2009140586953202,155.0899093861479,0.007434038197219798,0.0041617407889177485,122.96836204561205,281.2115057213722,37.49054259705057,599.9750543073477,1.6221437148938311,1219.4562571084002,1.622204355578965,282.01656936492566,155.46907685476626,1.5720070126843215,944.3702352722127,946.3630177145583,1.5713198450556263,278.25575641379896,946.0493431905483,1.5212861988317103,237.69059861862297,1.521204734600295,278.8476065803375,1.5207750246331602,127.87695510969762,260.9579952499434,128.0911782747138,1.4208968212153232,234.57072970687466,1.4201910088401457,260.84141188472415,234.59760818234173,271.2395076729213,1.419933266736475,1.411440685700698,258.7079518263942,1.3613282241599582,50.430871661312,173.24588795332082,50.556772395276326,1.261804414562826,210.51470241745892,173.12035122914682,210.64756971590268,266.0208352663729,1.2615602510300254,1.2516131760864304,171.10346896502855,1.2008850859804767,151.72240453528906,0.007227319619490262,0.003954626524979574
123.27677858649403,280.00000000145656,37.64090753820608,599.9999587743608,1.622137175041014,1219.5064058677067,1.6221950000155148,282.05440348474815,158.4785445132655,1.572021992736226,947.1880192262402,949.2406549041708,1.5713149995382152,278.7617288279659,949.24065490417,1.5213185148066537,241.46796144627825,1.5212074628949117,278.7617288279659,1.5207950068483829,128.8952979087166,261.1927705006939,128.8952979087599,1.4209240657999085,234.6785555536993,1.420211984678127,261.1927705006939,234.67855555369957,271.2564684144594,1.4200597518520723,1.4114450078257863,259.3474779404901,1.3613750132933742,50.787643955629385,174.1410327389014,50.78764395563897,1.2618943566073744,210.00010529856587,174.1410327389014,210.00010529856587,265.1151459590757,1.2616229333998668,1.2516149712841582,172.32410345706057,1.2009140608443358,155.05528867006154,0.007434041841243052,0.004161524597662949,122.96738276622685,281.2073427468251,37.4898712282495,599.9750984574417,1.6221437049705152,1219.4562179612478,1.622204342939858,282.0148701421476,155.46567675579075,1.5720070201885659,944.3671957318771,946.3586020226751,1.571319871564719,278.2529108124335,946.0448804675976,1.52128628932262,237.678542627303,1.5212048057005163,278.8456660675852,1.520775091675491,127.87955127726775,260.9529468974603,128.09380442910444,1.4208965930352688,234.57583889325602,1.4201907300918166,260.83699846838846,234.60255989833217,271.248014347049,1.419933057981804,1.4114407028138924,258.7029304773264,1.3613282543619962,50.43251667444009,173.2449397792626,50.558330394178846,1.261804211257253,210.51602016032808,173.11884530564257,210.6497685077832,266.0204707386552,1.2615601261881744,1.2516131912198707,171.1021043540197,1.2008851535396587,151.71339637629248,0.007227178767771223,0.0039548201275311145
123.2767785075666,280.0000000006246,37.640907537283184,599.9999587742118,1.622137175035645,1219.5064058549815,1.6221950000101446,282.0544033157137,158.47854455645117,1.5720219928645043,947.1880192746263,949.2406549565278,1.571314999667372,278.7617286607182,949.240654956528,1.5213185106335592,241.46796103541658,1.5212074587216415,278.7617286607182,1.5207950026750294,128.9000692214994,261.1908786731994,128.90006922154487,1.4209240762438506,234.68392432853568,1.4202119948941434,261.1908786731994,234.68392432853506,271.26386259751234,1.4200597622161406,1.4114450064375146,259.3454920061142,1.3613750109645486,50.78884187763447,174.14124150384407,50.788841877645744,1.2618942844443701,210.00010525209956,174.14124150384404,210.00010525209956,265.1120787723403,1.2616228612426057,1.2516149705288961,172.3244139558588,1.2009140631146324,155.02078686673218,0.007434037984779,0.004161312001524449,122.96642117905239,281.20390630414164,37.48929576927715,599.9751220780057,1.622143698160452,1219.4561529769746,1.622204333746126,282.0132242707105,155.46252446846532,1.572007027874298,944.3643627622441,946.3545068386052,1.571319897471185,278.2501571719432,946.0407138659982,1.5212863785800113,237.66698227118172,1.5212048764334214,278.84380852705107,1.5207751591288279,127.88218665838625,260.9480390808773,128.09646691369417,1.4208963753247854,234.58092624550756,1.4201904620283163,260.8326309155651,234.60749573495545,271.2564717678391,1.4199328566016185,1.4114407200716286,258.6980285631807,1.3613282856083813,50.43419407971858,173.2440636055874,50.559916339250016,1.261804017865801,210.51738131720649,173.11741138252137,210.65199283731624,266.01997887591284,1.26156000677423,1.2516132063190855,171.10084213878565,1.2008852205150793,151.70471484901526,0.007227041982541304,0.003954992132496689
123.27677845317318,280.00000000037994,37.6409075364024,599.9999587741261,1.6221371750325884,1219.50640584226,1.6221950000070873,282.0544031992388,158.47854458595899,1.5720219929528956,947.1880193079628,949.2406549925605,1.5713149997563693,278.7617285454629,949.2406549925608,1.5213185075870015,241.46796075222352,1.5212074556749506,278.7617285454629,1.5207949996282686,128.9048056917989,261.1889392168781,128.90480569184624,1.4209240844256295,234.68927838687154,1.4202120031101435,261.1889392168781,234.68927838687165,271.2712748108052,1.4200597706274807,1.411445005440489,259.3434570756614,1.3613750086419678,50.790018168569574,174.14142978708105,50.79001816858334,1.261894210586038,210.0001051354753,174.14142978708105,210.0001051354753,265.1090218883022,1.2616227874496215,1.251614969761792,172.3247038468129,1.2009140654633041,154.9864033182302,0.007434025407518948,0.004161102733983351,122.96548496623285,281.20106381451455,37.48880763119364,599.9751263189466,1.622143694237017,1219.456063489484,1.6222043278465696,282.01165441621697,155.4595876695313,1.5720070355270321,944.3617223848448,946.3507042921038,1.5713199226087082,278.2475075924432,946.0368224830662,1.5212864658391025,237.6559599694879,1.5212049461011086,278.8420429473921,1.5207752263403964,127.88487220977986,260.9432861062441,128.09917207185106,1.4208961688761648,234.58599242526955,1.42019020611619,260.8283302645625,234.61241701549218,271.2648867288556,1.419932663421036,1.4114407374220894,258.6932702250585,1.3613283179471294,50.43590197172686,173.24327058728417,50.561529595349654,1.261803834917223,210.51878078056367,173.1160565584125,210.65423504320603,266.019309742842,1.261559893046664,1.2516132213469966,171.0996903111918,1.2008852873108808,151.69634849269528,0.007226909522952956,0.0039551366055017275
123.27677841431182,280.00000000025204,37.64090753561782,599.9999587740906,1.6221371750305962,1219.5064058310295,1.6221950000050946,282.05440311602024,158.47854460686102,1.5720219930160428,947.1880193317393,949.2406550182322,1.5713149998199496,278.7617284631056,949.2406550182327,1.521318505339666,241.4679605497749,1.5212074534275146,278.7617284631056,1.520794997380777,128.90951077370582,261.1869666074492,128.90951077375556,1.4209240909299297,234.69461524823782,1.420212009841502,261.1869666074492,234.69461524823828,271.2786930426621,1.420059777588694,1.4114450047109726,259.3413880204747,1.3613750063661123,50.791172534194345,174.1415978197977,50.79117253421076,1.2618941350849857,210.00010494289586,174.1415978197977,210.00010494289586,265.1059735482553,1.261622712072226,1.2516149690085632,172.32497341789175,1.200914067857835,154.95213735144006,0.007434004054960548,0.004160896465914,122.9645804907563,281.1987092148981,37.48839965654906,599.9751133534829,1.6221436929084316,1219.455952587051,1.622204324816992,282.01017278322206,155.45685096696067,1.572007043289759,944.359262174374,946.347169996707,1.5713199467116143,278.24498869418676,946.0332063188018,1.5212865507668443,237.64549804813134,1.5212050146546026,278.840386614487,1.5207752929958982,127.88761600482621,260.9387048042074,128.10193086030185,1.4208959760096902,234.59103544762112,1.420189963926736,260.82413059744016,234.61732638650355,271.27326658979246,1.4199324799355815,1.4114407549580001,258.68868087464523,1.3613283514022485,50.43763844504431,173.24257289343169,50.563168892197346,1.2618036645265314,210.52021088910385,173.11480162215898,210.6564823566263,266.01845584914713,1.261559785393184,1.2516132364547676,171.09865036971286,1.2008853547353489,151.68833741999987,0.00722678294504044,0.003955249730277506
123.27677838600093,280.00000000017656,37.64090753491328,599.9999587740645,1.6221371750292226,1219.5064058210132,1.6221950000037204,282.0544030553897,158.47854462192973,1.5720219930620454,947.1880193490315,949.2406550368898,1.5713149998662672,278.7617284030996,949.2406550368898,1.5213185036721528,241.4679604022141,1.5212074517599259,278.7617284030996,1.5207949957131461,128.91418708894656,261.18497144497536,128.91418708899843,1.4209240961811973,234.69993320975453,1.4202120154626523,261.18497144497536,234.6999332097547,271.28610799428816,1.4200597834650195,1.4114450041705335,259.3392957627418,1.3613750041576627,50.792304859769956,174.1417460635983,50.79230485978802,1.2618940580181301,210.00010467694634,174.1417460635983,210.00010467694634,265.1029330152236,1.2616226351854323,1.2516149682834863,172.32522315041604,1.2009140702759002,154.91798829655508,0.007433973837928752,0.00416069292897595,122.96371054612972,281.1968637179014,37.48807041385344,599.9750857240693,1.6221436937186138,1219.4558239669068,1.6222043241729966,282.0087821613384,155.4543128215507,1.572007051258722,944.3569743650157,946.3439022105244,1.5713199699116605,278.2426067000903,946.0298479543019,1.5212866340663416,237.63557194861122,1.5212050825714147,278.8388405654885,1.520775359482162,127.89043649695981,260.9342976993643,128.10476519249994,1.4208957974044691,234.59607053028913,1.420189736036097,260.8200327557305,234.622240388997,271.28162097486506,1.419932308259618,1.411440772755722,258.6842634766377,1.3613283861177867,50.43941048621318,173.2419796508391,50.5648364527838,1.2618035073546676,210.52168441165327,173.11366432033404,210.65872967004657,266.01744965277567,1.2615596860107994,1.25161325167092,171.09773230418054,1.200885422608864,151.680681630929,0.007226666571402163,0.003955331504133897
123.2767783651129,280.00000000012693,37.6409075342774,599.9999587740451,1.6221371750282487,1219.5064058120283,1.6221950000027463,282.0544030106506,158.47854463290633,1.5720219930959853,947.1880193617525,949.2406550506273,1.5713149999004399,278.7617283588283,949.2406550506275,1.521318502431238,241.46796029331523,1.5212074505189546,278.7617283588283,1.5207949944721426,128.91883663793828,261.1829615833423,128.91883663799234,1.4209241004913495,234.70523107902522,1.4202120202488377,261.1829615833423,234.70523107902522,271.29351254721485,1.4200597885249715,1.4114450037665822,259.33718841063745,1.3613750020269704,50.79341515960163,174.14187510395996,50.79341515962163,1.2618939794752655,210.00010434318528,174.14187510395996,210.00010434318528,265.09990023714727,1.2616225568768433,1.2516149675944517,172.32545362509586,1.2009140727025254,154.88395549843145,0.007433934849012551,0.004160491911690849,122.96287846904194,281.1954955046108,37.487817040126814,599.9750467538311,1.622143696358788,1219.4556828196737,1.6222043255995862,282.00747836614704,155.45197169409857,1.5720070591836879,944.3548527441172,946.3409096430075,1.5713199918481344,278.2403685245053,946.0267421638956,1.5212867138009707,237.6262039968374,1.5212051480884259,278.83740652898456,1.5207754235507438,127.89334060621862,260.9300740485704,128.10768256515306,1.4208956330605014,234.60109767327353,1.4201895224442733,260.81605230778166,234.62715902297253,271.28994139211875,1.4199321483415757,1.4114407905152635,258.68002396042914,1.3613284200170535,50.44122190607469,173.24149187359632,50.56654021636146,1.2618033635338202,210.523191133151,173.11265631497162,210.6609488920491,266.01629115372765,1.2615595952872183,1.2516132665562243,171.0969341166285,1.2008854887759994,151.673355338768,0.007226562476511201,0.003955387857049985
123.27677834956894,280.0000000000933,37.640907533702915,599.9999587740293,1.622137175027544,1219.506405803948,1.622195000002041,282.0544029773527,158.47854464095178,1.5720219931212416,947.1880193711995,949.2406550608137,1.5713149999258693,278.7617283258761,949.2406550608142,1.5213185015071597,241.46796021221297,1.5212074495948344,278.7617283258761,1.5207949935479985,128.92346095462017,261.1809428832845,128.92346095467676,1.4209241040917304,234.71050801338882,1.42021202440423,261.1809428832845,234.7105080133888,271.30090128489985,1.4200597929677432,1.4114450034625867,259.3350720225932,1.3613749999786804,50.794503541366275,174.1419855909317,50.79450354139002,1.2618938995521747,210.00010394797903,174.1419855909317,210.00010394797903,265.09687561217675,1.2616224772399338,1.2516149669455559,172.32566547125396,1.200914075128059,154.85003832330253,0.007433887326675502,0.004160293233230399,122.96208286273952,281.1944879056758,37.48762164174441,599.9749986581852,1.622143700675983,1219.455532291623,1.6222043289637613,282.00623838334405,155.4498198885903,1.5720070665476917,944.3528646952519,946.3381557144603,1.5713200123007214,278.23826690736274,946.023843658435,1.5212867877257283,237.6173294476713,1.5212052085854457,278.8360796649291,1.5207754834850886,127.89632775593279,260.9260380594874,128.11068355493103,1.420895481336611,234.60611952313556,1.4201893212657064,260.8122111334344,234.6320750103869,271.2982187834684,1.419931998273371,1.4114408076530027,258.675950890761,1.3613284509033188,50.443067305937106,173.24110246307401,50.56827795993965,1.2618032314777297,210.52472083853593,173.11177101448732,210.66313236133814,266.0150252937765,1.2615595120593177,1.2516132806743037,171.09624631671664,1.200885551328303,151.6663241612306,0.007226476625291699,0.003955418787939189
123.27677833792808,280.0000000000664,37.64090753318292,599.999958774019,1.6221371750270315,1219.5064057966697,1.6221950000015277,282.0544029524109,158.4785446468672,1.5720219931401562,947.1880193782451,949.2406550684084,1.5713149999449136,278.76172830118156,949.2406550684086,1.521318500819967,241.46796015138986,1.5212074489076106,278.76172830118156,1.5207949928607571,128.92806122134647,261.1789197380446,128.92806122140686,1.4209241071550898,234.71576341660057,1.4202120280812962,261.1789197380446,234.71576341660057,271.3082701036258,1.4200597969420892,1.411445003232523,259.3329511441701,1.3613749980139622,50.79557018028552,174.14207820262692,50.79557018031022,1.2618938183461141,210.00010349775962,174.14207820262692,210.00010349775962,265.0938598221094,1.2616223963696336,1.2516149663384668,172.3258593363999,1.2009140775466594,154.81623616240734,0.007433831616020503,0.004160096723984399,122.96132442559919,281.1938621337057,37.4874792084913,599.974944781356,1.6221437062424446,1219.4553773268951,1.6222043338217254,282.00505942331677,155.44784047379514,1.5720070733452336,944.3510148779093,946.3356212640895,1.5713200312672613,278.2362966628989,946.021133277127,1.5212868551375087,237.60892820779407,1.5212052639277913,278.8348627390627,1.5207755386324224,127.89938871938509,260.9221779506626,128.1137595117865,1.420895340365253,234.611140049717,1.4201891317671242,260.8085046042609,234.63698702795944,271.30644861987156,1.4199318571783166,1.411440823958945,258.6720357970715,1.3613284782364032,50.44494732094064,173.24080127837317,50.570050953798756,1.2618031101288896,210.52623522132936,173.11100740479122,210.66523921766964,266.0136345955658,1.261559435034739,1.2516132938454736,171.09566940393654,1.2008856096146563,151.65952506412538,0.007226405472435601,0.003955425991057699
123.27677832917854,280.00000000005036,37.64090753271335,599.9999587740066,1.6221371750266484,1219.506405790107,1.6221950000011445,282.0544029336604,158.47854465121708,1.5720219931543724,947.188019383522,949.2406550741011,1.5713149999592275,278.76172828263157,949.2406550741003,1.5213185003106764,241.4679601056847,1.521207448398297,278.76172828263157,1.520794992351431,128.93263835479186,261.17689545021244,128.93263835485385,1.42092410981104,234.720996869523,1.4202120313944315,261.17689545021244,234.720996869523,271.3156159064978,1.4200598005596237,1.4114450030574819,259.33082919463266,1.3613749961317714,50.79661530022,174.1421536221519,50.796615300246664,1.261893735952909,210.00010299874162,174.1421536221519,210.00010299874162,265.09085371396975,1.2616223143594802,1.251614965773252,172.32603586743696,1.2009140799552305,154.7825484334977,0.007433768132574999,0.004159902216402751,122.96060028651655,281.1936447044618,37.48739260334745,599.9748879928362,1.622143712381133,1219.455222101186,1.6222043396582824,282.00394288087153,155.44604730253826,1.5720070795350665,944.3493250363738,946.3333167432369,1.571320048831992,278.2344484567393,946.0186301807648,1.521286915974636,237.6010159053426,1.5212053138338533,278.8337522942096,1.520775589137806,127.90252926327378,260.9184819406433,128.11691793242716,1.420895208448659,234.6161698392626,1.4201889542104096,260.804934824092,234.64189441404991,271.31464052554355,1.41993172577839,1.4114408395612694,258.6682685146863,1.3613285020163068,50.446865444356405,173.24058629131397,50.57186459663045,1.2618029992229236,210.5277291740008,173.11036142952375,210.6673077675224,266.0121290461564,1.2615593638257743,1.2516133061610022,171.09520138032187,1.2008856645331538,151.65296377783335,0.007226347201967107,0.003955417516801989
123.27677832258021,280.00000000003763,37.64090753228854,599.9999587739974,1.6221371750263638,1219.5064057841867,1.6221950000008596,282.05440291951595,158.47854465441173,1.5720219931650938,947.1880193874817,949.240655078374,1.5713149999700224,278.761728268632,949.2406550783737,1.5213184999354676,241.46796007116484,1.521207448023072,278.761728268632,1.5207949919761967,128.93719307045694,261.17487250632746,128.93719307052118,1.4209241121572525,234.72620808226242,1.4202120344298494,261.17487250632746,234.72620808226242,271.32293636655135,1.4200598039044654,1.411445002923616,259.3287087494116,1.3613749943298434,50.79763915971506,174.14221252323574,50.797639159743994,1.261893652465226,210.00010245663714,174.14221252323574,210.00010245663714,265.08785821633967,1.261622231299927,1.2516149652489879,172.32619569920377,1.2009140823526374,154.7489745809516,0.007433697332036048,0.00415970954302765,122.95991952438926,281.1938303147919,37.48736039482288,599.9748283981216,1.622143718890919,1219.4550673394433,1.622204346229834,282.0029027040714,155.44442960040007,1.5720070854856654,944.3477998301349,946.3312351843413,1.5713200653016273,278.2327423405033,946.0163343693483,1.5212869721860693,237.59362156399968,1.5212053604463112,278.83277183916493,1.5207756365485565,127.90575803764631,260.9149559201559,128.1201691969099,1.420895087793928,234.62121484653505,1.4201887900097308,260.80151357438035,234.64680378506128,271.32279223596305,1.4199316059816756,1.4114408547736037,258.6646528553584,1.3613285241276556,50.44882453431533,173.24046662870558,50.573721111425414,1.261802899949526,210.52918226642822,173.1098513423031,210.66933545713118,266.010491168192,1.2615592997247824,1.2516133179403293,171.0948557321454,1.2008857166675577,151.64659159411568,0.007226301900028423,0.003955392517853427
123.2767783175932,280.00000000002774,37.640907531904226,599.9999587739898,1.6221371750261517,1219.5064057788438,1.622195000000647,282.0544029088223,158.47854465674777,1.5720219931731965,947.1880193904576,949.2406550815722,1.5713149999781808,278.76172825804304,949.2406550815723,1.521318499661537,241.4679600450157,1.5212074477491293,278.76172825804304,1.5207949917022483,128.94172593130907,261.17285277954466,128.9417259313749,1.4209241142675402,234.73139686023504,1.4202120372527127,261.17285277954466,234.73139686023504,271.33022974430105,1.4200598070402002,1.4114450028207037,259.326591749181,1.3613749926052192,50.798642041653466,174.142255561021,50.798642041684595,1.2618935679715233,210.00010187660257,174.142255561021,210.00010187660257,265.08487428114194,1.2616221472773137,1.2516149647641708,172.32633944734823,1.2009140847391095,154.71551407495278,0.0074336196866685005,0.0041595185382592,122.95929114051751,281.19450911828494,37.487394034837436,599.9747649739006,1.622143725933272,1219.4549125777007,1.6222043538401776,282.00194830785887,155.4430135338281,1.5720070913317714,944.3464780882721,946.3294305860015,1.5713200804104925,278.23120839162,946.0142963576965,1.5212870233524125,237.58683002222276,1.5212054028713615,278.83193762265483,1.520775680381137,127.90908657589925,260.9116062006928,128.12352714531062,1.4208949804383815,234.62627507153437,1.4201886406840099,260.79825011198176,234.65171646427413,271.3308941269148,1.4199314999541053,1.4114408696968546,258.6612091484361,1.3613285443423742,50.450823002966885,173.24044634690753,50.575615734632194,1.261802813234015,210.53056129966342,173.10949286152282,210.67130185637393,266.00868600695986,1.261559243119471,1.2516133290066218,171.09463445737345,1.200885765321844,151.64036553511454,0.007226269479922221,0.003955345486361496
123.27677831382366,280.0000000000226,37.64090753155733,599.9999587739794,1.6221371750259883,1219.5064057740192,1.6221950000004837,282.05440290073625,158.4785446584454,1.5720219931793213,947.1880193926934,949.2406550839546,1.5713149999843479,278.7617282500437,949.2406550839542,1.5213184994642108,241.4679600252196,1.5212074475517956,278.7617282500437,1.5207949915049106,128.94623738454658,261.1708376806311,128.94623738461627,1.4209241161976798,234.73656307967676,1.4202120399122566,261.1708376806311,234.73656307967676,271.3374947479897,1.4200598100148696,1.4114450027410297,259.3244796557881,1.3613749909543011,50.79962424549643,174.14228336584335,50.79962424553031,1.2618934825552115,210.00010126350915,174.14228336584335,210.00010126350915,265.08190284396005,1.2616220623730352,1.2516149643168015,172.32646770363536,1.2009140871157116,154.68216641008698,0.007433535667830502,0.0041593290414418515,122.9587254553576,281.1956227802657,37.48749638637108,599.9746955364053,1.622143734083252,1219.454754916169,1.622204363133309,282.0011128188836,155.44180679883632,1.5720070967351574,944.3453504918062,946.3279151414499,1.5713200936272398,278.22987253890756,946.0125144039188,1.5212870678577564,237.58074844437914,1.5212054390153005,278.83127695636773,1.5207757189189932,127.91253390813696,260.90847527963706,128.12701023106368,1.4208948893248181,234.63134919097996,1.4201885081711816,260.795166737503,234.65663972973175,271.33893204514084,1.4199314096037634,1.4114408836601304,258.65795814679603,1.3613285595034132,50.452873870685266,173.2405426854482,50.57755672307332,1.2618027402660852,210.53187393500207,173.10930981829554,210.67319164265916,266.0066836012777,1.2615591953021992,1.2516133387267054,171.09456352956843,1.2008858079364428,151.63434003944985,0.007226255474481328,0.00395527176244548
123.27677831096186,280.0000000000155,37.64090753124299,599.9999587739746,1.62213717502587,1219.5064057696645,1.6221950000003649,282.05440289459455,158.47854465967168,1.5720219931839712,947.1880193943689,949.2406550857897,1.5713149999890295,278.7617282439629,949.2406550857895,1.5213184993249464,241.4679600102034,1.5212074474125252,278.7617282439629,1.5207949913656382,128.95072778942358,261.16882827078143,128.95072778949336,1.4209241179900438,234.7417066697833,1.4202120424459008,261.16882827078143,234.7417066697833,271.3447304268584,1.420059812864991,1.4114450026789123,259.3223735688807,1.3613749893734872,50.80058608162804,174.14229654087455,50.80058608166339,1.261893396294652,210.0001006215944,174.14229654087455,210.0001006215944,265.0789447979057,1.2616219766635446,1.2516149639047693,172.3265810343096,1.2009140894840509,154.64893110361004,0.0074334457336930485,0.004159140899951448,122.95821416598602,281.19727736377996,37.48767890134365,599.9746203599251,1.6221437432303794,1219.454594383846,1.6222043738530298,282.0003924014283,155.44084325788629,1.5720071019845536,944.344438785022,946.3267184628213,1.5713201051916237,278.22874204243504,946.0110128944794,1.5212871063805358,237.57539915637864,1.521205468376129,278.8307881117157,1.5207757517994729,127.91610637772757,260.9055719930782,128.13062364419758,1.42089481450983,234.63643323502998,1.4201883919998561,260.79227565316296,234.66157291979385,271.3468935357742,1.419931336426175,1.4114408968979701,258.654926532708,1.361328570307004,50.4549822185921,173.2407637570468,50.57954915787039,1.2618026815744892,210.53312017244423,173.10930981829554,210.67497672456915,266.00450142850195,1.261559156531438,1.25161334738009,171.0946424492388,1.200885845791139,151.62846066850173,0.007226260488771862,0.003955173466028347
123.27677830879928,280.0000000000125,37.64090753095933,599.9999587739673,1.622137175025777,1219.50640576573,1.6221950000002716,282.05440288995106,158.47854466054105,1.572021993187485,947.1880193956288,949.2406550871334,1.5713149999925677,278.7617282393684,949.2406550871334,1.5213184992296196,241.46795999880436,1.5212074473171948,278.7617282393684,1.5207949912703074,128.9551974383437,261.16682534633634,128.95519743841555,1.4209241196766895,234.74682759959506,1.4202120448819513,261.16682534633634,234.74682759959506,271.3519360896181,1.4200598156181887,1.411445002630003,259.32027431369136,1.3613749878590224,50.80152786701015,174.14229565988103,50.80152786704713,1.2618933092628821,210.00009995476745,174.14229565988103,210.00009995476745,265.0760009771414,1.2616218902200824,1.2516149635258316,172.3266799785938,1.2009140918459957,154.6158076935513,0.0074333503210649516,0.00415895397165945,122.95775238376562,281.1995152940461,37.48794157975515,599.9745383473014,1.6221437535587864,1219.4544300527994,1.622204386154739,281.9997828710741,155.44014599901988,1.5720071069562185,944.3437398615928,946.3258544852379,1.5713201150431653,278.2278096421335,946.0098144739525,1.5212871379956123,237.57078439081226,1.5212054903661405,278.8304555314079,1.5207757790709295,127.91980513801073,260.9029026525087,128.13436277135372,1.4208947563329708,234.64151595579943,1.4201882921700335,260.78958274968807,234.66651603446041,271.35477350364204,1.419931279750932,1.411440909137654,258.65211557675633,1.3613285756607834,50.45715153995851,173.24111361806294,50.581593674163585,1.2618026391420518,210.5343459797644,173.10947815721923,210.67667242469534,266.0021494756932,1.2615591273241311,1.2516133548926196,171.09487870875827,1.2008858786165044,151.62275893936587,0.007226291957847057,0.003955042125490747
123.27677830715373,280.0000000000091,37.640907530702236,599.9999587739625,1.6221371750257112,1219.5064057621776,1.6221950000002057,282.05440288641523,158.4785446611529,1.572021993190159,947.1880193965783,949.2406550881481,1.57131499999526,278.7617282358666,949.2406550881484,1.5213184991676567,241.46795999010533,1.5212074472552304,278.7617282358666,1.520794991208343,128.95964657286976,261.16482950333364,128.95964657294442,1.4209241212820374,234.75192586795282,1.420212047241984,261.16482950333364,234.75192586795282,271.35911124227925,1.420059818295522,1.411445002591092,259.31818250775336,1.3613749864072502,50.802449922032146,174.1422812671281,50.80244992207168,1.261893221527803,210.00009926650458,174.1422812671281,210.00009926650458,265.07307214753763,1.2616218031088575,1.2516149631777735,172.32676504882508,1.2009140942035175,154.5827957367582,0.007433249840387649,0.004158768126601499,122.95733576324113,281.2023259647594,37.48827440117573,599.9744493402901,1.6221437652327757,1219.454261923029,1.6222044000566365,281.9992838791194,155.4396734637616,1.5720071114549152,944.343221105092,946.325253533088,1.5713201233935403,278.2270549406657,946.0088808207513,1.521287162727656,237.5668505654964,1.5212055047527016,278.83024498940426,1.5207758012652532,127.923621538939,260.90044537808785,128.13821838581484,1.4208947127003266,234.64660264641068,1.4201882069009093,260.78708213635196,234.67147172029263,271.3625810068295,1.4199312370511128,1.4114409204909972,258.64949478491826,1.3613285750485797,50.45937199011133,173.24158212759758,50.58368265027055,1.2618026105893834,210.53555135696254,173.10978593350444,210.6782940656293,265.9996377299124,1.2615591050955615,1.2516133614810565,171.09525882185406,1.2008859062778248,151.61726923432852,0.007226352994411044,0.003954867576429606
123.27677830591098,280.00000000000705,37.64090753047041,599.9999587739569,1.6221371750256575,1219.5064057589682,1.622195000000152,282.05440288374325,158.47854466156846,1.5720219931921777,947.1880193972818,949.2406550889208,1.5713149999972926,278.7617282332271,949.2406550889204,1.5213184991309328,241.4679599835584,1.5212074472185058,278.7617282332271,1.5207949911716192,128.9640753958667,261.1628411854309,128.9640753959439,1.4209241228245262,234.75700149633468,1.4202120495422828,261.1628411854309,234.75700149633468,271.3662555408873,1.420059820912884,1.4114450025596579,259.31609861068466,1.3613749850144863,50.803352568162495,174.14225387743966,50.803352568203536,1.2618931331521996,210.00009856006608,174.14225387743966,210.00009856006608,265.0701590022926,1.2616217153910647,1.2516149628583326,172.3268367307353,1.2009140965584737,154.5498948069853,0.007433144673074702,0.0041585832478821996,122.95696057973657,281.20567755700625,37.48868022858533,599.9743523472283,1.6221437779775651,1219.454089472573,1.622204415302524,281.9988870567263,155.43941487769195,1.5720071161845965,944.3428763028669,946.3249051550303,1.5713201309836122,278.2264710236804,946.0082119348758,1.5212871837468096,237.56357088933916,1.5212055151110255,278.83015683142247,1.5207758215254312,127.92755039048393,260.8981791315073,128.14218818090163,1.4208946831025666,234.65170521638908,1.4201881367686258,260.7847544579108,234.67644394713233,271.370342087331,1.4199312083782876,1.4114409317816146,258.6470412866769,1.3613285728038338,50.4616343595176,173.24216015884164,50.58580846450892,1.2618025975027438,210.5367618416912,173.11021844284758,210.67991059903275,265.99699365557655,1.261559091525795,1.2516133680694936,171.09577229920293,1.2008859320306935,151.61198582300864,0.007226447662622956,0.003954645588267473
123.27677830496944,280.000000000006,37.64090753026074,599.9999587739529,1.6221371750256175,1219.5064057560685,1.6221950000001117,282.0544028817168,158.47854466184185,1.572021993193708,947.1880193978081,949.2406550894855,1.5713149999988336,278.76172823121794,949.2406550894856,1.5213184991133537,241.46795997854844,1.521207447200927,278.76172823121794,1.5207949911540417,128.9684840807361,261.1608607209024,128.96848408081533,1.4209241243182542,234.762054523185,1.420212051795314,261.1608607209024,234.762054523185,271.37336875548897,1.4200598234824464,1.4114450025338798,259.3140229624195,1.3613749836773483,50.80423612622322,174.14221397745527,50.804236126266666,1.2618930441941965,210.0000978382642,174.14221397745527,210.0000978382642,265.06726216092,1.261621627123337,1.2516149625654203,172.32689548461502,1.2009140989126657,154.51710449305477,0.0074330351705495,0.004158399231943401,122.95659757902627,281.209119302842,37.48909249769985,599.9742609349072,1.622143790198286,1219.4539283022964,1.6222044299954155,281.9985087155167,155.439180918867,1.5720071202185748,944.3425563512526,946.3245863891073,1.571320137899779,278.2259296299569,946.0075691773548,1.5212872004486488,237.56049437896158,1.5212055206819919,278.8301098138322,1.5207758377239027,127.93151326554876,260.89601386880696,128.146192576178,1.420894657522858,234.65680249324507,1.4201880713502373,260.782515140365,234.6814122041302,271.3780533483647,1.4199311841920372,1.4114409421777097,258.64467672933495,1.3613285661296155,50.463887201820825,173.24276455642314,50.58792506921445,1.2618025882495643,210.53800297160285,173.11068441715747,210.68154756255822,265.9944144971356,1.2615590801530385,1.2516133739391921,171.096298763333,1.2008859529787548,151.60689151426314,0.0072265565109856334,0.00395440539755548
123.27677830425269,280.0000000000049,37.64090753007079,599.9999587739499,1.6221371750255895,1219.50640575345,1.6221950000000835,282.0544028801726,158.4785446620129,1.5720219931948725,947.1880193981974,949.2406550898925,1.5713150000000062,278.7617282296886,949.2406550898925,1.5213184991102908,241.46795997470545,1.521207447197865,278.7617282296886,1.5207949911509813,128.9728727784223,261.1588883503721,128.9728727785025,1.4209241257739325,234.76708499975928,1.4202120540105505,261.1588883503721,234.76708499975928,271.38045074272674,1.4200598260134587,1.4114450025123726,259.311955812018,1.3613749823926207,50.80510091508934,174.14216202656684,50.80510091513378,1.2618929547074496,210.0000971036161,174.14216202656684,210.0000971036161,265.06438217060713,1.261621538357931,1.2516149622970802,172.32694174630265,1.2009141012677471,154.4844243971401,0.00743292165445935,0.004158215988336749,122.95624683870764,281.2126087770484,37.48951049277429,599.9741788589859,1.6221438008807936,1219.4537836028217,1.6222044432701175,281.9981307230087,155.4389685088812,1.572007123834581,944.3422705692283,946.3242972353192,1.5713201445675513,278.2254245365788,946.0069612576398,1.5212872151891936,237.55751833517832,1.521205525530569,278.83009391082373,1.5207758529553013,127.93550036074642,260.8939117210319,128.15022119158712,1.420894634489802,234.6618997701011,1.4201880103838609,260.78032968088866,234.6863771529266,271.38572498027634,1.4199311629452676,1.4114409521947238,258.6423799364879,1.3613285587231538,50.46614194954466,173.2433932921623,50.59004357934056,1.2618025823010919,210.53927474669752,173.1111874057488,210.68321517126668,265.9919202287111,1.2615590727865937,1.251613379711918,171.09684570661804,1.2008859728940073,151.60198057771095,0.007226675217224662,0.003954159714919247
123.27677830371401,280.00000000000375,37.64090752989949,599.9999587739455,1.622137175025567,1219.5064057510826,1.6221950000000613,282.0544028790104,158.47854466210595,1.5720219931957478,947.1880193984844,949.2406550901871,1.5713150000008873,278.7617282285411,949.240655090187,1.521318499118175,241.46795997180925,1.5212074472057506,278.7617282285411,1.5207949911588694,128.9772416227378,261.15692424776734,128.97724162282054,1.4209241271996458,234.77209298702024,1.420212056195143,261.15692424776734,234.77209298702024,271.38750142497634,1.4200598285129047,1.41144500249404,259.3098973393995,1.3613749811571552,50.80594725081254,174.14209845802355,50.80594725085942,1.2618928647412546,210.00009635851833,174.14209845802355,210.00009635851833,265.0615195093847,1.26162144914283,1.2516149620513506,172.3269759281078,1.200914103625072,154.45185413317444,0.007432804417703798,0.004158033439152699,122.9559070396246,281.21614597962537,37.48993421380866,599.9741075331114,1.6221438098834478,1219.453656998031,1.6222044549166315,281.9977537766054,155.43877456932896,1.5720071269858686,944.3420220631201,946.3240255004341,1.571320150863812,278.22496196646256,946.0063864338406,1.5212872276230591,237.55464275798943,1.5212055291425142,278.8301105052673,1.520775866566853,127.93951225274672,260.89187857890835,128.1542728737893,1.4208946138336214,234.66700101679888,1.4201879535028603,260.7781968171833,234.6913374702409,271.3933598137174,1.41993114401914,1.4114409616253893,258.6401500610795,1.361328550416393,50.46840209596022,173.2440534646884,50.592166535448044,1.2618025807148325,210.54055929061843,173.11173247907104,210.68489810256665,265.9894958697119,1.2615590698141688,1.25161338523936,171.09742611583923,1.200885991372308,151.59724155258996,0.0072268020526296915,0.003953914047546995
123.27677830330603,280.00000000000284,37.64090752974457,599.9999587739422,1.6221371750255504,1219.506405748944,1.622195000000044,282.0544028781288,158.4785446621457,1.5720219931964108,947.1880193986963,949.2406550904243,1.5713150000015546,278.76172822766785,949.2406550904238,1.5213184991343578,241.46795996962237,1.5212074472219355,278.76172822766785,1.5207949911750562,128.98159073442002,261.1549685366217,128.98159073450392,1.4209241286016006,234.77707855313008,1.4202120583545903,261.1549685366217,234.77707855313008,271.3945207744729,1.4200598309861565,1.411445002478103,259.3078476721996,1.3613749799681094,50.80677544595022,174.14202368090403,50.80677544599876,1.2618927743411437,210.00009560500735,174.14202368090403,210.00009560500735,265.0586745898171,1.2616213595223342,1.251614961826517,172.32699842066586,1.200914105985889,154.4193933254006,0.007432683725963498,0.004157851518215398,122.95558058729706,281.2196990916592,37.49036079782299,599.974046809589,1.6221438171439269,1219.4535483429345,1.6222044649083578,281.99737822500845,155.43859910021027,1.5720071296064422,944.3418015139491,946.3237746682325,1.57132015681232,278.22453846243235,946.0058377383958,1.521287238416345,237.55186541480384,1.5212055325095815,278.8301609800334,1.5207758792355082,127.94354663487034,260.8899064478792,128.15834877612417,1.4208945955543164,234.67210226349667,1.420187901021495,260.7761182323136,234.69629249443284,271.40095728255756,1.419931127877783,1.4114409705706128,258.63798964427826,1.3613285414974288,50.47066764106752,173.24474000355193,50.59429393753691,1.2618025826976567,210.54188980231385,173.11231507371966,210.6866116790496,265.9871439169032,1.261559071623471,1.2516133905528917,171.09803499608074,1.2008860092443947,151.59267730409076,0.007226938573934204,0.0039536658542888145
123.27677830299777,280.00000000000193,37.64090752960446,599.9999587739399,1.6221371750255382,1219.5064057470113,1.622195000000032,282.0544028774616,158.4785446621482,1.5720219931969117,947.1880193988497,949.2406550905847,1.5713150000020593,278.76172822700914,949.2406550905846,1.5213184991567958,241.46795996794992,1.5212074472443753,278.76172822700914,1.520794991197499,128.9859202242004,261.1530213019774,128.98592022428628,1.4209241299845,234.78204177173504,1.4202120604930628,261.1530213019774,234.78204177173504,271.4015088013076,1.420059833437291,1.4114450024639613,259.3058068981387,1.361374978822788,50.80758580908851,174.14193808110423,50.8075858091388,1.2618926835489308,210.0000948449641,174.14193808110423,210.0000948449641,265.05584776362844,1.2616212695371027,1.2516149616209282,172.32700959372443,1.2009141083511876,154.38704160706433,0.007432559819529648,0.004157670170139349,122.95526639536119,281.22329993206364,37.49079167630726,599.9739960026948,1.6221438228321994,1219.4534560426484,1.6222044733684953,281.99700895003986,155.43845133674188,1.5720071316908015,944.3416182406943,946.3235499643852,1.5713201624044362,278.22415575307605,946.0053308483183,1.521287247063309,237.54918630562162,1.5212055352277234,278.8302432608164,1.520775890211786,127.9476052371268,260.8879982733075,128.16244543857283,1.420894579651887,234.67720417183475,1.420187852415999,260.7740871940209,234.70124024058148,271.40852304810005,1.4199311140054989,1.4114409789431237,258.63589021552247,1.3613285317261812,50.47293826729645,173.24545899329235,50.596427055887546,1.2618025878529995,210.5432330828355,173.11293975309917,210.68834057812407,265.9848468929287,1.2615590774390852,1.2516133955583926,171.09867634327526,1.2008860255897202,151.58827064107018,0.007227082447181643,0.003953417676610103
123.27677830276849,280.0000000000018,37.64090752947804,599.9999587739369,1.622137175025528,1219.506405745265,1.6221950000000216,282.0544028769641,158.47854466212237,1.5720219931972843,947.1880193989573,949.2406550906992,1.5713150000024343,278.7617282265152,949.2406550906992,1.5213184991839228,241.4679599666901,1.5212074472715047,278.7617282265152,1.5207949912246308,128.99023019513982,261.151082599686,128.99023019522866,1.4209241313518972,234.7869827205617,1.4202120626137122,261.151082599686,234.7869827205617,271.4084655442476,1.4200598358693899,1.411445002451141,259.3037750746847,1.36137497771866,50.80837864453108,174.1418420229736,50.80837864458195,1.2618925924030928,210.0000940800894,174.1418420229736,210.0000940800894,265.0530393263193,1.261621179224528,1.2516149614330718,172.32700979766474,1.2009141107217873,154.35479861923193,0.007432432915281853,0.004157489349319051,122.95496679173945,281.2269325913818,37.49122756500646,599.9739539414226,1.6221438271097348,1219.4533782848043,1.6222044805238425,281.9966483926106,155.43832512211264,1.572007133332441,944.3414629243767,946.3233479051116,1.5713201676250406,278.2238121098058,946.0048535703759,1.521287253711973,237.54663445412558,1.5212055371500128,278.83036357053277,1.520775899785808,127.9516869061764,260.8861536344272,128.16656516781455,1.4208945666356638,234.68230541853254,1.420187808000632,260.77210706843454,234.70618070868687,271.4160565442146,1.4199311022991477,1.4114409867183775,258.63385685714906,1.3613285210546344,50.475214927357314,173.24620840572982,50.59856716078035,1.261802596577426,210.54459168594866,173.1136070242546,210.6900771384943,265.982599804258,1.2615590876487188,1.2516134002358976,171.0993516558975,1.2008860406552608,151.58401010276614,0.007227233413416118,0.0039531703614530235
123.27677830259287,280.0000000000012,37.64090752936325,599.9999587739352,1.6221371750255225,1219.5064057436875,1.622195000000016,282.0544028765818,158.4785446620794,1.5720219931975699,947.1880193990344,949.2406550907801,1.571315000002722,278.76172822613165,949.2406550907805,1.5213184992146,241.4679599657016,1.5212074473021846,278.76172822613165,1.5207949912553138,128.99452074442422,261.149152463673,128.9945207445141,1.4209241327065287,234.79190148028408,1.420212064718974,261.149152463673,234.79190148028403,271.41539106365497,1.420059838284836,1.4114450024393066,259.3017522365283,1.3613749766533605,50.80915425211819,174.14173585073718,50.80915425217074,1.2618925009389819,210.00009331193274,174.14173585073718,210.00009331193274,265.0502495220287,1.2616210886189416,1.2516149612615206,172.3269993646793,1.2009141130982814,154.32266400974584,0.0074323032087154,0.00415730901891075,122.95468045727578,281.23059176646143,37.491665600940635,599.9739197607047,1.622143830041688,1219.453313648506,1.6222044864317988,281.9962892299877,155.43822353472814,1.5720071345561084,944.3413355649963,946.3231684904118,1.5713201725475716,278.2235040754459,946.0044163559104,1.5212872584116783,237.54416967367794,1.5212055386437664,278.8305136119606,1.5207759078850438,127.95578472198122,260.8843636951487,128.17070335049075,1.4208945561095006,234.68740468030944,1.420187767775394,260.77017112329577,234.71111059054746,271.4235543741192,1.4199310932228575,1.4114409939672812,258.63188152212444,1.3613285102990595,50.47749539825941,173.24698418450473,50.60071139408443,1.2618026083421827,210.54595028906186,173.1143108026465,210.69182902145602,265.98040015412585,1.2615591018646648,1.251613404708049,171.10005144360738,1.2008860546655398,151.57988136322604,0.007227390954280948,0.003952923908657641
123.27677830246557,280.00000000000136,37.64090752926003,599.9999587739327,1.6221371750255167,1219.5064057422608,1.6221950000000103,282.0544028763038,158.47854466202585,1.5720219931977768,947.188019399086,949.2406550908321,1.5713150000029303,278.7617282258576,949.2406550908322,1.5213184992478939,241.46795996498787,1.521207447335481,278.7617282258576,1.520794991288613,128.99879196470255,261.1472309108574,128.99879196479492,1.420924134050465,234.79679813389328,1.4202120668106932,261.1472309108574,234.79679813389325,271.42228543632814,1.420059840685438,1.4114450024282053,259.29973840077935,1.361374975624761,50.8099129270889,174.141619889939,50.809912927143486,1.261892409189171,210.00009254181776,174.141619889939,210.00009254181776,265.0474785480985,1.261620997751959,1.2516149611050182,172.3269786100588,1.2009141154811525,154.29063743229693,0.007432170875929598,0.004157129149834149,122.95441220300997,281.23430397306396,37.492107931344755,599.9738922578863,1.6221438317753647,1219.4532601763956,1.6222044912491633,281.9959502920562,155.43814811379116,1.5720071355487917,944.3412315030635,946.3230169459567,1.5713201773210657,278.2232378729126,946.0040157211412,1.5212872625686353,237.54183438350742,1.5212055405782996,278.83071067097876,1.5207759156216272,127.95990272123007,260.88264065769096,128.17485998660138,1.4208945494882044,234.69249666404306,1.4201877323688044,260.7682907192912,234.7160285628827,271.4310142732926,1.419931086673489,1.411441000910738,258.6299747986508,1.3613284999756285,50.479781585423325,173.24779342824638,50.60286166122037,1.2618026244691527,210.54732166100126,173.11505818690412,210.69359111947873,265.9782279684108,1.2615591213792812,1.2516134090432975,171.10079119064403,1.2008860684288427,151.57587582687833,0.007227554810799535,0.003952679588321514
123.27677830236945,280.0000000000009,37.64090752916655,599.9999587739306,1.6221371750255122,1219.5064057409732,1.6221950000000058,282.054402876093,158.4785446619658,1.5720219931979327,947.1880193991199,949.2406550908577,1.571315000003088,278.76172822564956,949.2406550908574,1.521318499283155,241.46795996443115,1.5212074473707449,278.76172822564956,1.5207949913238799,129.00304394510897,261.14531794559,129.0030439452026,1.4209241353852757,234.80167276592866,1.4202120688902737,261.14531794559,234.80167276592863,271.4291487513992,1.4200598430725708,1.4114450024176333,259.2977335714651,1.3613749746307808,50.81065496000063,174.14149444836733,50.81065496005722,1.2618923171835315,210.0000917710317,174.14149444836733,210.0000917710317,265.0447265595691,1.2616209066525506,1.2516149609623508,172.32694783300525,1.2009141178706895,154.2587185456074,0.007432036075535048,0.0041569497198199485,122.9541596234221,281.2380373922756,37.49255384047383,599.9738704940527,1.6221438325515531,1219.4532161141005,1.6222044952335337,281.9956179794546,155.4380988593017,1.5720071361702497,944.3411476322519,946.3228915298558,1.5713201817900069,278.22300866215994,946.0036568917392,1.5212872644065776,237.53962188584111,1.5212055418026877,278.8309353874029,1.520775921810894,127.96403802057377,260.88097863132754,128.17903507614645,1.4208945456965218,234.69758467793488,1.4201877011523436,260.7664587033959,234.72093396405228,271.4384407707774,1.4199310821353441,1.4114410072542107,258.62812101618874,1.36132848908801,50.48207031314807,173.248634108775,50.60501796218819,1.2618026437686414,210.5486930329407,173.11584562771293,210.69535321750146,265.97608824064326,1.2615591449002095,1.251613413002064,171.101559408701,1.2008860805306705,151.57198776334198,0.007227724551047111,0.0039524374000511255
123.27677830229919,280.00000000000114,37.64090752908205,599.9999587739283,1.6221371750255098,1219.506405739808,1.6221950000000032,282.0544028759382,158.4785446619015,1.5720219931980468,947.1880193991374,949.240655090885,1.5713150000032026,278.7617282255003,949.2406550908852,1.5213184993198532,241.46795996404262,1.5212074474074457,278.7617282255003,1.5207949913605836,129.00727677206024,261.1434135624784,129.0072767721554,1.420924136712164,234.80652546213815,1.4202120709587944,261.1434135624784,234.80652546213815,271.43598110729056,1.4200598454472957,1.4114450024074492,259.2957377425395,1.3613749736695533,50.81138063673325,174.14135981761098,50.811380636790744,1.2618922249495852,210.0000910006745,174.14135981761098,210.0000910006745,265.04199367336423,1.261620815347388,1.2516149608324443,172.32690731796606,1.2009141202670794,154.2269070127096,0.007431898950454896,0.004156770712520302,122.95392279610961,281.24181323670564,37.493004759817836,599.9738534353426,1.6221438324127457,1219.4531799392319,1.62220449843811,281.9953003123192,155.43807884966535,1.5720071366514674,944.3410870588881,946.3228079191219,1.5713201861768695,278.2228119488594,946.0033450933754,1.5212872653933924,237.53752771549702,1.5212055434556118,278.83119778704287,1.5207759274682706,127.96818946667268,260.879378878357,128.18322688911653,1.420894545922891,234.70266475214314,1.4201876742831416,260.7646746548438,234.7258248091353,271.4458265068794,1.4199310802788303,1.4114410132322381,258.6263290688282,1.361328478668547,50.484363486854235,173.2495052120007,50.60717966184768,1.2618026669015903,210.55005163605387,173.11667363211777,210.69712042305468,265.9739709837624,1.2615591729443936,1.2516134168324844,171.1023595942194,1.2008860922957123,151.5681971162833,0.007227899397181695,0.0039521977668238156
123.27677830224974,280.0000000000013,37.64090752900594,599.999958773927,1.6221371750255078,1219.506405738755,1.622195000000001,282.05440287582815,158.47854466183554,1.5720219931981272,947.188019399149,949.240655090894,1.5713150000032834,278.76172822539445,949.2406550908936,1.5213184993575979,241.46795996375238,1.5212074474451933,278.76172822539445,1.520794991398334,129.01149052983214,261.14151774885295,129.01149052992932,1.4209241380320377,234.8113563090668,1.4202120730170749,261.14151774885295,234.81135630906675,271.44278260937426,1.4200598478104176,1.4114450023975391,259.293750900404,1.3613749727393156,50.8120902384953,174.14121627400885,50.81209023855454,1.2618921325126151,210.0000902317608,174.14121627400885,210.0000902317608,265.0392799722505,1.261620723860954,1.2516149607142866,172.32685733546808,1.2009141226703612,154.1952025003252,0.007431759629598246,0.004156592116691898,122.9537022642544,281.24561559689704,37.493457826396806,599.9738405859244,1.6221438314977499,1219.453150723857,1.6222045009748916,281.99499310623105,155.43808192807094,1.5720071368604531,944.3410435703191,946.3227486948522,1.5713201903671767,278.22264565870546,946.0030751003787,1.5212872649123201,237.53553401174725,1.5212055445330734,278.83149510415797,1.5207759319409828,127.97235359950784,260.87783803264995,128.18743484884172,1.4208945491486507,234.70774019486933,1.4201876514993155,260.7629406774657,234.73070109813176,271.45317601064124,1.4199310803819698,1.4114410187384594,258.6245926036479,1.3613284684411477,50.48665951869132,173.25040470974363,50.609347395339036,1.2618026934714344,210.55140768540178,173.11754169307375,210.6988825210774,265.9718786945334,1.261559205253361,1.251613420480368,171.10318875024967,1.200886102938136,151.56450961608337,0.007228079176623485,0.003951961958202929
123.27677830221188,280.0000000000005,37.64090752893669,599.9999587739262,1.6221371750255065,1219.5064057378045,1.6221949999999996,282.05440287574334,158.47854466177228,1.572021993198189,947.1880193991525,949.2406550909004,1.5713150000033456,278.76172822530486,949.2406550909001,1.5213184993961058,241.46795996350608,1.5212074474837043,278.76172822530486,1.5207949914368477,129.01568530102696,261.1396304865362,129.0156853011273,1.4209241393456185,234.8161653938123,1.4202120750657719,261.1396304865362,234.8161653938123,271.44955336822716,1.4200598501625858,1.4114450023878464,259.291773025727,1.3613749718384682,50.81278404183833,174.1410640796651,50.8127840418984,1.261892039895884,210.00008946517286,174.1410640796651,210.00008946517286,265.0365855084194,1.2616206322157564,1.2516149606069646,172.32679814296955,1.200914125080489,154.16360467831373,0.007431618229393701,0.004156413925448448,122.95349585512882,281.24943916969767,37.493913755955745,599.9738313339216,1.622143829795234,1219.4531275690413,1.6222045028914773,281.99469392027913,155.43811579053244,1.5720071368879514,944.3410187197084,946.3227208246075,1.5713201945164448,278.2225049516522,946.0028416870784,1.5212872638144888,237.53365193754675,1.5212055463818996,278.83182457300757,1.5207759360993964,127.97653272575855,260.87635314884324,128.19165837865225,1.4208945561660928,234.7128083595522,1.4201876329579948,260.76125130130134,234.73556481596256,271.4604887159325,1.4199310826510425,1.4114410239501431,258.6229069618387,1.3613284588619639,50.48895682080881,173.2513295597341,50.61151925724167,1.2618027233459854,210.55276628851496,173.11844474013134,210.70064972663062,265.9698038826608,1.2615592420855841,1.2516134240398353,171.10404387984232,1.2008861136928213,151.56090520640853,0.007228263803263111,0.003951726586968539
123.27677830218636,280.0000000000005,37.64090752887424,599.999958773925,1.6221371750255056,1219.506405736945,1.6221949999999987,282.05440287568524,158.47854466170975,1.5720219931982304,947.1880193991512,949.2406550909004,1.5713150000033873,278.76172822524705,949.2406550909008,1.521318499435131,241.46795996334293,1.5212074475227322,278.76172822524705,1.5207949914758792,129.01986116690608,261.13775175316476,129.01986116700664,1.4209241406534012,234.82095280381787,1.4202120771053357,261.13775175316476,234.82095280381787,271.4562934982289,1.4200598525042456,1.4114450023782754,259.2898040948777,1.361374970965417,50.81346231872564,174.1409034832859,50.813462318787884,1.2618919471207435,210.00008870179684,174.1409034832859,210.00008870179684,265.03391030684224,1.261620540432435,1.2516149605096056,172.32672998566,1.2009141274973127,154.13211321920377,0.007431474855195799,0.00415623613559165,122.95330248236908,281.25329986456427,37.49437183274966,599.9738254683416,1.6221438273930153,1219.4531099818207,1.6222045042508673,281.9944079849871,155.43817581944148,1.5720071367669595,944.3410125070557,946.3227277921687,1.5713201985836347,278.222390173417,946.002653562926,1.5212872618408593,237.53187702771353,1.5212055479123847,278.83218204498087,1.520775939435798,127.98072107872652,260.87492212310605,128.19589344185928,1.42089456629611,234.71786659963064,1.4201876179782837,260.7596103132463,234.74041265442622,271.4677629243623,1.4199310871376176,1.4114410288045631,258.62127129634445,1.361328449438832,50.49125475806651,173.25227976197215,50.61369429484529,1.2618027565252434,210.55411978409762,173.11938175920065,210.7024194859491,265.9677540384401,1.2615592824071757,1.2516134274367308,171.10492298503107,1.2008861232799835,151.55738675244933,0.007228452499155883,0.003951497579133606
123.27677830216942,280.00000000000057,37.64090752881782,599.9999587739235,1.622137175025505,1219.5064057361687,1.6221949999999978,282.0544028756457,158.4785446616508,1.572021993198258,947.1880193991465,949.2406550908963,1.5713150000034153,278.7617282252089,949.2406550908962,1.5213184994745141,241.46795996323215,1.5212074475621182,278.7617282252089,1.5207949915152676,129.02401820765442,261.13588152325536,129.02401820775674,1.4209241419558145,234.82571862672637,1.420212079136165,261.13588152325536,234.82571862672637,271.46300311660605,1.4200598548357926,1.4114450023688048,259.28784408096595,1.3613749701187974,50.81412533660075,174.14073472146566,50.81412533666352,1.2618918542069184,210.00008794232255,174.14073472146566,210.00008794232255,265.0312543682435,1.26162044853004,1.251614960421467,172.32665309752673,1.2009141299206507,154.10072779778636,0.007431329602550652,0.00415605874701245,122.95312005084494,281.2571711657355,37.49483348826852,599.9738225988492,1.622143824333586,1219.4530974257339,1.6222045050726612,281.9941279776219,155.4382712500148,1.5720071365497241,944.3410280386875,946.322766113755,1.5713202025557869,278.2222957925189,946.0025072441407,1.5212872591641244,237.53020035188365,1.5212055497489672,278.83256579148986,1.5207759423611937,127.98492038842123,260.87354158930896,128.2001406151327,1.420894579199149,234.72291822330607,1.420187606874442,260.75800803567876,234.7452465984436,271.47500486336406,1.419931093686986,1.4114410333480822,258.619680524828,1.3613284408319715,50.493551742613896,173.25325227418801,50.61587219057979,1.2618027926126436,210.55547583344554,173.12035427141652,210.70419435279808,265.96572666510605,1.2615593266058436,1.2516134307965485,171.10582606581585,1.2008861328222407,151.55395425420573,0.007228644486283654,0.003951271970714545
123.27677830216052,280.0000000000007,37.64090752876707,599.9999587739228,1.6221371750255043,1219.5064057354657,1.6221949999999974,282.05440287562425,158.47854466159313,1.5720219931982724,947.1880193991396,949.2406550908886,1.5713150000034295,278.7617282251882,949.2406550908884,1.5213184995141125,241.46795996316365,1.5212074476017197,278.7617282251882,1.520794991554872,129.02815650257864,261.1340197689304,129.02815650268235,1.4209241432531643,234.83046295026259,1.4202120811585461,261.1340197689304,234.83046295026259,271.4696823425992,1.4200598571575134,1.4114450023593998,259.2858929546312,1.3613749692972845,50.81477335843046,174.14055801904442,50.814773358495245,1.2618917611724942,210.0000871874239,174.14055801904442,210.0000871874239,265.0286176719345,1.2616203565260207,1.2516149603418283,172.32656770166173,1.2009141323502357,154.0694480907589,0.007431182558335403,0.00415588176215805,122.9529500349073,281.26104777005895,37.495293712297396,599.9738219025753,1.6221438207415892,1219.4530883638931,1.622204505502458,281.9938584313039,155.43838822942726,1.57200713631599,944.341051336135,946.3228288218055,1.571320206523619,278.22221973465224,946.0023887956003,1.521287255919971,237.52861744487515,1.5212055517814516,278.832973046794,1.5207759449964675,127.98912488814442,260.87220271136255,128.2043958617837,1.4208945951581706,234.72795926073675,1.4201875987036905,260.75644320630016,234.75006400145355,271.482209437765,1.4199311020412984,1.4114410377334234,258.61813295317705,1.3613284328253104,50.49584650417057,173.25424608229181,50.6180500863143,1.2618028318725625,210.5568446516197,173.12135517814963,210.70597432717756,265.9637292529543,1.2615593741646438,1.2516134340565412,171.10674413134817,1.2008861422297838,151.55061344205876,0.00722884019732929,0.0039510501843750745
123.27677830215399,280.00000000000074,37.640907528720746,599.9999587739214,1.6221371750255038,1219.506405734832,1.622194999999997,282.0544028756068,158.47854466154104,1.572021993198283,947.1880193991308,949.2406550908784,1.5713150000034402,278.76172822517367,949.2406550908781,1.5213184995538505,241.46795996310502,1.5212074476414603,278.76172822517367,1.520794991594616,129.0322761302616,261.1321664606429,129.03227613036734,1.420924144545679,234.83518586212,1.4202120831726965,261.1321664606429,234.83518586212,271.47633129691815,1.4200598594696263,1.4114450023500247,259.2839506847565,1.3613749684995842,50.81540664279281,174.1403735899387,50.8154066428579,1.261891668034061,210.00008643775425,174.14037358993866,210.00008643775425,265.0260001783131,1.261620264436365,1.2516149602699915,172.32647401100604,1.2009141347857029,154.03827377642392,0.007431033801785447,0.004155705185566899,122.95278987384145,281.26491376807786,37.49575178909131,599.9738225144523,1.6221438167869935,1219.4530813754013,1.6222045056627568,281.99359969473477,155.4385206008677,1.57200713601901,944.3410792930722,946.3229072068684,1.5713202104525719,278.22216096266436,946.0022912497434,1.5212872521947456,237.5271059807782,1.5212055537282287,278.83339516795394,1.5207759469064366,127.99332823452795,260.8709000193066,128.20865399178382,1.4208946129847373,234.73298706536144,1.4201875927327567,260.7549082513195,234.75486287853514,271.48938004434694,1.419931111839566,1.4114410418460444,258.6166184167173,1.361328425154761,50.49813554946542,173.25525104538454,50.620226076628214,1.2618028729831172,210.5582032547329,173.12237687372573,210.707744086496,265.9617418278633,1.26155942404969,1.2516134371824836,171.1076741846785,1.2008861511882796,151.54734712486538,0.007229039200162172,0.003950830949809794
123.27677830215184,280.0000000000008,37.64090752867925,599.9999587739208,1.6221371750255034,1219.5064057342584,1.6221949999999965,282.05440287560054,158.47854466149147,1.5720219931982864,947.1880193991196,949.2406550908652,1.571315000003444,278.76172822516503,949.2406550908652,1.5213184995936184,241.46795996307094,1.5212074476812314,278.76172822516503,1.52079499163439,129.03637716866334,261.1303215673362,129.03637716876983,1.4209241458335478,234.83988744997788,1.420212085178802,261.1303215673362,234.83988744997788,271.48295010129164,1.4200598617723204,1.4114450023406797,259.2820172387093,1.3613749677246156,50.816025443962815,174.14018163820805,50.816025444030146,1.2618915748069974,210.00008569379156,174.14018163820805,210.00008569379156,265.02340183095964,1.2616201722758793,1.2516149602054063,172.32637222930717,1.200914137226748,154.0072045344428,0.007430883405400997,0.004155529023457701,122.95263778290682,281.2687638566399,37.49620628716026,599.9738241179922,1.6221438126341015,1219.4530756918148,1.6222045056795567,281.99334897830187,155.43867452114725,1.57200713557079,944.3411072500094,946.3230030108343,1.5713202142627274,278.2221153279444,946.0022111227896,1.5212872476183923,237.5256592618198,1.5212055552709578,278.83383526642774,1.520775948066924,127.99752927423215,260.86962762241467,128.21291212178394,1.4208946330749952,234.73799634405782,1.4201875891187705,260.7534082199307,234.75964190640778,271.4965138524584,1.41993112277237,1.4114410456341284,258.61513649192074,1.3613284171481,50.500419513638626,173.2562732480056,50.62240047909163,1.2618029166052491,210.55957207290706,173.1234218933696,210.70951639957974,265.95977188012864,1.2615594762609816,1.251613440120185,171.10861822377322,1.2008861598997993,151.5441724937686,0.007229241322075903,0.003950616805782897
123.27677830215153,279.9999999999999,37.64090752864168,599.9999587739208,1.6221371750255038,1219.5064057337404,1.622194999999997,282.0544028755984,158.47854466144412,1.572021993198287,947.1880193991093,949.2406550908461,1.5713150000034444,278.7617282251609,949.2406550908458,1.5213184996333897,241.46795996303948,1.5212074477210056,278.7617282251609,1.520794991674167,129.0404596952303,261.1284850572429,129.04045969533962,1.420924147116897,234.84456780130296,1.4202120871769888,261.1284850572429,234.84456780130296,271.489538878041,1.4200598640657236,1.4114450023313307,259.2800925830794,1.361374966971216,50.81663001196881,174.13998235810703,50.81663001203721,1.2618914815053208,210.00008495609444,174.13998235810703,210.00008495609444,265.02082255886455,1.2616200800580413,1.2516149601474722,172.3262625511376,1.2009141396729475,153.97624004560575,0.0074307314357622,0.004155353283376099,122.95249391729826,281.27256091367906,37.49665649075928,599.9738261118674,1.6221438083480675,1219.4530701097208,1.622204505628457,281.9931038410942,155.4388361374408,1.5720071351830662,944.3411289942939,946.3231092661421,1.571320217982165,278.2220852505153,946.0021449309581,1.5212872422895927,237.524272822818,1.5212055566300287,278.83428539071133,1.5207759486955215,128.00172339389843,260.86838467915453,128.21716563842546,1.4208946546932444,234.74298842010643,1.4201875871808358,260.7519288060842,234.7643997617909,271.50360916370835,1.4199311350975594,1.4114410492367626,258.6136774376412,1.361328409177451,50.502696491269596,173.25730660561558,50.62457170585407,1.2618029618136406,210.56092046095924,173.12448567367662,210.7112555137152,265.95780692592433,1.261559529764632,1.2516134429323924,171.1095697552417,1.2008861680949146,151.54107808800643,0.007229444660520548,0.003950404366063985
123.27677830215615,280.00000000000034,37.6409075286075,599.999958773919,1.6221371750255038,1219.506405733272,1.622194999999997,282.054402875606,158.47854466140103,1.5720219931982795,947.1880193990985,949.2406550908327,1.571315000003437,278.76172822517105,949.2406550908329,1.5213184996731193,241.4679599630461,1.5212074477607378,278.76172822517105,1.5207949917139023,129.0445237869459,261.1266568977368,129.04452378705656,1.4209241483958648,234.84922700344876,1.4202120891673993,261.1266568977368,234.84922700344876,271.49609774993246,1.420059866349983,1.4114450023220049,259.2781766835832,1.3613749662384542,50.81722059268222,174.1397759352509,50.817220592751596,1.261891388142024,210.00008422503186,174.1397759352509,210.00008422503186,265.01826227807686,1.2616199877953291,1.2516149600957167,172.32614516291503,1.2009141421239156,153.94537999165607,0.007430577954238953,0.004155177973882952,122.95236044974338,281.27631554549987,37.49709524243845,599.973828200689,1.6221438039742166,1219.4530641506544,1.6222045055626575,281.9928730006511,155.43900544974832,1.5720071346963491,944.3411429727624,946.3232190052303,1.5713202215720055,278.2220717675298,946.0020804810171,1.521287236393375,237.52293996599985,1.521205557536076,278.8347528008736,1.5207759486471677,128.00590828684741,260.8671661403322,128.2214151183782,1.4208946783488154,234.74795932366553,1.4201875869713294,260.7504775835709,234.76913644468448,271.51066994100904,1.4199311482994357,1.4114410526239478,258.6122484538562,1.3613284013628535,50.50496552964802,173.25834604776497,50.626738169065035,1.2618030087404797,210.5622637414809,173.1255656794221,210.71297675149393,265.9558444684852,1.2615595844314051,1.2516134455164287,171.11052977806713,1.200886175953244,151.53806963795986,0.007229649215598434,0.0039501957461436105
123.27677830216174,280.0000000000012,37.640907528576996,599.9999587739181,1.622137175025503,1219.5064057328482,1.6221949999999956,282.0544028756167,158.47854466136033,1.5720219931982706,947.1880193990864,949.2406550908208,1.5713150000034277,278.7617282251812,949.2406550908206,1.52131849971275,241.46795996306116,1.5212074478003719,278.7617282251812,1.5207949917535393,129.04856952038443,261.12483705565893,129.04856952049738,1.4209241496705092,234.8538651435897,1.4202120911500988,261.12483705565893,234.8538651435897,271.50262683993265,1.4200598686251686,1.4114450023126748,259.2762695053982,1.361374965525342,50.81779742789622,174.13956254669012,50.81779742796713,1.2618912947289704,210.00008350103283,174.13956254669012,210.00008350103283,265.01572089345063,1.2616198954991202,1.2516149600496433,172.3260202430002,1.200914144579194,153.91462405512624,0.007430423017634103,0.004155003104293501,122.9522364490732,281.28004366155926,37.49753256262763,599.9738301840147,1.6221437995522079,1219.4530574376427,1.6222045054716583,281.99265506216636,155.43919938930057,1.5720071343196245,944.3411538449046,946.3233444213311,1.5713202251294467,278.2220741875529,946.002028224308,1.521287230164107,237.52167855209322,1.5212055582951967,278.8352368054796,1.5207759483812227,128.01008625975845,260.8659770551415,128.22565883163264,1.4208947038719315,234.75290971637537,1.420187588228368,260.74905497315706,234.77385261672882,271.51769335370886,1.4199311629452676,1.411441055874773,258.61084572881293,1.3613283936322842,50.5072291693347,173.2594007012629,50.6289043147059,1.2618030575179544,210.56358659188058,173.12666748810045,210.7146698978549,265.9538845078113,1.2615596406490088,1.2516134480434224,171.11150228818215,1.2008861839687401,151.53513568286684,0.007229854122449367,0.00394999179167995
123.27665198200303,280.0000037829497,37.640899806869385,599.9999099679424,1.6221372718678722,1219.5063564355364,1.622195096805854,282.0541301402242,158.47859331451787,1.572022196121997,947.1880739532801,949.2406821101345,1.5713152043659444,278.7614557899138,949.2406821101315,1.521317928211584,241.4672460962296,1.5212068759208999,278.7614557899138,1.5207944192344263,129.0526002387905,261.12258959897986,129.05260023993458,1.4209204440663383,234.85865294055168,1.4202083893610922,261.12258959897986,234.85865294055168,271.50935438329407,1.4200561677147603,1.4114413281951,259.27392326891015,1.3613761296471014,50.81836806964661,174.1432018763088,50.81836806964857,1.262115754476513,219.68362914655745,174.1432018763088,219.68362914655745,273.66198787974906,1.2618412060440316,1.2516534320743742,172.36308068990812,1.2009228927465323,153.90113483800445,0.007759789866427549,0.004251977768864901,122.9821334141582,280.9381123114013,37.36645746677544,599.9902543354441,1.622137899199023,1219.4773259318645,1.6221990773452817,282.0272445149625,156.03248202846513,1.5720102575151482,944.4116612404438,946.5022731337297,1.5713212640772314,278.4026632203869,946.3179078371237,1.521306817708475,238.66039595594762,1.521208375465463,279.15330319802473,1.520775523376847,128.11439487509642,261.3239987011368,128.37407576825262,1.420939359761194,234.75594201386122,1.4202180232300794,261.1117617214246,234.70065865875952,271.34429499762393,1.4199515857324139,1.4114428523183717,259.11370317452247,1.3613465307603456,50.526758142754,173.53095268108876,50.64850823444732,1.2619888109990747,218.32811064179606,173.18309753477845,218.4992154673329,273.1699129175585,1.2617131318954165,1.2516192306490403,171.32455542863653,1.2009108295314486,154.3121814822286,0.0074529092911444555,0.004165758202545774
123.27679851813537,279.999999723579,37.640909736755404,599.9999664988361,1.6221371494654568,1219.5064260887343,1.6221949744518587,282.05444557126907,158.478533129634,1.5720219603653542,947.188006339606,949.2406420754345,1.5713149669501958,278.76177027759195,949.2406420754346,1.521318668350435,241.4680612882554,1.5212076164028825,278.76177027759195,1.5207951602851877,129.05660515318985,261.12130649644143,129.05660515432126,1.4209243674627952,234.86304411742947,1.420212310247361,261.12130649644143,234.86304411742947,271.51555180483024,1.420060088285672,1.41144521649245,259.2725655673901,1.3613739681444281,50.818914516464716,174.13915200615355,50.81891451645948,1.2620828905064498,219.99823686570545,174.13915200615355,219.99823686570545,273.95815322858914,1.261808244658316,1.2516151090820102,172.3530571118034,1.200920434220482,153.90794495742685,0.008007346817671452,0.0043770376276532005,122.99557103621974,280.9232793944481,37.37551378814002,599.9816793322428,1.6221383170915813,1219.471201330865,1.6222001030347595,282.0441663050254,155.85963571132865,1.5720107109183428,944.2206206166288,946.2332956609397,1.5713213193828064,278.33513178630557,946.0870986628179,1.5213031469057479,238.36052103259112,1.5212017999132514,279.14094932617525,1.520767874168448,128.12327616713276,261.17545898699393,128.37043294495754,1.4209320784858568,234.85853662011368,1.4202047439257515,260.98257051874884,234.7564137633937,271.5051801753351,1.4199413031724755,1.4114429273927962,259.0301677640896,1.3613511234267657,50.48737436899081,173.5108544333241,50.619041540161355,1.2619949486330533,219.23266961605174,173.17390683799803,219.40214258559362,274.0487742643293,1.2617319830149056,1.251619224716595,171.1904933858304,1.2009052122851913,153.48384917236075,0.0074911579060708494,0.004206086492332988
123.27677992876605,279.99999992037743,37.64090719840037,599.9999575293273,1.6221371784482834,1219.5064004862306,1.6221950034223775,282.0544063815628,158.47854329214877,1.57202199049865,947.1880181075136,949.2406534070547,1.5713149972858735,278.76173165911086,949.2406534070542,1.5213184849252588,241.4679677094523,1.521207433000474,278.76173165911086,1.5207949769329268,129.06059746115005,261.11943185002997,129.0605974622787,1.4209241798460668,234.86765211509436,1.4202121234155909,261.11943185002997,234.86765211509436,271.5220348874125,1.4200599017576279,1.4114450285033797,259.2706048625859,1.361374935747711,50.819451470622084,174.1389816797688,50.81945147061792,1.2620825144712948,220.00007567546726,174.1389816797688,220.00007567546726,273.95743602910466,1.2618078690829613,1.2516147892911746,172.3529062184008,1.200917513131739,153.91437239722805,0.008048965684612202,0.004430214604233949,122.99064360032743,281.0625719924792,37.39335802649776,599.9771184534716,1.6221388123197158,1219.4669257078715,1.6222006686564838,282.05558209720886,155.83897499220308,1.5720112345160568,944.2102175296758,946.2303257379966,1.5713214812064216,278.31009975952065,946.066124561706,1.5213039392069494,238.28533183339223,1.5212017833105478,279.13411932975004,1.5207679568531836,128.12164073149773,261.1637844088979,128.36513565592975,1.4209308876146056,234.87152991228635,1.4202017147243955,260.9290053025038,234.7680626024808,271.5331413516405,1.4199392846261965,1.4114433122964907,259.0046629023432,1.361352575225286,50.46982004646542,173.5027548972781,50.605012563496516,1.26199586364032,219.4837558154634,173.16350176856017,219.637178370407,274.26571819166145,1.2617369350749923,1.2516193362922046,171.16951124284012,1.2009048958414845,153.25176587500684,0.007500814046143633,0.004213449747097612
123.27677794003671,280.00000016986445,37.640907588868444,599.9999588637234,1.622137174960969,1219.5064062176816,1.6221949999355318,282.0544021134541,158.47854496010098,1.5720219937869833,947.1880196837036,949.240655416114,1.5713150005960668,278.76172747229697,949.2406554161131,1.5213184989154573,241.46795821554397,1.5212074470035941,278.76172747229697,1.5207949909576952,129.06457048581527,261.11763920559633,129.06457048693972,1.4209241550614702,234.8722092991153,1.4202120994997744,261.11763920559633,234.8722092991153,271.52844880064436,1.4200598781606915,1.4114450025852188,259.26872629192684,1.3613749648133529,50.81997541826905,174.13871588443223,50.8199754182668,1.2620825247670573,220.0000859364152,174.13871588443223,220.0000859364152,273.95503277201465,1.2618078806956854,1.251614897812888,172.35272551501583,1.2009165678178255,153.92033705846762,0.008054964613884597,0.004452282308023449,122.98747219395075,281.1383222197797,37.401880402099444,599.974306045015,1.6221392826050023,1219.4635386092475,1.6222011568510797,282.06144098108285,155.83280278899267,1.5720113754303104,944.2125736782139,946.2472638791689,1.5713214536691915,278.30000653489856,946.0645882144607,1.5213038024220944,238.262465636522,1.5212016038152412,279.13141374400277,1.5207682015226347,128.1200035658532,261.1658158679568,128.36213408948194,1.4209301969058845,234.87262161877808,1.420200857528763,260.9006090561272,234.77157392754242,271.5422883191555,1.4199383495620421,1.4114434198355312,258.9932530555241,1.3613519503816127,50.464589349316235,173.50023589796191,50.60052212230581,1.2619958325760745,219.57538491264498,173.1595939731234,219.71875074003282,274.34061116029136,1.2617386692911388,1.2516191164893944,171.1655213040631,1.2009040924732237,153.2265779851408,0.0075057271055307805,0.00421858792359127
123.27677828093127,279.9999999916212,37.640907530598724,599.9999587856788,1.6221371750012685,1219.5064057854443,1.6221949999757608,282.05440282933387,158.47854467513605,1.5720219932331712,947.188019411532,949.2406551056526,1.5713150000385685,278.76172817968126,949.2406551056526,1.521318499926925,241.46795985199026,1.5212074480145974,278.76172817968126,1.5207949919678414,129.06852556706093,261.11586117920564,129.06852556818274,1.4209241558292363,234.87674313866418,1.4202121007993276,261.11586117920564,234.87674313866418,271.53483024514685,1.420059879716681,1.4114450021208267,259.26686293145144,1.361374961827877,50.82048681264565,174.1384479012433,50.820486812643296,1.262082461738416,220.00008449260991,174.1384479012433,220.00008449260991,273.9526375785384,1.2618078189656394,1.2516149318470178,172.35254200046037,1.2009161807999775,153.92590918630373,0.008055239530802002,0.004461276124460049,122.98564547318948,281.20757608552583,37.40831351807391,599.972417729146,1.6221395978140456,1219.4612122897126,1.6222015105507686,282.06768483149636,155.8313882616235,1.572011475834294,944.2192709178288,946.2677746373245,1.5713214490641736,278.294307726381,946.0667760286785,1.5213035192062705,238.2615926934468,1.5212015271930293,279.13247855413584,1.5207685781491873,128.12032534761778,261.1713236970953,128.3608682992124,1.4209295629592156,234.87367031865045,1.4202006764104387,260.8769994456772,234.77357472780366,271.55182874724005,1.4199376614658028,1.41144352441283,258.9872139684494,1.3613511778888667,50.4637366735925,173.50211804881974,50.5998107652855,1.261996048042969,219.64148146485383,173.15965431147256,219.78136395644023,274.3943265665824,1.2617401469740823,1.2516188497575178,171.16594187597724,1.200903311849214,153.26112645243742,0.007509902290512101,0.004225716393447821
123.27677830261555,279.9999999987406,37.64090752941095,599.9999587728905,1.622137175024795,1219.506405745482,1.6221949999992882,282.05440287654613,158.4785446620517,1.572021993197552,947.1880193988378,949.2406550905632,1.5713150000027043,278.76172822611784,949.2406550905632,1.521318499957632,241.4679599652693,1.5212074480452706,278.76172822611784,1.520794991998455,129.07246275068707,261.11409061267,129.0724627518058,1.4209241572097882,234.881256703419,1.4202121028675465,261.11409061267,234.881256703419,271.5411831175131,1.4200598820692623,1.4114450022397933,259.26500742108817,1.3613749606735008,50.82098587107269,174.1381810156725,50.82098587107172,1.2620823782770632,220.0000830268514,174.1381810156725,220.0000830268514,273.9502604534299,1.2618077367850369,1.2516149442543165,172.3523588937348,1.2009159803671627,153.93113446832388,0.0080546616797234,0.004464781790490348,122.98611167846256,281.27305940999423,37.41455767737089,599.9709698276067,1.6221398233931392,1219.4596627656745,1.6222017837307516,282.07487959110665,155.8281974942282,1.5720116075256692,944.2268985021864,946.2859773908468,1.571321461280863,278.2903260970619,946.0708241817376,1.5213032182031112,238.2714339545095,1.5212016814904272,279.1360705597472,1.5207689396410484,128.12214185757912,261.18113933026126,128.36071721171783,1.4209292993523968,234.87449406082152,1.4202008710943057,260.85581428988695,234.77429062260612,271.5637627743005,1.4199371423638958,1.411443633601828,258.98733679159625,1.3613506688716897,50.463580111532245,173.50939617204526,50.59963927743239,1.26199699345354,219.71244038609927,173.16370053018093,219.85537462715982,274.4461494248596,1.2617420101676275,1.2516186079247995,171.16979894999278,1.2009026425889608,153.31588024328485,0.007515626000843592,0.004232425263378535
123.27677830245818,279.99999999998073,37.64090752965844,599.9999587738148,1.6221371750255624,1219.5064057476698,1.622195000000056,282.0544028763095,158.47854466251903,1.572021993197788,947.1880193991873,949.2406550909488,1.5713150000029419,278.7617282258658,949.2406550909485,1.5213184999891751,241.46795996514976,1.5212074480768165,278.7617282258658,1.520794992030003,129.07638210072065,261.1123280754498,129.07638210183578,1.4209241584864278,234.88574982796237,1.4202121048287677,261.1123280754498,234.88574982796237,271.54750712309794,1.42005988431356,1.4114450022604248,259.26316032982174,1.3613749601729694,50.821472796392406,174.13791329606073,50.82147279639329,1.2620822884604452,220.00008184368824,174.13791329606073,220.00008184368824,273.9479014717863,1.2618076482421179,1.2516149495274227,172.35217432591904,1.2009158542049136,153.93604781653542,0.008054002224962699,0.0044659916794562516,122.98708591401576,281.3173831568283,37.41974539706191,599.9692527634639,1.6221400413576532,1219.4577343334477,1.6222020483861979,282.0791201509681,155.8173122520576,1.5720118391535596,944.2278490380501,946.2992662718632,1.5713215579084825,278.28622173800335,946.0735694008516,1.5213032303656027,238.27692612833303,1.5212023410928253,279.13833915847886,1.5207695428286114,128.12446180030116,261.18921046689496,128.36144842905804,1.4209294908606567,234.8748017235601,1.4202013143051966,260.8366618554541,234.7765818829582,271.576881145982,1.419936866259027,1.411443808789121,258.99081649840645,1.361350723021687,50.46436355697375,173.51878867271614,50.60015247071133,1.2619986558533356,219.78958452678103,173.17210733546722,219.93538664621767,274.49979242496005,1.2617445266484983,1.2516184838454203,171.1746500122615,1.200902428236182,153.39194532122403,0.007523159994145955,0.004237406370056627
123.27677830228613,280.00000000000546,37.64090752956645,599.9999587739335,1.6221371750255162,1219.506405746468,1.6221950000000098,282.0544028759367,158.4785446625023,1.5720219931980681,947.1880193992752,949.24065509104,1.5713150000032239,278.76172822549495,949.24065509104,1.5213185000260192,241.46795996421432,1.521207448113663,278.76172822549495,1.520794992066853,129.0802836913269,261.1105735809064,129.08028369243843,1.4209241597314004,234.8902225779674,1.4202121067550242,261.1105735809064,234.8902225779674,271.5538023395734,1.4200598865215697,1.4114450022544605,259.26132167073035,1.3613749597800748,50.82194779237649,174.13764308780745,50.82194779237757,1.2620821964113724,220.00008086184485,174.13764308780745,220.00008086184485,273.9455603939878,1.261807557466983,1.25161495207377,172.35198667856767,1.2009157618802049,153.94067839417198,0.008053372750645146,0.004466238202909851,122.98676885097551,281.3406852079875,37.42441778035978,599.9673910431471,1.6221402973440755,1219.4555920055295,1.6222023314333083,282.0805445969046,155.80061959773914,1.5720120967919469,944.2241447438753,946.3095625853628,1.571321669478651,278.2816727861425,946.0737157196369,1.5213031929406544,238.27347454266993,1.5212029724118565,279.1370586205785,1.520770070874608,128.1275020036396,261.1940097258066,128.36337104626014,1.420929744733604,234.87564002181767,1.4202016133232744,260.8223654833656,234.78079256181485,271.5886096677378,1.4199365548288245,1.411443993047089,258.993289055412,1.3613507946975092,50.46600539440082,173.5273435351281,50.60148944082539,1.2620004269118967,219.86796468984392,173.1813107083714,220.013383744493,274.5535852309719,1.2617470669087694,1.2516184376807264,171.17890368259515,1.2009024332879652,153.46232586117048,0.00753187197235267,0.004241285071016821
123.27677830225417,280.0000000000018,37.6409075294447,599.9999587739342,1.6221371750255038,1219.5064057447953,1.6221949999999974,282.054402875862,158.47854466237004,1.57202199319812,947.1880193992624,949.2406550910266,1.571315000003276,278.76172822542145,949.2406550910266,1.521318500063831,241.46795996398748,1.5212074481514781,278.76172822542145,1.5207949921046708,129.08416759684383,261.1088270949034,129.084167597952,1.4209241609664613,234.89467503897464,1.420212108668105,261.1088270949034,234.89467503897464,271.5600688824356,1.4200598887150908,1.411445002241979,259.25949140839026,1.3613749593763884,50.822411062014424,174.13736935358395,50.8224110620169,1.2620821035400733,220.0000800130552,174.13736935358395,220.0000800130552,273.9432369794391,1.2618074658742295,1.251614953477108,172.35179493724212,1.2009156871754911,153.94505164465994,0.008052783328028997,0.00446611876201185,122.98412417585611,281.3751026663452,37.43074425033066,599.9658611395338,1.6221405054022704,1219.4539262289472,1.6222025572033414,282.0795420798746,155.79100265867214,1.5720123234646712,944.2240577667374,946.3257517137108,1.5713217799364438,278.27510518935725,946.0796276953178,1.5213030381957715,238.2704984988867,1.5212033603470063,279.1335157068629,1.5207704596621026,128.1330830142446,261.1982619886999,128.3683304067695,1.4209297881964715,234.87879406111838,1.42020186352635,260.8126575663386,234.78801238074692,271.5986867873619,1.4199362784145368,1.4114441674980376,258.99382058316843,1.3613507805448053,50.46874761223114,173.53403247212066,50.60417005002559,1.2620020327351091,219.9472080255614,173.18973830250067,220.08806605547343,274.6094428617957,1.2617495160577517,1.251618396900868,171.18207845110624,1.2009023847010358,153.52777254304056,0.007540949490472651,0.004246814749736973
123.27677830225244,280.000000000001,37.640907529333276,599.9999587739314,1.6221371750255016,1219.5064057432628,1.6221949999999952,282.05440287585225,158.4785446622349,1.5720219931981232,947.1880193992339,949.2406550909925,1.5713150000032792,278.7617282254141,949.2406550909918,1.52131850010176,241.46795996393212,1.5212074481894096,278.7617282254141,1.5207949921426054,129.08803389127144,261.10708858378007,129.08803389237727,1.4209241621968185,234.89910729596653,1.4202121105732375,261.10708858378007,234.89910729596653,271.5663068698214,1.4200598908993576,1.4114450022289375,259.25766950761613,1.3613749589430741,50.82286280656519,174.13709146389198,50.82286280656868,1.2620820103696277,220.00007925317266,174.13709146389198,220.00007925317266,273.9409310075797,1.26180737398957,1.2516149543676915,172.3515984883145,1.2009156231236258,153.94919023397273,0.008052230520674854,0.004465837229254301,122.97966992900429,281.4132429376099,37.43705783689172,599.9651884440167,1.6221406117599335,1219.4533574715683,1.6222026757572663,282.0781643599492,155.78492588603504,1.5720124423501594,944.2268829705546,946.3411883454538,1.5713218413158043,278.2661867130573,946.0838988103353,1.5213026008518238,238.26561805499307,1.5212033108082608,279.12739719720844,1.5207705984128912,128.1403455940709,261.1996736591934,128.37528735155843,1.4209293492101913,234.88448019783962,1.4202019313540626,260.80503664950464,234.79729320920734,271.6095661136437,1.4199359238203868,1.4114442925511712,258.99100327429534,1.3613502905539518,50.47209575381598,173.53903599169635,50.60763251680793,1.2620032557410656,220.02669141521244,173.1951515143967,220.16151234407272,274.66718555033765,1.2617514487801953,1.2516183087184882,171.1834730316102,1.2009021878835582,153.5896320063789,0.007548877066377165,0.004254088892408857
123.27677830225883,280.0000000000008,37.64090752923262,599.9999587739294,1.6221371750255014,1219.5064057418772,1.622194999999995,282.05440287586066,158.4785446621084,1.572021993198113,947.1880193992039,949.2406550909525,1.571315000003269,278.76172822542117,949.2406550909519,1.5213185001396028,241.46795996389534,1.5212074482272553,278.76172822542117,1.5207949921804538,129.09188264828106,261.10535801446156,129.09188264938365,1.4209241634237002,234.9035194333311,1.4202121124716647,261.10535801446156,234.9035194333311,271.57251642031866,1.420059893075618,1.4114450022165728,259.2558559337548,1.3613749584848196,50.82330322510328,174.1368090495082,50.82330322510757,1.2620819170984539,220.00007855378482,174.1368090495082,220.00007855378482,273.9386422733304,1.2618072820129962,1.251614955010596,172.35139697429184,1.2009155665244562,153.95311455450457,0.008051710177333898,0.004465503131366698,122.97418223977115,281.44411789023826,37.44180680490357,599.9650080879818,1.6221406202555155,1219.4534227168224,1.6222027021351715,282.0756847430448,155.7796710476908,1.5720125147720287,944.2307053051308,946.3525106323337,1.5713219157369556,278.2561588290571,946.0851251011071,1.5213023227797717,238.25507576036105,1.5212033731418628,279.1195348881023,1.5207709392577453,128.1474501663641,261.19689365712173,128.38233425684032,1.4209286135672035,234.8919706276536,1.4202020036337872,260.79533841009953,234.80732963088812,271.6219592723904,1.4199355418426574,1.411444427705862,258.9842729893732,1.361349978198137,50.47538768549278,173.54133189123414,50.611208038545286,1.2620042927581139,220.10235437204898,173.19705749636722,220.23312502922224,274.7222442163007,1.2617529007452006,1.2516182796209838,171.1839495465818,1.2009023515837898,153.64733694346248,0.007555215726730939,0.004260431583660973
123.27677830226655,280.0000000000006,37.64090752914152,599.999958773928,1.622137175025502,1219.506405740627,1.6221949999999956,282.05440287587044,158.4785446619935,1.5720219931981005,947.1880193991751,949.2406550909323,1.5713150000032563,278.7617282254305,949.2406550909319,1.521318500177312,241.46795996390114,1.5212074482649673,278.7617282254305,1.5207949922181685,129.09571394123424,261.10363535408914,129.0957139423333,1.4209241646472655,234.9079115350467,1.420212114363558,261.10363535408914,234.9079115350467,271.57869765261256,1.4200598952440493,1.4114450022050216,259.2540506523312,1.3613749580104,50.82373251416655,174.13652190698508,50.82373251417193,1.2620818238007887,220.0000778966634,174.13652190698508,220.0000778966634,273.93637058281104,1.2618071900196601,1.2516149555214837,172.35119020096798,1.2009155157646036,153.95684303877562,0.008051218801840647,0.004465157008945351,122.96801060691668,281.47611711115195,37.44645342138179,599.9651134046813,1.622140569015739,1219.453920059646,1.6222026702574068,282.0723978819928,155.77705748134386,1.5720125441427995,944.2387040954874,946.3644669672789,1.5713219732802408,278.24610709054406,946.0872432397128,1.5213021499145034,238.24640437697462,1.5212034809982171,279.1115785438155,1.5207714350518595,128.15447573489072,261.1924642516717,128.38974907747163,1.420927839384876,234.8996178662182,1.4202023036470208,260.7826464194094,234.81860265828593,271.63339793542445,1.419935401985279,1.4114445782092473,258.9777400685423,1.361349884458982,50.479026403720894,173.54304874543794,50.61463779560749,1.262005472406315,220.17849232922208,173.19807209331404,220.30985290616817,274.77700077367575,1.2617542569464257,1.2516182338213637,171.1851772968965,1.2009026851362026,153.72215279833472,0.007560813683494967,0.004267619788182452
123.2767783022762,280.0000000000007,37.64090752905961,599.999958773926,1.6221371750255027,1219.5064057394961,1.622194999999996,282.05440287588704,158.4785446618866,1.5720219931980846,947.1880193991472,949.2406550908943,1.5713150000032408,278.76172822544584,949.2406550908943,1.5213185002148382,241.46795996389574,1.5212074483024964,278.76172822544584,1.5207949922557005,129.0995278431788,261.10192056966014,129.09952784427483,1.4209241658673832,234.91228368483672,1.4202121162487995,261.10192056966014,234.91228368483672,271.58485068533514,1.4200598974045389,1.4114450021941378,259.2522536287256,1.3613749575276677,50.82415086757113,174.13622993858363,50.824150867577984,1.262081730503561,220.00007727006715,174.13622993858363,220.00007727006715,273.9341157504246,1.2618070980369922,1.2516149559528151,172.35097807819756,1.2009154699183548,153.96039238436384,0.008050753454340103,0.0044648150393172496,122.96139589281897,281.4978176103198,37.448933477773814,599.9651525226141,1.6221404762923664,1219.4542653302813,1.6222026078234677,282.0691601878629,155.77199042574068,1.5720125864129508,944.2467758845132,946.3748834712084,1.5713220958100065,278.23492070694766,946.0847958838402,1.5213023416032625,238.23753652558148,1.5212039692107584,279.10340370602086,1.520772153079333,128.1611945150683,261.18341777906073,128.39736688588195,1.4209269169873793,234.9066292684564,1.4202028427071118,260.76606991545674,234.83141333773634,271.64710395037383,1.4199355578808746,1.4114448128440957,258.96918437754033,1.3613500427195815,50.482942678218116,173.54375150973993,50.618600435294745,1.2620066552270346,220.26512115404353,173.19991317353083,220.3991912759202,274.8373450915454,1.2617556874582765,1.2516181992933901,171.18511535994003,1.2009033420251998,153.80685929088384,0.007567401827181987,0.004276270164627076
123.27677830228367,280.0000000000007,37.640907528985416,599.9999587739248,1.6221371750255025,1219.506405738474,1.6221949999999958,282.0544028758994,158.47854466179177,1.5720219931980726,947.1880193991215,949.2406550908627,1.5713150000032283,278.76172822545914,949.2406550908629,1.5213185002522094,241.46795996389537,1.5212074483398703,278.76172822545914,1.520794992293077,129.10332442687417,261.10021362834914,129.10332442796454,1.4209241670839319,234.91663596606145,1.4202121181272798,261.10021362834914,234.91663596606145,271.59097563690034,1.4200598995569824,1.4114450021837726,259.2504648284707,1.3613749570425537,50.82455847631459,174.13593311377178,50.8245584763224,1.2620816372165193,220.00007666638137,174.13593311377178,220.00007666638137,273.9318775966931,1.2618070060749815,1.2516149563298051,172.35076058202878,1.2009154283707324,153.96377773298275,0.008050311586596602,0.00446448322194465,122.95245364423954,281.5308933711483,37.45360586107169,599.9654872510084,1.6221403129103389,1219.4548341819032,1.6222024879402528,282.06667394562857,155.77325872884427,1.572012625476818,944.2646993875645,946.3974949490528,1.5713222044080808,278.21986021219817,946.0895669213741,1.5213025679045475,238.23834249092712,1.5212045587414214,279.0922197424475,1.5207728986442082,128.16924021252242,261.1739888300031,128.40558443091197,1.4209260031353161,234.9108214213847,1.4202036368413031,260.74762815508154,234.84573785018864,271.6578536328133,1.419936146498912,1.4114451057783477,258.96250788068596,1.3613501857471182,50.49060977318945,173.5476314177044,50.6260122038202,1.2620077248945878,220.35240374276904,173.20512508858135,220.4883049143302,274.8951477024519,1.2617570819133195,1.2516180965479975,171.18673670962332,1.200904100735696,153.89847089258743,0.007574059413058878,0.004292134522662017
123.27677830229257,280.000000000001,37.64090752891853,599.999958773923,1.622137175025503,1219.5064057375498,1.622194999999996,282.05440287591443,158.47854466170378,1.5720219931980581,947.188019399099,949.2406550908321,1.5713150000032137,278.761728225475,949.2406550908321,1.5213185002894072,241.46795996391108,1.5212074483770708,278.761728225475,1.5207949923302801,129.10710376480364,261.0985144972615,129.10710376589452,1.4209241682967682,234.92096846184995,1.4202121199988689,261.0985144972615,234.92096846184995,271.5970726254771,1.4200599017012554,1.411445002173763,259.24868421704946,1.3613749565590871,50.824955528500865,174.13563144397915,50.82495552850888,1.2620815439436113,220.00007608076325,174.13563144397915,220.00007608076325,273.92965594699484,1.2618069141376536,1.2516149566655428,172.35053772981306,1.2009153906575243,153.96701282246426,0.008049890941861149,0.004464163345619101,122.94330638328802,281.56135467789807,37.45991658465278,599.9671768439817,1.6221399536115189,1219.4571419137899,1.6222021483986595,282.0649984345576,155.77048662460936,1.572012745613472,944.2821724732948,946.4177444236649,1.5713222926183668,278.2028488331691,946.0929845101442,1.5213030441043247,238.23199969993823,1.5212053289305596,279.08049715089123,1.5207739667762592,128.1764722288478,261.1602200986892,128.41284931738835,1.4209249290139292,234.91389606384965,1.420204296053342,260.7238132107416,234.86183688192023,271.6666988528699,1.4199370163788017,1.4114455046507721,258.95295986336265,1.3613506966969375,50.501438278525676,173.55345736419048,50.635019126949686,1.2620088981977515,220.45222021134316,173.21003987529065,220.59070068580712,274.9678784724275,1.261758518757728,1.251617987345366,171.1884169993136,1.2009049364578224,153.99831132146602,0.007579524610700618,0.00431499208890759
123.27677830230175,280.00000000000193,37.64090752885764,599.9999587739205,1.622137175025503,1219.5064057367154,1.622194999999996,282.05440287593194,158.4785446616259,1.5720219931980433,947.1880193990808,949.2406550908183,1.5713150000031986,278.7617282254961,949.2406550908183,1.5213185003264527,241.46795996395574,1.521207448414119,278.7617282254961,1.520794992367331,129.11086592916703,261.0968231435586,129.11086593025328,1.4209241695058106,234.92528125502412,1.4202121218634987,261.0968231435586,234.92528125502412,271.60314176894383,1.4200599038372947,1.41144500216401,259.246911759976,1.361374956079985,50.82534220933451,174.13532496721007,50.825342209343376,1.2620814506873401,220.00007551002483,174.13532496721007,220.00007551002483,273.9274506305693,1.2618068222274847,1.2516149569676367,172.3503095650105,1.2009153563964885,153.97011012027093,0.0080494894981756,0.004463855494561699,122.93548673652046,281.560235712765,37.46248539342363,599.968862438655,1.6221397256302066,1219.4594368213595,1.6222019109926122,282.0660358217451,155.75606891202284,1.5720127146698073,944.287193849843,946.4229387405073,1.5713221949366907,278.1901267721015,946.0825296845588,1.521302630234232,238.2171797609786,1.5212052377013965,279.06777820128184,1.5207742133556794,128.18065539178733,261.1435922612641,128.41686755274057,1.4209234241121418,234.9141488104435,1.4202042626894402,260.7007501755438,234.87509284529122,271.67348505696737,1.419937147778728,1.4114457142389951,258.94082959525775,1.3613501351623059,50.50944358565558,173.55579585550413,50.64126414293379,1.2620095564953806,220.54230172678302,173.2110818526648,220.67621096144893,275.03565815703206,1.2617592755629856,1.25161767437464,171.18720673120436,1.200904944001819,154.09639825374603,0.007585956618655566,0.0043339462274175075
123.27677830231084,280.000000000001,37.640907528803034,599.9999587739204,1.6221371750255043,1219.506405735961,1.6221949999999974,282.05440287594786,158.47854466155258,1.5720219931980282,947.1880193990594,949.240655090799,1.571315000003184,278.76172822551035,949.2406550907986,1.5213185003633187,241.4679599639651,1.5212074484509879,278.76172822551035,1.5207949924042026,129.114610991909,261.095139534414,129.11461099299203,1.4209241707109763,234.92957442815475,1.4202121237210998,261.095139534414,234.92957442815475,271.609183184848,1.4200599059650374,1.4114450021544171,259.2451474228083,1.3613749556069124,50.82571870112211,174.13501373747602,50.82571870113177,1.2620813574500307,220.00007495214453,174.13501373747602,220.00007495214453,273.92526148001326,1.2618067303467122,1.2516149572410153,172.35007614678432,1.200915325256788,153.97308094278407,0.00804910543358525,0.0044635590974249,122.9298534745356,281.56464793546974,37.46574060164034,599.97055918426,1.6221395656532107,1219.4618855989866,1.622201715950252,282.0718835471687,155.7401751039553,1.5720126439363242,944.2871891903535,946.4260201444289,1.5713220510730777,278.18598507554486,946.0729876094912,1.5213018191712158,238.21133260518843,1.5212047643161961,279.0602139007259,1.5207743081530034,128.18684017570325,261.13299021613017,128.42295949278952,1.420922206585929,234.91488720101609,1.4202043101950272,260.6874274563679,234.88698715292887,271.6785066328699,1.4199370415448784,1.411445809178361,258.93146623618287,1.3613490786551647,50.51632310677409,173.56066247294308,50.64687687685208,1.2620103471134767,220.61914963069572,173.21373471184802,220.75170026224845,275.0933259426183,1.261760123608768,1.2516173698006063,171.1907636107776,1.2009046972951742,154.20381997674193,0.0075925945573510996,0.004347108942701706
123.27677830232031,280.0000000000015,37.64090752875357,599.9999587739188,1.6221371750255043,1219.5064057352788,1.622194999999997,282.0544028759647,158.4785446614864,1.572021993198013,947.1880193990396,949.2406550907779,1.5713150000031688,278.7617282255251,949.240655090778,1.5213185004000152,241.4679599639872,1.521207448487687,278.7617282255251,1.5207949924409043,129.11833902470758,261.09346363706584,129.11833902578837,1.420924171912239,234.9338480635364,1.42021212557166,261.09346363706584,234.9338480635364,271.6151969904008,1.4200599080844758,1.411445002144947,259.2433911711553,1.3613749551409566,50.82608518330823,174.13469781876424,50.826085183319634,1.2620812642343242,220.00007440572756,174.13469781876424,220.00007440572756,273.92308833071263,1.2618066384978475,1.251614957489316,172.34983754405806,1.2009152969448118,153.97593556279463,0.00804873710195295,0.0044632733632287485,122.92707696140707,281.5834210945739,37.46994488771444,599.9720696977006,1.622139442746301,1219.4642322097952,1.6222015423935334,282.08116354220135,155.7284494570583,1.5720125186437677,944.2892114088087,946.4297251450741,1.571321909535733,278.18926247816233,946.0679988356698,1.521300863663195,238.22189276054831,1.5212042214224788,279.05967458130783,1.5207744084384662,128.19670814981697,261.12901103047983,128.43306851485102,1.4209214235752066,234.91841837528665,1.4202050954775713,260.6821068681742,234.89961191145554,271.68583462367974,1.4199371682003805,1.4114458992278531,258.92916181983014,1.3613481291155756,50.52405847931734,173.56786149715626,50.65363699153572,1.2620115498946267,220.68682440982926,173.22012043595993,220.82596375572783,275.1411040412882,1.2617613642731251,1.2516171033710564,171.19797626925785,1.2009044555729558,154.3336532199895,0.00759925139628973,0.004355572361113933
123.2767783023285,280.000000000001,37.64090752870875,599.9999587739189,1.6221371750255047,1219.5064057346626,1.6221949999999976,282.0544028759805,158.4785446614273,1.5720219931979997,947.188019399023,949.2406550907613,1.571315000003155,278.76172822554065,949.2406550907616,1.5213185004365553,241.46795996401124,1.5212074485242293,278.76172822554065,1.5207949924774495,129.12205009898526,261.0917954188594,129.12205010006318,1.42092417310959,234.93810224316712,1.4202121274151844,261.0917954188594,234.93810224316712,271.6211833024429,1.4200599101956213,1.4114450021355784,259.2416429707348,1.3613749546827352,50.826441832470884,174.13437728051252,50.826441832481834,1.2620811710430402,220.00007386985433,174.13437728051252,220.00007386985433,273.9209310206489,1.2618065466835593,1.2516149577153972,172.34959383105146,1.2009152711967452,153.97868330671804,0.008048383014215397,0.004462997459678299,122.92523596272132,281.58638025355134,37.471772900420135,599.9729315159738,1.6221393819854668,1219.4654800470282,1.6222014191867429,282.090040089511,155.71318056532579,1.5720123976629208,944.2809780908125,946.4257954405816,1.5713218625308543,278.19272587683554,946.0587650751852,1.5213001321621153,238.22922012416169,1.521204015737509,279.0596994729733,1.5207745927867433,128.20714645039158,261.1235978737291,128.44384647391146,1.4209210972641466,234.9235348397113,1.4202062775129514,260.6756619927796,234.9131444404711,271.69769561992945,1.4199372033710045,1.4114459851210892,258.93118035472025,1.3613476191020673,50.53174018251336,173.5772306737594,50.66037392360218,1.2620133341720157,220.75626128698553,173.22710650129372,220.90971704087738,275.1902054255087,1.2617630438224983,1.2516169469769618,171.20594116206433,1.2009045610766438,154.4826545878194,0.00760565119046343,0.004360387303226162
123.27677830233753,280.0000000000008,37.64090752866833,599.9999587739178,1.6221371750255056,1219.506405734106,1.6221949999999987,282.05440287599714,158.47854466137295,1.572021993197985,947.1880193990061,949.2406550907463,1.5713150000031406,278.7617282255575,949.2406550907461,1.5213185004729217,241.46795996403966,1.5212074485605984,278.7617282255575,1.5207949925138213,129.12574428590798,261.09013484714865,129.12574428698082,1.4209241743030048,234.9423370487939,1.4202121292516634,261.09013484714865,234.9423370487939,271.62714223745144,1.4200599122984685,1.4114450021262825,259.2399027872892,1.3613749542325615,50.826788822377424,174.13405219516903,50.82678882238937,1.2620810778790772,220.00007334391745,174.13405219516903,220.00007334391745,273.9187893902457,1.2618064549065813,1.251614957921602,172.34934508485745,1.2009152477741654,153.9813326426612,0.00804804182273155,0.0044627305834840005,122.92479676134886,281.6208242276704,37.476029435878544,599.9733118292082,1.6221392404358674,1219.46653501929,1.6222012866504214,282.08992397188626,155.723006835973,1.5720124864984342,944.2914231131714,946.4360011757861,1.5713219263466407,278.19568556500093,946.0703364524534,1.5213004446246605,238.24624586301468,1.5212045396532097,279.06095926781904,1.520775229700975,128.21506009045484,261.1222657280414,128.45094527947776,1.4209212936959346,234.92976418311724,1.4202067687531954,260.67247426829124,234.92124424099953,271.7056922106424,1.4199375320770997,1.4114461724280694,258.9332874069818,1.3613482940864052,50.53658757254949,173.57916657138202,50.66444136142188,1.2620139744920387,220.76588898197923,173.23079271808692,220.92112726401584,275.19095944859595,1.2617635567596686,1.2516170539891518,171.20993709474038,1.2009050257958038,154.51029794596153,0.007609042226737348,0.004360331252364637
123.27677830234646,280.00000000000057,37.64090752863178,599.9999587739176,1.622137175025506,1219.5064057336026,1.6221949999999987,282.05440287601465,158.47854466132293,1.5720219931979706,947.1880193989907,949.2406550907339,1.5713150000031255,278.76172822557567,949.2406550907342,1.5213185005091203,241.4679599640752,1.5212074485968001,278.76172822557567,1.5207949925500257,129.129421656396,261.08848188946126,129.12942165746682,1.4209241754924622,234.9465525618652,1.420212131081089,261.08848188946126,234.9465525618652,271.63307391151614,1.4200599143930162,1.4114450021170262,259.2381705867311,1.3613749537905502,50.82712632401275,174.1337226365723,50.82712632402639,1.2620809847454084,220.0000728275076,174.1337226365723,220.0000728275076,273.9166632820487,1.2618063631697143,1.2516149581099871,172.34909138393107,1.2009152264612117,153.9838912602786,0.008047712307666752,0.00446247198565495,122.92408022681296,281.6348722780848,37.47710233761928,599.9735309128404,1.6221392162947033,1219.467002218806,1.6222012607338128,282.0879367216067,155.72629303394163,1.5720124470385934,944.295629079052,946.4410683346375,1.5713218917593268,278.19722193390726,946.0749594293117,1.5213003120831086,238.25411351364644,1.5212045685365267,279.06102910276934,1.5207753222740312,128.22055460058547,261.1230542438401,128.4560949410299,1.4209214071634466,234.93352296165034,1.4202071587494485,260.6699732341889,234.92754371827706,271.7110846019019,1.419937636918564,1.4114461859959007,258.9330044902158,1.3613482533808763,50.5398810920768,173.57857434287934,50.66730330314824,1.262014220626614,220.76990350095275,173.2325917135728,220.92273102859303,275.18524185631156,1.261763611038734,1.251617001338698,171.212541443862,1.2009049317428246,154.56195446585627,0.007611231061706373,0.0043600029022083575
123.27677830235613,280.000000000001,37.640907528598916,599.9999587739164,1.6221371750255056,1219.5064057331474,1.6221949999999987,282.05440287603335,158.47854466127643,1.5720219931979549,947.1880193989764,949.2406550907165,1.5713150000031102,278.7617282255918,949.2406550907162,1.521318500545146,241.46795996410316,1.5212074486328278,278.7617282255918,1.520794992586056,129.13308228110998,261.08683651332217,129.13308228217699,1.4209241766779688,234.9507488635697,1.4202121329034818,261.08683651332217,234.9507488635697,271.63897844034653,1.42005991647929,1.4114450021078127,259.2364463349867,1.3613749533567647,50.827454505633824,174.13338867907123,50.82745450564873,1.2620808916449633,220.00007232026763,174.13338867907123,220.00007232026763,273.9145525408183,1.2618062714757126,1.2516149582823504,172.34883280708868,1.200915207062097,153.98636614321083,0.008047393364886902,0.0044622209782326505,122.9234070692324,281.6417928918223,37.47709589591436,599.9735674777688,1.6221392175581344,1219.467048977905,1.6222012639313892,282.0855442800962,155.72742896560482,1.5720124202388994,944.2974990875159,946.4443814099676,1.5713218795469572,278.1983206243628,946.0781470885621,1.521300235802331,238.26029332549342,1.5212046369675818,279.06075598588455,1.5207754793024981,128.22541189055508,261.12358272614705,128.4608778405723,1.4209215590571138,234.93685101234942,1.4202075901232252,260.6681298576071,234.93354148757868,271.715850853032,1.4199377418115977,1.411446200021902,258.9317800704996,1.3613482198417293,50.543472492359726,173.57779755001454,50.67057427516127,1.2620144588298927,220.77172688934147,173.23486530313272,220.92144903843737,275.17804118550447,1.261763665834743,1.2516169518997509,171.2149190238042,1.2009048480403883,154.62621782404136,0.007613141537438987,0.0043603191081062745
123.27677830236456,280.00000000000125,37.64090752856896,599.9999587739156,1.6221371750255054,1219.506405732737,1.6221949999999983,282.0544028760499,158.47854466123545,1.5720219931979413,947.1880193989632,949.2406550907019,1.5713150000030962,278.76172822560676,949.2406550907021,1.5213185005810068,241.4679599641325,1.5212074486686915,278.76172822560676,1.5207949926219224,129.1367262304766,261.08519868644333,129.1367262315408,1.4209241778595347,234.95492603480304,1.4202121347188674,261.08519868644333,234.95492603480304,271.64485593925497,1.420059918557321,1.4114450020986458,259.23472999814874,1.3613749529311856,50.82777353280089,174.13305039679588,50.82777353281538,1.2620807985805829,220.00007182193607,174.13305039679588,220.00007182193607,273.9124570133536,1.2618061798272415,1.2516149584402851,172.3485694328673,1.2009151893992496,153.98876363478286,0.00804708399507925,0.004461976933571349,122.92283983212417,281.6457119213641,37.47666716466506,599.9734350591358,1.622139239976953,1219.4667823712978,1.6222012910015893,282.08329027311123,155.72821857663897,1.572012405004926,944.2983797310368,946.4471649506497,1.571321879512398,278.1991814611263,946.0810264332293,1.52130020153519,238.26679463044226,1.5212047301680098,279.06042478844705,1.5207756818317464,128.2300027590637,261.1235928245351,128.46554713615885,1.4209217319465153,234.94012083870226,1.4202080189305477,260.6663706342589,234.93945919840422,271.7206352203322,1.4199378502629498,1.4114462189705035,258.9300935816342,1.3613482103585774,50.547186474702016,173.57707247573472,50.67405484343922,1.2620147098554344,220.77316210541215,173.237435006944,220.91960521992664,275.1709254047139,1.2617637415669634,1.2516169084274746,171.21713876440575,1.2009047796280161,154.69518582506117,0.007614994641429565,0.004360915150844726
123.27677830237265,280.00000000000057,37.640907528541845,599.9999587739158,1.6221371750255065,1219.5064057323652,1.6221949999999994,282.05440287606547,158.47854466119756,1.5720219931979282,947.1880193989504,949.2406550906915,1.571315000003083,278.76172822562353,949.240655090691,1.5213185006167098,241.46795996416364,1.521207448704397,278.76172822562353,1.5207949926576303,129.1403535746707,261.0835683766479,129.14035357573022,1.4209241790371554,234.95908415617248,1.4202121365272542,261.0835683766479,234.95908415617248,271.6507065231264,1.4200599206271225,1.4114450020895113,259.233021542458,1.3613749525137004,50.828083568393595,174.13270786318932,50.82808356840832,1.2620807055549887,220.00007133232793,174.13270786318932,220.00007133232793,273.9103765484058,1.2618060882268456,1.2516149585852179,172.3483013390948,1.2009151733115873,153.99108949760097,0.0080467832939279,0.004461739280810199,122.92236571191468,281.64719680400515,37.47593567328479,599.9731602313947,1.622139284148881,1219.4662715009583,1.6222013402385258,282.08132010920883,155.72877884645655,1.5720123923722773,944.2984061348108,946.4494154729034,1.5713218826508086,278.1999406569225,946.0835504322752,1.5213001721527817,238.2734812404429,1.5212048106592886,279.0600292875405,1.5207758808795322,128.23440390319854,261.12316532610845,128.47014492468688,1.420921908797376,234.94336419944318,1.4202084227018497,260.6646728427712,234.94528163302687,271.72552432174086,1.419937955981101,1.4114462349164552,258.9281406935985,1.361348190131855,50.55084456470635,173.5764052045793,50.677559547044645,1.26201497132385,220.77478630011137,173.240028034823,220.91788908967843,275.16416915811055,1.2617638184623063,1.251616865440062,171.21918618041065,1.2009047076232646,154.76561507324647,0.0076168439135505936,0.004361463152292489
123.27677830238065,280.0000000000002,37.640907528517445,599.9999587739158,1.622137175025507,1219.5064057320296,1.6221949999999998,282.0544028760814,158.47854466116382,1.5720219931979151,947.1880193989391,949.2406550906762,1.57131500000307,278.7617282256407,949.2406550906755,1.5213185006522392,241.46795996419166,1.521207448739929,278.7617282256407,1.520794992693165,129.1439643836222,261.08194555176004,129.14396438468037,1.420924180210844,234.96322330804847,1.42021213832867,261.08194555176004,234.96322330804847,271.65653030649935,1.420059922688729,1.411445002080422,259.23132093414665,1.3613749521042815,50.82838477268928,174.13236115124195,50.82838477270425,1.2620806125708528,220.00007085119915,174.13236115124195,220.00007085119915,273.90831099666184,1.261805996677023,1.2516149587184657,172.3480286030352,1.2009151586530111,153.9933489676137,0.008046490443216396,0.004461507501458051,122.92205268394005,281.64730286705094,37.47508966270604,599.9727841274523,1.6221393420202541,1219.4655847729105,1.6222014062494385,282.07981929762724,155.72931756743503,1.5720123805315753,944.2979712491215,946.4515719330815,1.5713218887397136,278.2007043470471,946.0859263706454,1.5213001268703215,238.28126182002623,1.5212048873794517,279.05966006116967,1.520776070087351,128.2388523342594,261.1226183300901,128.47486035385955,1.420922088647627,234.9466419654796,1.420208817673881,260.66310548879557,234.95102996393615,271.7305583525104,1.4199380807285193,1.4114462449252876,258.92637839320446,1.3613481566407237,50.554530918449764,173.57608373808043,50.6811925489698,1.26201527469595,220.77695189304364,173.2428010636596,220.9168931212308,275.15799965132686,1.2617639289589755,1.251616822618073,171.2212505791294,1.200904645070961,154.83642539177094,0.007618633568270781,0.004361960758008128
123.27677830239054,280.0000000000006,37.64090752849552,599.9999587739146,1.6221371750255065,1219.5064057317259,1.6221949999999996,282.05440287610145,158.47854466113176,1.5720219931978991,947.188019398927,949.2406550906652,1.571315000003054,278.7617282256605,949.2406550906652,1.5213185006875962,241.4679599642308,1.5212074487752885,278.7617282256605,1.5207949927285274,129.14755872701176,261.0803301797714,129.14755872806472,1.4209241813805877,234.967343570492,1.4202121401231165,261.0803301797714,234.967343570492,271.66232740349847,1.4200599247421464,1.4114450020713591,259.2296281396246,1.3613749517027962,50.82867730339461,174.13201033302585,50.82867730341055,1.2620805196306897,220.00007037840584,174.13201033302585,220.00007037840584,273.90626021070636,1.2618059051801145,1.2516149588411813,172.34775130102514,1.2009151452909785,153.9955468031506,0.008046204702778953,0.00446128112488665,122.92188763423701,281.64703770943646,37.47424222063731,599.9723525009426,1.6221394057498677,1219.4647932754835,1.6222014810361864,282.0787100779151,155.73026263795154,1.5720123709539708,944.2975860646538,946.4541325118066,1.571321896450743,278.20151747478513,946.0885148196323,1.5213000745938117,238.29011627587346,1.521204969242045,279.0594429505321,1.5207762530575493,128.24333421217034,261.1219884431367,128.47968650363893,1.4209222693467625,234.9499422272862,1.4202092019087067,260.66148848441213,234.95670683769322,271.7357084399947,1.4199382284760818,1.4114462506005956,258.9248350568344,1.361348119404348,50.55817662322013,173.57603201949541,50.68489033519502,1.2620155957812798,220.77931157213493,173.24578096683618,220.9161372067167,275.15211727253995,1.2617640575486668,1.2516167797732671,171.22333545700312,1.2009045941265328,154.90588334036977,0.007620280965351434,0.00436249346929041
123.27677830240029,280.0000000000008,37.64090752847575,599.9999587739144,1.6221371750255065,1219.5064057314512,1.6221949999999992,282.0544028761209,158.47854466110152,1.5720219931978834,947.1880193989192,949.24065509066,1.571315000003038,278.76172822568196,949.2406550906602,1.521318500722788,241.46795996428762,1.521207448810483,278.76172822568196,1.5207949927637245,129.15113667428886,261.0787222288279,129.15113667533905,1.4209241825464056,234.97144502328547,1.4202121419106266,261.0787222288279,234.97144502328547,271.66809792780776,1.4200599267874139,1.4114450020623361,259.22794312545534,1.3613749513091535,50.8289613156599,174.13165547978218,50.82896131567623,1.262080426736932,220.00006991376952,174.13165547978218,220.00006991376952,273.9042240449587,1.2618058137383819,1.2516149589544305,172.34746950848927,1.2009151331052847,153.99768732939629,0.008045925403186702,0.0044610597240187485,122.92179195662354,281.64547858266343,37.473245903610554,599.9718917047771,1.6221394744198934,1219.4639292253341,1.6222015606283988,282.07769535632997,155.73148014736287,1.5720123625697857,944.2970983714166,946.4567784431559,1.5713219028787604,278.20231020518617,946.090979594408,1.5213000196652375,238.29872068153037,1.5212050428522623,279.0593150350291,1.5207764231415006,128.24767192262402,261.12112629325856,128.48444864306757,1.4209224399158804,234.95321470020022,1.4202095536176564,260.65965184008905,234.96232681038467,271.7410159117068,1.419938373284164,1.4114462528041751,258.92320786190203,1.3613480672470128,50.56168545527655,173.5759235118759,50.6885563644104,1.2620158934692838,220.7815027027197,173.24879281384466,220.914804141256,275.1462124228663,1.2617641571895228,1.2516167352342917,171.22532942740847,1.2009045424636289,154.97386858104105,0.007621791939382551,0.004363042136450751
123.27677830240819,280.0000000000008,37.640907528457504,599.9999587739135,1.6221371750255067,1219.5064057312038,1.6221949999999996,282.05440287613703,158.47854466107475,1.5720219931978707,947.188019398909,949.2406550906512,1.5713150000030254,278.7617282256963,949.2406550906514,1.5213185007578216,241.4679599643208,1.521207448845519,278.7617282256963,1.520794992798763,129.15469829465502,261.07712166717556,129.154698295702,1.4209241837083018,234.97552774592674,1.4202121436912183,261.07712166717556,234.97552774592674,271.67384199274795,1.420059928824554,1.4114450020533498,259.22626585830415,1.361374950923261,50.82923696214226,174.13129666209332,50.829236962159605,1.2620803338919306,220.00006945711755,174.13129666209332,220.00006945711755,273.90220235564783,1.2618057223540047,1.2516149590591703,172.3471833001469,1.200915121986907,153.99977447872942,0.008045651939119849,0.004460842911327549,122.92177845467322,281.64135803333465,37.47193036431804,599.9713868112657,1.6221395523503586,1219.46296350858,1.6222016485120498,282.07668795747793,155.7324498451241,1.5720123539656157,944.2960297951514,946.458856518271,1.571321907907129,278.2030344835072,946.0927092914767,1.5212999531292553,238.30649456334075,1.5212051004107503,279.0591815880449,1.5207765737631096,128.2517789651461,261.12004155807756,128.4890245181422,1.420922595374861,234.9564130694009,1.4202098646299786,260.6576994850697,234.9678455521105,271.7465096402929,1.4199385021055988,1.4114462503278753,258.9214209968786,1.361347989377132,50.5650999690127,173.5757450320532,50.6922395424111,1.2620161648518204,220.78338738147443,173.25178894245965,220.91269473115926,275.1401877284636,1.26176421986892,1.2516166878945174,171.2272679542479,1.200904485479513,155.04123207536935,0.0076232335339027355,0.004363559087037514
123.27677830241724,280.00000000000114,37.64090752844131,599.9999587739132,1.6221371750255065,1219.5064057309792,1.6221949999999992,282.05440287615556,158.4785446610495,1.5720219931978558,947.188019398899,949.2406550906411,1.5713150000030103,278.76172822571476,949.2406550906412,1.5213185007926822,241.46795996436288,1.521207448880382,278.76172822571476,1.5207949928336282,129.1582436570623,261.07552846307317,129.15824365810693,1.4209241848662657,234.97959181767226,1.4202121454648955,261.07552846307317,234.97959181767226,271.6795597112383,1.4200599308535768,1.4114450020443892,259.22459630487896,1.3613749505450143,50.82950439305242,174.130933949799,50.8295043930699,1.2620802410979626,220.00006900829493,174.130933949799,220.00006900829493,273.9001950008163,1.2618056310290928,1.2516149591562713,172.3468927499257,1.2009151118369723,154.00181182730142,0.008045383763367048,0.00446063033517495,122.92182431474586,281.6353601680954,37.47034427341913,599.9708387909719,1.6221396409038422,1219.461901156355,1.6222017460710296,282.0757687801245,155.73295008603267,1.5720123413742142,944.2943244219841,946.4602151926965,1.5713219099029248,278.2037376730562,946.0936446865682,1.5212998608250734,238.313538387899,1.521205128204362,279.05903707809824,1.5207766971132617,128.25571012337033,261.1189319976927,128.49345795576963,1.4209227354973348,234.9595644621404,1.4202101492444883,260.6557976219906,234.97328622028118,271.75211546268156,1.4199386197363806,1.4114462420726341,258.91954561448387,1.3613478750031187,50.5685230571416,173.57557365085978,50.69600782919816,1.2620164268489893,220.78516990961919,173.25477340904078,220.91019204121395,275.1342853755552,1.2617642586396813,1.2516166347021576,171.22918200599975,1.2009044073003599,155.1091857989449,0.007624607077719328,0.004364097603406257
123.27677830242551,280.000000000001,37.64090752842667,599.9999587739128,1.6221371750255067,1219.5064057307768,1.6221949999999996,282.05440287617216,158.47854466102663,1.5720219931978425,947.18801939889,949.2406550906321,1.571315000002997,278.7617282257312,949.2406550906323,1.5213185008273813,241.4679599643956,1.5212074489150837,278.7617282257312,1.5207949928683329,129.1617728302343,261.07394258503365,129.16177283127564,1.4209241860203208,234.98363731745468,1.4202121472316946,261.07394258503365,234.98363731745468,271.68525119575645,1.420059932874524,1.4114450020354679,259.22293443212413,1.3613749501743542,50.829763756166074,174.1305674121511,50.82976375618375,1.2620801483572683,220.00006856710746,174.1305674121511,220.00006856710746,273.8982018402168,1.2618055397657186,1.2516149592465404,172.34659793110052,1.2009151025658382,154.00380262821295,0.008045120381367753,0.00446042167646835,122.9219407108693,281.62844485751015,37.46859785564235,599.9702712644598,1.622139737071906,1219.4607853900152,1.6222018510730545,282.0749988470455,155.7329808700886,1.5720123226699747,944.2920925265003,946.4610878797314,1.5713219063044446,278.20452314338814,946.0940017740799,1.5212997347471582,238.31999057584616,1.521205122498713,279.05901426073825,1.520776790895159,128.25959168798929,261.1179234211881,128.4978446831411,1.4209228708094652,234.9627171781605,1.4202104230170394,260.65406154078164,234.97871100908472,271.7577478931951,1.4199387367483245,1.411446226903935,258.91767319678576,1.3613477227685218,50.572059517796895,173.57551381955557,50.6999139414079,1.2620166920186768,220.78681964197088,173.25786029870198,220.9075259102926,275.12867264740873,1.2617642945672534,1.2516165742225869,171.23113252063723,1.2009042941404136,155.17844318420728,0.007625885984712819,0.0043647170729028215
123.27677830243258,280.0000000000002,37.640907528413294,599.9999587739138,1.6221371750255078,1219.5064057305938,1.6221950000000005,282.05440287618654,158.4785446610057,1.572021993197831,947.1880193988819,949.2406550906217,1.5713150000029854,278.7617282257441,949.2406550906217,1.521318500861917,241.46795996442057,1.521207448949622,278.7617282257441,1.5207949929028737,129.16528588264538,261.0723640015529,129.1652858836826,1.4209241871704714,234.9876643239719,1.4202121489916357,261.0723640015529,234.9876643239719,271.69091655844306,1.4200599348874205,1.411445002026591,259.221280206973,1.3613749498112226,50.83001519687657,174.13019711781646,50.83001519689556,1.2620800556720424,220.00006813336637,174.13019711781646,220.00006813336637,273.8962227353428,1.2618054485659103,1.2516149593307118,172.34629891630703,1.200915094092222,154.00574984159763,0.008044861346271946,0.004460216645623998,122.92215301739846,281.62159848790463,37.466827102535895,599.9697250059501,1.6221398327838878,1219.4596895162285,1.6222019559896799,282.07440710047166,155.7327299800329,1.5720122982571199,944.2896959957196,946.461735862919,1.571321897986469,278.2054351463528,946.0941097712786,1.5212995876377542,238.3260297344611,1.5212050963335377,279.0592742403552,1.520776864900415,128.26351534950575,261.11701035860364,128.5022556306453,1.4209230015376215,234.96592348704473,1.4202106949564088,260.65237931764216,234.98416954154345,271.76344769321616,1.419938858968821,1.4114462066326403,258.9158333907508,1.3613475460097744,50.5757290403249,173.57551787591518,50.703923263899604,1.262016947142055,220.78816803002303,173.26106431574686,220.90465037062074,275.1231398157484,1.261764333596486,1.251616507998812,171.23311700070246,1.2009041506697675,155.2480845049994,0.007627059713610321,0.004365388536870014
123.2767783024424,280.0000000000008,37.64090752840117,599.9999587739128,1.6221371750255074,1219.506405730429,1.622195,282.05440287620735,158.47854466098752,1.572021993197815,947.1880193988724,949.2406550906127,1.5713150000029694,278.7617282257647,949.2406550906132,1.5213185008962982,241.4679599644693,1.5212074489840055,278.7617282257647,1.5207949929372595,129.1687828825324,261.0707926814001,129.1687828835661,1.4209241883167092,234.99167291558962,1.4202121507447223,261.0707926814001,234.99167291558962,271.6965559109421,1.4200599368922755,1.4114450020177374,259.21963359665915,1.3613749494555074,50.83025885823239,174.12982313496747,50.83025885825218,1.2620799630444286,220.00006770693977,174.12982313496747,220.00006770693977,273.8942575493683,1.2618053574316468,1.251614959409428,172.34599577767952,1.2009150863424156,154.0076561619048,0.00804460625445735,0.004460014979810249,122.92249048855902,281.61538849657387,37.4651422388283,599.9692746433432,1.6221399152298441,1219.4587303529977,1.6222020474034051,282.0739412351666,155.73236211056476,1.5720122726095984,944.2874252711563,946.4623612015329,1.571321885795699,278.2065110194483,946.0941724793294,1.5212994382956817,238.33165586374375,1.5212050714049945,279.0599165836108,1.5207769391957928,128.26750475138272,261.116149471024,128.50670463835803,1.4209231345294686,234.96918272715283,1.4202109643293246,260.65063019268194,234.98967041898126,271.7692448676516,1.4199389934629374,1.4114461846595716,258.91409607851426,1.3613473697071783,50.57947255668667,173.57560508764675,50.70793703237268,1.2620171848165807,220.78902609514716,173.26443616467049,220.90140198122234,275.11761447438363,1.2617643759858517,1.251616439741463,171.23513544619544,1.200903991706986,155.31701239335194,0.007628052195609606,0.004366120905713528
123.27677830245068,280.0000000000005,37.64090752839049,599.9999587739128,1.6221371750255074,1219.5064057302789,1.6221950000000003,282.05440287622423,158.47854466096848,1.5720219931978014,947.1880193988638,949.2406550906031,1.5713150000029557,278.7617282257851,949.240655090603,1.5213185009305026,241.4679599645149,1.5212074490182126,278.7617282257851,1.520794992971469,129.17226389789306,261.0692285932397,129.17226389892522,1.420924189459042,234.99566317047837,1.420212152490977,261.0692285932397,234.99566317047837,271.7021693646156,1.420059938889117,1.4114450020089175,259.2179945682992,1.3613749491072014,50.830494880978705,174.12944553149146,50.830494880998174,1.2620798704766165,220.0000672875932,174.12944553149146,220.0000672875932,273.8923061471751,1.2618052663649524,1.2516149594833217,172.3456885869499,1.2009150792496044,154.00952404263177,0.008044354741469148,0.0044598164404487,122.92291168733104,281.6096292731877,37.46352465514981,599.9689569947582,1.6221399784665498,1219.4579797860936,1.6222021179992838,282.07344049970396,155.73176028227167,1.5720122489419432,944.2852368642413,946.4626799674558,1.5713218711425836,278.2077763457753,946.0939843551769,1.5212992969468087,238.3364670973168,1.5212050592590638,279.06077327176337,1.5207770219530587,128.27147742983465,261.1152111624695,128.5110936724088,1.4209232633900797,234.97248828208177,1.4202112199795678,260.6486593239513,234.99518122102353,271.775228298961,1.4199391235220482,1.4114461635319355,258.9124536365705,1.361347209790028,50.583066815100516,173.5756862148389,50.711718339533775,1.2620173960534504,220.78949598795322,173.26777759089708,220.8978369249329,275.11211659743594,1.2617644111380084,1.2516163739027264,171.23707347354332,1.200903834832275,155.38435583134662,0.007628905161670402,0.004366723822576175
123.27677830245986,280.00000000000085,37.640907528380595,599.9999587739122,1.6221371750255074,1219.506405730144,1.6221950000000003,282.05440287624344,158.4785446609508,1.5720219931977866,947.1880193988557,949.2406550905935,1.5713150000029406,278.7617282258004,949.2406550905936,1.5213185009645511,241.46795996454347,1.5212074490522638,278.7617282258004,1.5207949930055227,129.17572899648474,261.06767170602075,129.17572899751178,1.420924190597495,234.99963516646818,1.4202121542304387,261.06767170602075,234.99963516646818,271.7077570303304,1.420059940877989,1.4114450020001492,259.21636308929845,1.3613749487662705,50.83072340358456,174.12906437489883,50.83072340360548,1.2620797779707567,220.000066875134,174.12906437489883,220.000066875134,273.8903683952976,1.261805175367813,1.2516149595529407,172.34537741543278,1.2009150727531932,154.01135571875602,0.008044106478330098,0.004459620810945149,122.92332147928296,281.60457006590366,37.4619986868301,599.9687754255189,1.6221400243296624,1219.4574688142613,1.6222021687517092,282.0728257388261,155.7306643698812,1.572012220662849,944.2830422446734,946.4624744244016,1.5713218518153316,278.2091868734841,946.0934043057067,1.5212991473703679,238.3400838947128,1.5212050475784007,279.06161059973164,1.520777087714018,128.27529325409307,261.11406667849263,128.51527164530302,1.4209233666709824,234.97579449865103,1.4202114478702066,260.64641958563925,235.0005550635241,271.78133118376707,1.4199392202670489,1.4114461390634765,258.91081161815487,1.3613470475321001,50.58628252995284,173.57561015809625,50.71501566986497,1.2620175659153887,220.7895879235022,173.2707382263655,220.89417993309442,275.106721087861,1.2617644203137552,1.2516163083748728,171.23870331458355,1.200903667180426,155.4490661592529,0.007629681730292431,0.004366964264155517
123.2767783024673,280.00000000000034,37.64090752837156,599.9999587739123,1.6221371750255078,1219.5064057300222,1.6221950000000005,282.0544028762589,158.47854466093543,1.5720219931977746,947.1880193988496,949.2406550905704,1.5713150000029286,278.761728225816,949.2406550905706,1.5213185009984416,241.46795996456513,1.5212074490861567,278.761728225816,1.5207949930394182,129.17917824582264,261.066121988746,129.17917824684747,1.4209241917320592,235.00358898113203,1.4202121559631122,261.066121988746,235.00358898113203,271.7133190185983,1.4200599428589016,1.4114450019914178,259.2147391271327,1.3613749484326645,50.830944562274844,174.12867973245625,50.83094456229593,1.2620796855290397,220.0000664693792,174.12867973245625,220.0000664693792,273.8884441618336,1.2618050844422548,1.2516149596188053,172.34506233419404,1.2009150667982942,154.01315322706947,0.008043861168198453,0.004459427894631198,122.92369317090382,281.5998926855845,37.46053570406955,599.9686938348793,1.6221400573063451,1219.4571454152851,1.6222022047524434,282.07209172200936,155.729046667743,1.5720121884460203,944.2807311378675,946.461699283223,1.5713218292114324,278.210664124685,946.0923539458553,1.5212989910589165,238.34253081443256,1.5212050331795957,279.0623960700636,1.5207771349555308,128.27901162115043,261.11291504149096,128.5193037207311,1.4209234546719705,234.97913181231428,1.4202116552815902,260.6440952733275,235.0057926081233,271.78746294121925,1.4199392915365536,1.4114461104551246,258.9092648935601,1.361346884109785,50.58913875544976,173.57545804461097,50.71787665888103,1.2620177123800018,220.78970028917325,173.27332162039045,220.8909264361655,275.10179996367214,1.2617644209599346,1.2516162455080635,171.24007541796618,1.200903495509603,155.51102876945,0.007630408534307651,0.004366845445066729
123.276778302477,280.0000000000012,37.64090752836391,599.9999587739114,1.622137175025507,1219.506405729911,1.6221949999999998,282.05440287627925,158.47854466092093,1.5720219931977586,947.188019398841,949.240655090561,1.5713150000029126,278.7617282258377,949.2406550905607,1.5213185010321597,241.46795996461464,1.5212074491198773,278.7617282258377,1.520794993073141,129.18261171319017,261.0645794105357,129.18261171421216,1.4209241928627332,235.00752469177252,1.4202121576890097,261.0645794105357,235.00752469177252,271.7188554395001,1.4200599448318725,1.4114450019827167,259.2131226494099,1.361374948106344,50.83115849107435,174.12829167124772,50.83115849109565,1.2620795931536526,220.00006607014157,174.12829167124772,220.00006607014157,273.8865333165754,1.2618049935903002,1.2516149596813673,172.34474341402142,1.2009150613350956,154.01491842462224,0.00804361854334185,0.004459237512902351,122.92397213361299,281.59563955744846,37.45916147368782,599.9686630722332,1.622140085081998,1219.4569304539214,1.6222022349054208,282.07131551230196,155.72677634361946,1.5720121525141917,944.2782243325014,946.460326673675,1.5713218053742004,278.21207223237076,946.0907026338501,1.5212988235594536,238.34379222833917,1.5212050042595469,279.0630356475786,1.5207771541277515,128.2826088875437,261.11180211497674,128.5231397284181,1.4209235194135337,234.98252867360435,1.4202118354571356,260.6419472620401,235.01083166063307,271.7935584663312,1.4199393348552107,1.4114460782905007,258.90780922750525,1.3613467065347662,50.591729809911556,173.5753089733954,50.72039721275166,1.262017833332277,220.7901088916133,173.2754608430384,220.88852078929972,275.0975879207971,1.2617644157904997,1.251616186026741,171.24114432995702,1.2009033204260195,155.57004882898252,0.00763109067208822,0.004366474974805745
123.27677830248533,280.000000000001,37.64090752835659,599.9999587739114,1.6221371750255074,1219.5064057298114,1.622195,282.0544028762963,158.47854466090644,1.5720219931977453,947.1880193988342,949.240655090555,1.5713150000028993,278.76172822585056,949.2406550905553,1.521318501065724,241.46795996464368,1.5212074491534437,278.76172822585056,1.5207949931067102,129.18602946563146,261.0630439406465,129.18602946664913,1.4209241939895305,235.01144237540942,1.4202121594081578,261.0630439406465,235.01144237540942,271.7243664027454,1.4200599467969326,1.4114450019740539,259.2115136238442,1.3613749477872923,50.83136532183481,174.12790025826496,50.831365321856524,1.262079500846836,220.00006567722207,174.12790025826496,220.00006567722207,273.8846357308439,1.261804902814025,1.2516149597410542,172.34442072557061,1.2009150563184725,154.01665300543505,0.008043378362386099,0.0044590495035243,122.92409931577721,281.5917311342113,37.45786382802007,599.9686457603326,1.6221401122061059,1219.4567620051741,1.6222022642016045,282.0704622395464,155.7238903383777,1.5720121140497838,944.275503190617,946.458393175454,1.5713217833513282,278.2132075688893,946.0883928873113,1.5212986569974642,238.34374757651946,1.5212049671483412,279.06342769130947,1.5207771508155268,128.28600893285542,261.1104501932791,128.52669374455985,1.4209235482190017,234.98596192511081,1.4202119740980277,260.639777370912,235.01566229644897,271.7996817318286,1.4199393420749868,1.4114460450159056,258.9061426444602,1.3613465159714304,50.594095389600966,173.57499764779556,50.72263227110386,1.2620179089439725,220.7907933007004,173.27707476711717,220.88690680966153,275.09402004334106,1.261764396663591,1.2516161307865463,171.24177169138716,1.2009031431870085,155.6250719477389,0.0076317140708035865,0.004365942245023799
123.27677830249453,280.0000000000008,37.640907528349935,599.9999587739117,1.6221371750255078,1219.5064057297218,1.6221950000000005,282.0544028763159,158.4785446608941,1.5720219931977302,947.188019398827,949.2406550905439,1.571315000002884,278.76172822587193,949.2406550905436,1.5213185010991395,241.46795996468853,1.521207449186862,278.76172822587193,1.520794993140131,129.18943156994862,261.0615155484333,129.18943157096248,1.420924195112474,235.01534210878623,1.4202121611205936,261.0615155484333,235.01534210878623,271.729852017621,1.4200599487541252,1.4114450019654456,259.2099120182868,1.3613749474755397,50.8315651842901,174.1275055606202,50.83156518431238,1.262079408610927,220.000065290377,174.1275055606202,220.000065290377,273.8827512775296,1.2618048121156005,1.2516149597982902,172.34409433955324,1.2009150517075435,154.01835851566022,0.008043140407829247,0.004458863719103602,122.9241087050645,281.58841666403043,37.45665636622113,599.96864209962,1.6221401370243103,1219.4566327760742,1.622202291360004,282.0694729731763,155.72067648294043,1.5720120755056315,944.2728053461802,946.4561879423479,1.5713217634711287,278.21407532000427,946.0857887613116,1.5212984968127654,238.34267146766462,1.5212049290821128,279.0636233674573,1.5207771325378483,128.28924635727537,261.10885591026874,128.5300142094218,1.4209235473701176,234.98942892027247,1.4202120733517074,260.6374677854161,235.02033678515454,271.80583839901476,1.4199393241286862,1.4114460114467728,258.9042532856384,1.3613463230072969,50.5963336236795,173.57450784237295,50.7246888550608,1.2620179397438416,220.79154921521447,173.27826733684174,220.88570143246335,275.0909040803843,1.2617643695240581,1.2516160795136748,171.24206539243886,1.200902963118999,155.67489474570047,0.007632252601197873,0.004365371234621788
123.27677830250164,280.000000000001,37.640907528344016,599.999958773911,1.6221371750255074,1219.5064057296408,1.6221950000000003,282.05440287633087,158.47854466088262,1.5720219931977186,947.188019398821,949.2406550905309,1.5713150000028722,278.761728225892,949.2406550905312,1.5213185011323902,241.46795996473236,1.5212074492201149,278.761728225892,1.5207949931733862,129.19281809271337,261.0599942033425,129.19281809372626,1.4209241962315522,235.01922396839456,1.4202121628263182,261.0599942033425,235.01922396839456,271.7353123930252,1.420059950703456,1.4114450019568765,259.20831780067795,1.3613749471710457,50.83175820605847,174.12710764521822,50.831758206081275,1.262079316448233,220.00006490943287,174.12710764521822,220.00006490943287,273.8808798311116,1.2618047214971682,1.2516149598534052,172.34376432643126,1.2009150474651995,154.0200363673227,0.008042904483784146,0.00445868002569845,122.92404057453358,281.5845665754684,37.4553572890634,599.9686031504809,1.6221401701709615,1219.4564552219895,1.622202325626151,282.0683783989303,155.71703011151763,1.5720120342226636,944.2697580400289,946.4535228502053,1.571321743284216,278.2147861153399,946.0827352276144,1.5212983370597977,238.34074027646244,1.5212048832899951,279.0635645954694,1.520777108361025,128.2922225502628,261.1070798562738,128.53304230268165,1.4209235296567355,234.9927397683238,1.4202121512357295,260.63500798639825,235.02489681008853,271.81186485622817,1.4199392807068894,1.411445976208592,258.9019992691287,1.3613461209321351,50.59838163326696,173.573721922699,50.72654028873419,1.2620179456923142,220.79238174268608,173.2790775946733,220.8845522381007,275.0876832532896,1.2617643173127664,1.2516160266207894,171.2421343222775,1.2009027758437785,155.72482928609236,0.007632789343254573,0.004364686214228225
123.27677830250998,280.0000000000002,37.640907528338666,599.999958773912,1.6221371750255082,1219.5064057295663,1.622195000000001,282.0544028763482,158.47854466087142,1.5720219931977053,947.188019398814,949.2406550905146,1.5713150000028588,278.76172822590047,949.240655090515,1.521318501165478,241.4679599647386,1.5212074492532048,278.76172822590047,1.5207949932064788,129.1961891002499,261.0584798749192,129.19618910125752,1.420924197346754,235.02308803044008,1.4202121645253347,261.0584798749192,235.02308803044008,271.74074763750104,1.4200599526449338,1.4114450019483316,259.2067309390595,1.3613749468737826,50.831944512690995,174.12670657909786,50.83194451271376,1.2620792243611665,220.0000645342089,174.12670657909786,220.0000645342089,273.87902126755307,1.261804630960974,1.2516149599067337,172.34343075677097,1.200915043557841,154.0216878507797,0.008042670413927797,0.004458498301557551,122.92392852386541,281.58061042386055,37.45405248594575,599.9685203466369,1.622140209994534,1219.4562162068753,1.6222023664932494,282.06725279024414,155.71316979090622,1.572011993990125,944.26655541756,946.4506556987893,1.5713217258318024,278.215341683484,946.0795336332416,1.5212981867925865,238.3385277787961,1.5212048401425557,279.0633640792755,1.5207770891646275,128.29503035566017,261.1051758893638,128.5358841315875,1.4209235047561344,234.9959619565752,1.4202122185920525,260.6325229414103,235.02935692733755,271.8177769551177,1.4199392263522888,1.4114459424785541,258.8995415356064,1.3613459246188884,50.60035437874026,173.57280822769746,50.72830597848104,1.2620179398760298,220.79321427015768,173.27970227405285,220.8835409470616,275.0844599294297,1.2617642596735683,1.2516159756302794,171.24205290514925,1.200902590140224,155.77431685676305,0.007633334068193907,0.004363986341973778
123.2767783025188,280.00000000000085,37.640907528333855,599.9999587739112,1.6221371750255078,1219.5064057294999,1.6221950000000005,282.054402876367,158.47854466086068,1.572021993197691,947.1880193988075,949.2406550905081,1.5713150000028444,278.7617282259236,949.240655090508,1.5213185011984147,241.4679599647924,1.5212074492861443,278.7617282259236,1.5207949932394202,129.19954465865493,261.05697253288565,129.1995446596587,1.4209241984581205,235.02693437084474,1.4202121662176972,261.05697253288565,235.02693437084474,271.7461578591139,1.420059954578617,1.4114450019398435,259.2051514016602,1.3613749465838185,50.83212422769653,174.12630242954395,50.832124227720065,1.2620791323522598,220.00006416443694,174.12630242954395,220.00006416443694,273.877175464292,1.2618045405093823,1.2516149599586202,172.34309370129284,1.2009150399550415,154.02331414601184,0.008042438039646802,0.0044583184359772016,122.92379148682942,281.57670200062336,37.45276987092281,599.9683931606077,1.622140256112599,1219.4559165426729,1.6222024136624011,282.06612822766266,155.70923097095223,1.5720119553827268,944.2632580521372,946.4476910015171,1.5713217110188507,278.215771064713,946.0763041686239,1.5212980467019022,238.33621704712647,1.521204799847941,279.0630674535956,1.5207770752146004,128.29769687694943,261.10317304240436,128.53857314298924,1.4209234765165888,234.9991100411132,1.420212276834845,260.63002948109903,235.03371581362094,271.82356337307715,1.4199391648810515,1.4114459104993802,258.8969338731392,1.36134573717659,50.602249319538586,173.57180934914413,50.7299900527126,1.262017926260637,220.79400082985478,173.2801728117673,220.88265223675447,275.08125408292614,1.2617642003543037,1.2516159270098957,171.24185061105752,1.20090240737793,155.82282739746623,0.007633883398508031,0.004363271625037726
123.27677830252935,280.00000000000136,37.640907528329805,599.9999587739105,1.6221371750255074,1219.5064057294394,1.622195,282.0544028763894,158.4785446608496,1.5720219931976738,947.1880193988005,949.2406550905032,1.5713150000028269,278.7617282259472,949.2406550905037,1.52131850123118,241.4679599648549,1.5212074493189118,278.7617282259472,1.5207949932721905,129.20288483378846,261.055472147017,129.20288483478964,1.4209241995656199,235.03076306527896,1.4202121679033874,261.055472147017,235.03076306527896,271.75154316560065,1.4200599565044936,1.411445001931377,259.20357915676635,1.3613749463011164,50.83229747259722,174.12589526390616,50.83229747262079,1.2620790404240454,220.00006379995153,174.12589526390616,220.00006379995153,273.8753423003259,1.2618044501447563,1.2516149600093136,172.34275323075997,1.2009150366291705,154.0249163328711,0.008042207218361947,0.004458140328271548,122.92362441959357,281.5729049435842,37.451523043149386,599.9682246306792,1.6221403079302676,1219.4555606225622,1.6222024665890105,282.0650155209348,155.70529369020105,1.5720119186452024,944.2599125386561,946.4447141110128,1.571321698536487,278.21607183900386,946.073102574251,1.521297915270517,238.33382594218133,1.5212047613531767,279.0626747184296,1.5207770653746333,128.300234224197,261.10108856680836,128.54112721365155,1.4209234462397216,235.00218931506024,1.4202123249689516,260.6275406492156,235.03797545385964,271.82922241171553,1.4199390971182952,1.4114458801401644,258.89420296399703,1.3613455587732957,50.60405629341867,173.5707394842977,50.731587112737216,1.262017906300207,220.79472099165537,173.28050086985056,220.88185035446588,275.0780232687707,1.2617641375456705,1.251615880865167,171.24154692017413,1.2009022284998958,155.87016894043705,0.007634433864393735,0.004362539266805696
123.27677830253523,280.000000000001,37.64090752832539,599.9999587739111,1.6221371750255074,1219.5064057293857,1.6221950000000003,282.0544028764016,158.4785446608415,1.5720219931976644,947.1880193987946,949.2406550904964,1.5713150000028175,278.7617282259571,949.240655090496,1.5213185012638255,241.4679599648743,1.5212074493515595,278.7617282259571,1.5207949933048406,129.2062096912755,261.05397868730125,129.20620969227565,1.4209242006693135,235.03457418909983,1.4202121695824792,261.05397868730125,235.03457418909983,271.75690366426124,1.4200599584226417,1.4114450019229827,259.20201417286034,1.3613749460257436,50.83246436692447,174.12548514977155,50.83246436694796,1.2620789485792097,220.00006344049234,174.12548514977155,220.00006344049234,273.8735216560714,1.2618043598696116,1.2516149600591135,172.34240941608783,1.2009150335552237,154.0264954003583,0.008041977821999996,0.004457963886831752,122.92342996047,281.5691131896973,37.450296256235696,599.9680183331674,1.6221403648668151,1219.4551522162694,1.622202524747381,282.0639073473274,155.70137180147782,1.5720118837115566,944.2565188771164,946.4417372205086,1.5713216881233578,278.2162557607541,946.069923624452,1.5212977913142534,238.33132097509596,1.521204724229727,279.06219140525883,1.5207770580732327,128.30264989411066,261.0989334024961,128.5435561469615,1.420923413246425,235.00520242497745,1.4202123627848653,260.6250577080585,235.04213783297453,271.83476482750876,1.4199390232187292,1.4114458511254593,258.8913661728317,1.3613453877764632,50.60576990168878,173.56960268951772,50.73310128696617,1.2620178793337982,220.79536964802895,173.2806986173814,220.88106379476878,275.0747550031374,1.261764069309131,1.2516158369308445,171.24114432995702,1.2009020540225266,155.91625839515038,0.007634980350873113,0.004361785071009293
123.27677830254275,280.0000000000007,37.640907528321875,599.999958773911,1.6221371750255082,1219.5064057293364,1.622195000000001,282.0544028764176,158.47854466083237,1.572021993197652,947.1880193987884,949.2406550904934,1.571315000002805,278.76172822597516,949.240655090493,1.521318501296287,241.46795996492256,1.5212074493840235,278.76172822597516,1.5207949933373068,129.20951929649738,261.0524921236523,129.20951929749214,1.4209242017691373,235.03836781746278,1.420212171254922,261.0524921236523,235.03836781746278,271.7622394620309,1.420059960333016,1.411445001914597,259.20045641840625,1.3613749457576305,50.832625028272446,174.12507215480684,50.83262502829534,1.2620788568204229,220.00006308593848,174.12507215480684,220.00006308593848,273.87171341343367,1.2618042696864484,1.2516149601082065,172.34206232827364,1.2009150307105019,154.0280522550422,0.00804174973561155,0.004457789028276151,122.92320655751043,281.56558129027263,37.44910525657153,599.9677790364934,1.6221404262027086,1219.4546975438423,1.622202587471818,282.06280893736414,155.6975176376776,1.57201185086777,944.2531003649659,946.4387934259198,1.571321679626106,278.2163321643383,946.0667934475815,1.521297673414565,238.32868875032443,1.5212046864206203,279.0616513944056,1.5207770525367403,128.30496464680422,261.0967563583431,128.54588935308018,1.42092337731033,235.0081619420305,1.4202123909634827,260.6226441933191,235.0462055975268,271.84021609632117,1.4199389443168895,1.4114458234116296,258.8884692406772,1.3613452226735896,50.60740634042412,173.56844561293974,50.73454845390436,1.2620178495914354,220.79593147638403,173.280816758855,220.88026191248017,275.0714143313136,1.2617639977124586,1.2516157951299207,171.2406718109181,1.200901883115084,155.9611444698451,0.007635519842548562,0.004361013253460545
123.27677830255206,280.00000000000097,37.640907528318905,599.9999587739105,1.6221371750255078,1219.5064057292914,1.6221950000000005,282.0544028764373,158.47854466082367,1.572021993197637,947.1880193987829,949.2406550904851,1.57131500000279,278.76172822599494,949.2406550904849,1.5213185013285964,241.4679599649679,1.5212074494163348,278.76172822599494,1.5207949933696208,129.2128137146131,261.0510124262537,129.2128137156048,1.4209242028651488,235.04214402520034,1.420212172920787,261.0510124262537,235.04214402520034,271.76755066542773,1.4200599622356924,1.4114450019062683,259.1989058621082,1.361374945496888,50.8327795723238,174.12465634722986,50.83277957234924,1.2620787651505896,220.0000627359841,174.12465634722986,220.0000627359841,273.86991745570145,1.2618041795979966,1.251614960156875,172.34171203875258,1.2009150280744807,154.02958772868897,0.00804152285612275,0.004457615676681401,122.92295017564919,281.5627812258639,37.4479793897015,599.9675107178581,1.6221404913968824,1219.454201665412,1.6222026545005233,282.06173005468906,155.69378968850663,1.5720118205758116,944.2497113629158,946.4359262745037,1.5713216729972128,278.2163141870244,946.0637451395552,1.5212975579079022,238.32596052414056,1.5212046449016172,279.0611010120251,1.5207770472661928,128.30721308246748,261.0946588389958,128.54816546888605,1.420923337639145,235.01109433183137,1.4202124133806726,260.6203989850469,235.05018271735827,271.8456113182323,1.4199388616504522,1.4114457966877745,258.88558501436546,1.361345060907825,50.60899768420499,173.56734938175583,50.73595751243075,1.262017825268792,220.79642690684258,173.28092932283408,220.87947535278306,275.0679538147607,1.2617639262450222,1.2516157553739795,171.24017731424942,1.2009017134425217,156.0049704240472,0.007636049505897273,0.004360228494323161
123.27677830255891,280.00000000000034,37.640907528315715,599.9999587739114,1.6221371750255082,1219.506405729252,1.622195000000001,282.05440287645183,158.4785446608161,1.5720219931976258,947.1880193987774,949.2406550904847,1.5713150000027787,278.7617282260076,949.2406550904846,1.5213185013607682,241.467959965003,1.5212074494485095,278.7617282260076,1.5207949934017977,129.21609301054033,261.04953956537076,129.2160930115287,1.420924203957349,235.0459028868783,1.420212174580088,261.04953956537076,235.0459028868783,271.77283738061146,1.4200599641306901,1.4114450018979916,259.19736247274295,1.3613749452435213,50.832928112874676,174.1242377953354,50.83292811290003,1.2620786735726255,220.00006239044438,174.1242377953354,220.00006239044438,273.8681336675829,1.2618040896069989,1.251614960205321,172.3413586190311,1.200915025628554,154.03110258517844,0.00804129709119705,0.0044574437628824,122.9226736960573,281.55974251960214,37.44683491346172,599.9672177764463,1.6221405601037346,1219.4536692786376,1.6222027248710036,282.0606550077313,155.69008020976918,1.572011791306784,944.2462260647488,946.4330086082692,1.5713216675433337,278.21621634895047,946.0606445748198,1.5212974460771245,238.32303806254095,1.52120460277042,279.0604697317319,1.5207770422615903,128.3093721343072,261.0924838986737,128.55035739089723,1.4209232942328698,235.01398239173227,1.4202124250082804,260.61815924673493,235.0540903649584,271.8509669110213,1.4199387733629036,1.4114457707848072,258.88261057656996,1.3613449015788703,50.610509317890255,173.56620244607686,50.73730432721786,1.2620177939401698,220.79683040175215,173.28094098486795,220.87857642741494,275.0643984211306,1.261763845731075,1.2516157171125581,171.23961588570845,1.2009015473398865,156.04772766218514,0.007636574729237756,0.004359405583189278
123.27677830256741,280.0000000000008,37.640907528313164,599.9999587739109,1.6221371750255078,1219.5064057292157,1.6221950000000005,282.0544028764699,158.47854466080744,1.572021993197612,947.1880193987718,949.2406550904783,1.5713150000027647,278.7617282260252,949.2406550904784,1.5213185013927752,241.46795996504537,1.5212074494805188,278.7617282260252,1.5207949934338092,129.21935724896014,261.0480735113149,129.2193572499457,1.4209242050457147,235.04964447681942,1.4202121762328135,261.0480735113149,235.04964447681942,271.7780997133217,1.420059966018003,1.4114450018897384,259.19582621918323,1.3613749449975194,50.83307076188544,174.1238165677557,50.83307076190988,1.2620785820895342,220.0000620491451,174.1238165677557,220.0000620491451,273.8663619352246,1.2618039997162827,1.2516149602537165,172.34100214090154,1.2009150233558268,154.03259752677923,0.0080410723582147,0.004457273223844,122.92238650802207,281.5565128998579,37.44567111210719,599.9669085147967,1.6221406311533164,1219.4531118956813,1.6222027975836668,282.0595883296115,155.68641382871002,1.5720117625822199,944.2426848527075,946.4300752650222,1.5713216623918478,278.21606043032386,946.0575143979493,1.521297334480715,238.3199704825273,1.521204558055764,279.05978521093203,1.5207770355646104,128.31146083242783,261.09026183254076,128.55248530255764,1.420923247827204,235.01683538469737,1.420212428046124,260.61593044834325,235.05793978821234,271.8562975940764,1.4199386807950591,1.4114457453563731,258.8795819271786,1.3613447423459477,50.61194695774178,173.5650240736109,50.738595884807864,1.262017756530887,220.7971215309907,173.28088318174355,220.87754981378433,275.06074565365805,1.2617637556536732,1.2516156795042763,171.23900001258474,1.2009013824721315,156.08943051021154,0.007637086100704189,0.004358559015518443
123.27677830257683,280.0000000000015,37.640907528310784,599.9999587739101,1.6221371750255076,1219.506405729183,1.6221950000000003,282.0544028764899,158.47854466079974,1.572021993197597,947.1880193987656,949.2406550904706,1.5713150000027496,278.7617282260453,949.2406550904711,1.521318501424624,241.46795996509306,1.5212074495123695,278.7617282260453,1.5207949934656626,129.2226064943262,261.0466142345404,129.22260649530972,1.4209242061302718,235.05336886906198,1.4202121778790044,261.0466142345404,235.05336886906198,271.783337768916,1.4200599678976764,1.4114450018815305,259.1942970704242,1.3613749447589287,50.833207629458826,174.12339273335726,50.83320762948363,1.262078490704436,220.0000617118602,174.12339273335726,220.0000617118602,273.8646021461314,1.261803909928791,1.2516149603022502,172.3406426763077,1.2009150212410038,154.03407319983341,0.008040848583331848,0.004457104002082948,122.92209326738842,281.5531294886973,37.444495858832816,599.9665951599007,1.6221407026901407,1219.4525469442756,1.6222028706547273,282.0585342047483,155.6828028589515,1.5720117343031255,944.2391125774027,946.4271436636654,1.5713216571820432,278.215862334153,946.0543668021758,1.5212972229953223,238.31678457519143,1.5212045110637458,279.0590737241613,1.5207770272477832,128.31349993694315,261.08799432366163,128.55457457733965,1.420923199157847,235.01966191205054,1.4202124236464886,260.6137058576133,235.0617455432066,271.86160223513696,1.4199385863707006,1.4114457201924777,258.8765177014274,1.3613445834371327,50.61331536731107,173.5638193348075,50.73983440819144,1.2620177123800018,220.7972900794972,173.28077518116902,220.8763597591777,275.0570229767602,1.2617636569174682,1.2516156423437799,171.23834318115112,1.2009012183902097,156.12997009088662,0.007637573474969623,0.0043576995416691345
123.2767783025838,280.0000000000007,37.640907528308446,599.9999587739109,1.622137175025508,1219.5064057291538,1.6221950000000007,282.0544028765048,158.47854466079275,1.5720219931975854,947.1880193987596,949.2406550904648,1.571315000002738,278.76172822605986,949.2406550904652,1.5213185014563417,241.46795996512697,1.5212074495440897,278.76172822605986,1.5207949934973848,129.22584081086282,261.04516170573925,129.22584081184294,1.420924207211037,235.05707613734165,1.4202121795186886,261.04516170573925,235.05707613734165,271.78855165233256,1.4200599697697436,1.4114450018733713,259.1927749956957,1.3613749445278003,50.833338823927996,174.122966361545,50.83333882395363,1.2620783994205937,220.00006137836704,174.122966361545,220.00006137836704,273.86285418912047,1.2618038202476074,1.2516149603511106,172.34028029771986,1.2009150192702651,154.03553019990517,0.008040625700640097,0.004456936045148951,122.92180344104105,281.5496718334047,37.44332490002839,599.9662917638311,1.622140772365812,1219.451995766868,1.6222029417441026,282.05749786366545,155.6792919373747,1.5720117066564887,944.2355791311771,946.4242712865786,1.5713216517735231,278.2156469521033,946.0512557860985,1.5212971130518276,238.3135115968072,1.5212044640839715,279.0583546316039,1.520777019196901,128.31550732461787,261.0857070387727,128.5566425153381,1.4209231494698293,235.02246660527388,1.4202124140091918,260.6114736930923,235.06551093814267,271.86689102454864,1.4199384919979121,1.4114456957485635,258.8734382286649,1.3613444261488563,50.61461676958885,173.5626034410152,50.74102021493869,1.2620176599012551,220.79725943431419,173.28064537766159,220.874934758168,275.05314300365546,1.2617635475839217,1.2516156056881118,171.2376598766635,1.200901056935215,156.1692461225421,0.007638027618090128,0.0043568341700294935
123.27677830259216,280.0000000000002,37.64090752830664,599.9999587739112,1.6221371750255085,1219.506405729127,1.6221950000000012,282.05440287652243,158.47854466078664,1.572021993197572,947.1880193987554,949.2406550904611,1.5713150000027247,278.76172822607555,949.2406550904614,1.5213185014878936,241.46795996516647,1.5212074495756442,278.76172822607555,1.5207949935289418,129.22906026254907,261.043715895461,129.22906026352533,1.420924208288001,235.06076635520176,1.4202121811518704,261.043715895461,235.06076635520176,271.7937414681727,1.4200599716342133,1.4114450018652525,259.1912599641182,1.3613749443041439,50.83346445184817,174.12253752179572,50.83346445187397,1.2620783082412905,220.00006104848023,174.12253752179572,220.00006104848023,273.8611179544505,1.261803730675835,1.2516149604004263,172.33991507759578,1.2009150174310066,154.0369690764614,0.008040403651407603,0.004456769305157799,122.92150678612111,281.54617175289377,37.44214535228407,599.9660085491545,1.6221408385854612,1219.4514744572878,1.622203008867307,282.05643223165026,155.6758472015181,1.5720116796423091,944.2320938330101,946.4213692973567,1.5713216451532697,278.2153634636913,946.0481099322153,1.5212970058714141,238.30996400973171,1.5212044181939026,279.0576583564064,1.520777010976781,128.31748414879166,261.0833696827097,128.55869142323223,1.4209230953110217,235.02528717786439,1.4202123970915463,260.60914811848204,235.06927236323693,271.87221491403994,1.419938396232738,1.4114456721146285,258.87034647358774,1.3613442739742796,50.61586164438849,173.56136118088546,50.742154575330005,1.2620175963186928,220.79696830507567,173.2804734894232,220.87324927310277,275.04910323757855,1.2617634248098446,1.2516155694288909,171.236941607765,1.200900899701266,156.20712107603305,0.007638445873980178,0.004355973636443901
123.27677830259995,280.00000000000045,37.64090752830511,599.9999587739112,1.6221371750255087,1219.506405729102,1.6221950000000014,282.05440287653903,158.4785446607795,1.5720219931975592,947.1880193987498,949.2406550904554,1.5713150000027116,278.76172822609254,949.2406550904554,1.521318501519286,241.46795996520748,1.5212074496070387,278.76172822609254,1.5207949935603384,129.23226491313852,261.0422767745196,129.23226491411148,1.4209242093611625,235.06443959587176,1.4202121827785612,261.0422767745196,235.06443959587176,271.7989073206426,1.420059973491102,1.411445001857166,259.18975194506055,1.3613749440879708,50.83358461803456,174.1221062839906,50.83358461806077,1.2620782171699485,220.00006072201734,174.1221062839906,220.00006072201734,273.85939333364234,1.2618036412167148,1.2516149604503415,172.33954708878133,1.2009150157118573,154.038390337103,0.008040182383379252,0.004456603738361549,122.92120989840892,281.5426398534691,37.440980119439565,599.9657532065324,1.6221409002272977,1219.4509955571227,1.6222030710142483,282.0553571846926,155.6724917394237,1.5720116533293325,944.2286939588179,946.418503887831,1.5713216379671089,278.2150758266683,946.0449797553448,1.5212969011827078,238.30627353683323,1.5212043742016355,279.0569669212551,1.5207770043523314,128.31943502282314,261.0809940369254,128.56072014768247,1.4209230387187464,235.028092532728,1.4202123749362394,260.6067707896331,235.07300864599992,271.87752408414303,1.4199383001581452,1.411445649487031,258.86726022437574,1.3613441265892947,50.61703347806468,173.56009661077786,50.74322002300998,1.2620175237473277,220.7965086273306,173.28026205167868,220.87140034706155,275.04497358795476,1.261763291826134,1.2516155339939377,171.23620236021995,1.200900748170219,156.24364652478886,0.0076388278711847024,0.004355108607542309
123.27677830260791,280.00000000000085,37.640907528303316,599.9999587739105,1.6221371750255078,1219.5064057290801,1.6221950000000005,282.05440287655597,158.47854466077365,1.5720219931975463,947.188019398745,949.2406550904514,1.5713150000026987,278.76172822611125,949.240655090451,1.5213185015505533,241.4679599652558,1.5212074496383083,278.76172822611125,1.52079499359161,129.23545482615833,261.0408443139271,129.23545482712814,1.4209242104305533,235.06809593227817,1.4202121843988054,261.0408443139271,235.06809593227817,271.80404931350074,1.4200599753404592,1.4114450018491316,259.1882509080932,1.3613749438793414,50.833699425590524,174.12167271842267,50.833699425616885,1.2620781262101257,220.00006039875257,174.12167271842267,220.00006039875257,273.85768021950787,1.2618035518736197,1.2516149605010165,172.33917640448072,1.2009150141025362,154.0397944514107,0.008039961850150198,0.00445643930476205,122.92091231232,281.539118560349,37.43984136915971,599.9655275504967,1.6221409570703624,1219.4505637785303,1.6222031278790283,282.0542692357766,155.6692178550774,1.5720116275113223,944.2253981465583,946.4156715742207,1.5713216301351225,278.2147798924235,946.0418565460355,1.5212967989857085,238.3024513410666,1.5212043321316577,279.0562810175849,1.5207769987674853,128.32136802008992,261.0785784183552,128.56273099536804,1.4209229785611577,235.03088730134687,1.4202123473861414,260.60434296884404,235.07672838775542,271.88282702681266,1.419938204135122,1.4114456277485017,258.8641832927818,1.3613439839578896,50.61814243286068,173.5588066884227,50.74422163910019,1.262017442848101,220.79592636885354,173.28000295170875,220.8694441628798,275.04078651273164,1.2617631496666764,1.2516154993575828,171.23544513097784,1.2009006020277408,156.27887690742935,0.0076391840231063695,0.004354237220331286
123.27677830261432,280.0000000000002,37.64090752830178,599.9999587739112,1.6221371750255082,1219.5064057290606,1.622195000000001,282.0544028765696,158.47854466076734,1.5720219931975357,947.1880193987396,949.2406550904338,1.5713150000026883,278.7617282261218,949.2406550904338,1.521318501581666,241.46795996527172,1.521207449669423,278.7617282261218,1.5207949936227272,129.23863006490024,261.0394184846325,129.2386300658676,1.4209242114961622,235.07173543715007,1.420212186012604,261.0394184846325,235.07173543715007,271.8091675501771,1.4200599771822908,1.4114450018411344,259.1867568227501,1.361374943678264,50.83380897593352,174.12123689555776,50.833808975959855,1.262078035365414,220.00006007851246,174.12123689555776,220.00006007851246,273.855978506221,1.2618034626499581,1.251614960552554,172.3388030980077,1.2009150125936667,154.04118185442366,0.008039742010600903,0.004456275967762401,122.92060719928175,281.53567151136093,37.438728385699505,599.9653302939959,1.622141009355444,1219.4501782515733,1.6222031798732446,282.05314990371875,155.66599476442337,1.5720116018912988,944.2222110557211,946.4128723565259,1.5713216216853896,278.2144753152393,946.0387315948359,1.5212966983922833,238.29842151433834,1.5212042913472876,279.0555875081281,1.5207769938112365,128.32328833062047,261.07610599635234,128.56472108293988,1.4209229147816633,235.03369000964932,1.4202123153316548,260.60182889099053,235.08044879115124,271.8881248743094,1.4199381070291326,1.4114456068908587,258.8611084788283,1.3613438452157773,50.61919962373007,173.55748228701088,50.74516545743249,1.262017355603837,220.79536964802895,173.27969416133365,220.86756969918608,275.0366893210554,1.26176300246702,1.2516154652289082,171.23465843173224,1.200900461408546,156.31294975309956,0.007639516702460907,0.004353368805520008
123.27677830262218,280.00000000000045,37.64090752830072,599.999958773911,1.6221371750255085,1219.5064057290422,1.6221950000000012,282.0544028765862,158.4785446607611,1.572021993197523,947.1880193987338,949.2406550904292,1.5713150000026752,278.76172822613853,949.2406550904292,1.5213185016126105,241.46795996530665,1.5212074497003698,278.76172822613853,1.5207949936536764,129.2417906924248,261.0379992577195,129.24179069338825,1.4209242125579902,235.0753581829341,1.4202121876199714,261.0379992577195,235.0753581829341,271.8142621337121,1.420059979016616,1.411445001833172,259.1852696586932,1.3613749434847715,50.83391336881266,174.1207988861824,50.833913368839276,1.2620779446395405,220.00005976110077,174.1207988861824,220.00005976110077,273.8542880891791,1.2618033735492702,1.2516149606050826,172.3384272429684,1.200915011176794,154.0425529497958,0.008039522828377848,0.004456113693847749,122.92028974825442,281.5323199191141,37.43764689501889,599.9651575547754,1.6221410576830972,1219.4498333651602,1.6222032275918923,282.05200162943015,155.66280399702808,1.5720115765325078,944.2191062825322,946.4100888158438,1.5713216129829424,278.21414515495456,946.0356066436362,1.5212965999328447,238.29418852183045,1.5212042522158415,279.05487187274645,1.520776989652823,128.32518961104665,261.0735906562003,128.56668291369022,1.4209228462484178,235.03649668779354,1.4202122785632731,260.59925758893814,235.08415794666197,271.8934125314605,1.4199380081697688,1.4114455869604643,258.85802646489725,1.3613437104109736,50.6202161656264,173.55613456153134,50.74606132267995,1.2620172621467238,220.79483335732638,173.2793255396543,220.86578717104135,275.0326795161607,1.2617628510025796,1.2516154320129176,171.23384575892425,1.2009003259309436,156.34590517446676,0.007639832944069507,0.004352500563906529
123.2767783026303,280.0000000000008,37.640907528299365,599.9999587739107,1.6221371750255082,1219.5064057290263,1.622195000000001,282.0544028766036,158.47854466075614,1.57202199319751,947.1880193987295,949.2406550904211,1.571315000002662,278.76172822615735,949.2406550904212,1.5213185016434312,241.46795996534797,1.521207449731193,278.76172822615735,1.5207949936845018,129.24493677156036,261.03658660452066,129.244936772519,1.4209242136160574,235.07896424176113,1.4202121892209396,261.03658660452066,235.07896424176113,271.8193331667303,1.4200599808434715,1.4114450018252518,259.1837893858242,1.3613749432988773,50.83401270235632,174.1203587613815,50.834012702383006,1.2620778540363125,220.0000594463458,174.1203587613815,220.0000594463458,273.8526088650622,1.261803284575176,1.2516149606587077,172.33804891322458,1.2009150098442467,154.04390811266285,0.008039304271430703,0.004455952452299301,122.91995670014654,281.52910620882676,37.436610496272664,599.9650015577768,1.6221411033025885,1219.4495188685364,1.6222032723005622,282.05084045318324,155.65962862166072,1.5720115515889388,944.2160853801548,946.4073087589421,1.571321604429532,278.21379701735583,946.0324747248754,1.5212965048532467,238.28983273681834,1.5212042149454654,279.05413272856964,1.5207769865823664,128.32707705139694,261.0710542777399,128.56861937096818,1.4209227742630435,235.0393007193766,1.4202122376047626,260.5966597786172,235.08784526804288,271.8986803740505,1.419937907505461,1.4114455678345947,258.85494106274143,1.3613435791233386,50.62120444378367,173.55477770924267,50.74691622138471,1.2620171639308326,220.79433792686783,173.2789001289405,220.86409657844564,275.02872963363063,1.2617626966949502,1.2516153999748598,171.23302309628457,1.2009001955051246,156.37780334053187,0.007640144902736035,0.0043516231723526415
123.27677830263801,280.0000000000003,37.640907528298534,599.9999587739111,1.6221371750255087,1219.506405729012,1.6221950000000014,282.0544028766202,158.47854466074983,1.572021993197497,947.1880193987238,949.2406550904125,1.5713150000026492,278.7617282261738,949.2406550904124,1.5213185016740889,241.4679599653869,1.5212074497618526,278.7617282261738,1.520794993715164,129.24806836490694,261.0351804962845,129.24806836586328,1.4209242146703573,235.08255368557167,1.4202121908155145,261.0351804962845,235.08255368557167,271.82438075150867,1.4200599826628686,1.411445001817366,259.1823159739996,1.3613749431206004,50.83410707306175,174.11991659238862,50.8341070730889,1.2620777635596032,220.00005913406838,174.11991659238862,220.00005913406838,273.8509407318171,1.261803195731361,1.2516149607135154,172.33766818271826,1.2009150085890385,154.04524769223332,0.0080390863115857,0.004455792214932298,122.91960821015297,281.52599856158525,37.43561060052096,599.9648587583332,1.6221411466671674,1219.4492283531683,1.6222033145312504,282.0496649801717,155.65646402071292,1.5720115269725978,944.2131374764467,946.4045321858212,1.5713215961137161,278.21341534515227,946.029356741237,1.5212964135605502,238.28537648521194,1.5212041795116715,279.05336661842193,1.520776984865812,128.3289402716144,261.0684951779064,128.5705223813962,1.4209226987123558,235.04209813455665,1.4202121929798892,260.5940442961172,235.09150678545217,271.9039233069067,1.4199378049330693,1.4114455495868843,258.851843378271,1.3613434516529725,50.622162870351346,173.55340463151558,50.747731106257085,1.262017060823975,220.79384760393975,173.27841184465277,220.8624928138684,275.02483467993477,1.2617625395441316,1.2516153690862133,171.2321744600825,1.2009000695473273,156.40871874624844,0.007640450292719772,0.00435074222918215
123.27677830264582,280.00000000000045,37.64090752829736,599.9999587739111,1.6221371750255082,1219.5064057289992,1.622195000000001,282.0544028766367,158.47854466074375,1.5720219931974846,947.1880193987186,949.2406550904086,1.5713150000026368,278.7617282261866,949.2406550904086,1.521318501704613,241.4679599654174,1.5212074497923793,278.7617282261866,1.5207949937456924,129.2511855348393,261.03378090451713,129.25118553579307,1.42092421572092,235.08612658598392,1.4202121924037392,261.03378090451713,235.08612658598392,271.829404989914,1.4200599844748547,1.4114450018095357,259.1808493932996,1.3613749429500035,50.834196575871346,174.1194724508738,50.83419657589782,1.262077673213431,220.00005882405935,174.1194724508738,220.00005882405935,273.84928358860543,1.261803107021651,1.2516149607696179,172.33728512578188,1.2009150074048764,154.04657201414574,0.008038868924166599,0.0044556329558601985,122.91924055359773,281.5230340994555,37.434645060528794,599.9647238077952,1.6221411887484853,1219.448954134615,1.6222033553136495,282.04847486169405,155.6533071157791,1.5720115024525003,944.2102423802866,946.4017556127002,1.571321588080854,278.2129904582518,946.0262317900374,1.521296325178957,238.28082646478413,1.5212041448369984,279.0525652450815,1.5207769837053244,128.33077523501026,261.06591924742617,128.5723884849553,1.420922620049093,235.04488562513225,1.4202121447410296,260.59140272611484,235.09513852904803,271.90913000742256,1.4199376998337563,1.4114455319037047,258.8487151997778,1.361343326067233,50.623093350750054,173.55200924381063,50.74850693000736,1.2620169534870924,220.79340835631672,173.27785916565625,220.86100141496223,275.0210196227249,1.2617623801963032,1.2516153389362703,171.2312973528601,1.2008999458347671,156.43885768533397,0.007640754597963679,0.004349862862248033
123.27677830265554,280.0000000000004,37.640907528296665,599.999958773911,1.6221371750255085,1219.5064057289862,1.6221950000000012,282.05440287665743,158.47854466073775,1.5720219931974686,947.1880193987129,949.2406550904057,1.5713150000026208,278.76172822620913,949.2406550904059,1.5213185017349753,241.4679599654738,1.5212074498227435,278.76172822620913,1.520794993776059,129.25428834349674,261.0323878007497,129.25428834444702,1.4209242167677218,235.08968301438347,1.4202121939856018,261.0323878007497,235.08968301438347,271.8344059834328,1.4200599862794228,1.4114450018017304,259.17938961388677,1.3613749427870525,50.83428130415332,174.11902640848433,50.834281304179726,1.2620775830018482,220.00005851618943,174.11902640848433,220.00005851618943,273.8476373357828,1.2618030184499092,1.2516149608270948,172.33689981673783,1.2009150062860532,154.0478813825984,0.008038652087649702,0.004455474651283548,122.91885636879296,281.5201544877624,37.433709581826236,599.9645943430514,1.6221412296116973,1219.4486918341945,1.6222033948150578,282.0472711438549,155.6501532892509,1.5720114782926284,944.207396985348,946.3989772976888,1.57132158058582,278.21251578802037,946.0231207739603,1.5212962403992376,238.2761938384899,1.5212041119009565,279.0517292999835,1.520776983922916,128.33258540160347,261.06331638791124,128.57422114166442,1.420922538273255,235.04766517602425,1.4202120933595732,260.58874222163485,235.09874380703198,271.9143100998136,1.4199375930326386,1.411445514986869,258.84557050368903,1.361343204106698,50.624000330961216,173.55060067293698,50.749252584598295,1.2620168421845617,220.79299464634616,173.27725223285,220.85961216666607,275.01727946847075,1.2617622194268803,1.251615309838766,171.23038827817632,1.200899825579872,156.4681456628349,0.007641054527367114,0.004348986934155297
123.27677830266211,280.00000000000114,37.6409075282959,599.9999587739102,1.6221371750255074,1219.5064057289765,1.622195,282.05440287667165,158.4785446607338,1.5720219931974582,947.1880193987079,949.2406550903994,1.57131500000261,278.7617282262245,949.2406550903995,1.5213185017652133,241.46795996551413,1.521207449852984,278.7617282262245,1.5207949938063015,129.25737685279432,261.0310011567034,129.2573768537414,1.4209242178107868,235.09322304186304,1.4202121955611389,261.0310011567034,235.09322304186304,271.83938383318844,1.420059988076614,1.411445001793965,259.1779366060548,1.3613749426317623,50.83436134973765,174.11857853706368,50.83436134976506,1.2620774929289813,220.0000582102981,174.11857853706368,220.0000582102981,273.8460018749428,1.2618029300200697,1.251614960886014,172.33651233001223,1.2009150052273667,154.0491760822864,0.008038435783343654,0.00445531727929225,122.91846194112932,281.51740215172424,37.43280344866828,599.964468201433,1.6221412695995723,1219.4484379286635,1.6222034333637732,282.0460726565394,155.64701023714227,1.5720114546634707,944.2045950789785,946.3962042083484,1.5713215737150121,278.2120058545962,946.0200341443473,1.5212961593077383,238.27152549073986,1.521204080372961,279.0508705375255,1.520776985131757,128.33437307807336,261.06069796004806,128.57602727156157,1.420922454629872,235.05043678723268,1.420212039254533,260.5860850832842,235.10231798792194,271.91945565825534,1.4199374849422752,1.4114454987709242,258.84241140764505,1.361343085699344,50.62488508126524,173.5491870316138,50.74996934031027,1.2620167290313948,220.79261158155862,173.2766001730431,220.8583301765104,275.0136142171723,1.2617620593036367,1.2516152817794397,171.2294602228123,1.2008997082213326,156.49656548760808,0.007641350537510603,0.004348113977119171
123.27677830267007,280.000000000001,37.640907528295195,599.9999587739103,1.6221371750255078,1219.506405728966,1.6221950000000005,282.0544028766885,158.47854466072792,1.5720219931974453,947.1880193987038,949.2406550903938,1.5713150000025968,278.76172822624204,949.2406550903941,1.521318501795296,241.46795996555758,1.5212074498830686,278.76172822624204,1.5207949938363883,129.2604511244196,261.02962094409355,129.26045112536372,1.4209242188501168,235.0967467392946,1.4202121971303647,261.02962094409355,235.0967467392946,271.844338639909,1.4200599898664477,1.411445001786238,259.17649034015005,1.3613749424841668,50.83443680294389,174.1181289086564,50.834436802971425,1.2620774029990631,220.00005790620435,174.1181289086564,220.00005790620435,273.8443771088298,1.2618028417361722,1.2516149609464624,172.33612274019805,1.2009150042241246,154.05045638015736,0.008038219995108554,0.004455160819690648,122.91805734820424,281.5147664850365,37.43192809254492,599.9643431991718,1.6221413090067225,1219.4481891340106,1.6222034713370928,282.04487556403024,155.64390104749512,1.5720114313972888,944.2018444269938,946.3934589892526,1.5713215672632352,278.2114620408497,946.0169858363208,1.5212960813370404,238.26683704967098,1.5212040494571595,279.04999103201294,1.520776986509836,128.33614114776904,261.0580736414586,128.57781033466563,1.4209223698546434,235.05319913547697,1.420211982530662,260.5834334148938,235.10586173335818,271.9245638520963,1.4199373761299343,1.4114454831467822,258.83925146454493,1.3613429701729478,50.62574887194254,173.54777237620073,50.750660372844294,1.2620166137632156,220.79225916195406,173.2759080566851,220.85713501437326,275.01000639147315,1.2617618994388649,1.251615254504451,171.22851318676808,1.200899593332554,156.52412002484408,0.007641643633589167,0.004347245852163938
123.27677830267771,280.00000000000057,37.64090752829446,599.9999587739105,1.6221371750255085,1219.5064057289571,1.6221950000000012,282.05440287670484,158.47854466072255,1.5720219931974329,947.188019398699,949.2406550903913,1.5713150000025846,278.76172822625773,949.2406550903913,1.521318501825235,241.46795996559706,1.52120744991301,278.76172822625773,1.520794993866332,129.26351121983006,261.0282471348284,129.26351122077085,1.4209242198857237,235.10025417725632,1.4202121986933034,261.0282471348284,235.10025417725632,271.8492705039355,1.4200599916489522,1.411445001778553,259.17505078669467,1.3613749423442727,50.83450775261136,174.11767759537577,50.83450775263846,1.2620773132163714,220.0000576037547,174.11767759537577,220.0000576037547,273.8427629413958,1.2618027536023004,1.251614961008499,172.33573112191385,1.2009150032720521,154.05172252700163,0.00803800470909945,0.0044550052538390485,122.91765422963006,281.5121838498716,37.43106060961646,599.9642166566684,1.6221413483373868,1219.4479410425567,1.6222035090584144,282.043673589699,155.64079955386194,1.5720114091292894,944.199075137051,946.3906946093637,1.5713215617963963,278.2109099298813,946.0139305607332,1.5212960076589865,238.26208386346354,1.5212040210023783,279.04909631492706,1.5207769884681586,128.33788326732244,261.0554568966601,128.5795634109387,1.420922286098076,235.0559403112317,1.420211923554597,260.58080152251324,235.10936710365712,271.9296380781183,1.4199372673691633,1.4114454679862647,258.8360851685234,1.3613428594721553,50.62658408131067,173.54635670669776,50.751320918648865,1.2620165004778605,220.79194249506304,173.27518095422548,220.8560215727241,275.00645349460825,1.2617617412541593,1.2516152281934847,171.22756115580802,1.2008994819238925,156.5508465220196,0.007641936192351702,0.004346362535999431
123.27677830268414,280.0000000000007,37.640907528293894,599.9999587739105,1.6221371750255082,1219.5064057289492,1.622195000000001,282.0544028767183,158.47854466071834,1.5720219931974224,947.1880193986945,949.2406550903884,1.5713150000025742,278.76172822626745,949.2406550903881,1.521318501855041,241.467959965624,1.521207449942818,278.76172822626745,1.5207949938961423,129.2665572002573,261.0268797009036,129.26655720119544,1.4209242209176165,235.1037454260723,1.4202122002499755,261.0268797009036,235.1037454260723,271.8541795252547,1.4200599934241536,1.4114450017709108,259.1736179163053,1.3613749422120613,50.83457428610612,174.11722466927517,50.83457428613345,1.2620772235852376,220.00005730281995,174.11722466927517,220.00005730281995,273.84115927772666,1.261802665622592,1.251614961072181,172.33533754969784,1.200915002367268,154.0529747588936,0.008037789913535801,0.00445485056451145,122.91725180943263,281.5097284903616,37.43021173605774,599.9640875611608,1.6221413876963793,1219.4476921391617,1.6222035467167364,282.04248416862447,155.63773346189308,1.5720113877412307,944.1963198255767,946.3879546159387,1.5713215571222598,278.21035539888993,946.0109014135002,1.5212959377308286,238.25733514243805,1.5212039942617406,279.04819468348967,1.5207769907649569,128.33960578010164,261.05285908633914,128.58129688043766,1.420922203529946,235.05866362269836,1.4202118629024802,260.57820287066,235.11283740702027,271.9346755056697,1.41993715922723,1.4114454532920988,258.8329248018952,1.3613427528407152,50.627394520210835,173.5449461076443,50.751957329125965,1.2620163895718945,220.7916513658245,173.27443154178803,220.85496942144098,275.00293804922114,1.2617615847495203,1.251615202661152,171.22661012383114,1.2008993734340394,156.57673351837266,0.007642224556542213,0.004345469623899229
123.2767783026919,280.00000000000125,37.64090752829345,599.99995877391,1.6221371750255074,1219.506405728942,1.6221950000000005,282.05440287673514,158.47854466071328,1.57202199319741,947.1880193986897,949.2406550903822,1.5713150000025613,278.7617282262899,949.2406550903825,1.5213185018847009,241.46795996567943,1.5212074499724801,278.7617282262899,1.520794993925806,129.26958912670887,261.0255186144318,129.26958912764246,1.4209242219457847,235.10722055580055,1.4202122018003827,261.0255186144318,235.10722055580055,271.85906580344204,1.4200599951920578,1.4114450017632927,259.17219169972594,1.361374942087521,50.83463648936324,174.11677020254234,50.83463648939086,1.262077134110072,220.00005700327193,174.11677020254234,220.00005700327193,273.8395660240411,1.261802577801263,1.2516149611375655,172.33494209818795,1.2009150015062824,154.05421329849884,0.008037575598484252,0.004454696735760802,122.91684543176699,281.5072625245471,37.42937789314383,599.9639561552899,1.622141427035542,1219.447441089923,1.622203584394658,282.0413100904193,155.6347058499941,1.5720113666584017,944.1935893647131,946.3852302995264,1.571321552737557,278.20977182762215,946.0079071040732,1.521295869628278,238.2525819562306,1.521203967300713,279.04727784047896,1.5207769925782186,128.34131214612563,261.050253281461,128.58301420318148,1.4209221205656704,235.06137700956057,1.4202117998410395,260.5756155794932,235.11627661328941,271.93968575896594,1.4199370502601798,1.411445438977014,258.8297652823232,1.3613426477457857,50.62818082378326,173.54354159313024,50.75257214483638,1.2620162761543512,220.79133980646395,173.2736547489232,220.85393259274935,274.99943508766,1.261761427081758,1.2516151778390014,171.22564210914035,1.2008992669199947,156.60180107023683,0.007642507811352959,0.004344575964438299
123.27677830269991,280.000000000001,37.64090752829294,599.9999587739103,1.6221371750255078,1219.506405728936,1.6221950000000007,282.0544028767522,158.47854466070868,1.5720219931973969,947.188019398684,949.2406550903788,1.5713150000025482,278.7617282263027,949.2406550903785,1.5213185019142128,241.46795996571,1.5212074500019943,278.7617282263027,1.5207949939553225,129.2726070599634,261.0241638475712,129.27260706089504,1.4209242229702435,235.11067963626613,1.4202122033445526,261.0241638475712,235.11067963626613,271.8639294377393,1.420059996952697,1.41144500175571,259.1707721077422,1.3613749419706558,50.834694446890836,174.11631426723073,50.834694446918846,1.2620770447953014,220.00005670496822,174.11631426723073,220.00005670496822,273.8379830877203,1.2618024901425444,1.2516149612046852,172.3345448418116,1.2009150006858733,154.0554383562649,0.00803736175567425,0.0044545437528044985,122.91643750215303,281.50486019656006,37.42856194385468,599.9638227555437,1.6221414662047366,1219.4471886850329,1.6222036219444809,282.04015100638185,155.6317305709902,1.5720113462272784,944.1908899671132,946.3825547560422,1.5713215488582828,278.20916958760534,946.0049580837939,1.521295804066775,238.2478711892519,1.5212039412579763,279.0463527002464,1.5207769948750167,128.34300582541337,261.0476487388814,128.58472229920807,1.4209220379975405,235.0640844416601,1.4202117347892873,260.5730400697792,235.11968472246457,271.9446699702677,1.4199369416025482,1.41144542522646,258.8266138097849,1.3613425449196104,50.62894775557946,173.5421462054253,50.753170764471776,1.2620161622080548,220.7910282471034,173.2728632517548,220.8529213017102,274.99596458404636,1.2617612699309395,1.2516151538183016,171.22466810055056,1.2008991629655204,156.62604344723107,0.00764278485897673,0.004343686211195326
123.27677830270594,280.0000000000009,37.64090752829251,599.9999587739105,1.6221371750255082,1219.5064057289308,1.622195000000001,282.05440287676504,158.47854466070427,1.572021993197387,947.1880193986794,949.240655090375,1.5713150000025387,278.7617282263172,949.2406550903747,1.5213185019435924,241.46795996574798,1.521207450031376,278.7617282263172,1.5207949939847065,129.27561106057226,261.0228153726704,129.2756110614999,1.4209242239910087,235.11412273699358,1.420212204882513,261.0228153726704,235.11412273699358,271.8687705269712,1.4200599987061038,1.4114450017481692,259.169359111346,1.3613749418614622,50.834748241808484,174.11585693540326,50.83474824183608,1.262076955645446,220.00005640777107,174.11585693540326,220.00005640777107,273.83641037721634,1.261802402650762,1.2516149612736023,172.33414585500336,1.2009149999031616,154.0566501314932,0.008037148378321146,0.0044543916019145,122.91603252124088,281.5024790811821,37.42776174095532,599.9636885223788,1.6221415050906507,1219.4469357074342,1.622203659306705,282.0390142392452,155.6288107032869,1.5720113261371325,944.1882247391031,946.3799175341443,1.5713215451842042,278.2085535188855,946.0020578364431,1.5212957399484888,238.24320730668384,1.5212039148601673,279.04543170862485,1.5207769967124554,128.34469200799333,261.0450593438838,128.5864269352157,1.4209219559953334,235.06678790391786,1.4202116687947561,260.5704877022044,235.12306438110687,271.94963097022645,1.4199368334090454,1.4114454117922617,258.8234805489546,1.36134244352191,50.62969849130047,173.5407710995184,50.753759221864016,1.2620160474686288,220.79068604255986,173.27206364186722,220.8519202257321,274.99250656425863,1.2617611131678286,1.251615130330951,171.2236940919608,1.2008990611215689,156.64950649240373,0.007643054052822274,0.004342805013943644
123.276778302714,280.00000000000125,37.640907528292146,599.99995877391,1.6221371750255074,1219.5064057289244,1.6221950000000003,282.05440287678243,158.4785446606997,1.572021993197374,947.1880193986743,949.2406550903684,1.5713150000025253,278.76172822633663,949.2406550903681,1.5213185019728213,241.46795996579505,1.521207450060607,278.76172822633663,1.5207949940139396,129.2786011888656,261.0214731621162,129.27860118979,1.4209242250080738,235.11754992728214,1.420212206414269,261.0214731621162,235.11754992728214,271.8735891696059,1.4200600004522883,1.411445001740658,259.1679526815761,1.361374941759911,50.834797955848856,174.11539827887384,50.83479795587654,1.2620768666650335,220.00005611157331,174.11539827887384,220.00005611157331,273.8348478020687,1.2618023153302478,1.251614961344358,172.3337452119186,1.2009149991555306,154.0578488133187,0.008036935460972302,0.004454240270321399,122.9156314201995,281.5001191784134,37.42697513721078,599.9635547955949,1.6221415434015052,1219.4466836867662,1.6222036961334332,282.0379025786221,155.62595240369544,1.572011306720691,944.1855921275198,946.3773221176133,1.5713215417844395,278.20793053581406,945.9991976525693,1.5212956778285023,238.23859254111747,1.521203888988845,279.04451901422505,1.5207769986224244,128.346375883894,261.04247920574187,128.58813099455352,1.4209218750683796,235.0694847497726,1.4202116016479396,260.56796100136586,235.12641823577758,271.95456875884224,1.419936726865777,1.411445398854414,258.82037015864137,1.3613423446690551,50.63043493636689,173.53941830358934,50.754340375144004,1.2620159329935792,220.79032851542482,173.2712680883392,220.85091404222345,274.98907101535764,1.2617609569216612,1.2516151076650164,171.2227235798121,1.2008989618820922,156.67219307094535,0.007643313563201971,0.004341934228016348
123.27677830272216,280.0000000000008,37.6409075282918,599.9999587739103,1.6221371750255082,1219.5064057289196,1.622195000000001,282.05440287679977,158.47854466069475,1.5720219931973607,947.1880193986703,949.2406550903645,1.571315000002512,278.76172822635,949.2406550903645,1.5213185020019275,241.46795996582844,1.5212074500897153,278.76172822635,1.52079499404305,129.2815775049461,261.0201371884626,129.28157750586718,1.4209242260214685,235.1209612761446,1.420212207939862,261.0201371884626,235.1209612761446,271.87838546374417,1.420060002191296,1.4114450017331956,259.16655278962116,1.3613749416660004,50.83484366941077,174.11493836938558,50.8348436694382,1.2620767778586284,220.0000558162412,174.11493836938558,220.0000558162412,273.83329527297326,1.2618022281853714,1.2516149614169816,172.3333429865645,1.2009149984405618,154.0590345815972,0.008036722999365753,0.0044540897461265,122.91523388863925,281.4977857914061,37.42620499560102,599.9634230099382,1.6221415809899946,1219.4464348776144,1.6222037323133662,282.0368090504808,155.623161829027,1.5720112876699748,944.1830030045054,946.374778957791,1.5713215384624333,278.2072982183682,945.9963949510752,1.5212956170407157,238.23403582291672,1.5212038627869382,279.04362014852825,1.5207770001939178,128.348058606455,261.03991926437607,128.58983793724045,1.42092179499031,235.07218093398708,1.4202115338726036,260.56544902734316,235.12975025631846,271.959488431288,1.4199366211476259,1.4114453862111043,258.8172864505979,1.361342247412731,50.631159631339536,173.53808578945834,50.754914224311726,1.262015817196647,220.78993523557628,173.27047557708093,220.84990275118435,274.9856379632218,1.2617608008047296,1.251615085444015,171.2217600605456,1.200898864842948,156.69412896957056,0.007643562200333095,0.004341075707320783
123.27677830272908,280.00000000000034,37.640907528291365,599.9999587739109,1.6221371750255087,1219.5064057289155,1.6221950000000014,282.0544028768146,158.4785446606897,1.5720219931973496,947.1880193986658,949.2406550903615,1.5713150000025007,278.7617282263657,949.2406550903618,1.5213185020308773,241.46795996586653,1.5212074501186672,278.7617282263657,1.5207949940720042,129.2845400686959,261.0188074242949,129.284540069615,1.4209242270311617,235.12435685236633,1.4202122094592735,261.0188074242949,235.12435685236633,271.88315950710654,1.4200600039231126,1.4114450017257476,259.1651594067313,1.3613749415796508,50.83488546155398,174.11447727828852,50.8348854615823,1.2620766892307798,220.00005552172428,174.11447727828852,220.00005552172428,273.83175270164895,1.2618021412204876,1.2516149614914736,172.33293925257482,1.200914997756068,154.06020760769758,0.008036510990303003,0.0044539400182225,122.9148428752619,281.49546831385567,37.42544988463606,599.9632944419108,1.622141617691816,1219.4461908241167,1.6222037676421053,282.03574272106255,155.62043128326755,1.5720112691554724,944.1804542637335,946.3722845708969,1.5713215352138652,278.20666382661676,945.9936340549485,1.5212955574247715,238.22952822171763,1.5212038367686895,279.0427364944048,1.5207770014752895,128.34974421236515,261.0373795197863,128.59155237663515,1.4209217162138625,235.07487314835976,1.4202114657306313,260.56296734848456,235.13306110436977,271.96438659078166,1.419936517389128,1.4114453738105155,258.8142340836333,1.3613421519329973,50.63187321135861,173.53677862757485,50.75548458020837,1.2620157019284677,220.7895164180752,173.26969219263177,220.8488761375537,274.98221240138156,1.2617606454632133,1.2516150638077017,171.2208120255182,1.2008987699367788,156.71533710980356,0.007643800877640646,0.004340226655045891
123.27677830273656,280.00000000000125,37.64090752829126,599.9999587739098,1.6221371750255078,1219.506405728912,1.6221950000000005,282.0544028768305,158.47854466068566,1.5720219931973372,947.1880193986613,949.2406550903578,1.5713150000024882,278.76172822638307,949.2406550903579,1.521318502059695,241.46795996591442,1.5212074501474868,278.76172822638307,1.520794994100826,129.28748893976973,261.0174838423911,129.28748894068423,1.4209242280371834,235.12773672443916,1.4202122109725444,261.0174838423911,235.12773672443916,271.887911397018,1.4200600056477846,1.411445001718333,259.1637725043465,1.361374941500847,50.834923410011626,174.11401507671573,50.83492341003986,1.2620766007861042,220.00005522789843,174.11401507671573,220.00005522789843,273.83022000085725,1.2618020544400184,1.2516149615678747,172.33253408330688,1.200914997100073,154.06136805524437,0.008036299431528896,0.0044537910762187495,122.91445791448298,281.49320386782813,37.42471409878584,599.9631705684573,1.622141653237853,1219.4459541578317,1.6222038018347529,282.03469347802144,155.6177776976479,1.5720112510231945,944.1779598836728,946.3698511501628,1.5713215319976963,278.2060360034993,945.9909341249822,1.521295499461742,238.2250898308391,1.5212038114360982,279.0418701261601,1.5207770031434904,128.35143500830375,261.03486754576363,128.59327546607724,1.4209216393615527,235.07756205453094,1.420211398269555,260.5605046041036,235.1363514415719,271.9692609728021,1.4199364156934238,1.4114453617971894,258.81122364594995,1.3613420587340217,50.63258107511585,173.53550188838844,50.75605176040403,1.262015587453418,220.78906695539115,173.26892604771092,220.84783420133158,274.97879682660204,1.2617604915432914,1.2516150427161465,171.21988247167943,1.20089867797187,156.73586333469268,0.007644027399357628,0.004339392178988262
123.27677830274318,280.00000000000057,37.640907528290896,599.9999587739106,1.6221371750255085,1219.5064057289082,1.6221950000000012,282.0544028768447,158.4785446606814,1.5720219931973265,947.1880193986568,949.2406550903528,1.5713150000024778,278.76172822639415,949.2406550903531,1.521318502088382,241.46795996594017,1.5212074501761763,278.76172822639415,1.5207949941295174,129.29042417760354,261.016166415586,129.2904241785151,1.4209242290395518,235.1311009606202,1.420212212479705,261.016166415586,235.1311009606202,271.8926412304612,1.420060007365346,1.411445001710963,259.16239205396175,1.3613749414295842,50.83495759125444,174.11355183557362,50.834957591282375,1.2620765125292486,220.00005493464508,174.11355183557362,220.00005493464508,273.82869708439875,1.2618019678484176,1.2516149616462267,172.33212755185463,1.200914996470797,154.06251608076798,0.008036088321632747,0.004453642910377601,122.9140781527309,281.49098184701893,37.42399692230538,599.9630525289349,1.6221416874553043,1219.4457264808927,1.6222038347394099,282.03366376226853,155.61518721934289,1.572011233385883,944.1755198643233,946.3674699861375,1.5713215288722455,278.2054057603589,945.9882829679444,1.5212954432503087,238.22069385918928,1.5212037867279447,279.04102380953486,1.5207770048842217,128.3531286875915,261.03237787234787,128.59500489888742,1.4209215635279036,235.08024566757973,1.4202113305465958,260.5580637395633,235.13962126792472,271.9741098789583,1.4199363160089427,1.4114453501411268,258.8082479375702,1.361341967719772,50.633282905041156,173.53425151553947,50.7566170351791,1.2620154729783686,220.7885970625851,173.268171057779,220.84679737263994,274.9753987291789,1.2617603385280207,1.2516150222092797,171.21896690360504,1.2008985888808648,156.755719105,0.007644245056745714,0.004338571806047069
123.27677830275016,280.00000000000136,37.64090752829074,599.99995877391,1.6221371750255078,1219.506405728905,1.6221950000000005,282.0544028768596,158.47854466067787,1.5720219931973154,947.1880193986522,949.2406550903481,1.5713150000024663,278.76172822640984,949.2406550903486,1.521318502116931,241.4679599659799,1.5212074502047273,278.76172822640984,1.5207949941580705,129.29334584140756,261.0148551168004,129.29334584231609,1.4209242300382674,235.1344496289156,1.4202122139807671,261.0148551168004,235.1344496289156,271.8973491040391,1.4200600090758142,1.4114450017036315,259.16101802717276,1.3613749413657958,50.83498808046366,174.11308762517362,50.83498808049123,1.26207642446479,220.00005464189968,174.11308762517362,220.00005464189968,273.8271838671601,1.2618018814500693,1.2516149617265175,172.33171973068448,1.2009149958665546,154.06365183430935,0.008035877659951948,0.0044534955115557015,122.91370242604442,281.4887969482757,37.42329692370468,599.9629407347783,1.6221417203356716,1219.4455087067336,1.6222038663119769,282.0326472971755,155.6126552307441,1.5720112161500446,944.1731310993586,946.3651341112596,1.5713215257316753,278.20477724580627,945.9856805838351,1.5212953879146736,238.21632914381325,1.5212037623871077,279.0401899387423,1.5207770065282455,128.3548252502284,261.0299075541758,128.59673779171655,1.4209214884299541,235.08292928062855,1.4202112625617533,260.5556426510329,235.14287322998953,271.97893953668375,1.4199362179746962,1.4114453387850565,258.80530568790977,1.3613418788542366,50.633978383564425,173.53302446675823,50.75718040453357,1.262015358503319,220.78809652459603,173.26743077215065,220.84574522135682,274.9720031285209,1.26176018551275,1.251615002267136,171.2180688177361,1.2008985021024536,156.77493593782123,0.007644454672155709,0.00433776181092356
123.27677830275843,280.00000000000045,37.64090752829037,599.9999587739105,1.6221371750255087,1219.5064057289023,1.6221950000000014,282.05440287687736,158.47854466067287,1.5720219931973016,947.1880193986468,949.2406550903427,1.5713150000024525,278.7617282264273,949.2406550903429,1.5213185021453355,241.4679599660217,1.5212074502331334,278.7617282264273,1.520794994186479,129.29625399016808,261.013549919081,129.2962539910735,1.4209242310333106,235.1377827970645,1.4202122154757237,261.013549919081,235.1377827970645,271.90203511399494,1.4200600107791854,1.4114450016963116,259.1596503957069,1.3613749413093932,50.835014951581854,174.11262251543326,50.83501495160897,1.2620763365973322,220.00005434962148,174.11262251543326,220.00005434962148,273.82568026498495,1.2618017952493856,1.251614961808751,172.33131069188238,1.2009149952858607,154.06477545996418,0.008035667446485952,0.004453348871148749,122.91333003604683,281.4866597779031,37.422616965963726,599.9628331815627,1.622141752230223,1219.445298319787,1.6222038969171508,282.03164199053293,155.61018327105435,1.5720111992001868,944.1707951419418,946.3628435255293,1.5713215226364639,278.2041483855361,945.9831200050929,1.5212953337262103,238.21200684766595,1.5212037384870505,279.0393698966528,1.520777008123916,128.35652815623342,261.02745953661065,128.5984793345931,1.4209214138979274,235.08561157039674,1.420211194576911,260.55324386310934,235.1461099743275,271.9837533427604,1.4199361209202765,1.4114453276771615,258.8023913911034,1.3613417911891004,50.63466941610626,173.53182277022455,50.757743456317954,1.2620152444248343,220.78761130919847,173.26669910628647,220.8447288227872,274.9686424825756,1.2617600341775457,1.2516149827613692,171.21718771458103,1.2008984176815416,156.79355681101418,0.007644660177659675,0.004336961258694545
123.27677830276497,280.0000000000008,37.64090752829027,599.9999587739101,1.6221371750255082,1219.5064057288994,1.622195000000001,282.05440287689123,158.47854466066843,1.5720219931972912,947.1880193986426,949.240655090339,1.5713150000024418,278.76172822644304,949.240655090339,1.5213185021736062,241.46795996605994,1.5212074502614068,278.76172822644304,1.520794994214754,129.29914868265655,261.0122507955974,129.29914868355877,1.4209242320247162,235.14110053254936,1.4202122169646199,261.0122507955974,235.14110053254936,271.9066993561752,1.4200600124755098,1.411445001689029,259.1582891314108,1.361374941260355,50.83503827731455,174.11215657580243,50.83503827734174,1.2620762489314843,220.00005405770892,174.11215657580243,220.00005405770892,273.8241861947421,1.2618017092507863,1.2516149618929457,172.33090050698115,1.2009149947273365,154.06588709637555,0.008035457681818754,0.0044532029810430505,122.91296206910194,281.484586245358,37.4219570490825,599.9627309664468,1.622141782895337,1219.4450970454277,1.622203926312734,282.0306530728644,155.60776980107082,1.5720111827177976,944.1685182047257,946.3606051965077,1.5713215196622097,278.2035233281593,945.9806134249501,1.5212952812400025,238.20774036629325,1.521203715346114,279.03856575757175,1.5207770100097082,128.35823509892722,261.02503087428926,128.60022549082825,1.4209213402713772,235.08829253688435,1.4202111265920685,260.5508619058326,235.149330177658,271.9885450697547,1.419936025670801,1.4114453169865286,258.799513094185,1.3613417061648416,50.63535854322749,173.5306464259384,50.758306508102336,1.262015131007291,220.7871260938009,173.26598113063596,220.84372263927855,274.96531179781255,1.2617598846516436,1.2516149638716643,171.2163255921062,1.200898335842652,156.81159032015043,0.0076448596522374875,0.004336173395683832
123.27677830277251,280.000000000001,37.64090752829014,599.9999587739101,1.6221371750255078,1219.5064057288969,1.6221950000000005,282.05440287690726,158.47854466066434,1.572021993197279,947.1880193986381,949.240655090333,1.5713150000024294,278.7617282264579,949.2406550903333,1.5213185022017401,241.4679599660965,1.5212074502895425,278.7617282264579,1.520794994242892,129.30202997741665,261.01095771960615,129.30202997831506,1.420924233012474,235.14440290259816,1.4202122184474573,261.01095771960615,235.14440290259816,271.91134192608035,1.4200600141647939,1.411445001681766,259.15693420623256,1.361374941218588,50.83505812916266,174.11168987510752,50.83505812919063,1.2620761614718021,220.00005376612893,174.11168987510752,220.00005376612893,273.82270157429684,1.2618016234586373,1.2516149619790826,172.33048924690058,1.2009149941897115,154.06698687717915,0.008035248367051202,0.0044530578335719995,122.91259635248208,281.4825975632495,37.42131932029598,599.9626335830496,1.6221418124528242,1219.4449041659575,1.622203954636625,282.02967740585575,155.60540866398236,1.5720111665598864,944.1662940750576,946.3584104147433,1.571321516713875,278.2028996536527,945.9781521339551,1.521295229987313,238.20352300192226,1.5212036927194206,279.03777683006405,1.5207770120163846,128.359948961659,261.0226295617687,128.60197856710133,1.4209212677200802,235.09097350337194,1.4202110591309922,260.5485026699289,235.15253516326163,271.99331754831826,1.4199359320715597,1.4114453066340686,258.7966729147949,1.3613416228091375,50.63604767034872,173.5294994902594,50.758868924746515,1.2620150186472539,220.78664598593386,173.26527481701933,220.84274710095292,274.96201606776214,1.2617597369350435,1.2516149455096046,171.21547945336204,1.2008982562489992,156.82904506080155,0.007645054650299012,0.004335397750612595
123.27677830278037,280.0000000000009,37.64090752828995,599.9999587739103,1.6221371750255078,1219.5064057288946,1.6221950000000005,282.05440287692426,158.4785446606601,1.572021993197266,947.1880193986342,949.24065509033,1.5713150000024165,278.76172822647493,949.2406550903297,1.5213185022297386,241.46795996614065,1.521207450317543,278.76172822647493,1.5207949942708945,129.30489793277007,261.00967066442627,129.30489793366587,1.4209242339966086,235.14768997420254,1.4202122199242728,261.00967066442627,235.14768997420254,271.91596291885224,1.4200600158470784,1.4114450016745412,259.15558559218334,1.3613749411840583,50.83507457743828,174.11122248163076,50.83507457746675,1.262076074222863,220.00005347479714,174.11122248163076,220.00005347479714,273.8212263224662,1.261801537877329,1.2516149620671817,172.33007698196286,1.2009149936718528,154.06807493141514,0.008035039503736702,0.00445291342147525,122.91223436053818,281.48065130635933,37.420698053644244,599.9625407148831,1.6221418409905015,1219.4447192862806,1.622203981972123,282.0287156869101,155.60309370297773,1.572011150676957,944.1641165402848,946.3562522126749,1.5713215138821777,278.20227355912317,945.9757274226564,1.5212951799064662,238.19934582418898,1.5212036705335068,279.03699481690785,1.5207770141681218,128.36166282439075,261.02024255529795,128.60373106670457,1.420921195564929,235.0936491767372,1.4202109916175394,260.54616026467187,235.15572029965634,271.99806398488727,1.419935839555285,1.4114452966470539,258.7938573000342,1.3613415412420278,50.63673235148852,173.52837080819867,50.759429118400014,1.2620149066837816,220.7861556630058,173.26457205271734,220.8417919927493,274.958750298894,1.2617595902523304,1.2516149276609296,171.21464330444957,1.2008981785862505,156.8459525500632,0.007645245811763127,0.004334630137963879
123.27677830278722,280.0000000000016,37.640907528289944,599.9999587739095,1.6221371750255071,1219.5064057288928,1.6221949999999998,282.0544028769389,158.47854466065547,1.572021993197255,947.1880193986303,949.2406550903245,1.5713150000024054,278.7617282264921,949.240655090324,1.5213185022576114,241.46795996617976,1.5212074503454178,278.7617282264921,1.5207949942987713,129.30775260683046,261.00838960359135,129.30775260772356,1.4209242349771252,235.1509618140642,1.420212221395082,261.00838960359135,235.1509618140642,271.9205624292313,1.4200600175223839,1.411445001667349,259.1542432614866,1.361374941156675,50.83508769126337,174.11075446287663,50.835087691290816,1.262075987189168,220.0000531836764,174.11075446287663,220.0000531836764,273.8197603590396,1.2618014525111767,1.2516149621572268,172.32966378170772,1.2009149931726943,154.06915138389195,0.008034831093822505,0.0044527697378621495,122.91187508450383,281.4787898999058,37.42009897508721,599.9624524568936,1.622141868437549,1219.4445424426442,1.6222040082737288,282.0277672186244,155.6008264572598,1.5720111351900006,944.1619933662232,946.3541358159736,1.571321511205997,278.20165265035723,945.9733549680667,1.5212951314538636,238.19520660050247,1.5212036490087626,279.03622663245466,1.5207770168275723,128.3633824538208,261.01787953249874,128.6054893330061,1.420921124258662,235.0963241884621,1.4202109248373591,260.54383931848946,235.15889087996447,272.00278834237395,1.4199357488955242,1.4114452870145755,258.7910772616333,1.3613414615355366,50.637419573189135,173.52726849247534,50.75999153504419,1.2620147953812508,220.78568066266922,173.2638814574942,220.8408726372592,274.9555294717993,1.2617594461543349,1.2516149104054992,171.2138271352005,1.2008981032585482,156.86230992274494,0.0076454325875326195,0.004333876588813002
123.27677830279326,280.0000000000007,37.640907528289624,599.9999587739104,1.6221371750255085,1219.5064057288914,1.6221950000000012,282.0544028769519,158.47854466065218,1.572021993197245,947.1880193986258,949.240655090318,1.5713150000023954,278.7617282265019,949.240655090318,1.5213185022853568,241.4679599662034,1.521207450373165,278.7617282265019,1.5207949943265204,129.3105940574826,261.0071145106635,129.3105940583717,1.4209242359540246,235.15421848865384,1.420212222859897,261.0071145106635,235.15421848865384,271.925140551626,1.4200600191907262,1.411445001660181,259.1529071864129,1.3613749411363512,50.835097538627515,174.1102858857023,50.83509753865553,1.2620759003752013,220.00005289273403,174.1102858857023,220.00005289273403,273.8183036047616,1.261801367364481,1.2516149622492105,172.32924971500728,1.200914992691271,154.07021635552567,0.008034623139602601,0.00445262677617955,122.9115189123661,281.47702925334573,37.41952637909482,599.9623684820435,1.62214189477697,1219.4443735444297,1.6222040335211425,282.0268358367158,155.5986146228425,1.572011120178762,944.159935425015,946.352078643542,1.5713215086896528,278.20103243302646,945.9710452215279,1.5212950849995608,238.1911499826824,1.5212036286961628,279.0354722767045,1.5207770202365043,128.36510957995864,261.0155468048636,128.60725567268517,1.4209210542540174,235.09899787690642,1.4202108588952045,260.5415394106154,235.16204491926518,272.0074894885177,1.4199356600407074,1.4114452779329918,258.78833449370455,1.3613413846619868,50.63810965302066,173.5261955853592,50.76055585710897,1.2620146861937325,220.78520566233266,173.26320505952967,220.83998903448258,274.9523361091217,1.261759304253349,1.251614893817469,171.21302894764847,1.2008980307149397,156.8781401003709,0.007645615891989627,0.004333132918304479
123.27677830280263,280.000000000001,37.64090752828962,599.9999587739103,1.6221371750255078,1219.5064057288894,1.6221950000000005,282.05440287697195,158.4785446606469,1.57202199319723,947.1880193986206,949.2406550903133,1.5713150000023801,278.76172822652313,949.2406550903133,1.5213185023129512,241.46795996625724,1.5212074504007616,278.76172822652313,1.5207949943541195,129.31342234238826,261.00584535921337,129.3134223432744,1.420924236927309,235.15746006422836,1.4202122243187323,261.00584535921337,235.15746006422836,271.9296973800776,1.4200600208521248,1.411445001653039,259.1515773392505,1.361374941123009,50.83510418637164,174.10981681609877,50.83510418639884,1.2620758137853751,220.00005260193433,174.10981681609877,220.00005260193433,273.8168559813202,1.261801282441472,1.2516149623431094,172.32883484981528,1.2009149922266795,154.07126996363857,0.008034415643668946,0.004452484530181749,122.91116165386455,281.47539588244064,37.418981697157065,599.9622885793407,1.6221419201022464,1219.4442123741533,1.6222040578067631,282.02590933662935,155.5964751309566,1.572011105549748,944.1579427166602,946.3500859210511,1.5713215063547443,278.20041048710783,945.9687999249302,1.5212950403215244,238.18716034259188,1.5212036095589756,279.03472552674106,1.5207770246125094,128.36684420280426,261.0132342740045,128.60902835573233,1.4209209852114413,235.10167222699107,1.420210793476816,260.5392538087911,235.16518572575993,272.0121708201004,1.419935572578276,1.4114452692304893,258.7856226433265,1.361341310189235,50.63880163827281,173.5251490445805,50.76112240216443,1.2620145777993437,220.78475619964863,173.26253880246415,220.83914118441947,274.9491926817479,1.2617591648078448,1.2516148778426481,171.21224974077663,1.2008979605063779,156.89345167851263,0.007645794810158921,0.004332401905970683
123.27677830280703,280.0000000000007,37.64090752828944,599.9999587739105,1.6221371750255082,1219.5064057288882,1.622195000000001,282.05440287698127,158.47854466064365,1.5720219931972228,947.1880193986171,949.2406550903108,1.571315000002373,278.761728226533,949.2406550903105,1.5213185023404319,241.46795996628134,1.5212074504282442,278.761728226533,1.520794994381604,129.3162375189996,261.0045821231386,129.31623751988178,1.4209242378969964,235.1606866067029,1.4202122257716157,261.0045821231386,235.1606866067029,271.93423300823315,1.420060022506612,1.411445001645924,259.1502536925986,1.361374941116542,50.83510770023065,174.10934731929677,50.835107700258,1.262075727424076,220.00005231126187,174.10934731929677,220.00005231126187,273.81541741130974,1.2618011977463572,1.2516149624389135,172.32841925334333,1.2009149917781103,154.0723123222423,0.008034208608871602,0.004452342993904399,122.91080943919502,281.473826149363,37.418456340334046,599.96221208416,1.6221419445578518,1219.4440573659283,1.62220408126219,282.0250048047421,155.59438181515455,1.5720110911957155,944.1559966032005,946.3481367458174,1.571321504078155,278.1997961469758,945.9666068850415,1.5212949965069509,238.183224284685,1.5212035906911539,279.03399329691575,1.5207770288192766,128.368585169018,261.01095203830954,128.6108073821476,1.4209209173573032,235.1043426072339,1.4202107288440768,260.5369959775339,235.1683086679666,272.01682667581883,1.4199354870239282,1.4114452607734351,258.78294891047693,1.3613412373970417,50.63949552894557,173.52413292649885,50.76169117021058,1.2620144715199675,220.78432716708656,173.26188724970223,220.83833419460038,274.9460916993823,1.2617590280762936,1.2516148622671264,171.2114900140766,1.200897892049101,156.90827903945643,0.007645971354174171,0.004331681689373441
123.27677830281485,280.00000000000125,37.64090752828946,599.9999587739101,1.6221371750255076,1219.5064057288869,1.6221950000000005,282.0544028769979,158.47854466063887,1.5720219931972101,947.188019398612,949.2406550903029,1.5713150000023601,278.7617282265477,949.2406550903032,1.5213185023677687,241.4679599663154,1.521207450455583,278.7617282265477,1.520794994408945,129.31903964454494,261.0033247762133,129.31903964542485,1.4209242388630812,235.1638981818343,1.420212227218554,261.0033247762133,235.1638981818343,271.93874752943407,1.4200600241541985,1.4114450016388294,259.1489362189576,1.3613749411168548,50.83510814483191,174.10887745956347,50.83510814485901,1.2620756412955918,220.00005202069605,174.10887745956347,220.00005202069605,273.81398781826914,1.2618011132832478,1.2516149625365853,172.32800299177833,1.200914991344776,154.07334354228175,0.008034002038279349,0.004452202161639201,122.91046172517561,281.4722988415037,37.417947445645815,599.9621380786859,1.6221419682627638,1219.4439071858524,1.6222041040659216,282.02411526702264,155.592330057828,1.5720110771469122,944.1540924251467,946.3462206664993,1.5713215018987632,278.1991807696911,945.9644539086297,1.5212949539752367,238.1793507393257,1.5212035724110384,279.0332776615341,1.520777033026044,128.3703342086093,261.0086963108832,128.61259390527064,1.420920850578418,235.10701563403794,1.4202106649969868,260.5347587638189,235.17141903900765,272.02146611375815,1.4199354030166755,1.4114452525836467,258.78031117751516,1.361341166501479,50.64019291288945,173.52314621702436,50.7622653369484,1.2620143666946622,220.78390834958552,173.2612468519292,220.83757317255578,274.9430356587901,1.2617588939294602,1.2516148471964332,171.21074627110727,1.2008978256349898,156.9226078572496,0.007646144426150124,0.004330974118939884
123.27677830282182,280.00000000000114,37.64090752828935,599.9999587739101,1.6221371750255078,1219.5064057288855,1.6221950000000005,282.0544028770129,158.47854466063546,1.5720219931971988,947.1880193986083,949.2406550902987,1.571315000002349,278.7617282265611,949.240655090299,1.521318502394974,241.46795996634643,1.5212074504827904,278.7617282265611,1.5207949944361543,129.32182877603785,261.0020732924452,129.32182877691503,1.420924239825581,235.16709485507587,1.4202122286595755,261.0020732924452,235.16709485507587,271.9432410366054,1.4200600257949179,1.4114450016317621,259.1476248910608,1.3613749411238492,50.83510558372825,174.10840730027826,50.83510558375529,1.262075555404179,220.00005173022146,174.10840730027826,220.00005173022146,273.8125671266147,1.2618010290562265,1.2516149626361108,172.32758613041864,1.2009149909259849,154.07436373186536,0.008033795935147404,0.0044520620279117525,122.91011874459853,281.47087229353787,37.417459307562304,599.9620663202777,1.6221419912453108,1219.4437613119633,1.622204126249458,282.02324281568036,155.5903290941937,1.5720110633318432,944.1522348419882,946.3443533601093,1.5713214998446488,278.19857438106334,945.9623497051464,1.521294912430337,238.17554863687795,1.52120355443702,279.03257585485545,1.5207770370152198,128.37208843822913,261.00646835402387,128.6143856184221,1.4209207851011556,235.10968535264047,1.4202106019879226,260.5325488999048,235.17450889919942,272.0260812080939,1.4199353205049479,1.4114452446693055,258.7777098679694,1.361341096962367,50.64089379010444,173.5221858738873,50.7628429969573,1.2620142635878047,220.78350996220647,173.26062318663958,220.83684790322468,274.9400170696758,1.2617587628842875,1.2516148325592646,171.2100230072929,1.2008977608149967,156.93644959265433,0.007646313568457141,0.004330278260775162
123.27677830282748,280.00000000000045,37.640907528289176,599.9999587739107,1.6221371750255082,1219.506405728885,1.622195000000001,282.0544028770249,158.47854466063205,1.5720219931971897,947.1880193986044,949.2406550902929,1.5713150000023395,278.7617282265743,949.2406550902929,1.5213185024220621,241.46795996638144,1.5212074505098805,278.7617282265743,1.520794994463246,129.32460497027841,261.00082764596334,129.32460497115255,1.4209242407845186,235.17027669162528,1.4202122300947138,261.00082764596334,235.17027669162528,271.94771362231415,1.4200600274288067,1.4114450016247342,259.14631968175814,1.3613749411374423,50.83510007939326,174.10793690383446,50.83510007942096,1.2620754697540275,220.00005143980547,174.10793690383446,220.00005143980547,273.81115526161096,1.26180094506931,1.2516149627374824,172.32716873355866,1.200914990521102,154.07537299647547,0.008033590302883352,0.004451922587460252,122.90978010947673,281.46947756448577,37.416986915868584,599.961996249806,1.6221420136641294,1219.4436187148356,1.622204147905198,282.02238675331216,155.5883696890349,1.5720110498247535,944.1504129815827,946.3425191496348,1.5713214979071715,278.1979693753059,945.9602838232496,1.521294871798241,238.1717911862499,1.521203536536465,279.03189064262045,1.52077704066592,128.37384728120753,261.0042648016023,128.61618309827182,1.4209207206425538,235.112355071243,1.4202105391883648,260.53036217812996,235.17758618822555,272.0306781862595,1.4199352392824658,1.411445236948596,258.77513778186204,1.3613410290317896,50.64159689031016,173.5212508829978,50.76342573808778,1.2620141616706417,220.7831166823579,173.26001473269847,220.8361481715461,274.9370384288045,1.2617586340361244,1.251614818329952,171.20931273025974,1.2008976973870507,156.9498128412421,0.007646479238237831,0.004329593645475815
123.27677830283639,280.00000000000136,37.64090752828922,599.9999587739096,1.6221371750255078,1219.5064057288837,1.6221950000000005,282.054402877044,158.47854466062643,1.572021993197175,947.1880193985993,949.240655090287,1.571315000002325,278.76172822659345,949.240655090287,1.5213185024490024,241.46795996642135,1.5212074505368225,278.76172822659345,1.5207949944901902,129.32736828384225,260.99958781085917,129.32736828471286,1.42092424173987,235.17344375648062,1.4202122315239565,260.99958781085917,235.17344375648062,271.952165378813,1.4200600290558576,1.4114450016177185,259.14502056389165,1.3613749411574787,50.83509169326857,174.10746633148716,50.83509169329526,1.262075384349171,220.00005114949386,174.10746633148716,220.00005114949386,273.8097521495073,1.261800861326365,1.2516149628406243,172.32675086432405,1.2009149901294744,154.0763714391476,0.008033385145025199,0.004451783835219001,122.90944659578437,281.4681676858703,37.41652955481967,599.9619275718821,1.622142035473895,1219.443479031996,1.6222041690499418,282.02154917212744,155.58645799916272,1.572011036653141,944.1486315034198,946.340731970198,1.5713214961640902,278.1973723210527,945.9582736818425,1.5212948323873283,238.16810964371533,1.5212035193093232,279.0312220248291,1.5207770445342117,128.37561419756358,261.0020902820463,128.61798922816897,1.4209206576553512,235.11502346656496,1.420210477593469,260.52820533075305,235.18064693624422,272.03525534986403,1.4199351599164978,1.4114452295196969,258.7726029662268,1.3613409628778026,50.642303801357095,173.52034225844577,50.764014830620226,1.2620140617363027,220.78273361757036,173.2594214901059,220.8354790850505,274.93409224588066,1.26175850867733,1.2516148045883546,171.2086239313647,1.200897635732842,156.96272052453713,0.007646641526748965,0.0043289198040217525
123.27677830284222,280.0000000000009,37.64090752828912,599.9999587739103,1.6221371750255078,1219.5064057288828,1.6221950000000005,282.0544028770566,158.4785446606233,1.5720219931971657,947.1880193985954,949.2406550902842,1.5713150000023155,278.7617282266064,949.2406550902842,1.521318502475828,241.46795996645687,1.52120745056365,278.7617282266064,1.5207949945170194,129.3301187730957,260.9983537615084,129.33011877396342,1.420924242691659,235.1765961143256,1.4202122329473377,260.9983537615084,235.1765961143256,271.95659639795633,1.420060030676109,1.4114450016107256,259.1437275105533,1.3613749411838363,50.83508048574494,174.1069956434319,50.83508048577124,1.2620752991936222,220.00005085929357,174.1069956434319,220.00005085929357,273.80835771729926,1.261800777831238,1.251614962945521,172.3263325847907,1.2009149897505647,154.07735916064843,0.008033180465211802,0.0044516457663000995,122.90911998826199,281.46688962616855,37.41608794016054,599.961860286506,1.6221420567199323,1219.4433422779437,1.6222041897123893,282.02072763121527,155.58458940696886,1.5720110237840084,944.1468857480099,946.3389813704573,1.5713214945462861,278.19677976112797,945.9562914106803,1.5212947941112525,238.1644973115013,1.5212035025229613,279.0305720757868,1.5207770481123817,128.37738572727824,260.9999389046296,128.61980054809453,1.4209205957999944,235.1176912002466,1.4202104166270926,260.5260741501123,235.18369180489574,272.0398110005166,1.4199350821491943,1.411445222295338,258.7701016093109,1.361340898404374,50.64301388810505,173.51946202841097,50.76460868670415,1.2620139631238467,220.78235055278282,173.25884650113153,220.83484064373795,274.93117852090427,1.2617583856447814,1.25161479127743,171.20795211518356,1.2008975757850133,156.97518123811093,0.0076468007997133455,0.004328256731415996
123.27677830284787,280.0000000000002,37.64090752828891,599.999958773911,1.622137175025509,1219.5064057288823,1.6221950000000016,282.0544028770685,158.47854466061997,1.5720219931971566,947.1880193985909,949.2406550902788,1.5713150000023064,278.76172822661636,949.2406550902783,1.5213185025025244,241.4679599664821,1.5212074505903486,278.76172822661636,1.5207949945437202,129.33285649418417,260.9971254722361,129.33285649504876,1.4209242436398841,235.17973382964843,1.4202122343648678,260.9971254722361,235.17973382964843,271.96100677125247,1.4200600322895751,1.4114450016037483,259.1424404948302,1.3613749412163962,50.83506651622187,174.10652489880795,50.83506651624914,1.2620752142912801,220.00005056921827,174.10652489880795,220.00005056921827,273.80697189290674,1.261800694587666,1.2516149630521263,172.3259139559355,1.2009149893838316,154.0783362596233,0.0080329762671652,0.004451508375979949,122.90879842457164,281.4657017200558,37.41566350338118,599.9617947734633,1.6221420773597495,1219.4432086556633,1.6222042098582405,282.01992701239755,155.58277622607562,1.5720110111953567,944.145183481169,946.3372760598642,1.5713214929889605,278.1961930784021,945.9543683637881,1.521294756464271,238.16095418960782,1.5212034858223065,279.0299394126233,1.5207770516905514,128.3791653303705,260.99782118850624,128.62161994139765,1.4209205356424055,235.12035628736706,1.420210356655872,260.52396989850644,235.18671947089953,272.0443462704778,1.4199350062384049,1.4114452152809738,258.76763752286723,1.3613408353354124,50.64372778569423,173.51861424925303,50.765209846900326,1.2620138660976499,220.78197770305627,173.25829280804513,220.83422263254735,274.9282997506406,1.2617582655846575,1.251614778354396,171.2073022766321,1.200897517251684,156.9872207686782,0.007646955684646052,0.004327609058561877
123.27677830285559,280.0000000000008,37.64090752828897,599.9999587739104,1.6221371750255082,1219.5064057288814,1.622195000000001,282.05440287708507,158.47854466061557,1.572021993197144,947.1880193985858,949.2406550902757,1.5713150000022937,278.7617282266325,949.2406550902758,1.5213185025290894,241.46795996652077,1.5212074506169153,278.7617282266325,1.520794994570289,129.3355815030437,260.9959029175215,129.33558150390536,1.4209242445845698,235.18285696667428,1.420212235776581,260.9959029175215,235.18285696667428,271.9653965898624,1.4200600338962954,1.4114450015968036,259.1411594899502,1.3613749412550606,50.83504984308665,174.10605415555702,50.835049843113595,1.2620751296459738,220.0000502792496,174.10605415555702,220.0000502792496,273.80559460506447,1.2618006115993194,1.251614963160422,172.32549503751306,1.2009149890287796,154.07930283274834,0.008032772554669798,0.004451371659686451,122.90847662808903,281.4645456328567,37.415250518521674,599.9617311487999,1.6221420973451885,1219.4430780201656,1.6222042295658952,282.0191556845122,155.5810276916998,1.5720109986397028,944.1435231497338,946.3356212640895,1.571321491520193,278.1956046670882,945.9524801547021,1.5212947194093782,238.15746688248896,1.5212034693910172,279.02931504668163,1.52077705505113,128.38094839348176,260.9957278768207,128.62344221804995,1.420920477408954,235.12300748004125,1.420210297260794,260.52191571807447,235.18973125753615,272.04884077905615,1.4199349315137215,1.411445208460241,258.7652111304238,1.3613407728426423,50.64444104814321,173.51779993506184,50.76581577064799,1.2620137719795954,220.7815997457992,173.2577629460714,220.8336199439483,274.92544345126356,1.2617581477215436,1.2516147656310117,171.20667541469356,1.2008974606492586,156.9988563073821,0.007647103528122497,0.004326973997490085
123.27677830286186,280.00000000000045,37.64090752828888,599.999958773911,1.6221371750255082,1219.506405728881,1.622195000000001,282.0544028770985,158.47854466061278,1.5720219931971338,947.1880193985834,949.240655090277,1.5713150000022833,278.7617282266484,949.240655090277,1.521318502555526,241.46795996657173,1.521207450643354,278.7617282266484,1.5207949945967294,129.33829385539502,260.99468607196866,129.33829385625285,1.4209242455257185,235.1859655893718,1.420212237182491,260.99468607196866,235.1859655893718,271.96976594456186,1.4200600354962873,1.4114450015898838,259.13988446927067,1.3613749412996874,50.83503052374,174.10558347035203,50.83503052376676,1.2620750452613834,220.00004998942993,174.10558347035203,220.00004998942993,273.80422578334384,1.2618005288697223,1.25161496327035,172.3250758880094,1.200914988684937,154.0802589748455,0.008032569331548748,0.0044512356129824005,122.9081521932943,281.46348500239884,37.41484898558201,599.9616704358273,1.6221421165487735,1219.4429517923472,1.6222042487289536,282.018423759905,155.57936535268053,1.5720109859465583,944.1419047537045,946.3340187250234,1.5713214900600654,278.19501556433926,945.9506372347639,1.5212946822187985,238.15407557678247,1.5212034525679237,279.02869897796177,1.5207770577347572,128.38273606995162,260.9936598111052,128.62526968473065,1.4209204216655629,235.12563419202442,1.4202102390180014,260.5199305432941,235.19272121004292,272.05328093912425,1.419934858284563,1.4114452017431416,258.7628309025424,1.361340710685984,50.645153040311776,173.51702922673644,50.76642836336771,1.262013681298436,220.78120646595067,173.25727263360386,220.83302236287972,274.9226121195385,1.261758032572383,1.2516147530502344,171.20608052021643,1.2008974060001893,157.01011364093728,0.00764724231695732,0.004326362201983018
123.27677830286683,280.0000000000002,37.64090752828878,599.9999587739111,1.6221371750255087,1219.5064057288803,1.6221950000000014,282.05440287710906,158.47854466060826,1.5720219931971258,947.1880193985794,949.2406550902742,1.5713150000022753,278.761728226658,949.240655090274,1.5213185025818454,241.4679599665946,1.521207450669675,278.761728226658,1.5207949946230523,129.34099360674224,260.9934749102879,129.34099360759734,1.4209242464633256,235.1890597614601,1.4202122385826041,260.9934749102879,235.1890597614601,271.97411492580613,1.420060037089561,1.4114450015829751,259.13861540625817,1.3613749413501013,50.8350086146216,174.10511289857666,50.835008614647876,1.2620749611410889,220.0000496998218,174.10511289857666,220.0000496998218,273.8028653581165,1.2618004464023032,1.2516149633818587,172.32465656463546,1.200914988351872,154.08120477900798,0.008032366601656647,0.0044511002315584,122.90783544064371,281.4624561908547,37.41446176754216,599.9616117589283,1.6221421350951477,1219.442829000779,1.6222042673250163,282.0177110138843,155.57774611133954,1.5720109736081398,944.1403251867544,946.3324527656533,1.5713214887165752,278.1944395988582,945.9488343783025,1.5212946460520391,238.1507557139875,1.5212034361611222,279.028106418037,1.5207770608293907,128.3845312431293,260.9916237236185,128.6271063781286,1.4209203675067554,235.1282609040076,1.4202101821370006,260.5179706144838,235.19569859138406,272.05770468141316,1.4199347867572092,1.4114451952414915,258.76048836866136,1.3613406500898442,50.64587233659269,173.5162879270182,50.76705016562028,1.2620135924679126,220.78082850869362,173.25680412406922,220.83245542699413,274.91980575546523,1.2617579206541192,1.2516147408744605,171.20550960133534,1.200897352922786,157.02100136491532,0.007647378546549336,0.004325762540957045
123.2767783028754,280.00000000000114,37.64090752828892,599.99995877391,1.6221371750255078,1219.5064057288798,1.6221950000000005,282.05440287712736,158.47854466060454,1.572021993197112,947.1880193985746,949.2406550902708,1.5713150000022615,278.7617282266782,949.2406550902708,1.5213185026080203,241.46795996664716,1.5212074506958522,278.7617282266782,1.5207949946492314,129.34368081237642,260.9922694071674,129.34368081322992,1.4209242473974082,235.19213954645895,1.4202122399769483,260.9922694071674,235.19213954645895,271.9784436236903,1.4200600386761488,1.4114450015760913,259.13735227437843,1.3613749414062077,50.834984171222274,174.1046424944247,50.83498417124886,1.2620748772885757,220.0000494104182,174.1046424944247,220.0000494104182,273.8015132605981,1.2618003642003994,1.2516149634949092,172.3242371233314,1.2009149880291519,154.08214033670174,0.008032164368861651,0.004450965511222052,122.90752318864322,281.46150162344264,37.4140902958921,599.9615547699659,1.6221421530862923,1219.4427095149704,1.6222042854114829,282.01701082112044,155.57616842847403,1.572010961569451,944.1387875552101,946.3309320954309,1.5713214874314037,278.19386812770557,945.9470768109891,1.5212946104773686,238.14749836374014,1.5212034201216371,279.0275269953802,1.5207770635613715,128.38633333634488,260.989610778271,128.62894941489463,1.420920314423201,235.13088629271016,1.4202101257797661,260.5160367731758,235.19866075499831,272.06210860914103,1.4199347169832295,1.4114451889416542,258.7581792934996,1.3613405907901353,50.646596396425124,173.5155729936374,50.76767863684493,1.262013505488025,220.78045055143656,173.2563528540629,220.83189870616957,274.91702935257433,1.2617578108036291,1.2516147290580557,171.20495416669337,1.200897301327239,157.03151661412568,0.007647511301831009,0.00432517500939016
123.27677830288326,280.000000000001,37.640907528288835,599.9999587739103,1.6221371750255082,1219.5064057288791,1.622195000000001,282.0544028771442,158.47854466059937,1.5720219931970991,947.1880193985701,949.2406550902667,1.5713150000022484,278.76172822668775,949.2406550902667,1.5213185026340863,241.46795996666208,1.5212074507219198,278.76172822668775,1.5207949946753012,129.34635552738183,260.9910695376134,129.34635552823107,1.4209242483279825,235.19520500755965,1.42021224136555,260.9910695376134,235.19520500755965,271.98275212791594,1.420060040256082,1.4114450015692332,259.1360950473959,1.3613749414678533,50.83495724810132,174.10417231076366,50.83495724812766,1.2620747937072139,220.00004912126698,174.10417231076366,220.00004912126698,273.8001694227564,1.2618002822672367,1.251614963609458,172.3238176187567,1.2009149877164011,154.08306573786183,0.008031962637031797,0.004450831447887148,122.90721954995588,281.4605682686397,37.413730276161886,599.961499848726,1.6221421704400556,1219.4425933204222,1.6222043029295534,282.0163280634353,155.57462768647562,1.5720109498717394,944.1372809869293,946.3294410373434,1.5713214862909488,278.1933091023857,945.9453558233719,1.5212945760498702,238.14430352604035,1.5212034047678094,279.02696693290756,1.5207770667043587,128.3881417729286,260.98762981115226,128.63079937169857,1.420920262867638,235.13351035813216,1.420210070574817,260.514125653241,235.20160968580663,272.0664978174807,1.419934648911054,1.411445182955445,258.7559032535291,1.361340533206997,50.64732776036991,173.51488544068394,50.76831600003232,1.2620134203587734,220.78007770171,173.25592389403442,220.8313675229975,274.914287904396,1.2617577037963283,1.2516147176580632,171.20442320713903,1.200897251236001,157.04168231009254,0.007647642046535195,0.004324597749323321
123.27677830288849,280.0000000000002,37.6409075282887,599.9999587739109,1.6221371750255091,1219.5064057288787,1.6221950000000018,282.0544028771553,158.47854466059644,1.5720219931970907,947.188019398567,949.2406550902637,1.5713150000022398,278.7617282267018,949.2406550902635,1.521318502660015,241.4679599667046,1.5212074507478504,278.7617282267018,1.5207949947012334,129.34901780661954,260.98987527649945,129.34901780746605,1.4209242492550387,235.1982562077993,1.4202122427484107,260.98987527649945,235.1982562077993,271.98704052790276,1.4200600418293647,1.411445001562389,259.13484369896753,1.3613749415348697,50.834927898875534,174.10370239889485,50.8349278989017,1.262074710400202,220.00004883243537,174.10370239889485,220.00004883243537,273.79883377736843,1.2618002006058737,1.251614963725438,172.3233981039706,1.2009149874132354,154.0839810709807,0.00803176141002515,0.004450698037567,122.90692095510055,281.45969855166425,37.413387434311446,599.9614467947661,1.6221421872215922,1219.4424805331264,1.622204319935228,282.0156550693943,155.57313312056107,1.5720109384462593,944.1358116945648,946.3279917846227,1.5713214851785735,278.19275699141735,945.943671415451,1.5212945422761364,238.1411645031152,1.521203389560908,279.0264248477489,1.5207770696297542,128.38995712955028,260.9856761938345,128.63265740188012,1.4209202125571054,235.1361337619138,1.4202100164174003,260.51223935851004,235.2045447221687,272.0708660789987,1.419934582592253,1.411445177064688,258.753665754615,1.3613404769683055,50.648065158146636,173.51422729633765,50.76896130247217,1.2620133370801576,220.77970995951398,173.25551521580397,220.83084655488642,274.91157641740006,1.2617575992445091,1.2516147066117356,171.2039092302986,1.2008972026041669,157.05149272243486,0.007647769225124019,0.004324033535859444
123.27677830289467,280.00000000000045,37.640907528288736,599.9999587739112,1.6221371750255082,1219.5064057288787,1.622195000000001,282.05440287716857,158.47854466059275,1.5720219931970805,947.1880193985628,949.2406550902588,1.5713150000022296,278.76172822671396,949.2406550902582,1.5213185026858325,241.4679599667333,1.52120745077367,278.76172822671396,1.5207949947270547,129.35166770475118,260.9886865989962,129.3516677055936,1.4209242501786012,235.20129320989298,1.420212244125565,260.9886865989962,235.20129320989298,271.99130891265577,1.4200600433960373,1.411445001555569,259.1335982030298,1.3613749416071095,50.83489617626917,174.10323280890205,50.834896176295764,1.262074627370636,220.0000485439661,174.10323280890205,220.0000485439661,273.79750625799574,1.2618001192192705,1.2516149638427851,172.3229786307941,1.2009149871192721,154.08488642318835,0.008031560691677202,0.004450565276364352,122.90662763686947,281.45886595675483,37.41305604438085,599.9613957135821,1.622142203394076,1219.4423711530826,1.6222043364229062,282.0149970695211,155.57167703471643,1.5720109272517637,944.1343765717902,946.3265825953787,1.5713214841720358,278.19221421482354,945.942032296678,1.5212945094645471,238.13808129496465,1.5212033751131278,279.0258972827284,1.520777072530973,128.39177825287024,260.98374698095444,128.6345211987599,1.4209201637179716,235.1387551807746,1.4202099629932559,260.51037283978906,235.20746652572478,272.0752201872587,1.4199345177689768,1.4114451714657419,258.75145790266737,1.3613404220740608,50.64880763704499,173.51359146196918,50.76961359145419,1.2620132552556131,220.77936264743994,173.25512174892205,220.83035623195838,274.9088898980559,1.2617574972774073,1.251614695899108,171.20341673159626,1.2008971553868322,157.06097650305784,0.007647894026888745,0.004323479585071778
123.27677830290139,280.00000000000074,37.6409075282887,599.9999587739106,1.6221371750255082,1219.5064057288778,1.622195000000001,282.05440287718307,158.47854466058953,1.5720219931970694,947.1880193985587,949.2406550902567,1.5713150000022187,278.7617282267308,949.2406550902567,1.5213185027115135,241.46795996677542,1.5212074507993527,278.7617282267308,1.5207949947527397,129.35430527621645,260.98750348022094,129.3543052770574,1.420924251098652,235.2043160763746,1.4202122454970048,260.98750348022094,235.2043160763746,271.9955573708706,1.4200600449560954,1.4114450015487499,259.13235853351,1.36137494168441,50.83486213210912,174.10276358942937,50.83486213213585,1.2620745446215085,220.00004825592129,174.10276358942937,220.00004825592129,273.79618679890586,1.2618000381102874,1.2516149639614618,172.32255924963513,1.2009149868342148,154.08578188032197,0.008031360485793301,0.004450433160465201,122.90633990565233,281.4580863933683,37.41273682211509,599.9613466684718,1.6221422189773362,1219.4422653832764,1.6222043523456886,282.014353715114,155.57025942894165,1.5720109163185005,944.1329787249318,946.32520476016,1.571321483210857,278.19168077260423,945.9404297576012,1.5212944771957058,238.1350628319527,1.5212033608122737,279.0253897693273,1.5207770754321919,128.39360629622814,260.98184385557676,128.63639249234745,1.4209201158409066,235.1413746147145,1.4202099107213972,260.50852904244107,235.2103744348346,272.07955561321836,1.4199344546990749,1.411445165951339,258.7492839329672,1.361340368428231,50.64955742005569,173.51298199393818,50.77027413725876,1.2620131752817043,220.7790204428964,173.2547495779281,220.8298812316218,274.9062383334245,1.261757398024259,1.2516146855116241,171.202942214591,1.2008971094717351,157.07012792158042,0.007648016268714741,0.004322935893034763
123.27677830290844,280.0000000000009,37.64090752828869,599.9999587739103,1.622137175025508,1219.5064057288776,1.6221950000000007,282.0544028771981,158.4785446605855,1.5720219931970583,947.188019398554,949.240655090253,1.5713150000022074,278.76172822674596,949.2406550902532,1.5213185027370817,241.46795996681527,1.521207450824923,278.76172822674596,1.5207949947783117,129.35693057525145,260.986325895469,129.35693057608762,1.4209242520152476,235.2073248694989,1.420212246862798,260.986325895469,235.2073248694989,271.9997859908764,1.4200600465096107,1.41144500154198,259.13112466447194,1.3613749417666838,50.834825817359985,174.10229478775335,50.83482581738561,1.262074462155681,220.00004796829126,174.10229478775335,220.00004796829126,273.79487533518545,1.2617999572816578,1.2516149640814298,172.32214000944526,1.2009149865577142,154.08666752699543,0.008031160796146998,0.004450301686136249,122.90605993417675,281.4573545583524,37.41243263049414,599.9612994695423,1.6221422340025338,1219.442162803238,1.6222043677889746,282.0137257035763,155.568878764034,1.5720109057344638,944.1316134945,946.3238635046373,1.5713214823360766,278.1911566647595,945.9388637982208,1.5212944459876905,238.13210464889733,1.5212033471970772,279.0249023075456,1.5207770786477093,128.39544010628433,260.9799752330249,128.63826955263326,1.4209200693786486,235.1439920637335,1.4202098596018238,260.5067104910632,235.21327043441906,272.0838740552685,1.4199343933825472,1.4114451607178378,258.747146386683,1.361340316366928,50.65031482474884,173.51240092042443,50.770944210166284,1.262013097026243,220.77868334588334,173.254399209867,220.82942666140724,274.90361173644493,1.2617573016142993,1.2516146755519608,171.20249217267335,1.2008970652405655,157.07896130395523,0.007648136499482412,0.004322403381944967
123.27677830291425,280.0000000000007,37.640907528288665,599.9999587739107,1.6221371750255082,1219.506405728877,1.622195000000001,282.0544028772104,158.47854466058197,1.5720219931970487,947.1880193985504,949.2406550902491,1.5713150000021978,278.7617282267578,949.240655090249,1.521318502762522,241.46795996684483,1.5212074508503648,278.7617282267578,1.5207949948037554,129.3595436558805,260.98515382011584,129.3595436567142,1.4209242529283461,235.21031965129373,1.4202122482229131,260.98515382011584,235.21031965129373,272.00399486065857,1.4200600480565562,1.411445001535208,259.12989657009746,1.3613749418536818,50.83478728210271,174.1018264494346,50.83478728212876,1.2620743799757919,220.00004768122565,174.1018264494346,220.00004768122565,273.79357180263514,1.261799876735897,1.2516149642025844,172.32172095754464,1.2009149862894488,154.08754344665644,0.0080309616264622,0.00445017084971435,122.90578531692285,281.4566545422502,37.412140606538024,599.9612541589919,1.6221422484555048,1219.4420634419655,1.6222043827219645,282.0131095478921,155.56753196158783,1.5720108953731622,944.1302824336582,946.3225536031398,1.571321481545534,278.1906432741596,945.9373344185367,1.521294415519786,238.1292000480256,1.5212033340961237,279.0244286744669,1.5207770818148731,128.3972814130483,260.97812680724905,128.6401541096268,1.420920024048236,235.1466095127525,1.420209809372653,260.50491213646137,235.21615320119759,272.08817834406074,1.4199343335099748,1.4114451556588774,258.7450384873653,1.3613402655060238,50.651079215984225,173.51184215688852,50.771621904756174,1.262013020621418,220.77835646393132,173.25406506724434,220.8289976288452,274.901020094178,1.26175720740135,1.251614665851842,171.20205761499483,1.200897022154467,157.08749097613486,0.007648253987081246,0.004321880195812539
123.27677830292163,280.0000000000009,37.64090752828866,599.9999587739103,1.6221371750255082,1219.506405728877,1.622195000000001,282.0544028772265,158.4785446605784,1.5720219931970367,947.1880193985468,949.2406550902484,1.5713150000021856,278.76172822677586,949.2406550902482,1.5213185027878444,241.46795996689616,1.521207450875689,278.76172822677586,1.5207949948290813,129.36214457192295,260.98398722966624,129.36214457275466,1.4209242538379916,235.21330048353434,1.4202122495774039,260.98398722966624,235.21330048353434,272.00818406782787,1.4200600495969895,1.411445001528468,259.1286742246921,1.3613749419453054,50.834746575581356,174.10135861880826,50.834746575606964,1.262074298084441,220.00004739472752,174.10135861880826,220.00004739472752,273.79227613778033,1.2617997964754863,1.251614964324899,172.32130213994697,1.2009149860291286,154.08840972164313,0.008030762980414502,0.004450040647603651,122.90551442434489,281.45603407343236,37.41186289748171,599.9612103042869,1.622142262441063,1219.4419669079873,1.6222043972321574,282.0125069915694,155.56622671761716,1.5720108852345953,944.1289855424062,946.3212855070092,1.5713214808068303,278.19013472360575,945.9358451023296,1.5212943857919925,238.1263534945195,1.521203321448194,279.023972327267,1.5207770851029212,128.39912963985023,260.97630867663736,128.64204558665827,1.4209199801892225,235.1492243152103,1.420209760348144,260.50313355786943,235.2190260433716,272.0924639505526,1.4199342750297879,1.4114451507690038,258.7429631997108,1.3613402158335146,50.65184995862165,173.51130773151024,50.77230658588822,1.262012946199417,220.77805001210126,173.25374765710507,220.82859924146615,274.8984559163282,1.2617571161608252,1.251614656505388,171.20164653342079,1.200896980370606,157.09572266850037,0.00764836982942469,0.004321367720007871
123.27677830292814,280.00000000000085,37.64090752828871,599.9999587739103,1.6221371750255078,1219.5064057288769,1.6221950000000005,282.05440287724014,158.47854466057422,1.5720219931970263,947.188019398542,949.2406550902444,1.571315000002175,278.7617282267849,949.240655090244,1.521318502813044,241.46795996691847,1.5212074509008906,278.7617282267849,1.5207949948542847,129.36473337697774,260.9828260996569,129.36473337780544,1.4209242547441634,235.21626742776937,1.4202122509262607,260.9828260996569,235.21626742776937,272.0123536997089,1.4200600511309045,1.4114450015217321,259.1274576025936,1.361374942041346,50.83470374619802,174.10089133852637,50.83470374622419,1.2620742164840175,220.00004710890494,174.10089133852637,220.00004710890494,273.7909882778615,1.2617997165026993,1.2516149644482941,172.32088360103003,1.20091498577646,154.0892664332298,0.0080305648616233,0.004449911076270551,122.9052507483266,281.4554560298328,37.41159735609025,599.9611679581752,1.6221422758543946,1219.4418730273162,1.6222044112516538,282.01191803460813,155.56495687531077,1.5720108754892521,944.1277243739073,946.3200470230136,1.571321480238763,278.1896393103198,945.9343923658187,1.521294357186701,238.12356945356098,1.521203309424702,279.0235311916404,1.5207770887536214,128.40098305668062,260.9745145296972,128.64394052370872,1.4209199374054624,235.15183911766812,1.4202097122140376,260.50137854218286,235.2218856527397,272.09673653604716,1.4199342185092543,1.411445146160032,258.74092137077554,1.361340167961604,50.652628005371426,173.51080068655932,50.77300142926342,1.2620128734958636,220.77774866780175,173.25345052876384,220.8282161766786,274.8959266931911,1.2617570272465464,1.2516146476010155,171.2012499371027,1.2008969403155774,157.10366211143278,0.007648482745372228,0.00432086687645575
123.27677830293362,280.0000000000007,37.6409075282886,599.9999587739104,1.6221371750255085,1219.5064057288769,1.6221950000000012,282.05440287725196,158.47854466057152,1.5720219931970172,947.1880193985388,949.2406550902408,1.571315000002166,278.7617282267996,949.240655090241,1.5213185028381238,241.46795996695536,1.5212074509259723,278.7617282267996,1.5207949948793686,129.36731012444815,260.9816704057771,129.36731012527247,1.4209242556468986,235.21922054529682,1.4202122522695309,260.9816704057771,235.21922054529682,272.01650384321795,1.4200600526583536,1.4114450015150284,259.1262466783037,1.361374942141687,50.83465884152649,174.10042464981797,50.834658841552134,1.2620741351768028,220.00004682378687,174.10042464981797,220.00004682378687,273.78970816085354,1.2617996368197075,1.2516149645727208,172.3204653836769,1.2009149855311634,154.09011366167934,0.00803036727364585,0.004449782132238252,122.90499351289378,281.45490450199475,37.41134398236362,599.9611269202146,1.6221422888229757,1219.4417817419562,1.6222044248686533,282.0113430257099,155.56372089546588,1.5720108659473953,944.1264896091823,946.3188398930431,1.571321479741974,278.1891546142787,945.9329744671139,1.5212943291981686,238.120852390332,1.5212032978664776,279.02311287337386,1.520777092355968,128.40284224020928,260.9727468910256,128.64584411080654,1.4209198958101399,235.15444928864383,1.4202096649703335,260.4996441440386,235.2247320293018,272.1009887408503,1.4199341635873854,1.41144514168742,258.7389087652787,1.3613401212060643,50.65341462651395,173.51031797976603,50.77370452946117,1.2620128025107578,220.77746264609368,173.2531746963105,220.82785864954354,274.893424934471,1.2617569415631642,1.251614638964744,171.200879314347,1.200896901360715,157.11131790050365,0.007648594198890365,0.004320375809895577
123.27677830294039,280.00000000000057,37.640907528288565,599.9999587739106,1.6221371750255085,1219.5064057288769,1.6221950000000012,282.05440287726645,158.4785446605672,1.5720219931970063,947.1880193985347,949.2406550902365,1.571315000002155,278.76172822681303,949.2406550902369,1.5213185028630791,241.46795996698603,1.5212074509509295,278.76172822681303,1.5207949949043273,129.36987486752213,260.9805201237827,129.3698748683438,1.4209242565461842,235.22215989718748,1.4202122536072108,260.9805201237827,235.22215989718748,272.0206345849615,1.4200600541793367,1.4114450015083353,259.12504142639625,1.3613749422461283,50.83461190834722,174.09995859234112,50.83461190837109,1.2620740541649091,220.00004653947676,174.09995859234112,220.00004653947676,273.7884357253992,1.2617995574285183,1.2516149646981065,172.32004752925582,1.2009149852929706,154.09095148627966,0.008030170219977597,0.004449653812084899,122.90474015733176,281.4544060056795,37.41110206055683,599.9610868950159,1.622142301372302,1219.4416925734422,1.6222044381300553,282.01077708305263,155.5625203172853,1.572010856705268,944.1252874608841,946.3176658589882,1.5713214792991839,278.18867614115396,945.9315879224345,1.5212943022211212,238.1181844441047,1.5212032869082035,279.0227056180697,1.5207770962484366,128.40470488375692,260.9710087059858,128.64775000458368,1.4209198556296243,235.15705681305835,1.4202096187217852,260.49792952190415,235.22756517305797,272.10522849078654,1.4199341096969134,1.4114451374629837,258.7369321596698,1.3613400757229475,50.654205693637905,173.5098575829506,50.77441366349079,1.2620127333762878,220.77718683944667,173.2529125540709,220.82752155253053,274.8909531369332,1.261756857947556,1.2516146306992502,171.20052217786406,1.2008968639326136,157.11869863128453,0.00764870455594446,0.004319891740472765
123.27677830294778,280.00000000000125,37.64090752828868,599.9999587739098,1.6221371750255078,1219.506405728876,1.6221950000000005,282.05440287728226,158.47854466056282,1.5720219931969943,947.1880193985304,949.2406550902328,1.571315000002143,278.7617282268293,949.2406550902328,1.5213185028879106,241.46795996702807,1.521207450975763,278.7617282268293,1.5207949949291626,129.37242765918,260.97937522952674,129.37242765999957,1.4209242574420233,235.2250855442641,1.4202122549393152,260.97937522952674,235.2250855442641,272.0247460112171,1.4200600556938725,1.4114450015016484,259.1238418215392,1.3613749423544965,50.83456299262211,174.0994932041778,50.83456299264702,1.262073973450287,220.000046256055,174.0994932041778,220.000046256055,273.787170910877,1.2617994783309807,1.2516149648243733,172.3196300775115,1.2009149850616034,154.09177998538212,0.008029973704041803,0.00444952611243755,122.90450953781252,281.4540559976284,37.41089592599957,599.961047755984,1.6221423135646946,1219.4416047678292,1.6222044512430587,282.0102651891396,155.56138900323052,1.5720108478783628,944.124122588502,946.3165667262157,1.5713214791328676,278.1882063109686,945.9302501506835,1.5212942765516033,238.11562366224473,1.5212032779701699,279.02231979725525,1.5207771015915146,128.40657560068217,260.96931722599066,128.64966108838928,1.4209198183919072,235.15964911974604,1.420209573101756,260.49626455017756,235.2303744977634,272.1094320083826,1.41993405921005,1.411445133783988,258.73500849507246,1.361340032028425,50.65500215945359,173.50945296107977,50.77513105434297,1.2620126655637007,220.7768650650251,173.2526767781687,220.82715891786498,274.8884563717435,1.2617567765289575,1.2516146230840437,171.20020300274155,1.2008968296702967,157.1258214949186,0.00764881445704755,0.004319409576101916
123.27677830295255,280.00000000000045,37.64090752828854,599.9999587739105,1.6221371750255087,1219.5064057288766,1.6221950000000014,282.05440287729255,158.47854466056054,1.5720219931969863,947.1880193985268,949.240655090229,1.5713150000021352,278.76172822684043,949.2406550902285,1.521318502912638,241.46795996705626,1.5212074510004916,278.76172822684043,1.5207949949538933,129.374968552202,260.9782356990346,129.3749685530179,1.4209242583344595,235.2279975470923,1.4202122562658965,260.9782356990346,235.2279975470923,272.0288382078538,1.4200600572020174,1.411445001494998,259.12264783858797,1.3613749424666728,50.83451213954716,174.09902852200574,50.834512139572155,1.2620738930348092,220.00004597354877,174.09902852200574,220.00004597354877,273.7859136572713,1.2617993995288708,1.2516149649514978,172.3192130667855,1.2009149848368414,154.09259923643734,0.0080297777291939,0.004449399029971451,122.90430049037482,281.45382796207997,37.41071913698692,599.961009313226,1.622142325428482,1219.4415182816201,1.6222044642489626,282.0097989751329,155.56032849250434,1.5720108394694294,944.1229903325467,946.3155372690547,1.5713214791307075,278.1877510009214,945.9289454748482,1.5212942521032689,238.11319237066186,1.5212032710401326,279.02195541093045,1.5207771084093789,128.40845093096607,260.9676783417665,128.65157909223277,1.4209197845497266,235.16222554706656,1.4202095285816358,260.4946462834956,235.23316132669868,272.11360552107186,1.4199340116626669,1.4114451307131581,258.7331458185205,1.3613399899184295,50.655801800970295,173.50910107188383,50.77585606687751,1.2620126001305028,220.77649221529856,173.25246483337924,220.82677074554692,274.8859346389019,1.2617566969196612,1.251614616107716,171.1999182925384,1.2008967983716925,157.1326979521679,0.0076489241767098304,0.004318925614939188
123.27677830295804,280.0000000000001,37.64090752828845,599.9999587739112,1.6221371750255091,1219.5064057288764,1.6221950000000018,282.05440287730414,158.47854466055725,1.5720219931969777,947.1880193985238,949.2406550902267,1.571315000002126,278.76172822685135,949.2406550902269,1.5213185029372385,241.4679599670826,1.521207451025094,278.76172822685135,1.5207949949784973,129.37749759915346,260.9771015082749,129.37749759996547,1.4209242592234708,235.23089596605232,1.4202122575869436,260.9771015082749,235.23089596605232,272.0329112604966,1.4200600587037644,1.4114450014883588,259.1214594523351,1.3613749425824637,50.834459393537266,174.0985645808093,50.8344593935617,1.2620738129201117,220.00004569206357,174.0985645808093,220.00004569206357,273.7846639053161,1.2617993210237328,1.2516149650793849,172.31879653371888,1.20091498461841,154.09340931602358,0.0080295822987126,0.0044492725614046005,122.9041002890425,281.45366356435903,37.41055379989412,599.9609713557498,1.6221423370713104,1219.4414332743036,1.6222044770126682,282.00934357087516,155.5592941482257,1.572010831318979,944.1218798208758,946.3145304564677,1.5713214792214254,278.1873122853179,945.9276686692576,1.5212942284937265,238.11079903312574,1.5212032644651683,279.0216159162711,1.520777114816237,128.41033087460858,260.96607311883577,128.65350055609522,1.420919752405314,235.16479403470348,1.4202094855804375,260.4930604158086,235.23593227626682,272.11775865306976,1.4199339662296468,1.4114451275932387,258.73130897718215,1.3613399491768885,50.65660842902925,173.50877149266572,50.77658743081402,1.2620125373410702,220.77611936557201,173.25227418447767,220.8264030033509,274.8834178995907,1.26175662028279,1.2516146092768472,171.19965805742285,1.200896767836469,157.13933659860396,0.007649033806434717,0.004318446334005754
123.27677830296618,280.0000000000009,37.64090752828858,599.9999587739101,1.6221371750255082,1219.506405728876,1.622195000000001,282.05440287732165,158.4785446605523,1.5720219931969646,947.1880193985185,949.2406550902231,1.5713150000021132,278.76172822686783,949.2406550902227,1.5213185029617162,241.46795996712956,1.5212074510495737,278.76172822686783,1.5207949950029787,129.38001485239784,260.9759726334295,129.38001485320703,1.4209242601090648,235.2337808612429,1.420212258902474,260.9759726334295,235.2337808612429,272.03696525434873,1.4200600601991353,1.411445001481728,259.1202766378082,1.3613749427016761,50.83440479825123,174.0981014140098,50.834404798276715,1.2620737331076979,220.00004541169952,174.0981014140098,220.00004541169952,273.7834215963752,1.2617992428169829,1.2516149652079605,172.31838051339724,1.2009149844060607,154.0942102998803,0.0080293874158036,0.004449146703497601,122.90390955459489,281.45358932022697,37.41039132578128,599.9609341050971,1.6221423485158424,1219.4413502098455,1.6222044894389767,282.008893397141,155.55829366640856,1.5720108236057486,944.1207677560418,946.313551514125,1.5713214795929373,278.1869060671665,945.9264110244605,1.5212942058709993,238.1084391844544,1.521203259004397,279.02129301605544,1.5207771204252598,128.41221312493042,260.964510393288,128.655424326637,1.4209197232037,235.16734664297329,1.420209444045784,260.49151367937526,235.2386866848275,272.1218823462912,1.419933923478258,1.4114451244433202,258.72950517103504,1.3613399105240418,50.65741759764901,173.50846523751537,50.777322923161805,1.2620124797069807,220.7757771610285,173.2521078737338,220.82604547621582,274.8809311214618,1.2617565468768155,1.2516146025030213,171.1994277918024,1.2008967379299118,157.14574029941735,0.007649143986806456,0.004317964793512936
123.27677830297166,280.0000000000009,37.640907528288565,599.9999587739103,1.6221371750255085,1219.506405728876,1.6221950000000012,282.05440287733336,158.47854466054997,1.5720219931969557,947.1880193985156,949.2406550902208,1.571315000002104,278.7617282268794,949.2406550902209,1.5213185029860798,241.46795996715602,1.5212074510739393,278.7617282268794,1.520794995027346,129.382520364097,260.97484905076504,129.3825203649031,1.4209242609912685,235.2366522925401,1.4202122602125247,260.97484905076504,235.2366522925401,272.0410002743048,1.4200600616881704,1.4114450014751225,259.11909937010546,1.3613749428241928,50.83434839660428,174.09763905365577,50.83434839662907,1.2620736535989787,220.0000451324944,174.09763905365577,220.0000451324944,273.78218667243186,1.2617991649099496,1.2516149653371897,172.31796503950576,1.2009149841995983,154.09500226292926,0.00802919308359195,0.004449021453048898,122.90372580391468,281.4535256823995,37.41023744060833,599.9608977933591,1.6221423596261035,1219.4412689722549,1.622204501584587,282.0084550792604,155.55731319422773,1.5720108161125035,944.1196789886554,946.3125865069048,1.5713214799882085,278.18651056625987,945.9251777661276,1.5212941837663496,238.10611728982983,1.52120325371504,279.0209922417646,1.5207771261309901,128.41409768193154,260.9629750175411,128.65735040385806,1.4209196953037082,235.16989528140127,1.4202094036110395,260.4899909266134,235.24142786058223,272.1259890556032,1.4199338822223941,1.4114451213561272,258.7277301647983,1.3613398730715942,50.658233435240916,173.50818027825295,50.778066354762046,1.2620124239235269,220.77542984895445,173.25196235183287,220.8257134867333,274.87846681421956,1.2617564757970867,1.251614595971627,171.19921600737058,1.2008967090112588,157.1519262457512,0.007649252704542802,0.004317489781686224
