air,second_air2,COG,burner_input_T_PV,burner_inputP,burner_output_T_PV,burner_output_P_PV,fur_F,fur_inputT,fur_inputP,fur_temp,fur_outputT,fur_outputP_PV,WHB_F,WHB_inputT,WHB_inputP,WHB_outputT,WHB_outputP,SEP1_F,SEP1_P_PV,SEP1_T,HEATER1_F,HEATER1_input_T,HEATER1_input_P,HEATER1_output_T_PV,HEATER1_output_P,cat1_F,cat1_input_temp,cat1_output_temp,cat1_input_P,cat1_output_P_PV,SEP2_F,SEP2_P_PV,SEP2_T,HEATER2_F,HEATER2_input_T,HEATER2_input_P,HEATER2_output_T_PV,cat2_F,cat2_input_temp,cat2_output_temp,cat2_input_P,cat2_output_P_PV,SEP3_F,SEP3_P_PV,SEP3_T,B35_H2S,B35_SO2,air_pred,second_air2_pred,COG_pred,burner_input_T_PV_pred,burner_inputP_pred,burner_output_T_PV_pred,burner_output_P_PV_pred,fur_F_pred,fur_inputT_pred,fur_inputP_pred,fur_temp_pred,fur_outputT_pred,fur_outputP_PV_pred,WHB_F_pred,WHB_inputT_pred,WHB_inputP_pred,WHB_outputT_pred,WHB_outputP_pred,SEP1_F_pred,SEP1_P_PV_pred,SEP1_T_pred,HEATER1_F_pred,HEATER1_input_T_pred,HEATER1_input_P_pred,HEATER1_output_T_PV_pred,HEATER1_output_P_pred,cat1_F_pred,cat1_input_temp_pred,cat1_output_temp_pred,cat1_input_P_pred,cat1_output_P_PV_pred,SEP2_F_pred,SEP2_P_PV_pred,SEP2_T_pred,HEATER2_F_pred,HEATER2_input_T_pred,HEATER2_input_P_pred,HEATER2_output_T_PV_pred,cat2_F_pred,cat2_input_temp_pred,cat2_output_temp_pred,cat2_input_P_pred,cat2_output_P_PV_pred,SEP3_F_pred,SEP3_P_PV_pred,SEP3_T_pred,B35_H2S_pred,B35_SO2_pred
123.30494805511,200.00000493917824,26.855623717815853,599.9999612166412,1.6221654879917589,1219.5064152394932,1.6221949818870045,276.8787792342347,138.17538432171676,1.5719850820072425,925.9590622014018,925.5626600446681,1.5713151148961058,273.7413203675355,925.5626381311265,1.5213002322119318,200.11419687217906,1.5211950052190977,273.7413203675355,1.5207950765065226,114.66070069624406,253.38151388879115,114.66070068588144,1.4202284255807012,223.99142704960218,1.4195784306201102,253.38151388879115,223.99142704960218,261.9259396699615,1.4194374094674307,1.4114450255665711,251.52993276053522,1.361375403552583,43.6890684913931,164.98797931444113,43.68906849140495,1.261100265062005,209.99997833428262,164.98797931444113,209.99997833428262,269.71175209905766,1.2608547478439414,1.2516150439458298,163.11740351017642,1.2009143643290212,154.7357682808229,0.010085494202141752,0.00166613352219775,123.2234416367865,198.0253585132093,26.949576386927173,599.9652987309664,1.6221704692132777,1219.431485226304,1.6221971702968059,276.6206238200558,133.7255175653005,1.5719876057215088,922.9137574214244,922.5429595498435,1.5713165320100149,274.158743531858,922.0957392322596,1.5212908766569666,194.6466861088105,1.521176285366373,273.26450252156206,1.5208016146439984,114.11889751394133,252.54164159552053,114.20460712981988,1.420166417960401,223.90161239617063,1.4195421952904594,252.7579390548751,224.11720962785316,262.6752046369358,1.4193929974960242,1.4114427374483067,250.43144765005258,1.3613864310480268,41.4439656906173,163.83954540983288,41.506580567139316,1.2610560721368587,209.45386189470605,163.43024868359393,209.54616947256343,271.0751408840428,1.2607853508794025,1.2516178500371171,161.6395564759462,1.2009146517430827,134.69997295612234,0.009900266274959426,0.001694238503894511
123.30508557675049,199.99999857439047,26.855621920564516,599.9999583631758,1.6221655048500698,1219.506403008897,1.6221949987446636,276.87899641346644,138.1753380763933,1.5719849671739037,925.9592192722375,925.562885717268,1.571314998894817,273.74152165553744,925.5628857172678,1.521300193161312,200.11503914585035,1.5211949659933284,273.74152165553744,1.5207950369546577,114.66336265451503,253.3812990755564,114.66336265453069,1.4202284532359597,223.9940903131763,1.4195784554305408,253.3812990755564,223.9940903131763,261.92963937632595,1.4194374338250464,1.4114450095737552,251.52967841788214,1.3613751517590238,43.69208512649076,164.98927734524472,43.69208512651035,1.261100269637931,210.00016730897033,164.98927734524472,210.00016730897033,269.7087647224548,1.2608547490034954,1.2516150088289208,163.11878590259585,1.2009141593411425,154.700027823185,0.01008581640374195,0.00166605235284525,123.2223252407179,198.0181601520277,26.94922732437041,599.965220147138,1.6221705064369203,1219.431571283593,1.6221971935338269,276.6178669201931,133.71817322410456,1.5719875787260076,922.9060043032557,922.533259799113,1.5713165510484137,274.15569526209254,922.0865554432262,1.5212906419070913,194.6291527003556,1.521176185730712,273.26416931834495,1.5208014391896898,114.11707818699999,252.53466498758183,114.2031468690254,1.4201659440078123,223.902619229745,1.4195418042109103,252.75159980571686,224.11787215044447,262.67881029264333,1.4193926932744463,1.4114426951549113,250.4269045308595,1.3613861930849904,41.437943399672534,163.8332290883137,41.500173992905694,1.2610554975371335,209.4556408522136,163.42379537431322,209.5482804360682,271.07678330810586,1.2607848876704588,1.2516178610057045,161.6323273359172,1.2009145711481042,134.6734201351657,0.00990036993511719,0.0016921600971908644
123.30508591963354,199.9999999779119,26.855622019353525,599.9999586882634,1.6221655061574052,1219.5064059708384,1.622195000052435,276.8789966937101,138.17533837552878,1.5719849673877633,925.9592210778728,925.5628880557592,1.5713149991065976,273.741521812167,925.5628880557597,1.5213001785615474,200.11504221434785,1.5211949513922385,273.741521812167,1.5207950223518552,114.66598849511388,253.3806776027024,114.6659884951396,1.4202284798632578,223.9968884220787,1.4195784802303673,253.3806776027024,223.9968884220787,261.9335081353431,1.419437458389113,1.4114450111842247,251.5290066250695,1.3613751376475223,43.69507229198337,164.9904119724381,43.69507229202331,1.2611002902230255,210.00016963397792,164.9904119724381,210.00016963397792,269.70564499362774,1.2608547667291328,1.2516150110392938,163.12000803689565,1.200914156257419,154.66439993709008,0.0100861442956466,0.0016659676995741499,123.22132813981186,198.01083045232627,26.94879440498848,599.9651620634387,1.6221705286166093,1219.4316889390886,1.62219720276211,276.615158306902,133.71163391436937,1.5719875710707536,922.8990564139082,922.5242479976511,1.571316588216332,274.15262958359057,922.0780646128198,1.5212905369329761,194.61229118855647,1.521176211808102,273.2638401191373,1.5208013878059445,114.11539874075318,252.52776857294566,114.20183029321089,1.420165506789377,223.9038221432378,1.4195414562268247,252.74520674538698,224.11874246421212,262.68279067527726,1.419392411546265,1.4114426816660701,250.42218528257882,1.361386071236667,41.432038400028006,163.82701266947137,41.49388347532614,1.2610549257497454,209.45717204405162,163.41736426562736,209.5501584998436,271.0779506109642,1.2607844249410938,1.2516178915919651,161.62509123618804,1.2009145902694582,134.64812848036246,0.009900429433540052,0.0016900942424215649
123.3050857055696,200.00000000225816,26.855622027939198,599.9999587739993,1.6221655061200098,1219.5064061468831,1.6221950000150465,276.8789962328009,138.17533848269662,1.5719849677421116,925.9592211948282,925.5628881947965,1.5713149994632614,273.7415213561928,925.5628881947965,1.521300171518889,200.11504102812526,1.5211949443494328,273.7415213561928,1.5207950153091714,114.66858304331211,253.37993598861277,114.66858304333735,1.4202284962909622,223.99970787720554,1.419578495399513,253.37993598861277,223.99970787720554,261.9374341026389,1.4194374734285518,1.4114450089177892,251.5282137496775,1.3613751347168734,43.698027831552125,164.99152756286963,43.698027831590444,1.2611003067382418,210.00016883920415,164.99152756286963,210.00016883920415,269.7025567930858,1.260854780442755,1.251615010534988,163.1212102944148,1.200914157262412,154.6288841301376,0.01008646703434835,0.0016658822362846004,123.22036939496202,198.00366240003385,26.948364894420582,599.9651080284161,1.6221705496792558,1219.4318092537724,1.6221972114474725,276.61251553893595,133.70536073073688,1.5719875619777952,922.8924158808481,922.5155576287964,1.5713166230989435,274.14962048348224,922.0698977196994,1.5212904409900978,194.5958297204899,1.5211762447726929,273.26353859982066,1.5208013426483125,114.11379069804083,252.5208905839247,114.2005763418072,1.4201650763861313,223.9050946550634,1.419541114971496,252.73883776398603,224.11969944128845,262.6869188653014,1.419392131377798,1.4114426686005621,250.41742979721312,1.3613859557038006,41.426227542084995,163.8208835393316,41.48768987739919,1.261054354256672,209.4586338615021,163.41100783166968,209.55200930939534,271.07893461833237,1.2607839609967966,1.251617920481874,161.6179393985435,1.2009146081681323,134.62369097224735,0.009900470021816625,0.001688060091494124
123.30508561310589,200.00000000049235,26.85562202577347,599.9999587744619,1.6221655061128861,1219.506406110963,1.6221950000079213,276.878996034584,138.17533851851584,1.5719849678925408,925.9592212345444,925.5628882398692,1.5713149996146916,273.74152116020883,925.5628882398692,1.5213001665617187,200.11504050158516,1.5211949393920667,273.74152116020883,1.5207950103517345,114.67115144273995,253.3791075106146,114.67115144276701,1.4202285088683633,224.00253944746385,1.4195785071295124,253.3791075106146,224.00253944746385,261.94141704443285,1.4194374851051437,1.411445007182512,251.52733239202428,1.3613751320041598,43.700950596581364,164.99262175082615,43.7009505966205,1.261100321469034,210.0001680800437,164.99262175082615,210.0001680800437,269.6994940874687,1.260854792435262,1.2516150097795902,163.12239058194615,1.2009141584752272,154.59348005752761,0.010086782026022001,0.0016657975400368001,123.21942943675197,197.99664589218733,26.947941178836537,599.9650529269129,1.6221705705168263,1219.4319244128878,1.6221972203582502,276.60991104905224,133.69927309613712,1.571987552690365,922.8859770270955,922.5070968546612,1.5713166568804129,274.1466702249034,922.0619612561946,1.5212903479123017,194.5797042007512,1.5211762785409966,273.26324822209546,1.520801300042166,114.11226488644807,252.51410346668783,114.19939642767427,1.4201646553431662,223.90641635417234,1.4195407820158403,252.73254918526962,224.12071765151336,262.69109829522074,1.4193918555533278,1.41144265600726,250.41273583061965,1.3613858423407361,41.42051452977929,163.81485128451487,41.48159690306061,1.2610537869494023,209.46008081301244,163.40473868641456,209.55383534238013,271.0797883894312,1.2607835006653243,1.2516179486101555,161.61089046503773,1.2009146249460165,134.6000422500303,0.009900501039674246,0.0016860634879944313
123.3050855543791,200.0000000002406,26.855622023857276,599.9999587742832,1.6221655061102072,1219.5064060735401,1.6221950000052412,276.87899590877214,138.17533854066357,1.5719849679880031,925.959221259661,925.5628882682487,1.5713149997107894,273.74152103575636,925.5628882682487,1.521300162871067,200.11504016694667,1.5211949357012533,273.74152103575636,1.5207950066608402,114.67369768075838,253.37821428315334,114.67369768078623,1.4202285187939054,224.00537733513673,1.4195785165120935,253.37821428315334,224.00537733513673,261.945448665707,1.4194374944905477,1.4114450059425812,251.52638462682677,1.361375129245975,43.703839887983506,164.99369367129322,43.70383988802287,1.2611003344093943,210.00016728843704,164.99369367129322,210.00016728843704,269.6964507847829,1.2608548027027169,1.2516150089675502,163.12354824040625,1.200914159835345,154.55818730781527,0.010087088160162353,0.0016657140117658004,123.21850904795834,197.98979103174983,26.947522917354945,599.9649947247158,1.6221705913210525,1219.4320316487087,1.622197229744599,276.6073523875147,133.6933710105701,1.5719875435793487,922.8797525041196,922.498869014805,1.5713166897966988,274.1437819414266,922.0542610665351,1.5212902583598022,194.56397430437232,1.5211763138549017,273.2629890060086,1.5208012602072503,114.11082920718569,252.5074382097697,114.19829435509872,1.420164244339173,223.90778891360137,1.4195404583285895,252.72638121058,224.12178672205843,262.6953098204592,1.4193915851298506,1.4114426440850958,250.4081227654253,1.3613857320081215,41.41490430169195,163.80892322112635,41.47561196018193,1.2610532249070896,209.46151785389597,163.39856389368762,209.55562916582787,271.0805215713918,1.2607830448738626,1.251617976380703,161.6039586036319,1.2009146416333318,134.5771704299313,0.00990053286478901,0.0016841029492934963
123.30508551342851,200.0000000001493,26.855622022150605,599.9999587742277,1.6221655061086704,1219.5064060402415,1.6221950000037035,276.8789958210346,138.17533855565702,1.5719849680545601,925.9592212770788,925.5628882878934,1.5713149997777895,273.7415209489501,925.5628882878939,1.521300160049655,200.11503993335796,1.5211949328797112,273.7415209489501,1.5207950038392255,114.67622488757095,253.37727173769264,114.67622488759866,1.420228526701687,224.0082178530838,1.419578524108211,253.37727173769264,224.0082178530838,261.94951946554346,1.419437502132026,1.4114450050262457,251.5253860645219,1.3613751264914336,43.706695294102076,164.99474319306438,43.706695294142,1.261100345548091,210.000166441543,164.99474319306438,210.000166441543,269.6934229177233,1.2608548112338709,1.2516150081375432,163.12468326760705,1.2009141613073913,154.52300542210213,0.010087384999133297,0.001665631578284,123.2176149604604,197.98307256131363,26.947113859671234,599.9649311308661,1.6221706125115196,1219.4321273252026,1.6221972400504776,276.60483569139774,133.68765743099252,1.5719875348739454,922.8737438003286,922.4908891372459,1.5713167219220854,274.14096294472114,922.0468046647298,1.5212901726191075,194.54866434340332,1.5211763512955547,273.26276286652114,1.5208012232046055,114.10948863509009,252.500901932158,114.19727422100462,1.420163845155716,223.90920999109898,1.4195401447737472,252.72036482845184,224.12289728391727,262.69954921794834,1.419391321989336,1.4114426331107852,250.40360324247362,1.3613856260393546,41.40939685782298,163.80310716983013,41.469731962150014,1.2610526682278382,209.4629499394661,163.39248547172477,209.55740316802203,271.0811341642141,1.2607825948373435,1.2516180038800648,161.5971540053155,1.2009146578338397,134.55503391872034,0.009900570686072925,0.0016821766521267956
123.3050854834683,200.00000000010283,26.855622020611804,599.9999587741884,1.6221655061076903,1219.5064060102677,1.6221950000027228,276.87899575683264,138.17533856626505,1.5719849681032505,925.9592212897413,925.5628883021614,1.5713149998268046,273.7415208854235,925.5628883021611,1.5213001578574659,200.1150397622846,1.5211949306874182,273.7415208854235,1.5207950016468712,114.67873554674915,253.37629113749813,114.67873554677901,1.420228533044221,224.0110585334819,1.4195785303180897,253.37629113749813,224.0110585334819,261.95362072020123,1.419437508420057,1.4114450043311715,251.52434820097122,1.3613751237699412,43.70951660062662,164.99577050791265,43.709516600668806,1.2611003549069664,210.0001655353306,164.99577050791265,210.0001655353306,269.69040791097166,1.2608548180496482,1.251615007309613,163.12579593571184,1.2009141628620927,154.48793391554932,0.01008767235372995,0.0016655500332378496,123.21674827014546,197.97646017198963,26.94671161961558,599.9648601309005,1.622170634368878,1219.4322087560474,1.6221972515342886,276.6023646480394,133.6821257042518,1.5719875265491516,922.8679427294777,922.4831655708825,1.5713167533570729,274.13821497566073,922.0395845367697,1.5212900912134064,194.53375663635322,1.5211763904054576,273.2625635364879,1.520801188484869,114.10823995114949,252.4944856304271,114.19633251374276,1.4201634570292674,223.91067322912514,1.4195398408014925,252.71448580090976,224.12404164112044,262.7038055077106,1.419391066106003,1.4114426231029131,250.39917641904177,1.3613855247738458,41.40398911155922,163.79740514886205,41.4639532050291,1.2610521174675757,209.4643671590961,163.38649887949524,209.55913505005236,271.0816478739431,1.2607821503639356,1.2516180311601706,161.59047468160287,1.2009146739211363,134.5335940941124,0.00990062188340692,0.0016802792939899299
123.30508546086753,200.000000000076,26.85562201922151,599.9999587741567,1.622165506107021,1219.5064059832202,1.6221950000020526,276.8789957083907,138.17533857397984,1.5719849681399785,925.959221299227,925.5628883128438,1.5713149998637777,273.741520837485,925.5628883128442,1.5213001561367427,200.11503963308974,1.5211949289666125,273.741520837485,1.5207949999260146,114.68123164205971,253.3752810043731,114.6812316420918,1.4202285381598962,224.0138976328372,1.419578535441273,253.3752810043731,224.0138976328372,261.9577449421583,1.4194375136469684,1.4114450037948156,251.52327978509183,1.3613751210964837,43.7123037357763,164.9967759662352,43.71230373581905,1.2611003625269093,210.00016457273878,164.9967759662352,210.00016457273878,269.68740413467174,1.260854823189597,1.2516150064951053,163.12688664320405,1.2009141644765826,154.45297229118546,0.010087950139838896,0.0016654691722025,123.21590506313025,197.97003468748224,26.94632233305325,599.9647817248189,1.6221706569598167,1219.4322763346943,1.6221972641822875,276.59994224242786,133.67679874676233,1.5719875185813532,922.8623649198526,922.475715848403,1.5713167841322493,274.13554290869155,922.0326282340218,1.521290013856191,194.51927991564483,1.5211764312217044,273.26239345313206,1.5208011564264905,114.10708520382593,252.48819747047466,114.19546806276342,1.4201630808364698,223.91217160092506,1.4195395470925563,252.70875501581725,224.1252154437721,262.7080736220642,1.4193908179310089,1.4114426140277507,250.39486167775658,1.3613854285388833,41.39868168022329,163.7918262402837,41.458280010077566,1.2610515743921882,209.46580419997963,163.3806177400913,209.560864454426,271.0820651123615,1.2607817133719532,1.2516180582440994,161.58393355765148,1.200914690031075,134.51285689799744,0.009900690838793197,0.0016784114353914224
123.30508544348532,200.00000000005969,26.855622017964823,599.9999587741288,1.62216550610654,1219.5064059587912,1.622195000001571,276.8789956711248,138.17533857967777,1.5719849681682252,925.9592213064742,925.5628883209909,1.5713149998922127,273.7415208006073,925.5628883209912,1.521300154777057,200.11503953361947,1.5211949276068601,273.7415208006073,1.520794998566221,114.68371476521442,253.37424792950236,114.68371476524544,1.4202285423068255,224.01673387311098,1.419578539706282,253.37424792950236,224.01673387311095,261.96188588281854,1.4194375180357994,1.4114450033760866,251.52218761042772,1.3613751184789225,43.715056734042065,164.9977600007953,43.71505673408613,1.2611003684599038,210.00016355887556,164.9977600007953,210.00016355887556,269.6844106179735,1.2608548267041575,1.2516150057007525,163.12795584870213,1.2009141661338711,154.41812004902775,0.010088218349528654,0.0016653888320887502,123.2150667093303,197.9638466226068,26.945982474294368,599.9646949448886,1.6221706804427223,1219.432330346056,1.6221972781690333,276.59753563969434,133.67170612809107,1.5719875105357661,922.8570245113309,922.4685792096317,1.5713168130066444,274.1329117522532,922.0259574636239,1.5212899378069475,194.5052496525827,1.5211764673640522,273.26218628916746,1.5208011211207668,114.10601561399633,252.48203158960496,114.19467647850509,1.4201627131273105,223.9136903837745,1.4195392617618388,252.70311614941878,224.12645081417972,262.7123496194785,1.41939057205047,1.4114426051639108,250.39061351158105,1.3613853336736843,41.39346653862098,163.78633865687974,41.45270682139178,1.261051040309739,209.467226374923,163.37481278909252,209.56257651520278,271.0823665852071,1.2607812824546327,1.251618083556668,161.5775109971643,1.2009147003106424,134.492826786793,0.00990077270952425,0.001676573766012473
123.3050854299423,200.00000000004874,26.855622016828484,599.9999587741036,1.622165506106184,1219.5064059367182,1.6221950000012137,276.87899564208186,138.17533858392062,1.5719849681902327,925.9592213120735,925.5628883272823,1.5713149999143667,273.7415207718667,925.5628883272823,1.5213001536978497,200.1150394560291,1.5211949265276,273.7415207718667,1.520794997486927,114.68618619762069,253.37319708022198,114.68618619765151,1.4202285456845454,224.01956629463194,1.4195785432897403,253.37319708022198,224.01956629463194,261.9660383955606,1.4194375217589386,1.411445003046444,251.52107701764103,1.3613751159213403,43.71777571043648,164.9987230883892,43.71777571048216,1.2611003727643797,210.0001624992437,164.9987230883892,210.0001624992437,269.68142685486697,1.260854828650125,1.2516150049306018,163.12900403941467,1.2009141678217254,154.38337669217503,0.010088477050943002,0.0016653088924213494,123.21436189722809,197.9579363892156,26.94575783344973,599.9646039385349,1.6221707034199022,1219.4323755793841,1.6221972921805197,276.5947862900955,133.66672809149185,1.5719875038237014,922.8518500603204,922.4613899727974,1.5713168383678717,274.13028964835786,922.0193367866207,1.5212898593659836,194.49123044045243,1.521176501589854,273.2616495778204,1.5208010986457192,114.10507478463869,252.47577734953506,114.19396741800308,1.420162380314183,223.9152827802452,1.4195389716136455,252.69736798562104,224.1279157252427,262.71677567658617,1.4193903079303003,1.411442601208671,250.3860484815924,1.361385262712673,41.388411283580574,163.78085965097827,41.4473188294944,1.2610505029571306,209.46867828174672,163.36905022104753,209.5646131490067,271.0825064686075,1.260780845558566,1.2516181091635015,161.57121545120592,1.2009147163300125,134.47366864794668,0.009900863575297288,0.0016747890575139286
123.30508541929564,200.00000000004042,26.855622015800762,599.9999587740839,1.6221655061059153,1219.506405916771,1.6221950000009449,276.8789956192427,138.1753385870856,1.5719849682075338,925.9592213164426,925.5628883321946,1.5713149999317833,273.7415207492549,925.5628883321936,1.5213001528386685,200.1150393949395,1.5211949256683766,273.7415207492549,1.5207949966276768,114.68864697356474,253.37213254218773,114.68864697359643,1.4202285484487995,224.0223941654748,1.4195785463294592,253.37213254218773,224.0223941654748,261.97019827009933,1.419437524950888,1.4114450027852783,251.51995223790004,1.361375113425666,43.72046084160888,164.99966572880666,43.720460841655665,1.2611003755022936,210.0001613990989,164.99966572880666,210.0001613990989,269.67845266820143,1.2608548290741832,1.2516150041869936,163.13003171467903,1.2009141695314078,154.34874173083955,0.010088726388045548,0.00166522926505985,123.21367446276767,197.9521777002703,26.94554069199596,599.9645057235615,1.622170727219581,1219.4324066756014,1.6221973074235436,276.59208153973015,133.66190899131507,1.5719874971491423,922.8468668697601,922.4544478633703,1.571316862995004,274.1277378757581,922.0129373554443,1.5212897833042835,194.47758696000466,1.521176534344243,273.26113236425823,1.5208010753283154,114.10422057596219,252.46963868832418,114.19333415059641,1.4201620567482212,223.91690763363076,1.419538690288764,252.6917377038842,224.1294057318584,262.72119638447396,1.4193900508868493,1.4114425974971057,250.38159047741297,1.3613851937275148,41.383469307243296,163.77550426202555,41.442045042283205,1.2610499745320574,209.47013514388385,163.363396637741,209.56662748390036,271.0825715867422,1.2607804160480092,1.2516181341933446,161.56505089674783,1.200914730877638,134.4550898433758,0.009900965512004724,0.0016730357788368527
123.30508541086718,200.00000000003348,26.855622014871308,599.9999587740656,1.622165506105711,1219.5064058987405,1.6221950000007404,276.87899560115613,138.1753385894455,1.5719849682212295,925.9592213198657,925.562888336035,1.5713149999455707,273.7415207313568,925.5628883360353,1.5213001521533425,200.11503934652933,1.5211949249830163,273.7415207313568,1.520794995942295,114.69109792971526,253.37105756477177,114.69109792974666,1.4202285507221228,224.0252169213383,1.4195785489338268,253.37105756477177,224.0252169213383,261.97436207500004,1.4194375277174298,1.4114450025773417,251.51881664141433,1.361375110992519,43.723112351471094,165.00058843190573,43.72311235151949,1.2611003767372608,210.00016026321777,165.00058843190573,210.00016026321777,269.6754881116741,1.2608548280790834,1.2516150034712066,163.13103937639482,1.200914171256845,154.31421468495114,0.010088966574357896,0.0016651498830599007,123.21300299695106,197.94658571021552,26.945335140509894,599.9644022551832,1.622170751552773,1219.4324277591625,1.6221973235668543,276.58942770974954,133.65727765788853,1.571987490550983,922.8420980099766,922.4477603953593,1.5713168867219964,274.1252616570748,922.0067683538834,1.5212897094599078,194.46438993720315,1.521176565973434,273.26064091562614,1.5208010511319308,114.10345884071556,252.4636482695629,114.1927810658466,1.4201617444937769,223.918557582569,1.4195384189915632,252.6862594334728,224.13092049941943,262.7255959770203,1.4193898015904078,1.4114425939445485,250.37726815162162,1.3613851260757546,41.378628263156486,163.77026895810866,41.436877434564025,1.2610494543804878,209.47158209539415,163.3578520391729,209.56860960925695,271.08255229248005,1.2607799942426812,1.2516181587500557,161.55902578485464,1.2009147434214273,134.43716019028787,0.00990107805872882,0.0016713113190535255
123.30508540416677,200.00000000002976,26.85562201403105,599.9999587740473,1.6221655061055502,1219.5064058824419,1.6221950000005791,276.8789955867726,138.17533859119345,1.5719849682321176,925.9592213225626,925.5628883390618,1.571314999956531,273.74152071712433,925.562888339062,1.5213001516061087,200.1150393080004,1.5211949244357554,273.74152071712433,1.5207949953950166,114.69353974422174,253.36997474279508,114.69353974425505,1.4202285526014915,224.02803412400272,1.4195785511885954,253.36997474279508,224.02803412400272,261.97852702026654,1.4194375301422508,1.4114450024111358,251.51767292264952,1.3613751086216892,43.72573050019682,165.00149170922103,43.72573050024634,1.2611003765331705,210.00015909587026,165.00149170922103,210.00015909587026,269.6725333986286,1.2608548256862588,1.2516150027837547,163.1320275229653,1.2009141729938206,154.2797950857494,0.010089197881995398,0.00166507069208425,123.21234765633359,197.9411654705328,26.94514083811013,599.9642945801311,1.6221707762777633,1219.432440403872,1.6221973404606331,276.58682550250376,133.6528185671896,1.5719874842987058,922.8375323179085,922.4413183849757,1.5713169098809392,274.12286308135646,922.0008306168285,1.5212896386051828,194.45159074794785,1.5211765966505344,273.2601802804577,1.5208010266425525,114.10278987153622,252.45780504634126,114.19230933430337,1.4201614429852745,223.920236307741,1.4195381571460404,252.68092793983703,224.13245768567418,262.7299702311569,1.4193895603890112,1.4114425908345984,250.37307476243507,1.3613850613332261,41.373882904077774,163.76514995503535,41.431811067755845,1.2610489423062121,209.4730191362777,163.35241087519455,209.57055952507653,271.0824582329522,1.2607795803344135,1.2516181830298112,161.55313390150823,1.2009147550142436,134.4198633484854,0.009901205136588227,0.0016696137726055292
123.30508539881797,200.00000000002694,26.855622013271326,599.9999587740315,1.6221655061054245,1219.5064058677087,1.6221950000004524,276.87899557528544,138.17533859247675,1.5719849682408091,925.9592213246883,925.5628883414282,1.571314999965281,273.74152070575417,925.5628883414282,1.5213001511690312,200.11503927715754,1.5211949239986562,273.74152070575417,1.5207949949579036,114.69597296778426,253.36888615482258,114.69597296781757,1.4202285541639657,224.03084543142236,1.4195785531618803,253.36888615482258,224.03084543142234,261.9826908412661,1.4194375322918225,1.411445002277798,251.5165232419243,1.3613751063122206,43.728315575613756,165.00237606772168,43.72831557566535,1.2611003749531446,210.0001579010247,165.00237606772168,210.0001579010247,269.6695888494902,1.2608548219708187,1.251615002124559,163.13299664492953,1.2009141747394716,154.2454824766376,0.010089420628506254,0.001664991644791,123.2117096933579,197.93588667233297,26.944954716864043,599.964183132897,1.622170801369544,1219.4324458579206,1.6221973580608966,276.58426631420366,133.64852654454404,1.571987478368697,922.8331556536784,922.4351235019993,1.5713169324412453,274.1205299624874,921.9951066115908,1.5212895701920062,194.43921370428876,1.5211766264126387,273.259736705851,1.5208010015916034,114.10221279051189,252.4520966651218,114.19191602959239,1.4201611520247623,223.921936782392,1.4195379048831058,252.67573505707932,224.13401595219324,262.73431970995955,1.4193893268186122,1.4114425879999868,250.36901368074496,1.36138499896657,41.369231378039245,163.7601439731723,41.426843472568144,1.261048438341932,209.47445617716124,163.34707011845205,209.57247723135904,271.0822990552897,1.2607791738436274,1.251618206940293,161.5473737553443,1.200914765610802,134.40316069568334,0.009901347207414663,0.0016679400304454401
123.30508539453064,200.00000000002407,26.85562201258411,599.9999587740183,1.622165506105327,1219.5064058543908,1.622195000000355,276.87899556607374,138.17533859340733,1.5719849682477758,925.9592213263772,925.5628883433283,1.5713149999722942,273.7415206966357,925.5628883433283,1.521300150820143,200.11503925242698,1.5211949236497508,273.7415206966357,1.5207949946089871,114.69839804843733,253.36779346963675,114.69839804847254,1.4202285554711405,224.0336505758208,1.419578554908122,253.36779346963675,224.0336505758208,261.98685170217334,1.4194375342192707,1.411445002170543,251.51536933488921,1.3613751040628856,43.730867886501656,165.00324200614816,43.73086788655489,1.2611003720590355,210.00015668214115,165.00324200614816,210.00015668214115,269.6666548529339,1.2608548169930422,1.2516150014932275,163.1339472224599,1.2009141764919653,154.21127641353002,0.010089635163525599,0.0016649126976282505,123.21109239568598,197.93079983043128,26.94478393528109,599.9640672617431,1.6221708268003276,1219.4324432801366,1.6221973763648956,276.5817605045137,133.64440602538693,1.571987472795683,922.8289791803473,922.4291648928614,1.5713169543985448,274.1182753570201,921.9896071917397,1.5212895041456362,194.4272676469714,1.521176655457584,273.25932585966905,1.5208009767481914,114.10172730500508,252.44651998517463,114.19160466336287,1.42016087231921,223.92365900652203,1.4195376623336686,252.6706899980072,224.13559596819127,262.7386368119052,1.4193891015495008,1.411442585384958,250.36509501922617,1.3613849393515627,41.36467368504092,163.7552613559784,41.42197464900093,1.2610479430435746,209.4758932180448,163.3418363282121,209.5743800717014,271.082069935927,1.2607787772001877,1.2516182306719077,161.54175180894163,1.2009147758790484,134.38704331904674,0.009901506116971803,0.0016662917544892448
123.30508539109002,200.00000000002245,26.855622011962936,599.9999587740047,1.6221655061052491,1219.5064058423504,1.6221950000002767,276.87899555867773,138.1753385940667,1.5719849682533666,925.9592213277099,925.5628883448226,1.5713149999779223,273.74152068931977,925.5628883448223,1.5213001505420003,200.1150392325477,1.5211949233715947,273.74152068931977,1.520794994330822,114.70081535140795,253.36669802917356,114.7008153514431,1.420228556572309,224.03644934738202,1.4195785564708765,253.36669802917356,224.03644934738202,261.9910081166359,1.4194375359670983,1.4114450020840454,251.5142125980712,1.361375101872151,43.73338775730574,165.00409001194873,43.73338775736032,1.2611003679108719,210.000155442353,165.00409001194873,210.000155442353,269.66373183726563,1.2608548108114352,1.2516150008890934,163.13487972332126,1.200914178250156,154.17717646482248,0.010089841856493446,0.0016648338092907502,123.21049529365182,197.92590999630931,26.944624743665848,599.9639479146521,1.6221708524867529,1219.432433972979,1.6221973952544246,276.57930965372174,133.6404658805883,1.5719874674351995,922.8250095957522,922.4234567506902,1.571316975595532,274.1160980463429,921.9843432108437,1.521289440204479,194.4157658371139,1.5211766837359109,273.25894251929077,1.5208009519902357,114.10133634139022,252.44108254425146,114.19137465033994,1.4201606036423875,223.92540364934578,1.4195374292097276,252.6657925532387,224.13719739906097,262.7429226631456,1.4193888851746268,1.4114425829736794,250.36132383421617,1.3613848818821135,41.36021661563174,163.75050286029222,41.41721200492574,1.2610474568362606,209.47731539298815,163.3367173251388,209.5762581354768,271.0817853455607,1.260778389956488,1.2516182540861778,161.53626831086092,1.2009147855925602,134.37151567499302,0.009901680597528923,0.001664671119436198
123.3050853883216,200.0000000000208,26.85562201140114,599.9999587739939,1.622165506105188,1219.5064058314665,1.6221950000002152,276.8789955527231,138.17533859451754,1.5719849682578655,925.9592213287651,925.5628883460076,1.5713149999824512,273.7415206834237,925.5628883460071,1.5213001503207628,200.1150392165053,1.5211949231503459,273.7415206834237,1.5207949941095666,114.70322517507114,253.3656009141625,114.70322517510535,1.4202285575070608,224.03924158169423,1.4195785578851208,253.3656009141625,224.03924158169423,261.99515888262266,1.4194375375694372,1.4114450020141232,251.51305415661125,1.3613750997382863,43.73587552392871,165.004920559246,43.73587552398473,1.2611003625665596,210.0001541845108,165.004920559246,210.0001541845108,269.6608202491586,1.2608548034824336,1.2516150003113136,163.13579460155506,1.2009141800134395,154.14318221110335,0.010090041086044199,0.0016647549401951497,123.20991776103408,197.92122222144857,26.944484641409176,599.9638256446138,1.622170878250982,1219.4324194831186,1.6221974145755416,276.5769209609166,133.63670167471315,1.571987462385871,922.8212387136481,922.4179932312566,1.5713169961327078,274.1140062125622,921.979303815334,1.5212893782315084,194.4047104849027,1.5211767114454562,273.25858355114366,1.5208009276229382,114.1010352174683,252.43578580802622,114.19122481997384,1.4201603465315917,223.92716334950117,1.4195372061920133,252.66105717013122,224.13881723333597,262.74716740985457,1.419388677384625,1.4114425806580813,250.35770518205237,1.3613848266430755,41.35586140445699,163.74587479310085,41.41255677498782,1.2610469810280538,209.47874252324493,163.33171487518854,209.578121333312,271.081433225277,1.2607780135832354,1.2516182772350322,161.53093096648456,1.2009147953173933,134.35656439426975,0.00990187237977153,0.0016630793428308202
123.30508538609266,200.00000000001978,26.85562201089332,599.9999587739826,1.622165506105138,1219.5064058216253,1.622195000000165,276.878995547926,138.17533859481148,1.571984968261487,925.9592213295988,925.5628883469326,1.5713149999860976,273.7415206786767,925.5628883469329,1.5213001501453407,200.11503920355403,1.5211949229749155,273.7415206786767,1.520794993934131,114.70562776373956,253.36450299544316,114.70562776377491,1.4202285583072014,224.04202715033784,1.4195785591789487,253.36450299544316,224.04202715033784,261.9993030293607,1.4194375390537002,1.4114450019574325,251.51189491747712,1.361375097659372,43.73833153044759,165.00573410736362,43.73833153050601,1.2611003560816263,210.00015291127556,165.00573410736362,210.00015291127556,269.65792053824623,1.260854795060149,1.2516149997588866,163.13669229652544,1.2009141817815505,154.1092932446964,0.0100902332312924,0.0016646760525207997,123.20935979783276,197.9167213514045,26.944358174408627,599.9637007873724,1.6221709040652281,1219.4324002854103,1.622197434273267,276.57459337257313,133.63311045080474,1.5719874577102069,922.8176620688105,922.4127751694502,1.5713170161193124,274.1120031633376,921.9744848307612,1.5212893187374565,194.39409495977867,1.5211767386604091,273.25826096725586,1.5208009036462986,114.10082598170135,252.43062600762306,114.19115692808921,1.4201600999687862,223.92894379531344,1.4195369924427035,252.65647945166293,224.14045814787522,262.7513741489489,1.4193884786435425,1.4114425785462337,250.3542255791683,1.3613847744708525,41.351610520807185,163.74137286565306,41.4080138977682,1.2610465149649224,209.48014487693473,163.32683225799468,209.57995479926686,271.08101598685863,1.2607776476967674,1.2516183002742585,161.5257425099805,1.200914805302612,134.3421701657344,0.009902081580031434,0.001661515741087619
123.30508538429228,200.00000000001876,26.855622010433926,599.9999587739742,1.6221655061051004,1219.5064058127302,1.622195000000127,276.8789955440484,138.1753385949869,1.5719849682644127,925.9592213302616,925.5628883476776,1.5713149999890428,273.7415206748361,925.5628883476772,1.5213001500068868,200.1150391930724,1.5211949228364547,273.7415206748361,1.5207949937956662,114.70802331803603,253.36340497538413,114.70802331807428,1.4202285589984225,224.04480595338316,1.419578560375058,253.36340497538413,224.04480595338316,262.00343977386444,1.419437540442036,1.4114450019113742,251.51073561232909,1.3613750956335409,43.740756126475894,165.00653110034278,43.74075612653576,1.2611003485092165,210.00015162496072,165.00653110034278,210.00015162496072,269.6550331458827,1.2608547855963654,1.2516149992307826,163.1375732327117,1.200914183554457,154.0755091690806,0.010090418664950397,0.0016645971105043501,123.2088214040479,197.9123821287694,26.944246024427013,599.9635721974486,1.6221709300989924,1219.4323753080384,1.6221974545469011,276.57232460605337,133.62967372788378,1.5719874533887597,922.814268498178,922.4077841976938,1.5713170356645862,274.11007706072854,921.9698461824094,1.521289261585298,194.3838794783872,1.5211767653313102,273.25797093770535,1.5208008801213575,114.10070044024118,252.4256077494458,114.1911654145748,1.4201598626248675,223.93074498678263,1.4195367868621571,252.65205144131815,224.1421218157156,262.75554766657274,1.4193882877268107,1.4114425767427656,250.35086058659957,1.3613847251957396,41.34745810011732,163.7369882481668,41.403579669331116,1.2610460571752944,209.48151749874418,163.3220573641418,209.5817436674012,271.08050710069523,1.2607772899951066,1.251618323111538,161.52068976763042,1.200914815151977,134.32829288162938,0.009902312351266289,0.0016599776522988933
123.30508538283729,200.00000000001785,26.85562201001853,599.9999587739665,1.6221655061050706,1219.5064058046883,1.6221950000000969,276.8789955409124,138.1753385950733,1.571984968266777,925.959221330784,925.5628883482502,1.571314999991423,273.7415206717305,925.5628883482502,1.5213001498982703,200.115039184559,1.5211949227278332,273.7415206717305,1.5207949936870415,114.71041200319752,253.36230742043563,114.71041200323597,1.420228559601421,224.04757791367916,1.4195785614917293,253.36230742043563,224.04757791367916,262.0075684857122,1.4194375417522835,1.4114450018738482,251.50957683138728,1.3613750936588422,43.743149665101704,165.00731196622593,43.743149665163706,1.2611003398999643,210.00015032773103,165.00731196622593,210.00015032773103,269.65215849717015,1.2608547751404116,1.2516149987259226,163.13843781936487,1.2009141853323002,154.04182959824485,0.010090597748126049,0.0016645180808098005,123.20829068147425,197.90821970798788,26.944152622922566,599.96344441726,1.6221709557937538,1219.4323508326563,1.6221974746253585,276.57009920965436,133.62633532377296,1.5719874491145416,922.8109850697502,922.4029309827689,1.571317054624332,274.10820457702795,921.9653444560032,1.521289204694734,194.37391595824164,1.5211767903205968,273.25769135339675,1.5208008571824037,114.1006287440693,252.42067910676064,114.1912218935995,1.4201596314740048,223.9325595625466,1.4195365857325397,252.6477088588257,224.1438048907834,262.75970232115816,1.4193881019919385,1.4114425748745927,250.34757733815286,1.3613846773509988,41.34337883215945,163.73267704401127,41.39922939677144,1.2610456059259854,209.48287525461345,163.31736319972484,209.58351766959538,271.07996686135584,1.2607769379844447,1.2516183454872254,161.5157324725975,1.200914824027727,134.31494145478973,0.00990254727983169,0.0016584654818471841
123.30508538166494,200.00000000001722,26.85562200964317,599.9999587739578,1.6221655061050453,1219.5064057974173,1.6221950000000716,276.8789955383835,138.1753385950902,1.5719849682686822,925.9592213311948,925.5628883487082,1.5713149999933407,273.7415206692318,925.5628883487084,1.5213001498137424,200.11503917770852,1.5211949226433013,273.7415206692318,1.5207949936025071,114.71279395583556,253.36121078759064,114.71279395587399,1.4202285601328923,224.0503429722616,1.4195785625437067,253.36121078759064,224.0503429722616,262.0116886582985,1.4194375429988297,1.4114450018431497,251.5084190508831,1.3613750917332954,43.74551250120124,165.0080771168499,43.74551250126481,1.2611003303019617,210.0001490215967,165.0080771168499,210.0001490215967,269.6492969954755,1.2608547637391303,1.2516149982431917,163.13928645043987,1.2009141871153124,154.0082541559998,0.010090770826558548,0.0016644389328682005,123.20776966533117,197.90423408905997,26.944074561081255,599.9633197575151,1.622170980860526,1219.4323303596232,1.6221974942364916,276.5679224510021,133.62311150173417,1.5719874447764253,922.807809550915,922.3982213689051,1.5713170729767019,274.10638954215784,921.9609763119829,1.5212891480782211,194.3642021891556,1.5211768132078651,273.2574265665142,1.5208008345364432,114.10060913736106,252.4158430109155,114.19132431670133,1.4201594054416038,223.9343865187832,1.4195363885563943,252.64345631058936,224.14550402700493,262.7638302296444,1.4193879221736678,1.4114425727861488,250.3443674065991,1.3613846303305404,41.339377038192005,163.72844556017367,41.39496431473443,1.261045161478608,209.4841933679756,163.31275304437708,209.5852545069391,271.07941215131984,1.2607765917287257,1.2516183672859225,161.51087112200312,1.2009148321336414,134.30206835009545,0.009902787058032185,0.0016569822151924428
123.30508538071612,200.0000000000168,26.85562200930371,599.999958773951,1.6221655061050253,1219.5064057908437,1.6221950000000511,276.87899553633474,138.17533859506077,1.571984968270224,925.9592213315153,925.5628883490648,1.5713149999948928,273.741520667204,925.5628883490645,1.521300149748702,200.11503917213003,1.5211949225782577,273.741520667204,1.5207949935374623,114.71516928935935,253.36011544535384,114.71516928939926,1.4202285606063851,224.053101084773,1.419578563542963,253.36011544535384,224.053101084773,262.0157998855309,1.4194375441933582,1.4114450018179714,251.5072626548511,1.3613750898550327,43.747844990164076,165.00882694810093,43.747844990230085,1.2611003197608515,210.00014770832013,165.00882694810093,210.00014770832013,269.64644901886584,1.2608547514369661,1.2516149977815005,163.1401195048926,1.200914188903746,153.97478247529267,0.010090938228065005,0.0016643596391386997,123.20725647695467,197.9004202205041,26.944011838903087,599.9631990476987,1.6221710051131353,1219.432314825082,1.6221975132139876,276.5657913451086,133.61998525926637,1.5719874403938583,922.8047434300804,922.3936419978638,1.5713170906954779,274.1046251667111,921.9567308967797,1.5212890920845523,194.35473817112916,1.5211768345618968,273.2571715285241,1.5208008122201007,114.10064191275393,252.41110029943835,114.19147414706741,1.4201591844993857,223.93622552088513,1.4195361957264498,252.63929337784515,224.14722524731286,262.7679322366451,1.4193877474341352,1.4114425706330005,250.3412375337215,1.361384584219217,41.33545210089235,163.7242920306976,41.39078442322009,1.2610447230483244,209.485476794144,163.30822462758312,209.5869616124025,271.0788260881079,1.2607762511959772,1.251618388576868,161.50610372736153,1.2009148395263258,134.28968099490905,0.009903029610141863,0.0016555278201969507
123.30508537994902,200.0000000000158,26.85562200899674,599.9999587739453,1.6221655061050098,1219.506405784901,1.6221950000000356,276.87899553467656,138.17533859499468,1.5719849682714706,925.9592213317669,925.5628883493434,1.5713149999961478,273.7415206655596,925.5628883493434,1.521300149699416,200.1150391675937,1.5211949225289698,273.7415206655596,1.520794993488173,114.7175380983941,253.35902169083255,114.71753809843321,1.420228561032797,224.05585221856404,1.4195785644991188,253.35902169083255,224.05585221856404,262.0199018428182,1.4194375453452572,1.4114450017971953,251.50610795294983,1.3613750880220903,43.75014748686323,165.00956183985446,43.750147486931525,1.261100308319795,210.00014638964905,165.00956183985446,210.00014638964905,269.6436149178634,1.2608547382759379,1.2516149973397401,163.14093734683698,1.2009141906978744,153.94141419751062,0.010091100260972551,0.0016642801752785993,123.20674861145942,197.89678820528331,26.943965138150862,599.9630828013015,1.6221710284571051,1219.4323055179243,1.6221975314478878,276.56370799902413,133.61695955332627,1.5719874359168335,922.8017844746341,922.3891978789846,1.571317107850574,274.1029140619981,921.9526107150634,1.5212890366888137,194.34551727360312,1.5211768544074213,273.25692710986334,1.5208007905752015,114.10072443651096,252.40645034418316,114.19166962887317,1.420158968986696,223.93807556503023,1.419536007085615,252.6352192230651,224.1489635325966,262.7720089052361,1.4193875780698153,1.411442568332546,250.3381835059056,1.3613845391382464,41.33160432892179,163.72021418506768,41.386690339551045,1.2610442910602548,209.48674039905885,163.3037840040507,209.58863650832882,271.07822073063386,1.2607759167378907,1.2516184093485219,161.50143078579418,1.200914846579377,134.27776007808794,0.009903272975575807,0.001654102781302571
123.30508537932903,200.00000000001614,26.855622008719276,599.9999587739385,1.6221655061049969,1219.5064057795278,1.6221950000000227,276.8789955333349,138.175338594905,1.5719849682724782,925.9592213319631,925.5628883495456,1.5713149999971623,273.7415206642323,925.5628883495458,1.521300149662875,200.11503916390438,1.5211949224924273,273.7415206642323,1.5207949934516298,114.71990046234431,253.3579297633575,114.7199004623842,1.4202285614210055,224.0585963504312,1.419578565420021,253.3579297633575,224.0585963504312,262.0239942716602,1.4194375464621847,1.4114450017799818,251.50495519462464,1.3613750862327043,43.752420344823626,165.0102821566845,43.752420344892855,1.2611002960196602,210.00014506704605,165.0102821566845,210.00014506704605,269.64079501434617,1.2608547242958186,1.2516149969168775,163.14174032611527,1.2009141924979656,153.90814897181306,0.010091257213315453,0.0016642005202145006,123.20624873028609,197.89328752858236,26.943930709129152,599.9629718478086,1.6221710508007383,1219.432303116515,1.6221975488392297,276.5616697789358,133.61403142695715,1.5719874313759108,922.7989244983314,922.3848806633686,1.571317124411403,274.10125431305784,921.948604913265,1.5212889815546693,194.33651297434116,1.5211768725466017,273.25668547660035,1.5208007688936782,114.10085553808241,252.40188497925232,114.19190871365655,1.4201587582248438,223.93993397435958,1.41953582237207,252.63122630849756,224.15071854824882,262.77605770157635,1.4193874136037712,1.4114425658317826,250.3352036377055,1.3613844948088276,41.32783187031245,163.71621454607876,41.38268144640467,1.261043865874117,209.48797922740673,163.29942234399775,209.59030149362837,271.0776081378115,1.2607755883864378,1.2516184295547252,161.49685080593676,1.2009148529191984,134.26629668679718,0.009903517615767018,0.001652707110676632
123.3050853788254,200.00000000001603,26.855622008468305,599.9999587739336,1.6221655061049876,1219.5064057746708,1.6221950000000132,276.8789955322437,138.1753385947996,1.5719849682732963,925.9592213321134,925.5628883497168,1.5713149999979859,273.7415206631562,925.5628883497169,1.5213001496366525,200.11503916092332,1.5211949224662038,273.7415206631562,1.520794993425406,114.72225644826509,253.35683985549264,114.7222564483062,1.4202285617781558,224.0613334647765,1.4195785663119802,253.35683985549264,224.0613334647765,262.0280769672575,1.4194375475502992,1.4114450017656142,251.5038045805603,1.361375084485042,43.754663915606514,165.01098824784572,43.75466391567747,1.2611002828989788,210.00014374197613,165.01098824784572,210.00014374197613,269.63798960121665,1.2608547095340947,1.2516149965118744,163.14252877843728,1.2009141943042505,153.87498645448787,0.010091409352650398,0.0016641206561351998,123.2057530761067,197.8899131389197,26.94390752919374,599.9628660884717,1.6221710721023541,1219.4323075394498,1.6221975653495275,276.55967510455577,133.6112045763549,1.5719874268349878,922.7961642453762,922.3806903510156,1.5713171404959443,274.09964174179356,921.9447109867148,1.5212889268938865,194.3277451650205,1.521176889226734,273.2564525477057,1.52080074812776,114.10103463219342,252.3974048327918,114.19219110878014,1.420158552213829,223.94180543337632,1.4195356417167249,252.62732049683822,224.15249062887688,262.78008115950684,1.4193872539328807,1.4114425632346508,250.33229961456706,1.3613844517279539,41.32413688569353,163.7122916000539,41.37875774378095,1.2610434472937013,209.48918832387426,163.2951393951448,209.5919342693909,271.076966603596,1.2607752662375342,1.251618449258947,161.49236503059282,1.2009148589986343,134.25528190820174,0.009903764338233098,0.0016513404359826578
123.30508537842101,200.00000000001552,26.85562200824152,599.9999587739294,1.6221655061049791,1219.506405770279,1.6221950000000047,276.8789955313659,138.1753385946825,1.5719849682739537,925.9592213322301,925.5628883498368,1.571314999998648,273.74152066228373,925.562888349837,1.5213001496187606,200.11503915848257,1.5211949224483112,273.74152066228373,1.5207949934075136,114.72460611320861,253.35575212190633,114.72460611324937,1.4202285621100454,224.06406355217018,1.4195785671801184,253.35575212190633,224.06406355217018,262.0321497682661,1.4194375486145998,1.4114450017535278,251.5026562719554,1.3613750827774151,43.756878548301415,165.01168044810288,43.75687854837428,1.2611002689941304,210.00014241572154,165.01168044810288,210.00014241572154,269.6351989426645,1.2608546940261487,1.2516149961237577,163.14330302608465,1.2009141961169418,153.84192630834522,0.010091556926312154,0.0016640405684113502,123.20526321447457,197.88669029370294,26.943893893937616,599.9627654442924,1.622171092442535,1219.4323182983069,1.6221975810791187,276.55772309794634,133.6084664344536,1.571987422245447,922.793491064299,922.3766185930269,1.571317156069241,274.09807617411786,921.9409255958532,1.5212888727687492,194.31918953359116,1.5211769045220076,273.2562189224615,1.5208007274350899,114.10125937774448,252.3930126267675,114.19251476578188,1.4201583507556998,223.94368659600678,1.41953546498867,252.62349697230135,224.15427542458494,262.7840778713381,1.419387099108705,1.4114425605494103,250.3294613238154,1.3613844094713625,41.32051752309713,163.70844433787522,41.37491799703465,1.2610430350573951,209.49037759908822,163.2909354097713,209.59355217921322,271.0763226575977,1.2607749498435734,1.2516184684265679,161.48797022847302,1.200914864444088,134.2447023730491,0.009904011989638382,0.0016500034153085568
123.3050853780897,200.0000000000157,26.85562200803622,599.9999587739253,1.6221655061049736,1219.5064057663092,1.622194999999999,276.8789955306458,138.17533859456296,1.571984968274492,925.9592213323178,925.5628883499423,1.5713149999991898,273.74152066156955,925.5628883499426,1.5213001496076402,200.11503915649476,1.5211949224371903,273.74152066156955,1.520794993396393,114.72694950611306,253.35466668676304,114.72694950615409,1.4202285624213966,224.06678660807768,1.4195785680286122,253.35466668676304,224.06678660807768,262.03621254858245,1.4194375496591627,1.411445001743287,251.5015103981816,1.3613750811081653,43.75906458915513,165.01235907801316,43.75906458923055,1.2611002543393672,210.00014108948994,165.01235907801316,210.00014108948994,269.6324232749206,1.2608546778052783,1.2516149957515692,163.14406337820049,1.2009141979361528,153.8089682021399,0.010091700162018049,0.0016639602454656501,123.20477945850038,197.88357858107986,26.94388980336078,599.962670211515,1.6221711117712643,1219.4323359357775,1.622197595993641,276.5558160417455,133.6058133050573,1.5719874175183868,922.7909086761204,922.3726620498429,1.5713171710351614,274.0965536060214,921.9372353824416,1.5212888187183535,194.3108416596804,1.521176918098572,273.25599086801304,1.5208007065104665,114.10152918946073,252.38870710488746,114.19287939202435,1.4201581537090628,223.94557679303622,1.4195352919784496,252.61975552550496,224.1560746084099,262.7880464293808,1.419386948486734,1.4114425575729994,250.32669382178793,1.3613843674450854,41.31697439984589,163.70467250726318,41.371162206165764,1.2610426293941095,209.49155200836202,163.28680912647982,209.59515026778197,271.0756642409028,1.2607746387569485,1.25161848691334,161.48366565389517,1.2009148689838527,134.2345476830318,0.009904261262164185,0.0016486942238389862
123.30508537782498,200.00000000001552,26.855622007850922,599.999958773921,1.622165506104968,1219.50640576272,1.6221949999999934,276.87899553006946,138.17533859443984,1.571984968274922,925.9592213323831,925.5628883500076,1.5713149999996228,273.74152066100464,925.5628883500071,1.5213001496019607,200.11503915489968,1.521194922431511,273.74152066100464,1.5207949933907141,114.72928666933299,253.35358364923076,114.72928666937504,1.420228562715996,224.06950263204735,1.419578568860806,253.35358364923076,224.06950263204735,262.04026521074115,1.4194375506872532,1.4114450017345104,251.50036706258624,1.361375079475713,43.761222381280675,165.01302444461692,43.76122238135831,1.2611002389669643,210.00013976438998,165.01302444461692,210.00013976438998,269.62966280716716,1.2608546609028493,1.2516149953944078,163.1448101314581,1.2009141997619839,153.77611181003783,0.010091839268698402,0.0016638796786002006,123.20429961640947,197.88061841290272,26.943894575700423,599.9625795804045,1.6221711301746822,1219.4323591765367,1.6221976102003042,276.5539412936508,133.60323853501345,1.571987412767712,922.7884096387993,922.3688165470141,1.571317185450511,274.0950714261937,921.9336512000488,1.521288764954466,194.30267723123814,1.521176929845144,273.2557636840014,1.520800685512595,114.10184143360524,252.38448177630994,114.1932803053086,1.4201579607911297,223.94747970514567,1.4195351222409711,252.6160821278556,224.1578865073149,262.79199387208206,1.4193868019122855,1.411442554524312,250.32398404627963,1.3613843259885328,41.313505046649276,163.70096929667162,41.36748913652903,1.2610422295517079,209.49269173044206,163.2827547428422,209.5967087138436,271.07499858885967,1.2607743321144185,1.2516185049039004,161.479445341402,1.2009148726518923,134.22482972192978,0.00990451342483679,0.0016474107872294474
123.30508537761139,200.00000000001546,26.85562200768328,599.9999587739177,1.6221655061049645,1219.5064057594743,1.6221949999999896,276.87899552960323,138.17533859431848,1.5719849682752693,925.9592213324307,925.5628883500576,1.5713149999999725,273.74152066053966,925.5628883500578,1.521300149600762,200.11503915358296,1.5211949224303125,273.74152066053966,1.520794993389516,114.73161763989225,253.35250308856405,114.73161763993465,1.420228562996925,224.0722116267797,1.419578569679424,253.35250308856405,224.0722116267797,262.04430768039606,1.4194375517015296,1.4114450017268938,251.499226347704,1.3613750778785025,43.76335226442163,165.01367684178098,43.76335226450101,1.2611002229072703,210.0001384414904,165.01367684178098,210.0001384414904,269.62691772273405,1.2608546433483405,1.2516149950514008,163.14554357036928,1.2009142015944883,153.7433568111215,0.01009197443749265,0.0016637988617987994,123.20382165298254,197.8777592743562,26.943906847430934,599.9624933139651,1.622171147783388,1219.432387233682,1.6221976237485898,276.55210341893815,133.60073842812622,1.5719874078934084,922.7859879987031,922.3650720658619,1.5713171994288992,274.09362719741165,921.9301546810968,1.52128871130269,194.2946962482644,1.5211769401203035,273.25553945947496,1.5208006641973137,114.10219581754058,252.38033140648517,114.19371896882181,1.420157771917064,223.94939031322463,1.4195349560380537,252.612483270195,224.15971011747786,262.795914850222,1.4193866592306768,1.411442551283576,250.3213370536279,1.3613842851017046,41.31010483358754,163.69733470610058,41.36389199757554,1.2610418355628916,209.49381658658194,163.27877276341738,209.5982522939651,271.07432811325094,1.2607740310989433,1.2516185223117005,161.47530705394695,1.200914875629344,134.21550986745805,0.009904767439655536,0.0016461544997234448
123.30508537743594,200.0000000000153,26.855622007531572,599.9999587739152,1.6221655061049618,1219.5064057565405,1.6221949999999867,276.87899552921965,138.1753385942007,1.5719849682755545,925.9592213324665,925.562888350092,1.5713150000002596,273.7415206601629,925.5628883500926,1.5213001496030183,200.1150391525086,1.521194922432569,273.7415206601629,1.5207949933917735,114.73394245047848,253.35142506770174,114.73394245052141,1.4202285632667102,224.0749135976048,1.4195785704867039,253.35142506770174,224.0749135976048,262.0483399019662,1.4194375527041778,1.4114450017202234,251.49808831908794,1.3613750763151193,43.76545457481882,165.01431655105063,43.76545457489932,1.2611002061888723,210.00013712170497,165.01431655105063,210.00013712170497,269.62418818051833,1.2608546251695092,1.251614994721745,163.14626396801822,1.2009142034336566,153.71070288893068,0.01009210584284075,0.0016637177915124505,123.20335089110085,197.8749860109957,26.943925595908105,599.9624107999576,1.622171164750211,1219.4324191303692,1.622197636850168,276.5503047002454,133.59830485276467,1.5719874027468441,922.7836363137912,922.3614261017166,1.5713172126469752,274.0922233568983,921.9267525047048,1.5212886569782431,194.2869031311319,1.521176948145067,273.2553248097536,1.5208006414781048,114.10258912225493,252.376260601817,114.19419333410195,1.4201575871999812,223.9513086172731,1.4195347929507862,252.60895392735546,224.16154343125447,262.7998144314826,1.4193865200165316,1.411442547647729,250.3187435738808,1.3613842436693957,41.306772526015415,163.69376722187312,41.36036770269216,1.2610414471333466,209.49493153209505,163.274860413131,209.5997661422062,271.0736455787284,1.260773734527563,1.251618538969413,161.4712475602407,1.2009148764897484,134.2065792067816,0.009905021345627997,0.0016449245321692005
123.30508537729332,200.00000000001506,26.855622007394373,599.9999587739121,1.6221655061049596,1219.5064057538882,1.6221949999999845,276.87899552890707,138.17533859408712,1.5719849682757863,925.9592213324916,925.562888350119,1.5713150000004927,273.7415206598538,925.5628883501195,1.5213001496082317,200.1150391516254,1.5211949224377834,273.7415206598538,1.5207949933969882,114.73626113027372,253.35034963639976,114.73626113031905,1.4202285635273737,224.07760855196653,1.419578571284434,253.35034963639976,224.07760855196653,262.05236183509317,1.4194375536969441,1.4114450017142999,251.49695302852817,1.3613750747841638,43.76752964505366,165.0149438418406,43.76752964513655,1.2611001888386122,210.00013580592486,165.0149438418406,210.00013580592486,269.6214743162634,1.2608546063924055,1.2516149944046617,163.14697158627723,1.2009142052794402,153.67814973103773,0.010092233643624503,0.0016636364664362007,123.20288326032579,197.87230367430277,26.943949798487722,599.9623315446414,1.622171181155734,1219.4324536862441,1.622197649478924,276.5485407478843,133.59594224436384,1.5719873974183094,922.7813523514511,922.357871975459,1.5713172252664143,274.0908553783822,921.9234388266436,1.5212886025541408,194.27927135760424,1.5211769546613232,273.2551099859449,1.5208006178554994,114.10302134774832,252.37226245269966,114.194703401149,1.4201574059894686,223.9532369595426,1.4195346331624428,252.60549703068475,224.16338845628906,262.8036951497049,1.41938638428274,1.4114425437461802,250.31620065750812,1.3613842023825482,41.30350874125554,163.69026406891484,41.356916251878886,1.2610410641322662,209.49602170104117,163.27101643058563,209.60124778091026,271.07294374994376,1.2607734422723893,1.2516185550212857,161.4672636289938,1.2009148758897297,134.19803625442796,0.009905277103930328,0.0016437214243098343
123.30508537718137,200.0000000000151,26.85562200727054,599.9999587739096,1.6221655061049578,1219.50640575149,1.6221949999999827,276.87899552866077,138.1753385939777,1.5719849682759681,925.9592213325071,925.562888350137,1.571315000000676,273.74152065960766,925.562888350137,1.521300149615759,200.1150391509198,1.5211949224453116,273.74152065960766,1.5207949934045173,114.73857370559068,253.34927683361423,114.73857370563492,1.4202285637805352,224.08029649903938,1.4195785720740464,253.34927683361423,224.08029649903938,262.0563734517973,1.4194375546812261,1.4114450017089488,251.49582051656824,1.3613750732842878,43.76957780400775,165.0155589721311,43.76957780409297,1.2611001708816922,210.0001344949952,165.0155589721311,210.0001344949952,269.6187762441049,1.2608545870414747,1.2516149940993915,163.1476666764105,1.2009142071317305,153.64569702866817,0.010092357984326047,0.0016635548872848992,123.20242564909195,197.86965669798053,26.943971274016118,599.9622554295182,1.6221711968776935,1219.4324900872698,1.62219766164173,276.5468185853562,133.59363951433613,1.571987392107833,922.7791368558868,922.354397163741,1.571317237291586,274.0895337071052,921.9202278400415,1.5212885494753816,194.2717898767496,1.5211769595948836,273.2549075223391,1.5208005937567792,114.10349044555868,252.3683570598043,114.1952459509512,1.4201572298691392,223.95516998631533,1.4195344783486665,252.6021054611952,224.16524117729313,262.80755250028255,1.4193862514492432,1.411442540052512,250.31372852985967,1.3613841617987652,41.30031440529186,163.68682297671043,41.353541349071484,1.2610406890122705,209.497171333748,163.26724712276848,209.60275667383797,271.07226121542124,1.260773155644271,1.2516185701557436,161.46335923717785,1.2009148726745345,134.18988843775958,0.009905531599801823,0.001642546994498518
123.30508537709042,200.000000000015,26.855622007158537,599.9999587739076,1.622165506104956,1219.5064057493214,1.622194999999981,276.87899552846,138.17533859387478,1.5719849682761162,925.9592213325167,925.5628883501455,1.5713150000008251,273.74152065940643,925.5628883501455,1.5213001496251715,200.11503915033398,1.521194922454725,273.74152065940643,1.5207949934139315,114.74088020043128,253.34820668979432,114.74088020047566,1.420228564027537,224.0829774493226,1.4195785728567294,253.34820668979432,224.0829774493226,262.06037473403023,1.4194375556581855,1.4114450017040503,251.4946908148682,1.3613750718142044,43.7715993767916,165.01616218892264,43.77159937687813,1.2611001523418017,210.0001331896877,165.01616218892264,210.0001331896877,269.6160940579156,1.2608545671396834,1.251614993805239,163.14834947949936,1.2009142089903844,153.61334447634744,0.010092478996175248,0.0016634730565754,123.20197320418404,197.86707033943668,26.94399343130732,599.9621813881076,1.6221712122384204,1219.432526691805,1.6221976736203552,276.54512346330824,133.59138853105063,1.5719873866640042,922.7769771756291,922.3510025014523,1.5713172488011438,274.08824546060237,921.9170961679812,1.5212884964464497,194.26445868856797,1.5211769626860867,273.2547000101997,1.5208005680832186,114.1039931966742,252.36451510965225,114.19582098350854,1.420157057142265,223.95710602455435,1.4195343273836347,252.59876833102334,224.1671056095551,262.8113923955113,1.419386121374249,1.4114425361096623,250.31130148788674,1.3613841214210527,41.297183344898045,163.68343990878805,41.35023311710791,1.2610403197785616,209.49833087708163,163.26354315533845,209.60426804442238,271.07156662198486,1.260772873588135,1.2516185846208927,161.45952841933553,1.2009148678177786,134.18210604732647,0.009905789101826164,0.0016413980296864602
123.30508537701485,200.00000000001464,26.855622007057164,599.9999587739055,1.6221655061049556,1219.5064057473614,1.6221949999999803,276.8789955282929,138.17533859377846,1.5719849682762388,925.9592213325234,925.5628883501537,1.5713150000009484,273.7415206592458,925.5628883501538,1.521300149636109,200.11503914986568,1.5211949224656631,273.7415206592458,1.5207949934248708,114.74318063690961,253.34713922828308,114.74318063695435,1.4202285642694898,224.08565141445376,1.4195785736334732,253.34713922828308,224.0856514144537,262.06436567185705,1.4194375566287896,1.411445001699537,251.49356394767642,1.3613750703727627,43.77359468472426,165.0167537288496,43.773594684812366,1.261100133241205,210.00013189064845,165.0167537288496,210.00013189064845,269.613427832747,1.2608545467086056,1.2516149935215661,163.14902022694275,1.2009142108552209,153.5810917715778,0.010092596798259404,0.0016633909784127493,123.20152216827412,197.86453954718968,26.944017974768343,599.962109499408,1.6221712270823065,1219.4325642324825,1.6221976851825117,276.54345538174044,133.58919299070317,1.571987381407702,922.77487554329,922.3476838141435,1.5713172601053296,274.08698820165057,921.9140362964532,1.5212884446881196,194.25726232175475,1.5211769657401955,273.2544958057203,1.5208005429956453,114.10452784527028,252.36073115831167,114.19642323134723,1.4201568880350763,223.95905042797762,1.4195341792462517,252.595487943371,224.1689787416087,262.81521568000477,1.4193859943284513,1.4114425322404656,250.30891531797482,1.3613840825828087,41.294117412042,163.68012066757592,41.34699279063342,1.261039956104124,209.49948050978847,163.25989998726484,209.60576454906663,271.07087685211405,1.2607725962638405,1.251618598953334,161.45576918698103,1.2009148629497015,134.17466828651362,0.00990605018710158,0.0016402731151498801
123.30508537695633,200.0000000000153,26.85562200696564,599.9999587739036,1.6221655061049542,1219.5064057455888,1.6221949999999792,276.8789955281628,138.1753385936878,1.5719849682763338,925.9592213325243,925.562888350154,1.5713150000010443,273.7415206591178,925.5628883501543,1.5213001496482585,200.1150391494914,1.5211949224778138,273.7415206591178,1.5207949934370224,114.74547503561203,253.34607446677046,114.7454750356589,1.4202285645072343,224.08831840695098,1.4195785744050182,253.34607446677046,224.08831840695095,262.0683462618823,1.4194375575937623,1.4114450016952915,251.4924399333511,1.3613750689587465,43.77556404532419,165.01733381838454,43.7755640454139,1.2611001136007292,210.00013059859856,165.01733381838454,210.00013059859856,269.61077762618794,1.2608545257684092,1.2516149932477187,163.14967914072355,1.2009142127260342,153.54893861455267,0.010092711498593,0.0016633086582889004,123.20107535935816,197.86205421827646,26.94403979117814,599.962040178162,1.6221712414232456,1219.4326029399467,1.622197696370809,276.5418118824273,133.58704180470616,1.5719873761361198,922.7728148421756,922.3444310831359,1.5713172710293593,274.08576158207507,921.9110398765586,1.5212883933034957,194.25019414575087,1.5211769677432951,273.2542973461239,1.5208005174563735,114.10509292815973,252.3570024838167,114.1970529871047,1.4201567218971611,223.96099951590404,1.4195340336746984,252.59225948245245,224.17085823120232,262.8190229168387,1.4193858700669366,1.4114425282707705,250.3065620142563,1.3613840444718726,41.29111537207845,163.67685995520478,41.343822221615895,1.2610395978908526,209.50061527655512,163.2563161048707,209.607243710114,271.07019190580877,1.260772323351669,1.2516186128876519,161.4520785573857,1.2009148574476423,134.1675647570135,0.009906314048279685,0.0016391728832972064
123.3050853769069,200.00000000001467,26.85562200688268,599.9999587739024,1.6221655061049547,1219.506405743987,1.6221949999999794,276.8789955280522,138.175338593604,1.5719849682764144,925.9592213325234,925.5628883501527,1.5713150000011256,273.7415206590026,925.5628883501531,1.5213001496613976,200.11503914914562,1.5211949224909536,273.7415206590026,1.520794993450163,114.74776341587693,253.34501241835937,114.74776341592369,1.4202285647414983,224.0909784400452,1.4195785751720134,253.34501241835937,224.0909784400452,262.0723165060299,1.4194375585537382,1.411445001691265,251.49131878545293,1.361375067571077,43.77750777230466,165.01790267453856,43.77750777239625,1.2611000934399466,210.00012931411845,165.01790267453856,210.00012931411845,269.6081434796705,1.260854504338038,1.2516149929831144,163.1503264339546,1.200914214602573,153.5168847078949,0.010092823195130102,0.0016632261028928497,123.20063183810414,197.859614352697,26.944060244062324,599.9619737798631,1.6221712551417529,1219.432643411158,1.6221977071123987,276.5401975306447,133.5849305376246,1.5719873709062102,922.7708002817146,922.3412476479891,1.5713172817305385,274.08456647231264,921.9081044036275,1.521288342840681,194.24322984850627,1.5211769692518022,273.25410219418745,1.5208004920269744,114.10568727479281,252.35333159875125,114.19770790968145,1.420156558643683,223.9629573036221,1.4195338908784298,252.58908902034537,224.17274508215803,262.82281269832373,1.419385748602595,1.4114425242797366,250.30424326217695,1.3613840074397765,41.28818062028188,163.67365802395418,41.340722027377964,1.2610392447463286,209.50175004332178,163.25279327411246,209.6087055275645,271.06951419485176,1.2607720549795078,1.2516186265565543,161.44845827047462,1.2009148516172707,134.16080437166113,0.009906580454823904,0.00163809652012371
123.30508537687109,200.00000000001504,26.85562200680789,599.9999587739001,1.6221655061049534,1219.5064057425382,1.622194999999978,276.8789955279716,138.17533859352434,1.5719849682764724,925.9592213325188,925.5628883501479,1.5713150000011837,273.74152065892554,925.5628883501474,1.521300149675307,200.1150391489118,1.521194922504864,273.74152065892554,1.5207949934640745,114.75004579602906,253.34395309238454,114.75004579607604,1.4202285649728554,224.09363152755748,1.4195785759349688,253.34395309238454,224.09363152755748,262.0762764104629,1.4194375595092161,1.4114450016874034,251.4902005136454,1.3613750662086912,43.77942617559964,165.0184605050742,43.77942617569344,1.2611000727771744,210.00012803778128,165.0184605050742,210.00012803778128,269.605525419739,1.260854482435207,1.2516149927271865,163.15096231109464,1.200914216484558,153.48492975641653,0.010092931976720149,0.0016631433199351005,123.2001936397314,197.8572199504513,26.944082060472123,599.9619096330235,1.6221712683906577,1219.4326846828392,1.6221977174924993,276.5386072343542,133.58286288565427,1.5719873656276826,922.7688303734989,922.3381276644739,1.571317292038453,274.08339730156763,921.9052323823298,1.5212882929508824,194.2363871115119,1.5211769701049744,273.2539091312994,1.5208004666097832,114.10630971461978,252.34971452485746,114.19838770644009,1.4201563985574297,223.96491944123593,1.4195337508574466,252.58596901929812,224.1746379560464,262.826589529066,1.4193856297291831,1.4114425202308816,250.30196158990555,1.3613839712198412,41.285306366103335,163.67051361242662,41.33768726933861,1.2610388968340596,209.5028649888349,163.24932821535677,209.61014752376144,271.06882683676366,1.2607717906677784,1.251618639833103,161.44490385215477,1.200914845232165,134.15436187742398,0.009906846637768283,0.0016370444044943582
123.30508537683957,200.00000000001523,26.855622006740216,599.9999587738985,1.6221655061049525,1219.5064057412287,1.6221949999999772,276.87899552790066,138.17533859345207,1.571984968276524,925.9592213325141,925.5628883501422,1.5713150000012355,273.741520658858,925.5628883501429,1.5213001496898646,200.11503914870647,1.521194922519423,273.741520658858,1.5207949934786344,114.75232219356415,253.3428964952792,114.75232219361283,1.420228565201776,224.0962776837209,1.419578576694303,253.3428964952792,224.0962776837209,262.0802259848242,1.4194375604606062,1.411445001683662,251.48908512452894,1.3613750648705538,43.781319561379135,165.0190075090377,43.78131956147524,1.2611000516295625,210.00012677014104,165.0190075090377,210.00012677014104,269.6029234592021,1.260854460076492,1.2516149924793898,163.15158696845506,1.200914218371689,153.4530734669087,0.010093037923993298,0.0016630603179832997,123.19975747657796,197.85484575413176,26.94410251335631,599.9618473821496,1.6221712813894782,1219.4327259138183,1.6221977277433985,276.5370404667932,133.58083219564267,1.5719873599810472,922.7669006523037,922.3350711325902,1.5713173017389914,274.082250239918,921.9024204731057,1.5212882419648788,194.22966372458137,1.5211769688313987,273.2537186797218,1.5208004396910002,114.10695790654114,252.3461525184273,114.19909091419342,1.4201562406486437,223.96688760178242,1.4195336127477443,252.58289340723294,224.1765361836527,262.83035594290646,1.4193855127377404,1.411442515730471,250.29970393523698,1.3613839341756233,41.282492300881486,163.6674211704734,41.33471547820731,1.2610385530421917,209.50398488966135,163.24591714441132,209.6115696987048,271.06814430224114,1.260771529361408,1.2516186523537947,161.4414088398474,1.2009148368998284,134.14822687599457,0.009907113635561295,0.001636015428937348
123.30508537681527,200.0000000000153,26.855622006679038,599.9999587738973,1.6221655061049525,1219.5064057400446,1.6221949999999772,276.8789955278454,138.1753385933855,1.571984968276563,925.9592213325083,925.5628883501342,1.5713150000012752,273.74152065880355,925.5628883501345,1.5213001497049192,200.1150391485346,1.5211949225344787,273.74152065880355,1.5207949934936913,114.75459262529688,253.3418426308092,114.7545926253454,1.4202285654286506,224.09891692322222,1.419578577450367,253.3418426308092,224.0989169232222,262.08416524163465,1.4194375614082526,1.411445001680026,251.48797262194267,1.36137506355577,43.783188232093096,165.01954387723964,43.7831882321909,1.2611000300132331,210.00012551161802,165.01954387723964,210.00012551161802,269.6003375982257,1.260854437277465,1.2516149922392692,163.15220059458255,1.2009142202636869,153.42131554795105,0.010093141110188247,0.0016629771063147,123.1993241314205,197.8525372270721,26.9441233071219,599.9617871457393,1.6221712938853516,1219.4327675653833,1.622197737634183,276.53549757913675,133.57884585998153,1.5719873544747096,922.7650148391496,922.3320797221179,1.571317311256006,274.08113207677104,921.8996753550747,1.5212881921498216,194.22305747752833,1.5211769677309304,273.25353170989155,1.5208004133826203,114.10763214319434,252.3426447419328,114.19981636239173,1.4201560860484765,223.96886078143945,1.4195334777798743,252.5798686749916,224.1784400995843,262.834107435239,1.4193853982598863,1.4114425113814968,250.29748251765344,1.3613838985738997,41.27973842461635,163.6643852391253,41.33180541933881,1.2610382138939502,209.50509487986108,163.24256283635046,209.61298196302138,271.06745453237033,1.2607712719875817,1.251618664695619,161.43797671340263,1.2009148286580607,134.14239788190037,0.009907380755938444,0.0016350096779778067
123.2959655711621,209.73881324889618,28.09394542916123,598.7242466293192,1.6223605958109655,1216.8599554646044,1.6223929653523739,277.4944734725592,140.53756175104655,1.5719989075078877,928.5020236887115,928.4003641196291,1.5713245702504617,274.3452405052683,928.4003651430739,1.5213422585904064,205.12262455447217,1.521236344469827,274.3452405052683,1.5208349386571745,114.7758475605902,254.32190349348218,114.77584754742844,1.420287109526691,223.72025201238716,1.4196323034681813,254.32190349348218,223.72025201238716,261.4208083150878,1.419490358471963,1.4114476015529638,252.4746433732082,1.3614398254374276,43.787105537512616,165.772295423566,43.78710553852478,1.2612012769388814,209.94142184020592,165.772295423566,209.94142184020592,269.5480831558514,1.260953500290148,1.2516321460995594,163.89761544603925,1.2009805207220379,153.39034213978294,0.010090033461917754,0.0016622167249088003,123.19247287872768,205.8521884036678,28.036269143914303,599.9161944437385,1.622175472789421,1219.3905397095516,1.622205462335489,277.0388208240725,135.72653377720619,1.571992091073905,924.9423688276656,925.0221721718227,1.5713202095343428,274.59956059464145,924.427359666785,1.5212978155493702,198.44878959789773,1.5211880241733964,273.70933203698337,1.5207992592443724,114.29317247164356,253.6134374374599,114.38298544812054,1.4202212056071088,223.63594585616886,1.4195964858609411,253.93805579083383,223.72886899949484,261.7588753959309,1.4194341641112964,1.411445854891855,251.47915205445196,1.3613935408710434,41.415737069923665,164.37896158854508,41.48085056000333,1.2611212628972384,210.03169107866526,163.87154857645194,209.8282556426895,271.72555287192614,1.260845342768026,1.2516191561702636,162.1039558945163,1.2009129911174579,134.2452222884245,0.009780724935586715,0.0017816200420281761
123.30168448815354,210.00293112554758,28.211710958243216,599.9874474538921,1.6221650442997522,1219.6268974573482,1.6221975678968523,277.52685260125776,140.7678727457481,1.571989382913856,928.6294602183491,928.5737646453053,1.5713148267391217,274.36996400938085,928.5737646500515,1.5213091016098357,205.39703391758042,1.5212031532231962,274.36996400938085,1.520801671045591,114.82001024464773,254.42233909880596,114.82001022699762,1.4202869177399915,223.72263878701807,1.4196317375347238,254.42233909880596,223.72263878701807,261.24596131925955,1.4194897258684072,1.411444867618292,252.58364974888332,1.3613743311712914,43.79446981213478,165.76582245832628,43.79446981230871,1.2611813939691556,210.00308898754753,165.76582245832628,210.00308898754753,269.63438345997474,1.2609336466287049,1.251612855310837,163.88925326309203,1.2009107845948268,153.36110153646783,0.01008676711703475,0.0016654308161032502,123.19043351070248,205.9956125930356,28.025042385344143,599.8534806431375,1.6221867792054998,1219.2975449250632,1.6222168504103194,276.979693829232,135.6788986832974,1.5719905852752927,925.0026902898621,924.9929631316107,1.5713185662347486,274.6083426929124,924.4847516691248,1.521284837886147,198.53133011289242,1.5211765820724201,273.7706306355099,1.5207809667775878,114.30933834889849,253.5789672990526,114.39901407828009,1.4202243390671652,223.6244885652351,1.4195961438201545,253.92684317583607,223.74585835406594,261.7650191156817,1.4194303141183313,1.41144242183861,251.4716644614209,1.3613813515536137,41.389856127202755,164.37860839726312,41.42645270734461,1.261115510523175,210.04895539052134,163.87325398578494,209.9222529824134,271.64147088938535,1.2608432857596736,1.2516181553285026,162.14006331631003,1.2009007061966297,134.0905920284255,0.009878054799513418,0.0017162742364128737
123.301606335385,210.00007363652364,28.213352347390334,600.0000994124362,1.6221624414250888,1219.6793875189264,1.622194965523296,277.5265632564016,140.77037729856212,1.5719895091386997,928.6295595823841,928.5740240770408,1.5713149544848402,274.3696632051493,928.5740240766246,1.5213089805126072,205.3968021630351,1.5212030321952166,274.3696632051493,1.5208015501444863,114.8574675532069,254.53258223777243,114.85746754107572,1.4202936795233954,223.71302023695415,1.41963800215433,254.53258223777243,223.71302023695415,261.11604794761354,1.4194958992970488,1.4114469641731664,252.69914346076422,1.3613736118147695,43.80325000204621,165.75047245417755,43.80325000129949,1.2611811047607884,210.00245353245253,165.75047245417755,210.00245353245253,269.6648711714331,1.2609334142806765,1.2516144996568275,163.87316438411636,1.200911451952594,153.33223297601708,0.010070131893184647,0.0016728999941465,123.17945968646646,206.08214194592017,28.033316599641417,599.827017583341,1.6221907558887128,1219.257172239436,1.6222206317660859,276.9733593333751,135.63510911157297,1.5719922227690002,924.9738397300574,924.9575166290381,1.5713198910114865,274.6440405257678,924.5045009899962,1.521288112139291,198.4937602599212,1.5211807447793733,273.79692548750626,1.520781291707443,114.30822749719037,253.59213868257575,114.39908284807703,1.4202266641778927,223.6123296026479,1.419597127606327,253.93113383159476,223.73074079311897,261.7428322410284,1.4194330557604578,1.4114433306172733,251.47237909044625,1.361384164768606,41.390027125572054,164.39250647420897,41.41958561043048,1.2611178036571191,210.0568194728737,163.889598164638,209.92274355843915,271.6285220277194,1.2608443433263103,1.2516203276165432,162.14605959515953,1.2009025861461087,134.0581374252221,0.009904662925957692,0.0017022746811761107
123.30163679993547,210.00000039964902,28.212536175896773,600.0001292494185,1.622162423088776,1219.6647559741314,1.6221949466968737,277.52657889356925,140.76933625085724,1.5719894598445414,928.6293054263018,928.5737241237791,1.57131490523421,274.369678326149,928.5737241234192,1.5213079362403699,205.3964915228695,1.5212019878538001,274.369678326149,1.5208005057773137,114.88878303999624,254.62939612546535,114.8887830319582,1.420297813802729,223.70236295934137,1.419641693128011,254.62939612546535,223.70236295934137,261.0178166766516,1.419499508673315,1.4114467929123458,252.79969369373345,1.361374650403608,43.8133731159421,165.744396404491,43.813373114679536,1.26118107492408,210.00153774379345,165.744396404491,210.00153774379345,269.6998131996877,1.2609334070639013,1.251615038504538,163.86606441899022,1.2009123824384622,153.30375865634284,0.010047746519886847,0.0016832283082122998,123.18053858753319,206.18980417178952,28.042446937582557,599.8168632057786,1.6221920979794224,1219.2421623721207,1.6222218832884459,276.97589306148285,135.6511698218722,1.571993136284871,924.9872886141987,924.9672718999461,1.5713205850063503,274.66855420288664,924.5394202605711,1.521291475920021,198.54517361520647,1.521184467237168,273.82107314593964,1.5207842036727481,114.30352481358936,253.61266272409335,114.39470499206791,1.4202279746737678,223.5997246084373,1.419597956002721,253.93854972295048,223.7220594049213,261.7260278076819,1.4194357790727217,1.411444028642775,251.48307661503108,1.3613873212729461,41.392570803480716,164.40796792713655,41.4213548570824,1.2611196662745656,210.02051684696738,163.90808621457265,209.89173816254836,271.6224443351513,1.2608458850115158,1.2516214559616405,162.1555441751769,1.2009052405387248,134.03129196618275,0.009908444347239276,0.0016989707162587242
123.30163390611023,209.99999936721457,28.21171271513601,600.000113087588,1.622162430282816,1219.64960061083,1.6221949533689237,277.52652801652215,140.76830298265088,1.571989464772226,928.6290837652863,928.5734602815346,1.5713149104431539,274.3696278056874,928.5734602812173,1.5213068606215718,205.39602891007846,1.521200912211066,274.3696278056874,1.5207994301874357,114.9151106757046,254.7081114621808,114.91511066967317,1.4203010164524477,223.69464590994596,1.4196445354401055,254.7081114621808,223.69464590994596,260.9425614812475,1.41950228472146,1.411446446924923,252.88126309668797,1.361375473630888,43.824576270736515,165.74545573179944,43.82457626936317,1.2611818819599674,210.00086485039162,165.74545573179944,210.00086485039162,269.7378552856868,1.2609342116956004,1.2516154198624139,163.86589933848308,1.2009131290689585,153.27574330413984,0.010024525797733098,0.0016952273409104994,123.18483415271766,206.31007994704166,28.05468645480131,599.8157664291188,1.6221921189364779,1219.2415901040379,1.6222218120104717,276.98208445349997,135.68148749888556,1.5719934916547935,925.0120683776527,924.9857947670238,1.571320798536173,274.68149133134756,924.5717296652806,1.521293087653246,198.62050339717658,1.521186367239027,273.83676155112096,1.5207868096306982,114.29770220651972,253.63070517025415,114.3891987261142,1.4202284210262535,223.58856913335072,1.419598149461032,253.94486217121386,223.71664846915164,261.7135309039929,1.4194379467400835,1.4114443424159628,251.50178506357236,1.3613891752293739,41.393852673927825,164.41770843813455,41.42395255070112,1.261120437378175,209.97468019809574,163.92276232145682,209.86098300998384,271.60543644309155,1.2608469519778924,1.2516218697676087,162.1617825521693,1.200907234854052,133.98812859171912,0.009901356894136156,0.0016993340072114073
123.30162496138212,209.99999957927417,28.210968548157453,600.0001005811596,1.6221624348064019,1219.635902850709,1.6221949575065242,277.5264685469795,140.7673722074362,1.571989479548068,928.628886825496,928.5732257972163,1.571314925581346,274.3695688396666,928.5732257969285,1.5213059512744247,205.39557633202872,1.5212000028566108,274.3695688396666,1.5207985209021226,114.9374288729672,254.77087429587198,114.93742886779125,1.4203035345627184,223.68987533414992,1.4196467662894565,254.77087429587198,223.68987533414992,260.8843537715243,1.419504462845204,1.4114461384921455,252.94628152485865,1.3613760386766787,43.83660126839359,165.75157234983848,43.83660126663977,1.2611832426585,210.00041251351598,165.75157234983848,210.00041251351598,269.77744553923253,1.2609355525567887,1.2516156702946104,163.87067199455493,1.2009136837490662,153.2482223933111,0.010002421662644697,0.0017079721220389504,123.18948885583248,206.42933153441342,28.069033812176084,599.8211583383318,1.62219113049816,1219.2514573462308,1.6222207317047934,276.99540276791254,135.72237629609032,1.5719935634816629,925.044658935092,925.0117485715584,1.5713207474991064,274.6843756978587,924.6096353370712,1.5212941361362529,198.70127244779758,1.5211878417985905,273.8435627963064,1.5207898038051122,114.2898849826844,253.6517652296686,114.38179353585281,1.4202285466123779,223.58042913987666,1.4195981817433565,253.95208836248577,223.71479909422126,261.7044622871432,1.4194398070148788,1.4114445703585172,251.52357956340003,1.36139068055074,41.39415763130845,164.41924103601886,41.42637430737085,1.2611207644268263,209.9365193296676,163.93423599253137,209.8467860371171,271.5828500974961,1.2608475413479687,1.2516219655999425,162.1626152305869,1.2009092724839439,133.9520226971081,0.009888895964740074,0.0017016466957307536
123.30161618753914,209.99999962748373,28.21029390427179,600.00008710886,1.6221624392379173,1219.623481352749,1.6221949615473865,277.52641320662985,140.76652850526784,1.5719894940328838,928.6287085407598,928.5730134636594,1.5713149404018507,274.36951400044325,928.5730134633986,1.5213052205541246,205.39516225194666,1.5211992721372491,274.36951400044325,1.5207977902535168,114.95653105523314,254.82053798694403,114.9565310508574,1.4203055198439993,223.68756638256568,1.4196485237401286,254.82053798694403,223.68756638256568,260.83940162502677,1.4195061785749705,1.4114458901119822,252.99774876147296,1.3613764050834591,43.849231385951896,165.76105370006107,43.84923138354222,1.261184947317335,210.00012474877758,165.76105370006107,210.00012474877758,269.81736062070274,1.2609372259287932,1.2516158247706155,163.87875286176993,1.2009140850833635,153.22120803367025,0.00998205756830735,0.0017208605052209498,123.19425385217832,206.55274806830744,28.085088814939652,599.8325835066562,1.6221892123190629,1219.2706850925206,1.622218754559517,277.0142654342814,135.77166211107513,1.5719934437563232,925.0822762190306,925.0464737292671,1.5713205131131265,274.68497603813773,924.6526405164451,1.521294670910047,198.78699563116174,1.5211887027790505,273.8427877593563,1.520792942791592,114.28551649103562,253.6773952604177,114.3769893071027,1.4202287021174667,223.5746260442701,1.4195984978116645,253.96793627599934,223.71499015502917,261.6930228397545,1.4194420198494966,1.4114447250644289,251.55977114137542,1.3613918212847578,41.395948175605035,164.41946859211626,41.43124066164755,1.2611213277772029,209.9073325337915,163.9461223928469,209.84911751206783,271.5782966516355,1.2608486171385906,1.251621748513078,162.1639723721272,1.200911215005195,133.92919544118413,0.009871885847590028,0.0017070073180080383
123.30160886829242,209.99999966690677,28.209683904721167,600.0000748029217,1.622162443195319,1219.6122497912174,1.6221949651515661,277.52636448132785,140.7657653679089,1.5719895061348588,928.6285470601766,928.5728211677091,1.5713149528006793,274.36946571966786,928.5728211674732,1.5213046428710704,205.39479131778484,1.52119869445984,274.36946571966786,1.5207972126439193,114.97305264119993,254.8596894188878,114.97305263750346,1.420307090097666,223.68720922850218,1.419649913342735,254.8596894188878,223.68720922850218,260.805010706645,1.4195075351815745,1.411445696275742,253.03834332996146,1.3613766293193321,43.86229315266429,165.77266137588282,43.86229314949817,1.261186847544705,209.99995232933543,165.77266137588282,209.99995232933543,269.8567072897804,1.2609390877375284,1.2516159117273724,163.88894925653835,1.2009143742509885,153.19469558911342,0.009963504090821354,0.0017335364868699503,123.19704484234984,206.6867335644346,28.102340993190886,599.8480785628584,1.6221866512401975,1219.2962760311634,1.6222161638722206,277.03726388941334,135.82657427541497,1.5719932228555011,925.1210994856907,925.0860984382894,1.5713202448517307,274.68667704578354,924.6935317545614,1.5212948193337543,198.87020472753267,1.5211888439852124,273.8355485103599,1.5207959883863755,114.28579098495085,253.7079853411506,114.37589162408865,1.420228959822117,223.56975114950612,1.4195990854913567,253.9852500728316,223.71796113386156,261.6773392087326,1.4194445156110842,1.4114447312210014,251.60807686114273,1.3613924412056808,41.398699273918325,164.42143309248252,41.438747922126936,1.261122635644792,209.88787301810297,163.95888117562887,209.85881506037506,271.60239277324195,1.2608504900207484,1.251621301449384,162.16631555405036,1.2009130400133299,133.91961117260723,0.009851919055508647,0.0017150976056030751
123.30160306964186,209.9999996983444,28.209132424538325,600.0000636719355,1.6221624467691265,1219.6020956460675,1.6221949684060364,277.5263221810237,140.76507508108904,1.5719895157466977,928.6284006952994,928.5726469005285,1.5713149626720138,274.36942380440985,928.5726469003149,1.5213041878776983,205.3944605724895,1.5211982394749466,274.36942380440985,1.5207967577225592,114.9875009510153,254.89046621403477,114.98750094786575,1.420308336379819,223.68837340099628,1.41965101617492,254.89046621403477,223.68837340099628,260.7791242634255,1.4195086118871094,1.4114455463321156,253.07026961484442,1.3613767546057534,43.87565016072811,165.78552230826241,43.87565015680897,1.2611888408280825,209.999858470327,165.78552230826241,209.999858470327,269.8948588240735,1.2609410384852655,1.2516159521749062,163.90042015241784,1.2009145836632218,153.16866905712084,0.009946618286663498,0.0017458065612648507,123.19665204502321,206.8320217504873,28.122872109658466,599.8655044428829,1.6221837339580811,1219.32486932858,1.6222132551513946,277.06225859921307,135.8868533161597,1.5719930168206795,925.1641926232946,925.1303601257553,1.5713200094170439,274.69054013146206,924.7327590570828,1.5212945734598864,198.95664511637315,1.5211883212874824,273.82348704134614,1.5207986585831632,114.2908925333775,253.74148080638997,114.37939829845745,1.4202294277230438,223.5664659743539,1.4195999128404733,254.0048622557786,223.72224845808498,261.6568165045241,1.4194469721735776,1.4114446397824079,251.66636631919243,1.3613925194034062,41.403021458332226,164.42744112846847,41.44912141156823,1.2611245023499378,209.86918157599013,163.97223987903126,209.86822767816227,271.63219276108794,1.2608532268157213,1.251620732975372,162.17160467764674,1.2009147316361524,133.925557519029,0.00982847689439436,0.0017262933017865782
123.30159855453076,209.99999972559232,28.208633852872346,600.0000536081411,1.6221624500142038,1219.5929156328884,1.622194971362413,277.52628549496796,140.7644507008643,1.5719895232548695,928.6282680383824,928.5724889784622,1.5713149704068945,274.36938745063566,928.5724889782684,1.5213038290724477,205.3941656463801,1.5211978806798592,274.36938745063566,1.5207963989864053,115.00028113554757,254.91457928705807,115.00028113282713,1.4203093287067552,223.6907190003144,1.4196518943846224,254.91457928705807,223.6907190003144,260.7601137110205,1.4195094693787973,1.4114454303130697,253.09529137949664,1.3613768121813048,43.8891958485309,165.79903313487046,43.88919584392141,1.2611908576255542,209.99981702056763,165.79903313487046,209.99981702056763,269.9313904980554,1.2609430106962287,1.251615960665129,163.91258403280426,1.2009147368409887,153.14310509917834,0.009931189766830247,0.0017575771561045,123.19636758398596,206.97208291602584,28.145992902145345,599.883234664902,1.6221807482751596,1219.3537933421367,1.6222102840455042,277.09505167813614,135.95234251460437,1.5719928176951727,925.2128367791765,925.174742872255,1.5713197220517048,274.70016385510024,924.7672709013806,1.521293937723092,199.0545751590461,1.5211875482022938,273.81597830510833,1.5208010148861861,114.29869980754,253.78049955916885,114.38547462213212,1.4202304505670253,223.5613053248965,1.4196009138281764,254.03062691914786,223.7270259821045,261.631709518916,1.4194495591462106,1.41144447459573,251.72932783303997,1.3613921280996124,41.40750723324383,164.43584354906673,41.46223396151005,1.2611271251813623,209.8591322004321,163.98906641626368,209.8802443131367,271.66521489070806,1.2608566566017108,1.2516201575601655,162.18151827346972,1.2009158157569186,133.93419405615023,0.009800848555898502,0.0017395841759907493
123.30159505223703,209.99999975023601,28.208183113842644,600.0000445097253,1.6221624529642165,1219.5846163048263,1.6221949740514228,277.526253568925,140.76388596928246,1.571989529100837,928.6281478421108,928.5723459088697,1.5713149764515315,274.36935581216164,928.5723459086942,1.5213035452661032,205.39390227284196,1.5211975968846025,274.36935581216164,1.5207961152455343,115.01171721415623,254.93338385500167,115.01171721176905,1.420310121015432,223.69398355221077,1.4196525957635564,254.93338385500167,223.69398355221077,260.7466685456171,1.4195101543097173,1.4114453401990956,253.11480713347058,1.361376823578261,43.90284716344745,165.81278310751793,43.9028471582368,1.2611928516366315,209.99980988224155,165.81278310751793,209.99980988224155,269.9660272091325,1.2609449594646673,1.251615949109558,163.92504456408784,1.2009148503020164,153.117975963133,0.009917002909347598,0.0017688132305825495,123.19501572869885,207.096252120668,28.17036080924544,599.900658747709,1.622177895924625,1219.3819516452606,1.622207450858054,277.1236568187988,136.01748648835468,1.5719925090374407,925.2589815256355,925.2172571351832,1.5713192867116452,274.70855382158095,924.7903038442765,1.521292360619989,199.15136806083288,1.5211857390323495,273.80713849687584,1.5208020176688453,114.30956046071263,253.81977836438048,114.3949666099337,1.4202313486732465,223.55993945761483,1.4196014833114243,254.05854549505813,223.7344636347103,261.60520976538527,1.4194518054180039,1.4114441450607804,251.7860076903368,1.3613905595388207,41.41323043137298,164.44269646905508,41.476905251087636,1.2611292494769715,209.84521272511532,164.0053566073065,209.88388894613618,271.696442653951,1.2608596771473306,1.2516194882686225,162.192183516915,1.200915858097868,133.94781732445756,0.009769537885026101,0.001755164652326969
123.3015923310677,209.9999997728255,28.207775618308812,600.0000362842093,1.6221624556450336,1219.5771131742526,1.622194976496277,277.5262256583923,140.76337522255278,1.5719895336626268,928.628038972809,928.5722163359551,1.5713149811881009,274.3693281517014,928.5722163357959,1.521303320020266,205.39366666854022,1.5211973716502603,274.3693281517014,1.5207958900612208,115.02206876057306,254.9479515086281,115.02206875843947,1.4203107550741718,223.697965305004,1.419653157282115,254.9479515086281,223.697965305004,260.7377275933959,1.4195107027629412,1.411445269860078,253.12992429087882,1.361376805770314,43.91653944817138,165.82649692920631,43.91653944245611,1.261194792786248,209.99982436084935,165.82649692920631,209.99982436084935,269.9986036768055,1.2609468556414933,1.2516159235042843,163.93753549844794,1.2009149354759079,153.09325156694484,0.009903862094557049,0.0017795124412975506,123.19048564362785,207.20658405452645,28.193282697433613,599.9171485884785,1.6221752306995871,1219.4083544705907,1.6222048330789969,277.1465750304279,136.07935267560646,1.5719922272363014,925.3024724403234,925.2576491080135,1.5713188576135761,274.7117095902945,924.8071794740704,1.5212905802455428,199.24010925368214,1.521183359362309,273.7946609590591,1.5208018905462652,114.3248724219285,253.86037187911333,114.40911709304336,1.420232036724585,223.56280436591118,1.419602118380417,254.08685289332558,223.74459755349827,261.5753867386468,1.419453668541533,1.4114437421226083,251.83790256696614,1.3613883733723693,41.42035742116923,164.4485695355154,41.492362392370694,1.2611311933578815,209.83308707324625,164.02069469556488,209.8830688417699,271.72533339969453,1.260862533133561,1.2516188437992062,162.20334091058922,1.2009153558368455,133.9744993815218,0.009739524797807262,0.0017710401174909198
123.30159020922329,209.99999979357045,28.207407217392863,600.0000288478843,1.6221624580793805,1219.5703298578255,1.6221949787172991,277.5262011494484,140.7629133280672,1.5719895372370833,928.6279403928593,928.5720990198532,1.5713149849168984,274.36930386129393,928.5720990197088,1.5213031406835136,205.39345556871245,1.5211971923250525,274.36930386129393,1.5207957107819283,115.03154405403515,254.9591309736902,115.031544052095,1.4203112634316901,223.70250875269986,1.4196536077305102,254.9591309736902,223.70250875269986,260.7324299110609,1.4195111428347778,1.411445214686259,253.14152122788516,1.3613767678639803,43.93022243465653,165.83999378414882,43.930222428534876,1.2611966622601272,209.99985221314282,165.83999378414882,209.99985221314282,270.0290348524906,1.2609486810135884,1.2516158894074203,163.94988121317192,1.2009150002267532,153.0689009657794,0.009891600247772095,0.0017896895899793,123.18333834480326,207.31640578875027,28.21396090422663,599.9323813496754,1.6221728021208839,1219.4323646848543,1.6222024768098902,277.1620325277605,136.1387668065173,1.5719919847087962,925.3473312021215,925.2939033665539,1.5713184460158025,274.7085739286717,924.8289575774284,1.5212890031424398,199.32347748347152,1.5211808117781112,273.78335642190945,1.5208011270538864,114.34393365397798,253.90014859469946,114.42682487679787,1.4202326788228834,223.569462048739,1.4196027906015742,254.11487678837727,223.7576766863512,261.5447266997729,1.4194548841001537,1.4114433447510952,251.88416299823754,1.3613861118083281,41.42801561709104,164.45255706508894,41.50741642197766,1.2611326001150938,209.81641739899715,164.03626614234886,209.87372807602685,271.74251976367884,1.2608649636696665,1.2516182482239553,162.21383762986522,1.200914560687399,134.01090979799557,0.009710836278199698,0.0017852648483678818
123.30158854824882,209.99999981258836,28.207074160278154,600.0000221250364,1.6221624602882416,1219.5641972998255,1.622194980733302,277.52617954249195,140.76249563429826,1.5719895400504884,928.6278511522908,928.5719928263587,1.5713149878670456,274.3692824461758,928.5719928262283,1.5213029975060968,205.39326616747016,1.5211970491589817,274.3692824461758,1.5207955676579221,115.04031044720512,254.9675963280697,115.04031044541655,1.4203116716088318,223.70749336402542,1.419653969672149,254.9675963280697,223.70749336402542,260.7300768878122,1.4195114965434388,1.4114451712167524,253.15029648901225,1.3613767177603289,43.943857132928116,165.85315842560613,43.943857126487245,1.2611984490208692,209.99988765594185,165.85315842560613,209.99988765594185,270.0572940302783,1.2609504249207903,1.2516158503446924,163.9619688936643,1.2009150499653054,153.04489337055838,0.009880079787277354,0.0017993675322562498,123.1752365281228,207.4207618199576,28.231301200320562,599.9466516712824,1.6221705265742552,1219.4544918142246,1.6222002971385685,277.17321394189094,136.19257380829168,1.5719918352639575,925.3888522085937,925.327744793315,1.5713181351135495,274.7021812665324,924.8558285092503,1.5212877778714133,199.3917965542833,1.521178859423635,273.77166680350786,1.5208004260179675,114.36423244974549,253.93281051023285,114.44606227641864,1.420233289418605,223.57945978232766,1.4196033537749762,254.13940295727005,223.7719844974644,261.5180245205021,1.4194559225732257,1.4114430106792528,251.9212326934823,1.3613843235278076,41.436247305738775,164.4566031235035,41.52161360777692,1.2611336070299046,209.79397973996032,164.0499921646845,209.85772489142892,271.75261307455094,1.260866971377343,1.2516177906821158,162.22427370032517,1.2009140635888023,134.0487299278728,0.00968433219511417,0.001798203383764267
123.30158724349303,209.99999982998497,28.206773056026957,600.0000160472007,1.6221624622911923,1219.558653069406,1.6221949825618966,277.52616042976723,140.76211792703054,1.5719895422740704,928.6277703828456,928.5718967194803,1.5713149902121144,274.36926350252594,928.5718967193618,1.5213028829364323,205.39309604345988,1.5211969346002956,274.36926350252594,1.5207954531377132,115.04850256233178,254.97388449696567,115.04850256065896,1.4203119997268525,223.71282512922699,1.4196542608907246,254.97388449696567,223.71282512922699,260.7301019068966,1.419511781242236,1.4114451368402348,253.15680711368014,1.3613766605299489,43.95741341511266,165.86592091547982,43.95741340843503,1.2612001473713688,209.9999268826097,165.86592091547982,209.9999268826097,270.0833966214399,1.2609520818895987,1.251615808738374,163.97372906827678,1.200915088430707,153.021198841426,0.009869190236285498,0.0018085720355165498,123.16707044547876,207.53666301220395,28.247635384953263,599.9602447973896,1.6221683094778596,1219.475077116622,1.6221981953908498,277.18008503325007,136.24053564591546,1.5719918590312223,925.4257107764665,925.3574910851705,1.5713179584588812,274.6977402108013,924.8885077701909,1.521286954683511,199.45668873113195,1.521177626416871,273.76322286994395,1.5208002039288506,114.38611734041763,253.95928079091166,114.46700575227828,1.4202342531033496,223.59082037173167,1.4196039689980628,254.16270382275172,223.78630335062076,261.4935856242977,1.4194571802956861,1.4114427794649869,251.95700712361858,1.361383257694386,41.44623990719671,164.4647189546044,41.536216374542796,1.2611345341855251,209.7613589119039,164.06401259718163,209.8358025849848,271.7631260356241,1.260869090347245,1.2516175414741963,162.23618572435035,1.200914208510325,134.0894704966872,0.009657006591750292,0.001811609114454131
123.3015862156434,209.99999984585492,28.206500839048836,600.0000105524973,1.6221624641064845,1219.5536407250981,1.62219498421956,277.52614347537803,140.76177638968437,1.5719895440377676,928.627697292536,928.5718097547713,1.571314992083997,274.36924669761197,928.5718097546655,1.5213027910895183,205.39294309349492,1.5211968427638813,274.36924669761197,1.5207953613364484,115.05622879273929,254.9784242888461,115.05622879115437,1.4203122637252446,223.71843028467987,1.41965449547064,254.9784242888461,223.71843028467987,260.7320457053303,1.4195120106743806,1.4114451095715355,253.16149838917568,1.3613765996387968,43.97086813310516,165.87824246776893,43.97086812625815,1.2612017552524808,209.99996738717647,165.87824246776893,209.99996738717647,270.10738807361275,1.2609536499796727,1.251615766239851,163.9851220307059,1.2009151182289493,152.99778874579286,0.009858844561272053,0.0018173290033265002,123.16138842627892,207.6491973920099,28.26280170989897,599.9733318389016,1.6221661638583047,1219.4945308938804,1.6221961574384158,277.1887564235897,136.28179997662076,1.5719918803092447,925.4591251678291,925.3835338054785,1.5713177674216356,274.7007507906522,924.9192843170217,1.521286227450944,199.53019400425552,1.5211767415166808,273.765112762381,1.5208001021624218,114.40723552100671,253.9850410572591,114.4871942235588,1.4202354898764085,223.60062102157977,1.4196045269350779,254.1895641820797,223.79822239972418,261.4726293517446,1.419458779453728,1.4114425581312486,251.9935290489736,1.361382507864143,41.45672358880908,164.47667851597117,41.5506259193261,1.2611353777231673,209.7204082020363,164.07982370947838,209.8103074975854,271.7761038386833,1.2608713445583006,1.251617366473011,162.25103250481627,1.2009144933720821,134.13736807201172,0.009629565410874882,0.0018259153037800304
123.30158540425451,209.9999998603119,28.206254737887825,600.0000055849641,1.6221624657510023,1219.5491092402053,1.6221949857215712,277.5261283997503,140.7614675669442,1.5719895454407569,928.6276311601932,928.5717310725763,1.5713149935835142,274.36923175451705,928.5717310724788,1.5213027173510187,205.39280547955647,1.5211967690353332,274.36923175451705,1.5207952876399724,115.06357647725252,254.9815589362896,115.06357647573783,1.4203124762804902,223.72425064558922,1.419654684611094,254.9815589362896,223.72425064558922,260.7355362719429,1.4195121957675976,1.4114450878888363,253.16472700918644,1.3613765374363411,43.98420364565461,165.89010556600266,43.98420363869755,1.2612032730536682,210.0000075507915,165.89010556600266,210.0000075507915,270.12933483466014,1.2609551296283719,1.2516157239617112,163.99612838103917,1.2009151411998729,152.97463604605974,0.009848975246923802,0.0018256630909016499,123.15812244723176,207.74262706866577,28.2751160505857,599.985758965851,1.6221640698727995,1219.512763764726,1.6221941773586168,277.1963044048903,136.31946938722177,1.5719919234500948,925.4893863664789,925.4061426236728,1.5713175692531836,274.7074772653143,924.9446966961672,1.5212856808431152,199.6088368555908,1.5211761582190035,273.77317857818764,1.520800436101829,114.42801073052048,254.00811662771852,114.50682346470339,1.420236939701902,223.61104705260118,1.4196051270511887,254.21843251470094,223.80986673617738,261.4548322158116,1.4194604841309355,1.4114424089500073,252.02872537119552,1.3613821331187266,41.47096522194893,164.49115532206048,41.56813380637945,1.2611363460827976,209.67680639950427,164.09713411876712,209.783761883747,271.7908060664195,1.2608739119661267,1.2516172938530004,162.26824831752037,1.2009152298215757,134.18422730205802,0.009602120008737986,0.0018409051147782315
123.30158476287025,209.99999987346104,28.206032246994262,600.0000010940215,1.6221624672403223,1219.5450124833383,1.622194987082057,277.5261149676603,140.76118833142215,1.5719895465593896,928.6275713300718,928.5716598915127,1.571314994788414,274.3692184402116,928.5716598914256,1.5213026580832416,205.39268158594172,1.5211967097769206,274.3692184402116,1.5207952284107937,115.0706160305617,254.98356368235613,115.07061602910335,1.42031264750659,223.7302401089765,1.4196548372462994,254.98356368235613,223.7302401089765,260.7402724419993,1.4195123452394474,1.4114450706162827,253.16677918642347,1.3613764754954922,43.99740666095345,165.90150706579243,43.99740665393874,1.2612047027821616,210.00004635709524,165.90150706579243,210.00004635709524,270.1493175710849,1.2609565228434154,1.2516156826398608,164.00674243905746,1.2009151586654436,152.95171546433602,0.009839530589244952,0.0018335971183410496,123.15876205403843,207.81438210094265,28.284289680465033,599.9974446122135,1.6221620268655672,1219.5297607101743,1.6221922840018648,277.2027256409888,136.35426093971753,1.5719919882593005,925.5170964335217,925.4253308979919,1.5713173688147182,274.71701246552726,924.9631736448126,1.5212853366720192,199.6940174382017,1.5211757703348272,273.78548098411494,1.520801134671719,114.44985552986385,254.0350372890599,114.52676933955132,1.4202386139761838,223.62163269133777,1.4196059680410928,254.25071251748284,223.81976509137735,261.43666767293723,1.419462250139708,1.4114423403404306,252.06462115343047,1.3613819968697056,41.490526632877355,164.50816022089032,41.59119204118135,1.2611377238009938,209.63406682150233,164.11756522531164,209.75640855382576,271.80639824199613,1.2608767433339911,1.25161724583586,162.28888109446527,1.2009162427212419,134.22754962207924,0.00957607826853884,0.0018566398545472177
123.30158425553728,209.99999988540668,28.205831101212567,599.9999970339429,1.6221624685887355,1219.5413087487668,1.6221949883139954,277.52610297939117,140.7609358531464,1.5719895474528673,928.6275172065646,928.57159550203,1.5713149957590953,274.3692065568265,928.5715955019514,1.5213026104047986,205.39256998591088,1.5211966621072395,274.3692065568265,1.5207951807677351,115.07740424834553,254.98465957614718,115.07740424693048,1.4203127854938744,223.73636200925796,1.4196549605222035,254.98465957614718,223.73636200925796,260.7460105231024,1.4195124660625498,1.4114450568387098,253.16788489229123,1.3613764148491694,44.01046732371904,165.91245338121942,44.01046731668961,1.2612060474827602,210.00008319690437,165.91245338121942,210.00008319690437,270.167426070871,1.2609578326389776,1.251615642746879,164.01696765924305,1.2009151715969497,152.92900355879857,0.009830471414252046,0.0018411519248448993,123.1623628266619,207.86198347427927,28.29006455231483,600.0077073165662,1.6221601987334515,1219.544565820024,1.6221906331713818,277.20581159188924,136.38230841322684,1.5719919796886388,925.5373384125609,925.4361656815265,1.5713171632201106,274.72412567527124,924.9709414605551,1.521284815227085,199.7625807346071,1.5211751227401233,273.7963691042869,1.5208017835181604,114.47085694811587,254.06193722158415,114.54479404964658,1.4202401762098837,223.63077884917143,1.4196068948291949,254.28050045580835,223.82795326831257,261.4194192543443,1.4194636283597453,1.4114422513702483,252.09729857688257,1.361381644404156,41.51239405250079,164.52481646946896,41.61671277594643,1.2611393820661732,209.60615354116786,164.13770848096135,209.73800204223292,271.83092124915197,1.2608796173523753,1.2516170812205019,162.31026775607896,1.2009169949183989,134.25210002610444,0.00955428242748457,0.0018710826941281684
123.30158385422135,209.9999998962477,28.205649252713698,599.9999933633896,1.6221624698093193,1219.5379603318297,1.6221949894292789,277.52609226395276,140.76070757169785,1.5719895481674473,928.6274682491563,928.5715372603654,1.5713149965428501,274.36919593494383,928.5715372602942,1.5213025720245004,205.3924694147486,1.5211966237350998,274.36919593494383,1.520795142419821,115.08398695743031,254.9850091889804,115.08398695604987,1.4203128967273186,223.74258709847493,1.4196550601664253,254.9850091889804,223.74258709847493,260.7525534075945,1.4195125638255852,1.4114450458394094,253.1682107987976,1.36137635615519,44.02337849288931,165.92295712726636,44.02337848588061,1.2612073108333148,210.00011773428332,165.92295712726636,210.00011773428332,270.1837554156182,1.260959062642447,1.2516156045715134,164.02681344146896,1.2009151807271956,152.90647873705754,0.009821768286555349,0.00184834645220865,123.16384994575539,207.8353495379073,28.28525045469965,600.0113122978539,1.6221596272716219,1219.5486748351034,1.6221901875665252,277.2005465996986,136.37570035424844,1.5719917736454827,925.5295852943922,925.4300204744985,1.5713169846100412,274.7225329499666,924.9560770805595,1.5212835463694405,199.76368693288413,1.5211738128736834,273.79863224003515,1.520800413907567,114.48404845846845,254.06736168082386,114.55676175013781,1.4202404257985202,223.6383971897567,1.4196072506940427,254.2945889324519,223.83244202617232,261.4170734806772,1.4194634599106297,1.4114419442478658,252.09977702495283,1.3613807252202588,41.52552481356282,164.53438114166443,41.62996607544745,1.2611401186695999,209.61059350196666,164.14417440421641,209.74066552318087,271.85469419186785,1.2608809854621146,1.2516167914270784,162.322010261692,1.2009164736831968,134.26319056379742,0.009550041309368122,0.0018776264454570199
123.30158353696916,209.9999999060841,28.20548485014439,599.9999900449834,1.6221624709139921,1219.5349331450843,1.6221949904387531,277.52608267401826,140.76050117083173,1.5719895487394382,928.6274239676317,928.5714845827756,1.5713149971768852,274.3691864285952,928.5714845827108,1.5213025411144285,205.3923787481808,1.5211965928325943,274.3691864285952,1.520795111539344,115.09040114423846,254.9848010508423,115.09040114288784,1.420312986413343,223.74889198980088,1.4196551407771256,254.9848010508423,223.74889198980088,260.7597417221652,1.4195126430151683,1.4114450370539082,253.16796074957745,1.3613762998110976,44.036135168810645,165.93303478116616,44.036135161852876,1.2612084968633845,210.00014981517128,165.93303478116616,210.00014981517128,270.1984031164968,1.260960216820872,1.2516155682743908,164.03629291607228,1.200915186625445,152.88412122529974,0.009813399199078152,0.0018551979343027492,123.16334223681548,207.77715647067063,28.27668223019221,600.0126530813499,1.6221594249812976,1219.5480220587513,1.6221900737840182,277.1899495408796,136.3590889107644,1.5719916371524834,925.5101329158884,925.4150149985234,1.5713169041676718,274.715654671122,924.9426019573776,1.5212827632926873,199.73301617665965,1.5211732877277204,273.8004093238596,1.52079916658516,114.4934298294007,254.06689140887218,114.56531759078877,1.4202406225340907,223.64601854180825,1.4196078004099304,254.2992311405734,223.83493618950342,261.42089451286756,1.419463140775092,1.411441777285942,252.09230375821122,1.3613801195545714,41.538859599755,164.54278280542425,41.64019819800692,1.2611410602466238,209.63189639423686,164.1479497667413,209.752994342899,271.89184288179916,1.2608820260516704,1.2516166700283002,162.32966642904077,1.2009158393501107,134.2801858546822,0.009545570161200275,0.0018856048959737816
123.30158328646115,209.9999999150002,28.205336219772146,599.999987044944,1.622162471913625,1219.5321963712875,1.622194991352321,277.52607408180387,140.7603145554168,1.571989549197558,928.6273839176442,928.5714369402062,1.571314997690703,274.36917791114263,928.5714369401476,1.5213025162126717,205.39229698390298,1.521196567937832,274.36917791114263,1.5207950866645992,115.09667666646622,254.9841048695671,115.09667666514,1.4203130587374513,223.75525794765136,1.419655206050732,254.9841048695671,223.75525794765136,260.7674466414767,1.4195127072380616,1.4114450300358792,253.1671997793793,1.3613762460350367,44.04873403817021,165.9427050591924,44.048734031289,1.2612096097601129,210.00017940437448,165.9427050591924,210.00017940437448,270.2114669864233,1.2609612992921966,1.2516155339275694,164.04542141080526,1.2009151897474837,152.86191300701796,0.009805347700551302,0.0018617221227834005,123.16221652570465,207.70703306692823,28.266169106839424,600.0126294410275,1.6221594448213104,1219.5447688680117,1.6221901637522214,277.1764057720741,136.34011559811873,1.5719915150531956,925.4874964602024,925.3974965039822,1.5713168654747587,274.7072417251091,924.9313468064722,1.5212823526516874,199.69119724039652,1.521173167220255,273.80278143829844,1.5207981002228987,114.5003249526743,254.06163173325933,114.57155779142636,1.4202406390489064,223.6534776092857,1.4196083526916476,254.2969878219223,223.83718776249174,261.43010164635723,1.4194626734667213,1.4114416775410692,252.07857327388314,1.3613797554278508,41.55225827883969,164.55046496808677,41.64908085330154,1.2611419940079667,209.65873932687876,164.15023718485108,209.76850199615777,271.93405631553725,1.26088284050395,1.2516166009625505,162.33509201247332,1.200915162449653,134.2942205988723,0.009540734854014393,0.0018941758998149568
123.30158308901426,209.99999992308216,28.20520184844595,599.99998433272,1.6221624728180934,1219.5297221496553,1.622194992178981,277.5260663760127,140.76014583047072,1.5719895495645602,928.6273476965716,928.571393853365,1.5713149981077446,274.36917027230777,928.5713938533122,1.521302496147463,205.39222322698078,1.5211965478790714,274.36917027230777,1.5207950666240186,115.10283763101484,254.98302863552053,115.10283762970766,1.420313117067558,223.76166994083718,1.4196552589615585,254.98302863552053,223.76166994083718,260.7755640592617,1.4195127593964358,1.4114450244309447,253.16604288071102,1.3613761949217715,44.06117311200728,165.95198779439474,44.06117310522265,1.2612106537348757,210.00020654321872,165.95198779439474,210.00020654321872,270.22304357709083,1.26096231419557,1.2516155015421624,164.05421539417932,1.20091519043648,152.8398377416079,0.009797601403838545,0.0018679335113851998,123.16089699909348,207.63268157314442,28.254798496317157,600.0117286203229,1.6221596122582342,1219.5399702006994,1.6221903871071919,277.16135792045696,136.32141876092422,1.5719913803479504,925.4650028917009,925.379896607677,1.5713168384792968,274.6983727572429,924.9226146928812,1.5212821685141094,199.64423409536258,1.5211732622067469,273.80554455295965,1.520797177085655,114.50558452531655,254.05342919376358,114.57627569213349,1.420240532522689,223.66080551067432,1.4196088519287664,254.29086926138254,223.8394828344381,261.4429848200259,1.4194620816132513,1.4114416187280423,252.0611187970279,1.3613795324958453,41.56558781778949,164.55782496984423,41.6572881576411,1.2611427851903554,209.68652376906505,164.15157275245593,209.78378913797064,271.9766266931246,1.2608834206021742,1.2516165509432535,162.33885074770637,1.2009144112034693,134.30440945475715,0.009535662771983405,0.0019028706190187363
123.30158293376165,209.9999999304031,28.20508036818645,599.9999818807028,1.6221624736363789,1219.5274852922423,1.622194992926923,277.52605945924233,140.7599932821533,1.5719895498585723,928.6273149397333,928.5713548881416,1.5713149984467432,274.36916341556133,928.5713548880947,1.5213024799781232,205.39215667671098,1.521196531715661,274.36916341556133,1.5207950504771115,115.10890350412046,254.98164717841294,115.10890350283165,1.4203131641158182,223.76811589692377,1.4196553019047817,254.98164717841294,223.76811589692377,260.7840098643582,1.4195128018273784,1.4114450199569744,253.1645680042751,1.3613761464823342,44.073451437670684,165.96090316813746,44.073451430999114,1.2612116329334198,210.0002313204842,165.96090316813746,210.0002313204842,270.2332270503754,1.260963265603964,1.251615471088034,164.06269175368843,1.2009151891066594,152.81788067035865,0.00979015081590535,0.0018738455401285494,123.15932142623772,207.56125488716702,28.243309770388716,600.0103708521342,1.622159858788452,1219.5344520738292,1.6221906767095264,277.1456610973163,136.30424106023273,1.5719912297279446,925.4439869404123,925.3632192646991,1.5713168044749772,274.68897926414525,924.9174984874998,1.5212821134297925,199.59614265018794,1.5211734907208516,273.8081986889302,1.5207963986506046,114.50972680822709,254.0446320094135,114.57985933014737,1.4202403638396823,223.668093593786,1.4196092797415691,254.2822961157628,223.84231227435325,261.4585457005295,1.4194614515016717,1.4114415869842478,252.04109570075127,1.3613793775671321,41.57888278667186,164.56419023358393,41.665171984923575,1.2611434340554026,209.7143874962656,164.152639137848,209.7987938269202,272.01725076202047,1.2608837566268842,1.2516164969484929,162.34146784354482,1.200913653889171,134.313934304434,0.009530357070328975,0.0019116048521025714
123.30158281206602,209.99999993703278,28.20497054225903,599.9999796639278,1.622162474376629,1219.5254630275108,1.6221949936035776,277.52605324597516,140.75985536053383,1.5719895500940542,928.6272853168832,928.5713196514942,1.571314998722693,274.3691572561421,928.5713196514516,1.5213024669484732,205.39209661589686,1.5211965186914516,274.3691572561421,1.5207950374678771,115.11489000634992,254.9800208379379,115.11489000507586,1.4203132020675096,223.77458611197886,1.4196553368102725,254.9800208379379,223.77458611197886,260.7927161142643,1.4195128364139606,1.4114450163887557,253.16283801410324,1.3613761006716762,44.08556886951633,165.96947119037145,44.08556886297217,1.2612125513765586,210.00025385290513,165.96947119037145,210.00025385290513,270.2421083841226,1.2609641574665207,1.2516154425077455,164.07086730883935,1.200915185934866,152.79602851546704,0.009782988433714853,0.0018794707717423994,123.15784964956671,207.49570307421016,28.232352478567698,600.0088386353513,1.6221601356566608,1219.5287591460587,1.6221909883709495,277.13064836320586,136.28960929925728,1.5719910648086854,925.4255459352615,925.3484867977176,1.5713167586290098,274.679660802702,924.9162077476956,1.5212821596074413,199.54933421819976,1.5211738223698594,273.8106324302963,1.5207957839623287,114.5131729066767,254.03614324473614,114.58271108193941,1.4202401652094327,223.67545194444529,1.4196096537243155,254.27255210604963,223.84582163644293,261.47611422769893,1.4194608331975143,1.4114415767285708,252.02004616797362,1.361379289587115,41.59204317922027,164.56967327595717,41.67293913822936,1.2611439604856785,209.74156243490472,164.1537017390478,209.8135730491104,272.05481186680464,1.2608839068628606,1.2516164324294274,162.3433959290628,1.2009129211530012,134.32447818824662,0.009524754023176086,0.0019202816770610516
123.30158271704491,209.9999999430355,28.204871252580833,599.9999776598243,1.622162475046236,1219.523634768517,1.6221949942156906,277.52604766088086,140.75973066397492,1.5719895502825723,928.6272585290408,928.571287787591,1.5713149989476345,274.36915171940484,928.5712877875517,1.5213024564500277,205.39204240139605,1.521196508197991,274.36915171940484,1.5207950269879982,115.12080983443622,254.97819827919136,115.12080983317526,1.4203132326842194,223.781072781687,1.4196553652337451,254.97819827919136,223.781072781687,260.801627937887,1.4195128646741795,1.411445013546268,253.1609036161488,1.3613760574083216,44.09752588647565,165.9777113553317,44.097525880069355,1.2612134129224453,210.000274271908,165.9777113553317,210.000274271908,270.2497748351717,1.260964993571898,1.2516154157264223,164.07875848873434,1.2009151811934646,152.77426937609914,0.009776108056421998,0.0018848210387199995,123.15681247049582,207.43770575188282,28.222322043281693,600.0073537189627,1.6221604003457697,1219.5233010544248,1.6221912842945345,277.11694955060835,136.2780069404178,1.5719909057638717,925.4103321711299,925.3365866946846,1.5713167123133087,274.6708981151723,924.9180662126399,1.521282313312865,199.50721027621788,1.5211742645726583,273.8129718163105,1.5207953866386483,114.51630032295822,254.02787893755306,114.58525585706342,1.420239990785831,223.68269686320633,1.4196100204284838,254.2626445690015,223.84986135121304,261.4946340713856,1.4194602713395366,1.4114415891298242,251.99991267499615,1.3613793190067212,41.60520418909131,164.57501024850737,41.68100754497761,1.2611444124544227,209.7665570356516,164.155040586286,209.82763375085887,272.08892412223463,1.2608839910129115,1.2516163664332665,162.34526908266128,1.2009122771630087,134.3355657549946,0.009518632323705882,0.0019288147358907741
123.30158264321484,209.99999994847207,28.204781488337446,599.9999758479852,1.622162475651899,1219.5219819033268,1.6221949947693748,277.52604263743683,140.7596179249888,1.571989550433384,928.6272343055658,928.5712589743705,1.571314999131244,274.3691467394216,928.5712589743348,1.5213024479927446,205.39199345591453,1.5211964997452667,274.3691467394216,1.5207950185475885,115.12667324372305,254.97621875655193,115.12667324247528,1.4203132573863393,223.787569627327,1.4196553884296002,254.97621875655193,223.787569627327,260.81070102930516,1.4195128878320271,1.4114450112853074,253.15880571417154,1.361376016587824,44.109323446954704,165.9856424205217,44.1093234406974,1.2612142212440702,210.0002927150839,165.9856424205217,210.0002927150839,270.25630959936086,1.2609657775264391,1.2516153906587273,164.08638112526543,1.2009151750954228,152.75259262449612,0.009769504271129053,0.0018899075626313496,123.15632981040893,207.38802316815546,28.213370327195772,600.0060283006889,1.6221606318487063,1219.518303585685,1.6221915435840062,277.10493725626964,136.2695603936131,1.5719907564898905,925.3988208223266,925.327729347852,1.571316667258241,274.66299733418793,924.9226280511199,1.5212825612545748,199.47077314376008,1.5211747968160239,273.81514756020135,1.5207952247108756,114.51948187716545,254.02005579822492,114.58783926032868,1.420239870629235,223.6898444112229,1.419610394123229,254.2531832249761,223.85453782380702,261.51370798163214,1.4194597986430626,1.4114416227390383,251.98158597993188,1.3613794827843475,41.61855471701063,164.5805223030216,41.68974512945464,1.2611448203414166,209.7889054990474,164.1569357097933,209.84086691527094,272.1193391146857,1.2608840828681913,1.2516162983368606,162.34755782978638,1.2009117562108345,134.34754460524326,0.009512190615941336,0.0019371013013690604
123.30158258618549,209.99999995339107,28.20470033568941,599.9999742099712,1.6221624761996996,1219.5204876055477,1.6221949952701835,277.526038116715,140.75951599743433,1.5719895505539383,928.6272124015256,928.5712329203686,1.571314999281344,274.36914225777076,928.571232920336,1.521302441181803,205.39194926065338,1.5211964929384894,274.36914225777076,1.5207950117519733,115.13248851826192,254.97411393569246,115.13248851702359,1.420313277319467,223.79407159673073,1.4196554074095724,254.97411393569246,223.79407159673073,260.81989962037403,1.4195129068747172,1.4114450094902942,253.15657730638995,1.3613759780924102,44.120962873663345,165.99328227296814,44.12096286755939,1.2612149798174874,210.00030932044456,165.99328227296814,210.00030932044456,270.2617916221611,1.260966512742785,1.251615367213752,164.09375032728394,1.2009151678310699,152.73098880420224,0.009763172076291196,0.0018947410488178993,123.15638898832422,207.3461905867272,28.20561868408944,600.0049187065108,1.6221608210373974,1219.513897053612,1.622191756993213,277.09498390134826,136.26390817088696,1.571990616786713,925.3907770924623,925.3217102091972,1.5713166226729063,274.6561373345167,924.9288279436073,1.5212828651774966,199.44041512890664,1.521175377603644,273.81713633426193,1.5207952643504623,114.52276673238768,254.01266000754032,114.59054908296534,1.4202398004129893,223.69684908189276,1.4196107642834128,254.24434416422787,223.8598209395616,261.5329888222249,1.4194594161393086,1.411441667116059,251.96538041842516,1.3613797467607647,41.632050933071305,164.5863002601153,41.69921547589114,1.2611451950362917,209.80844925506358,164.1594632979748,209.85320564561584,272.1456974885258,1.2608842126101774,1.2516162261034338,162.35043889711125,1.2009113556586595,134.3605276349026,0.009505571482367756,0.0019450569933584867
123.30158254246432,209.99999995784378,28.204626968470883,599.9999727291014,1.622162476695138,1219.5191366630243,1.6221949957231385,277.52603404646186,140.7594238449293,1.571989550650193,928.6271925952628,928.5712093618445,1.5713149994042253,274.369138222673,928.5712093618156,1.5213024356988547,205.39190934936155,1.5211964874593402,274.369138222673,1.5207950062829387,115.13826235029872,254.97190936077365,115.1382623490718,1.420313293407653,223.80057462483558,1.41965542298975,254.97190936077365,223.80057462483558,260.8291948414063,1.4195129225985628,1.4114450080684797,253.15424501329232,1.3613759417976425,44.132445762278785,166.00064785634743,44.13244575633453,1.2612156919176107,210.00032422278343,166.00064785634743,210.00032422278343,270.26629552294025,1.2609672024358698,1.2516153452985224,164.10088041131462,1.200915159571319,152.70944953188183,0.00975710661307125,0.0018993317601104,123.15683250957824,207.31205393741135,28.199257496226323,600.0040139556273,1.6221609703682258,1219.510093261744,1.6221919253358494,277.08701942641824,136.26066291091212,1.5719904895853116,925.3856361306357,925.3181210175644,1.5713165780373213,274.6503915810267,924.9357450065294,1.5212831917221097,199.416295365076,1.5211759676586916,273.8189719114411,1.5207954575308813,114.52613264817977,254.0060060572497,114.59339410409639,1.4202397732936258,223.70366771086526,1.419611110879856,254.23636063829466,223.86570902543994,261.5519520880822,1.4194591173573945,1.411441716367951,251.95118138016068,1.361380060412314,41.645629561703466,164.59231384624997,41.709391422091464,1.261145531208688,209.8250495549252,164.16276235682798,209.86436005606018,272.167917243141,1.2608843743880112,1.251616154510466,162.3538730120418,1.2009110564417356,134.3738434104022,0.009498830061246116,0.001952705732167311
123.30158250925464,209.99999996187313,28.20456063977608,599.9999713903007,1.6221624771432013,1219.5179153229828,1.6221949961327935,277.52603038020857,140.75934053035482,1.571989550726949,928.627174686223,928.5711880601718,1.5713149995049844,274.3691345880644,928.5711880601459,1.5213024312871903,205.3918733024936,1.5211964830511382,274.3691345880644,1.5207950018838998,115.14400014667274,254.96962563714624,115.14400014545433,1.420313306396357,223.80707544139761,1.4196554358285132,254.96962563714624,223.80707544139761,260.83856339579233,1.419512935645996,1.4114450069454492,253.15183030932013,1.3613759075770848,44.14377390921338,166.00775514057364,44.14377390343243,1.2612163606191524,210.00033755140637,166.00775514057364,210.00033755140637,270.26989160461994,1.2609678496239174,1.2516153248204058,164.10778487130233,1.2009151504699909,152.6879674037143,0.009751302980426702,0.0019036895731895005,123.15747195982958,207.28448673982652,28.194184669626196,600.0032809081378,1.6221610887469675,1219.5068391348618,1.6221920583625022,277.0809309286957,136.25972481640002,1.5719903757469194,925.3830455562121,925.3167985519802,1.5713165336202168,274.6458129962771,924.9429609600398,1.521283511041733,199.39810774145624,1.52117650664088,273.8203851526722,1.5207957276221091,114.52973735611985,254.00027652844912,114.59652708046228,1.420239770663698,223.71039867270702,1.4196114252725203,254.2292096151575,223.8721538979809,261.5703137074769,1.419458890773483,1.4114417643264394,251.9388405459067,1.3613803840158603,41.65922177143355,164.59842203719228,41.72024148460159,1.261145845928838,209.83872126457243,164.1666936280759,209.8741071575013,272.18573067064426,1.2608845579067394,1.2516160804364398,162.35787508822136,1.2009108129359916,134.38822575515758,0.009492105692425276,0.001960045985658451
123.30158248432672,209.99999996551787,28.20450067435553,599.9999701799417,1.6221624775484051,1219.5168111520215,1.622194996503274,277.52602707658315,140.7592652063694,1.5719895507880617,928.6271584929575,928.5711687994628,1.5713149995877425,274.36913131293267,928.5711687994392,1.5213024277397307,205.3918407424285,1.5211964795068313,274.36913131293267,1.5207949983478928,115.14970627623757,254.9672793850682,115.1497062750285,1.420313316886901,223.813571416457,1.4196554464569489,254.9672793850682,223.813571416457,260.8479864886141,1.4195129465352387,1.4114450060613917,253.149350516327,1.3613758753052296,44.1549492546203,166.01461912021261,44.15494924900497,1.2612169888009408,210.0003494290521,166.01461912021261,210.0003494290521,270.27264592621714,1.2609684571327344,1.251615305688657,164.11447637492896,1.2009151406655216,152.66653590694904,0.009745756114390446,0.0019078240209220495,123.15801027533678,207.2624130284066,28.19022499124787,600.0026713749139,1.6221611866299204,1219.504053214986,1.6221921669522101,277.0762660946944,136.26034577730638,1.5719902768217564,925.3823727957183,925.3171596418572,1.5713164905074413,274.6420529703188,924.9498638298334,1.521283809932076,199.38435927715602,1.5211769566891526,273.82115844874863,1.520796011422994,114.53361743588748,253.99557045882037,114.59997727580635,1.4202397694194309,223.71716911821832,1.4196116907049678,254.22279163837067,223.87909097796216,261.58775357183237,1.4194587028472774,1.4114418084122895,251.92798796030692,1.3613806805635513,41.67278342369331,164.60435085741926,41.731678620930964,1.2611461238923953,209.84940987555794,164.17104948570065,209.88195637391348,272.199113653208,1.2608847134500518,1.2516160054680785,162.36223384903653,1.2009106005180141,134.40346670301858,0.009485501529379003,0.0019670276929093177
123.30158246590462,209.99999996881547,28.204446461742105,599.9999690856996,1.6221624779148356,1219.5158129095353,1.6221949968383123,277.52602409869644,140.75919710681788,1.5719895508366264,928.6271438513099,928.5711513844218,1.571314999655831,274.3691283607116,928.571151384401,1.5213024248893863,205.39181132914203,1.5211964766593562,274.3691283607116,1.5207949955079325,115.15538426967328,254.96488400871488,115.15538426847138,1.42031332536442,223.82006043613632,1.419655455303544,254.96488400871488,223.82006043613632,260.8574489608409,1.419512955684405,1.4114450053683236,253.14681960474712,1.3613758448599231,44.16597383760838,166.02125383373095,44.16597383216115,1.2612175791529063,210.0003599709341,166.02125383373095,210.0003599709341,270.27462042081333,1.260969027602603,1.2516152878156586,164.12096677876752,1.2009151302824197,152.64514933698635,0.009740460715902401,0.001911744323585101,123.15819375818525,207.24483008406773,28.18707746281241,600.0021309654397,1.6221612774410479,1219.5016199766844,1.6221922636471362,277.07250149797716,136.26148494487384,1.5719901919833168,925.3826857335365,925.318319721358,1.5713164507396038,274.63871545439594,924.9561021272568,1.5212840868235713,199.3727845311484,1.5211773056921751,273.8212016224152,1.5207962696357746,114.53763271415066,253.9915063543759,114.60360129778608,1.4202397300270708,223.72400180070036,1.4196118768061552,254.21677986264632,223.88639980673076,261.60422804277636,1.4194585250012068,1.4114418487769376,251.91808175253203,1.361380940224608,41.68615987916321,164.60973273571818,41.74344787683422,1.2611463320053458,209.8571550303889,164.17553753777665,209.88765250665705,272.2089175501482,1.2608847921968511,1.2516159310882473,162.3665250013354,1.2009104006098625,134.41859178402447,0.009479086106789667,0.0019735600499672977
123.30158245256762,209.99999997179867,28.204397450034616,599.9999680964347,1.622162478246194,1219.514910433289,1.6221949971412903,277.5260214135941,140.75913553896606,1.5719895508751411,928.627130612788,928.5711356383918,1.5713149997119609,274.36912569874295,928.5711356383727,1.5213024226013547,205.3917847562885,1.5211964743739328,274.36912569874295,1.5207949932293143,115.1610369808296,254.96245031692462,115.16103697963675,1.4203133322202255,223.82654080250467,1.419655462713926,254.96245031692462,223.82654080250467,260.8669385896561,1.4195129634307564,1.4114450048276828,253.1442488403082,1.361375816123437,44.17684976117078,166.02767239461872,44.1768497558912,1.2612181341841433,210.0003692848096,166.02767239461872,210.0003692848096,270.2758730453726,1.2609695634962197,1.2516152711174922,164.12726715437947,1.2009151194324377,152.62380272011814,0.009735411214823655,0.00191545941146595,123.15800824011747,207.23083621735657,28.184578972568442,600.0016638863889,1.622161360707969,1219.4995081745,1.6221923500293114,277.0695089596445,136.26274978310096,1.571990129381369,925.3834317981327,925.3198651025425,1.5713164210612,274.6356819820565,924.9617025687874,1.5212843539987015,199.36302434814866,1.521177586966936,273.8205522765428,1.5207965052880514,114.54174544068013,253.98774020050456,114.60738948936617,1.4202396459542161,223.73091478895103,1.4196119840211752,254.2109611371176,223.89387995447245,261.61966701737526,1.419458362056206,1.411441887615521,251.90904860568907,1.3613811886730003,41.699322432340836,164.6146572313069,41.75545418462663,1.2611464947938855,209.862130165034,164.18008815516546,209.89151021813234,272.2159358379947,1.2608848159839476,1.251615865109396,162.3707982572623,1.2009102297063938,134.43364407687784,0.009472819109324963,0.0019796926844879155
123.30158244319303,209.9999999744981,28.204353140280006,599.9999672020746,1.6221624785458273,1219.514094535959,1.6221949974152658,277.5260189918291,140.75907987646872,1.5719895509056014,928.6271186430799,928.5711214015838,1.5713149997583173,274.36912329783877,928.571121401566,1.5213024207668278,205.39176074780815,1.5211964725417761,274.36912329783877,1.5207949914033172,115.16666671707915,254.95998702399396,115.1666667158924,1.4203133377699388,223.83301115300895,1.4196554689668783,254.95998702399396,223.83301115300895,260.87644552312054,1.41951297004633,1.4114450044085007,253.14164730585793,1.3613757889834637,44.18757916491134,166.03388703189512,44.1875791598004,1.261218656232093,210.00037747088192,166.03388703189512,210.00037747088192,270.27645795196577,1.2609700671077233,1.2516152555143725,164.13338782274772,1.2009151082155403,152.60249174190383,0.00973060176036585,0.0019189779408892995,123.15742710672711,207.22079639781379,28.182694239290743,600.0012463789415,1.6221614388509427,1219.497669753109,1.6221924289439167,277.06705354357666,136.26357255630185,1.5719900902035817,925.3843051216278,925.321410483727,1.5713164036788843,274.63287212493776,924.9664814786445,1.5212846101370372,199.35462453485823,1.5211778222940524,273.81936534888655,1.5207967193320535,114.54590030700042,253.98381303188216,114.61132458493799,1.4202395052672154,223.7379084175777,1.4196120014321614,254.20512880175949,223.90152907893568,261.6342067599659,1.4194582080183324,1.4114419221450547,251.9007241888111,1.3613814392427077,41.71216829900781,164.61913670588035,41.767531484521264,1.2611466026437457,209.86435014543338,164.18459361452608,209.8937054219648,272.22069187360756,1.2608848033230735,1.2516158123551648,162.37499644785126,1.2009101002268645,134.44851514208605,0.009466785641809963,0.0019853843255987747
123.30158243688246,209.99999997693962,28.204313081392833,599.9999663935157,1.6221624788167686,1219.513356911608,1.6221949976630108,277.52601680702895,140.75902955301783,1.5719895509296227,928.6271078206903,928.5711085294774,1.571314999796686,274.36912113184997,928.5711085294613,1.5213024192980142,205.39173905475587,1.521196471075115,274.36912113184997,1.5207949899422322,115.1722753445527,254.957501153905,115.17227534337466,1.4203133422681078,223.83947039550162,1.419655474287248,254.957501153905,223.83947039550162,260.8859618235484,1.419512975750535,1.4114450040859223,253.13902232256305,1.3613757633335397,44.19816420390636,166.03990913483472,44.19816419896205,1.2612191474721208,210.00038462205328,166.03990913483472,210.00038462205328,270.27642567184773,1.2609705405721097,1.251615240930919,164.13933839262887,1.2009150967209627,152.58121268107615,0.0097260262303413,0.0019223083053531503,123.15653763761145,207.21396553191354,28.18126679841529,600.0008472386617,1.6221615153211313,1219.4960683521876,1.6221925040085934,277.06517194756816,136.26386899121073,1.5719900717259572,925.3854106367976,925.3228865690509,1.5713163933381977,274.63048730212125,924.9704563895161,1.5212848503679393,199.3478823613436,1.5211780151480372,273.81785670777936,1.5207969072385885,114.55016900928344,253.97964025818436,114.61549086408249,1.4202393305608256,223.74503856601106,1.4196119402973453,254.19946145941026,223.90936056441518,261.64785937667733,1.4194580666901948,1.4114419502337283,251.89316749250165,1.3613816955217823,41.72469747916412,164.6233157155846,41.7796087844159,1.2611466665099607,209.8641767094647,164.18908343255848,209.89467914104623,272.22315912737633,1.2608847799196399,1.251615773783357,162.37925230452765,1.200910019722455,134.46306088881653,0.009461297875384482,0.0019904973453782147
123.30158243292287,209.99999997914713,28.204276865563216,599.9999656625278,1.6221624790617604,1219.5126900511295,1.6221949978870318,277.52601483556316,140.75898405659285,1.571989550948503,928.6270980357515,928.5710968913584,1.5713149998285183,274.36911917734585,928.5710968913445,1.5213024181240842,205.39171945262058,1.5211964699031388,274.36911917734585,1.5207949887753025,115.17786437313956,254.95499836655273,115.17786437196787,1.4203133459200492,223.8459176558731,1.419655478856411,254.95499836655273,223.8459176558731,260.89548109848215,1.4195129807203637,1.411445003840066,253.13637978991466,1.361375739073409,44.208607032520995,166.0457493008131,44.20860702774314,1.2612196099272361,210.00039082411035,166.0457493008131,210.00039082411035,270.275823306715,1.2609709858747822,1.2516152272962415,164.14512780156144,1.2009150850280212,152.55996234878208,0.009721678253335003,0.0019254586431092506,123.15537850193735,207.21024385289562,28.180223189999722,600.0004195206488,1.6221615958315687,1219.494635443379,1.6221925813397935,277.06384257435235,136.2633973566176,1.5719900726719247,925.3865756882943,925.3240641812394,1.5713163891171527,274.6287742824472,924.9731597630516,1.521285059058025,199.34254918163836,1.521178151031147,273.8161032998366,1.5207970563723092,114.55458315237226,253.9753073072635,114.61992812549066,1.4202391259920293,223.75228080791317,1.4196118086807628,254.1942273284003,223.9173185314803,261.66048015703615,1.4194579397604088,1.4114419693078144,251.88640632661668,1.3613819470491118,41.737004423172614,164.62736076488122,41.79172559295873,1.2611467025471184,209.86175356121623,164.1936411137729,209.8946469315092,272.22332312860436,1.2608847630384747,1.2516157507729804,162.38364486960094,1.2009099951103628,134.47748779774693,0.009456522657992857,0.0019950584722147947
123.30158243075404,209.99999998114345,28.204244124105344,599.9999650016678,1.622162479283284,1219.5120871657998,1.6221949980895962,277.52601305624944,140.75894292425562,1.571989550963279,928.6270891888811,928.5710863690166,1.5713149998549887,274.36911741334166,928.5710863690035,1.5213024171878535,205.39170173896713,1.521196468968681,274.36911741334166,1.5207949878454112,115.18343502514765,254.95248322124942,115.18343502398295,1.4203133488911877,223.85235223577297,1.419655482820498,254.95248322124942,223.85235223577297,260.9049982027999,1.419512985098414,1.4114450036548787,253.13372446029268,1.3613757161086613,44.21890979214514,166.05141738301077,44.21890978753139,1.2612200454774212,210.00039615648961,166.05141738301077,210.00039615648961,270.2746947221248,1.2609714048607104,1.251615214543711,164.15076435691566,1.20091507320685,152.538738032914,0.009717551239309547,0.0019284368422588995,123.1540568618292,207.20859454417575,28.1794159828372,599.9999106908533,1.6221616866288027,1219.4933058358783,1.6221926679143963,277.0629662169729,136.2617902506528,1.5719900930373176,925.3873794287073,925.3246339935886,1.5713163937183539,274.62795111034063,924.9737132950634,1.5212852412647866,199.33790336989347,1.5211782263699511,273.81409642069,1.5207971625580579,114.55913220131923,253.97110103244717,114.62460505695708,1.4202388922677964,223.75951401541627,1.419611616034092,254.18978445193417,223.92532903190244,261.67191509981865,1.4194578203198283,1.4114419811508185,251.8802030432963,1.361382199255262,41.74909160032381,164.6313336622445,41.80389919518333,1.2611467162490866,209.857333421671,164.19826060346173,209.89373019853176,272.2211042884604,1.2608847497381628,1.2516157438952549,162.3882166469546,1.2009100368286514,134.491448268312,0.009452776748856334,0.001998985296320846
123.30158242993704,209.9999999829504,28.204214523703975,599.9999644042059,1.6221624794835812,1219.5115421181722,1.622194998272753,277.52601145008214,140.7589057374543,1.5719895509747794,928.6270811902132,928.5710768555493,1.5713149998770495,274.3691158209924,928.5710768555382,1.5213024164431705,205.39168573111036,1.521196468225606,274.3691158209924,1.5207949871064685,115.1889882907418,254.94995938910043,115.18898828958599,1.4203133513149335,223.8587735786432,1.4196554862973747,254.94995938910043,223.8587735786432,260.9145089980401,1.4195129889997067,1.4114450035175774,253.13106016033714,1.3613756943510804,44.22907460198536,166.05692253882478,44.22907459753351,1.261220455869265,210.00040069224644,166.05692253882478,210.00040069224644,270.2730807393122,1.2609717992438947,1.2516152026111174,164.1562557773704,1.200915061319297,152.51753744725949,0.009713638415204898,0.0019312505441841997,123.15266218865894,207.20790122833563,28.178658373918825,599.9992834422,1.6221617946346079,1219.4920048553495,1.622192772372406,277.0621890665498,136.25875567384261,1.5719901294883285,925.3873753355848,925.3242052776305,1.5713164085051206,274.6278445688731,924.9715509301909,1.5212853824884183,199.3329746542935,1.5211782198784245,273.8117894149258,1.520797216017174,114.5637886482053,253.96730347127718,114.62944293901207,1.420238618500791,223.76664985217494,1.419611368588633,254.18618287230774,223.93331410216447,261.6821377404636,1.4194576899999203,1.4114419854770774,251.87429555571637,1.3613824325271622,41.76098679013619,164.63517209464115,41.81619502728828,1.2611466930309543,209.850891514262,164.20286798373513,209.8915473829828,272.2166039018207,1.260884713354136,1.2516157462782251,162.39290226511872,1.2009101270352518,134.50468977018656,0.009450122212331177,0.002002314469718757
123.30158243011823,209.99999998458384,28.20418776302011,599.9999638640629,1.6221624796646856,1219.5110493595957,1.622194998438362,277.5260099999707,140.7588721177695,1.5719895509836823,928.6270739584761,928.5710682542882,1.571314999895489,274.3691143833459,928.5710682542779,1.5213024158528397,205.39167126412252,1.5211964676367336,274.3691143833459,1.5207949865213344,115.1945249727251,254.9474298249496,115.19452497157573,1.4203133532988095,223.86518124210423,1.4196554893820432,254.9474298249496,223.86518124210423,260.9240101579937,1.4195129925169518,1.411445003417935,253.12838997009172,1.3613756737182574,44.23910355231493,166.06227327635457,44.239103548023614,1.2612208427247902,210.00040449867203,166.06227327635457,210.00040449867203,270.271019323297,1.260972170616033,1.2516151914403761,164.16160923282865,1.2009150494195566,152.4963586851763,0.009709932862979501,0.001933907145945451,123.1510922517951,207.20738976583064,28.177828839024397,599.9986007760491,1.6221619099678797,1219.4907003066244,1.622192884787302,277.0613880362222,136.25481922523986,1.5719901750642469,925.3867561577853,925.3232455717031,1.571316428572563,274.6278725969389,924.9681487537989,1.5212854940895928,199.3273508350809,1.521178174870506,273.8092275452588,1.5207972259423308,114.56850011092939,253.9637391616451,114.63436685647258,1.4202383274554422,223.77381580359682,1.4196111038892796,254.18303292963577,223.9411746984851,261.6916151503239,1.4194575534540461,1.4114419861461502,251.86845801413776,1.3613826489982488,41.77280049336103,164.6389166790686,41.82849641529689,1.2611466660194368,209.8439392095737,164.2073605768419,209.88930014835972,272.2112425087338,1.2608846748599638,1.251615755729328,162.39754761644596,1.2009102420690454,134.51770993665843,0.009447980743508706,0.0020053662068241227
123.30158243102531,209.99999998606066,28.204163569624384,599.9999633757392,1.622162479828435,1219.5106038737288,1.622194998588102,277.5260086905665,140.75884172306604,1.5719895509905228,928.6270674201752,928.5710604778088,1.5713149999109435,274.36911308519706,928.571060477799,1.5213024153868235,205.3916581892135,1.521196467172039,274.36911308519706,1.520794986060023,115.20004572268398,254.9448969057135,115.20004572153988,1.4203133549293927,223.8715748758686,1.4196554921510007,254.9448969057135,223.8715748758686,260.933499011829,1.4195129957248012,1.4114450033477288,253.12571636724152,1.3613756541332576,44.248998699620785,166.06747749897474,44.24899869548685,1.2612212075500062,210.0004076377987,166.06747749897474,210.0004076377987,270.2685457649734,1.260972520454921,1.2516151809773524,164.16683138263767,1.2009150375548967,152.47520017748798,0.009706427558223851,0.0019364138021261501,123.14943550499999,207.2067911652692,28.17689993720097,599.9979110197764,1.6221620254789892,1219.4894265013672,1.6221929981409702,277.0606028087726,136.25039783573882,1.5719902246490678,925.3857678547589,925.3218529753683,1.5713164514212634,274.6279307421189,924.9641846964962,1.521285592287166,199.32125403598562,1.5211781096770307,273.8065573932506,1.5207972133436078,114.57324727542071,253.96026698008907,114.6393384738348,1.4202380321965533,223.7809914586324,1.4196108355244554,254.1800245291897,223.94896000814765,261.7007527439557,1.419457410798218,1.4114419847976791,251.8626870476688,1.3613828543900113,41.78454011786994,164.64259895046268,41.8407626159157,1.2611466507804936,209.8368580667372,164.21176461984868,209.88712476578087,272.20535293522136,1.2608846342876177,1.2516157689135583,162.40216488041168,1.200910372941071,134.53020721680994,0.009446175580294671,0.0020082098016320133
123.30158243244932,209.9999999873974,28.204141697223562,599.999962934261,1.6221624799764873,1219.5102011254694,1.6221949987234892,277.52600750807244,140.7588142440146,1.571989550995726,928.6270615088463,928.5710534470559,1.5713149999239278,274.3691119128686,928.5710534470475,1.5213024150208923,205.39164637205153,1.521196466807306,274.3691119128686,1.5207949856983496,115.20555107018916,254.94236254222164,115.2055510690526,1.4203133562764507,223.8779542038719,1.4196554946659012,254.94236254222164,223.8779542038719,260.9429734173376,1.419512998683425,1.4114450033004338,253.12304134364732,1.3613756355245576,44.258762063331645,166.07254254867263,44.258762059351625,1.2612215517430938,210.00041016661373,166.07254254867263,210.00041016661373,270.26569285630023,1.2609728501324842,1.251615171171667,164.17192841257605,1.200915025766223,152.45406065430342,0.009703115407986353,0.00193877742647405,123.14773766243034,207.20602460294688,28.17588394017905,599.997252151945,1.6221621352576134,1219.4882218214275,1.6221931065753614,277.05984620209097,136.24581011742356,1.5719902755799133,925.3845674535681,925.3201744292464,1.571316475583032,274.62794292823446,924.9599893746877,1.521285684779489,199.3149262724149,1.5211780315808734,273.8038405858286,1.5207971929561395,114.57803745761517,253.95685154105257,114.64433994021526,1.420237743045884,223.78819287843544,1.41961056998728,254.17703392621286,223.95670449571114,261.7097549178643,1.4194572628445181,1.4114419832750564,251.85698265630953,1.3613830493812702,41.7962263439711,164.6462340455927,41.85299486378997,1.261146649766744,209.82980665578106,164.21608314010933,209.88496672679884,272.19912571212177,1.2608845899425871,1.251615783396017,162.40676101671602,1.2009105151568484,134.54213110457604,0.009444570846437836,0.0020108955080845032
123.30158243421522,209.9999999886037,28.204121923151646,599.9999625351397,1.6221624801103527,1219.5098370147953,1.6221949988459041,277.5260064400447,140.75878940095714,1.5719895509996527,928.6270561644044,928.5710470905473,1.5713149999348839,274.3691108540146,928.5710470905398,1.52130241473555,205.39163569123428,1.5211964665230489,274.3691108540146,1.520794985416861,115.21104144636833,254.93982826964674,115.21104144523818,1.4203133573961586,223.8843190097567,1.419655496976393,254.93982826964674,223.8843190097567,260.9524316586844,1.4195130014412767,1.411445003270845,253.12036649956505,1.3613756178256082,44.26839562358251,166.07747524611298,44.26839561975375,1.261221876602073,210.00041213755225,166.07747524611298,210.00041213755225,270.2624910571425,1.2609731609223123,1.2516151619765286,164.17690606919598,1.2009150140887712,152.43293911047186,0.009699989286865798,0.0019410046935894997,123.1460279999332,207.204919591362,28.174762099481473,599.9966493335996,1.6221622348133515,1219.4871100909572,1.622193205758103,277.05912681996637,136.24121352823823,1.5719903261676547,925.3832476076215,925.3182804815332,1.5713165001227722,274.6278506619309,924.9557840342003,1.521285779900213,199.30846147728943,1.5211779513517858,273.80110636967004,1.52079717535211,114.58285339190402,253.95347190633652,114.64934433297006,1.4202374663096051,223.79540902096272,1.4196103131425069,254.1739857431885,223.96439644991764,261.7187185210825,1.419457107801209,1.4114419835751755,251.8513052320833,1.3613832390753027,41.807844664582646,164.6498249918125,41.86516229278829,1.261146665201897,209.82295841267396,164.22031563306487,209.88290036111457,272.19265248718017,1.2608845416650123,1.251615798530475,162.41132310020149,1.2009106680823955,134.55366876949185,0.009443103640523554,0.0020134543534343907
123.30158243621145,209.9999999896969,28.20410404610591,599.999962174305,1.6221624802313808,1219.5095078350128,1.62219499895658,277.52600547533393,140.75876694104358,1.571989551002553,928.6270513324965,928.5710413436445,1.5713149999441345,274.36910989759497,928.571041343637,1.521302414514973,205.39162603734837,1.5211964663034547,274.36910989759497,1.520794985199771,115.21651720292854,254.93729531991556,115.21651720180543,1.4203133583336942,223.890669125427,1.419655499122408,254.93729531991556,223.890669125427,260.96187236384975,1.4195130040373287,1.4114450032548058,253.1176931192242,1.36137560097463,44.2779013200396,166.0822819291449,44.27790131635954,1.2612221833320016,210.0004135987935,166.0822819291449,210.0004135987935,270.258968654034,1.260973454006723,1.2516151533484785,164.18176969261492,1.200915002552592,152.4118347743671,0.0096970420707522,0.0019431020408343504,123.14432796558891,207.20339909542116,28.173540210092085,599.9961215243975,1.6221623217481742,1219.4861149441674,1.6221932932013794,277.05845326618805,136.23670343003627,1.5719903740591796,925.381834736164,925.3162395931995,1.5713165232205406,274.6276266114918,924.9516605129243,1.521285874647231,199.30192374601378,1.5211778679387589,273.79834812945506,1.520797159774619,114.58768015377801,253.9501127910556,114.65433643495264,1.4202372029209172,223.80263553631846,1.4196100655399564,254.17086511399526,223.97203152087135,261.7276984534981,1.4194569442245886,1.4114419849291533,251.8456471904839,1.3613834169869468,41.81936236160504,164.6533442906579,41.877226628907735,1.261146693619583,209.81643226493733,164.2244502415794,209.880950445295,272.1860731437969,1.260884487536579,1.2516158115127587,162.41581334963843,1.2009108235665134,134.56490785443498,0.009441728043018198,0.002015906356456124
123.30158243832943,209.99999999068416,28.204087884094164,599.9999618480888,1.6221624803408077,1219.5092102350345,1.6221949990566484,277.5260046038427,140.75874663568374,1.5719895510046662,928.6270469639933,928.571036147914,1.571314999951986,274.3691090335914,928.5710361479072,1.5213024143465201,205.39161731136858,1.5211964661358928,274.3691090335914,1.520794985034474,115.22197862753295,254.93476468115688,115.22197862641661,1.420313359125438,223.89700442139707,1.4196555011361087,254.93476468115688,223.89700442139707,260.9712944378698,1.419513006502973,1.4114450032490828,253.11502223263915,1.361375584914207,44.28728105131587,166.08696848827944,44.287281047781136,1.261222473051678,210.00041459468912,166.08696848827944,210.00041459468912,270.25515190997226,1.2609737304833455,1.2516151452471682,164.18652424678834,1.2009149911830916,152.39074707976556,0.009694266667822051,0.0019450756705783009,123.14264875310373,207.20146311512443,28.172239406657884,599.9956862225218,1.6221623933556144,1219.4852581429832,1.6221933662950465,277.0578675061764,136.2323973618464,1.571990418076543,925.380424469421,925.3141611348208,1.5713165437489771,274.62726746925733,924.9477849539522,1.5212859698426966,199.29543905921096,1.5211777822320591,273.79557665860034,1.5207971496907573,114.59253559412075,253.94678257048943,114.65932151363681,1.4202369592708273,223.8098707514658,1.4196098302952787,254.16767266677914,223.97960134338803,261.73670034586877,1.4194567752598648,1.4114419876433042,251.8400902756334,1.3613835840253372,41.83078746023251,164.65682095427002,41.8891921934067,1.2611467383880666,209.8103223635256,164.2285076525709,209.87915662184727,272.1794745061515,1.2608844323211008,1.2516158215985507,162.42025686965965,1.2009109779411624,134.57584984487787,0.009440396680572137,0.002018268197481795
123.30158244049929,209.9999999915765,28.204073272584438,599.9999615531685,1.6221624804397436,1219.508941185256,1.6221949991471232,277.5260038165037,140.75872827820672,1.5719895510061623,928.6270430144677,928.5710314505038,1.5713149999586669,274.3691082530101,928.5710314504978,1.5213024142199407,205.391609423929,1.5211964660101196,274.3691082530101,1.5207949849107494,115.2274259561926,254.93223714456963,115.2274259550832,1.4203133598006206,223.90332479944578,1.4196555030433409,254.93223714456963,223.90332479944578,260.98069700917756,1.4195130088634351,1.4114450032509154,253.11235466460158,1.3613755695910914,44.29653667494875,166.09154040025163,44.29653667155317,1.261222746800004,210.00041516597497,166.09154040025163,210.00041516597497,270.2510652054733,1.2609739913713671,1.2516151376352047,164.19117434806992,1.200914980001524,152.36967564051764,0.009691656046571451,0.0019469315528418993,123.14099936440918,207.1991394336202,28.17087315399429,599.9953496491103,1.6221624487659352,1219.484549618657,1.6221934241264468,277.0573862207472,136.2283396780191,1.571990457750234,925.3790469476577,925.3120776671028,1.5713165611400322,274.6267668810385,924.9441882482107,1.5212860641786374,199.2891002447084,1.5211776944542532,273.7927856899607,1.5207971459672975,114.59741503073327,253.9434925512655,114.66429664264824,1.4202367368298332,223.81710061289525,1.4196096075132019,254.16441719558375,223.98710223678663,261.7457171597474,1.4194566010617207,1.411441991514566,251.83465555560446,1.3613837402632045,41.8421097746416,164.6602570008847,41.90105157841364,1.2611467993438394,209.80464852969226,164.23249316390854,209.87755605562182,272.1729168688131,1.2608843782246395,1.251615828066613,162.42465614587246,1.200911130311975,134.58651256649054,0.009439102663623956,0.002020544168090332
123.30158244267321,209.99999999238645,28.20406006282974,599.9999612865369,1.6221624805291892,1219.5086979467185,1.6221949992289195,277.5260031051528,140.75871168176033,1.5719895510071695,928.6270394437403,928.5710272036276,1.5713149999643592,274.36910754778006,928.5710272036217,1.5213024141269573,205.39160229441032,1.5211964659178665,274.36910754778006,1.5207949848203492,115.23285938328246,254.92971334288114,115.23285938217792,1.4203133603827434,223.90963018644928,1.4196555048648891,254.92971334288114,223.90963018644928,260.9900793861257,1.4195130111390049,1.4114450032584025,253.10969107469106,1.361375554955926,44.30567000777177,166.09600275907167,44.305670004514454,1.2612230055418072,210.00041533951844,166.09600275907167,210.00041533951844,270.2467311710585,1.2609742376172508,1.2516151304779166,164.19572429156233,1.2009149690254195,152.34862022779555,0.00968920326082285,0.0019486754283716493,123.13937580734432,207.19648614294604,28.1694639502739,599.9951098291986,1.6221624884793049,1219.4839868476738,1.6221934670955553,277.05702363249065,136.2245414671419,1.5719904932122157,925.3777148223436,925.3100192460814,1.5713165753019442,274.62614573731935,924.9408762399293,1.521286155811436,199.28296808263124,1.5211776038139933,273.78998462425386,1.5207971470904396,114.60231963416531,253.9402485960796,114.66926504099868,1.4202365340426009,223.82432311296256,1.4196093962249938,254.16112906079775,223.99453185881555,261.75472721671684,1.4194564236281366,1.4114419961099682,251.8293674693614,1.3613838850823374,41.85331850168625,164.6636610080045,41.91279367212126,1.2611468749826287,209.79943058469098,164.2364113166231,209.87616856787218,272.1664122906955,1.2608843270695933,1.2516158309804146,162.42901987790205,1.2009112793317394,134.59696138006308,0.009437841030477807,0.002022745312542459
123.30158244479729,209.999999993114,28.204048120351302,599.9999610454917,1.6221624806100643,1219.5084780432278,1.6221949993028795,277.5260024623842,140.75869667742285,1.571989551007823,928.6270362154964,928.5710233640937,1.5713149999692462,274.36910691052225,928.5710233640883,1.5213024140609832,205.39159584969542,1.5211964658525534,274.36910691052225,1.5207949847567124,115.2382790696092,254.9271937813283,115.23827906851355,1.4203133608906788,223.9159205294057,1.419655506617449,254.9271937813283,223.9159205294057,260.99944102206587,1.4195130133459786,1.4114450032698747,253.10703198953038,1.3613755409628645,44.314682826601924,166.10036030483042,44.31468282347869,1.2612232501732643,210.0004151815,166.10036030483042,210.0004151815,270.2421708112871,1.2609744701000578,1.2516151237431394,164.20017807561328,1.200914958268971,152.32758074969593,0.00968690147172985,0.0019503128121548007,123.13781322858108,207.19334285856343,28.16800548919077,599.9949572039594,1.6221625143018872,1219.4835534543206,1.622193497419414,277.05683153972905,136.22101233932418,1.5719905243430266,925.3764794435607,925.3080142580129,1.57131658508769,274.6254701042548,924.9379082062917,1.5212862453763922,199.27713871608645,1.5211775053839014,273.7872148942728,1.5207971456987202,114.60725379397842,253.93717256525045,114.67423460989886,1.4202363544722585,223.83151850983293,1.4196092027928648,254.15786207359284,224.0018697984253,261.76369870299584,1.4194562417732144,1.4114420015857658,251.82433304271336,1.3613840156704782,41.86440376420433,164.6670185956987,41.92442526507846,1.2611469698499556,209.79482709855026,164.24029490704794,209.87501645750865,272.1599342421884,1.2608842803586418,1.2516158277781178,162.43337242469917,1.200911410611325,134.60731809434054,0.009436599348890837,0.0020248895664456232
123.30158244685964,209.9999999937749,28.20403732357428,599.9999608275673,1.622162480683179,1219.5082792361372,1.6221949993697424,277.52600188158385,140.75868311246336,1.5719895510081825,928.6270332968893,928.5710198928393,1.5713149999734317,274.36910633470626,928.5710198928355,1.5213024140165994,205.39159002407823,1.5211964658087682,274.36910633470626,1.5207949847144433,115.24368514893875,254.92467886222917,115.24368514784871,1.4203133613395742,223.9221957916102,1.4196555083144227,254.92467886222917,223.9221957916102,261.0087814869919,1.419513015497442,1.411445003284074,253.10437782853776,1.3613755275695065,44.32357686911152,166.10461745077134,44.323576866120206,1.2612234815270846,210.00041469181895,166.10461745077134,210.00041469181895,270.23740362050944,1.2609746896365415,1.2516151174011327,164.20453942474956,1.200914947743469,152.30655723295428,0.0096847439668623,0.0019518489973562503,123.13628939726236,207.18976893538024,28.166504077050845,599.99487425546,1.622162529545908,1219.483226035031,1.6221935180270477,277.05674743330053,136.21769759086695,1.5719905507662242,925.3752820191862,925.3060389085356,1.571316590615249,274.6247287532099,924.9351672627101,1.521286325573776,199.2715414191103,1.52117739403258,273.7844301927783,1.5207971339911859,114.61220931632437,253.93422069794195,114.67920300824932,1.4202361899745133,223.83867877292954,1.4196090210902426,254.1545800108846,224.00913077834008,261.77261416323546,1.4194560537825576,1.4114420058996344,251.8194528343574,1.361384127906215,41.87534302991975,164.6703206819057,41.93591425650859,1.2611470769803808,209.7907637415692,164.24412602333948,209.87408733624773,272.15346342902956,1.2608842354700887,1.2516158188520765,162.4376871902666,1.2009115242186588,134.617636186333,0.009435415633411144,0.0020269634851579387
123.30158244883162,209.9999999943725,28.204027562585086,599.9999606305485,1.6221624807492827,1219.5080995015683,1.622194999430194,277.5260013567327,140.7586708488106,1.5719895510083326,928.6270306582314,928.5710167545421,1.57131499997704,274.3691058143659,928.5710167545378,1.5213024139895408,205.39158475796168,1.5211964657822517,274.3691058143659,1.5207949846892976,115.24907773325761,254.9221689055401,115.24907773217467,1.4203133617415882,223.92845594926632,1.4196555099665749,254.9221689055401,223.92845594926632,261.0181004447797,1.419513017603904,1.4114450033000194,253.1017289252029,1.3613755147364701,44.33235383485639,166.108778307872,44.332353831991824,1.2612237003770725,210.00041391016487,166.108778307872,210.00041391016487,270.2324476910292,1.2609748969856218,1.2516151114242966,164.20881181050504,1.2009149374575718,152.28554980661596,0.009682724176515948,0.00195328905965165,123.13477840348081,207.18592096932406,28.164981018941827,599.9948494104094,1.6221625355784943,1219.4829908190104,1.6221935299781831,277.0567239045711,136.21452847252704,1.571990574823808,925.374077896975,925.3040973720987,1.5713165944692467,274.62391524295214,924.9325398641566,1.5212864014859937,199.26612093704352,1.5211772788048898,273.78163156429457,1.5207971186822726,114.61718854230266,253.93131698849135,114.68417696671101,1.4202360371559102,223.8458156135103,1.4196088458545577,254.15130988294982,224.01632082149254,261.7814527636322,1.4194558653665241,1.4114420100304026,251.814649313786,1.3613842307475579,41.88613784213907,164.67359325141274,41.947258177121135,1.261147190880036,209.7870224799586,164.24788549225664,209.8732895307917,272.14707702826746,1.2608841947059113,1.2516158082296835,162.4419684001366,1.200911633954173,134.62784435336033,0.00943431623311272,0.0020289575788418088
123.30158245070089,209.99999999491166,28.20401873801532,599.9999604524328,1.6221624808090485,1219.5079370098028,1.62219499948485,277.5260008824179,140.75865976163234,1.5719895510083284,928.6270282726722,928.5710139172651,1.5713149999801612,274.3691053441228,928.5710139172618,1.5213024139763407,205.39157999751413,1.5211964657695423,274.3691053441228,1.5207949846778281,115.25445691701509,254.91966416468796,115.25445691593781,1.4203133621064412,223.9347009890644,1.4196555115825116,254.91966416468796,223.9347009890644,261.0273976348823,1.4195130196737682,1.411445003316934,253.09908554366035,1.3613755024272178,44.34101538638511,166.11284670774523,44.34101538364469,1.2612239074425178,210.00041286334678,166.11284670774523,210.00041286334678,270.22731981366604,1.2609750928527013,1.2516151057870601,164.21299847077108,1.200914927417656,152.26455868744443,0.009680835687424,0.0019546378619242507,123.1332764899085,207.1818924128031,28.163443643813878,599.9948720435,1.6221625339668408,1219.4828319732371,1.6221935347984975,277.0567358445233,136.2114865033251,1.5719905972783865,925.3728801004984,925.3021854742528,1.5713165973968866,274.62303357749084,924.9300159919522,1.5212864750064905,199.26082533050652,1.5211771617904843,273.77882736501516,1.5207971011514914,114.62219615411226,253.92843672982374,114.68916204539518,1.4202358950549698,223.85292970078993,1.4196086755672586,254.14806529961794,224.0234446123859,261.79020718420105,1.4194556767700282,1.4114420143903905,251.80991911010753,1.3613843270188857,41.896791596136794,164.6768393315736,41.958461965497115,1.2611473087038827,209.783509162764,164.25157230468153,209.87256109972316,272.1407557456401,1.260884157170896,1.2516157968975923,162.44621928559854,1.2009117415726398,134.6379084295551,0.009433302052424389,0.0020308722403941247
123.3015824524621,209.9999999953984,28.204010760029615,599.999960291406,1.6221624808630835,1219.5077901066543,1.622194999534265,277.52600045375874,140.75864973806927,1.5719895510082087,928.6270261159361,928.5710113521517,1.571314999982866,274.36910491913784,928.5710113521477,1.5213024139741937,205.39157569415184,1.5211964657678394,274.36910491913784,1.5207949846772468,115.25982278052885,254.91716483951177,115.25982277945863,1.4203133624419553,223.94093090613666,1.4196555131691668,254.91716483951177,223.94093090613666,261.0366728575333,1.419513021713807,1.4114450033342716,253.09644789219712,1.3613754906080033,44.34956315045551,166.11682622425462,44.34956314783604,1.2612241033923004,210.00041157589868,166.11682622425462,210.00041157589868,270.222035571418,1.2609752778936911,1.25161510046577,164.2171024280268,1.2009149176280616,152.24358416693403,0.009679072254048599,0.001955900059279649,123.13178279549109,207.17767442572475,28.161888883734374,599.9949283102321,1.6221625269728195,1219.482729431697,1.6221935346802918,277.05675024270107,136.2085125441272,1.5719906185841908,925.3716465822257,925.3002898567598,1.5713165995773228,274.62209272232536,924.9275856274181,1.5212865463470338,199.25563249763562,1.5211770438425354,273.7760311737546,1.520797080580902,114.62722015361831,253.92554265194474,114.69415122100342,1.4202357610417649,223.86002939995268,1.4196085076363334,254.1448152723543,224.0305054970938,261.7988917833741,1.4194554875419123,1.4114420188921775,251.80521334539335,1.36138441855059,41.90729966199316,164.68003672179347,41.96951450982923,1.2611474274106724,209.78019405810508,164.2551773785526,209.87187478881842,272.13448993401624,1.2608841206589818,1.2516157852827756,162.45042443588773,1.2009118474589768,134.64782544397224,0.009432380589032126,0.002032705130806522
123.30158245411353,209.99999999584037,28.204003547411425,599.9999601458239,1.6221624809119333,1219.5076572966323,1.6221949995789384,277.52600006635,140.75864067609012,1.5719895510080042,928.6270241660826,928.5710090330845,1.5713149999852143,274.3691045350591,928.5710090330817,1.5213024139808682,205.3915718039855,1.5211964657749157,274.3691045350591,1.5207949846853372,115.26517539276264,254.91467108718763,115.26517539169745,1.4203133627543632,223.94714570222808,1.4196555147320662,254.91467108718763,223.94714570222808,261.0459259616878,1.419513023729417,1.411445003351585,253.0938161346043,1.3613754792474426,44.357998719210386,166.12072019271886,44.35799871670818,1.261224288848545,210.0004100704679,166.12072019271886,210.0004100704679,270.21660942632417,1.2609754527186028,1.2516150954385081,164.22112650564145,1.2009149080914296,152.22262659974598,0.009677427807660649,0.001957080104340901,123.13029810300523,207.1732430135517,28.160310773278756,599.9950057288316,1.6221625166999167,1219.4826631148078,1.6221935315162304,277.0567627094159,136.2055637190612,1.5719906389801432,925.3703624580752,925.2983750367994,1.5713166013295372,274.6211160922063,924.9252354123155,1.5212866169526211,199.2504407698579,1.5211769262902604,273.77324682043485,1.5207970568362157,114.63225381015974,253.92259999744383,114.69914390826087,1.4202356337023552,223.8671066804217,1.419608341433416,254.14156105745084,224.03751117158578,261.8075242980382,1.4194552971021177,1.411442023678252,251.8004966252814,1.3613845089670888,41.91765802711106,164.68318844942615,41.98041025421384,1.2611475465098814,209.77706230004165,164.25870020931083,209.87126776292797,272.12829406409264,1.2608840872803142,1.2516157738987552,162.45458037115398,1.2009119518169642,134.65765481551182,0.009431572412024906,0.0020344535963165945
123.30158245565394,209.99999999623972,28.203997026734825,599.999960014209,1.622162480956098,1219.5075372277151,1.6221949996193272,277.5259997162086,140.75863248345095,1.571989551007742,928.6270224032663,928.5710069364786,1.5713149999872602,274.36910418792615,928.5710069364759,1.521302413994555,205.39156828729188,1.5211964657889663,274.36910418792615,1.5207949847003057,115.27051481354816,254.91218303037152,115.27051481249026,1.4203133630486224,223.9533453845012,1.4196555162756053,254.91218303037152,223.9533453845012,261.05515683555416,1.4195130257248931,1.411445003368525,253.09119039868327,1.3613754683163979,44.366323651404926,166.12453172804766,44.366323649017644,1.2612244643900279,210.000408367916,166.12453172804766,210.000408367916,270.2110548003661,1.26097561789489,1.2516150906849215,164.2250733430763,1.200914898808798,152.20168639344917,0.009675896463400897,0.0019581822527728996,123.12882640461189,207.1685779703579,28.1587064149551,599.9950944639764,1.6221625044846932,1219.482619292477,1.6221935266876693,277.05675744178996,136.20261637247356,1.571990658795458,925.3690176812917,925.2964355875872,1.571316602863271,274.6201133489825,924.922940299947,1.5212866871346746,199.2452545675461,1.521176810784362,273.77048788387043,1.5207970311626553,114.63729097835042,253.91960709126508,114.70413513233115,1.4202355115379646,223.8741665613075,1.419608176251594,254.13829134828006,224.04447100486814,261.8161100774132,1.419455105295962,1.4114420287568736,251.79574788169896,1.3613845985229398,41.927881507233685,164.6862894688819,41.99116031045822,1.2611476650531632,209.77411388857368,164.26215290637165,209.87072515611158,272.12214642982434,1.2608840551165788,1.251615763045566,162.45869131692965,1.2009120556541806,134.66739654417387,0.009430881940763351,0.0020361232299457893
123.30158245708299,209.99999999660005,28.203991131618423,599.9999598952218,1.6221624809960282,1219.507428677587,1.6221949996558436,277.52599939973584,140.75862507675365,1.5719895510074462,928.6270208095455,928.5710050409893,1.5713149999890499,274.3691038741649,928.5710050409871,1.521302414013821,205.39156510815224,1.5211964658085617,274.3691038741649,1.5207949847207303,115.27584109536754,254.90970076409053,115.27584109431506,1.4203133633287308,223.95952996440428,1.419655517803337,254.90970076409053,223.95952996440428,261.0643653987779,1.4195130277037071,1.4114450033848773,253.0885707834069,1.3613754577879318,44.37453947363336,166.12826374169356,44.374539471356066,1.2612246305554857,210.00040648735893,166.12826374169356,210.00040648735893,270.20538415032104,1.2609757739507015,1.2516150861861919,164.22894541016933,1.2009148897799127,152.18076399942797,0.009674472525525302,0.0019592105689984003,123.12737701535328,207.1636300441983,28.157069672898146,599.995186201067,1.6221624917303994,1219.4825848722749,1.6221935215649685,277.056726187209,136.19964019555812,1.5719906776370232,925.3676033214261,925.2944543938806,1.5713166036454316,274.61909215249796,924.9206777482851,1.5212867549872917,199.24005841939567,1.521176695939981,273.7677623720801,1.5207970020464205,114.64232492752929,253.91657251807013,114.70912167420249,1.4202353941526904,223.88120770418064,1.4196080113577731,254.1350187077614,224.05138031243774,261.82465615994624,1.4194549101512453,1.4114420337584004,251.79096374375442,1.361384685666553,41.93798306613632,164.68934406891205,42.00177702501495,1.2611477814381395,209.77132900244766,164.26554001076585,209.87023705774254,272.1160277369492,1.2608840223773492,1.2516157522500757,162.4627552847289,1.2009121572837804,134.6770298333433,0.009430309149405569,0.002037720182341184
123.30158245840639,209.9999999969258,28.20398580204924,599.9999597876492,1.6221624810321276,1219.5073305411956,1.622194999688857,277.525999113691,140.75861838060462,1.5719895510071276,928.627019368706,928.5710033273341,1.5713149999906169,274.36910359057697,928.5710033273318,1.5213024140374922,205.39156223420315,1.521196465832531,274.36910359057697,1.5207949847454503,115.28115428480689,254.90722436128726,115.28115428376194,1.4203133635978145,223.96569945679926,1.4196555193180365,254.90722436128726,223.96569945679926,261.0735515962257,1.4195130296685714,1.4114450034004329,253.08595736474064,1.3613754476369433,44.38264768148325,166.1319189567175,44.38264767931378,1.261224787846463,210.00040444647658,166.1319189567175,210.00040444647658,270.19960903721415,1.2609759213776728,1.2516150819248537,164.2327450198846,1.2009148810033987,152.15985990482952,0.009673150491018946,0.001960168932058851,123.12594492545878,207.158399235073,28.155390661547212,599.9952735537369,1.6221624794762741,1219.4825474537029,1.6221935171707444,277.0566417296054,136.1966181858139,1.5719906958771142,925.3661052386009,925.292405574093,1.5713166042833948,274.6180599885094,924.9184101872838,1.5212868216938762,199.23476612813823,1.52117658274012,273.76507759673325,1.5207969703420758,114.64734892703534,253.91351219089032,114.71409621793904,1.4202352788034893,223.88822475532317,1.4196078467257718,254.1317418796029,224.0582484633009,261.8331529733493,1.4194547120546726,1.4114420388948432,251.78610965980857,1.361384772749557,41.94797813688479,164.69235098811913,42.012275213627106,1.2611478959918268,209.7686729544698,164.2688706045549,209.86981090079087,272.1099572797294,1.260883989829951,1.2516157419854168,162.46677426303754,1.2009122583360037,134.68651606073513,0.00942985286333454,0.0020392541258589226
123.30158245962667,209.99999999722093,28.203980983771643,599.999959690396,1.6221624810647648,1219.5072418195,1.622194999718704,277.52599885513916,140.7586123268389,1.571989551006801,928.6270180660808,928.5710017780552,1.5713149999919938,274.3691033342449,928.5710017780532,1.5213024140646594,205.39155963608746,1.5211964658599681,274.3691033342449,1.5207949847735662,115.28645442371723,254.9047538772092,115.28645442267808,1.4203133638584347,223.971853879271,1.419655520821988,254.9047538772092,223.971853879271,261.08271539291036,1.4195130316217202,1.411445003415119,253.08335020018257,1.3613754378402854,44.390649740710124,166.1354999223917,44.39064973864491,1.2612249367301438,210.00040226139936,166.1354999223917,210.00040226139936,270.1937401908184,1.260976060633709,1.2516150778847572,164.23647434047155,1.2009148724769023,152.13897462548073,0.009671925051761997,0.0019610610415814987,123.12453154392641,207.15284891974085,28.15366341547774,599.9953524338099,1.622162468419774,1219.48249824516,1.6221935141729955,277.05648668581335,136.19351485976048,1.5719907134421092,925.3644962693668,925.2902644989726,1.5713166048732925,274.6170058024692,924.9161008817869,1.521286887329169,199.22930807290322,1.5211764717597431,273.76242276441326,1.5207969360252054,114.65235127137109,253.91041312804214,114.71904998441781,1.4202351641047006,223.8952133648393,1.4196076823555897,254.12844788212118,224.06507110756186,261.84162247757735,1.4194545105421974,1.4114420441070041,251.78117804535526,1.3613848591658622,41.957874127350685,164.69531148790057,42.02265858023044,1.2611480084199103,209.7661655658937,164.27213913759013,209.86946402885346,272.1039808820374,1.260883956259452,1.251615731997713,162.4707415407161,1.2009123579051617,134.69584185709687,0.009429499777099172,0.002040737099710387
123.30158246075047,209.99999999748772,28.203976627734832,599.9999596024726,1.6221624810942703,1219.5071616093037,1.6221949997456875,277.52599862143535,140.75860685383103,1.5719895510064716,928.6270168884153,928.5710003774077,1.5713149999932055,274.36910310254933,928.5710003774061,1.5213024140945635,205.39155728735648,1.5211964658901165,274.36910310254933,1.5207949848043283,115.29174155015824,254.90228935291378,115.29174154912519,1.4203133641125674,223.97799325158945,1.4196555223169511,254.90228935291378,223.97799325158945,261.09185677003967,1.419513033564875,1.4114450034288408,253.08074933243734,1.3613754283763677,44.39854708832719,166.13900902683147,44.39854708636314,1.2612250776417526,210.00039994706944,166.13900902683147,210.00039994706944,270.18778756929714,1.260976192145343,1.251615074050899,164.24013540616232,1.2009148641972387,152.1181086996261,0.009670791095418052,0.0019618904238152992,123.12313413103784,207.14699804125763,28.151894922758494,599.9954192468513,1.622162459447309,1219.4824286992568,1.6221935134362722,277.0562528032188,136.19033465283297,1.5719907297597047,925.3627898093974,925.288058302441,1.5713166049519456,274.61593002959563,924.9137748784916,1.5212869496011048,199.22367651803833,1.5211763609833857,273.759794045198,1.5207968964710752,114.65733137526169,253.9072765858176,114.72398297363877,1.4202350489534512,223.90217587498063,1.4196075183519548,254.1251291775645,224.07185359893847,261.85008297259304,1.4194543049693098,1.4114420487574741,251.77617058584028,1.36138494263657,41.9676784454056,164.69822783877177,42.03293144608337,1.2611481169892056,209.76383656859966,164.27533955516384,209.8691914866169,272.09812989704915,1.2608839197795096,1.251615721554187,162.47464916382143,1.2009124519382972,134.70497899845094,0.009429225608990628,0.002042179804794689
123.30158246178289,209.99999999772865,28.203972689593698,599.9999595229847,1.6221624811209467,1219.5070890940578,1.6221949997700835,277.52599841018707,140.75860190586877,1.5719895510061477,928.6270158237203,928.5709991111062,1.5713149999942742,274.3691028931106,928.5709991111048,1.5213024141266056,205.3915551640078,1.52119646592238,274.3691028931106,1.5207949848371476,115.2970156991343,254.8998308180943,115.2970156981073,1.4203133643617845,223.98411759526715,1.4196555238043294,254.8998308180943,223.98411759526715,261.1009757217928,1.4195130354994085,1.411445003441552,253.07815479234495,1.3613754192251455,44.40634113369813,166.1424485092822,44.40634113183249,1.26122521098692,210.00039751723227,166.1424485092822,210.00039751723227,270.18176041456934,1.260976316310055,1.2516150704093445,164.2437301274224,1.2009148561605016,152.09726268245498,0.009669743705204802,0.0019626604377021998,123.12175730517535,207.14088069712363,28.150086546915087,599.9954716426535,1.6221624531118428,1219.4823341352803,1.6221935154169032,277.05592761510684,136.18707312959629,1.5719907443923387,925.3609709746111,925.2857648599158,1.571316604327091,274.61481865585586,924.9114455356367,1.5212870075629603,199.21776426950476,1.521176250188481,273.7571722894774,1.5207968512035706,114.66227226573582,253.90408183539958,114.72888055373024,1.4202349304370252,223.90910860506608,1.4196073535104978,254.1217627339139,224.07859593743078,261.8585519137453,1.419454094459476,1.411442052631489,251.77105188690157,1.3613850230768283,41.977377818612936,164.7010791015353,42.04307529150704,1.2611482213399952,209.76167109664755,164.27846075697857,209.86905769315536,272.0924236190268,1.2608838785677257,1.251615710216326,162.4784692935527,1.2009125392466935,134.7139066881824,0.009429020358772978,0.0020435904292572847
123.30158246272919,209.9999999979466,28.203969129257562,599.9999594511225,1.6221624811450632,1219.507023535548,1.6221949997921383,277.5259982192325,140.75859743258246,1.5719895510058337,928.6270148611618,928.5709979662988,1.5713149999952192,274.3691027037977,928.5709979662978,1.5213024141603224,205.39155324447316,1.5211964659562973,274.3691027037977,1.520794984871567,115.30227690322118,254.8973782935699,115.30227690220065,1.4203133646073414,223.9902269331236,1.4196555252852476,254.8973782935699,223.9902269331236,261.11007225254093,1.419513037426424,1.4114450034532382,253.07556660151073,1.3613754103680458,44.414033259538826,166.14582047140266,44.41403325776844,1.2612253371439297,210.00039498448785,166.14582047140266,210.00039498448785,270.1756673034197,1.2609764334984823,1.2516150669472246,164.24726030048714,1.2009148483622811,152.0764371412867,0.009668778158681848,0.0019633742809490994,123.12039409962671,207.134560030858,28.148247150863998,599.995509542218,1.6221624492466526,1219.4822138205966,1.622193519905967,277.05551305294034,136.18374063939888,1.571990757755348,925.3590572538037,925.2833962773007,1.5713166033745156,274.61367255168676,924.9091212021214,1.5212870632202935,199.21161995140255,1.5211761410442786,273.75456724614384,1.5207968026887206,114.66717511334325,253.90083808959568,114.73374301732966,1.420234808951326,223.91601557038408,1.4196071884857675,254.1183359882499,224.0853041459714,261.86704365946633,1.4194538797216572,1.4114420562060732,251.7658371175514,1.3613851016503296,41.98697656823112,164.70386275339627,42.05309690705035,1.2611483204585294,209.75967410535077,164.28150476127024,209.8690254836183,272.08686204797044,1.2608838319846616,1.251615698503421,162.48219944430278,1.2009126211322785,134.72263829554367,0.009428864200283925,0.00204497262090743
123.30158246359258,209.99999999814213,28.20396591048148,599.999959386156,1.6221624811668693,1219.5069642663818,1.6221949998120806,277.5259980466138,140.7585933884365,1.571989551005537,928.627013990941,928.570996931303,1.5713149999960603,274.3691025326529,928.5709969313016,1.5213024141953406,205.3915515090902,1.5211964659914972,274.3691025326529,1.5207949849072215,115.30752519304355,254.8949317928757,115.30752519202808,1.420313364850239,223.9963212891039,1.4196555267606068,254.8949317928757,223.9963212891039,261.119146374964,1.4195130393468038,1.4114450034639228,253.07298477390464,1.3613754017878423,44.42162482291843,166.14912688736777,44.421624821242304,1.2612254564656187,210.0003923604083,166.14912688736777,210.0003923604083,270.169516195092,1.2609765440562832,1.251615063652587,164.2507276157265,1.2009148407976644,152.05563265138545,0.009667889925709654,0.0019640349960782,123.11904897621885,207.12803099097925,28.146380143419258,599.9955355129981,1.6221624470903713,1219.4820718932278,1.6221935261433738,277.05501824727105,136.18037488343862,1.5719907705780027,925.3570772988328,925.2809780187372,1.5713166026972258,274.6124906725641,924.9068093919548,1.521287120372452,199.20528113690003,1.5211760373962355,273.7519837896436,1.52079675518714,114.6720387475342,253.89754137014805,114.738568315975,1.4202346860516868,223.9228954325052,1.4196070245344963,254.11484789366253,224.0919775553456,261.87556046205924,1.4194536622897866,1.411442060331335,251.76054060407924,1.3613851813875235,41.99647407693751,164.70658737185724,42.06299629271332,1.26114841519505,209.75782081814233,164.28447156803887,209.869084947379,272.08142588961783,1.2608837811173625,1.2516156870732413,162.48584607865035,1.2009127010706326,134.73116193675483,0.009428746479138328,0.002046326639447121
123.30158246438691,209.99999999832136,28.20396300049857,599.999959327419,1.6221624811865798,1219.506910683191,1.6221949998301062,277.52599789058524,140.75858973225914,1.5719895510052464,928.6270132041996,928.5709959955973,1.5713149999967984,274.3691023779658,928.5709959955961,1.5213024142313207,205.39154994030247,1.5211964660276416,274.3691023779658,1.5207949849437767,115.31276059767342,254.89249132386243,115.31276059666449,1.4203133650912168,224.00240068799627,1.4196555282310692,254.89249132386243,224.00240068799627,261.12819810820145,1.4195130412611987,1.4114450034735904,253.07040931761082,1.36137539346845,44.429117156179544,166.1523696132678,44.429117154593655,1.2612255692811942,210.0003896557106,166.1523696132678,210.0003896557106,270.1633144752212,1.26097664830592,1.2516150605143035,164.25413366558433,1.2009148334613533,152.03484979230745,0.009667074665685303,0.0019646454764255996,123.1177188821228,207.12136682396954,28.14449234220893,599.9955516879555,1.622162446356791,1219.481912450494,1.6221935338404823,277.0544521530632,136.1769936034557,1.571990782701947,925.3550363191267,925.2785276169129,1.571316602212199,274.61127771884674,924.904516784256,1.5212871792685736,199.1987887144449,1.5211759386632056,273.749414956482,1.5207967089551984,114.67685965665947,253.8941916770567,114.743350889555,1.4202345608614655,223.92974819142935,1.4196068610283181,254.11129426251202,224.0986208500566,261.8841079522818,1.419453442112304,1.41144206497974,251.7551530765331,1.361385262227801,42.00586756678027,164.70924639765155,42.07277097920544,1.2611485048301219,209.7560765478285,164.2873596636075,209.8692063525571,272.0760862025758,1.2608837246549802,1.2516156757642296,162.4894037282596,1.2009127790391139,134.73952069051836,0.009428659067746014,0.0020476528528957792
123.30158246510729,209.99999999848131,28.203960369684065,599.9999592743198,1.6221624812044029,1219.5068622404956,1.6221949998464056,277.5259977495295,140.7585864268355,1.5719895510049802,928.6270124929322,928.5709951496517,1.5713149999974618,274.3691022381201,928.5709951496513,1.52130241426807,205.3915485220134,1.5211964660645396,274.3691022381201,1.5207949849810467,115.31798314493417,254.89005688994698,115.31798314393023,1.4203133653308941,224.00846515521275,1.4196555296971987,254.89005688994698,224.00846515521275,261.1372274766299,1.4195130431701624,1.411445003482283,253.06784023603376,1.361375385394952,44.43651156782302,166.15555039597496,44.43651156632465,1.261225675898026,210.0003868802139,166.15555039597496,210.0003868802139,270.1570689965066,1.2609767465484212,1.2516150575220855,164.2574799519753,1.200914826347776,152.01408914474126,0.009666328224171303,0.0019652084720697995,123.11640655705688,207.11451701501355,28.142579656656178,599.9955587188283,1.6221624469736653,1219.4817369847967,1.6221935428034904,277.0538202135303,136.17359384249346,1.5719907941021776,925.3529395241142,925.2760358880391,1.5713166018801084,274.6100396095051,924.9022333603464,1.5212872393605554,199.1921327381986,1.5211758445484334,273.7468628357075,1.5207966646643387,114.68162906159596,253.89078021627805,114.7480840074087,1.4202344336068922,223.9365641435429,1.4196066977315953,254.1076612755869,224.10523001481587,261.8926917608916,1.4194532197048169,1.4114420700790118,251.74968549031078,1.3613853441711623,42.01515024721043,164.7118368034254,42.08241664526829,1.2611485894945513,209.75448093691645,164.29015946135564,209.8694243863463,272.07087192823764,1.2608836631410372,1.2516156644956073,162.49287139888756,1.2009128554339605,134.74769524569174,0.009428602184888292,0.0020489488659277038
123.30158246576906,209.99999999862752,28.20395799125657,599.9999592263125,1.6221624812205133,1219.5068184451393,1.622194999861139,277.5259976220286,140.7585834385132,1.5719895510047224,928.6270118498937,928.5709943848594,1.5713149999980445,274.36910211171477,928.5709943848583,1.521302414305355,205.3915472398549,1.5211964661019592,274.36910211171477,1.520794985018803,115.3231928616664,254.88762849085379,115.32319286067082,1.4203133655697195,224.01451471673738,1.4196555311594024,254.88762849085379,224.01451471673738,261.14623450868845,1.4195130450740954,1.4114450034900177,253.06527752877668,1.361375377553471,44.44380934335007,166.15867088115894,44.44380934193644,1.2612257766031445,210.00038404296077,166.15867088115894,210.00038404296077,270.15078611652007,1.2609768390648504,1.2516150546663496,164.26076789295308,1.2009148194511106,151.99335128778398,0.009665646629013896,0.0019657265956671503,123.11501016177796,207.10787557967072,28.140771792134874,599.9955531296795,1.6221624486797952,1219.481550027609,1.6221935531217393,277.05304587250777,136.17037002045464,1.571990804521713,925.3509111958776,925.2738213426086,1.5713165988738154,274.6086286314098,924.9001695124836,1.5212872979826257,199.18555411847515,1.52117573894675,273.7441442874118,1.5207966082264548,114.68632472189849,253.8873589145458,114.75275889041309,1.4202342930612855,223.94332655847737,1.4196065354821499,254.10383733228605,224.11190074733113,261.90126233722077,1.4194529789932477,1.411442073391336,251.74407716936292,1.3613854182959633,42.02430452453296,164.7142687776813,42.09192217909458,1.2611486784755912,209.752994342899,164.29279880935,209.86967710732927,272.0657275955996,1.2608835983339879,1.251615649199592,162.49622100317276,1.2009129185944305,134.75572422456003,0.009428547608414953,0.0020502165359463126
123.30158246637166,209.9999999987598,28.203955841003143,599.9999591829101,1.6221624812350788,1219.5067788512822,1.6221949998744591,277.52599750676893,140.75858073687255,1.571989551004482,928.627011268547,928.5709936934377,1.5713149999985645,274.3691019974485,928.5709936934368,1.521302414343046,205.39154608073804,1.5211964661397723,274.3691019974485,1.5207949850569205,115.32838977392589,254.8852061236245,115.32838977293545,1.4203133658080622,224.02054939890837,1.4196555326180182,254.8852061236245,224.02054939890837,261.1552192360558,1.4195130469733317,1.4114450034968375,253.06272119260993,1.3613753699311282,44.45101174606974,166.1617326209049,44.45101174473959,1.2612258716648015,210.00038115223316,166.1617326209049,210.00038115223316,270.1444717325821,1.2609769261178405,1.2516150519382427,164.2639988291486,1.200914812765424,151.97263679659739,0.009665026086047555,0.0019662023281813495,123.11361822832599,207.10123667006866,28.13897040436023,599.9955396604231,1.6221624513473598,1219.4813516060656,1.6221935643815093,277.05221745052495,136.16716172243852,1.5719908148440127,925.3488616578245,925.2716042925083,1.57131659634381,274.6071870139382,924.898132381098,1.5212873583735729,199.17889372185613,1.52117563772221,273.7414288726887,1.5207965545720095,114.69097648658558,253.8838877798997,114.75739163362701,1.4202341503664906,223.95005417424542,1.4196063733636142,254.09995350573578,224.11854604968633,261.90983995199707,1.4194527365930625,1.4114420772013347,251.73842081320936,1.361385494057207,42.033352931023956,164.7166361683885,42.10130733500841,1.2611487636305445,209.75157712326902,164.29536348261612,209.86998433675956,272.060650792879,1.2608835303297485,1.2516156343997886,162.49949255939134,1.2009129820832125,134.76359574334322,0.009428510052956831,0.0020514593238100173
123.30158246691985,209.99999999887862,28.20395389703388,599.9999591436735,1.622162481248247,1219.5067430558547,1.622194999886502,277.5259974025736,140.7585782944119,1.5719895510042594,928.6270107429676,928.5709930683406,1.571314999999029,274.3691018941414,928.5709930683395,1.5213024143810308,205.39154503280372,1.5211964661778679,274.3691018941414,1.5207949850952915,115.33357390714608,254.88278978306306,115.33357390616085,1.4203133660461966,224.02656922838298,1.4196555340733013,254.88278978306306,224.02656922838298,261.1641816929657,1.4195130488681231,1.4114450035027806,253.06017122195468,1.3613753625159217,44.45812001784641,166.16473708035667,44.45812001659537,1.2612259613337016,210.0003782156631,166.16473708035667,210.0003782156631,270.1381313142354,1.2609770079528002,1.2516150493295002,164.267174029231,1.2009148062846422,151.9519462404125,0.009664462974463953,0.001966638024494301,123.11223787996856,207.09458260602202,28.137170209670497,599.9955216289993,1.622162454717939,1219.481147337022,1.622193576270793,277.0513521551601,136.1639667307275,1.5719908245884524,925.3467990962,925.2693759713945,1.5713165938618705,274.6057323399142,924.8961219661895,1.5212874188641747,199.17216701964605,1.521175539533232,273.7387343484494,1.5207965025412369,114.6955913789557,253.88037623452936,114.76198750452427,1.4202340060315257,223.95675569063866,1.4196062105381662,254.09602466205746,224.1251632450225,261.9184310805919,1.4194524932390027,1.4114420811717183,251.73273327630824,1.361385569988156,42.04229793597394,164.71893998466496,42.11057952088131,1.2611488424413884,209.75022432271314,164.29786004042074,209.87033120869697,272.0556174022482,1.2608834575616952,1.2516156195942152,162.5026892988327,1.200913044258746,134.7713276277113,0.009428487157378124,0.0020526752652073985
123.30158246741826,209.99999999898688,28.203952139558993,599.9999591081989,1.622162481260152,1219.5067106944543,1.6221949998973892,277.5259973083807,140.75857608626808,1.5719895510040534,928.6270102678094,928.5709925032131,1.571314999999444,274.369101800763,928.570992503212,1.5213024144192078,205.39154408545664,1.5211964662161455,274.369101800763,1.5207949851338185,115.33874528625553,254.88037946213018,115.3387452852763,1.4203133662843699,224.03257423209422,1.4196555355254854,254.88037946213018,224.03257423209422,261.1731219156618,1.4195130507587024,1.4114450035079313,253.05762760934311,1.361375355296775,44.465135379813724,166.1676856442959,44.46513537864079,1.2612260458443876,210.00037524017415,166.1676856442959,210.00037524017415,270.13176993321883,1.2609770847992778,1.2516150468325127,164.2702946954212,1.200914800002657,151.93128018084616,0.009663953841906298,0.0019670359188811992,123.11087295231127,207.08794369641993,28.13537751437163,599.9955008721248,1.6221624584803167,1219.4809409379147,1.6221935884253522,277.0504649113535,136.16078282760412,1.5719908338550463,925.344723883106,925.2671359618223,1.5713165914498448,274.6042719210071,924.8941232397399,1.5212874792800355,199.16538506277678,1.521175443841946,273.73605270667514,1.5207964523782982,114.70016705790937,253.8768332818604,114.76654708837975,1.420233860169506,223.96342475011707,1.4196060469272602,254.09205436074495,224.13175567941332,261.92703093686123,1.4194522490986405,1.411442085261874,251.7270120304908,1.3613856463312461,42.05113676143109,164.72118451526194,42.11973873671328,1.2611489159872755,209.74891116466438,164.30029251923563,209.87070285720134,272.050608129445,1.2608833803815191,1.2516156048405709,162.5058094815718,1.2009131054606637,134.7789570144768,0.009428478756855992,0.002053863351902504
123.30158246787002,209.99999999908374,28.20395055068696,599.9999590761292,1.6221624812709163,1219.5066814376394,1.6221949999072334,277.52599722322634,140.75857408995995,1.5719895510038655,928.6270098382325,928.570991992302,1.5713149999998173,274.36910171633633,928.5709919923014,1.521302414457512,205.39154322897656,1.5211964662545405,274.36910171633633,1.5207949851724392,115.34390393580895,254.87797515262287,115.3439039348353,1.4203133665227012,224.03856443709682,1.4196555369746826,254.87797515262287,224.03856443709682,261.18203994191845,1.4195130526451814,1.41144500351229,253.05509034606615,1.3613753482632054,44.472059033063076,166.1705796227082,44.472059031965884,1.261226125416222,210.00037223228554,166.1705796227082,210.00037223228554,270.12539229135245,1.2609771568719208,1.2516150444401253,164.27336196819562,1.2009147939133198,151.91063917046853,0.009663495399368198,0.0019673981303458495,123.10952164496781,207.081324992744,28.133593681989247,599.9954776860442,1.622162462634493,1219.4807338604435,1.6221936008451867,277.0495599332061,136.15762110165596,1.5719908426035114,925.342648670012,925.26489678714,1.571316589085885,274.6028072369596,924.8921428808683,1.5212875394965861,199.15857105820518,1.5211753501043006,273.7333849918901,1.5207964037291597,114.70470820564555,253.8732599688027,114.77107360420521,1.4202337123562492,223.97006436414696,1.41960588258326,254.08804218303422,224.13832435668093,261.9356333269715,1.4194520048035961,1.4114420893933308,251.72127308749234,1.3613857228925288,42.059869716056696,164.72336799422303,42.12878683447221,1.261148984006593,209.74764755974954,164.30266192817874,209.87110919289944,272.0456012684246,1.2608832990449956,1.2516155901042363,162.50885708458017,1.200913165971994,134.7864779617497,0.009428487596621314,0.0020550232146517426
123.30158246828142,209.9999999991715,28.203949114243223,599.9999590471364,1.6221624812806472,1219.506654987572,1.6221949999161327,277.5259971462476,140.75857228516804,1.5719895510036905,928.627009449869,928.570991530404,1.5713150000001503,274.3691016400214,928.5709915304038,1.5213024144958744,205.39154245469652,1.5211964662929853,274.3691016400214,1.5207949852110882,115.34904988004904,254.87557684520263,115.34904987908224,1.42031336676131,224.04453987060776,1.4196555384210092,254.87557684520263,224.04453987060776,261.1909358107108,1.4195130545276768,1.4114450035159045,253.05255942223135,1.3613753414055703,44.4788921592667,166.17342025655083,44.47889215824321,1.2612262002546109,210.00036919787811,166.17342025655083,210.00036919787811,270.1190027463063,1.2609772243716793,1.2516150421457244,164.2763769309989,1.2009147880105164,151.89002375162545,0.009663084515935247,0.0019677266678046006,123.10818137477521,207.0747681697168,28.131825700592106,599.9954531174886,1.6221624669831793,1219.4805284924498,1.6221936133474901,277.0486444198067,136.15447120353457,1.571990851168617,925.3405775500405,925.262648011224,1.5713165868311652,274.6013391582085,924.8901683662261,1.5212875998252489,199.15175152816767,1.5211752584253964,273.73073816758887,1.5207963564961564,114.7092177485386,253.86966236743407,114.775569978375,1.420233563242168,223.97667587115785,1.4196057169825271,254.08400948588837,224.1448692768253,261.9442320570893,1.41945176037965,1.4114420935702183,251.71552824543352,1.3613857994295677,42.0684992691413,164.72549193522514,42.13772998738437,1.2611490460415187,209.7463789995213,164.30497381739877,209.87150314031408,272.0405823484904,1.2608832138079,1.2516155755409988,162.5118368305115,1.2009132260644433,134.79389046953006,0.009428509394090474,0.002056154377900467
123.30158246865551,209.99999999925052,28.203947815604348,599.9999590209253,1.6221624812894455,1219.506631074986,1.6221949999241787,277.52599707665837,140.75857065351488,1.5719895510035293,928.627009098759,928.570991112812,1.5713150000004474,274.3691015710233,928.570991112811,1.5213024145342509,205.39154175467502,1.5211964663314368,274.3691015710233,1.5207949852497247,115.35418314297844,254.87318452972903,115.35418314201618,1.4203133670002923,224.05050055994906,1.4196555398645623,254.87318452972903,224.05050055994906,261.19980956196184,1.4195130564062868,1.41144500351883,253.0500348271218,1.3613753347148911,44.48563592129946,166.1762087226829,44.48563592034696,1.2612262705519854,210.00036614232957,166.1762087226829,210.00036614232957,270.1126053355691,1.2609772874867704,1.2516150399431916,164.27934061441027,1.2009147822881836,151.86943445547,0.009662718213436904,0.001968023435117,123.10693409844951,207.0682580728938,28.130063002856712,599.995426949212,1.6221624709456244,1219.4803222832847,1.622193624296627,277.04795717020073,136.15128730041118,1.5719908608852748,925.3384841039464,925.2603654222673,1.5713165859441338,274.5999656088967,924.8882322565199,1.5212876773693176,199.14581496758404,1.5211751784312402,273.72828423208836,1.5207963180651682,114.7136678860321,253.86625237232937,114.78004352682495,1.4202334243650103,223.98309598275347,1.4196055647345804,254.08000505531132,224.1512860423472,261.95265510756616,1.4194515222074497,1.4114421019239933,251.71005644559665,1.3613858853367573,42.07700196242485,164.72763353579137,42.146560170255604,1.261149139993201,209.74559606000543,164.30743556063416,209.87210025557775,272.03556825212166,1.2608831542122712,1.251615563291493,162.51483397569336,1.2009132928589892,134.8013282303429,0.00942852888557283,0.0020572513467467047
123.30158246899472,209.9999999993222,28.203946641550246,599.9999589972281,1.622162481297399,1219.5066094564504,1.6221949999314524,277.5259970137475,140.75856917839522,1.5719895510033814,928.6270087813343,928.5709907352857,1.5713150000007146,274.3691015086564,928.5709907352855,1.521302414572614,205.39154112185136,1.5211964663698674,274.3691015086564,1.5207949852883225,115.35930374841193,254.87079819554395,115.35930374745668,1.4203133672396966,224.05644653247325,1.4196555413053924,254.87079819554395,224.05644653247325,261.20866123628457,1.4195130582810638,1.4114450035210937,253.04751654945647,1.3613753281827625,44.492291463801536,166.17894613844638,44.492291462919134,1.2612263364886673,210.00036307061896,166.17894613844638,210.00036307061896,270.10620379861217,1.2609773463935274,1.2516150378268156,164.28225399996626,1.2009147767403543,151.8488718011759,0.009662393661033147,0.0019682902359552507,123.10575022703306,207.06190078338707,28.12834121088969,599.9953989047193,1.622162474621862,1219.4801149751693,1.6221936338547864,277.04753119484457,136.14807234924248,1.5719908716187438,925.3363203305661,925.258074066967,1.5713165862674852,274.59877859419674,924.8863954987132,1.5212877725896967,199.1406442365768,1.5211751108204439,273.72605208389115,1.5207962883751542,114.7180776395594,253.86304359331794,114.78448634834436,1.4202332959510064,223.98932101825275,1.4196054250277803,254.07603307894286,224.15756327659614,261.9608999445611,1.4194512967192052,1.4114421138227538,251.70491752130815,1.361385981838399,42.0853898336987,164.7297907776858,42.15529405079687,1.2611492646189795,209.7452789199484,164.31004867156182,209.87275435694542,272.03057103823227,1.2608831164854244,1.2516155543077525,162.51785373990091,1.2009133646461445,134.80870063036573,0.009428533772176131,0.0020583266747361078
123.30158246930247,209.99999999938652,28.203945580128725,599.9999589758054,1.6221624813045903,1219.506589911884,1.6221949999380292,277.5259969568741,140.75856784479072,1.5719895510032464,928.6270084943612,928.570990393973,1.5713150000009548,274.3691014522643,928.570990393973,1.5213024146109442,205.39154054970794,1.5211964664082598,274.3691014522643,1.5207949853268667,115.36441172002309,254.86841783149043,115.3644117190741,1.4203133674795934,224.06237781560526,1.419655542743576,254.86841783149043,224.06237781560526,261.2174908747969,1.4195130601520858,1.4114450035227653,253.04500457744803,1.3613753218014284,44.498859913738926,166.18163356614374,44.49885991292338,1.2612263982337804,210.00035998723112,166.18163356614374,210.00035998723112,270.0998015975954,1.2609774012572927,1.251615035791303,164.28511802381985,1.2009147713611295,151.8283362953146,0.009662108169786948,0.0019685287785123,123.10456933016789,207.05562558045523,28.126641405773167,599.9953673842895,1.6221624790094502,1219.4799072057663,1.622193644064451,277.0470983715746,136.14486552970467,1.5719908820216104,925.3341539524715,925.2557831291116,1.5713165863810952,274.59760245995716,924.8845579060167,1.52128786647719,199.13546798010367,1.5211750425852246,273.7238502268955,1.5207962575986227,114.72245695879332,253.85980445391783,114.78889756502092,1.4202331648222384,223.99552062359197,1.4196052831216976,254.07202781083785,224.16382143822497,261.9691326754269,1.4194510715661057,1.4114421252100724,251.69977438340513,1.361386076970278,42.0936829459484,164.7318920135341,42.16392977704028,1.2611493836854868,209.74493700332437,164.3126067855613,209.87336633814928,272.025542471167,1.2608830739627923,1.2516155453644016,162.52081956643184,1.2009134344181422,134.81596459089596,0.009428549914456725,0.0020593717745178612
123.3015824695822,209.99999999944515,28.20394462053452,599.9999589564368,1.6221624813110913,1219.5065722423215,1.6221949999439746,277.52599690546015,140.75856663912452,1.5719895510031219,928.6270082349162,928.5709900854091,1.5713150000011689,274.36910140129106,928.5709900854088,1.5213024146492082,205.39154003248657,1.5211964664465794,274.36910140129106,1.5207949853653235,115.36950708136567,254.8660434260608,115.36950708042149,1.420313367719963,224.06829443679834,1.419655544179099,254.8660434260608,224.06829443679834,261.22629851907436,1.419513062019341,1.4114450035238388,253.0424988989397,1.3613753155635395,44.505342380879796,166.18427201668197,44.50534238012973,1.2612264559459674,210.0003568963818,166.18427201668197,210.0003568963818,270.0934019364016,1.2609774522331256,1.2516150338317011,164.28793357986575,1.2009147661447415,151.80782843138024,0.009661859187244002,0.0019687406800442497,123.1033910164657,207.0494160467833,28.124960519574515,599.9953332174075,1.6221624838332964,1219.479700033324,1.6221936545641318,277.0466548374651,136.14165649244939,1.571990892492542,925.331987946479,925.2534796679078,1.5713165867131855,274.5964227569266,924.8826977712923,1.5212879595549862,199.13026630648733,1.521174974999158,273.7216609041902,1.5207962270540443,114.72681169648259,253.85655296098025,114.79328595597765,1.420233032081579,224.00169680641534,1.419605139592335,254.0680139580712,224.17006052723377,261.97734091249663,1.4194508467223712,1.4114421364741772,251.69463124550208,1.361386171641528,42.10188531177108,164.73394077524904,42.172475374179996,1.2611494973235293,209.74457031013338,164.31511494822232,209.87396840872634,272.0204970216223,1.2608830278912788,1.2516155368307136,162.5237284725575,1.2009135040882501,134.82314833591116,0.009428579234179925,0.002060390664067553
123.30158246983837,209.9999999994996,28.203943752999095,599.9999589389245,1.6221624813169666,1219.5065562678856,1.6221949999493475,277.52599685898576,140.7585655491223,1.5719895510030035,928.6270080003612,928.5709898064423,1.5713150000013572,274.3691013552241,928.5709898064417,1.5213024146873821,205.39153956492515,1.5211964664848046,274.3691013552241,1.5207949854036729,115.37458985591293,254.86367496748966,115.37458985497543,1.4203133679608428,224.07419642353767,1.4196555456120072,254.86367496748966,224.07419642353767,261.2350842109347,1.4195130638828775,1.4114450035243755,253.03999950150546,1.361375309462372,44.511739958342105,166.18686245379098,44.51173995765602,1.2612265097742477,210.00035380181478,166.18686245379098,210.00035380181478,270.0870077784949,1.26097749946664,1.2516150319434416,164.2907015231557,1.2009147610855577,151.78734868943735,0.009661644292057051,0.0019689274712503,123.10221732114577,207.04326839376012,28.1232944617169,599.995296759567,1.6221624889822521,1219.4794941769082,1.6221936653538287,277.04619708076535,136.13844301975902,1.5719909030329282,925.3298156147517,925.2511615961309,1.5713165872200605,274.5952458392938,924.88082010388,1.5212880515614908,199.12503921572772,1.5211749077964007,273.71948063402783,1.52079619654609,114.73114243790208,253.8532824142815,114.79765210648941,1.420232897757307,224.00785190897443,1.4196049948847855,254.06399256755287,224.17627987440778,261.98552747114917,1.419450622033319,1.4114421475889107,251.6894956921052,1.3613862653551563,42.109999091795935,164.7359373151102,42.18093084221602,1.2611496055658087,209.74418875100224,164.31756962763208,209.87455313570655,272.01543468959835,1.260882978302856,1.2516155286028305,162.52657871835288,1.2009135736225045,134.83023998163125,0.009428622170718116,0.002061383517992541
123.30158247000145,209.9999999995389,28.203942981976578,599.9999589261328,1.6221624813217734,1219.506541825954,1.6221949999537437,277.525996820978,140.75856465781987,1.5719895510029303,928.6270078496937,928.5709896272472,1.571315000001515,274.3691013175394,928.5709896272463,1.5213024147216838,205.3915391825482,1.5211964665191475,274.3691013175394,1.5207949854381178,115.37966006706989,254.86131244391666,115.37966006613728,1.4203133681781073,224.08008380327726,1.4196555468994316,254.86131244391666,224.08008380327726,261.2438479924298,1.4195130655569264,1.4114450035244708,253.0375063725955,1.3613753040952408,44.518053723002375,166.18940579718085,44.5180537223782,1.2612265550148831,210.00035101632756,166.18940579718085,210.00035101632756,270.0806218633615,1.2609775388903652,1.2516150306618294,164.29342267258397,1.200914757147689,151.7668975358776,0.009661461188667403,0.0019690906004861497,123.10104840076346,207.03713463231117,28.121636414572254,599.9952593734934,1.6221624942784796,1219.4792915495061,1.6221936762204965,277.04573704142774,136.13522585087279,1.571990913680274,925.327638073596,925.2488268265563,1.5713165879891122,274.5940657010448,924.8789132153207,1.5212881431444616,199.11978560273172,1.5211748419537727,273.7173097645832,1.5207961663677536,114.73544771986462,253.84999804837133,114.80199747974338,1.420232761396962,224.01398693509137,1.419604849313232,254.059961126699,224.1824808181765,261.9936951667633,1.419450397241145,1.4114421586527066,251.68435845326252,1.3613863584626944,42.11802582932957,164.73788415591235,42.189298650438865,1.2611497087393408,209.74378241530414,164.3199758693803,209.87513290737337,272.0103602986605,1.2608829254852707,1.2516155206230535,162.52937154662155,1.2009136439945212,134.8372454699463,0.009428682128461778,0.0020623483710149326
123.30158246793337,209.99999999981083,28.203942261573715,599.9999589138977,1.6221624812893807,1219.5065288159906,1.6221949999208984,277.5259967733946,140.75856367670016,1.5719895510074782,928.6270076004936,928.5709893331987,1.5713150000063845,274.3691012708083,928.5709893331975,1.5213024152246764,205.39153870747677,1.521196467022222,274.3691012708083,1.5207949859413414,115.38471595045124,254.85894453194672,115.3847159530633,1.4203133680226636,224.08595973497944,1.4196555480347488,254.85894453194672,224.08595973497944,261.25259844237564,1.4195130671732947,1.411445003617462,253.03500793718513,1.36137529767205,44.52428458675513,166.19190251584135,44.52428460094113,1.2612266060549144,210.00034742178352,166.19190251584135,210.00034742178352,270.0742460440721,1.2609775829720418,1.2516150281907894,164.29609751785475,1.200914751501773,151.7464751893603,0.009661307838089404,0.0019692313052409507,123.09977670180605,207.03163356892395,28.120016375704058,599.9952262533425,1.6221625004222144,1219.4791030185133,1.6221936863600626,277.04516146549304,136.13196802383197,1.571990921525833,925.3253667627253,925.2464586613861,1.571316588701359,274.59282672126636,924.8770580899359,1.521288230168215,199.1138954560618,1.5211747673197629,273.71480569192147,1.5207961139829471,114.7397436374292,253.84664207382028,114.80635543640699,1.4202326032619457,224.0201186151346,1.4196046914623515,254.05581745709793,224.18875838703278,262.0019636529406,1.4194501596103333,1.4114421659147638,251.67915548203308,1.3613864338117971,42.12596120311353,164.73967029468122,42.1975825027843,1.2611498197285542,209.74378737061753,164.32231298654904,209.87631722727394,272.00572726396865,1.2608828587918792,1.2516155092274932,162.53206420491935,1.200913700747243,134.84450645953154,0.009428793918826167,0.002063374624723534
123.30158247942245,209.9999999986777,28.203941618236712,599.9999588946059,1.6221624813329552,1219.5065169608454,1.6221949999640997,277.5259967637458,140.75856286288737,1.5719895509881443,928.6270074187763,928.5709891148701,1.5713149999871554,274.3691012607063,928.5709891148692,1.5213024149706937,205.39153846378167,1.5211964667682398,274.3691012607063,1.5207949856874023,115.38976158124089,254.85659699711644,115.38976158385144,1.420313368370544,224.0918170311678,1.419655549615209,254.85659699711644,224.0918170311678,261.26131709616527,1.4195130691780782,1.4114450035887884,253.03253046715648,1.3613752919043662,44.53043375606246,166.19435392764578,44.53043377006433,1.2612266491597866,210.0003445292365,166.19435392764578,210.0003445292365,270.0678834967382,1.2609776198891,1.2516150266569999,164.29872708130813,1.200914746834934,151.72608267188298,0.009661181788913599,0.0019693513002155,123.09847737083264,207.02632446183492,28.118413721787416,599.9951962141358,1.6221625061880445,1219.4789244187732,1.622193695676313,277.0445455044257,136.12871980690042,1.571990929326941,925.3230831724871,925.2440721286384,1.571316590143331,274.59157076796976,924.875194615652,1.5212883171545974,199.1078417556007,1.5211746928032188,273.7122288507411,1.5207960589367826,114.74402170411017,253.84326746427203,114.81070227284812,1.420232439810516,224.02622854569884,1.419604531202733,254.0516551524997,224.19503394824483,262.0102158099206,1.4194499196463957,1.4114421726708863,251.67395840986399,1.3613865059728665,42.1338064477931,164.74138428151676,42.20577684334867,1.2611499294424053,209.7438765662586,164.3245948545101,209.8776328629794,272.0012148184151,1.260882787302702,1.2516154976242166,162.53468453204718,1.2009137572622217,134.85170505927172,0.009428921414169946,0.002064401603452525
123.30158247323615,209.9999999997516,28.2039410390475,599.9999588841204,1.6221624813357134,1219.5065062941676,1.6221949999665228,277.5259967191647,140.75856213809237,1.5719895509984076,928.6270072654045,928.5709889323884,1.5713149999976916,274.3691012165805,928.5709889323882,1.5213024149447882,205.3915381167244,1.5211964667423783,274.3691012165805,1.5207949856616454,115.39479461144836,254.85425408409736,115.39479461405526,1.420313368685607,224.09766029935588,1.4196555511008948,254.85425408409736,224.09766029935588,261.2700141914935,1.4195130710883213,1.411445003560977,253.03005797018943,1.3613752863061475,44.53650228613604,166.19676108604722,44.53650229995842,1.261226688778243,210.0003414379379,166.19676108604722,210.0003414379379,270.061536432363,1.2609776534482953,1.2516150250235167,164.30131242021304,1.200914742358055,151.70572004317455,0.009661081393953648,0.0019694514062599993,123.09718578934813,207.02106713243157,28.116821294312867,599.9951685251367,1.6221625114898293,1219.4787531182324,1.6221937045128685,277.04391110666734,136.12548120007813,1.5719909372002816,925.320798838045,925.2416784993267,1.5713165918343708,274.59031081066377,924.8732960759919,1.5212884037797305,199.10181236718964,1.5211746195602505,273.7096575803564,1.5207960051114244,114.74827870089571,253.83988887646595,114.81502891730632,1.4202322757935102,224.0323110384588,1.4196043708907509,254.0474987105972,224.20128842919263,262.01843981311197,1.4194496801207248,1.4114421794166836,251.66876976492395,1.3613865780975707,42.14157051454645,164.74305235348564,42.213889697326145,1.2611500349704523,209.74395585127286,164.32683156444298,209.87893858805805,271.99672890247194,1.260882714182958,1.251615486067099,162.5372544013485,1.2009138146036413,134.85880413235435,0.00942905506101065,0.0020654087207985774
123.30158247216448,209.99999999971365,28.20394051509565,599.9999588735814,1.6221624813389912,1219.5064966465036,1.6221949999694973,277.5259966884623,140.75856148030806,1.5719895510003354,928.6270071242998,928.570988764542,1.5713149999998177,274.36910118615265,928.570988764542,1.5213024149516414,205.3915378274275,1.5211964667492597,274.36910118615265,1.5207949856685965,115.39981509299696,254.851916525755,115.39981509560113,1.4203133689821226,224.10348923152839,1.4196555525676795,254.851916525755,224.10348923152839,261.2786896854511,1.4195130729790892,1.4114450035462642,253.02759116354852,1.3613752808061872,44.5424911810985,166.19912450562663,44.5424911947431,1.261226725136046,210.00033837009966,166.19912450562663,210.00033837009966,270.05520678005973,1.260977683873539,1.2516150234357246,164.30385397959208,1.200914738000539,151.68538771785708,0.009661004793068351,0.0019695328536350008,123.09589710413725,207.01585021488046,28.11524335429795,599.9951423766098,1.6221625165776532,1219.478587353144,1.622193713122634,277.0432658224819,136.12225146412595,1.5719909449527716,925.3185118988885,925.2392773560058,1.57131659364339,274.58904719752314,924.8713791687536,1.521288488934952,199.0957652972876,1.5211745460205264,273.7070964070389,1.520795950858784,114.75251433514842,253.83649940079633,114.8193353697816,1.4202321103060074,224.03837479320606,1.4196042098456743,254.0433401748748,224.20752082605404,262.0266435455755,1.4194494407626266,1.4114421858775053,251.6635920753817,1.3613866489979731,42.149251860067,164.74468081757504,42.22191797810358,1.2611501357567678,209.74400540440678,164.32901882759637,209.88022696953985,271.9922333393978,1.2608826379299671,1.2516154745907602,162.53977157577683,1.2009138715714642,134.86584081559192,0.009429193541781455,0.002066396161749035
123.30158247182858,209.99999999972945,28.203940041412075,599.9999588640117,1.6221624813421538,1219.5064879242957,1.6221949999723853,277.5259966620672,140.75856088536148,1.5719895510010446,928.6270069964479,928.570988612467,1.5713150000006997,274.3691011599867,928.5709886124671,1.5213024149701362,205.39153756944205,1.5211964667677829,274.3691011599867,1.5207949856871887,115.40482306745247,254.8495845083469,115.40482307005537,1.4203133692659713,224.10930378157053,1.419655554020375,254.8495845083469,224.10930378157053,261.2873436464531,1.4195130748549902,1.4114450035367707,253.02513022639965,1.3613752754078643,44.548401436213304,166.20144488624783,44.54840144968273,1.2612267583370484,210.00033531678758,166.20144488624783,210.00033531678758,270.0488963083475,1.260977711266266,1.2516150218967366,164.30635239268642,1.200914733769424,151.66508609554876,0.009660950229210697,0.001969596768275801,123.09461515080564,207.01065476612587,28.113675811165827,599.9951172748139,1.622162521326474,1219.4784254682988,1.6221937213667872,277.0426161486081,136.1190232066521,1.5719909527788833,925.3162145408747,925.2368553404378,1.5713165957670214,274.58778828474135,924.8694313705886,1.5212885741150872,199.08969502042874,1.5211744740758635,273.7045543833315,1.5207958978879903,114.75672772895597,253.83310594686887,114.82362163027393,1.4202319441115345,224.0444161292596,1.4196040489315076,254.03918457050028,224.2137318080438,262.034832638069,1.4194492023712932,1.4114421923892646,251.65842449851436,1.3613867203953691,42.15685110167738,164.74626891694652,42.229862920326234,1.2611502332402225,209.7440450469139,164.33116194183953,209.88150048508146,271.9877281291925,1.2608825602382407,1.2516154634548458,162.54224202078947,1.200913929014774,134.87283144918197,0.009429336197771145,0.002067367224689647
123.30158247169152,209.9999999997534,28.20393961317332,599.9999588553671,1.6221624813450377,1219.5064800388864,1.6221949999750214,277.52599663856205,140.75856034742213,1.571989551001415,928.6270068807862,928.5709884748981,1.5713150000012241,274.3691011366865,928.5709884748978,1.5213024149944328,205.39153733715412,1.5211964667921054,274.3691011366865,1.5207949857115737,115.40981857124356,254.847258121486,115.40981857384111,1.420313369540814,224.11510394411678,1.4196555554621175,254.847258121486,224.11510394411678,261.2959761076809,1.4195130767190618,1.41144500352962,253.02267524571226,1.361375270109275,44.554234035125816,166.20372293317928,44.55423404842381,1.2612267884782917,210.00033227836175,166.20372293317928,210.00033227836175,270.042606666608,1.2609777357211005,1.2516150204044179,164.30880830213093,1.2009147296613616,151.64481556168198,0.00966091605090585,0.0019696441962456495,123.09334102524059,207.0054795232974,28.112118324035098,599.9950927852568,1.622162525872449,1219.4782672873228,1.6221937293882738,277.04195716859505,136.11580012385247,1.571990960798078,925.3139134618406,925.2344208015214,1.5713165981746775,274.586531722139,924.8674660397354,1.5212886592952224,199.08360595698576,1.5211744037015316,273.7020245457398,1.5207958459304662,114.76092210133015,253.82969595176417,114.82788945460796,1.4202317774080435,224.05043738887093,1.4196038880173407,254.03502687230585,224.21992338280617,262.04300483828933,1.4194489646502502,1.4114421989767423,251.6532678770448,1.3613867919624705,42.16437070866812,164.74782043579236,42.23772575863936,1.2611503273881144,209.74407477879424,164.33325636614165,209.88278391124987,271.9832470368149,1.260882480308481,1.251615452688205,162.54466573638643,1.2009139869335699,134.87976266387196,0.009429485829640637,0.00206831941647803
123.30158247164059,209.99999999977615,28.203939226017823,599.9999588475532,1.6221624813476523,1219.5064729099672,1.622194999977412,277.52599661746797,140.75855986105893,1.5719895510016308,928.6270067761868,928.5709883504946,1.5713150000015785,274.3691011157684,928.5709883504944,1.5213024150222472,205.3915371275452,1.5211964668199436,274.3691011157684,1.5207949857394685,115.41480163754161,254.84493741480645,115.41480164013598,1.4203133698091857,224.12088972884365,1.4196555568951341,254.84493741480645,224.12088972884365,261.30458709042296,1.4195130785734742,1.4114450035236699,253.02022627016154,1.3613752649071342,44.559989949176284,166.2059593321411,44.55998996230478,1.261226815651998,210.00032925621431,166.2059593321411,210.00032925621431,270.0363393791008,1.2609777573279306,1.2516150189564574,164.31122233535157,1.2009147256719677,151.624576487957,0.009660900701613847,0.001969676117848049,123.09207104839182,207.00035605815464,28.110567824973128,599.9950685919445,1.622162530251701,1219.4781119554764,1.6221937371884687,277.04127975189095,136.11257704105284,1.5719909690478608,925.3116056849697,925.2319729043669,1.571316601084839,274.5852720259641,924.8654948646529,1.5212887452103134,199.07748926621315,1.5211743356023253,273.6995068942636,1.5207957952425808,114.76509452589663,253.8262675310442,114.8321359164093,1.4202316099410248,224.05643622978855,1.4196037268675366,254.0308503297322,224.22609153505266,262.0511652139184,1.419448727973313,1.411442205765217,251.6481171546356,1.361386864426585,42.17180944639396,164.74932553521256,42.24550464107507,1.2611504175791133,209.7440995553612,164.33530235278226,209.8840623821049,271.97876112087175,1.2608823972774466,1.2516154424408557,162.54703551430683,1.2009140459278715,134.88663148871692,0.009429641723864344,0.0020692490582488406
123.30158247163669,209.99999999979826,28.203938876004262,599.9999588404867,1.6221624813500175,1219.5064664649608,1.6221949999795744,277.5259965984852,140.75855942133717,1.5719895510017596,928.6270066816053,928.5709882379931,1.571315000001832,274.3691010969561,928.5709882379927,1.521302415052364,205.39153693829806,1.521196466850082,274.3691010969561,1.5207949857696583,115.4197722972464,254.84262241767618,115.41977229983686,1.4203133700728352,224.12666115238056,1.4196555583209776,254.84262241767618,224.12666115238056,261.313176614537,1.4195130804197436,1.4114450035183772,253.01778332872988,1.3613752597980509,44.56567013721379,166.20815474679645,44.56567015017426,1.2612268399456177,210.00032625179747,166.20815474679645,210.00032625179747,270.0300958491795,1.2609777761719592,1.251615017550615,164.31359510196336,1.200914721796988,151.60436923270117,0.00966090271242795,0.00196969345579755,123.09080623786899,206.99526921625295,28.109029768082372,599.995044793625,1.622162534536477,1219.477959377789,1.6221937448924497,277.04059092199725,136.10937391771094,1.5719909771865168,925.3093064664458,925.2295287642169,1.5713166040518054,274.5840109370902,924.863517845341,1.5212888302409662,199.07137257544056,1.5211742678369689,273.6970017770777,1.5207957449453533,114.76925056276666,253.82283701650437,114.83636481996463,1.4202314423608913,224.06241599808612,1.4196035657962782,254.02667734665243,224.23223827242754,262.0593030665166,1.4194484920311174,1.4114422124779735,251.64298075851582,1.3613869360785391,42.17917132745201,164.75079582006353,42.25320388889177,1.2611505037151145,209.74411937661478,164.33730595646904,209.88533094233313,271.97429208740795,1.2608823121042947,1.251615432331984,162.5493605512973,1.2009141044466864,134.89347357505684,0.009429800640882486,0.0020701612777612585
123.3015824716527,209.99999999981762,28.2039385595691,599.9999588341,1.6221624813521576,1219.5064606382557,1.6221949999815313,277.5259965813707,140.75855902379016,1.5719895510018405,928.627006596085,928.5709881362818,1.5713150000020257,274.3691010799862,928.5709881362823,1.5213024150840797,205.3915367673129,1.5211964668818179,274.3691010799862,1.520794985801441,115.42473057957264,254.84031314755617,115.42473058216117,1.420313370332982,224.1324182350748,1.4196555597407332,254.84031314755617,224.1324182350748,261.32174470209145,1.419513082258932,1.4114450035134365,253.01534643862166,1.3613752547786855,44.57127554562935,166.21030981904445,44.571275558426706,1.2612268614419664,210.00032326653195,166.21030981904445,210.00032326653195,270.0238773656954,1.2609777923338403,1.251615016184696,164.31592719382718,1.2009147180322644,151.58419414119027,0.009660920697165799,0.001969697020923351,123.08954675022744,206.99021899759236,28.107503130718623,599.9950208373084,1.62216253893518,1219.4778084281756,1.6221937526624057,277.0398926103767,136.10616931589067,1.5719909850626357,925.3070038990035,925.2270737704981,1.571316606983815,274.5827534170074,924.8615283026804,1.5212889133781733,199.0652271522452,1.521174199533743,273.6945137204536,1.5207956935494,114.7733905045777,253.81939393904509,114.84057675054879,1.4202312740737877,224.06837602454888,1.4196034039133798,254.0225035260447,224.2383619218939,262.0674248714553,1.4194482566689808,1.411442218944302,251.6378603741313,1.361387006215268,42.18645820381017,164.75222801071195,42.26082597137996,1.26115058563261,209.74411937661478,164.33926541124555,209.88658463662117,271.96982305394414,1.2608822245332498,1.2516154222692717,162.55163985311498,1.2009141616409316,134.90028001005675,0.009429963020159728,0.00207105852448944
123.30158247167915,209.99999999983424,28.203938273490934,599.999958828327,1.6221624813540947,1219.5064553705347,1.6221949999833023,277.525996565921,140.75855866437558,1.571989551001896,928.6270065187671,928.5709880443208,1.5713150000021825,274.36910106466854,928.5709880443214,1.52130241511695,205.39153661279374,1.5211964669147064,274.36910106466854,1.520794985834372,115.42967651247102,254.83800961434395,115.42967651505583,1.4203133705905646,224.1381609994138,1.4196555611552442,254.83800961434395,224.1381609994138,261.33029137801293,1.4195130840918648,1.4114450035087156,253.0129156095272,1.3613752498460279,44.57680710850491,166.21242517077417,44.57680712114139,1.2612268802197577,210.00032030155643,166.21242517077417,210.00032030155643,270.01768510956083,1.2609778058902072,1.251615014856746,164.31821918654384,1.2009147143739192,151.56405154599028,0.009660953348390898,0.0019696878127802497,123.08825297696829,206.98551733115744,28.106029841294454,599.9949952022721,1.622162543150488,1219.4776566102562,1.6221937600255147,277.03911054350266,136.1030415949445,1.5719909939736236,925.3047150993368,925.2246826458561,1.5713166115981252,274.58143914444344,924.8595629718272,1.5212889940364616,199.05896127389278,1.5211741315520027,273.69193653109846,1.5207956431423,114.77752459364002,253.81597954691853,114.84476497750083,1.4202311026760168,224.07433571640428,1.4196032418995719,254.01835106240003,224.24447151785077,262.07551824106747,1.4194480197729102,1.41144222588972,251.63274925969873,1.3613870766550422,42.19366976680712,164.75359031994245,42.268364715313375,1.2611506622197453,209.7442779466433,164.34118248306825,209.88789531701323,271.96550113922905,1.2608821384648845,1.2516154121777097,162.55385428058432,1.2009142220956563,134.90726767270178,0.009430134408287228,0.0020719550844693685
123.3015824717155,209.9999999998504,28.203938014857854,599.9999588231053,1.6221624813558444,1219.506450608171,1.6221949999849026,277.5259965519807,140.7585583394381,1.5719895510019253,928.6270064488558,928.5709879611783,1.5713150000023037,274.3691010508496,928.5709879611786,1.5213024151506342,205.39153647318096,1.5211964669484073,274.3691010508496,1.5207949858681116,115.43461012291073,254.8357118226663,115.43461012549189,1.420313370846195,224.1438894692692,1.4196555625650542,254.8357118226663,224.1438894692692,261.33881667008563,1.4195130859190752,1.4114450035040595,253.01049084583576,1.361375244997068,44.582265747730204,166.2145014044071,44.58226576020771,1.2612268963535562,210.0003173580638,166.2145014044071,210.0003173580638,270.01152016051356,1.26097781691362,1.251615013564801,164.32047163982548,1.200914710818176,151.5439417672792,0.009660999433738148,0.0019696664284802505,123.08690300034515,206.98139532222817,28.104644669712986,599.9949665455405,1.6221625467794876,1219.4775008849585,1.6221937663838764,277.0382117109189,136.10005432944146,1.5719910053349597,925.3024824870786,925.2224451409535,1.5713166194546873,274.58004070063845,924.8576711112863,1.5212890749189736,199.05259262187428,1.521174067860852,273.68921798280275,1.5207955982776615,114.78166541336337,253.81264513871255,114.84893037873303,1.420230927545445,224.0803017657997,1.419603082608685,254.01424926919717,224.25057040637182,262.0835707876862,1.4194477814975888,1.4114422345477442,251.6276785959657,1.361387150840452,42.200809103056024,164.7548688723832,42.275818268724116,1.2611507358637373,209.74472392484853,164.34307508378066,209.88930262601644,271.96144210883534,1.2608820591745629,1.2516154024208022,162.55600085097666,1.2009142910412132,134.91462076158209,0.009430319253956454,0.002072869250195904
123.30158247175457,209.99999999986505,28.2039377810366,599.9999588183855,1.6221624813574274,1219.5064463026833,1.62219499998635,277.52599653939023,140.75855804567004,1.5719895510019457,928.6270063856523,928.570987886004,1.571315000002404,274.36910103837056,928.5709878860036,1.5213024151849255,205.391536346993,1.521196466982714,274.36910103837056,1.5207949859024534,115.43953143709095,254.8334197733547,115.43953143966921,1.4203133711004128,224.14960366941904,1.4196555639706538,254.8334197733547,224.14960366941904,261.34732060867344,1.4195130877410447,1.4114450034994448,253.0080721480613,1.3613752402291919,44.58765237323989,166.21653910514385,44.58765238556054,1.2612269099144462,210.00031443690006,166.21653910514385,210.00031443690006,270.00538350333704,1.2609778254732285,1.2516150123071772,164.32268509944294,1.2009147073615223,151.5238651131813,0.009661057792353205,0.0019696336592265997,123.08555631138397,206.9773036221881,28.10326955413291,599.9949354596027,1.622162550766941,1219.4773430974335,1.6221937730459985,277.03729900692,136.097061150025,1.571991016829648,925.3002424327794,925.2201813370194,1.5713166274991426,274.57864747945433,924.8557725716262,1.5212891559011408,199.04620628836483,1.5211740056472967,273.6865286811844,1.5207955544385006,114.78578428527901,253.80928016073588,114.85307441743257,1.420230751934134,224.08624706953822,1.419602922584704,254.01013491307486,224.25664419934017,262.0916095389485,1.4194475437507652,1.4114422431823648,251.62261046040143,1.3613872258501443,42.20787343460504,164.75610832150346,42.28319280483848,1.2611508064664807,209.74516990305378,164.34492605837772,209.89070250204952,271.9573975491382,1.2608819782856462,1.2516153930908676,162.55810367468194,1.2009143606207522,134.92192780081487,0.00943051124248026,0.0020737697160989315
123.30158247179457,209.99999999987799,28.20393756964696,599.9999588141192,1.6221624813588584,1219.506442410243,1.6221949999876588,277.52599652801786,140.75855778008201,1.5719895510019526,928.6270063285094,928.5709878180385,1.5713150000024865,274.36910102709396,928.5709878180387,1.521302415219664,205.39153623292214,1.5211964670174662,274.36910102709396,1.520794985937238,115.44444048061763,254.83113346457537,115.44444048319124,1.4203133713535698,224.15530362522722,1.419655565372358,254.83113346457537,224.15530362522722,261.35580322613725,1.419513089558082,1.4114450034947983,253.00565951400964,1.3613752355397883,44.592967883162544,166.21853884143167,44.592967895328115,1.261226920969949,210.00031153896848,166.21853884143167,210.00031153896848,269.9992760341148,1.2609778316346847,1.2516150110821989,164.3248600975625,1.2009147040005748,151.5038218801036,0.009661127331403153,0.0019695901956043003,123.08421776330003,206.973211922148,28.10190500587633,599.9949035441801,1.6221625548544283,1219.4771856355235,1.6221937798002113,277.036380332945,136.09407388452198,1.5719910282243221,925.2979967969497,925.2179200377551,1.5713166355960335,274.57725774001756,924.8538665179567,1.521289236073611,199.0398265854145,1.5211739441570828,273.6838578328268,1.5207955109289573,114.78988384312383,253.8059013635478,114.85719972733634,1.4202305761814287,224.09217396987142,1.4196027624821772,254.0060176256047,224.2626972466516,262.099637873309,1.4194473070867184,1.411442251701343,251.6175490666204,1.361387300714375,42.21486646538996,164.75731825392373,42.29049264491484,1.2611508737663633,209.74559110469204,164.3467371728158,209.89208503448577,271.95333610696173,1.2608818954464431,1.2516153840494282,162.56016747435396,1.2009144298380154,134.9292214707951,0.009430705541481708,0.002074655171536617
123.30158247183218,209.99999999988884,28.20393737853673,599.9999588102628,1.6221624813601538,1219.5064388912228,1.6221949999888436,277.5259965177396,140.7585575399724,1.5719895510019555,928.6270062768476,928.5709877565938,1.5713150000025595,274.3691010169001,928.5709877565947,1.521302415254739,205.3915361297995,1.5211964670525546,274.3691010169001,1.5207949859723557,115.44933727862184,254.82885289232746,115.4493372811915,1.4203133716060048,224.16098936252655,1.4196555667704795,254.82885289232746,224.16098936252655,261.36426455664105,1.4195130913704976,1.4114450034901425,253.0032529392568,1.361375230926616,44.59821316404479,166.2205011669426,44.5982131760575,1.2612269295845637,210.00030866485145,166.2205011669426,210.00030866485145,269.9931985659081,1.2609778354606795,1.251615009888411,164.32699715440378,1.2009147007321421,151.48381235307264,0.009661207022673202,0.0019695366891588502,123.08288727781566,206.96912148497833,28.10054829789202,599.9948703845299,1.6221625591141957,1219.477027820864,1.6221937866877492,277.0354649951331,136.09108661901894,1.5719910395703782,925.2957526495283,925.2156520593716,1.5713166438458606,274.57587844582275,924.8519462711589,1.5212893157727196,199.03345240793004,1.521173883822979,273.6812134457487,1.5207954682495624,114.79396496481019,253.80251691304596,114.86130835690638,1.420230400230772,224.0980791207256,1.4196026026676516,254.00190871341414,224.26872720605456,262.107652693851,1.4194470713765464,1.4114422602533618,251.61250537002041,1.361387375505875,42.2217885040721,164.75849740824657,42.2977196409211,1.2611509374363685,209.74601230633033,164.34850817481546,209.89345765629523,271.94928190013354,1.2608818114882234,1.2516153751868557,162.5621895158247,1.200914498942068,134.93650177152287,0.009430902919975918,0.002075527967419015
123.30158247187066,209.9999999998993,28.203937205760745,599.9999588067761,1.6221624813613245,1219.5064357097995,1.622194999989914,277.52599650845616,140.75855732289517,1.571989551001951,928.6270062301398,928.5709877010436,1.5713150000026173,274.36910100769524,928.5709877010436,1.5213024152900438,205.39153603660105,1.5211964670878717,274.36910100769524,1.520794986007699,115.45422185585255,254.8265780510484,115.45422185842096,1.4203133718578855,224.16666090745113,1.4196555681651661,254.8265780510484,224.16666090745113,261.37270463571525,1.4195130931784359,1.4114450034853987,253.00085241780639,1.3613752263873458,44.603389091018634,166.22242662084835,44.60338910288287,1.2612269358196884,210.0003058152662,166.22242662084835,210.0003058152662,269.98715183429044,1.2609778369866524,1.2516150087243405,164.32909677849125,1.2009146975531517,151.46383680607192,0.00966129589927565,0.001969473754474,123.08156532459685,206.9650411507717,28.099200793705595,599.9948379951159,1.6221625632183552,1219.4768720141626,1.6221937934831963,277.0345396488318,136.08812153069113,1.571991050624726,925.2935144557393,925.2133957694465,1.5713166519427515,274.5745029815499,924.8500368779298,1.5212893943382522,199.02710143740248,1.5211738236063408,273.67859238637755,1.5207954259119931,114.79803321044935,253.7991443973176,114.86540440306678,1.42023022487397,224.1039688796408,1.4196024439265853,253.99781676116487,224.274736754408,262.1156478067409,1.419446837213198,1.4114422686346708,251.6074802133244,1.3613874493397526,42.228651279781495,164.7596586507258,42.304884287341935,1.2611509990461736,209.74643350796862,164.3502557148228,209.8948154121645,271.94524939935025,1.260881726474931,1.2516153663992922,162.5641842156161,1.2009145672536425,134.94379247055812,0.009431103487997338,0.002076391644634532
123.3015824719069,209.99999999990862,28.203937049560004,599.9999588036234,1.6221624813623827,1219.5064328335852,1.6221949999908818,277.525996500068,140.75855712664438,1.5719895510019435,928.6270061879122,928.5709876508197,1.5713150000026672,274.36910099937927,928.5709876508187,1.5213024153255152,205.39153595235854,1.5211964671233542,274.36910099937927,1.5207949860432062,115.45909423676255,254.82430893391046,115.45909423932693,1.4203133721094179,224.17231828637895,1.4196555695566118,254.82430893391046,224.17231828637895,261.3811235000659,1.4195130949820887,1.4114450034805905,252.99845794232354,1.3613752219199868,44.60849652802105,166.22431572961895,44.60849653973762,1.2612269397341245,210.0003029906456,166.22431572961895,210.0003029906456,269.9811365023926,1.260977836342329,1.2516150075887098,164.3311594680893,1.2009146944607003,151.4438955023781,0.009661393052473353,0.001969401971153701,123.08025323436392,206.96094818786122,28.097857380096006,599.9948065141854,1.6221625671168898,1219.476718622438,1.6221938000834668,277.03361658516843,136.08515422464578,1.5719910614207042,925.2912680757056,925.2111269561732,1.571316660052751,274.57313883295586,924.8481316591503,1.5212894718947778,199.0207637279931,1.521173763698823,273.6759908247913,1.5207953841482031,114.80209033586591,253.79577732552102,114.86948610999292,1.4202300504220893,224.1098358852549,1.4196022859709772,253.99374155947487,224.28072321485294,262.12362461966825,1.4194466040681755,1.4114422769120394,251.60247528197814,1.3613875228099765,42.2354504712597,164.76079693577174,42.31198349756419,1.261151057941746,209.74686957554707,164.35197348585064,209.89617316803378,271.9412193103497,1.2608816409181163,1.2516153576521178,162.56614759675654,1.2009146352369051,134.9511158499884,0.009431309387700532,0.002077244250415635
123.30158247194376,209.9999999999177,28.20393690834453,599.999958800772,1.622162481363338,1219.506430233299,1.622194999991755,277.52599649249277,140.75855694921825,1.571989551001936,928.6270061497341,928.5709876054137,1.5713150000027056,274.3691009918708,928.5709876054141,1.521302415361095,205.39153587622576,1.5211964671589444,274.3691009918708,1.5207949860788181,115.46395444556272,254.8220455331322,115.46395444812347,1.4203133723607442,224.17796152586362,1.4196555709449479,254.8220455331322,224.17796152586362,261.389521187323,1.4195130967815874,1.4114450034757178,252.99606950451147,1.3613752175226472,44.613536327942796,166.22616900760517,44.61353633951333,1.2612269413811892,210.0003001913608,166.22616900760517,210.0003001913608,269.9751531657085,1.260977833509703,1.2516150064803284,164.33318571173763,1.2009146914520454,151.42398869489966,0.00966149762862895,0.0019693218857138994,123.07894357073864,206.95690195115492,28.096524022487806,599.9947742630187,1.6221625712321641,1219.4765655291937,1.6221938068789141,277.0326757871642,136.08221279197153,1.571991071891636,925.2890376960596,925.2088602301245,1.5713166679180524,274.5717700710466,924.8462322846002,1.5212895479813917,199.0144238083974,1.521173703457455,273.673412590912,1.5207953415176405,114.80612990303631,253.79241883838608,114.87355055131047,1.4202298756025842,224.1156885027521,1.4196021277011857,253.98967117357066,224.2866942833589,262.1315769387995,1.4194463711422862,1.4114422848514296,251.59747624969225,1.3613875948983152,42.242184226538825,164.7619031813228,42.31901171568423,1.2611511130766353,209.74728086655855,164.35365770370672,209.8975111026495,271.93717475065256,1.2608815529953805,1.2516153489049435,162.5680719538637,1.2009147020654145,134.95841397638617,0.009431519630819426,0.002078084799898171
123.30158247197764,209.999999999926,28.203936780676365,599.9999587981949,1.6221624813642028,1219.506427882472,1.622194999992546,277.5259964856436,140.75855678881442,1.571989551001923,928.627006115219,928.5709875643606,1.5713150000027398,274.3691009850821,928.5709875643599,1.5213024153967556,205.39153580739085,1.5211964671946145,274.3691009850821,1.520794986114509,115.46880250626867,254.81978784026842,115.46880250882742,1.4203133726119468,224.18359065254566,1.4196555723302515,254.81978784026842,224.18359065254566,261.3978977358388,1.4195130985770092,1.4114450034707495,252.99368709536373,1.3613752131934698,44.618509332836595,166.22798695785957,44.6185093442635,1.261226940823607,210.00029741779974,166.22798695785957,210.00029741779974,269.96920235664845,1.2609778285652493,1.2516150053980408,164.33517598891797,1.2009146885245712,151.40411662650502,0.009661608826291699,0.0019692340133869494,123.07764016932661,206.95285571444862,28.09519714162627,599.9947420316018,1.6221625754057913,1219.4764134263612,1.6221938137513325,277.03173814973553,136.07928023016737,1.5719910820236307,925.2868140142505,925.206592251741,1.5713166756435262,274.5704086208067,924.8443362496098,1.5212896225856372,199.00808720408122,1.5211736432717289,273.6708618628364,1.5207952985574602,114.81015337514772,253.7890582574312,114.87759860493173,1.420229700556849,224.12152338605875,1.4196019697193956,253.98560748789015,224.292641929349,262.139518841029,1.4194461394280757,1.4114422925037795,251.5924932291416,1.361387665944179,42.248851002312286,164.7629826852482,42.32597141099256,1.2611511651048728,209.74769711288346,164.35530887294996,209.89883912663842,271.9331398380865,1.2608814636658812,1.25161534010007,162.56996200959125,1.2009147674335006,134.96572992845395,0.009431734052871378,0.002078914681182697
123.30158247201064,209.99999999993332,28.20393666525622,599.9999587958646,1.6221624813649829,1219.5064257571698,1.6221949999932597,277.5259964794599,140.75855664379588,1.5719895510019115,928.6270060840128,928.570987527246,1.5713150000027696,274.3691009789521,928.5709875272466,1.5213024154324462,205.39153574518235,1.5211964672303138,274.3691009789521,1.5207949861502268,115.47363844273892,254.81753584610692,115.47363844529451,1.4203133728631374,224.18920569323438,1.4196555737126322,254.81753584610692,224.18920569323438,261.4062531846023,1.4195131003684638,1.4114450034657207,252.99131070510572,1.3613752089308746,44.62341637409837,166.22977007334325,44.62341638538328,1.2612269381043242,210.00029467011234,166.22977007334325,210.00029467011234,269.9632845487725,1.2609778215592042,1.2516150043408427,164.3371307709905,1.2009146856757789,151.3842795303553,0.009661725893414502,0.0019691388398390005,123.07634248218417,206.9488397866315,28.093881168969627,599.9947103531748,1.622162579568304,1219.4762631822468,1.6221938206196274,277.0307982296689,136.07637280249514,1.5719910917500122,925.2846104259515,925.2043438932699,1.5713166831111929,274.5690524802314,924.8424694357662,1.5212896957324276,199.00176938634917,1.5211735829314428,273.6683215800027,1.5207952548647958,114.81416367857449,253.78569537327445,114.8816329045936,1.4202295260201319,224.12734020056743,1.4196018124183356,253.98155594636515,224.29856949889694,262.14744525867474,1.4194459088997635,1.4114422998195277,251.58753549027816,1.361387735802107,42.25545265054798,164.76404377277106,42.33286073152129,1.2611512146150876,209.74812822514852,164.35692547990345,209.9001919271943,271.92911939621706,1.2608813730575055,1.2516153311509493,162.57182000098572,1.2009148310015305,134.97306667713673,0.009431953203396997,0.0020797337732513773
123.30158247203687,209.99999999993844,28.203936560908456,599.9999587937605,1.6221624813656923,1219.50642383576,1.6221949999939087,277.5259964738599,140.7585565126916,1.5719895510019022,928.6270060558013,928.5709874936933,1.5713150000027964,274.36910097339694,928.5709874936936,1.5213024154681758,205.3915356889031,1.5211964672660518,274.36910097339694,1.5207949861859817,115.47846227870755,254.81528954122587,115.47846228126033,1.4203133731143605,224.194806674709,1.419655575092131,254.81528954122587,224.194806674709,261.41458757302803,1.4195131021559932,1.4114450034606016,252.98894032370737,1.3613752047332106,44.62825827263063,166.23151883721036,44.628258283776894,1.2612269332759918,210.0002919485592,166.23151883721036,210.0002919485592,269.95740016074063,1.2609778125397444,1.251615003307724,164.3390505215115,1.2009146829033024,151.36447763022534,0.009661848124697746,0.0019690368228008504,123.07505027447834,206.94485543057397,28.092575763636482,599.9946788524946,1.6221625836641271,1219.4761144712356,1.6221938274260705,277.0298609434154,136.0734712887363,1.5719911014124959,925.2824105586732,925.2020921952392,1.5713166906487732,274.5677041735876,924.8405884287943,1.5212897681442623,198.99545819917623,1.5211735231413905,273.66580288400235,1.5207952115872059,114.81815905749201,253.78233060467977,114.88565403557095,1.4202293517662028,224.13313961549292,1.4196016552481854,253.97751445517568,224.30447766121748,262.1553570363504,1.4194456793639967,1.4114423071022355,251.58259544859578,1.3613878051266755,42.261993183843025,164.7650801369042,42.33968708514197,1.2611512613783684,209.74855438210017,164.3585087859647,209.90152490649663,271.92510860147866,1.2608812812661694,1.2516153224095448,162.5736436910006,1.200914894241248,134.98040342581953,0.009432171644965542,0.0020805427111457034
123.30158247206654,209.99999999994446,28.203936466571683,599.9999587918553,1.6221624813663293,1219.5064220986787,1.6221949999944916,277.52599646881026,140.75855639416338,1.5719895510018886,928.6270060302963,928.5709874633587,1.5713150000028138,274.36910096839193,928.5709874633587,1.5213024155038817,205.39153563807318,1.5211964673017655,274.36910096839193,1.520794986221711,115.48327403780607,254.8130489155836,115.48327404035348,1.4203133733656739,224.20039362391083,1.4196555764688084,254.8130489155836,224.20039362391083,261.4229009409537,1.4195131039396582,1.4114450034554094,252.98657594054873,1.361375200599087,44.63303583899932,166.2332337239315,44.63303585000729,1.2612269263865525,210.00028925317798,166.2332337239315,210.00028925317798,269.95154955996674,1.2609778015533242,1.2516150022978247,164.34093569707778,1.2009146802049069,151.3447111408242,0.009661974859060196,0.0019689283936160503,123.07376636420508,206.94090643488715,28.091282118711746,599.9946473518145,1.6221625877210484,1219.4759667235016,1.622193834231139,277.02892313039916,136.0705978660661,1.5719911109791325,925.280230040701,925.1998622043457,1.5713166981557665,274.5663623952199,924.8387358080793,1.5212898406806659,198.98919674119654,1.5211734645754549,273.6633075157089,1.520795168944435,114.82214185299976,253.7789652079391,114.88966082731405,1.420229177625389,224.1389236384794,1.4196014989944028,253.97348112988388,224.31036842395477,262.16325980481366,1.4194454514910653,1.411442314384943,251.57767057592574,1.3613878746694363,42.26847476282663,164.76609430044243,42.34645108917721,1.2611513053947152,209.74897558373846,164.36006408900283,209.90284797517216,271.9210978067402,1.2608811887714515,1.2516153138296977,162.57543879653247,1.2009149571073692,134.98774463091982,0.009432389816952515,0.0020813405103137627
123.30158247209269,209.99999999995038,28.203936381285022,599.9999587901326,1.6221624813669069,1219.5064205282447,1.6221949999950191,277.52599646424363,140.75855628700515,1.5719895510018738,928.6270060072371,928.5709874359328,1.5713150000028309,274.36910096386964,928.5709874359325,1.5213024155395725,205.39153559212613,1.5211964673374634,274.36910096386964,1.5207949862574233,115.4880737435804,254.81081395900011,115.48807374612471,1.4203133736171338,224.20596656774939,1.419655577842721,254.81081395900011,224.20596656774939,261.4311933284856,1.4195131057195178,1.411445003450161,252.98421754482706,1.3613751965271472,44.63774987362492,166.234915199709,44.63774988449696,1.2612269174821955,210.00028658400782,166.234915199709,210.00028658400782,269.94573306620657,1.2609777886446798,1.2516150013103131,164.34278674769104,1.200914677578448,151.32498026810296,0.009662105477235951,0.0019688139587099003,123.07248902925573,206.9369814337376,28.090001427280328,599.9946165423719,1.6221625916529276,1219.4758217163592,1.6221938409111298,277.02798601973313,136.06774514209275,1.5719911202415593,925.2780618020962,925.1976476589151,1.571316705557889,274.56502375042487,924.8368881967036,1.5212899122454329,198.9829397035896,1.5211734061888091,273.6608225926573,1.5207951266801143,114.82611089454802,253.77559813614252,114.89365532828494,1.4202290039935932,224.14469059649008,1.4196013430024397,253.9694582736916,224.316242790931,262.1711442733144,1.4194452242884243,1.4114423214886807,251.57276255771382,1.3613879432182097,42.27489800482143,164.76708575882685,42.35315459559491,1.2611513467949345,209.7493819194366,164.3615891185025,209.90415617790754,271.9170870120018,1.260881094774054,1.2516153052729302,162.5772023348527,1.2009150191923335,134.9950665248776,0.009432608982715095,0.0020821270496110835
123.30158247211615,209.99999999995472,28.203936304180196,599.9999587885767,1.6221624813674294,1219.5064191084698,1.622194999995497,277.52599646011447,140.75855619012776,1.5719895510018635,928.6270059863893,928.5709874111424,1.5713150000028475,274.36910095977447,928.5709874111421,1.5213024155752461,205.3915355505708,1.5211964673731437,274.36910095977447,1.5207949862931167,115.49286141951637,254.8085846611571,115.49286142205482,1.420313373868749,224.21152553313863,1.4196555792138796,254.8085846611571,224.21152553313863,261.439464775929,1.4195131074955838,1.4114450034448311,252.98186512559758,1.3613751925160615,44.642401166909806,166.23656372305874,44.64240117764899,1.261226906607493,210.0002839410986,166.23656372305874,210.0002839410986,269.93995095470564,1.260977773856961,1.2516150003443887,164.34460411726184,1.2009146750219082,151.30528520956312,0.009662239399481753,0.0019686939009802003,123.07121615613335,206.9330867414772,28.08873215537591,599.9945865426645,1.622162595390297,1219.4756794633756,1.6221938473698285,277.0270527719928,136.06490572442456,1.571991129534546,925.2758995171241,925.1954347832642,1.571316713021186,274.5636947674786,924.835042255108,1.5212899837603724,198.97670808312589,1.5211733492117518,273.6583613454875,1.520795085429063,114.83006588949934,253.77223294878385,114.897635782659,1.4202288308142583,224.15044182795435,1.4196011874817513,253.96544860856477,224.32209674685768,262.1790157910723,1.4194449986712778,1.411442328723204,251.56786886579133,1.3613880122639768,42.28126198384348,164.768052746101,42.3597963697498,1.2611513855790262,209.74978825513466,164.36308589269964,209.9054619029862,271.91309068796,1.2608810000732749,1.2516152969527288,162.5789355487649,1.2009150814584357,135.00239584619789,0.009432827933847391,0.0020829032892262477
123.30158247213703,209.9999999999588,28.2039362344723,599.9999587871714,1.6221624813679032,1219.5064178249013,1.6221949999959304,277.52599645637935,140.75855610254453,1.5719895510018511,928.6270059675427,928.570987388726,1.5713150000028615,274.36910095606373,928.5709873887263,1.5213024156108768,205.39153551297437,1.5211964674087812,274.36910095606373,1.5207949863287664,115.49763708902799,254.80636101127857,115.49763709156579,1.4203133741205654,224.21707054711896,1.4196555805823357,254.80636101127857,224.21707054711896,261.44771532391076,1.4195131092679087,1.4114450034394563,252.9795186714436,1.3613751885647138,44.64699049940992,166.2381797455442,44.64699051001621,1.26122689380564,210.0002813243141,166.2381797455442,210.0002813243141,269.9342034592712,1.2609777572319687,1.251614999399387,164.3463882441328,1.200914672533381,151.28562615455206,0.009662376083407146,0.0019685685811157505,123.07000120848357,206.9293549594962,28.087505664087583,599.9945579254322,1.6221625986914083,1219.4755385671206,1.622193853427178,277.0262357631996,136.06210031175837,1.5719911398040602,925.2738302576628,925.1933291909642,1.5713167212972308,274.5624472574192,924.8332121764206,1.5212900570566454,198.9709881208063,1.5211733002656405,273.65606478496517,1.5207950516371394,114.83401825071373,253.76899883455152,114.90161126219668,1.4202286654681495,224.15613082244798,1.4196010408891024,253.9615836263937,224.3278750815189,262.18683691354863,1.4194447844103961,1.4114423363789956,251.56312686399215,1.3613880864736303,42.28756145265039,164.76907296434695,42.36636529983459,1.26115143178638,209.7501896355194,164.36464901640187,209.9067032089908,271.90910401104924,1.260880911511101,1.2516152898961364,162.5806921273849,1.2009151457396954,135.00980983945072,0.009433031893651366,0.0020836760322213888
123.30158247215763,209.99999999996265,28.203936171451968,599.9999587858994,1.6221624813683297,1219.506416664471,1.6221949999963203,277.5259964530088,140.7585560233617,1.5719895510018405,928.6270059505014,928.5709873684589,1.5713150000028715,274.3691009527273,928.5709873684589,1.5213024156464492,205.39153547903635,1.5211964674443592,274.3691009527273,1.5207949863643555,115.50240077549378,254.8041429986836,115.50240077802727,1.4203133743725758,224.2226016366422,1.419655581948084,254.8041429986836,224.2226016366422,261.4559450130546,1.4195131110364905,1.4114450034340091,252.97717817107736,1.3613751846719255,44.65151864196963,166.23976371202286,44.651518652445446,1.2612268791183796,210.0002787336094,166.23976371202286,210.0002787336094,269.9284907751776,1.260977738810082,1.2516149984746106,164.34813956133667,1.2009146701110132,151.26600328455692,0.0096625150219035,0.0019684383388440503,123.0692686860877,206.92672945197052,28.08656432009294,599.9945363193231,1.622162598608047,1219.4753913756451,1.6221938569142431,277.0264598128923,136.05944200768784,1.5719911600777734,925.2724531080015,925.1920860399194,1.5713167374647947,274.56188486818576,924.8314138235498,1.5212901532486613,198.9697216840176,1.5211733229612543,273.6551494335987,1.520795085978426,114.8380303099651,253.76693516564865,114.90562712570022,1.420228568980904,224.1613938617604,1.4196009706167916,253.95889809297768,224.33310432548703,262.1943345489938,1.4194446630105055,1.4114423489585308,251.5594905146473,1.3613882145525587,42.293748568738124,164.77074709102354,42.372753971711994,1.2611515640643314,209.75073967530585,164.36705853778344,209.90748614850662,271.9052138054491,1.2608808886192178,1.2516152938312108,162.58291898289033,1.2009152370444436,135.01799627840413,0.009433097317727622,0.002084498731690417
123.30158247217905,209.99999999996646,28.203936114477678,599.9999587847476,1.622162481368714,1219.5064156153667,1.622194999996672,277.52599644996667,140.75855595177615,1.571989551001826,928.6270059350986,928.5709873501314,1.5713150000028782,274.3691009497144,928.5709873501313,1.5213024156819634,205.39153544835773,1.521196467479879,274.3691009497144,1.5207949863998862,115.50715250225115,254.80193061253732,115.50715250478237,1.4203133746248005,224.2281188287007,1.41965558331115,254.80193061253732,224.2281188287007,261.46415388413686,1.4195131128013547,1.4114450034284995,252.97484361300644,1.3613751808366572,44.65598635587855,166.24131606130288,44.655986366224965,1.2612268625862502,210.00027616884387,166.24131606130288,210.00027616884387,269.9228130617408,1.2609777186304973,1.2516149975694524,164.34985849708966,1.2009146677531084,151.24641677348092,0.00966265574118475,0.0019683034941119504,123.06857616357901,206.9240799499075,28.085635759150914,599.9945127974985,1.622162599847353,1219.4752398697733,1.6221938619063678,277.02671827774157,136.05687241231823,1.571991177960869,925.2711883331573,925.190922620859,1.5713167509843737,274.5613618226969,924.8297323552667,1.5212902446821495,198.96863206213834,1.521173340117432,273.6543228667885,1.520795112653048,114.8420432471288,253.76487463747566,114.90964006282942,1.4202284728047254,224.16664820128122,1.4196009005539358,253.95623224146883,224.3383175083014,262.2018465428712,1.4194445435183642,1.4114423594386087,251.55587944698968,1.3613883354311385,42.29986098878729,164.77240683776935,42.379064243615645,1.2611516876763604,209.7511906088245,164.36944762452654,209.9081501605011,271.90122230497275,1.260880861634931,1.2516152957006597,162.58514061862058,1.2009153167676965,135.0264456459902,0.009433150052829685,0.0020853106055382406
123.30158247219677,209.99999999996976,28.203936062969017,599.999958783708,1.622162481369063,1219.5064146669074,1.622194999996991,277.52599644721323,140.75855588705738,1.5719895510018165,928.6270059211681,928.570987333575,1.571315000002886,274.3691009469825,928.5709873335752,1.52130241571743,205.39153542061626,1.5211964675153509,274.3691009469825,1.5207949864353676,115.51189229259707,254.79972384186624,115.51189229512444,1.4203133748772672,224.23362215029536,1.4196555846715668,254.79972384186624,224.23362215029536,261.4723419780635,1.4195131145625375,1.4114450034229513,252.97251498561695,1.3613751770579683,44.660394393009284,166.24283722662358,44.660394403229944,1.261226844248661,210.00027362978676,166.24283722662358,210.00027362978676,269.9171704448888,1.2609776967313069,1.2516149966833676,164.35154547519073,1.2009146654580083,151.2268667879222,0.009662797798924396,0.001968164348203299,123.0678900598389,206.9214329735853,28.08472049258361,599.9944869452162,1.62216260149513,1219.4750861660011,1.6221938673190845,277.0269793764038,136.05430207770945,1.5719911955633694,925.2699276514354,925.189764628583,1.571316764219928,274.56084991879936,924.8280467125342,1.521290334359218,198.96754575553862,1.521173356228783,273.6535262430051,1.5207951381190712,114.8460497462689,253.76282939418797,114.9136474398474,1.4202283770527286,224.17189216797357,1.4196008312241746,253.95359549405669,224.3435152991768,262.2093388290965,1.4194444259597527,1.4114423697073641,251.55229450374216,1.3613884540308199,42.30590735531473,164.77403883377158,42.38530722735284,1.261151806644763,209.75161676577613,164.3718021489799,209.90876461936165,271.8972283927137,1.2608808323166951,1.2516152975816484,162.5873214903925,1.2009153943852233,135.03497820003636,0.009433201195173801,0.00208611185746059
123.30158247221249,209.99999999997232,28.203936016401677,599.9999587827693,1.6221624813693798,1219.506413809439,1.622194999997281,277.5259964447208,140.75855582854757,1.571989551001806,928.627005908577,928.5709873185983,1.5713150000028913,274.3691009445065,928.5709873185984,1.521302415752837,205.39153539550603,1.5211964675507632,274.3691009445065,1.5207949864707886,115.51662016981135,254.79752267569523,115.51662017233421,1.4203133751299588,224.239111628417,1.4196555860293214,254.79752267569523,224.239111628417,261.480509335763,1.4195131163200276,1.411445003417342,252.97019227727367,1.361375173334872,44.66474349593686,166.24432763564255,44.66474350603208,1.2612268241438647,210.00027111629646,166.24432763564255,210.00027111629646,269.91156301947103,1.2609776731494688,1.2516149958157974,164.3532009149784,1.2009146632241494,151.2073534874382,0.0096629407824876,0.001968021184796199,123.06720849620342,206.91884408930068,28.083819202153833,599.9944598882056,1.6221626033679828,1219.474931838134,1.622193872992953,277.02723766566555,136.0517657481027,1.5719912130366847,925.2686967378771,925.1886295957789,1.5713167772544803,274.5603484601438,924.826395300288,1.5212904230646498,198.9664937068276,1.5211733721299323,273.6527494651814,1.5207951625596172,114.8500571233213,253.76080802044729,114.91765393895307,1.4202282826863928,224.17711940429749,1.4196007637533303,253.9509928759091,224.34869836732796,262.21679789385126,1.41944431027022,1.411442379780629,251.54875169664004,1.361388570715257,42.31189569351469,164.77565266565074,42.391489096149854,1.261151922898933,209.7520528333546,164.37413371599993,209.90936421228201,271.89325859828233,1.260880802359021,1.2516152995261058,162.58947601472792,1.200915470666859,135.04358354223507,0.00943325557885143,0.00208690366670291
123.30158247222874,209.99999999997544,28.20393597430197,599.999958781919,1.6221624813696645,1219.5064130342316,1.6221949999975411,277.52599644247505,140.75855577565034,1.5719895510017914,928.6270058971941,928.5709873050538,1.5713150000028926,274.3691009422864,928.5709873050534,1.5213024157881656,205.39153537285318,1.5211964675860965,274.3691009422864,1.52079498650613,115.52133615714448,254.7953271029209,115.52133615966588,1.4203133753829011,224.24458729007983,1.4196555873844456,254.7953271029209,224.24458729007983,261.4886559981875,1.419513118073859,1.4114450034116985,252.96787547624993,1.3613751696665548,44.66903439809257,166.24578771128927,44.66903440806425,1.2612268023092,210.000268628072,166.24578771128927,210.000268628072,269.90599085145345,1.2609776479210475,1.2516149949662765,164.35482523202035,1.2009146610500427,151.18787702480188,0.009663084307255803,0.00196787427096195,123.06652614979127,206.91629940547946,28.082931376539477,599.9944321794569,1.6221626051269082,1219.4747781750636,1.62219387856511,277.0274952525771,136.0492671196938,1.5719912306919703,925.2674900109515,925.1875116782176,1.5713167904419687,274.55984882940555,924.8247647602896,1.5212905117949953,198.96548033637802,1.5211733893355692,273.65197825815335,1.5207951878791437,114.85406332982397,253.75880339726586,114.92165868223412,1.4202281899885059,224.18233191789713,1.419600697984312,253.9484225025881,224.3538663781475,262.2242265525144,1.419444197029825,1.4114423899833033,251.5452442839,1.3613886878118355,42.31782631204848,164.77724782884783,42.39761046732933,1.261152036994798,209.75244925842594,164.37643652315842,209.90992911800868,271.8892888038509,1.2608807717299373,1.251615301735979,162.59160642867334,1.2009155476277613,135.05226464353132,0.009433312709517118,0.002087685588761492
123.30158247224337,209.99999999997686,28.20393593624104,599.999958781151,1.6221624813699225,1219.5064123333932,1.622194999997777,277.52599644044335,140.7585557278276,1.5719895510017836,928.6270058869009,928.5709872928177,1.571315000002898,274.36910094026683,928.5709872928176,1.521302415823434,205.39153535234712,1.5211964676213694,274.36910094026683,1.5207949865414108,115.52604027782462,254.79313711250506,115.52604028034057,1.4203133756360962,224.25004916224844,1.4196555887369477,254.79313711250506,224.25004916224844,261.49678200632735,1.4195131198240407,1.4114450034060217,252.96556457084603,1.3613751660521853,44.67326782388189,166.24721787176588,44.67326783373193,1.2612267787810547,210.0002661648648,166.24721787176588,210.0002661648648,269.90045397993487,1.2609776210811754,1.2516149941343495,164.35641883814077,1.2009146589342947,151.16843754625324,0.00966322801503415,0.0019677238581097003,123.06583480144756,206.91382417952929,28.082043550925125,599.9944063864235,1.6221626060855643,1219.4746291791394,1.622193883439029,277.0277245698958,136.0469244707507,1.5719912491098642,925.2663815189653,925.1864338353708,1.5713168041450716,274.55932726365927,924.8231993417044,1.5212906018208563,198.96457526506043,1.5211734105845,273.65116666285655,1.5207952162018543,114.85806895105176,253.75683332211293,114.92565523166704,1.4202281013344864,224.18751197458195,1.4196006362211295,253.94591536262837,224.35899155922374,262.23157553595564,1.4194440887908273,1.4114424008226982,251.54181440166744,1.3613888083752486,42.323690568399236,164.7788301257911,42.403658377116066,1.2611521508944532,209.7527019794089,164.378698965599,209.91041226106432,271.88523700880546,1.2608807419321229,1.2516153038073745,162.59375623035504,1.2009156290944651,135.06105121337515,0.009433383189459299,0.0020884560944214483
