air,second_air2,COG,burner_input_T_PV,burner_inputP,burner_output_T_PV,burner_output_P_PV,fur_F,fur_inputT,fur_inputP,fur_temp,fur_outputT,fur_outputP_PV,WHB_F,WHB_inputT,WHB_inputP,WHB_outputT,WHB_outputP,SEP1_F,SEP1_P_PV,SEP1_T,HEATER1_F,HEATER1_input_T,HEATER1_input_P,HEATER1_output_T_PV,HEATER1_output_P,cat1_F,cat1_input_temp,cat1_output_temp,cat1_input_P,cat1_output_P_PV,SEP2_F,SEP2_P_PV,SEP2_T,HEATER2_F,HEATER2_input_T,HEATER2_input_P,HEATER2_output_T_PV,cat2_F,cat2_input_temp,cat2_output_temp,cat2_input_P,cat2_output_P_PV,SEP3_F,SEP3_P_PV,SEP3_T,B35_H2S,B35_SO2,air_pred,second_air2_pred,COG_pred,burner_input_T_PV_pred,burner_inputP_pred,burner_output_T_PV_pred,burner_output_P_PV_pred,fur_F_pred,fur_inputT_pred,fur_inputP_pred,fur_temp_pred,fur_outputT_pred,fur_outputP_PV_pred,WHB_F_pred,WHB_inputT_pred,WHB_inputP_pred,WHB_outputT_pred,WHB_outputP_pred,SEP1_F_pred,SEP1_P_PV_pred,SEP1_T_pred,HEATER1_F_pred,HEATER1_input_T_pred,HEATER1_input_P_pred,HEATER1_output_T_PV_pred,HEATER1_output_P_pred,cat1_F_pred,cat1_input_temp_pred,cat1_output_temp_pred,cat1_input_P_pred,cat1_output_P_PV_pred,SEP2_F_pred,SEP2_P_PV_pred,SEP2_T_pred,HEATER2_F_pred,HEATER2_input_T_pred,HEATER2_input_P_pred,HEATER2_output_T_PV_pred,cat2_F_pred,cat2_input_temp_pred,cat2_output_temp_pred,cat2_input_P_pred,cat2_output_P_PV_pred,SEP3_F_pred,SEP3_P_PV_pred,SEP3_T_pred,B35_H2S_pred,B35_SO2_pred
149.20366692969594,270.0000180260792,36.29292133667698,599.999940274408,1.6221411721332286,1219.5064091662364,1.6221949390926138,336.86734617783065,144.1332764894668,1.5723116931792644,932.2920626109251,932.6596360514837,1.57131507881441,333.03967191118704,932.6596360514723,1.5214464668427894,348.48988168766954,1.5212899096587416,333.03967191118704,1.5207957654428008,189.08370817809848,317.6774534208963,189.08370817809785,1.4267381986090657,274.5117598057772,1.4255219219326511,317.6774534208963,274.51175980577716,311.31135734491363,1.425277923257092,1.4114470387988745,315.3761884815012,1.3613642385589313,70.44887250734608,241.63190201843423,70.4488725075592,1.2671678129566408,155.00187084069574,241.63190201843423,155.0018708406953,174.67810475641653,1.266698682666867,1.2516140428008844,240.75964824302696,1.2009156518818993,100.35904844495272,0.030763134214968305,0.01338704397553305,122.08744361759263,185.2831377928463,24.74887127378344,600.5575976512616,1.6220869559495457,1219.8291338913984,1.622120576966876,276.5015103293986,116.45934399020501,1.5719763025305398,906.0399366778934,901.2372875876138,1.5713117505851815,272.0037007177792,903.3973652588455,1.5209537578793009,158.01862449145665,1.520921797630891,272.14138397772984,1.520353142864695,123.35225886893319,245.13761696413488,124.3582402679226,1.4199445492441618,239.19595143550055,1.4192049969310496,243.67410217452502,239.74416278042858,286.3959652629081,1.4192173888289048,1.4114164090672638,240.11014238089362,1.360980965417037,49.07069019595008,161.74646954155799,49.637771495955185,1.2600033734907927,176.60037072509522,163.4361583305799,176.3905714278964,227.98609313353637,1.2596859365373243,1.251624409586988,160.40205690484905,1.2006491181638939,132.25815474433438,0.010195234523638573,0.0014081025201807046
149.20271186380285,269.9999881517653,36.29291290302993,599.9999543426468,1.622141256253041,1219.5063849664516,1.6221950231913198,336.8655659585414,144.13356777797432,1.5723115542385968,932.2918347655226,932.6594141788416,1.5713149506312782,333.03788394959406,932.659414178845,1.5214453867125448,348.48621717832737,1.5212888315692215,333.03788394959406,1.520794691194503,189.083723904626,317.6754961173758,189.08372390462534,1.4267364648727403,274.51229602707065,1.4255201990467183,317.6754961173758,274.51229602707065,311.31189620095006,1.4252762023607555,1.4114454298801093,315.3742530396655,1.3613744119309203,70.4498462263843,241.63151801595342,70.44984622661472,1.2671685986400318,155.00019018976104,241.63151801595342,155.00019018976087,174.67593230784706,1.2666994698043454,1.2516149130253347,240.75928984049554,1.2009147828473794,100.34848277254258,0.03076291426956825,0.013386890590479447,122.08734608362113,185.28340552136743,24.74889922605849,600.5575981647523,1.6220869563663527,1219.8291368490666,1.6221205776156322,276.5012720571157,116.45960124543765,1.5719762999329485,906.0401658927518,901.2375246963422,1.5713117488526305,272.00346500348667,903.3976057071402,1.520953748536642,158.0182929635015,1.5209217872444483,272.1411841254345,1.520353133635398,123.3522790609163,245.13738664394484,124.35825431451943,1.419944534935092,239.19608126315984,1.419204984573177,243.67391624331705,239.74427922379311,286.3960981487903,1.4192173744692236,1.411416406063319,240.10993928467298,1.3609809546528797,49.07071334554881,161.74636661152724,49.63778322508512,1.260003358775075,176.60035338149834,163.43604152517736,176.3905785511594,227.98606600098026,1.2596859241322256,1.2516244068751332,160.40196841723213,1.2006491089485107,132.2581651426419,0.01019523321748903,0.001408109830201178
149.20268745938418,270.00000266356284,36.29291741257232,599.999959068356,1.6221412324546218,1219.5064095467012,1.62219499940158,336.8655287328291,144.13358012201343,1.5723116193802427,932.2918152456625,932.659383688368,1.5713150160405807,333.0378518610611,932.659383688368,1.5214456556081357,348.4861238223541,1.5212891005265607,333.0378518610611,1.5207949602526987,189.08370863617165,317.67532944669125,189.08370863617233,1.4267360561749947,274.51232518067195,1.4255197911136324,317.67532944669125,274.5123251806719,311.31199628161966,1.425275794560075,1.4114450284734656,315.37408045368306,1.3613750072519148,70.4508124502465,241.63152942475415,70.45081245046913,1.2671686955513701,155.0001330654319,241.63152942475415,155.00013306543212,174.67596234934837,1.2666995659167837,1.2516150016783198,240.75929963620732,1.2009147866240473,100.33784202770386,0.030762647526798196,0.013386711330850351,122.08735500727502,185.28339541840438,24.74890127134691,600.5575992707323,1.622086955432705,1219.8291385314099,1.6221205766809834,276.5012940055574,116.45961307326444,1.5719763015915174,906.04016738116,901.2375246963422,1.5713117504540932,272.0034897238925,903.3976090466998,1.5209537575803358,158.01834600797432,1.5209217963449504,272.1412071049667,1.5203531431088564,123.35227613454194,245.13738664394484,124.35824846177074,1.4199445377064137,239.1960718941535,1.4192049866677316,243.67391791837298,239.74427119321626,286.3961004010934,1.4192173772535064,1.4114164080457574,240.10994265556462,1.3609809639624213,49.07071334554881,161.7463787209426,49.637784459730376,1.2600033616528155,176.60035214267,163.4360541391517,176.3905618269767,227.98605273617505,1.2596859275212473,1.2516244089234492,160.40198283375398,1.2006491174167007,132.25819485209192,0.010195231198894615,0.0014081114018605365
149.20268966731066,269.9999998474075,36.292916805172666,599.9999590301877,1.6221412323512783,1219.5064064226463,1.6221949992968554,336.865532188923,144.1335785601224,1.5723116052604125,932.2918161254156,932.6593851450643,1.5713150018911048,333.03785502960716,932.6593851450643,1.5214456890061439,348.4861313475834,1.5212891339248293,333.03785502960716,1.5207949936491776,189.08370206146014,317.6752725551283,189.0837020614606,1.4267360240635614,274.51233392347035,1.4255197593286055,317.6752725551283,274.5123339234696,311.3120355779887,1.425275762833214,1.4114449995316747,315.3740218525367,1.3613750253920558,70.4517751878287,241.63145155716217,70.45177518805383,1.267168689542026,155.00013673181354,241.63145155716217,155.0001367318131,174.676075965316,1.2666995594290504,1.2516149971917714,240.759216822286,1.200914772505973,100.3271662360747,0.030762405647760997,0.013386543944608302,122.087356885939,185.28339036692284,24.748900248702704,600.557599507728,1.622086955260425,1219.8291389384285,1.6221205765215434,276.5012982196582,116.45961307326444,1.5719763018248838,906.04016738116,901.2375246963422,1.5713117506944219,272.0034928574651,903.3976090466998,1.5209537590253337,158.0183592690925,1.5209217977298095,272.1412112830635,1.520353144573824,123.35227613454194,245.13738413136093,124.358247291221,1.4199445379892017,239.1960718941535,1.4192049869295509,243.67391708084503,239.7442685163573,286.3961026533965,1.419217377614432,1.4114164083679035,240.10993928467298,1.360980965417037,49.07071334554881,161.7463807391785,49.637784459730376,1.2600033619144282,176.60034470969993,163.43605489599017,176.39055625224913,227.98604308904402,1.259685927649135,1.2516244092119442,160.40198581648264,1.2006491186393804,132.25820376492692,0.01019523143637629,0.001408111602886861
149.2026881582945,269.9999999405942,36.29291676699597,599.9999587576569,1.6221412329865719,1219.5064055577977,1.6221949999321432,336.86552961942414,144.1335789492167,1.5723116036012406,932.2918151733852,932.6593840575715,1.5713150002469296,333.0378524996058,932.6593840575716,1.521445693061647,348.48612534517105,1.5212891379832747,333.0378524996058,1.5207949977129704,189.08369927568458,317.67523593687565,189.08369927568492,1.4267360213447315,274.51234090250523,1.4255197568380522,317.67523593687565,274.5123409025047,311.31206009170523,1.4252757603839143,1.4114449990783187,315.37398433428416,1.3613750233433854,70.45273526821336,241.6313250197026,70.45273526844096,1.2671686803078372,155.00013798700473,241.6313250197026,155.0001379870052,174.67618416447505,1.266699549928085,1.251614996383108,240.75908594556748,1.2009147650123335,100.31647206257423,0.0307621736581949,0.013386388290499403,122.08735563349636,185.2833853154413,24.74889922605849,600.5575996657252,1.6220869552270802,1219.8291391283703,1.62212057647756,276.5012955858452,116.45961011630774,1.571976301841553,906.0401658927518,901.2375246963422,1.5713117507282863,272.003490420242,903.3976090466998,1.520953759299385,158.01834600797432,1.5209217979276466,272.1412071049667,1.5203531446226564,123.35227554926706,245.13738078124908,124.35824670594614,1.4199445377064137,239.19607457101245,1.4192049866677316,243.67391205567725,239.74426985478678,286.39610941030577,1.4192173774081889,1.4114164083899308,240.10993422833553,1.3609809655624987,49.07071272822618,161.74637771182466,49.63778384240775,1.2600033617182187,176.6003422320432,163.43605363459275,176.39055377459243,227.98603947136985,1.2596859274573036,1.2516244092754132,160.40198283375398,1.2006491188658026,132.2582052503994,0.01019523084267212,0.0014081115115112553
149.20268792222583,270.0000000265694,36.29291584480261,599.9999588332498,1.6221412329772278,1219.5064057971485,1.6221949999222933,336.86552914291156,144.13357898055415,1.5723116033290863,932.2918147337117,932.659383652903,1.5713149999779574,333.0378521069758,932.659383594617,1.5214456943058172,348.4861238649462,1.5212891392280623,333.0378521069758,1.5207949989589167,189.08369865000523,317.6752168406933,189.08369865000603,1.4267360208596638,274.5123453124004,1.425519756477806,317.6752168406933,274.51234531240027,311.3120745077729,1.425275760046214,1.4114449998508092,315.37396473072886,1.3613750223175922,70.45368904069615,241.63116475048417,70.45368904095795,1.2671686679581433,155.00013763438244,241.63116475048417,155.00013763438244,174.67629331697253,1.2666995374217311,1.2516149977038822,240.75892233798635,1.2009147622253422,100.30575480340264,0.030761944143200146,0.013386240723258152,122.08735547694103,185.28338026395977,24.748900248702704,600.5575996262259,1.622086955182621,1219.8291391826397,1.622120576461066,276.5012969905455,116.45961603022113,1.5719763019165636,906.0401658927518,901.2375246963422,1.571311750781814,272.00349146476617,903.3976090466998,1.52095375959835,158.01835042834705,1.5209217982738612,272.1412091940151,1.520353145110979,123.35227554926706,245.13738161877706,124.35824612067128,1.4199445379892017,239.196073232583,1.4192049867724592,243.67391205567725,239.7442685163573,286.3961071580027,1.4192173775113104,1.411416408469779,240.10993507105843,1.3609809659988834,49.07071272822618,161.74637771182466,49.63778384240775,1.2600033619144282,176.6003397543865,163.4360528777543,176.390552226057,227.98603947136985,1.2596859275212473,1.2516244093215725,160.40198233663253,1.2006491191601514,132.2582067358719,0.010195230723931283,0.001408111602886861
149.20268785489134,269.999999988082,36.292916733483324,599.9999585927119,1.6221412330868215,1219.5064033693093,1.622195000031923,336.86552909943225,144.13357889680645,1.5723116033997977,932.2918149143366,932.6593838161903,1.5713150000486067,333.0378519796368,932.6593838161908,1.5214456947931696,348.4861241283753,1.5212891397153998,333.0378519796368,1.520794999446116,189.08369916912403,317.675205729622,189.08369916912454,1.4267360202422399,274.51234880306913,1.4255197559133865,317.675205729622,274.5123488030691,311.3120838888266,1.4252757594913765,1.4114449998157492,315.3739532974906,1.3613750217817522,70.45464458098185,241.63102603405056,70.45464458125238,1.2671686570761147,155.00013797747084,241.63102603405056,155.00013797747084,174.67639869053681,1.266699526355771,1.2516149962377174,240.75877848301064,1.200914758461114,100.295050341682,0.030761724186846248,0.013386106799854957,122.08735579005169,185.28339036692284,24.74890127134691,600.5575996262259,1.6220869551659485,1219.8291391555051,1.6221205764225806,276.50129786848316,116.45961603022113,1.5719763020137996,906.0401658927518,901.2375246963422,1.5713117508692063,272.0034939019893,903.3976157258192,1.5209537600467977,158.01835484871978,1.5209217987437242,272.14121058671407,1.5203531455993016,123.35227525662962,245.13738329383298,124.35824612067128,1.4199445380457594,239.19607457101245,1.419204986824823,243.67391121814927,239.7442685163573,286.39611166260886,1.4192173777175536,1.4114164085689007,240.10993422833553,1.3609809664837555,49.07071149358091,161.74637771182466,49.63778260776249,1.260003361849025,176.60033851555818,163.4360526254748,176.39054603191525,227.98603525075,1.2596859274573036,1.2516244094369706,160.40198283375398,1.2006491195903535,132.25820970681693,0.010195230367708794,0.0014081115846117395
149.20268785956728,270.00000000269006,36.29291688532258,599.9999587596719,1.6221412330560654,1219.5064057320396,1.6221950000014067,336.86552911538286,144.13357906240321,1.5723116033794744,932.2918149549275,932.6593838245544,1.5713150000281921,333.03785198767207,932.6593838245547,1.5214456951247235,348.4861241580316,1.5212891400470678,333.03785198767207,1.5207949997779866,189.08370041787614,317.6752002551125,189.0837004178761,1.4267360200951233,274.5123514585325,1.4255197557924233,317.6752002551125,274.5123514585323,311.3120898297254,1.4252757593751404,1.4114449998840057,315.37394764529154,1.3613750211886657,70.45559865310162,241.63088194562374,70.45559865337215,1.2671686458910139,155.0001380109137,241.63088194562374,155.00013801091373,174.67650254866544,1.266699514984103,1.2516149961087657,240.7586302868275,1.2009147560076512,100.28434915282651,0.030761507124206954,0.013385981209042955,122.08735469416436,185.28339036692284,24.748902293991122,600.5575995867266,1.6220869551492763,1219.8291391826397,1.622120576389593,276.5012982196582,116.45961307326444,1.5719763020610285,906.0401658927518,901.2375246963422,1.5713117509249188,272.00349355381456,903.3976157258192,1.520953760320849,158.01835484871978,1.52092179901575,272.1412091940151,1.520353145843463,123.35227554926706,245.13737910619315,124.35824612067128,1.4199445378760867,239.19607457101245,1.4192049867200955,243.67390786803742,239.74426985478678,286.39611166260886,1.4192173776659929,1.4114164086239684,240.1099317001668,1.3609809667746786,49.07071056759696,161.74637569358876,49.63778199043986,1.2600033617836217,176.60033851555818,163.43605111179787,176.39054572220817,227.98603283896725,1.2596859273294159,1.2516244095177491,160.4019808452682,1.200649119839418,132.25820970681693,0.010195230011486325,0.0014081115663366172
149.20268785742127,270.00000000007833,36.292916894563405,599.9999587732866,1.6221412330539822,1219.5064058872779,1.62219499999933,336.8655291118565,144.13357907338056,1.5723116033653068,932.2918149550077,932.6593838236256,1.5713150000140441,333.0378519838082,932.6593838236261,1.5214456952839424,348.48612415022876,1.521289140206308,333.0378519838082,1.520794999937256,189.08370202744058,317.67519749050706,189.08370202744038,1.42673602009515,274.5123537544152,1.425519755801795,317.67519749050706,274.5123537544152,311.3120941059948,1.425275759386215,1.4114449999571144,315.37394476915773,1.3613750208579842,70.45655086528666,241.63073545909407,70.45655086555783,1.2671686344703965,155.00013786755795,241.63073545909407,155.00013786755795,174.67660577038978,1.2666995033881823,1.2516149960935996,240.7584797268471,1.2009147545886552,100.2736538036895,0.030761292443192246,0.0133858624490741,122.0873543810537,185.28340046988592,24.748902634872522,600.5575996262259,1.6220869551270465,1219.8291392369088,1.622120576378597,276.50129646378286,116.45961603022113,1.5719763021193702,906.0401658927518,901.2375246963422,1.5713117510134034,272.0034897238925,903.3976157258192,1.5209537607942103,158.01835042834705,1.5209217995103426,272.1412064086173,1.5203531461852888,123.35227496399219,245.13737659360925,124.35824495012155,1.4199445377064137,239.19607590944193,1.419204986458276,243.6739053554535,239.74426985478678,286.39611391491195,1.4192173774855301,1.4114164087230905,240.1099274865523,1.3609809672110633,49.07071025893565,161.74637367535286,49.637781373117235,1.2600033617836217,176.60033665731564,163.43605010267993,176.39054665132943,227.98602801540173,1.2596859270736407,1.2516244096042977,160.40197935390387,1.2006491202696201,132.25821564870694,0.0101952298927455,0.0014081115480614964
149.2026878561386,269.9999999999731,36.29291689417296,599.9999587740608,1.6221412330541565,1219.506405883031,1.6221949999995042,336.8655291096434,144.133579073399,1.5723116033592421,932.2918149540335,932.6593838226262,1.5713150000079898,333.03785198163706,932.6593838226261,1.5214456953740572,348.4861241449963,1.521289140296434,333.03785198163706,1.5207950000273975,189.08370381973873,317.6751962921521,189.08370381973828,1.4267360201615842,274.5123558148531,1.425519755867736,317.6751962921521,274.5123558148531,311.3120973759093,1.4252757594520848,1.4114449999973533,315.3739434985765,1.3613750206589192,70.45750125734631,241.6305877627289,70.45750125761765,1.2671686228942638,155.00013767315045,241.6305877627289,155.00013767315045,174.6767086527663,1.2666994916427714,1.251614996093334,240.75832797530506,1.2009147537002276,100.26296672886943,0.030761079765601794,0.013385749313618401,122.08735500727502,185.28339541840438,24.748902293991122,600.5575997052244,1.622086955093702,1219.8291393725815,1.6221205763346136,276.501299799946,116.45961898717783,1.5719763021888244,906.0401658927518,901.2375246963422,1.571311751063654,272.00349320563987,903.3976157258192,1.5209537610682617,158.01835484871978,1.5209217996587203,272.1412078013162,1.5203531464782822,123.35227525662962,245.13737743113722,124.3582455353964,1.419944537819529,239.19607590944193,1.4192049865630039,243.67390451792556,239.74426985478678,286.39611616721504,1.4192173775886516,1.4114164087809116,240.10992580110647,1.3609809675019866,49.070709641613014,161.74637367535286,49.63778075579461,1.260003361849025,176.60033232141643,163.43604959812095,176.39053952806643,227.9860219859448,1.2596859271375846,1.2516244096677667,160.40197786253955,1.2006491205866112,132.25821713417943,0.010195229774004683,0.0014081115480614964
149.20268785570101,269.9999999999764,36.29291689338325,599.9999587741027,1.6221412330543048,1219.5064058704634,1.6221949999996519,336.86552910885564,144.13357907280937,1.5723116033569418,932.2918149535597,932.6593838220834,1.5713150000056917,333.03785198086047,932.6593838220392,1.521445695421363,348.4861241429077,1.521289140343746,333.03785198086047,1.5207950000747172,189.08370569540205,317.6751960151,189.08370569540244,1.4267360202424073,274.51235753320526,1.425519755943985,317.6751960151,274.51235753320526,311.3120997975303,1.4252757595275227,1.4114450000150367,315.3739431790209,1.3613750205533783,70.45844877339096,241.63041500933886,70.45844877369186,1.2671686110378881,155.00013750354867,241.63041500933886,155.00013750354867,174.67681727547142,1.2666994796544517,1.2516149960957246,240.75815193609063,1.200914753298544,100.25228790889904,0.030760868156658155,0.013385640382838702,122.08735391138771,185.28340552136743,24.748903998398134,600.5575997052244,1.6220869550492425,1219.8291394268508,1.622120576301626,276.5012987464208,116.45961307326444,1.5719763022388316,906.0401658927518,901.2375246963422,1.5713117511084425,272.0034911165915,903.3976157258192,1.5209537612675716,158.01835042834705,1.5209218000296647,272.14120501591833,1.5203531467224436,123.35227496399219,245.1373732434974,124.35824495012155,1.4199445378760867,239.19607724787141,1.419204986458276,243.6739011678137,239.74427119321626,286.3961206718212,1.4192173776402124,1.4114164088359793,240.10992243021482,1.3609809678413969,49.07070902429038,161.74637165711698,49.63778075579461,1.2600033616528155,176.6003310825881,163.4360483367235,176.39054169601604,227.9860219859448,1.2596859270736407,1.2516244097254656,160.40197786253955,1.200649120767749,132.25822159059692,0.010195229417782227,0.0014081114749610153
149.20268785313107,269.99999999641875,36.292916889835446,599.9999587761681,1.6221412330611105,1219.5064058629578,1.622195000006455,336.8655291019669,144.13357906940422,1.5723116033161864,932.2918149515433,932.6593838256326,1.5713149999649612,333.0378519707214,932.6593838256322,1.5214456953503648,348.48612412731416,1.5212891402727662,333.0378519707214,1.5207950000037782,189.08370759718161,317.6751962837878,189.08370759718073,1.4267360204035138,274.5123595136911,1.4255197560937625,317.6751962837878,274.5123595136911,311.3121023463327,1.42527575967526,1.411445000009338,315.3739434064199,1.3613750208608661,70.45939310011273,241.63027557918264,70.45939310045412,1.2671685979328955,155.00013692266782,241.63027557918264,155.00013692266782,174.67691762500368,1.2666994664082443,1.2516149962214116,240.75800759395466,1.2009147535560842,100.2416195649905,0.030760655648907554,0.013385534213879148,122.08735406794304,185.28340046988592,24.748903657516735,600.5575996657252,1.6220869550381278,1219.8291394268508,1.6221205762906301,276.5012982196582,116.45961898717783,1.5719763022888387,906.0401629159355,901.2375246963422,1.571311751164155,272.00349250929037,903.3976190653788,1.5209537615167092,158.01835484871978,1.520921800276961,272.1412064086173,1.520353146966605,123.35227554926706,245.13737240596944,124.35824495012155,1.419944537819529,239.19607724787141,1.4192049864059122,243.67390033028573,239.74427119321626,286.3961206718212,1.419217377614432,1.411416408904814,240.10992243021482,1.3609809681323202,49.070708098306426,161.74637064799902,49.637779521149355,1.2600033616528155,176.60033170200225,163.4360470753261,176.39053859894517,227.98602017710775,1.2596859269457532,1.2516244097947047,160.4019763711752,1.2006491209941712,132.25822456154194,0.010195229299041408,0.0014081113104849451
149.20268785457685,270.0000000011574,36.292916890195094,599.9999587739505,1.6221412330539087,1219.5064058445528,1.6221949999992566,336.8655291069699,144.1335790711801,1.5723116033574962,932.291814952213,932.6593838203667,1.5713150000062588,333.0378519791825,932.6593838203669,1.521445695467787,348.4861241378129,1.5212891403901765,333.0378519791825,1.520795000121157,189.08370949232813,317.675196720711,189.08370949232778,1.4267360205066608,274.51236121910904,1.425519756186409,317.675196720711,274.51236121910904,311.31210442304075,1.4252757597660421,1.4114450000137477,315.37394381189955,1.3613750205778774,70.4603382961239,241.63012876133422,70.46033829646609,1.2671685864758397,155.000136907865,241.63012876133422,155.000136907865,174.6770205074326,1.2666994547804582,1.2516149961843248,240.7578567193201,1.2009147530941053,100.23096700918485,0.0307604470824364,0.013385432316039248,122.08735344172172,185.28341057284896,24.748903316635328,600.5575996262259,1.6220869550325703,1219.8291392911779,1.6221205762906301,276.50129804407067,116.45961603022113,1.5719763023082858,906.0401658927518,901.2375213567826,1.5713117511892802,272.0034921611157,903.3976190653788,1.5209537616911055,158.01835042834705,1.5209218004253386,272.14120501591833,1.5203531471619338,123.35227496399219,245.13737073091352,124.35824495012155,1.4199445377629714,239.1960785863009,1.4192049863535483,243.67389781770186,239.74427119321626,286.3961206718212,1.4192173775113104,1.4114164089240877,240.1099190593232,1.360980968326269,49.07070778964511,161.74637064799902,49.637779521149355,1.260003361522009,176.60032860493138,163.43604530936966,176.39053271451053,227.98601475059652,1.2596859268178655,1.2516244098466338,160.4019758740538,1.200649121175309,132.25822456154194,0.010195229061559783,0.0014081112191093583
149.2026878555513,269.99999999993213,36.292916888823456,599.9999587741895,1.6221412330543747,1219.506405833391,1.6221949999997223,336.8655291083696,144.13357906972678,1.572311603352184,932.2918149525958,932.6593838210656,1.5713150000009348,333.0378519804059,932.6593838210654,1.5214456954800506,348.486124140845,1.5212891404024398,333.0378519804059,1.5207950001334194,189.08371136620184,317.67519741015906,189.08371136620121,1.426736020659841,274.51236285924546,1.4255197563275832,317.67519741015906,274.51236285924546,311.31210634172544,1.4252757599050647,1.4114450000235224,315.3739444767267,1.361375020302505,70.46128170898787,241.62998013598155,70.4612817093308,1.2671685747309185,155.00013675274317,241.62998013598155,155.00013675274317,174.67712307806454,1.2666994428737943,1.251614996132215,240.75770405676792,1.2009147530562363,100.22032799193296,0.030760239510553303,0.013385332959022,122.08735344172172,185.28341057284896,24.74890468016094,600.5575995472274,1.6220869550103407,1219.8291392369088,1.6221205762576425,276.50129751730805,116.45961603022113,1.5719763023694058,906.0401629159355,901.2375180172231,1.5713117512460852,272.0034921611157,903.3976190653788,1.5209537620398983,158.01834600797432,1.5209218008457424,272.1412064086173,1.5203531475037597,123.35227437871731,245.13737156844147,124.35824436484667,1.4199445377629714,239.1960785863009,1.4192049862488205,243.67389698017388,239.74427119321626,286.39612292412426,1.4192173775628711,1.4114164090287165,240.10991400298576,1.3609809687626537,49.07070717232248,161.74636862976314,49.63777890382672,1.2600033615874122,176.60032612727468,163.43604556164917,176.39053209509635,227.98601173586806,1.2596859266899778,1.2516244099331824,160.401973885568,1.2006491214696577,132.25822456154194,0.010195229061559783,0.0014081112556595919
149.20268785508108,269.99999999998664,36.29291688776908,599.9999587741086,1.6221412330545752,1219.5064058234204,1.6221949999999228,336.8655291075191,144.13357906911392,1.5723116033515767,932.2918149521063,932.6593838204964,1.5713150000003329,333.03785197957046,932.6593838204967,1.521445695484234,348.4861241386334,1.5212891404066244,333.03785197957046,1.5207950001376065,189.08371320799978,317.67519819931704,189.08371320799895,1.426736020814674,274.51236444173827,1.4255197564699167,317.67519819931704,274.51236444173827,311.3121081518533,1.425275760045155,1.4114450000313847,315.3739452439278,1.361375020103202,70.46222334550323,241.62983036591424,70.46222334584586,1.267168562837525,155.00013656369143,241.62983036591424,155.00013656369146,174.6772254802317,1.2666994308245976,1.2516149960969993,240.7575502602491,1.2009147531998328,100.20970319776595,0.030760032459371145,0.013385235610400252,122.08735359827705,185.2834156243305,24.748906043686553,600.5575994287295,1.6220869549936683,1219.8291391283703,1.6221205762576425,276.50129962435847,116.45961898717783,1.5719763024666418,906.0401629159355,901.2375246963422,1.571311751332385,272.00349320563987,903.3976224049385,1.5209537624385183,158.01835484871978,1.5209218011424979,272.14120571226783,1.5203531479920824,123.35227437871731,245.13737073091352,124.35824377957181,1.4199445377629714,239.1960785863009,1.419204986144093,243.67389446759,239.74427119321626,286.39612517642735,1.4192173776917731,1.4114164091085646,240.10991484570866,1.3609809692475257,49.07070593767722,161.74636963888108,49.63777766918147,1.2600033616528155,176.60032488844635,163.43604404797225,176.39052806890422,227.98601173586806,1.2596859265620903,1.2516244100139609,160.40197338844655,1.2006491218545754,132.25822753248693,0.010195229299041408,0.0014081112008342421
149.20268788662258,270.0000000043687,36.29291679884658,599.999958774113,1.6221412330460487,1219.5064058931723,1.6221949999915424,336.86552916475284,144.13357906909476,1.5723116033514555,932.2918149794762,932.6593838428967,1.5713150000002125,333.0378520371916,932.6593838428964,1.5214456955134343,348.4861242713939,1.521289140435719,333.0378520371916,1.5207950001664987,189.0837150118239,317.6751993450831,189.0837150118234,1.4267360212103495,274.51236614808585,1.4255197568460733,317.6751993450831,274.51236614808585,311.31211009841815,1.4252757604178001,1.411445000198662,315.37394637531673,1.361375020717502,70.46315962515095,241.62965552698597,70.46315962556363,1.2671685490142748,155.00013561651645,241.62965552698597,155.00013561651645,174.67733046465514,1.26669941688133,1.251614996755063,240.7573708162207,1.200914755066005,100.19908941330077,0.030759822940648298,0.01338513848742305,122.0873543810537,185.28342067581204,24.74890672544936,600.5575992707323,1.622086954988111,1219.8291390198322,1.6221205762246549,276.5012987464208,116.45961898717783,1.5719763025194269,906.0401614275273,901.2375213567826,1.5713117513804509,272.00349355381456,903.3976224049385,1.520953762687656,158.01835042834705,1.5209218014392534,272.14120501591833,1.520353148333908,123.35227437871731,245.13736570574574,124.35824377957181,1.4199445377629714,239.19607992473036,1.4192049860393652,243.6738919550061,239.74427253164572,286.39612742873044,1.419217377614432,1.411416409182906,240.10991316026286,1.3609809695384487,49.070705320354584,161.74636762064517,49.63777705185884,1.2600033613257995,176.60032241078966,163.43604354341326,176.3905240427121,227.98600389757408,1.2596859264342026,1.2516244101005094,160.4019713999608,1.200649122126282,132.25822901795942,0.010195228586596551,0.0014081110911835473
149.20268784387343,269.99999998150037,36.29291676228644,599.9999587780594,1.622141233081821,1219.506405581406,1.6221950000274485,336.8655290913839,144.13357907129958,1.5723116033619866,932.2918149582613,932.659383800278,1.571315000010829,333.0378519696174,932.6593838002775,1.521445695441042,348.4861240991838,1.5212891403634496,333.0378519696174,1.5207950000944697,189.08371677823698,317.67519990865014,189.08371677823644,1.4267360210957474,274.512367461713,1.4255197567255808,317.67519990865014,274.512367461713,311.31211154522214,1.4252757602962562,1.4114450000147767,315.373946913317,1.3613750202182975,70.46409789080323,241.62951486958232,70.46409789121587,1.2671685373416177,155.00013594123578,241.62951486958232,155.0001359412358,174.67743377365497,1.2666994050793263,1.2516149961457503,240.75722660793218,1.2009147542233038,100.18849468065177,0.030759615702109954,0.013385043680279048,122.08735312861106,185.28342572729355,24.748907407212165,600.5575993102316,1.6220869549825534,1219.8291390198322,1.622120576213659,276.5012982196582,116.45961898717783,1.5719763025388742,906.0401614275273,901.2375213567826,1.5713117514394406,272.00349355381456,903.3976224049385,1.5209537629118797,158.01835042834705,1.5209218016370905,272.1412043195689,1.5203531484315727,123.35227379344245,245.13736738080166,124.35824260902207,1.4199445377064137,239.19607992473036,1.4192049859346374,243.67389111747815,239.74427119321626,286.3961296810335,1.4192173775886516,1.4114164092269603,240.10990978937122,1.360980969829372,49.07070470303195,161.74636762064517,49.63777705185884,1.260003361522009,176.600323649618,163.43604303885428,176.39052528154042,227.9860069123025,1.259685926626034,1.2516244101351288,160.40197090283934,1.2006491223527043,132.25822901795942,0.010195228586596551,0.001408111036358204
149.2026878537819,269.99999998576976,36.29291676037752,599.9999587767225,1.6221412330760785,1219.506405539892,1.6221950000217054,336.8655291092414,144.1335790660014,1.5723116033566031,932.2918149634288,932.6593838064424,1.5713150000053187,333.03785198841945,932.6593838064422,1.521445695490034,348.48612413895813,1.5212891404124171,333.03785198841945,1.5207950001433876,189.08371850264706,317.6752008598977,189.08371850264592,1.4267360212513855,274.51236888700646,1.4255197568680384,317.6752008598977,274.51236888700646,311.3121131355723,1.4252757604363424,1.411445000016793,315.373947845742,1.3613750198663785,70.46503437599463,241.62936480114502,70.46503437640682,1.2671685253862832,155.00013586958627,241.62936480114502,155.00013586958627,174.67753615620302,1.266699392972194,1.251614996079664,240.75707251773582,1.200914754412226,100.17791549751689,0.0307594093941808,0.013384950059449448,122.08735265894505,185.28342067581204,24.748907066330762,600.5575992312331,1.6220869549714387,1219.829138911294,1.622120576213659,276.5012985708333,116.45961603022113,1.571976302569434,906.0401569623028,901.2375180172231,1.5713117514645658,272.00349320563987,903.3976190653788,1.5209537630613623,158.01834158760158,1.5209218018349273,272.14120362321944,1.5203531485780695,123.35227408607989,245.13736570574574,124.35824260902207,1.4199445375932986,239.19608126315984,1.4192049858299096,243.67388609231037,239.7442738700752,286.3961319333366,1.4192173775113104,1.4114164092710144,240.1099055757567,1.3609809701202953,49.07070346838668,161.74636459329133,49.63777581721358,1.2600033613257995,176.60032179137548,163.43604051605942,176.39051970681288,227.9860014857913,1.2596859261784275,1.2516244101985978,160.40196841723213,1.2006491224432732,132.25823050343195,0.010195228467855751,0.001408110634305748
149.20268785339434,269.99999998546514,36.29291675968595,599.9999587762768,1.6221412330767104,1219.5064055301964,1.6221950000223364,336.8655291085056,144.13357906539548,1.57231160335448,932.2918149631146,932.6593838061285,1.5713150000031997,333.0378519876565,932.6593838061283,1.5214456954908417,348.4861241371598,1.5212891404132258,333.0378519876565,1.520795000144198,189.0837201876039,317.67520179478896,189.08372018760377,1.4267360214115965,274.512370278258,1.4255197570153622,317.67520179478896,274.512370278258,311.31211468025253,1.425275760581348,1.4114450000266388,315.3739487626301,1.3613750195895764,70.46596908752907,241.62921290669982,70.46596908794248,1.267168513161614,155.00013571361814,241.62921290669982,155.00013571361814,174.6776383055115,1.2666993806046776,1.251614996010841,240.75691661638706,1.2009147547817371,100.1673521160778,0.030759203262244048,0.013384857342400247,122.0873518761684,185.28342067581204,24.74890808897497,600.5575991917337,1.6220869549547663,1219.829138965563,1.6221205761916673,276.5012987464208,116.45961603022113,1.5719763026416667,906.0401569623028,901.2375180172231,1.57131175153011,272.0034921611157,903.3976224049385,1.520953763385241,158.01834600797432,1.5209218020822237,272.1412022305205,1.5203531489198954,123.35227291553014,245.1373615181059,124.35824260902207,1.4199445373670683,239.19608126315984,1.4192049856728182,243.6738827421985,239.7442738700752,286.3961341856397,1.4192173774339691,1.4114164093288355,240.10990389031087,1.3609809704112183,49.07070285106405,161.74636257505543,49.63777519989095,1.26000336112959,176.60031559723373,163.43603950694146,176.39051537091365,227.9859948533887,1.2596859260505398,1.2516244102793765,160.40196593162491,1.2006491227602643,132.25823347437694,0.010195228586596551,0.001408110561205313
149.20268785315272,269.99999998551937,36.29291675940121,599.9999587762427,1.6221412330767937,1219.5064055255862,1.6221950000224195,336.8655291080837,144.13357906514906,1.572311603354404,932.2918149629018,932.6593838058708,1.5713150000031262,333.0378519872422,932.6593838058578,1.5214456954898798,348.4861241360917,1.5212891404122644,333.0378519872422,1.520795000143237,189.08372183279005,317.67520274434753,189.08372183279056,1.4267360215510385,274.51237162692934,1.4255197571432316,317.67520274434753,274.51237162692934,311.3121161743954,1.4252757607071347,1.4114450000311147,315.37394969463514,1.3613750193716867,70.46690203050218,241.62905972743968,70.4669020309134,1.2671685007684075,155.00013555180553,241.62905972743968,155.00013555180556,174.67774028305803,1.2666993680751177,1.2516149959575698,240.7567594419441,1.20091475518359,100.15680473632386,0.03075899702744045,0.013384765297356006,122.08735124994708,185.28343077877508,24.748909452500584,600.5575990337367,1.622086954938094,1219.8291388027556,1.6221205761586797,276.50129962435847,116.45961898717783,1.571976302713899,906.0401584507109,901.2375180172231,1.5713117515945618,272.0034928574651,903.3976224049385,1.520953763808775,158.01834158760158,1.520921802576816,272.14119944512265,1.520353149261721,123.3522726228927,245.13735816799405,124.35824143847233,1.419944537423626,239.19608126315984,1.4192049854633626,243.6738810671426,239.7442738700752,286.3961341856397,1.4192173774855301,1.411416409430711,240.10990051941926,1.3609809707506286,49.07070161641879,161.74636257505543,49.63777334792307,1.2600033612603962,176.60031497781955,163.43603849782352,176.39051506120657,227.98599244160593,1.2596859259226523,1.2516244103832348,160.40196543450347,1.2006491231904663,132.25823347437694,0.010195228349114942,0.0014081105246550975
149.20268786181515,269.9999999940327,36.292916646087235,599.9999589018048,1.622141233050302,1219.5064066821033,1.6221949999953726,336.86552908972806,144.1335791427926,1.5723116033199904,932.2918147533919,932.65938370462,1.5713149999685898,333.03785208914564,932.6593835399815,1.5214456954499402,348.4861241454859,1.521289140372219,333.03785208914564,1.520795000102984,189.08372343695598,317.67520399522783,189.08372343695578,1.4267360220607956,274.5123729558727,1.4255197576351477,317.67520399522783,274.5123729558727,311.31211768058995,1.4252757611958353,1.4114450003326244,315.3739509314014,1.3613750198969399,70.46782962835888,241.62888926574624,70.46782962884326,1.267168485054841,155.00013475817684,241.62888926574624,155.00013475817684,174.67784473106076,1.266699352276349,1.251614996695172,240.7565849693527,1.200914756942319,100.14627012227568,0.030758787509394345,0.013384672326492599,122.0873518761684,185.28343583025662,24.748908770737778,600.5575991522345,1.6220869549158643,1219.8291390741012,1.6221205761531816,276.5012968149579,116.45961898717783,1.5719763026916738,906.0401599391191,901.2375213567826,1.5713117515781758,272.0034911165915,903.3976224049385,1.5209537637589474,158.01834158760158,1.5209218024778977,272.14120014147215,1.520353149261721,123.35227233025526,245.1373573304661,124.35824143847233,1.4199445373105106,239.19608126315984,1.4192049854109987,243.6738827421985,239.7442738700752,286.3961364379428,1.4192173773308476,1.4114164094279575,240.10989883397343,1.3609809707021416,49.07070161641879,161.7463615659375,49.6377739652457,1.260003361194993,176.6003162166479,163.43603748870558,176.39051970681288,227.985994250443,1.2596859258587083,1.2516244103543852,160.40196543450347,1.2006491231225398,132.25823644532193,0.010195227874151743,0.0014081105246550975
149.20268785701523,269.9999999933287,36.29291639123792,599.9999585403136,1.622141233062694,1219.5064022735955,1.6221950000077898,336.86552904762004,144.13357881936997,1.5723116033344398,932.2918148154968,932.6593836914685,1.5713149999831106,333.0378519960939,932.6593836231455,1.5214456954599769,348.4861239806737,1.521289140382407,333.0378519960939,1.520795000113485,189.0837250122932,317.6752047209834,189.08372501229246,1.4267360219117944,274.51237426834757,1.4255197574766272,317.6752047209834,274.51237426834757,311.31211905309533,1.4252757610356,1.4114450000734027,315.3739516352161,1.3613750195919272,70.46875837791623,241.62873091018798,70.46875837841782,1.2671684730179027,155.00013483515528,241.62873091018798,155.00013483515528,174.67794926561447,1.2666993401582194,1.2516149961573624,240.7564223771456,1.2009147568258354,100.13575449015619,0.030758579828730245,0.013384580551044802,122.08735124994708,185.28342572729355,24.74890808897497,600.5575991127351,1.622086954938094,1219.8291390198322,1.6221205761696755,276.5012968149579,116.45962194413453,1.5719763026916738,906.0401599391191,901.2375213567826,1.5713117515738062,272.0034918129409,903.3976224049385,1.52095376370912,158.01834600797432,1.5209218024037088,272.14120014147215,1.5203531492128888,123.35227233025526,245.13736068057796,124.35824143847233,1.419944537536741,239.19608126315984,1.4192049855157265,243.67387939208663,239.7442738700752,286.3961341856397,1.4192173773566281,1.4114164094279575,240.10989883397343,1.3609809706536544,49.070700999096154,161.74636055681952,49.63777334792307,1.26000336112959,176.6003211719613,163.4360369841466,176.3905190873987,227.9859960592801,1.2596859259226523,1.2516244103313057,160.40196394313915,1.2006491230772554,132.25823644532193,0.010195228349114942,0.0014081104698297749
149.20268785355142,270.00000000077085,36.29291683720096,599.9999587282924,1.6221412330703453,1219.5064051905256,1.6221950000156964,336.8655291042022,144.13357902838044,1.5723116033529867,932.291814943633,932.6593838065787,1.5713150000017657,333.0378519771093,932.659383806578,1.5214456954746978,348.486124116419,1.521289140397093,333.0378519771093,1.5207950001280857,189.08372653843054,317.6752056990677,189.08372653843077,1.426736021993687,274.5123754175497,1.4255197575458767,317.6752056990677,274.5123754175497,311.31212033913687,1.4252757611025686,1.4114450000098357,315.37395260045525,1.36137501911962,70.46968623198244,241.62857997735776,70.46968623248388,1.2671684613864944,155.00013484197098,241.62857997735776,155.00013484197098,174.67805061144307,1.2666993283649228,1.2516149959054408,240.75626758108564,1.2009147570229688,100.12525600459762,0.030758373070748506,0.013384489445313053,122.08735156305774,185.28342572729355,24.748908429856375,600.5575991522345,1.6220869549269792,1219.8291389926976,1.6221205761476838,276.5012968149579,116.45961898717783,1.5719763026888955,906.0401584507109,901.2375213567826,1.5713117515803605,272.00349146476617,903.3976257444981,1.5209537636343786,158.01833716722885,1.5209218024284383,272.14119944512265,1.520353149261721,123.35227291553014,245.1373573304661,124.35824143847233,1.4199445373105106,239.19608260158932,1.4192049854109987,243.67387939208663,239.7442752085047,286.3961364379428,1.4192173773566281,1.4114164094004236,240.10989883397343,1.3609809707021416,49.07070130775747,161.74636055681952,49.63777334792307,1.26000336112959,176.60031931371878,163.43603723642607,176.3905163000349,227.985994250443,1.2596859257947646,1.2516244103370755,160.40196394313915,1.200649123031971,132.25823644532193,0.010195227874151743,0.0014081104698297749
149.20268785495026,269.99999999915013,36.292916870339056,599.9999587714717,1.622141233057749,1219.5064057217246,1.622195000003125,336.8655291075861,144.13357906403803,1.5723116033518685,932.2918149525904,932.6593838180081,1.5713150000006206,333.0378519804201,932.6593838180081,1.5214456954837774,348.48612413749083,1.521289140406167,333.0378519804201,1.5207950001371477,189.08372803067124,317.67520668316274,189.08372803067184,1.426736022151223,274.51237660884203,1.4255197576908496,317.67520668316274,274.51237660884203,311.31212166556526,1.4252757612452762,1.4114450000187162,315.37395356758213,1.3613750187987892,70.47061231781777,241.6284242305453,70.47061231831842,1.267168448603412,155.00013471631132,241.6284242305453,155.00013471631132,174.6781523212196,1.2666993154602584,1.2516149958221656,240.75610786144108,1.2009147574620567,100.11477393351947,0.03075816640826605,0.013384398710796849,122.0873514065024,185.28343077877508,24.748908770737778,600.5575991127351,1.6220869549158643,1219.829138965563,1.6221205761586797,276.50129734172054,116.45961898717783,1.571976302683339,906.0401584507109,901.2375213567826,1.5713117515770834,272.0034907684167,903.3976257444981,1.520953763684206,158.01834158760158,1.5209218024284383,272.14120153417105,1.520353149261721,123.3522726228927,245.13736068057796,124.35824143847233,1.419944537423626,239.19608260158932,1.4192049854109987,243.67387939208663,239.7442738700752,286.3961364379428,1.4192173773308476,1.4114164094086838,240.1098971485276,1.3609809707021416,49.070700999096154,161.7463595477016,49.63777334792307,1.2600033610641868,176.6003168360621,163.4360369841466,176.39051475149947,227.98599244160593,1.2596859256668769,1.2516244103255358,160.4019634460177,1.2006491230772554,132.25823644532193,0.01019522811163334,0.0014081103419040333
149.20268785480835,269.99999999845824,36.292916872191824,599.999958774132,1.622141233057103,1219.5064057531988,1.6221950000024803,336.8655291073778,144.1335790661164,1.5723116033515092,932.2918149528093,932.659383818348,1.571315000000263,333.0378519801948,932.6593838183483,1.5214456954830045,348.4861241373216,1.5212891404053943,333.0378519801948,1.5207950001363755,189.08372948785848,317.67520767031044,189.0837294878593,1.426736022302709,274.5123777653407,1.4255197578298775,317.67520767031044,274.5123777653407,311.31212294511226,1.4252757613820561,1.4114450000249765,315.3739545385436,1.361375018545674,70.4715366409493,241.62826689409204,70.47153664145104,1.2671684356066872,155.0001345515672,241.62826689409204,155.0001345515672,174.67825381976027,1.266699302349742,1.2516149957533576,240.7559465664405,1.2009147579646893,100.10430830370154,0.0307579594873294,0.013384308196078944,122.08735124994708,185.28342572729355,24.748909452500584,600.5575991917337,1.622086954910307,1219.8291390741012,1.6221205761476838,276.50129646378286,116.45961898717783,1.571976302680561,906.0401599391191,901.2375213567826,1.5713117515694366,272.003490420242,903.3976257444981,1.5209537637589474,158.01833716722885,1.5209218024531679,272.1411987487732,1.5203531493105533,123.35227291553014,245.13735900552203,124.35824143847233,1.4199445373670683,239.1960839400188,1.4192049855157265,243.67387939208663,239.7442752085047,286.3961364379428,1.4192173773824084,1.4114164094224506,240.10989883397343,1.3609809707506286,49.070700999096154,161.7463595477016,49.63777334792307,1.2600033609987835,176.6003186943046,163.4360364795876,176.39051784857034,227.98599244160593,1.2596859257947646,1.2516244103370755,160.40196444026057,1.2006491230772554,132.25823793079445,0.01019522811163334,0.001408110616030638
149.2026878547609,269.99999999842004,36.29291687202337,599.9999587742866,1.6221412330570628,1219.5064057510085,1.62219500000244,336.86552910728415,144.13357906595837,1.5723116033515225,932.2918149527302,932.6593838182505,1.571315000000277,333.0378519801018,932.65938381825,1.5214456954822588,348.4861241370376,1.5212891404046487,333.0378519801018,1.5207950001356298,189.08373091036327,317.6752086684189,189.08373091036225,1.4267360224502725,274.5123788850552,1.4255197579650125,317.6752086684189,274.5123788850552,311.3121241813428,1.4252757615149476,1.411445000027713,315.37395552083785,1.3613750183262114,70.47245920625144,241.6281082567407,70.47245920675385,1.2671684224356634,155.0001343735732,241.6281082567407,155.0001343735732,174.67835514830637,1.266699289071394,1.251614995693612,240.75578398254075,1.2009147584948354,100.09385912588934,0.030757752229835608,0.013384217804214995,122.08735062372574,185.28343583025662,24.748909793381987,600.5575991522345,1.622086954938094,1219.8291390198322,1.6221205761806714,276.50129576143274,116.45962194413453,1.571976302663892,906.0401599391191,901.2375213567826,1.5713117515585124,272.0034900720673,903.3976290840577,1.5209537636592925,158.01833716722885,1.5209218022306012,272.14119944512265,1.5203531491152242,123.3522726228927,245.13735816799405,124.35824085319747,1.4199445373105106,239.19608126315984,1.419204985306271,243.67387855455868,239.7442738700752,286.3961341856397,1.4192173772535064,1.4114164093949169,240.1098971485276,1.3609809706536544,49.07070069043483,161.7463595477016,49.63777334792307,1.2600033608679773,176.60031745547627,163.43603547046968,176.39051475149947,227.98599304455163,1.2596859256668769,1.251624410302456,160.40196294889626,1.2006491230093286,132.25823644532193,0.010195228230374146,0.0014081102870787177
149.20268790044597,270.00000001009016,36.29291688578203,599.9999587737453,1.6221412330335856,1219.5064057505317,1.6221949999789258,336.8655291843437,144.13357905537035,1.572311603309187,932.2918149783632,932.6593838542112,1.5713149999577714,333.03785205079066,932.6593838335846,1.5214456955056717,348.4861243155751,1.521289140427966,333.03785205079066,1.5207950001587647,189.08373229766084,317.67521013966314,189.08373229766173,1.426736022812089,274.51238006070594,1.4255197583092611,317.67521013966314,274.51238006070594,311.31212550996725,1.4252757618560192,1.41144500018489,315.3739569815116,1.3613750188670792,70.473376650788,241.62793246686326,70.47337665135866,1.2671684059736543,155.00013350984312,241.62793246686326,155.00013350984312,174.6784581460529,1.2666992725432453,1.2516149962620657,240.7556041883099,1.2009147605282413,100.08342340582925,0.030757541907969702,0.013384126211912347,122.08735093683642,185.28343583025662,24.748909452500584,600.5575991917337,1.6220869549325367,1219.8291390198322,1.6221205761586797,276.5012968149579,116.45961898717783,1.5719763026861173,906.0401599391191,901.2375180172231,1.571311751583638,272.003490420242,903.3976257444981,1.520953763609465,158.01834158760158,1.5209218024037088,272.14119944512265,1.5203531492128888,123.35227203761782,245.13735900552203,124.35824085319747,1.4199445373105106,239.19608260158932,1.419204985306271,243.67387939208663,239.7442738700752,286.3961386902459,1.4192173772792869,1.41141640938941,240.10989883397343,1.3609809707021416,49.07070038177352,161.7463595477016,49.637772730600446,1.2600033609987835,176.60031993313297,163.43603622730814,176.39051722915616,227.98599304455163,1.2596859257947646,1.2516244103197658,160.4019634460177,1.2006491230772554,132.25823941626695,0.010195227874151743,0.0014081104150044557
149.20268784631295,269.9999999992711,36.29291688534627,599.9999587722511,1.6221412330607,1219.5064057614602,1.6221950000060383,336.86552909142847,144.1335790673494,1.572311603358612,932.2918149461232,932.6593838139233,1.5713150000074059,333.03785196262214,932.6593838139231,1.5214456954498679,348.48612410085093,1.5212891403722777,333.03785196262214,1.5207950001032984,189.08373365421656,317.6752106643276,189.08373365421647,1.4267360227189907,274.51238102579475,1.4255197582091983,317.6752106643276,274.51238102579475,311.31212653987785,1.4252757617547025,1.4114450000090026,315.3739574861391,1.361375018335059,70.47429587707414,241.627775217262,70.47429587764384,1.26716839439435,155.00013381821896,241.627775217262,155.00013381821896,174.67856105731957,1.2666992608770937,1.251614995694231,240.75544295803468,1.2009147598980974,100.07300717825548,0.030757333427622158,0.013384035576727646,122.08735078028108,185.28342572729355,24.748908770737778,600.5575991522345,1.6220869549158643,1219.8291390198322,1.6221205761586797,276.50129488349506,116.45961898717783,1.571976302663892,906.0401584507109,901.2375213567826,1.5713117515683441,272.00348937571783,903.3976224049385,1.5209537636343786,158.01833274685612,1.52092180232952,272.14119735607426,1.5203531491640565,123.3522726228927,245.13735565541018,124.35824143847233,1.4199445372539532,239.1960839400188,1.419204985306271,243.67387604197478,239.7442752085047,286.3961386902459,1.4192173771503849,1.4114164093839032,240.1098954630818,1.3609809707991158,49.07070038177352,161.74635752946568,49.637772730600446,1.2600033606717675,176.60031559723373,163.4360331999543,176.39051413208531,227.98599183866025,1.2596859255389894,1.2516244103313057,160.40196195465336,1.2006491229866865,132.25823793079445,0.010195227992892537,0.001408110213978302
149.20268785557994,270.0000000001512,36.29291688605089,599.9999587741638,1.6221412330540894,1219.5064057669895,1.622194999999431,336.8655291082929,144.13357906516148,1.5723116033526483,932.2918149518187,932.6593838201181,1.571315000001399,333.03785198034495,932.6593838201177,1.5214456954805966,348.48612413962445,1.5212891404029856,333.03785198034495,1.5207950001339652,189.083734976719,317.6752117167707,189.0837349767193,1.4267360228650388,274.5123820335368,1.425519758342733,317.6752117167707,274.5123820335368,311.3121276500551,1.4252757618859735,1.411445000010898,315.3739585234483,1.3613750179533826,70.47521334241733,241.62761513896368,70.475213342986,1.2671683809974388,155.00013374370008,241.62761513896368,155.00013374370008,174.6786622644014,1.2666992473815635,1.2516149955988094,240.75527894634948,1.200914760280249,100.06260737890864,0.030757125445712546,0.013383945112891798,122.08734984094909,185.28343077877508,24.748908770737778,600.5575992707323,1.6220869549047494,1219.8291391555051,1.6221205761476838,276.50129488349506,116.45961898717783,1.5719763026750047,906.0401569623028,901.2375180172231,1.5713117515890997,272.00348867936833,903.3976257444981,1.5209537637589474,158.01833274685612,1.5209218024037088,272.1411987487732,1.520353149261721,123.35227203761782,245.1373573304661,124.35824085319747,1.4199445373105106,239.1960839400188,1.419204985306271,243.67387687950276,239.74427654693417,286.3961386902459,1.4192173771503849,1.4114164094114372,240.109893777636,1.3609809707991158,49.07070038177352,161.74635652034775,49.637772730600446,1.2600033607371708,176.6003186943046,163.4360344613517,176.39051599032783,227.98599123571455,1.2596859254111017,1.251624410313996,160.4019614575319,1.200649123031971,132.25823941626695,0.010195227874151743,0.0014081102322534055
149.20268785516498,269.9999999999576,36.29291688571726,599.9999587739561,1.6221412330545926,1219.5064057624732,1.622194999999934,336.8655291075208,144.13357906497464,1.5723116033511517,932.2918149515251,932.6593838198057,1.5713149999999079,333.037851979548,932.6593838198057,1.521445695480511,348.4861241377927,1.5212891404029012,333.037851979548,1.5207950001338828,189.083736267748,317.67521274763783,189.08373626774812,1.4267360230170776,274.512383016287,1.4255197584825399,317.67521274763783,274.512383016287,311.312128730917,1.4252757620235679,1.411445000020481,315.3739595395726,1.3613750176608175,70.47612905489021,241.62745310666347,70.47612905545847,1.2671683673309495,155.00013359703587,241.62745310666347,155.0001335970359,174.6787632340438,1.2666992336258667,1.2516149955166158,240.75511299642392,1.200914760745105,100.05222396406225,0.030756917360968847,0.013383854732575652,122.08735046717041,185.28343077877508,24.748908770737778,600.5575993497309,1.622086954910307,1219.8291392640433,1.6221205761476838,276.5012955858452,116.45961898717783,1.571976302663892,906.0401599391191,901.2375180172231,1.5713117515770834,272.00348867936833,903.3976257444981,1.5209537637589474,158.01833274685612,1.5209218024284383,272.1411987487732,1.5203531492128888,123.35227203761782,245.1373573304661,124.35824085319747,1.4199445371973956,239.1960839400188,1.4192049854109987,243.6738777170307,239.7442752085047,286.3961386902459,1.4192173771246044,1.4114164093949169,240.1098971485276,1.3609809707021416,49.07070038177352,161.74635752946568,49.637772730600446,1.2600033608679773,176.60032055254712,163.4360344613517,176.39051753886326,227.98599183866025,1.2596859255389894,1.251624410302456,160.40196294889626,1.200649123031971,132.25823941626695,0.010195227636670152,0.0014081102870787177
149.20268785497748,269.99999999999704,36.29291688552067,599.999958773949,1.6221412330546472,1219.506405759299,1.6221949999999885,336.86552910719513,144.1335790648111,1.5723116033511282,932.2918149513631,932.6593838196202,1.5713149999998866,333.037851979229,932.65938381961,1.521445695479441,348.4861241369856,1.5212891404018314,333.037851979229,1.5207950001328134,189.08373752763782,317.67521378553806,189.0837375276376,1.426736023149112,274.51238396683766,1.4255197586036057,317.67521378553806,274.51238396683766,311.3121297757399,1.425275762142649,1.4114450000247787,315.37396056295404,1.3613750174239907,70.4770430202122,241.62728962269307,70.47704302078142,1.2671683534745575,155.00013344520795,241.62728962269307,155.00013344520795,174.6788640197771,1.2666992196874096,1.251614995450859,240.75494560774285,1.2009147611929207,100.04185689054506,0.030756708992674107,0.013383764361594505,122.08735062372574,185.28343077877508,24.748908770737778,600.5575993892302,1.6220869548936347,1219.8291393183124,1.622120576136688,276.50129628819536,116.45962194413453,1.5719763026722264,906.0401584507109,901.2375180172231,1.5713117515825454,272.0034890275431,903.3976257444981,1.5209537636592925,158.01833274685612,1.5209218025026272,272.14119735607426,1.520353149261721,123.3522726228927,245.1373573304661,124.35824143847233,1.4199445371973956,239.1960839400188,1.4192049853586348,243.6738777170307,239.7442752085047,286.3961386902459,1.4192173771246044,1.4114164093949169,240.1098954630818,1.3609809706536544,49.07070069043483,161.74635752946568,49.63777334792307,1.2600033608679773,176.600323649618,163.43603471363122,176.3905190873987,227.9859936474973,1.2596859257308208,1.251624410313996,160.40196294889626,1.200649123054613,132.25824090173944,0.010195227517929353,0.001408110433279562
149.20268788466606,270.0000000004645,36.29291688744776,599.9999587814139,1.622141233032321,1219.506405777664,1.6221949999776721,336.865529156549,144.13357905485998,1.5723116032830604,932.2918149695129,932.6593838481338,1.571314999931153,333.03785203425264,932.6593838481334,1.5214456953784439,348.4861242515473,1.5212891403007367,333.03785203425264,1.520795000031539,189.08373875691353,317.6752151808673,189.08373875691314,1.426736023626768,274.512384905639,1.4255197590649344,317.6752151808673,274.512384905639,311.3121307992302,1.425275762601018,1.411445000312337,315.37396195052605,1.361375017843707,70.47795196294217,241.6271105827058,70.47795196357907,1.2671683372808038,155.000132687164,241.6271105827058,155.000132687164,174.67896694761413,1.2666992034635909,1.251614996271785,240.7547626298004,1.200914762924258,100.03150324674326,0.030756497476568043,0.013383672674253645,122.08734999750442,185.28342572729355,24.748908770737778,600.5575992312331,1.6220869548936347,1219.8291392911779,1.6221205761311899,276.5012952346701,116.45961898717783,1.5719763026666702,906.0401584507109,901.2375213567826,1.571311751581453,272.0034890275431,903.3976224049385,1.520953763684206,158.01833716722885,1.5209218024284383,272.14119735607426,1.5203531492128888,123.35227203761782,245.13735649293812,124.3582402679226,1.4199445371973956,239.1960839400188,1.419204985306271,243.67387687950276,239.7442752085047,286.3961386902459,1.4192173771503849,1.41141640938941,240.1098954630818,1.3609809707021416,49.0707000731122,161.74635652034775,49.637772730600446,1.2600033606063643,176.60031931371878,163.43603345223377,176.39051413208531,227.98599123571455,1.2596859254750454,1.251624410302456,160.40196195465336,1.2006491230093286,132.25823941626695,0.010195227992892537,0.0014081101957031986
149.20268784621834,270.0000000009778,36.292916885034174,599.9999587723056,1.6221412330587786,1219.5064057497223,1.6221950000041194,336.8655290922883,144.1335790663944,1.5723116033590046,932.291814945929,932.6593838138085,1.5713150000078666,333.03785196478685,932.6593838138087,1.5214456954617948,348.48612410230817,1.5212891403841975,333.03785196478685,1.520795000115205,189.08373995706117,317.6752158625124,189.0837399570609,1.4267360234293553,274.5123857796222,1.4255197588585404,317.6752158625124,274.51238577962215,311.31213176635913,1.4252757623930004,1.4114450000080119,315.37396261158483,1.3613750173925991,70.47886260977475,241.62694737558598,70.47886261040978,1.2671683241293876,155.00013290822326,241.62694737558598,155.0001329082233,174.67906879487936,1.2666991902378748,1.2516149954465128,240.754595460009,1.2009147625361298,100.02116878004344,0.030756288125299003,0.013383581925595455,122.08735124994708,185.28342067581204,24.74890808897497,600.5575993102316,1.622086954910307,1219.8291392097742,1.622120576136688,276.5012955858452,116.45961898717783,1.5719763026611138,906.0401569623028,901.2375180172231,1.5713117515803605,272.0034900720673,903.3976224049385,1.52095376370912,158.01833274685612,1.520921802378979,272.1411987487732,1.520353149261721,123.3522726228927,245.13735816799405,124.3582402679226,1.4199445371973956,239.1960839400188,1.419204985253907,243.67387687950276,239.7442752085047,286.3961364379428,1.4192173771503849,1.4114164094004236,240.1098963058047,1.3609809707021416,49.070699764450886,161.74635752946568,49.637772730600446,1.260003360802574,176.6003186943046,163.43603420907223,176.39051599032783,227.98599244160593,1.2596859255389894,1.2516244103197658,160.40196195465336,1.200649123031971,132.25823941626695,0.010195227992892537,0.0014081102688036134
149.20268785559065,270.0000000000075,36.29291688498951,599.9999587741613,1.6221412330541525,1219.5064057521186,1.6221949999994933,336.8655291082114,144.1335790640647,1.5723116033520692,932.291814951602,932.6593838198489,1.5713150000008205,333.0378519802358,932.6593838198493,1.5214456954780782,348.4861241391668,1.5212891404004674,333.0378519802358,1.5207950001314476,189.08374112808664,317.6752169379289,189.08374112808605,1.4267360235728908,274.512386633731,1.4255197589899031,317.6752169379289,274.512386633731,311.3121327035643,1.4252757625221568,1.411445000012091,315.3739636730562,1.3613750170216847,70.47977150837801,241.62678217620345,70.47977150901336,1.2671683100045696,155.00013281508768,241.62678217620345,155.00013281508768,174.6791694003567,1.266699176040954,1.2516149953461484,240.75442637197304,1.2009147629140806,100.01085052024547,0.030756079184784943,0.013383491290656104,122.08735031061508,185.2834156243305,24.74890808897497,600.5575993102316,1.6220869548880772,1219.8291392911779,1.622120576125692,276.5012950590826,116.45961898717783,1.5719763026472229,906.0401569623028,901.2375180172231,1.5713117515781758,272.0034879830189,903.3976224049385,1.5209537637340338,158.01832390611065,1.5209218024778977,272.14119596337537,1.520353149261721,123.35227203761782,245.13735649293812,124.35824085319747,1.4199445371973956,239.1960839400188,1.4192049853586348,243.67387687950276,239.74427654693417,286.396140942549,1.4192173770730436,1.4114164094059303,240.1098954630818,1.3609809707021416,49.07070038177352,161.74635652034775,49.637772730600446,1.2600033606063643,176.6003168360621,163.4360331999543,176.39051939710578,227.98599244160593,1.2596859254111017,1.2516244103428456,160.4019614575319,1.200649123054613,132.25823941626695,0.010195227874151743,0.0014081100860525823
149.20268785510305,269.9999999999694,36.29291688478551,599.9999587739317,1.622141233054621,1219.5064057491395,1.6221949999999614,336.86552910736566,144.13357906403144,1.5723116033511313,932.2918149512839,932.6593838195345,1.5713149999998883,333.0378519793961,932.6593838195346,1.5214456954775644,348.4861241371974,1.5212891403999542,333.0378519793961,1.5207950001309358,189.0837422710512,317.6752179998116,189.08374227105162,1.4267360237212747,274.51238746407387,1.4255197591263211,317.6752179998116,274.5123874640738,311.3121336137341,1.4252757626564052,1.411445000021164,315.3739647212882,1.3613750167469292,70.48067866677853,241.6266151800892,70.48067866741181,1.2671682956431263,155.0001326626646,241.6266151800892,155.0001326626646,174.67926977292302,1.266699161616139,1.251614995269445,240.75425550251188,1.200914763352848,100.00054840310659,0.030755870138414347,0.013383400688206398,122.08734984094909,185.28342067581204,24.74890808897497,600.5575993102316,1.6220869549047494,1219.8291393183124,1.6221205761311899,276.50129418114494,116.45961898717783,1.5719763026583355,906.0401569623028,901.2375180172231,1.571311751570529,272.00348833119364,903.3976224049385,1.5209537636592925,158.01832832648338,1.52092180232952,272.14119735607426,1.5203531491640565,123.35227174498038,245.13735398035425,124.3582402679226,1.4199445370842803,239.19608527844827,1.4192049851491795,243.67387436691885,239.74427654693417,286.3961386902459,1.4192173770730436,1.4114164093839032,240.109893777636,1.3609809707021416,49.070699764450886,161.7463555112298,49.637772730600446,1.2600033606063643,176.6003211719613,163.43603244311583,176.39051413208531,227.98599244160593,1.2596859254111017,1.2516244103197658,160.4019614575319,1.2006491229187597,132.25823793079445,0.010195227755410942,0.0014081100860525823
149.2026878549735,269.99999999999824,36.29291688468108,599.9999587739334,1.6221412330546539,1219.5064057474237,1.6221949999999945,336.8655291071429,144.1335790639426,1.572311603351133,932.2918149511781,932.6593838194005,1.5713149999998917,333.0378519791775,932.6593838194005,1.5214456954765492,348.4861241366362,1.521289140398939,333.0378519791775,1.520795000129921,189.08374338644109,317.6752190677534,189.08374338644063,1.4267360238359887,274.51238826216724,1.4255197592314939,317.6752190677534,274.51238826216724,311.3121344805676,1.4252757627598474,1.4114450000247982,315.3739657757761,1.3613750165228191,70.48158409075498,241.6264468349391,70.48158409138865,1.2671682811044673,155.00013252545256,241.6264468349391,155.00013252545256,174.6793699597402,1.26669914702082,1.251614995207786,240.75408329668596,1.2009147637250144,99.99026236770891,0.030755660851111657,0.013383310061765196,122.08735031061508,185.28342572729355,24.748908429856375,600.5575993102316,1.622086954899192,1219.8291392911779,1.622120576136688,276.50129418114494,116.45961898717783,1.5719763026472229,906.0401599391191,901.2375213567826,1.5713117515475885,272.0034879830189,903.3976257444981,1.5209537635845511,158.01833274685612,1.5209218023542495,272.14119596337537,1.5203531492128888,123.35227203761782,245.13735649293812,124.35824085319747,1.4199445371973956,239.1960839400188,1.419204985306271,243.6738777170307,239.7442752085047,286.3961386902459,1.4192173770988241,1.4114164093839032,240.1098954630818,1.36098097055668,49.0707000731122,161.74635652034775,49.637772730600446,1.260003360802574,176.60032179137548,163.43603370451325,176.39051568062072,227.98599244160593,1.259685925347158,1.2516244102966863,160.40196096041046,1.200649122941402,132.25823793079445,0.01019522811163334,0.0014081102870787177
149.2026878636254,269.9999999955236,36.29291684025334,599.9999587839776,1.6221412330361207,1219.5064059353842,1.622194999981495,336.8655291203067,144.13357904997537,1.5723116033020705,932.2918149410208,932.6593838188961,1.5713149999507872,333.037852004774,932.6593838188965,1.5214456953934838,348.4861241544761,1.5212891403157927,333.037852004774,1.5207950000466266,189.08374447536312,317.6752203985151,189.083744475363,1.4267360243049356,274.5123890769528,1.4255197596844704,317.6752203985151,274.5123890769528,311.31213537039633,1.4252757632099242,1.4114450003078671,315.373967095868,1.3613750169682857,70.48248456833736,241.62626348284954,70.48248456903909,1.2671682656634173,155.000131771418,241.62626348284954,155.00013177141804,174.67947264885828,1.2666991315812042,1.2516149960253933,240.7538960321262,1.200914765394471,99.97998957076102,0.030755448427332698,0.013383218087004753,122.08735062372574,185.28342572729355,24.748908770737778,600.5575993102316,1.6220869549047494,1219.8291392640433,1.622120576136688,276.50129453232,116.45961898717783,1.571976302663892,906.0401569623028,901.2375180172231,1.571311751565067,272.0034879830189,903.3976224049385,1.5209537636343786,158.01832390611065,1.5209218025026272,272.1411966597248,1.520353149261721,123.35227203761782,245.13735565541018,124.3582402679226,1.4199445371973956,239.19608527844827,1.419204985253907,243.6738777170307,239.74427654693417,286.396140942549,1.4192173771246044,1.4114164093839032,240.109893777636,1.3609809706536544,49.07070038177352,161.74635652034775,49.63777211327782,1.2600033607371708,176.6003186943046,163.43603420907223,176.39051599032783,227.98599244160593,1.2596859255389894,1.2516244103428456,160.40196096041046,1.200649123031971,132.25823941626695,0.010195227874151743,0.0014081100860525823
149.20268784950468,270.000000005522,36.292916835850335,599.999958772142,1.6221412330494966,1219.506405816814,1.6221949999948726,336.8655290928168,144.13357905350438,1.572311603357838,932.2918149315617,932.659383802814,1.5713150000067355,333.0378519638541,932.6593838028136,1.5214456954637081,348.4861240890822,1.5212891403861133,333.0378519638541,1.5207950001171255,189.08374553686042,317.6752212022868,189.08374553685928,1.4267360241230254,274.5123897919125,1.4255197594925653,317.6752212022868,274.5123897919125,311.31213616222647,1.425275763016207,1.4114450000082068,315.3739678841399,1.361375016492127,70.48338669903234,241.62609557537706,70.48338669973319,1.2671682504830553,155.00013198448846,241.62609557537706,155.00013198448846,174.67957349783518,1.2666991163430108,1.251614995208032,240.75372422416362,1.2009147650220058,99.96973558513409,0.030755238384854205,0.0133831270734192,122.08734952783843,185.2834156243305,24.748907407212165,600.5575992707323,1.6220869549047494,1219.8291392369088,1.622120576136688,276.5012934787948,116.45961603022113,1.5719763026361102,906.0401569623028,901.2375180172231,1.5713117515563277,272.00348728666944,903.3976224049385,1.520953763609465,158.01832390611065,1.52092180232952,272.1411966597248,1.5203531492128888,123.35227145234296,245.13735565541018,124.3582402679226,1.4199445369711652,239.19608527844827,1.4192049852015434,243.67387520444683,239.74427654693417,286.396140942549,1.4192173770214829,1.4114164093839032,240.10989209219017,1.3609809706051672,49.070699764450886,161.7463555112298,49.63777211327782,1.2600033606063643,176.6003211719613,163.43603244311583,176.39051691944908,227.9859936474973,1.2596859252832142,1.251624410313996,160.4019599661676,1.2006491229866865,132.25823941626695,0.01019522811163334,0.0014081101043276843
149.20268785616946,270.00000000459215,36.29291683543228,599.9999587733,1.6221412330470146,1219.506405813047,1.6221949999923897,336.8655291039932,144.13357905086542,1.5723116033507378,932.2918149355305,932.6593838078663,1.5713149999995268,333.03785197460763,932.659383807866,1.5214456954743723,348.486124114909,1.5212891403967679,333.03785197460763,1.520795000127762,189.0837465733846,317.67522229863664,189.0837465733844,1.4267360242650682,274.5123905095721,1.4255197596227376,317.67522229863664,274.5123905095721,311.31213694683777,1.4252757631442232,1.4114450000134109,315.37396896754194,1.3613750161448164,70.48428709537575,241.6259257043452,70.4842870960754,1.2671682356983842,155.0001318729885,241.6259257043452,155.0001318729885,174.67967346681002,1.2666991015109579,1.2516149951127962,240.753550509155,1.2009147653751762,99.95949751295062,0.030755028743348498,0.013383036168400449,122.08735062372574,185.28342572729355,24.748908429856375,600.5575993892302,1.6220869548880772,1219.8291392911779,1.622120576125692,276.5012952346701,116.45961898717783,1.571976302683339,906.0401569623028,901.2375180172231,1.5713117516022086,272.00348833119364,903.3976257444981,1.52095376370912,158.01832832648338,1.5209218025273568,272.1411966597248,1.5203531493105533,123.3522726228927,245.13735565541018,124.35824085319747,1.419944537140838,239.1960839400188,1.419204985306271,243.67387520444683,239.74427654693417,286.3961386902459,1.4192173770988241,1.4114164094059303,240.1098954630818,1.3609809707991158,49.070699764450886,161.74635652034775,49.637772730600446,1.2600033607371708,176.60032241078966,163.43603395679276,176.39051970681288,227.98599244160593,1.2596859254111017,1.2516244103370755,160.40196096041046,1.200649123054613,132.25824238721194,0.010195227874151743,0.0014081101043276843
149.20268785565796,270.00000000461694,36.29291683532145,599.9999587730442,1.6221412330474039,1219.5064058112612,1.622194999992779,336.86552910311104,144.13357905091186,1.5723116033500624,932.2918149352054,932.6593838075315,1.5713149999988576,333.0378519737314,932.6593838075316,1.5214456954737865,348.4861241128517,1.5212891403961826,333.0378519737314,1.5207950001271773,189.08374758503152,317.67522338635234,189.0837475850318,1.4267360244100598,274.5123912052789,1.4255197597560152,317.67522338635234,274.51239120527885,311.31213770654267,1.4252757632753725,1.4114450000220664,315.373970042564,1.361375015893267,70.4851857651982,241.6257542349535,70.48518576589782,1.2671682207071828,155.0001317128337,241.6257542349535,155.0001317128337,174.67977320234655,1.2666990864802865,1.2516149950443112,240.75337521058503,1.20091476578572,99.94927528574253,0.030754819037521548,0.013382945293745247,122.08735046717041,185.28342572729355,24.74890808897497,600.5575992707323,1.622086954899192,1219.8291392369088,1.622120576125692,276.50129470790756,116.45961898717783,1.5719763026694482,906.0401569623028,901.2375180172231,1.571311751581453,272.0034879830189,903.3976224049385,1.5209537636343786,158.01832832648338,1.5209218024778977,272.14119805242376,1.5203531493105533,123.35227233025526,245.13735565541018,124.35824085319747,1.4199445370842803,239.1960839400188,1.419204985253907,243.67387687950276,239.74427654693417,286.396140942549,1.4192173771246044,1.4114164093839032,240.109893777636,1.3609809707506286,49.070699764450886,161.7463555112298,49.63777211327782,1.260003360802574,176.6003230302038,163.4360331999543,176.39051970681288,227.98599304455163,1.2596859254750454,1.2516244103428456,160.40196096041046,1.2006491230772554,132.25824238721194,0.010195227874151743,0.0014081100677774806
149.20252774361654,269.9998650554255,36.29286254361011,600.000007488384,1.6221414766981468,1219.5064334197766,1.6221952435503209,336.8651983466028,144.13357905106375,1.5723116345001604,932.2917189635298,932.6591068496562,1.5713150298122027,333.0374077780334,932.6591068496887,1.5214423706918678,348.48537026622694,1.521285814061178,333.0374077780334,1.5207916710750946,189.08375525531127,317.6745308139376,189.0837552553121,1.4267265511276743,274.51258742222143,1.42551026472954,317.6745308139376,274.51258742222143,311.3121590593074,1.4252662641031164,1.4114352632762648,315.3733070269082,1.3614094182516263,70.48614952834123,241.63628157818,70.48614952908999,1.2676524046469866,164.30997664470203,241.63628157818,164.30997664470203,186.58259888384853,1.267177863504965,1.251721008921168,240.66873291331012,1.2008763910000957,99.9709263786123,0.0300304305311151,0.013207255345171295,122.10751197586588,185.38233373566976,24.77016954384868,600.5638364844042,1.6220858809209657,1219.8339654458096,1.6221196251974126,276.57181329515595,116.38919610648438,1.5719767546530945,905.994505995255,901.1816071111359,1.5713120922724426,272.08195368480716,903.3833157314042,1.5209548391114411,158.23024099541783,1.52092628699765,272.2276122351344,1.5203559274266347,123.37185299375415,245.1998813055498,124.3823945617055,1.419947775006202,239.1877348169389,1.419205711278939,243.75302075950069,239.71417259112897,286.37651212112894,1.4192220246083782,1.411416753386523,240.17726441773436,1.3609849345304175,49.10110290411873,161.8126767610418,49.6800155007134,1.2600366764680946,178.06911136781787,163.51892643699622,177.81697108563807,229.44853006944885,1.2597215633413767,1.2516259398116623,160.4513549470202,1.2006510348277308,132.67433808948692,0.01014784000940247,0.0014115487360595916
149.20279232737573,270.0000521929428,36.29290985188955,599.9999502955313,1.6221411576711393,1219.506345151876,1.6221949246351035,336.8657135865273,144.13356492658988,1.5723117852120088,932.2918757730599,932.6594370563432,1.5713151806244725,333.0380414547734,932.6594271315867,1.5214467651820205,348.48654174967515,1.5212902104774182,333.0380414547734,1.5207960708508927,189.0837399299334,317.6753751244604,189.0837397602814,1.426735395045862,274.51234578939227,1.4255191285135678,317.6753751244604,274.51234578939227,311.3121458311241,1.4252751316726073,1.4114443474274014,315.3741070252976,1.3613718638814347,70.48702509627083,241.62707104297198,70.48702508432353,1.267580323740619,164.9868722097709,241.62707104297198,164.9868722097709,187.4958097768357,1.267105408940132,1.2516227467425094,240.62402050804712,1.2009043269416317,100.03569689614815,0.02914065503002175,0.012898733361301203,122.11125615317296,185.42075530419424,24.779603436679277,600.5652926255634,1.622085498631155,1219.8376461959697,1.6221192187735876,276.58860104364203,116.41637053852892,1.5719774853985593,906.0173992013507,901.2165522623303,1.5713124697730425,272.1215289655487,903.4086563100171,1.5209571670279822,158.285164126655,1.5209288724305396,272.23467391501833,1.5203585222264135,123.38333374565424,245.21151708155128,124.39323385225211,1.4199522570819476,239.17475740472625,1.4192095646312672,243.79352863699924,239.71545748342726,286.35300258148663,1.4192248153879417,1.411417403725433,240.23117340211206,1.3609883895825456,49.11178721558678,161.83592381122165,49.6905741869431,1.260042402190358,178.20057025736753,163.53917312723564,177.96947704940405,229.589806877319,1.259727880989585,1.251626457395122,160.47495031920664,1.2006531312707869,132.58152131120252,0.010149796815037767,0.001404610264933099
149.20269437995324,269.99998781857914,36.292893273224365,599.9999600252293,1.6221412385251948,1219.506243301577,1.6221950054436243,336.8655346448736,144.13356261319262,1.5723115343172942,932.2918117369162,932.6593800184246,1.5713149308916563,333.03785582427054,932.6593745019375,1.5214457226022067,348.4861261214421,1.5212891675235465,333.03785582427054,1.520795027251997,189.08375225176587,317.6752548206807,189.08375225176707,1.4267362122750318,274.51238754436554,1.425519947523706,317.6752548206807,274.51238754436554,311.3121319913997,1.425275951027822,1.4114451869330038,315.3740020142636,1.3613742781855718,70.487912978662,241.62580107225352,70.48791297853505,1.2675742135951351,164.9999243914221,241.62580107225352,164.9999243914221,187.51353888411165,1.2670992935820868,1.2516162157304256,240.62213442529827,1.2009184366360586,100.0983608806755,0.028803814289817355,0.0126951612899529,122.11146891186841,185.4326313372735,24.780887536924727,600.5659955548477,1.622085344501489,1219.8389302852288,1.6221190478537943,276.5894257782867,116.43234401860559,1.5719776129861267,906.0285563090091,901.2331298359665,1.5713125254276963,272.12788454707913,903.424315505209,1.520957846301567,158.3034644697795,1.5209296012126041,272.23520383695814,1.520359155873814,123.38408231221625,245.21438477729944,124.39382907679239,1.4199531512574164,239.17059488905159,1.41921043633258,243.80100608666032,239.71398521100213,286.34544610462325,1.4192256019736424,1.4114175399409767,240.2415363657027,1.360988969246974,49.11470128707515,161.84164248263585,49.693026192421605,1.2600436099256633,178.22826178742773,163.5453514518754,178.00039820496718,229.62036175317044,1.2597292323140747,1.25162655477956,160.48166543566322,1.2006536629327307,132.56990343077163,0.010149250928200437,0.0014038469405171217
149.2026806807683,270.00000108080224,36.29290661790489,599.9999535827164,1.6221412362944734,1219.5063274904596,1.6221950032339065,336.865516310854,144.13357583471225,1.5723116031758675,932.2918082094233,932.6593748812152,1.5713149999043066,333.03783956320865,932.6593742329858,1.5214456840261679,348.4860916746685,1.5212891289599144,333.03783956320865,1.520794988713813,189.08375153955745,317.675217866599,189.08375150873326,1.4267360616238238,274.5123963535656,1.4255197970308955,317.675217866599,274.5123963535656,311.3121435982185,1.4252758005623005,1.4114450379815573,315.3739645958277,1.3613748724752517,70.4888009419826,241.62537355369324,70.48880094278701,1.2675733503554119,165.00013886164277,241.62537355369324,165.00013886164277,187.51391257288864,1.2670984310511317,1.251615388785176,240.62169222617794,1.2009232814672592,100.15696542926631,0.02867446482246595,0.0125622161084937,122.11088073348813,185.44064803846317,24.781413857811103,600.5661850329202,1.6220852967409656,1219.839298718421,1.6221189926105466,276.5892784603461,116.43995818210013,1.5719776417513238,906.0332596788331,901.2421934006015,1.5713125269122719,272.1304714853267,903.4333289767005,1.5209581422271727,158.3106077921199,1.5209299049418648,272.2349970211682,1.5203593641922337,123.38373875586606,245.21386550996186,124.3934738149478,1.4199533696828217,239.1690677410179,1.4192107247004018,243.80268198011592,239.71300548062467,286.3428717221926,1.4192258907914328,1.411417580691099,240.24354625983653,1.360989113447895,49.11625416215808,161.84357090703546,49.69422503296523,1.2600440236008397,178.24048159025125,163.54784523460566,178.01257681674812,229.6311629222841,1.2597296644463278,1.2516265821289043,160.4843528741859,1.2006538684561525,132.5723425766184,0.010148511226278923,0.0014036106681676792
149.20268749157538,270.00000002135926,36.29291179071583,599.999956075232,1.6221412332447915,1219.5063620604537,1.6221950001871233,336.86552825457187,144.13357564701795,1.5723116041525007,932.2918136028159,932.6593819716616,1.571315000807453,333.0378512086279,932.6593817271652,1.5214456933443292,348.4861205593351,1.5212891382673732,333.0378512086279,1.5207949979999857,189.08375190260568,317.6752281379322,189.08375189859294,1.4267360321882805,274.51239418104876,1.42551976748869,317.6752281379322,274.51239418104876,311.3121411098016,1.4252757709998778,1.4114450072733127,315.37397474298314,1.361374969552143,70.48968810626494,241.62510290372376,70.48968810707603,1.2675730524244895,165.00013677005023,241.62510290372376,165.00013677005023,187.513990507925,1.267098133446733,1.2516151184854944,240.62141861789706,1.2009249116575582,100.21137698799882,0.028617553102931004,0.01247405572465945,122.11000731129394,185.44779083334794,24.78160747844806,600.566234683522,1.6220852781235868,1219.8394423417005,1.622118966242452,276.5884440683871,116.445520217647,1.5719776537391377,906.0359715585228,901.2494602821955,1.5713125205020513,272.13277640204257,903.4402786003291,1.5209583762919199,158.31402474024435,1.520930110173027,272.23419482658915,1.5203594671794691,123.38296034028555,245.2111669948624,124.39280660159882,1.4199534175305413,239.1679849515707,1.4192108700625,243.80259152709584,239.71217297748976,286.34156538640104,1.4192260484643424,1.4114176074402502,240.24368278094752,1.360989184869535,49.11754714441258,161.84463148999933,49.69511768148535,1.2600443351162334,178.2519178341447,163.54934554071562,178.02420910522764,229.6410403785987,1.259729961081652,1.2516265955900903,160.48603712163592,1.2006540257516478,132.5763414685913,0.010147524686355887,0.0014033395933219757
149.20268791913315,270.00000003593675,36.29291463256999,599.9999583491201,1.6221412330954488,1219.5064004866792,1.6221950000395886,336.86552910048306,144.13357827527682,1.5723116034982438,932.2918145842725,932.6593832219462,1.5713150001472025,333.03785199636553,932.6593830134494,1.5214456948772086,348.48612342687176,1.521289139799554,333.03785199636553,1.520794999530595,189.08375276028997,317.6752298147718,189.083752756666,1.4267360275702536,274.51239447737055,1.4255197628513707,317.6752298147718,274.51239447737055,311.31214139188654,1.4252757663589508,1.4114450024270662,315.37397639825986,1.3613749941698559,70.49057442233311,241.62487333439537,70.4905744226412,1.2675729192569374,165.0001344576893,241.62487333439537,165.0001344576893,187.5140720966341,1.2670980004688728,1.2516150082213482,240.62118609996162,1.2009252316238737,100.26169697018125,0.028586124251237254,0.012414484170740599,122.10916801816201,185.45479218674984,24.781776555623992,600.5661999636501,1.622085273955517,1219.8394680110039,1.622118950842737,276.5876110811284,116.45080134230767,1.571977660898488,906.0381252851478,901.2563664913574,1.5713125096566747,272.13560532172784,903.4464768230367,1.5209585854179961,158.31684051767678,1.5209302840964833,272.2332032249567,1.5203595443344393,123.38211812974394,245.2078956106357,124.39226522234635,1.4199534379478307,239.16710694183354,1.4192109968877884,243.8024784608207,239.71161217553873,286.34077257571374,1.4192261678791425,1.4114176353237966,240.24342912135242,1.3609892435875293,49.11893704632045,161.84594838892215,49.69596279616311,1.260044677894352,178.26456193567736,163.55068539707176,178.03777427563693,229.65255724424787,1.2597302785626576,1.2516266050065734,160.48738133801868,1.2006541688957562,132.57993928298887,0.010146390762599091,0.0014029891242835976
149.20268788898585,270.0000000040375,36.29291666891385,599.9999584607776,1.622141233072751,1219.5064023073087,1.6221950000180065,336.86552914807703,144.13357881041622,1.572311603338885,932.2918149466032,932.6593842458826,1.5713149999852938,333.0378523205159,932.6593836678924,1.5214456953090196,348.48612510886477,1.5212891402309388,333.0378523205159,1.5207949999611112,189.0837537026535,317.6752316738407,189.08375370265296,1.426736026282378,274.51239494317497,1.4255197615460533,317.6752316738407,274.51239494317497,311.31214169536236,1.4252757650504457,1.411445000941551,315.37397826253266,1.3613750043035675,70.49145787079163,241.62465831617715,70.49145787162736,1.2675728487491824,165.00013261158716,241.62465831617715,165.00013261158716,187.51416107987842,1.26709793010138,1.251614958746558,240.62096786813365,1.2009250314181354,100.30806683634641,0.02856404929504825,0.012373283725743648,122.10878116993798,185.46098530310678,24.782015854368964,600.5660382930746,1.622085291066833,1219.839318228177,1.6221189533387992,276.587364731819,116.45556795650307,1.5719776638905796,906.0398667227092,901.2626682402397,1.5713124869248614,272.1389906246324,903.4515896888586,1.5209587386874293,158.3205050066744,1.520930412641077,272.23235924940997,1.5203595774915437,123.38163410742433,245.2050153519681,124.39228570696672,1.4199535142440172,239.1664350502359,1.4192111740871183,243.80301782882944,239.71142211855295,286.34003382030056,1.41922627414594,1.4114176579180875,240.2433996260507,1.3609892761224378,49.1207816063474,161.84789195009097,49.69701903517966,1.2600451204777383,178.27894101631122,163.55244075774317,178.05426834596773,229.6650822350929,1.2597306770604677,1.2516266039737605,160.4888488405194,1.2006542903939033,132.58324297383126,0.0101452967851455,0.0014025330355903777
149.2026878620204,270.00000000325196,36.292916908774416,599.9999587498776,1.6221412330552223,1219.5064062745064,1.6221950000006182,336.8655291206743,144.1335790942083,1.5723116033212436,932.291814962733,932.6593838328583,1.5713149999699103,333.0378519989029,932.6593838328586,1.5214456952854094,348.48612418704573,1.521289140207752,333.0378519989029,1.5207949999386556,189.0837545544415,317.67523258654256,189.08375455444147,1.426736025502691,274.5123955406362,1.4255197607550787,317.67523258654256,274.5123955406362,311.31214222124197,1.4252757642573957,1.4114450000290761,315.3739791642215,1.3613750076680902,70.49234095926066,241.62446289701163,70.49234096010329,1.2675727972637376,165.00013179070032,241.62446289701163,165.00013179070032,187.51425279671685,1.26709787868004,1.2516149256554925,240.6207691809119,1.2009244920311577,100.350614871518,0.028545852599809497,0.01234399692263505,122.10870978070685,185.46329888164797,24.781969153616743,600.5655864212488,1.6220853561776418,1219.8387266945497,1.6221190076638918,276.58693261089917,116.4581138962191,1.5719776543558919,906.0403117567527,901.2671799851998,1.5713124523940039,272.1417913421645,903.4547789683229,1.520958811086807,158.32267098931476,1.5209304905888565,272.23173532029296,1.5203595403790264,123.38116120532732,245.2016685902246,124.39252508438754,1.4199535503277583,239.166311914724,1.4192113145270124,243.8026267032703,239.71176609492863,286.34020724763843,1.4192262975545407,1.4114176679321546,240.24215408159372,1.3609893020630877,49.12287710802461,161.84944094614195,49.69823022217584,1.2600454985735792,178.29273908644993,163.55388505780698,178.07055243489356,229.67606428791393,1.2597310224209735,1.251626595422763,160.48984706037763,1.200654362939573,132.58391440740175,0.01014486539484081,0.0014018405930674382
149.20268817784665,270.00000002428885,36.29291694974597,599.9999587543494,1.622141232847417,1219.506406485167,1.6221949997928644,336.8655296786992,144.13357899930793,1.572311601865934,932.2918150102065,932.6593844413533,1.5713149985103207,333.0378522437116,932.6593844413526,1.5214456921405493,348.48612699715477,1.5212891370590753,333.0378522437116,1.5207949967829202,189.0837553922328,317.6752357017464,189.08375539223277,1.4267360149683004,274.5123954246149,1.4255197501860362,317.6752357017464,274.5123954246149,311.31214194592724,1.4252757536818184,1.411444989075045,315.3739823748398,1.3613749982254006,70.49322260574428,241.6242663116471,70.49322260659494,1.2675728365679757,165.00012886985127,241.6242663116471,165.00012886985127,187.51434559456885,1.2670979180272575,1.25161498891918,240.62056903368702,1.2009242406910623,100.38843071428474,0.028529603501564298,0.012322333242524953,122.10844050553675,185.46429907499112,24.78183655075094,600.5652205393674,1.622085406894716,1219.838235721639,1.6221190499540052,276.58605660469476,116.46053268679717,1.571977653580782,906.0406496254078,901.2711106467973,1.5713124294535414,272.1436634776904,903.4580483972188,1.5209589219530257,158.3235771657255,1.5209306011302826,272.2309630687407,1.5203595492176654,123.38047760427617,245.19839804352586,124.39237818039578,1.4199535599425483,239.16618877921206,1.4192114094627055,243.8015873310672,239.71193741390175,286.3403626565515,1.4192262974771994,1.411417684813168,240.24048717568317,1.3609893636903139,49.12467691216068,161.85022805814177,49.69931794464641,1.260045788048098,178.3048312899536,163.55480688705296,178.08411512764616,229.68544732876165,1.2597312828001588,1.2516265959420543,160.49061014179316,1.2006544555462486,132.58477301050735,0.010144443947418426,0.0014012555865014773
149.202687613946,270.00000005120717,36.29291678871877,599.9999587301268,1.6221412330632097,1219.5064057446189,1.6221950000085503,336.8655286980853,144.13357912501314,1.572311603888032,932.2918147245879,932.6593836190063,1.571315000537,333.03785158227134,932.6593836190063,1.5214456970586712,348.48612293715394,1.5212891419819428,333.03785158227134,1.520795001714493,189.08375616286907,317.67523433622296,189.08375616286878,1.4267360277285777,274.51239664409127,1.4255197629630794,317.67523433622296,274.51239664409127,311.3121436330613,1.425275766462169,1.4114450020462996,315.3739808434748,1.3613749988709358,70.49410171174503,241.62407088671205,70.49410171261543,1.2675727494227353,165.00013207365117,241.62407088671205,165.00013207365117,187.5144493860824,1.2670978309847358,1.251614918007476,240.62036990489614,1.200923742168985,100.42561151287313,0.028515281963040554,0.0123063776723869,122.10787956778414,185.46549122463242,24.781635430723114,600.565035919707,1.622085430363728,1219.837997154499,1.6221190656890945,276.58485049392743,116.46321168956457,1.5719776511943317,906.0410202390426,901.2748609721788,1.571312408130928,272.14485040534663,903.4620391709989,1.5209590396456139,158.32370977690758,1.520930717656278,272.2299763415545,1.5203595580563043,123.37944166775173,245.19505714447817,124.3917039437484,1.4199535144136899,239.16583275697107,1.41921143862938,243.80003036658246,239.71161752925664,286.34025679830637,1.4192262947186969,1.4114176947060864,240.23864498340788,1.3609894167837935,49.12598841409417,161.8503118149315,49.70009391918984,1.2600459934141144,178.31497481646608,163.5553293578708,178.0949957570256,229.69321688693952,1.259731449693497,1.2516265942976317,160.49111869702966,1.2006545380318523,132.58679325310882,0.010143951985528279,0.0014008170599702037
149.2026878628009,269.9999999787582,36.292916905027006,599.9999587671941,1.622141233074006,1219.5064060870523,1.6221950000193606,336.8655291173268,144.1335790810419,1.5723116032307296,932.2918149611999,932.6593838299316,1.5713149998793594,333.0378519831173,932.6593838299316,1.5214456952758746,348.4861241572711,1.521289140198299,333.0378519831173,1.520794999929158,189.0837569490135,317.6752358770588,189.083756949012,1.426736026432947,274.51239699975764,1.4255197616524915,317.6752358770588,274.51239699975764,311.3121439242088,1.4252757651488281,1.411445000575683,315.37398241560277,1.36137501382336,70.49498041734239,241.62388903720642,70.49498041821528,1.2675727430545933,165.00013078042565,241.62388903720642,165.00013078042565,187.5145475984233,1.2670978246469606,1.2516149255486253,240.62018437305076,1.2009230933675918,100.45983551534152,0.028501581084160107,0.012293746045197703,122.10733819944797,185.46841603243882,24.781701902596716,600.5649828721666,1.6220854279184604,1219.837958894755,1.6221190559412562,276.5841858951133,116.46640520279722,1.5719776611846397,906.0417049068018,901.2792992468287,1.57131239943977,272.14647568498856,903.4668114017365,1.5209592115754509,158.32515081841933,1.5209309032026586,272.2293280402063,1.5203596390201908,123.37847420838739,245.19215929772332,124.39094250114574,1.4199535032718449,239.16518763396297,1.4192114947110828,243.7991325366052,239.71079573355752,286.3397207501712,1.4192263609485376,1.4114177125480316,240.2376370868108,1.3609895391654763,49.12712860899704,161.8507649088904,49.70081001343834,1.2600462442353477,178.32522921811565,163.5561739895937,178.10555398132752,229.7009303711681,1.2597316633297588,1.2516266067317747,160.49208609535842,1.2006546715530177,132.59014002265374,0.01014341775422577,0.0014004616045628056
149.20268784564877,270.0000000030008,36.29291692221996,599.9999587716331,1.6221412330567597,1219.5064062759157,1.6221950000021295,336.8655290937687,144.13357910607527,1.5723116033667588,932.2918149536092,932.6593838232616,1.5713150000155718,333.0378519665943,932.659383823261,1.5214456954338405,348.4861241174209,1.5212891403562383,333.0378519665943,1.5207950000872361,189.08375770296396,317.67523690808525,189.08375770296425,1.4267360260296438,274.51239745872493,1.4255197612405563,317.67523690808525,274.51239745872493,311.3121444528315,1.4252757647353116,1.4114450000389491,315.3739834279731,1.3613750139554355,70.4958576586965,241.6237036743239,70.49585765956847,1.267572730361174,165.00013055568712,241.6237036743239,165.00013055568712,187.51464879987572,1.2670978119923864,1.2516149301107484,240.6199952482749,1.2009224999470454,100.49134668262424,0.028488760031043604,0.012283425793875896,122.1067769485847,185.47335132989457,24.782009377622305,600.5649452293476,1.6220854213773694,1219.8379454902774,1.6221190413167499,276.5836672095395,116.47047693216886,1.5719776730196542,906.0429641001155,901.2850599870628,1.5713123932862643,272.1484296415761,903.4724018245881,1.5209594088176652,158.32729911956872,1.5209311044770806,272.2285683229444,1.5203597463534975,123.37755298573799,245.1893694920758,124.39012370160607,1.4199535203522367,239.16430427050793,1.4192115677586787,243.79859484365244,239.70972900526405,286.33897974245497,1.419226472603438,1.4114177349303116,240.23697807749733,1.360989687245373,49.12828238499784,161.85151165617228,49.70158166672337,1.2600465221335018,178.33584969354206,163.55712911973197,178.11627511155717,229.70907677040304,1.2597318884119622,1.2516266247858039,160.49329658607292,1.2006548194519922,132.59567340772023,0.010142632997965449,0.0014001422006664989
149.20268785644004,269.9999999999213,36.29291691938149,599.9999587749553,1.6221412330535265,1219.5064062435258,1.622194999998893,336.86552911156167,144.1335790992701,1.572311603352814,932.2918149596417,932.6593838295272,1.5713150000015412,333.0378519835434,932.6593838295275,1.5214456954668127,348.4861241564004,1.5212891403891973,333.0378519835434,1.5207950001201684,189.08375844452212,317.6752380415738,189.08375844452237,1.426736026157459,274.5123978805739,1.425519761354923,317.6752380415738,274.5123978805739,311.3121449150061,1.4252757648472232,1.4114450000422623,315.3739845501855,1.3613750138820548,70.49673329759831,241.62351854860412,70.49673329847012,1.2675727166486057,165.0001303202345,241.62351854860412,165.0001303202345,187.51475104206156,1.2670977983185492,1.251614933598287,240.61980630448318,1.2009219382145147,100.52035293646819,0.028476857578797744,0.012274753593152603,122.10633655843732,185.47961516699297,24.782432411443544,600.5648634263274,1.6220854237781777,1219.8378635167412,1.622119031211546,276.58360821212824,116.475021774612,1.5719776847768798,906.0446102795538,901.291678994103,1.5713123826495365,272.15085990119496,903.4782126583766,1.520959604166434,158.33180789975881,1.5209312915814275,272.22811708849366,1.5203598589118559,123.37692849744897,245.18729996047716,124.38966133446073,1.4199535875426512,239.1634222454823,1.419211686834115,243.79863420746673,239.70875195174557,286.3381328764935,1.4192266331895325,1.4114177611921135,240.23686768079648,1.3609898403679381,49.12997137972132,161.85297992278737,49.702816929302045,1.2600468859060443,178.34721904070474,163.55875783610085,178.12808795926838,229.71797021934947,1.25973215857455,1.2516266435437615,160.4949748680656,1.200654970203886,132.6021678934949,0.01014177625002262,0.0013998101160571444
149.20268785521347,269.9999999999404,36.292916915928075,599.999958774542,1.6221412330543963,1219.5064061940948,1.6221949999997602,336.86552910924,144.1335790961328,1.572311603351168,932.2918149581069,932.6593838277427,1.5713149999999123,333.03785198124035,932.659383827743,1.5214456954664677,348.48612415011394,1.5212891403888542,333.03785198124035,1.520795000119829,189.0837591693716,317.6752391669929,189.08375916937246,1.4267360262892765,274.5123982879186,1.4255197614757362,317.6752391669929,274.5123982879186,311.31214535704896,1.425275764966028,1.4114450000458882,315.37398566481625,1.3613750138856344,70.49760733142395,241.62333380069146,70.49760733229391,1.2675727031575346,165.0001300758033,241.62333380069146,165.0001300758033,187.5148540402328,1.2670977848659375,1.2516149372514758,240.61961770145024,1.2009214091153133,100.54704816288896,0.028465847778496246,0.012267294438704755,122.10564286176364,185.485495091495,24.782735455010894,600.5647263638068,1.6220854421288,1219.837691049414,1.6221190336801188,276.58297978434604,116.47942468313369,1.5719776837572905,906.0461478051957,901.2982378890711,1.5713123614798594,272.1528915007474,903.4837930625494,1.520959760001984,158.33510991819213,1.520931407316075,272.2272257611836,1.5203598946570698,123.37616881066438,245.1847965893933,124.38916326554846,1.4199536200632645,239.16253754359778,1.4192117711399428,243.7982070682052,239.70785921928416,286.3371733953776,1.4192267538933525,1.411417778351219,240.23626681936358,1.360989938506023,49.13181254447379,161.85418985520764,49.70415713672748,1.260047236336336,178.35855679774454,163.56020642491595,178.14002221215773,229.72771140993783,1.259732414030062,1.2516266518928125,160.49638917857192,1.2006550698296496,132.60826130169428,0.010141037092873707,0.0013994545347422414
149.20268785496847,269.99999999999386,36.29291691311964,599.9999587745103,1.6221412330544602,1219.5064061582,1.622194999999822,336.8655291086787,144.1335790939307,1.572311603351218,932.2918149573406,932.6593838268411,1.5713149999999643,333.0378519806943,932.6593838268404,1.5214456954662152,348.4861241480528,1.5212891403886024,333.0378519806943,1.520795000119578,189.08375987723912,317.67524007442523,189.0837598772398,1.4267360263905449,274.512398638083,1.425519761568186,317.67524007442523,274.512398638083,311.312145734708,1.4252757650568677,1.411445000044691,315.37398656376854,1.3613750138825926,70.49847975806705,241.62314944416798,70.49847975893661,1.267572689807564,165.00012988026998,241.62314944416798,165.00012988026998,187.51495759320167,1.267097771554063,1.2516149402422923,240.61942946281536,1.2009209137965062,100.57161261139407,0.028455682692552945,0.012260759560639043,122.10462180789189,185.4898545200562,24.782888851642284,600.564562718267,1.6220854778630522,1219.8374593473202,1.622119053087828,276.581082561047,116.48345205815487,1.5719776540308457,906.0474665348362,901.3041021556514,1.5713123138314269,272.15378422075634,903.4891730931431,1.5209597871330653,158.33508781632847,1.5209313666605704,272.2253191563594,1.5203597574384202,123.37504566818394,245.1812538461063,124.38837255920242,1.4199535493097217,239.1617960536673,1.4192117526554973,243.7963753945483,239.7071337905074,286.3363152679007,1.4192267614985696,1.4114177618832136,240.23462266697152,1.3609898610234836,49.13326170935441,161.85428975788454,49.705079416733746,1.2600474555678287,178.369223729234,163.56073015713122,178.15113636068074,229.73720177511862,1.2597325325818818,1.251626625558971,160.49681272604164,1.2006550145826353,132.61306234881775,0.010140262323143334,0.0013991551172509937
149.20268787508752,269.99999999439376,36.292916897463954,599.9999587796543,1.6221412330479406,1219.5064061134144,1.6221949999933074,336.8655291404599,144.1335790813551,1.572311603338886,932.2918149692024,932.6593837582352,1.571314999986854,333.03785200031575,932.6593833339468,1.521445695436332,348.4861240227256,1.5212891403587576,333.03785200031575,1.5207950000898092,189.0837605715069,317.6752414937491,189.08376057150736,1.4267360267842073,274.5123989649309,1.4255197619476632,317.6752414937491,274.5123989649309,311.3121461905102,1.4252757654337582,1.411445000273639,315.37398796618663,1.3613750145465253,70.49934697539385,241.62294907514226,70.49934697633654,1.2675726744597269,165.0001291035086,241.62294907514226,165.0001291035086,187.51506552313455,1.2670977563054568,1.2516149446508091,240.61922504816312,1.2009204526070314,100.59421218599576,0.028446301077304698,0.012254950481439653,122.10318431683847,185.49154676636908,24.78278795074697,600.5643530560598,1.6220855206607936,1219.837180973766,1.622119081468167,276.5785061651687,116.4866633131277,1.5719776212984184,906.0477895194095,901.3090814389495,1.5713122688637513,272.1537856134553,903.4936213865949,1.520959800387184,158.33230298150517,1.520931306864336,272.22269948968716,1.5203596046911123,123.37357311660459,245.17619601473274,124.38724707563216,1.4199533727369316,239.16146278472743,1.4192116409633666,243.79275811127252,239.70673092323474,286.33629274486987,1.419226662940111,1.4114177422543202,240.23143801710495,1.360989781746918,49.1344343136955,161.8534027432078,49.70577760862604,1.2600475925221084,178.37968563463184,163.56029320905952,178.16133997036806,229.74578470703403,1.2597325616763142,1.251626596328638,160.49643590798757,1.2006549626187428,132.6169943945281,0.010139686480821844,0.0013987348567792387
149.20268785403175,270.00000000036584,36.29291690603857,599.9999587733935,1.6221412330544687,1219.5064060466111,1.6221949999998255,336.86552910698214,144.13357908635763,1.5723116033520514,932.2918149551806,932.659383814331,1.5713150000008203,333.0378519726084,932.6593838143311,1.5214456954299893,348.48612410876734,1.5212891403523776,333.0378519726084,1.520795000083361,189.0837612090144,317.67524250219674,189.08376120901448,1.4267360266911429,274.51239938299193,1.425519761842433,317.67524250219674,274.51239938299193,311.3121467781342,1.4252757653262962,1.4114450000477377,315.3739889561754,1.3613750142347678,70.5002159681581,241.62276774879655,70.50021596910926,1.2675726617112666,165.00012909999657,241.62276774879655,165.00012909999657,187.51517046995207,1.2670977435838688,1.2516149484638504,240.61903979321153,1.2009200234959128,100.61500327136726,0.02843765991741086,0.012249739218925096,122.10158165991035,185.49171346525964,24.782613078587183,600.5641678834094,1.6220855600629474,1219.836951686649,1.6221191057360504,276.57578069547435,116.48905844805219,1.5719775866407177,906.0470780603033,901.3132291719181,1.5713122208701196,272.1538266980735,903.4974318241539,1.5209598049962292,158.32774115684225,1.5209312215965871,272.2197107578006,1.5203594411030426,123.37192673838808,245.1700795480129,124.38599575796539,1.419953161890243,239.1612459591521,1.4192114907837927,243.78853697033483,239.70645386833291,286.33647743372313,1.4192265089795786,1.411417721857232,240.22770981096323,1.3609896927729135,49.13554024719225,161.85212923635677,49.70636591709055,1.2600477213663925,178.39102091401497,163.55957269884428,178.17205304821346,229.75454912560252,1.2597325812431195,1.2516265652403957,160.4957856731397,1.2006549203910044,132.61985392909264,0.010139027774313544,0.0013982390656865397
149.20268787325756,270.00000000147475,36.29291690592223,599.9999587706205,1.6221412330491756,1219.5064060442678,1.622194999994532,336.8655291371275,144.13357908108262,1.5723116033190887,932.291814967602,932.6593828438799,1.5713149999676008,333.0378519642255,932.6593825559282,1.5214456953629467,348.4861232170988,1.5212891402868043,333.0378519642255,1.520795000021666,189.08376186270792,317.67524324784677,189.08376161069958,1.4267360267814402,274.51239977050744,1.4255197619289937,317.67524324784677,274.51239977050744,311.3121467996407,1.4252757654122337,1.4114450001028183,315.37398971002335,1.3613750139542713,70.50108303691385,241.62258296840707,70.50108303566151,1.2675726478468963,165.0001290478175,241.62258296840707,165.0001290478175,187.51527562733042,1.2670977297750041,1.2516149521050326,240.61885103925096,1.200919626771795,100.6341287388286,0.02842969975979315,0.0122450266879836,122.09961876916458,185.49224387082037,24.782511155047658,600.5639860681983,1.6220856083069668,1219.8367222909935,1.6221191361396292,276.57263205982446,116.4911549303503,1.5719775359946349,906.0461582240529,901.3175071477094,1.5713121552199787,272.15338556068997,903.501165451841,1.5209597087792996,158.32138466084876,1.5209310426035576,272.2160061786682,1.5203591491349624,123.37019081311608,245.16384666490606,124.38478658008908,1.419952899463034,239.16123525171628,1.4192112967232973,243.7840059440505,239.70632671753256,286.3364909475417,1.4192263133579242,1.411417680113137,240.22346080206478,1.3609894819990722,49.13666253973877,161.85068014298272,49.70680853741484,1.2600477912824026,178.40221186989555,163.55858981796243,178.18247066549787,229.76314954294298,1.2597325257398944,1.2516265163981593,160.4946199233551,1.2006547883868677,132.6215785626664,0.010138338764447172,0.0013978529147492952
149.2026878638486,270.0000000042269,36.29291690388099,599.9999587728307,1.6221412330472766,1219.5064060065065,1.6221949999926308,336.86552912434774,144.13357908254056,1.572311603379021,932.2918149605567,932.659383827725,1.5713150000276697,333.0378519973658,932.6593838277247,1.5214456955443372,348.48612418121786,1.5212891404668123,333.0378519973658,1.5207950001979507,189.08376233868137,317.6752442520525,189.08376233868051,1.4267360269744227,274.51240003595353,1.4255197621086493,317.6752442520525,274.51240003595353,311.3121473221131,1.4252757655893835,1.4114450001483134,315.3739906973331,1.3613750140116416,70.50194876645897,241.62239997288833,70.50194876743012,1.2675726343288503,165.0001287365232,241.62239997288833,165.0001287365232,187.51538101574354,1.2670977162798742,1.2516149550238342,240.61866409418627,1.2009192584847426,100.65172070940714,0.02842236904649505,0.012240742900502153,122.09765306042281,185.49499692825475,24.782719433584948,600.563796037136,1.622085667676954,1219.8364904803614,1.622119174713139,276.57033906222506,116.49323367090823,1.5719774612367938,906.0456670493561,901.3221391168136,1.5713120614317222,272.1531829229968,903.5049959267578,1.5209594645497395,158.3158061504567,1.520930739517267,272.2123468622507,1.520358740701943,123.36897929412989,245.15859117693304,124.38425397995962,1.4199526671244618,239.16173983962926,1.4192111326672985,243.78039033583065,239.70673092323474,286.33671843015367,1.4192261180971955,1.411417613057159,240.21980001375564,1.360989127266746,49.138263257325754,161.849831474788,49.70757463479622,1.2600478834354973,178.41475748457455,163.55799216785744,178.19478647751836,229.77216358102766,1.2597324730501966,1.2516264369408125,160.49353421012285,1.2006545385073388,132.62377854744048,0.010137627722299406,0.001397454700601684
149.20268785616872,269.9999999989415,36.292916900902014,599.9999587743315,1.6221412330549065,1219.506405981634,1.622195000000259,336.8655291098929,144.13357908022036,1.5723116033479663,932.2918149555062,932.6593838248539,1.5713149999967042,333.03785198175603,932.6593838248539,1.5214456954758022,348.4861241476831,1.5212891403981892,333.03785198175603,1.520795000129165,189.08376301027084,317.67524573517255,189.08376301027,1.4267360270205574,274.5124002832803,1.4255197621434301,317.67524573517255,274.5124002832803,311.31214766076465,1.4252757656220925,1.4114450000345036,315.3739921632907,1.3613750138933947,70.50281337805193,241.62221921336305,70.50281337902265,1.2675726207246847,165.0001285536347,241.62221921336305,165.0001285536347,187.51548567265303,1.2670977027048878,1.2516149580285147,240.61847938749543,1.2009189188897142,100.66790132410455,0.028415620394603602,0.012236834630438696,122.09772867664792,185.49411291898684,24.782552742578837,600.5638365634028,1.6220856584016092,1219.8365324032723,1.6221191664387473,276.57027233896235,116.49346431353058,1.5719774636815855,906.0459825918886,901.3222326244811,1.571312060875689,272.1530903085185,903.5054100321541,1.5209594618092264,158.3162923914576,1.5209307544045017,272.2124067483043,1.5203587491987562,123.3690834730572,245.1589186503669,124.38437279075774,1.419952691274552,239.16181746853894,1.4192111559168559,243.78037442279935,239.70680052156754,286.3367477100938,1.4192261270687736,1.4114176135692889,240.21998962640976,1.3609891311942088,49.13850216118467,161.8498829398034,49.707830206364214,1.2600478991322628,178.41509754295603,163.55811401884972,178.19508317690767,229.7722015666062,1.2597324875014972,1.2516264346674704,160.49367787821996,1.2006545380092102,132.62286349637984,0.01013755428305918,0.0013974580921895375
149.20268785480505,270.00000000004195,36.292916899466405,599.9999587741747,1.6221412330546139,1219.5064059586743,1.6221949999999654,336.865529107664,144.13357907927593,1.5723116033508688,932.2918149542792,932.659383823165,1.5713149999996228,333.0378519797008,932.659383823165,1.5214456954737297,348.48612414195185,1.5212891403961186,333.0378519797008,1.520795000127098,189.0837636478229,317.67524703690015,189.08376364782333,1.426736027157776,274.5124005593947,1.4255197622688964,317.67524703690015,274.5124005593947,311.31214787340315,1.4252757657454127,1.411445000036437,315.3739934593881,1.3613750137784142,70.50367637209158,241.62203821508854,70.50367637306111,1.2675726068611557,165.0001283416317,241.62203821508854,165.0001283416317,187.51559018301583,1.2670976888731262,1.2516149608311973,240.61829444870978,1.2009186054855054,100.6827831563113,0.028409408152907347,0.012233259591400954,122.09773572163783,185.49360777083373,24.782414003847776,600.5638709277812,1.622085652821953,1219.8365771753129,1.622119160913323,276.57022791531637,116.4936476448458,1.5719774624202953,906.0461731081346,901.3223328112679,1.5713120582091333,272.152987596973,903.5056604991279,1.5209594519932061,158.31653109158532,1.5209307476780436,272.2123983921108,1.5203587463664852,123.36910629877723,245.15906605528855,124.38439737230217,1.4199526974958867,239.16186297514116,1.4192111608914235,243.7803291962893,239.70681792115076,286.3367296916691,1.419226124052467,1.4114176109838588,240.220060415134,1.360989115872255,49.13865618318156,161.84989303098288,49.708009847248974,1.2600478966469417,178.41518735801128,163.55816018599586,178.1950063695501,229.77203213886696,1.2597324820023297,1.2516264299649986,160.49373156733583,1.2006545287711847,132.62320812600007,0.01013748804651586,0.0013974761747514168
149.2026878549413,269.999999999999,36.29291689791937,599.9999587742122,1.6221412330545644,1219.506405936747,1.6221949999999148,336.8655291078108,144.13357907763634,1.5723116033508875,932.2918149540228,932.6593838228619,1.5713149999996405,333.0378519798411,932.6593838228612,1.5214456954700304,348.48612414186175,1.5212891403924191,333.0378519798411,1.5207950001233979,189.08376426076433,317.67524828403094,189.08376426076444,1.4267360272918734,274.51240082522577,1.4255197623915903,317.67524828403094,274.51240082522577,311.3121481081008,1.425275765866022,1.4114450000388499,315.3739946992472,1.3613750137017862,70.5045377502275,241.62185731993247,70.50453775119567,1.2675725928119403,165.00012811306695,241.62185731993247,165.00012811306695,187.5156945267436,1.2670976748566278,1.2516149634505076,240.618109619508,1.2009183164181572,100.6964699657216,0.028403690174361104,0.012229983535386948,122.09772805042658,185.49313293156982,24.782278333049348,600.5638980637904,1.622085648742802,1219.8366151908456,1.6221191568338553,276.5701875301837,116.49378662181054,1.5719774613729243,906.0463025996455,901.3224062815781,1.5713120560876868,272.1529009014651,903.5058174584314,1.5209594441952001,158.31669906574925,1.5209307396409153,272.2123858578205,1.5203587435830463,123.36910746932696,245.15915650830863,124.38439912812677,1.4199526992491718,239.16190178959602,1.419211162305248,243.78028564483517,239.70682193643918,286.33670041172894,1.4192261184323405,1.411417608800423,240.22010339400225,1.3609891006957626,49.13878489495051,161.84989303098288,49.708164795228605,1.2600478904990418,178.41523505290266,163.55817935923687,178.19487938964446,229.77184341686558,1.2597324733059718,1.2516264258452874,160.4937599032581,1.2006545214803903,132.62369536098043,0.010137437631469029,0.0013974852796003257
149.2026878549383,269.99999999999886,36.292916896522556,599.9999587741779,1.6221412330545784,1219.5064059167858,1.6221949999999277,336.8655291077273,144.13357907619576,1.5723116033510043,932.2918149537184,932.6593838224925,1.571314999999758,333.03785197975844,932.6593838224926,1.5214456954674342,348.4861241412834,1.5212891403898228,333.03785197975844,1.520795000120802,189.08376485361077,317.6752494974372,189.0837648536102,1.4267360274222007,274.51240108027577,1.4255197625107678,317.6752494974372,274.51240108027577,311.3121483505894,1.4252757659831599,1.411445000040045,315.3739959044135,1.3613750136462637,70.50539751456847,241.62167669753765,70.50539751553593,1.2675725786035745,165.00012787549954,241.62167669753765,165.00012787549954,187.51579869268636,1.2670976606811726,1.251614965887681,240.6179250695383,1.2009180499422367,100.7090573832059,0.028398427544135952,0.012226977769427954,122.09771693499805,185.4926732467505,24.78214845723477,600.5639197093988,1.6220856456862174,1219.8366461242554,1.622119153842979,276.570139243612,116.49389898616502,1.5719774604755745,906.0464052998094,901.3224630540906,1.5713120542316943,272.152818384054,903.5059276638997,1.520959436621418,158.31680515469492,1.5209307307135205,272.2123677527345,1.5203587397252978,123.36910220185311,245.15921681032202,124.38439620175244,1.4199526983442505,239.1619432809098,1.4192111622005201,243.7802387432692,239.70682461329815,286.33667113178876,1.4192261116520961,1.4114176067271231,240.22012614752074,1.3609890861011167,49.13890403821865,161.84989101274698,49.708309248723566,1.2600478838933196,178.41529018076415,163.55818516166508,178.1947688242144,229.77167820974617,1.2597324644817265,1.2516264220313809,160.49377730250862,1.2006545143707334,132.62413506084073,0.010137398551125143,0.001397489759497958
149.20268785494494,269.9999999999995,36.29291689526044,599.9999587741527,1.6221412330545841,1219.5064058987532,1.6221949999999323,336.8655291076698,144.13357907489126,1.5723116033510913,932.2918149534507,932.6593838221766,1.5713149999998455,333.0378519797018,932.6593838221767,1.5214456954657827,348.4861241408138,1.5212891403881708,333.0378519797018,1.5207950001191497,189.08376542913166,317.6752506920824,189.08376542913174,1.426736027550379,274.5124013234035,1.4255197626279594,317.6752506920824,274.5124013234035,311.3121485903555,1.4252757660983413,1.4114450000407848,315.3739970903597,1.3613750136034968,70.50625566734104,241.62149644602746,70.50625566830732,1.2675725642566908,165.00012763294632,241.62149644602746,165.00012763294632,187.5159026722697,1.2670976463669752,1.2516149681494548,240.61774089701464,1.2009178043957234,100.72063351773703,0.028393584294726194,0.012224217657566847,122.0977047236822,185.49221861341272,24.782026080811058,600.5639366940915,1.6220856433910003,1219.8366709252523,1.622119151665797,276.57008972792755,116.49399065182263,1.5719774596810172,906.0464916274834,901.3224964496861,1.5713120526116606,272.15274526736056,903.5059977946523,1.5209594293715147,158.31688472140414,1.5209307214646404,272.2123482549496,1.5203587351350654,123.36909517855464,245.15925868672022,124.38439269010323,1.4199526964212925,239.16198209536466,1.4192111613103344,243.78019351675917,239.7068272901571,286.33663734724246,1.4192261044593653,1.4114176047061373,240.22014047381018,1.360989072330753,49.13901824290573,161.84989504921876,49.708446294346984,1.26004787754921,178.41533477858465,163.5581907118138,178.19467157618908,229.7715250615406,1.2597324566166381,1.251626418604058,160.49379519888058,1.2006545076233521,132.62451534180101,0.010137370923420057,0.001397491119793604
149.2026878549512,269.99999999999955,36.29291689411929,599.9999587741297,1.6221412330545892,1219.5064058824496,1.6221949999999365,336.8655291076185,144.1335790737121,1.5723116033511428,932.2918149532088,932.6593838218569,1.5713149999998977,333.03785197964976,932.6593838218571,1.5214456954647058,348.48612414034824,1.521289140387094,333.03785197964976,1.5207950001180732,189.08376598905568,317.67525187684726,189.08376598905622,1.4267360276772854,274.5124015539605,1.425519762743987,317.67525187684726,274.5124015539605,311.31214882193774,1.4252757662123774,1.4114450000413874,315.37399826621964,1.361375013569948,70.50711221092187,241.62131663276716,70.50711221188735,1.2675725497898056,165.00012738709552,241.62131663276716,165.00012738709552,187.5160064575948,1.2670976319322793,1.2516149702453045,240.6175571694327,1.2009175782138064,100.73127952490867,0.02838912719296266,0.012221681636999004,122.09769110336836,185.4918043919272,24.781911544659618,600.5639496103579,1.6220856417182148,1219.8366900551243,1.6221191501813546,276.57004179253096,116.49407344661014,1.5719774591587208,906.0465586058511,901.3225298452817,1.5713120513641363,272.15268120321014,903.5060445484875,1.5209594229188517,158.31695544736792,1.520930712710353,272.2123287571647,1.5203587307889943,123.3690834730572,245.15929051278283,124.38438742262943,1.419952693593413,239.16201823296055,1.4192111601059654,243.78015666552875,239.70682595172764,286.33659230118064,1.4192260972666344,1.411417602916436,240.2201472155934,1.3609890600634924,49.13912843499569,161.8499081677521,49.708576549421494,1.2600478717937296,178.41538557054693,163.55819600968303,178.19458919410394,229.7713863840316,1.2597324498385944,1.2516264155748584,160.49381309525256,1.2006545021439352,132.62484808764125,0.010137356283128233,0.0013974909746953387
149.2026878549548,269.9999999999993,36.29291689318625,599.9999587741127,1.6221412330545943,1219.5064058691187,1.6221949999999412,336.86552910757473,144.1335790728508,1.5723116033511695,932.291814953009,932.6593838216322,1.5713149999999247,333.03785197960747,932.6593838216111,1.5214456954640876,348.4861241400108,1.521289140386476,333.03785197960747,1.5207950001174546,189.08376653450054,317.67525282105055,189.08376642652848,1.4267360277781989,274.51240175049986,1.4255197628362515,317.67525282105055,274.51240175049986,311.31214902096696,1.4252757663030582,1.4114450000418441,315.37399920324293,1.3613750135463931,70.50796714779776,241.6211373124396,70.50796714876097,1.2675725352203118,165.00012718852787,241.6211373124396,165.00012718852787,187.51611004160935,1.2670976173942625,1.2516149718094494,240.6173739415873,1.2009173699306652,100.74107013729312,0.0283850255521332,0.01221935055880135,122.09767795272052,185.49138511896012,24.781799394678,600.5639588531907,1.622085640573385,1219.8367044093118,1.6221191492357097,276.5699959641847,116.49414441357087,1.5719774587642203,906.0466107001372,901.322549882639,1.5713120504039142,272.1526188799334,903.5060712649646,1.520959417562394,158.3169952307225,1.520930705192547,272.2123078666809,1.5203587270289103,123.3690682559105,245.15931061345398,124.38437747295667,1.4199526898606123,239.162050355268,1.41921115827323,243.78011562665853,239.70682059800973,286.33655626433125,1.4192260899965623,1.411417601421347,240.22013794564145,1.3609890493963093,49.13923091055275,161.84992128628542,49.708696310011334,1.2600478660382488,178.41542087715484,163.5581985324779,178.19450619260465,229.77124228001136,1.2597324430605508,1.2516264130591803,160.49382701465296,1.2006544980230514,132.62514666761396,0.010137352032724884,0.0013974877825373132
149.20268787681746,269.99999999538306,36.292916887249916,599.9999587800511,1.6221412330517333,1219.5064059080082,1.622194999997069,336.8655291415839,144.13357906216743,1.572311603264799,932.2918149656456,932.6593831713171,1.5713149999129803,333.03785215159445,932.6593831713171,1.521445695301876,348.48612358658437,1.5212891402243338,333.03785215159445,1.5207949999555201,189.0837670592548,317.6752544877842,189.08376705925417,1.4267360281106996,274.51240191626425,1.4255197631539491,317.6752544877842,274.51240191626425,311.31214931880993,1.4252757666180456,1.4114450002011956,315.3740008549652,1.3613750144726322,70.50881533414503,241.62093472743987,70.50881533521046,1.2675725177546098,165.00012622432837,241.62093472743987,165.00012622432837,187.5162190297283,1.2670976000487058,1.2516149746813823,240.61716731806152,1.2009171786282458,100.75007394577915,0.0283812449072025,0.012217205025807549,122.09766448896201,185.49098605191915,24.781692017036026,600.5639678590278,1.6220856394618997,1219.8367170540216,1.6221191483010609,276.56994363909973,116.49419172487802,1.5719774581391317,906.0466493987497,901.3225532221985,1.5713120493027721,272.15254785228836,903.5060979814418,1.5209594115581784,158.31698638997705,1.5209306978231185,272.2122814054013,1.5203587230246651,123.36905128293921,245.1593240139014,124.38436576745933,1.4199526866933874,239.16208381600495,1.4192111560739475,243.78006118734086,239.70681792115076,286.33652698439107,1.4192260824686864,1.4114175999042309,240.22011519212296,1.3609890389230748,49.13932258296372,161.8499222954034,49.70880310682598,1.2600478594979299,178.41543884016588,163.5581907118138,178.19442040374156,229.77109817599114,1.25973243532335,1.2516264105896613,160.49383099162452,1.2006544935851764,132.62548386987172,0.010137345420989884,0.0013974868938127966
149.20268786553953,270.0000000385212,36.29291008882244,599.9999611341655,1.6221412329610605,1219.5064437401898,1.62219499990328,336.86552874873263,144.13357983968478,1.5723116033173452,932.2918141473685,932.6593821509637,1.57131499996854,333.03785166727664,932.6593811453498,1.5214456953799296,348.48612162432863,1.521289140302823,333.03785166727664,1.5207950000350898,189.0837675529429,317.6752550394764,189.08376755294222,1.4267360279895236,274.51240221603416,1.4255197630254597,317.6752550394764,274.51240221603416,311.31214958458816,1.4252757664882085,1.4114449999938445,315.37400139809984,1.3613750140743535,70.50966699678595,241.6207611409685,70.50966699785761,1.267572503987298,165.00012635667676,241.6207611409685,165.00012635667676,187.51632309347008,1.2670975862903395,1.2516149758775224,240.61698976027904,1.2009170018694943,100.75835416493962,0.028377769915805744,0.012215232942100298,122.09765055553751,185.4906172937674,24.78158907085229,600.5639765093713,1.6220856383948739,1219.8367284234064,1.6221191474103953,276.5698909628397,116.49423016531509,1.5719774572890108,906.0466851205458,901.3225565617581,1.5713120480880198,272.15247334289603,903.5061313770383,1.5209594053048254,158.31695986774065,1.520930690651527,272.21225215872397,1.5203587189715875,123.36903313941815,245.159333226709,124.38435172086251,1.4199526834696048,239.16211459988293,1.4192111537699375,243.78000423543932,239.70681390586233,286.3365089659664,1.4192260754306378,1.411417598323787,240.22008738226702,1.360989028546815,49.13940345222863,161.84991169966491,49.70889693986544,1.2600478524997885,178.4154524672777,163.55817835011894,178.1943383313635,229.77095889553647,1.2597324271385426,1.2516264081028328,160.49382800889586,1.2006544888529527,132.6258507815795,0.01013733444079666,0.0013974883992036362
149.20268790017366,270.0000001149489,36.29286284326245,599.9999729612208,1.6221412324830817,1219.506630050918,1.6221949994024725,336.86552620694033,144.1335807950256,1.5723116031520585,932.2918081197283,932.6593702038816,1.571314999820728,333.0378494685058,932.6593627516964,1.5214456951569097,348.4861037070521,1.52128914008251,333.0378494685058,1.5207949998216623,189.08376776861837,317.675253532399,189.08376766670062,1.426736027801672,274.51240284208654,1.4255197628450056,317.675253532399,274.51240284208654,311.31215093196795,1.4252757663090827,1.4114449998783487,315.3739998643499,1.3613750135944584,70.51051739147655,241.62058480976953,70.51051739254714,1.2675724891778581,165.000126387987,241.62058480976953,165.000126387987,187.51642675203394,1.2670975715027004,1.2516149771585976,240.61680951503283,1.2009168390642655,100.76596948060597,0.0283745736521015,0.012213419513923997,122.09764022288564,185.49026874154177,24.781490556126798,600.5639846067248,1.6220856374112094,1219.836738924485,1.6221191465472196,276.5698432030306,116.49426269183874,1.571977456358323,906.0467178655256,901.3225599013176,1.5713120468699906,272.15240370794993,903.5061647726347,1.5209593988770762,158.31694660662242,1.5209306835541245,272.21222917919175,1.5203587148696778,123.36901675172172,245.15934076446067,124.38433884481542,1.4199526805851677,239.16214404533142,1.4192111512564718,243.7799523087056,239.70680721371494,286.33649319984477,1.4192260687277347,1.4114175967598634,240.2200637860256,1.3609890183160165,49.139478765589836,161.84990110392647,49.70898459967862,1.2600478456978568,178.415449989621,163.55816724982148,178.19425192308626,229.77082142391885,1.25973241869796,1.2516264056794733,160.49382254055996,1.2006544839622333,132.62621917875975,0.010137323696748125,0.0013974906119497404
149.20268781997225,269.99999921045423,36.292862163901006,599.9999365387482,1.6221412323357565,1219.5060658263703,1.6221949992469005,336.86552590409974,144.13354823900482,1.5723116035702445,932.2918027800838,932.6593626816942,1.5713150002498948,333.0378497912735,932.6593626816928,1.5214456956072322,348.4860959975548,1.5212891405336302,333.0378497912735,1.5207950002746067,189.08376715332255,317.6752506236079,189.08376710493428,1.426736028463798,274.5124029035614,1.4255197635017653,317.6752506236079,274.5124029035614,311.3121533815873,1.425275766964707,1.4114450004322818,315.37399679021183,1.361375013925837,70.51136456006893,241.62039762569185,70.51136456116764,1.267572473203923,165.00012564843496,241.62039762569185,165.00012564843496,187.51653113059322,1.2670975555883435,1.251614979536102,240.61661825662455,1.2009166905159703,100.7729735814736,0.028371631213042446,0.012211751356537097,122.09762926401244,185.48996565264991,24.78140022255498,600.5639906896148,1.62208563680545,1219.8367465221645,1.622119146101887,276.5697933361711,116.49429521836241,1.5719774554331918,906.0467535873217,901.3225699199963,1.571312045713136,272.15233790292586,903.506191489112,1.5209593927482918,158.31694218624972,1.5209306763825332,272.21220619965953,1.5203587105236065,123.36899977875042,245.1593491397403,124.3843247982186,1.4199526770785973,239.16217081392097,1.4192111487953698,243.77990121949978,239.7067978447086,286.3364796860262,1.4192260624630981,1.4114175952592678,240.22004440339873,1.3609890086670646,49.13955037501525,161.84989555377774,49.70906670358815,1.260047839288344,178.4154524672777,163.5581553926856,178.1941744963145,229.77070204067198,1.2597324107689278,1.251626403406131,160.49381906070988,1.2006544790941562,132.6265593519625,0.010137315432103158,0.0013974925163651778
149.20268789307534,270.00000025552606,36.29291216726986,599.999952782932,1.62214123440424,1219.5063299978472,1.6221950013460065,336.8655289496594,144.13357386725215,1.5723116034095859,932.2918139501267,932.6593823554166,1.571315000061015,333.0378518709608,932.6593823554165,1.5214456955891067,348.4861223814263,1.5212891405117883,333.0378518709608,1.5207950002436097,189.0837676969805,317.6752558739848,189.08376769698083,1.4267360283201915,274.5124021332423,1.4255197633410832,317.6752558739848,274.5124021332423,311.31215167543087,1.4252757668009521,1.411445000135095,315.37400208155253,1.3613750139635532,70.51221122586077,241.62022701229117,70.51221122696869,1.2675724593559488,165.00012558218583,241.62022701229117,165.00012558218583,187.51663395249005,1.2670975417497072,1.2516149802261256,240.6164438696835,1.2009165525465055,100.77941556101096,0.028368922354223454,0.012210216770267153,122.09761799202857,185.48967771820264,24.781316024848415,600.5639938495576,1.6220856367332033,1219.8367501853315,1.6221191461568663,276.5697392552108,116.4943218309727,1.5719774545775145,906.0467729366279,901.3225765991155,1.5713120447048479,272.15227697234803,903.5061981682312,1.5209593872921792,158.31692008438603,1.5209306692356714,272.2121790420306,1.5203587057868775,123.36898046467962,245.15934160198864,124.38430782524745,1.4199526728933358,239.16219490565157,1.4192111457059016,243.779850130294,239.70678847570227,286.3364639199046,1.4192260561469008,1.4114175939073548,240.220014908097,1.360988999648446,49.13961735452091,161.84988899451108,49.70914325159402,1.260047833075041,178.4154481313785,163.55814126503432,178.19410450251286,229.77059471633893,1.2597324029677834,1.2516264013751248,160.49381408949543,1.200654474701566,132.62682079512268,0.010137314251440136,0.00139749253450248
149.20268786437921,270.00000009227085,36.29291669433686,599.9999583624019,1.6221412331621057,1219.5064023048094,1.6221950001073218,336.8655291210844,144.13357884541261,1.572311603339207,932.2918149467575,932.6593837850605,1.5713149999878815,333.0378520043272,932.6593837850608,1.521445695507066,348.48612414925367,1.5212891404293054,333.0378520043272,1.5207950001600792,189.08376839910494,317.67525836677936,189.08376839910454,1.4267360285012844,274.5124021788587,1.425519763501785,317.67525836677936,274.5124021788587,311.3121505797121,1.4252757669579714,1.4114450000884378,315.3740046343816,1.3613750139006364,70.51305640755858,241.62005236254052,70.51305640867531,1.2675724447126981,165.00012535219145,241.62005236254052,165.00012535219145,187.51673687368464,1.2670975271262892,1.2516149815087427,240.61626533667146,1.200916426206746,100.78534098295037,0.028366430054210953,0.012208804885482002,122.09760640693405,185.4894251441261,24.781243417109557,600.5639942445505,1.6220856370666488,1219.8367503210045,1.6221191466516804,276.56968780806346,116.49433365879948,1.5719774539302005,906.0467833554852,901.3225765991155,1.5713120439598292,272.15222196074063,903.506191489112,1.5209593827080479,158.31687588065867,1.5209306629296169,272.2121525807511,1.5203587014408062,123.36896056533396,245.15932317637342,124.38429202282602,1.4199526683687287,239.16221765895267,1.4192111425640697,243.7797965285043,239.7067804451254,286.3364549106922,1.4192260503463114,1.4114175928004935,240.2199803564578,1.360988992229905,49.13967630883234,161.8498849580393,49.70920930511522,1.260047827581173,178.4154437954793,163.5581256237061,178.19404256109544,229.77050487743094,1.2597323957421331,1.251626399690313,160.49380712979521,1.2006544708297464,132.6270035082403,0.010137318501827643,0.0013974906119497404
149.20268785404295,270.0000000073284,36.292916994224754,599.9999587515827,1.6221412330625347,1219.5064072645314,1.6221950000079586,336.8655291116929,144.13357917654037,1.5723116033509774,932.2918149751908,932.6593838481864,1.5713149999996983,333.0378519837569,932.6593838481863,1.5214456955033087,348.4861241778169,1.5212891404256954,333.0378519837569,1.5207950001566652,189.08376901786602,317.67526032157906,189.08376901786676,1.426736028586384,274.51240225613617,1.4255197635763905,317.67526032157906,274.51240225613617,311.31215006946,1.4252757670306675,1.411445000047133,315.37400661277275,1.3613750138077092,70.51390049481975,241.61988000433217,70.51390049593559,1.2675724298658224,165.0001252560108,241.61988000433217,165.0001252560108,187.51683929783917,1.267097512291723,1.2516149823289937,240.61608909660777,1.2009163095472004,100.79079159947189,0.028364136933297302,0.012207505730915499,122.09759263006488,185.48920287893873,24.781182058457,600.5639925460812,1.6220856377279826,1219.836747254798,1.622119147443383,276.56964039942943,116.49432774488608,1.5719774534273512,906.0467774018525,901.3225632408772,1.5713120434387529,272.1521725199289,903.5061580935155,1.5209593792450355,158.31679631394942,1.520930657118155,272.2121198523264,1.5203586972900642,123.36893891016368,245.15929218783876,124.38427680567946,1.4199526637875641,239.1622404122538,1.4192111392651459,243.7797362264909,239.70677910669593,286.3364571629953,1.4192260445715024,1.411417591941437,240.21993906303533,1.3609889861205184,49.13972260802981,161.8498733531829,49.70926116021597,1.2600478218910955,178.41543512368085,163.55810190943433,178.1939868138198,229.7704174503057,1.259732388772258,1.2516263983747749,160.49379122190905,1.2006544675466246,132.62711491867788,0.010137325113545084,0.0013974876374393942
149.20268785510677,270.00000000047953,36.292917003202916,599.9999587748327,1.6221412330542675,1219.5064074377583,1.6221949999996965,336.8655291138809,144.13357918616828,1.5723116033497484,932.2918149770244,932.6593838507449,1.571314999998454,333.0378519858673,932.6593838507442,1.5214456954915911,348.48612418522714,1.5212891404139741,333.0378519858673,1.5207950001449377,189.08376956579878,317.6752620182705,189.08376956579855,1.426736028741254,274.51240234158945,1.4255197637175225,317.6752620182705,274.51240234158945,311.3121498618086,1.425275767169292,1.4114450000480065,315.37400831630987,1.3613750137485656,70.51474298725374,241.6197078551471,70.51474298836831,1.2675724151964283,165.00012503111333,241.6197078551471,165.00012503111333,187.5169411534069,1.2670974976356986,1.2516149833373902,240.61591308720062,1.200916202571015,100.79580585162498,0.028362026457137847,0.012206310165336097,122.09758026219369,185.48902102560362,24.781132971534955,600.5639898206305,1.6220856385115798,1219.836743021805,1.6221191483560402,276.56959720489624,116.4943218309727,1.5719774529939563,906.0467669829952,901.322549882639,1.5713120430717056,272.1521293462623,903.5061313770383,1.5209593763799536,158.31669906574925,1.5209306519743928,272.21208642755226,1.5203586935788125,123.36891959609288,245.15925533660837,124.38426217380777,1.4199526593195146,239.16226048869595,1.4192111360709498,243.7796734118936,239.70678178355487,286.3364616676015,1.419226039286521,1.4114175912255562,240.21989439872124,1.3609889809323883,49.1397599560491,161.84986174832648,49.70930190350942,1.2600478165934372,178.41543264602416,163.55807819516252,178.19394810043391,229.7703481115512,1.2597323823139335,1.2516263972784931,160.4937738226585,1.2006544646484205,132.62717285210542,0.010137333614330982,0.0013974833751947515
149.20268785488116,270.0000000000184,36.29291699305959,599.999958776011,1.6221412330539802,1219.5064072958007,1.6221949999994005,336.86552911287356,144.13357917582545,1.5723116033500713,932.29181497461,932.6593838478509,1.5713149999987834,333.0378519848608,932.6593838478507,1.521445695478699,348.48612418002483,1.5212891404010822,333.0378519848608,1.5207950001320465,189.08377006768887,317.6752634974834,189.08377006768927,1.4267360288824245,274.51240243852124,1.4255197638463053,317.6752634974834,274.51240243852124,311.31214980055256,1.4252757672958096,1.4114450000482763,315.3740097950455,1.3613750137350855,70.51558388586251,241.61953621964685,70.51558388697542,1.2675724005071665,165.0001247837848,241.61953621964685,165.0001247837848,187.51704265548494,1.267097482959235,1.2516149842807316,240.61573760461147,1.20091610421936,100.80041904515991,0.028360083564853904,0.01220520977365455,122.09756820743317,185.48888968708383,24.781094792817807,600.5639878061669,1.6220856390839946,1219.8367394129073,1.622119149043282,276.56956173621444,116.4943129601026,1.5719774527050263,906.046756564138,901.3225298452817,1.571312042814991,272.1520959214882,903.506104660561,1.5209593739134917,158.31661065829456,1.5209306479187341,272.2120571808749,1.5203586904535478,123.36890613477081,245.15922602312963,124.38425339468476,1.4199526561522897,239.16227922670865,1.4192111338193036,243.7796273478556,239.70678713727278,286.3364661722077,1.4192260353163397,1.4114175907051663,240.21986068980496,1.360988976907951,49.13979298280995,161.84985468450083,49.70933647357659,1.260047812800052,178.41542831012492,163.55806053559843,178.19392177533155,229.77029686116745,1.2597323779018106,1.2516263964822463,160.4937643773511,1.200654462406841,132.62719364872044,0.010137338336992896,0.00139748203304381
149.20268785487434,269.9999999999967,36.2929169826309,599.9999587759171,1.6221412330540064,1219.5064071469965,1.62219499999942,336.8655291122948,144.1335791650701,1.5723116033505422,932.2918149723432,932.6593838450951,1.571314999999259,333.03785198428716,932.6593838450947,1.5214456954707258,348.4861241757802,1.5212891403931088,333.03785198428716,1.5207950001240738,189.0837705386419,317.67526485015236,189.08377053864155,1.426736029014747,274.512402538489,1.4255197639670651,317.67526485015236,274.512402538489,311.3121498102437,1.4252757674144516,1.4114450000479322,315.3740111436905,1.361375013743245,70.51642319230939,241.61936528599094,70.51642319342122,1.2675723858264594,165.00012452652808,241.61936528599094,165.00012452652808,187.51714383110078,1.267097468289902,1.2516149851581506,240.61556283536441,1.2009160138030983,100.80466364755313,0.028358294636390596,0.012204196838148253,122.09756163210925,185.48881391486086,24.781072294645202,600.5639865026905,1.6220856394285552,1219.8367368079885,1.622119149455627,276.56954154364814,116.4943159170593,1.5719774525744523,906.0467595409544,901.3225331848412,1.5713120426773481,272.1520788609264,903.5060979814418,1.5209593727176314,158.31658413605814,1.5209306452973939,272.2120446465846,1.5203586885979221,123.36889735564772,245.1592151352661,124.38424754193609,1.4199526550211379,239.162285918856,1.4192111326672985,243.77960305954466,239.7067857988433,286.3364594152984,1.4192260334343707,1.4114175903885267,240.21985141985297,1.3609889740472065,49.1398219969737,161.84986427112133,49.70936548774011,1.260047811361182,178.4154289295391,163.55806053559843,178.19390288319923,229.77027093450272,1.2597323759834964,1.2516263960668133,160.4937678572012,1.2006544610935923,132.62719959061045,0.010137338336992896,0.0013974839918591297
149.2026878549061,269.9999999999951,36.29291697311196,599.9999587757322,1.6221412330540559,1219.5064070110116,1.6221949999994623,336.8655291118319,144.13357915523815,1.5723116033508364,932.2918149703024,932.6593838426161,1.5713149999995573,333.03785198382894,932.6593838426161,1.5214456954660167,348.486124172068,1.5212891403884,333.03785198382894,1.5207950001193657,189.08377098751947,317.67526613033806,189.0837709875189,1.4267360291421785,274.51240263602995,1.4255197640834258,317.67526613033806,274.51240263602995,311.31214985390534,1.4252757675287828,1.4114450000476775,315.3740124179909,1.3613750137647573,70.51726090897412,241.6191951532731,70.51726091008403,1.2675723711716418,165.00012426417356,241.6191951532731,165.00012426417356,187.51724470031664,1.2670974536445962,1.251614985971869,240.61538887735912,1.2009159306852162,100.808569512649,0.028356647224559748,0.012203264272574102,122.09755959688994,185.48880886337932,24.781061727321706,600.5639862656948,1.6220856395285888,1219.8367356683366,1.622119149560088,276.56953434455926,116.49433957271287,1.5719774525133325,906.0467774018525,901.322549882639,1.5713120426085267,272.15207363830547,903.5061113396804,1.5209593720698735,158.31661065829456,1.5209306440114534,272.2120411648373,1.5203586877677735,123.36889501454823,245.15921681032202,124.38424754193609,1.419952655303926,239.1622872572855,1.419211132929118,243.77960389707263,239.70678178355487,286.3364436491768,1.4192260331507864,1.4114175902453507,240.21986068980496,1.3609889724956163,49.139846381217694,161.8498844534803,49.709388945999976,1.2600478120152139,178.41543264602416,163.55807415869074,178.1939084579268,229.77026671388288,1.2597323765589907,1.251626395853327,160.49378227372307,1.200654460572821,132.62720404702796,0.01013733538532894,0.0013974884536153832
149.2026878549293,269.99999999999494,36.29291696449988,599.9999587755581,1.6221412330541065,1219.5064068879717,1.6221949999995064,336.8655291114037,144.13357914634452,1.572311603351007,932.2918149684526,932.6593838403696,1.5713149999997311,333.0378519834042,932.6593838403699,1.5214456954632358,348.48612416868764,1.521289140385619,333.0378519834042,1.520795000116586,189.08377141947477,317.67526736982313,189.08377141947489,1.4267360292668314,274.5124027278019,1.4255197641972992,317.67526736982313,274.5124027278019,311.31214991161085,1.425275767640679,1.4114450000476206,315.3740136505902,1.361375013794486,70.51809703868543,241.61902588408012,70.51809703979336,1.2675723565559003,165.00012399879427,241.61902588408012,165.00012399879427,187.51734527891074,1.267097439036238,1.2516149867258304,240.61521579226007,1.2009158542810372,100.81216408880792,0.0283551299062645,0.012202405566946455,122.09755881411328,185.48881391486086,24.781060022914694,600.5639865026905,1.6220856395508185,1219.8367347728959,1.622119149543594,276.5695269698828,116.49435731445305,1.5719774523216385,906.0467863323015,901.3225565617581,1.5713120424020626,272.1520691120339,903.506124697919,1.5209593713722884,158.31663718053096,1.5209306432201053,272.2120411648373,1.5203586868887928,123.36889384399849,245.15921848537795,124.38424754193609,1.419952655812944,239.16228324199707,1.419211132929118,243.77960054696078,239.7067804451254,286.33643914457065,1.4192260332023472,1.4114175900250796,240.21986321797368,1.360988971477385,49.139860888299566,161.84989706745466,49.70940190977516,1.2600478129962618,178.4154314071958,163.5580870249446,178.19391620060398,229.77027756690532,1.2597323778378668,1.2516263957090792,160.49379470175916,1.2006544599388391,132.62721295986296,0.010137331253000849,0.0013974932781320778
149.20268785494005,270.00000000369755,36.29291695973441,599.999958774083,1.6221412330541358,1219.5064067975327,1.6221949999995322,336.8655291111216,144.13357914063207,1.5723116033510793,932.2918149672588,932.6593838391193,1.571314999999806,333.0378520366344,932.6593838391194,1.5214456954621283,348.4861241667993,1.5212891403845121,333.0378520366344,1.5207950001154797,189.08377183757187,317.67526834463115,189.08377183597526,1.4267360293653262,274.5124027875849,1.4255197642873,317.67526834463115,274.5124027875849,311.3121499481653,1.4252757677291215,1.4114450000476766,315.3740146194937,1.3613750138189937,70.51892894873362,241.61882105944971,70.5189289495475,1.2675723379881156,165.00012380801905,241.61882105944971,165.00012380801905,187.5174569184335,1.2670974205756058,1.251614987288832,240.61500678417315,1.2009157781996556,100.8154726890231,0.0283537315423629,0.012201614588553247,122.09755583956199,185.48881896634236,24.781056614100663,600.5639867396862,1.6220856395397036,1219.8367343658772,1.6221191495106064,276.56952012196905,116.49436914227984,1.5719774521327228,906.0467922859342,901.3225699199963,1.5713120422447564,272.15206145218986,903.5061347165979,1.5209593708490996,158.31664602127643,1.5209306424040276,272.21203837943943,1.5203586860098122,123.36889442927335,245.1592151352661,124.38424754193609,1.4199526558695017,239.16228324199707,1.4192111326672985,243.77959887190485,239.70677910669593,286.33643463996447,1.4192260329445432,1.4114175898598764,240.21986237525078,1.3609889705561284,49.13987385207486,161.84990514039825,49.709414256227724,1.2600478138465032,178.4154332654383,163.5580966115651,178.19392115591737,229.770286008145,1.2597323784133612,1.251626395547522,160.49380364994514,1.2006544593501414,132.62723524195047,0.010137328419405418,0.0013974973227585323
149.20268785435889,269.99999999526267,36.29291694672771,599.9999587801291,1.622141233061288,1219.506406679694,1.6221950000066725,336.8655291072081,144.13357912820283,1.5723116033048483,932.2918149648084,932.6593838472485,1.5713149999535752,333.0378519769504,932.6593838472486,1.5214456953488855,348.4861241614463,1.5212891402711866,333.0378519769504,1.5207950000020038,189.08377226143455,317.67526987724034,189.08377226143472,1.4267360295271174,274.512402880961,1.4255197644341302,317.67526987724034,274.512402880961,311.31214990943255,1.4252757678728116,1.411445000022252,315.37401615078534,1.3613750146103476,70.51976002433177,241.61867172570913,70.51976002552706,1.2675723255536135,165.00012302303332,241.61867172570913,165.00012302303332,187.51755063154354,1.267097408109641,1.251614988374536,240.61485387106777,1.200915719773358,100.81851804146622,0.028352438838270592,0.0122008844598129,122.09755411745334,185.4888240178239,24.781052523523826,600.5639869371827,1.6220856395563759,1219.836733877455,1.6221191494996106,276.5695157322807,116.49438097010662,1.5719774519660326,906.0468012163832,901.3225765991155,1.5713120421202225,272.1520576222678,903.5061480748366,1.5209593703508244,158.3166548620219,1.5209306418105166,272.2120397721384,1.5203586853749929,123.36889325872362,245.15921764785,124.38424578611148,1.4199526560391744,239.1622805651381,1.4192111326672985,243.779595521793,239.70677642983696,286.3364301353583,1.419226032918763,1.4114175897056869,240.2198657461424,1.360988969683359,49.13988496388225,161.84991624069568,49.7094247507124,1.2600478145005352,178.41543760133754,163.55810493678817,178.1939273500591,229.77029444938466,1.2597323790527992,1.2516263954090443,160.49381408949543,1.2006544588746548,132.627257524038,0.01013732558581078,0.001397500986510986
149.2026878534557,270.00000000128955,36.29291694363124,599.9999587747782,1.622141233053801,1219.5064065865397,1.622194999999186,336.8655291079715,144.13357912529432,1.5723116033572246,932.2918149629536,932.6593838331335,1.5713150000059761,333.0378519801501,932.6593838331335,1.5214456954563387,348.48612415447064,1.521289140378725,333.0378519801501,1.5207950001096988,189.08377264922115,317.6752710463895,189.08377264922052,1.4267360296050946,274.5124029479647,1.425519764503555,317.6752710463895,274.5124029479647,311.3121500400465,1.4252757679410593,1.4114450000151426,315.3740173060737,1.36137501432896,70.520591649107,241.61850877732005,70.52059165030002,1.2675723116091633,165.00012302938654,241.61850877732005,165.00012302938654,187.51765101253548,1.267097394149878,1.2516149888122814,240.61468709390118,1.2009156603125968,100.82132187061248,0.02835125153825585,0.012200212605645347,122.09755270845535,185.48883412078698,24.781050819116807,600.5639871346791,1.6220856395674907,1219.83673355184,1.6221191495106064,276.569511869355,116.49439279793341,1.5719774518021203,906.0468086584241,901.3225832782346,1.5713120419760254,272.15205309599634,903.5061547539558,1.5209593698276356,158.31666812314012,1.5209306410933574,272.2120397721384,1.5203586847401735,123.36889150289899,245.15921346021017,124.38424461556174,1.419952655982617,239.16227788827916,1.4192111323531154,243.779595521793,239.70677241454854,286.336423378449,1.4192260327125197,1.4114175895184566,240.21986995975695,1.3609889688590766,49.13989453238306,161.84992431363926,49.70943277590656,1.2600478150237606,178.41543450426667,163.55811149605483,178.1939323053725,229.7702998758959,1.2597323796282935,1.2516263952763365,160.49382104919565,1.2006544582633147,132.62727534970801,0.010137323460615317,0.0013975037434003537
149.2026878555083,269.9999999999271,36.29291693755526,599.9999587751131,1.622141233054055,1219.5064065032327,1.6221949999994347,336.86552911092156,144.13357911836118,1.572311603351336,932.2918149629661,932.659383833831,1.5713150000000664,333.0378519829429,932.659383833831,1.5214456954594877,348.48612416024105,1.5212891403818714,333.0378519829429,1.5207950001128405,189.08377303069636,317.6752722240632,189.08377303069557,1.4267360297407667,274.5124030070656,1.4255197646289846,317.6752722240632,274.5124030070656,311.3121501029291,1.4252757680646073,1.4114450000315641,315.374018474879,1.3613750141878387,70.52142168181874,241.6183452746628,70.52142168300949,1.2675722974517476,165.00012284467687,241.6183452746628,165.00012284467687,187.5177508123321,1.2670973799816574,1.2516149893010144,240.6145197879243,1.2009156057121064,100.82390382766384,0.028350158140933907,0.012199593868366701,122.09755114290205,185.48883412078698,24.78104843294699,600.563987411174,1.6220856395674907,1219.836733361898,1.6221191494776188,276.56950818201676,116.4944046257602,1.5719774516715463,906.0468131236486,901.3225899573537,1.5713120418569535,272.1520492660743,903.5061647726347,1.5209593694041017,158.31668138425832,1.5209306405493057,272.21203907578894,1.5203586842030186,123.36888974707438,245.15921346021017,124.38424285973714,1.4199526561522897,239.16227788827916,1.4192111321960237,243.77959217168114,239.70677107611905,286.33641662153974,1.4192260326093982,1.4114175894083212,240.21986827431112,1.3609889681317686,49.139903483561234,161.8499313774649,49.70944203574599,1.2600478157431956,178.41543884016588,163.55811855988048,178.19393818980714,229.7703059053528,1.2597323802037879,1.2516263951667081,160.49382850601728,1.2006544578331126,132.62729317537801,0.010137321571553058,0.0013975063914702613
149.202687855002,269.9999999999841,36.29291693235356,599.9999587748936,1.6221412330543208,1219.5064064287099,1.622194999999697,336.865529109779,144.13357911315003,1.5723116033511668,932.291814961533,932.6593838320828,1.5713149999999045,333.03785198180776,932.6593838320829,1.5214456954586575,348.4861241561239,1.5212891403810425,333.03785198180776,1.5207950001120139,189.0837734039171,317.67527340259153,189.08377340391667,1.426736029868765,274.51240305797245,1.4255197647467712,317.67527340259153,274.51240305797245,311.31215014753906,1.425275768180518,1.41144500004083,315.3740196451905,1.3613750141581025,70.52225012952354,241.61818209883387,70.52225013071275,1.2675722833057281,165.000122608826,241.61818209883387,165.000122608826,187.51785021238427,1.2670973658252462,1.2516149897901943,240.61435282410966,1.200915555578135,100.82628191699723,0.028349150316151556,0.012199023793865348,122.09754879457208,185.48883412078698,24.781046046777163,600.5639875296719,1.6220856395897205,1219.8367331448217,1.6221191494776188,276.56950344115336,116.4944105396736,1.5719774515798666,906.046816100465,901.3225899573537,1.5713120417859472,272.15204543615226,903.5061681121944,1.5209593690303953,158.31668580463105,1.520930640005254,272.21203768309,1.5203586837635283,123.3688891617995,245.15921262268222,124.3842416891874,1.4199526560391744,239.1622752114202,1.419211132038932,243.7795904966252,239.70676973768957,286.33641211693356,1.419226032532057,1.4114175892899254,240.21986743158823,1.360988967695384,49.13991120009415,161.84993844129056,49.70944944361752,1.260047816201018,178.41543945958006,163.5581238577497,178.19394097717094,229.77031494953818,1.2597323807153382,1.2516263950974693,160.49383397435318,1.2006544575840483,132.62730803010302,0.010137320627022064,0.0013975088763075463
149.2026878549579,269.9999999999967,36.29291692765676,599.9999587748089,1.622141233054354,1219.506406361593,1.6221949999997265,336.8655291094506,144.13357910831752,1.5723116033512112,932.2918149604842,932.6593838307706,1.5713149999999514,333.0378519814816,932.6593838307704,1.5214456954582336,348.4861241540094,1.521289140380619,333.0378519814816,1.5207950001115913,189.08377376869828,317.67527458728324,189.08377376869794,1.4267360299916754,274.5124030989808,1.4255197648594522,317.67527458728324,274.5124030989808,311.31215017805164,1.4252757682913195,1.4114450000448555,315.3740208218974,1.3613750141718546,70.5230769975868,241.6180196379401,70.52307699877505,1.2675722692083216,165.00012235281108,241.6180196379401,165.00012235281108,187.51794926527128,1.2670973517160704,1.2516149902556806,240.61418658739092,1.2009155095360153,100.8284726901295,0.028348220934625603,0.012198498350538744,122.09754754212942,185.48883412078698,24.78104297884454,600.5639876481698,1.6220856396008354,1219.836732873476,1.6221191494941127,276.5694992270526,116.49441941054368,1.5719774514492924,906.0468190772813,901.3225966364728,1.5713120416832613,272.15204125805553,903.5061714517541,1.5209593685819476,158.31668138425832,1.520930639461202,272.2120355940416,1.5203586831775413,123.36888799124976,245.1592075975144,124.38424051863767,1.4199526558695017,239.1622752114202,1.419211131620021,243.77958714651334,239.70676706083063,286.33641211693356,1.4192260322484724,1.4114175891605163,240.2198665888653,1.3609889669195887,49.13991891662705,161.84994449599824,49.70945623416643,1.2600478163318245,178.41544131782257,163.55812663282407,178.1939415965851,229.77031736132093,1.2597323809071697,1.2516263950397704,160.4938399398105,1.2006544572217728,132.62732882671804,0.010137319918623877,0.0013975104724097383
149.20268785495912,269.9999999999971,36.29291692340681,599.9999587747241,1.6221412330543816,1219.5064063008758,1.6221949999997511,336.8655291092227,144.13357910393103,1.572311603351224,932.2918149595607,932.6593838296451,1.5713149999999658,333.037851981254,932.6593838296453,1.5214456954579845,348.4861241522901,1.52128914038037,333.037851981254,1.520795000111343,189.08377412500826,317.675275775895,189.08377412500897,1.4267360301124064,274.5124031306455,1.4255197649699527,317.675275775895,274.5124031306455,311.3121501967247,1.4252757683999393,1.4114450000467111,315.37402200266206,1.361375014207842,70.5239022905119,241.61785806397776,70.52390229169873,1.2675722551813666,165.00012208805288,241.61785806397776,165.00012208805288,187.51804800255945,1.2670973376751835,1.2516149906923106,240.61402124790834,1.2009154672426525,100.83049136016672,0.028347363599034947,0.012198013867620853,122.09754550691011,185.48883412078698,24.78104127443752,600.5639875691712,1.6220856396564096,1219.8367324935919,1.622119149549092,276.5694957153019,116.49442236750038,1.5719774513715037,906.0468220540977,901.3226033155919,1.57131204164175,272.1520388208324,903.5061714517541,1.5209593684075513,158.31669022500378,1.5209306389418802,272.2120362903911,1.5203586828845477,123.36888565015028,245.15920675998646,124.38423876281307,1.4199526556432713,239.1622752114202,1.4192111314629294,243.77958379640148,239.70676438397166,286.3364076123274,1.4192260320422294,1.4114175890779148,240.21986743158823,1.3609889665316912,49.13992447253075,161.84994853247005,49.70946240739271,1.2600478167896467,178.41544255665093,163.55813041701637,178.1939462421914,229.77032459666924,1.2597323811629448,1.2516263949532218,160.49384391678203,1.200654457040635,132.62733922502554,0.010137318737960333,0.0013975123587146791
149.20268785496083,269.99999999999727,36.29291691956446,599.9999587746458,1.6221412330544078,1219.506406245981,1.622194999999774,336.8655291090172,144.13357909996608,1.5723116033512274,932.2918149587302,932.6593838286365,1.571314999999971,333.03785198104936,932.6593838286359,1.5214456954577806,348.4861241507491,1.5212891403801665,333.03785198104936,1.52079500011114,189.08377447290223,317.6752769671857,189.0837744729028,1.426736030232085,274.51240315335815,1.4255197650794083,317.6752769671857,274.51240315335815,311.3121502046463,1.425275768507516,1.4114450000476184,315.3740231862091,1.3613750142542274,70.5247260123595,241.61769746025385,70.52472601354467,1.2675722412375188,165.00012181932996,241.61769746025385,165.00012181932996,187.51814644619088,1.2670973237148668,1.2516149910997978,240.61385688775056,1.2009154283896302,100.83235190894933,0.02834657247353,0.012197566992180896,122.09754456757813,185.48883412078698,24.781039570030508,600.5639875296719,1.6220856396841967,1219.8367321408425,1.622119149543594,276.56949501295173,116.49442828141378,1.5719774513270528,906.0468220540977,901.3226033155919,1.571312041601331,272.1520377763082,903.5061747913137,1.520959368233155,158.31669906574925,1.5209306387193136,272.21203698674054,1.5203586827380509,123.36888447960052,245.15920508493053,124.38423700698847,1.419952655812944,239.16227253456125,1.4192111313582019,243.7795854714574,239.70676304554217,286.3364053600243,1.4192260320937902,1.411417589022847,240.21987080247985,1.3609889661437937,49.139929411111815,161.8499530735008,49.70946672865111,1.2600478169858562,178.41544131782257,163.55813546260612,178.19394531307015,229.77032278783216,1.2597323816105515,1.2516263949186024,160.49384888799648,1.2006544568594972,132.62735110880556,0.010137318501827643,0.0013975137371699002
149.2026879145558,270.0000000208921,36.292916922697756,599.9999587677967,1.6221412330172649,1219.5064062059173,1.6221949999626437,336.86552921012014,144.13357908043253,1.5723116032715674,932.2918149949442,932.6593837364946,1.571314999919489,333.0378520996812,932.659383727243,1.521445695353635,348.4861242714771,1.5212891402759783,333.0378520996812,1.5207950000068786,189.08377481197124,317.6752785978766,189.08377481186673,1.4267360307165027,274.512403118208,1.425519765549375,317.6752785978766,274.512403118208,311.3121501335902,1.425275768974831,1.4114450003649974,315.37402480634057,1.3613750149792705,70.52554373958867,241.6175111181858,70.52554374085695,1.2675722244470236,165.00012081184116,241.6175111181858,165.00012081184116,187.5182472853927,1.2670973069870581,1.2516149921668602,240.613667396342,1.2009153910717059,100.8340671213981,0.028345838600761,0.012197153664610254,122.09754425446746,185.48883412078698,24.781038206504896,600.5639874506734,1.6220856397230987,1219.8367318966314,1.6221191495765817,276.5694909744385,116.49443123837048,1.5719774512437077,906.0468235425058,901.3226033155919,1.57131204152814,272.15203394638615,903.5061781308733,1.5209593679840174,158.31669906574925,1.5209306383236394,272.2120342013427,1.520358682396225,123.36888330905077,245.15920173481868,124.38423642171361,1.4199526556432713,239.16227253456125,1.4192111311487463,243.77958044628963,239.70676304554217,286.3364053600243,1.4192260318617667,1.4114175889319853,240.21986911703402,1.360988965755896,49.13993434969288,161.84995610085466,49.70947166723213,1.2600478171166627,178.41543884016588,163.5581377331215,178.19394779072684,229.77032459666924,1.2597323817384392,1.2516263948551334,160.49385087648224,1.200654456633075,132.62736150711305,0.010137317793429605,0.0013975149161129434
149.20268784564013,269.9999999982782,36.292916912035516,599.9999587728363,1.622141233061515,1219.5064061423657,1.6221950000068759,336.865529092115,144.13357909491828,1.572311603357367,932.2918149515708,932.6593838202787,1.5713150000062628,333.03785196313464,932.6593838202784,1.521445695401445,348.48612410790673,1.5212891403238507,333.03785196313464,1.5207950000548656,189.08377514565893,317.6752793392113,189.08377514565865,1.4267360304583234,274.51240317526276,1.4255197652832243,317.6752793392113,274.51240317526276,311.3121501763761,1.4252757687072093,1.4114450000172265,315.3740255442047,1.3613750149916115,70.52636424217069,241.61736211716152,70.52636424344308,1.2675722119190345,165.0001209676543,241.61736211716152,165.0001209676543,187.51834793276817,1.2670972944176953,1.2516149920482735,240.61351387832812,1.2009153601089033,100.83564860253516,0.0283451618453305,0.01219677189175505,122.09754315858014,185.48883412078698,24.781036842979283,600.5639873716748,1.6220856397508858,1219.8367316252857,1.6221191496095693,276.5694879894504,116.49443715228387,1.5719774512103697,906.046825030914,901.3226033155919,1.5713120415150312,272.15203359821146,903.5061781308733,1.5209593678843625,158.31670348612198,1.5209306381258025,272.2120342013427,1.5203586821520638,123.36888213850104,245.15919838470683,124.384234665889,1.4199526554735986,239.16227119613177,1.419211130939291,243.77957793370575,239.70676036868323,286.3364008554181,1.4192260316813037,1.4114175889127114,240.21986911703402,1.360988965464973,49.139938053628676,161.84995963276748,49.70947475384527,1.260047817182066,178.41543884016588,163.5581394990779,178.19394593248433,229.77032821434338,1.259732381802383,1.2516263948493636,160.49385336208945,1.200654456610433,132.62736744900306,0.010137317793429605,0.0013975160043689437
149.20268785571386,270.0000000003405,36.29291691025521,599.9999587746831,1.622141233053797,1219.5064061123799,1.6221949999991563,336.8655291098122,144.13357909013536,1.5723116033537157,932.2918149569916,932.6593838264655,1.5713150000024574,333.0378519819086,932.6593838264655,1.5214456954580393,348.4861241499199,1.521289140380424,333.0378519819086,1.5207950001113966,189.0837754679203,317.675280562912,189.08377546791974,1.4267360305627417,274.5124031674311,1.4255197653793434,317.675280562912,274.5124031674311,311.3121501609485,1.4252757688018023,1.4114450000214562,315.37402675940695,1.3613750147490864,70.52718350270752,241.61720746632705,70.5271835039791,1.2675721985956985,165.00012088111134,241.61720746632705,165.00012088111134,187.51844602721138,1.2670972810570953,1.2516149922721458,240.61335546584792,1.200915329886585,100.83710753477672,0.028344538854426546,0.012196419860681651,122.09754174958215,185.48882906930544,24.781035138572268,600.5639872926762,1.6220856397731156,1219.8367314353436,1.622119149631561,276.56948711151273,116.49444010924057,1.5719774511798097,906.0468265193222,901.3226066551514,1.5713120414888135,272.1520311609883,903.5061781308733,1.5209593677847073,158.31669906574925,1.5209306378537766,272.21203280864376,1.5203586819079025,123.36888096795128,245.1591967096509,124.38423349533926,1.4199526552473682,239.16227253456125,1.4192111306251076,243.77957625864983,239.70676036868323,286.3364008554181,1.419226031500841,1.4114175888686573,240.21986743158823,1.360988965271024,49.13994175756447,161.84996266012132,49.70947845778104,1.2600478173128722,178.41543512368085,163.5581417695933,178.19394097717094,229.77032580256062,1.2597323819942143,1.2516263948320538,160.4938548534538,1.2006544565425061,132.62737041994808,0.010137317675363265,0.0013975163671211329
149.2026878552667,269.9999999999318,36.2929169075324,599.999958774411,1.6221412330544096,1219.5064060741947,1.6221949999997674,336.86552910887633,144.13357908745422,1.5723116033511517,932.2918149563147,932.659383825655,1.5713149999998972,333.03785198089497,932.6593838256545,1.5214456954580557,348.48612414703905,1.5212891403804418,333.03785198089497,1.5207950001114168,189.0837757832594,317.67528175600773,189.08377578325886,1.4267360306949954,274.51240315799674,1.4255197655014826,317.67528175600773,274.51240315799674,311.3121501347174,1.4252757689220807,1.4114450000361929,315.37402794492164,1.3613750146666654,70.52800119049166,241.61705266937895,70.52800119176096,1.267572185224072,165.00012067269063,241.61705266937895,165.00012067269063,187.5185436514182,1.2670972676508212,1.251614992530556,240.61319692632,1.2009153021485326,100.83845387558324,0.0283439637288459,0.012196094968681051,122.09754081025017,185.48882906930544,24.781033775046655,600.5639872136776,1.6220856398009027,1219.836731218267,1.6221191496425569,276.5694858824,116.49444010924057,1.5719774511603626,906.046825030914,901.3226066551514,1.5713120414669655,272.1520294201147,903.5061781308733,1.5209593678096212,158.31669906574925,1.5209306377795877,272.2120321122943,1.5203586818590702,123.36888096795128,245.15919503459497,124.38423349533926,1.4199526551342532,239.16227253456125,1.4192111305203798,243.77957542112185,239.70676036868323,286.3364008554181,1.4192260315524017,1.411417588852137,240.21986406069658,1.3609889650770752,49.139944844177634,161.84996366923926,49.70948154439418,1.260047817247469,178.41543202660998,163.55814227415226,178.1939391189284,229.77032580256062,1.2597323819942143,1.2516263948089743,160.49385684193956,1.2006544564519372,132.62737190542057,0.010137318029562279,0.0013975169112495915
149.2026878549724,269.99999999999415,36.29291690522267,599.9999587743475,1.6221412330545135,1219.5064060410834,1.6221949999998695,336.8655291082564,144.13357908516332,1.5723116033511584,932.2918149556297,932.6593838248165,1.571314999999908,333.03785198028345,932.6593838248164,1.521445695457154,348.4861241449379,1.5212891403795408,333.03785198028345,1.5207950001105166,189.08377609108237,317.6752829508395,189.0837760910825,1.4267360308190464,274.51240314078643,1.4255197656154266,317.6752829508395,274.51240314078643,311.31215009818436,1.4252757690341658,1.411445000042838,315.37402913232,1.3613750146631762,70.5288173119229,241.61689841038583,70.52881731318918,1.2675721719025757,165.00012042838154,241.61689841038583,165.00012042838154,187.51864090265258,1.2670972542941308,1.2516149927956106,240.61303893844547,1.2009152767065643,100.83969677759072,0.028343432111412346,0.012195794887096649,122.09754034058417,185.48882906930544,24.781033434165252,600.5639870951798,1.6220856398342474,1219.8367310011906,1.6221191496755445,276.569483248587,116.49444306619726,1.5719774511464717,906.046825030914,901.3226066551514,1.5713120414560415,272.1520297682894,903.5061747913137,1.5209593676352249,158.31670348612198,1.52093063763121,272.21203141594486,1.520358681663741,123.36887979740155,245.15919335953905,124.3842329100644,1.4199526551342532,239.16227119613177,1.4192111305203798,243.77957374606592,239.70675903025375,286.336398603115,1.419226031371939,1.4114175888246032,240.2198657461424,1.3609889650770752,49.13994731346817,161.84996568747516,49.70948401368469,1.260047817509082,178.415435743095,163.55814479694715,178.19394500336307,229.77032942023476,1.259732382122102,1.2516263947974344,160.4938583333039,1.2006544563613684,132.62737487636556,0.010137318029562279,0.001397517473515889
149.2026878549562,269.99999999999886,36.29291690312759,599.999958774312,1.6221412330545253,1219.5064060111488,1.6221949999998797,336.86552910811525,144.13357908300605,1.5723116033511986,932.2918149551645,932.6593838242552,1.5713149999999492,333.03785198014634,932.6593838242557,1.521445695456646,348.48612414403584,1.5212891403790325,333.03785198014634,1.520795000110009,189.08377639156984,317.6752841476707,189.0837763915698,1.4267360309391577,274.51240311587907,1.4255197657254366,317.6752841476707,274.51240311587907,311.3121500524477,1.4252757691423175,1.4114450000456258,315.3740303218033,1.361375014692421,70.52963187202762,241.6167449624346,70.52963187329306,1.2675721586584832,165.00012016993605,241.6167449624346,165.00012016993605,187.51873782559596,1.2670972410130272,1.251614993050947,240.61288177270416,1.2009152533566074,100.8408446531729,0.028342940347179046,0.012195517528114003,122.09753940125218,185.48881896634236,24.781032752402446,600.5639869371827,1.6220856398731494,1219.8367308655177,1.6221191496975362,276.56948342417456,116.49444306619726,1.5719774511548061,906.0468235425058,901.3226066551514,1.5713120414505795,272.1520297682894,903.5061714517541,1.5209593675853974,158.31669906574925,1.5209306374333729,272.21203141594486,1.5203586816149088,123.36887979740155,245.1591874968433,124.38423232478954,1.4199526550776955,239.16227253456125,1.4192111303109245,243.77957207101,239.70676036868323,286.3364008554181,1.4192260311399154,1.4114175888135896,240.21986321797368,1.3609889648346394,49.13994885677475,161.84996720115208,49.709485865652574,1.2600478173782754,178.41543512368085,163.5581435355497,178.19394314512053,229.77032821434338,1.2597323820581583,1.2516263948147441,160.49385932754677,1.200654456316084,132.62737339089307,0.010137318265694958,0.0013975179088189843
149.20268785495858,269.99999999999875,36.29291690123158,599.9999587742739,1.6221412330545366,1219.506405984061,1.6221949999998895,336.865529108018,144.13357908104905,1.572311603351214,932.2918149547561,932.6593838237644,1.5713149999999656,333.0378519800469,932.6593838237644,1.5214456954563211,348.4861241432843,1.521289140378708,333.0378519800469,1.5207950001096846,189.08377668486156,317.675285345781,189.08377668486162,1.4267360310575077,274.5124030836,1.4255197658336987,317.675285345781,274.5124030836,311.3121499981987,1.425275769248723,1.411445000046808,315.3740315126339,1.3613750147359494,70.53044487516192,241.61659244198967,70.53044487642492,1.267572145506366,165.00011990575015,241.61659244198967,165.00011990575015,187.51883444917632,1.2670972278215418,1.2516149932924396,240.61272554397914,1.2009152319185565,100.84190523289402,0.028342485180826098,0.012195261003014404,122.09753971436285,185.48881896634236,24.78103309328385,600.5639868186847,1.622085639884264,1219.8367305399029,1.6221191497305238,276.5694816682992,116.49444602315396,1.5719774511409152,906.0468265193222,901.322609994711,1.5713120414505795,272.1520287237652,903.5061781308733,1.5209593676352249,158.31670348612198,1.5209306374086433,272.21203071959536,1.5203586815172443,123.3688786268518,245.15918665931534,124.38423232478954,1.4199526549645802,239.16226985770228,1.4192111302061967,243.77957207101,239.70675903025375,286.3363963508119,1.4192260311399154,1.4114175887970692,240.21986406069658,1.3609889648346394,49.13995040008133,161.849968714829,49.70948710029783,1.260047817509082,178.4154338848525,163.55814378782918,178.1939419062922,229.77033062612617,1.2597323823139335,1.2516263948032043,160.49386081891112,1.200654456316084,132.62737339089307,0.010137318383761303,0.0013975183259845767
149.20268785496012,269.99999999999875,36.29291689951732,599.9999587742395,1.6221412330545486,1219.5064059595704,1.6221949999999001,336.8655291079262,144.13357907927923,1.5723116033512188,932.2918149543834,932.6593838233036,1.571314999999971,333.03785197995705,932.6593838233033,1.5214456954560744,348.4861241425865,1.5212891403784614,333.03785197995705,1.5207950001094381,189.08377697110544,317.6752865448763,189.0837769711049,1.4267360311749766,274.5124030441766,1.4255197659410945,317.6752865448763,274.5124030441766,311.31214993581625,1.4252757693542653,1.411445000047291,315.37403270451114,1.3613750147857835,70.53125632531635,241.61644089897652,70.53125632657856,1.2675721324535365,165.0001196394005,241.61644089897652,165.0001196394005,187.51893079428334,1.2670972147267534,1.2516149935192415,240.6125703011316,1.2009152122327258,100.84288562023663,0.02834206364962895,0.012195023594293645,122.09754018402884,185.48881896634236,24.781032411521043,600.5639868186847,1.6220856398898216,1219.8367303770954,1.6221191497305238,276.5694827218244,116.49444602315396,1.5719774511464717,906.0468280077304,901.322609994711,1.5713120414527644,272.1520290719399,903.5061781308733,1.5209593675853974,158.31670790649474,1.5209306373839138,272.21203280864376,1.5203586815660766,123.3688786268518,245.1591900094272,124.38423173951466,1.4199526550211379,239.16226985770228,1.4192111304156523,243.77957374606592,239.7067576918243,286.33639409850883,1.419226031294598,1.4114175887915625,240.21986743158823,1.3609889647861522,49.13995225204923,161.84997174218284,49.709488952265716,1.2600478177706946,178.41543636250918,163.55814681518302,178.19394128687802,229.77033062612617,1.259732382505765,1.2516263947801247,160.49386280739688,1.2006544563613684,132.62737190542057,0.010137318029562279,0.0013975187068750103
149.20268788854713,270.00000006088544,36.29291455084453,599.9999593989628,1.622141232906889,1219.5064091262172,1.62219499985151,336.865528706964,144.1335790770798,1.5723116032598465,932.291814665864,932.6593822270202,1.5713149999116707,333.0378516452698,932.659382035756,1.5214456953465043,348.4861219258737,1.5212891402695,333.0378516452698,1.5207950000018555,189.08377724039963,317.6752877815401,189.08377724039906,1.426736031591203,274.5124030345222,1.4255197663461083,317.6752877815401,274.5124030345222,311.3121499818305,1.4252757697572092,1.4114450003311263,315.3740339296296,1.3613750157243616,70.53206174889289,241.6162698285297,70.53206175023811,1.267572114540722,165.00011856273466,241.6162698285297,165.00011856273466,187.5190299533318,1.2670971968441624,1.2516149942664871,240.61239548098715,1.2009151917824563,100.84379222322269,0.028341669243590856,0.012194802690103104,122.09753924469685,185.48881896634236,24.781031729758237,600.5639866606876,1.6220856399176087,1219.8367301328842,1.6221191497635115,276.569480614774,116.49444602315396,1.5719774511270244,906.046825030914,901.322609994711,1.5713120414429327,272.1520273310663,903.5061747913137,1.520959367510656,158.31670348612198,1.5209306372849951,272.21203071959536,1.520358681468412,123.3688786268518,245.1591874968433,124.38423173951466,1.4199526549080228,239.16227119613177,1.4192111301538328,243.77956872089814,239.7067576918243,286.3363963508119,1.4192260311399154,1.4114175887888092,240.21986406069658,1.3609889647861522,49.13995317803318,161.84997174218284,49.70949018691097,1.2600478176398882,178.41543760133754,163.55814656290354,178.19394221599927,229.77032942023476,1.2597323823778772,1.2516263948032043,160.49386280739688,1.2006544563613684,132.62737339089307,0.010137317793429605,0.0013975189789396693
149.20268784270309,269.99999995813675,36.292905692561135,599.9999593461703,1.622141233009224,1219.5064124668133,1.6221949999497247,336.8655284839546,144.133577223244,1.5723116033488225,932.2918133275078,932.6593811657269,1.5713150000020495,333.03785146683924,932.6593799740454,1.521445695382197,348.48612010692676,1.5212891403052384,333.03785146683924,1.5207950000378596,189.08377741254162,317.6752881542451,189.0837773921295,1.426736031323578,274.51240304012845,1.4255197660737449,317.6752881542451,274.51240304012845,311.31215014171244,1.4252757694839602,1.4114450000059326,315.3740342893098,1.3613750154731257,70.53287014400844,241.61612372619385,70.53287014535518,1.2675721049568927,165.00011882767132,241.61612372619385,165.00011882767132,187.5191281101485,1.267097187200001,1.2516149941185184,240.61224557475052,1.200915177736149,100.84463095703609,0.028341304848635545,0.012194597841297204,122.09753893158619,185.4888240178239,24.781031388876833,600.5639866606876,1.6220856399287236,1219.836730024346,1.6221191497635115,276.5694793856613,116.49444602315396,1.5719774511464717,906.046825030914,901.322609994711,1.5713120414473023,272.1520273310663,903.5061747913137,1.52095936753557,158.31669906574925,1.5209306372849951,272.2120321122943,1.5203586814195797,123.3688786268518,245.15918665931534,124.38423173951466,1.4199526549080228,239.16226985770228,1.419211130049105,243.77957123348205,239.7067576918243,286.33639409850883,1.419226031165696,1.411417588780549,240.21986406069658,1.3609889647861522,49.13995441267844,161.84997174218284,49.70949142155622,1.2600478177706946,178.4154314071958,163.558147824301,178.19394066746383,229.77033002318046,1.259732382505765,1.2516263947974344,160.49386380163978,1.200654456316084,132.62737339089307,0.010137318029562279,0.0013975193235549793
149.2026878593727,270.00000001177324,36.29289964158512,599.9999603428914,1.622141232972167,1219.5064287989871,1.6221949999109129,336.8655282011309,144.13357696771607,1.5723116033303461,932.2918125551917,932.6593798432868,1.5713149999849612,333.0378512419396,932.659377927966,1.5214456954112463,348.4861181525834,1.5212891403345892,333.0378512419396,1.5207950000679817,189.08377756072065,317.6752888851754,189.08377752791463,1.42673603139992,274.51240298651555,1.4255197661438679,317.6752888851754,274.51240298651555,311.3121502777624,1.4252757695529241,1.411445000004774,315.37403500318226,1.361375015226586,70.53367716954446,241.61597764220065,70.53367716638999,1.2675720924905585,165.00011873766726,241.61597764220065,165.00011873766726,187.51922412692574,1.2670971746727755,1.2516149942060846,240.61209578728023,1.200915162380864,100.84540759647851,0.02834096867792815,0.012194408394895497,122.09753908814152,185.48881896634236,24.781031388876833,600.563986581689,1.6220856399509531,1219.8367299158078,1.6221191497745073,276.56948043918646,116.49444898011066,1.5719774511325808,906.0468265193222,901.322609994711,1.571312041438563,272.1520269828916,903.5061747913137,1.5209593673860873,158.31669906574925,1.5209306371860767,272.21203141594486,1.5203586813707477,123.3688786268518,245.1591874968433,124.38423232478954,1.4199526549080228,239.16227119613177,1.419211130101469,243.77957039595407,239.7067576918243,286.33639409850883,1.419226031114135,1.4114175887695355,240.21986321797368,1.3609889646406905,49.139955338662396,161.8499727513008,49.70949265620148,1.2600478177706946,178.41543016836746,163.558147824301,178.19394097717094,229.77032881728908,1.259732382505765,1.2516263947801247,160.49386429876122,1.2006544562707995,132.62737339089307,0.010137317793429605,0.0013975195230691447
149.20268786549073,270.0000000376786,36.292881091461176,599.9999635773006,1.622141232796116,1219.5064781910394,1.6221949997283052,336.86552722536817,144.13357612755757,1.5723116032859086,932.2918101237327,932.6593757120802,1.5713149999467104,333.0378504449852,932.6593715720489,1.521445695342074,348.48611187342846,1.5212891402664346,333.0378504449852,1.5207950000023855,189.08377760650131,317.6752888735308,189.0837775366308,1.426736031418561,274.51240302442136,1.425519766160377,317.6752888735308,274.51240302442136,311.3121506871754,1.4252757695690128,1.4114449999912413,315.37403496955415,1.3613750150975226,70.53448263433226,241.61583103030424,70.53448262595188,1.2675720799338313,165.0001185572103,241.61583103030424,165.0001185572103,187.5193197466333,1.2670971620590183,1.2516149943119463,240.61194549047235,1.2009151482753992,100.84612718510678,0.028340656997826754,0.01219423291525565,122.09753893158619,185.48881896634236,24.78103104799543,600.5639864631912,1.622085639962068,1219.8367297258658,1.622119149791001,276.5694793856613,116.49444602315396,1.5719774511381372,906.0468265193222,901.322609994711,1.5713120414560415,272.1520262865421,903.5061747913137,1.520959367510656,158.31670348612198,1.5209306372849951,272.21203071959536,1.5203586813707477,123.36887745630206,245.15918665931534,124.3842311542398,1.4199526547383499,239.16226985770228,1.4192111299967411,243.77957039595407,239.7067576918243,286.33639409850883,1.4192260309852331,1.411417588780549,240.2198649034195,1.3609889646891777,49.13995595598503,161.84997376041875,49.70949265620148,1.2600478177052914,178.4154332654383,163.55814832885997,178.19394283541345,229.77033183201755,1.2597323826336524,1.2516263947974344,160.49386479588264,1.2006544563613684,132.62737487636556,0.010137317557296936,0.0013975198858222461
149.20268788542933,270.00000011218833,36.29282507636134,599.9999732285444,1.6221412322645425,1219.5066253219406,1.6221949991766549,336.865524280458,144.13357346547377,1.5723116031599735,932.2918027684268,932.6593632175473,1.571314999839462,333.0378480405035,932.6593523604672,1.5214456951278275,348.4860928937864,1.5212891400552606,333.0378480405035,1.5207949997989387,189.08377732870122,317.67528660707114,189.0837771427322,1.4267360312181652,274.512403324962,1.4255197659722836,317.67528660707114,274.512403324962,311.3121520462488,1.4252757693831084,1.411444999912085,315.3740326568046,1.3613750149389965,70.5352865342006,241.6156837548487,70.53528651004146,1.2675720672473778,165.0001183967925,241.6156837548487,165.0001183967925,187.51941511929564,1.2670971493191656,1.2516149943810406,240.61179454634666,1.2009151352744758,100.8467943632917,0.028340367293642945,0.012194070166977945,122.09753861847553,185.48881896634236,24.78103002535122,600.5639864631912,1.622085639973183,1219.836729644462,1.622119149801997,276.5694783321361,116.49444602315396,1.57197745111869,906.0468265193222,901.322609994711,1.5713120414451176,272.1520262865421,903.5061747913137,1.5209593674110011,158.31669906574925,1.520930637037699,272.2120300232459,1.5203586811754186,123.36887804157692,245.15918665931534,124.3842311542398,1.4199526546817924,239.16226985770228,1.4192111299967411,243.77956872089814,239.7067576918243,286.33639409850883,1.4192260309336722,1.4114175887640286,240.21986237525078,1.360988964543716,49.13995657330766,161.84997376041875,49.70949327352411,1.2600478178360979,178.4154338848525,163.55814832885997,178.1939415965851,229.77033243496322,1.259732382505765,1.251626394762815,160.49386429876122,1.2006544562707995,132.6273763618381,0.010137317793429605,0.0013975200671988333
149.20268786556366,269.9999993557241,36.29287105657076,599.9999360611889,1.6221412342850476,1219.506074446018,1.6221950011947865,336.86552606992086,144.13354888713044,1.5723116035495628,932.2918037982386,932.65936939163,1.5713150002066665,333.0378498854751,932.6593693916295,1.5214456957400189,348.48610237383275,1.5212891406632991,333.0378498854751,1.5207950003967166,189.08377657757313,317.6752857857949,189.08377651382926,1.4267360320344529,274.5124026993038,1.4255197667670587,317.6752857857949,274.5124026993038,311.312153284262,1.4252757701738223,1.4114450004502488,315.3740316983361,1.3613750154205415,70.53608608188321,241.61551416477658,70.53608608327261,1.2675720537118371,165.0001176726862,241.61551416477658,165.0001176726862,187.51951287761813,1.2670971357888594,1.2516149951471647,240.61162150321604,1.2009151238317788,100.84741336667301,0.028340095898635554,0.012193918752245998,122.09753893158619,185.48881896634236,24.78103002535122,600.5639864631912,1.622085639973183,1219.8367295359237,1.622119149807495,276.56947815654854,116.49444602315396,1.5719774511548061,906.046825030914,901.3226066551514,1.571312041462596,272.1520259383674,903.5061714517541,1.5209593674608286,158.31670790649474,1.5209306371118878,272.21203280864376,1.5203586813219154,123.36887804157692,245.1591849842594,124.3842311542398,1.4199526547383499,239.16227119613177,1.419211130049105,243.7795670458422,239.7067576918243,286.33639409850883,1.4192260310110134,1.4114175887695355,240.2198657461424,1.3609889646891777,49.13995749929161,161.84997577865465,49.709494508169364,1.2600478178360979,178.41543264602416,163.5581498425369,178.19394004804965,229.77033002318046,1.2597323826336524,1.2516263947916646,160.4938652930041,1.2006544563613684,132.6273763618381,0.010137317793429605,0.001397520085336493
149.2026878889807,270.00000032400317,36.29291373594365,599.9999544030675,1.622141234167314,1219.506354398724,1.6221950011103183,336.8655290424532,144.13357558868174,1.5723116033729112,932.2918142902181,932.6593829336948,1.5713150000223532,333.0378519355148,932.6593829336946,1.5214456955606699,348.486123027597,1.5212891404831659,333.0378519355148,1.5207950002144832,189.08377701809997,317.675291617672,189.0837770180994,1.4267360317858053,274.51240170503513,1.4255197665066417,317.675291617672,274.51240170503513,311.3121507611735,1.4252757699105203,1.4114450000443193,315.3740375988543,1.3613750156378113,70.53688701702421,241.61538639435184,70.53688701841094,1.2675720419032186,165.00011753887583,241.61538639435184,165.00011753887583,187.5196072352586,1.267097123882459,1.2516149948768045,240.6114897779761,1.2009151129085862,100.8479879736787,0.028339842631488747,0.012193777745080694,122.09753877503086,185.48880886337932,24.78103002535122,600.563986423692,1.6220856399787404,1219.8367294816546,1.622119149807495,276.5694793856613,116.49444602315396,1.5719774511159117,906.046825030914,901.3226066551514,1.5713120414538568,272.1520262865421,903.5061681121944,1.5209593673860873,158.31669906574925,1.5209306370871583,272.21203141594486,1.5203586813219154,123.36887745630206,245.15918582178736,124.3842311542398,1.4199526547383499,239.16227253456125,1.4192111298396497,243.77956872089814,239.70675903025375,286.3363963508119,1.4192260309594527,1.4114175887640286,240.21986237525078,1.360988964543716,49.139957807952925,161.84997476953671,49.709494508169364,1.2600478177052914,178.4154338848525,163.55814832885997,178.19394035775676,229.77033122907184,1.2597323825697087,1.2516263948032043,160.49386479588264,1.200654456316084,132.6273763618381,0.010137317557296936,0.0013975203755390827
149.20268785927715,270.00000006615494,36.292916865753476,599.9999585082064,1.6221412331344727,1219.5064049905923,1.6221950000798122,336.86552911878766,144.13357903277006,1.5723116033506206,932.2918149585851,932.6593838230808,1.5713149999992986,333.03785199146046,932.659383823081,1.5214456955263702,348.4861241635189,1.5212891404487523,333.03785199146046,1.5207950001797164,189.0837775324867,317.67529424764996,189.08377753248726,1.4267360319501374,274.5124015369136,1.425519766651501,317.67529424764996,274.5124015369136,311.31214935695857,1.425275770052638,1.4114450000461685,315.3740402911171,1.3613750154845774,70.5376864337052,241.61524512618973,70.53768643509105,1.267572030021829,165.0001174223404,241.61524512618973,165.0001174223404,187.51970204506287,1.2670971119278822,1.2516149949809194,240.61134483924167,1.2009151029419405,100.84852200798271,0.028339608643987897,0.012193646712025394,122.09753861847553,185.4888240178239,24.781030366232624,600.5639863446934,1.6220856399842978,1219.8367294273855,1.622119149807495,276.56947868331116,116.49444898011066,1.5719774511214681,906.0468280077304,901.3226133342705,1.571312041433101,272.1520252420179,903.5061747913137,1.5209593674359148,158.31670348612198,1.520930637037699,272.21203141594486,1.5203586812730832,123.36887745630206,245.1591849842594,124.38422998369006,1.4199526547949075,239.16226985770228,1.4192111299443773,243.77956955842612,239.7067576918243,286.33639409850883,1.4192260309594527,1.4114175887502618,240.2198649034195,1.360988964543716,49.139957807952925,161.84997577865465,49.709495125492,1.2600478179015009,178.41543202660998,163.55814858113945,178.19393973834258,229.77032821434338,1.2597323825697087,1.2516263947801247,160.49386579012554,1.2006544562707995,132.6273763618381,0.010137317321164272,0.001397520357401419
149.2026878554309,270.0000000049512,36.29291706194881,599.999958761522,1.6221412330586404,1219.5064082479207,1.6221950000041137,336.8655291179505,144.13357924618055,1.5723116033491835,932.2918149905122,932.6593838669351,1.5713149999978562,333.0378519899601,932.6593838669351,1.5214456955074025,348.48612421087796,1.5212891404297824,333.0378519899601,1.520795000160736,189.08377794158594,317.67529635311405,189.08377794158605,1.4267360321221099,274.51240138477715,1.4255197668082036,317.67529635311405,274.51240138477715,311.3121485722963,1.4252757702065586,1.411445000052312,315.37404242295185,1.3613750154298694,70.53848432647982,241.61510401027363,70.53848432786316,1.267572018085608,165.00011720958446,241.61510401027363,165.00011720958446,187.51979647393526,1.267097099919588,1.251614995066967,240.61120006748178,1.200915093768234,100.84901876384038,0.028339391222490695,0.012193524647478405,122.09753783569887,185.48881391486086,24.781029684469818,600.5639863841926,1.6220856399842978,1219.8367294816546,1.6221191498239886,276.56947727861086,116.49444602315396,1.5719774511075773,906.046825030914,901.3226066551514,1.5713120414505795,272.15202559019264,903.5061714517541,1.5209593674110011,158.31670348612198,1.5209306369882396,272.21202932689647,1.5203586811754186,123.36887804157692,245.15918414673143,124.3842311542398,1.4199526546252348,239.16227253456125,1.419211129734922,243.7795678833702,239.70675903025375,286.3363963508119,1.41922603077899,1.4114175887502618,240.21985984708206,1.360988964543716,49.13995842527556,161.84997476953671,49.709495125492,1.2600478176398882,178.4154314071958,163.55814858113945,178.19393849951422,229.770327008452,1.2597323823778772,1.2516263947801247,160.49386429876122,1.200654456225515,132.6273763618381,0.010137317557296936,0.0013975203755390827
149.20268785492098,270.00000000031474,36.292917058295885,599.9999587763847,1.622141233053843,1219.506408225858,1.622194999999313,336.86552911650847,144.13357924309656,1.5723116033493505,932.2918149888221,932.6593838651268,1.5713149999980331,333.03785198847385,932.6593838651268,1.5214456954875066,348.4861242066585,1.521289140409886,333.03785198847385,1.5207950001408403,189.0837782801812,317.67529810398696,189.08377828018044,1.426736032270395,274.5124012518321,1.4255197669430997,317.67529810398696,274.5124012518321,311.31214810482584,1.425275770339004,1.4114450000511833,315.3740441831359,1.361375015421424,70.53928069479932,241.61496336584992,70.53928069618114,1.2675720061994116,165.0001169755716,241.61496336584992,165.0001169755716,187.51989058071433,1.267097087960933,1.251614995164962,240.6110557792843,1.2009150853573471,100.84948127713972,0.028339188474942146,0.01219341078352975,122.09753940125218,185.48881896634236,24.781029684469818,600.563986423692,1.6220856399842978,1219.8367295087892,1.622119149807495,276.5694809659491,116.49444898011066,1.5719774511325808,906.0468294961385,901.322609994711,1.571312041451672,272.1520273310663,903.5061747913137,1.52095936753557,158.3167167472402,1.5209306371366174,272.2120335049932,1.5203586813707477,123.36887745630206,245.15918917189921,124.38423056896492,1.4199526549645802,239.16226985770228,1.4192111301538328,243.77957207101,239.7067563533948,286.33639184620574,1.419226031114135,1.4114175887640286,240.2198665888653,1.3609889645922033,49.13995842527556,161.8499767877726,49.709495742814624,1.2600478180323074,178.41543512368085,163.55815186077277,178.19394221599927,229.77033183201755,1.2597323828254838,1.2516263947858945,160.4938677786113,1.2006544563613684,132.62737784731058,0.010137317321164272,0.00139752070201707
149.20268785484097,270.0000000000113,36.29291704245347,599.9999587770485,1.6221412330536351,1219.5064080015468,1.622194999999094,336.8655291154828,144.1335792268098,1.572311603349997,932.2918149852882,932.6593838608478,1.5713149999986884,333.03785198745413,932.6593838608477,1.5214456954735773,348.4861241998329,1.5212891403959565,333.03785198745413,1.520795000126912,189.08377857520895,317.67529962261335,189.08377857520946,1.4267360324036904,274.5124011366702,1.4255197670644324,317.67529962261335,274.5124011366702,311.3121477965261,1.4252757704581418,1.4114450000487833,315.374045703448,1.3613750154334006,70.54007553874126,241.61482336149783,70.54007554012152,1.2675719943801447,165.00011673193367,241.61482336149783,165.00011673193367,187.51998438775928,1.2670970760679996,1.2516149952635864,240.6109121418068,1.2009150776491309,100.84991233827293,0.02833899900504295,0.012193304450562896,122.09753830536486,185.4888240178239,24.781030366232624,600.5639863841926,1.622085639989855,1219.836729400251,1.6221191498184908,276.5694783321361,116.49445193706735,1.571977451104799,906.0468280077304,901.322609994711,1.5713120414320088,272.1520248938432,903.5061747913137,1.5209593673611734,158.31670790649474,1.5209306370129694,272.2120321122943,1.5203586812242509,123.36887745630206,245.15918833437127,124.38423056896492,1.4199526547383499,239.16226985770228,1.4192111299967411,243.77956872089814,239.7067576918243,286.33639184620574,1.4192260309852331,1.411417588730988,240.21986321797368,1.3609889644952289,49.13995904259819,161.84997628321364,49.709495742814624,1.2600478179669041,178.41543636250918,163.5581498425369,178.19393973834258,229.77033183201755,1.25973238276154,1.2516263947801247,160.49386678436844,1.2006544562707995,132.6273763618381,0.010137316966965284,0.0013975206657417336
149.20268785486627,269.9999999999932,36.29291702725345,599.9999587768259,1.622141233053696,1219.5064077845193,1.6221949999991427,336.8655291147046,144.13357921111873,1.5723116033505056,932.2918149820125,932.659383856867,1.571314999999203,333.0378519866825,932.6593838568671,1.521445695465082,348.48612419380845,1.5212891403874613,333.0378519866825,1.5207950001184183,189.08377884288103,317.67530100289,189.08377884288097,1.4267360325284795,274.51240103125156,1.4255197671781499,317.67530100289,274.51240103125156,311.31214757097246,1.4252757705698245,1.411445000046798,315.3740470816148,1.361375015453611,70.54086885956136,241.61468406110512,70.54086886093907,1.2675719826347462,165.0001164849246,241.61468406110512,165.0001164849246,187.52007791810715,1.2670970642474018,1.2516149953584157,240.61076921779778,1.200915070579139,100.8503145110098,0.028338821670171047,0.012193205038378346,122.09753830536486,185.48881896634236,24.781029343588415,600.563986423692,1.6220856399842978,1219.8367295359237,1.622119149807495,276.5694778053735,116.49445193706735,1.5719774511131337,906.0468280077304,901.322609994711,1.5713120414265467,272.1520262865421,903.5061714517541,1.5209593674110011,158.31670790649474,1.5209306369387805,272.2120335049932,1.5203586811754186,123.36887745630206,245.15918665931534,124.3842311542398,1.4199526547383499,239.16226985770228,1.4192111299967411,243.7795678833702,239.7067563533948,286.33639184620574,1.419226031036794,1.4114175887337415,240.2198657461424,1.3609889645922033,49.13995965992083,161.8499767877726,49.70949636013725,1.2600478178360979,178.41543202660998,163.5581495902574,178.19393571215045,229.77033183201755,1.25973238276154,1.2516263947801247,160.49386728148988,1.2006544562707995,132.6273763618381,0.010137317557296936,0.0013975207745677437
149.2026878549023,269.99999999999204,36.29291701344978,599.9999587765511,1.6221412330537754,1219.5064075873147,1.6221949999992118,336.8655291140163,144.1335791968641,1.5723116033508213,932.2918149790435,932.6593838532604,1.5713149999995246,333.03785198599974,932.6593838532605,1.5214456954601006,348.4861241883783,1.5212891403824806,333.03785198599974,1.5207950001134387,189.08377909257933,317.67530230353645,189.08377909257985,1.4267360326484964,274.51240092936195,1.4255197672876223,317.67530230353645,274.51240092936195,311.31214738864566,1.4252757706773571,1.411445000045377,315.37404837812284,1.3613750154760904,70.54166065943764,241.61454548031023,70.5416606608134,1.2675719709654905,165.0001162373244,241.61454548031023,165.0001162373244,187.5201711917831,1.2670970525013199,1.2516149954481979,240.61062702199402,1.2009150640913835,100.85069015072776,0.028338655472528753,0.012193111986328352,122.09753830536486,185.4888240178239,24.781030366232624,600.5639863446934,1.62208564000097,1219.8367293731162,1.6221191498184908,276.56947885889866,116.49445193706735,1.57197745111869,906.0468280077304,901.322609994711,1.5713120414341935,272.1520252420179,903.5061747913137,1.5209593673860873,158.31671232686745,1.520930637037699,272.2120321122943,1.5203586812242509,123.36887745630206,245.15918665931534,124.3842311542398,1.4199526546817924,239.16226985770228,1.4192111299443773,243.77956872089814,239.7067576918243,286.33639409850883,1.4192260310625742,1.4114175887282345,240.2198649034195,1.3609889643982545,49.13995965992083,161.84997779689056,49.70949697745988,1.2600478179015009,178.41542954895328,163.5581513562138,178.19393726068589,229.77032942023476,1.2597323825697087,1.251626394774355,160.49386678436844,1.2006544562481574,132.6273763618381,0.010137317085031615,0.0013975207745677437
149.20268788877655,270.0000000145814,36.29291700542797,599.9999587759696,1.622141233031642,1219.5064073873245,1.6221949999770713,336.8655291775574,144.1335791819365,1.5723116033509412,932.2918149967396,932.659383883044,1.571314999999648,333.0378520513274,932.6593838830443,1.521445695513918,348.48612432904235,1.5212891404361861,333.0378520513274,1.5207950001669293,189.0837793281337,317.67530387833045,189.0837793281337,1.4267360331349777,274.51240077682746,1.4255197677580016,317.67530387833045,274.51240077682746,311.3121471816699,1.425275771144774,1.4114450003456527,315.37404995509985,1.36137501662528,70.54244649521009,241.61437466783093,70.54244649666768,1.2675719568655905,165.000114995966,241.61437466783093,165.000114995966,187.52026794341486,1.2670970383835687,1.2516149961934444,240.61045344232386,1.2009150595635978,100.85104134321868,0.02833849669227845,0.012193024053248503,122.09753830536486,185.48881896634236,24.781029343588415,600.5639863446934,1.6220856399954127,1219.8367294273855,1.6221191498184908,276.569477980961,116.49444898011066,1.5719774511131337,906.0468280077304,901.3226066551514,1.5713120414363784,272.1520252420179,903.5061747913137,1.5209593673611734,158.31670790649474,1.5209306369882396,272.2120300232459,1.5203586812242509,123.36887745630206,245.15918582178736,124.3842311542398,1.4199526547383499,239.16227119613177,1.4192111299443773,243.77956872089814,239.7067576918243,286.33639409850883,1.4192260310110134,1.4114175887337415,240.21986237525078,1.3609889644467417,49.13995996858214,161.8499767877726,49.70949697745988,1.2600478179015009,178.41543264602416,163.55815059937535,178.19394097717094,229.7703336408546,1.2597323826336524,1.2516263947801247,160.49386678436844,1.2006544562934418,132.62737784731058,0.0101373174392306,0.001397520847118422
149.20268784430476,269.9999999950538,36.29291698794897,599.9999587744849,1.622141233061573,1219.5064072350942,1.6221950000069896,336.8655290945718,144.13357917347608,1.5723116033578073,932.291814966745,932.6593838390268,1.571315000006734,333.03785196585864,932.6593838390263,1.5214456953850901,348.4861241357217,1.5212891403074968,333.03785196585864,1.5207950000385126,189.08377955774233,317.6753047488017,189.08377955774208,1.426736032858658,274.5124007335325,1.4255197674767466,317.6753047488017,274.5124007335325,311.31214708668597,1.4252757708626074,1.411445000011661,315.3740508126464,1.3613750161277078,70.5432354865357,241.61425402588367,70.5432354879901,1.2675719461943273,165.00011544314773,241.61425402588367,165.00011544314773,187.52036202340543,1.2670970276317068,1.2516149958002343,240.6103281988929,1.2009150528507586,100.85136991776868,0.028338347477976644,0.0121929410488791,122.09753814880953,185.48881896634236,24.781030366232624,600.563986423692,1.6220856399842978,1219.8367294273855,1.6221191498129928,276.5694790344862,116.49444898011066,1.5719774511270244,906.0468280077304,901.322609994711,1.5713120414396555,272.15202559019264,903.5061747913137,1.5209593674110011,158.31671232686745,1.5209306370871583,272.21203280864376,1.5203586812730832,123.36887745630206,245.15918665931534,124.38423056896492,1.4199526547949075,239.16226985770228,1.4192111299967411,243.77957039595407,239.7067563533948,286.33639409850883,1.4192260311399154,1.411417588730988,240.2198657461424,1.3609889644467417,49.13995996858214,161.84997779689056,49.70949697745988,1.2600478179669041,178.4154332654383,163.55815186077277,178.1939391189284,229.77033122907184,1.25973238276154,1.251626394762815,160.4938677786113,1.2006544562707995,132.6273763618381,0.010137317321164272,0.0013975208833937622
149.20268785574262,270.00000000048203,36.29291697966349,599.9999587760868,1.6221412330532257,1219.5064071037184,1.6221949999986371,336.8655291135768,144.13357916176682,1.5723116033542393,932.2918149718269,932.6593838443027,1.5713150000029497,333.0378519856097,932.6593838443027,1.521445695455105,348.48612417725576,1.521289140377485,333.0378519856097,1.5207950001084454,189.08377977717072,317.6753060042579,189.08377977716987,1.426736032969466,274.51240061412767,1.4255197675783364,317.6753060042579,274.51240061412767,311.31214692901494,1.4252757709624984,1.4114450000160548,315.3740520615097,1.3613750158600268,70.54402294561699,241.61412032853775,70.54402294706978,1.267571935093076,165.00011537633307,241.61412032853775,165.00011537633307,187.5204550679835,1.2670970164367836,1.2516149957962983,240.61019088108714,1.2009150477560617,100.85167800736266,0.0283382094041015,0.012192863567994946,122.0975384619202,185.4888240178239,24.781030707114027,600.5639863841926,1.6220856399954127,1219.8367294273855,1.6221191498184908,276.5694783321361,116.49445193706735,1.5719774511159117,906.046825030914,901.322609994711,1.5713120414320088,272.1520252420179,903.5061714517541,1.5209593672615185,158.31670790649474,1.5209306369140507,272.21203071959536,1.5203586812242509,123.36887745630206,245.15918582178736,124.3842311542398,1.4199526546817924,239.16226985770228,1.4192111299443773,243.77956872089814,239.7067563533948,286.33639409850883,1.419226031036794,1.4114175887254812,240.2198649034195,1.3609889643497675,49.13995996858214,161.8499767877726,49.70949697745988,1.2600478179015009,178.4154289295391,163.5581511039343,178.19393788010007,229.77033062612617,1.2597323826975964,1.251626394774355,160.4938677786113,1.200654456225515,132.6273763618381,0.010137317321164272,0.0013975210829081503
149.20268785532397,269.9999999999155,36.292916970240356,599.9999587756911,1.6221412330539509,1219.5064069701211,1.6221949999993552,336.8655291123788,144.1335791521445,1.5723116033511435,932.2918149699448,932.6593838422036,1.5713149999998615,333.03785198436594,932.6593838422039,1.521445695455128,348.48612417258823,1.5212891403775095,333.03785198436594,1.5207950001084733,189.0837799908362,317.67530721181464,189.0837799908365,1.4267360330980177,274.5124005017793,1.4255197676970262,317.67530721181464,274.5124005017793,311.31214678008746,1.4252757710793706,1.4114450000302097,315.3740532627562,1.361375015733405,70.54480888104634,241.61398605279732,70.54480888249743,1.2675719238871355,165.00011519794418,241.61398605279732,165.00011519794418,187.5205477000183,1.2670970051414132,1.2516149958148755,240.6100530028942,1.200915043077298,100.85196726457238,0.02833807996183261,0.012192790976646752,122.09753736603288,185.4888240178239,24.78103002535122,600.5639863841926,1.6220856399842978,1219.8367294273855,1.6221191498184908,276.5694769274358,116.49444898011066,1.5719774511270244,906.0468280077304,901.322609994711,1.5713120414494872,272.15202559019264,903.5061714517541,1.5209593674110011,158.31671232686745,1.5209306369140507,272.2120321122943,1.5203586811754186,123.36887745630206,245.15918582178736,124.3842311542398,1.4199526546817924,239.16226985770228,1.4192111298920136,243.7795678833702,239.7067563533948,286.33639184620574,1.4192260309852331,1.4114175887282345,240.2198657461424,1.3609889644467417,49.13995965992083,161.8499767877726,49.70949697745988,1.2600478179015009,178.41543264602416,163.55815085165483,178.19394035775676,229.77033122907184,1.25973238276154,1.2516263947801247,160.49386728148988,1.2006544562934418,132.6273763618381,0.010137317321164272,0.0013975209922197879
149.2026878549762,269.99999999998886,36.29291696191315,599.9999587754966,1.6221412330541183,1219.506406851015,1.6221949999995162,336.8655291113416,144.13357914366014,1.572311603351138,932.2918149679203,932.6593838397484,1.5713149999998635,333.03785198334424,932.6593838397487,1.5214456954539046,348.486124167856,1.5212891403762874,333.03785198334424,1.5207950001072534,189.08378019852051,317.675308414372,189.08378019852051,1.426736033218162,274.5124003849344,1.425519767807352,317.675308414372,274.5124003849344,311.3121466284705,1.4252757711878867,1.411445000036411,315.3740544589136,1.3613750156830624,70.54559329900836,241.6138518757702,70.54559330045683,1.2675719126925915,165.00011498470326,241.6138518757702,165.00011498470326,187.52064001061348,1.267096993858553,1.2516149958591973,240.60991523669156,1.2009150388173058,100.85223922131483,0.028337957954427357,0.012192722756216951,122.0975379922542,185.4888240178239,24.78103002535122,600.5639863841926,1.622085639989855,1219.836729400251,1.6221191498184908,276.5694778053735,116.49445193706735,1.5719774511242464,906.0468294961385,901.322609994711,1.5713120414462098,272.1520259383674,903.5061747913137,1.5209593674857422,158.31671232686745,1.520930637037699,272.21203280864376,1.5203586812730832,123.36887745630206,245.15918665931534,124.38423056896492,1.4199526547383499,239.16227119613177,1.4192111298920136,243.77956872089814,239.7067563533948,286.33639409850883,1.4192260309852331,1.4114175887640286,240.21986743158823,1.3609889644952289,49.13996027724345,161.84997779689056,49.709497594782505,1.2600478178360979,178.41543264602416,163.55815186077277,178.19393788010007,229.77032942023476,1.25973238276154,1.2516263947974344,160.49386678436844,1.200654456316084,132.6273763618381,0.010137317085031615,0.0013975210284951328
149.2026878549545,269.9999999999949,36.29291695437783,599.9999587753521,1.6221412330541682,1219.5064067433566,1.6221949999995608,336.86552911089564,144.13357913589203,1.5723116033511915,932.2918149662707,932.6593838377416,1.5713149999999203,333.03785198290234,932.6593838377414,1.521445695453203,348.48612416471894,1.521289140375586,333.03785198290234,1.520795000106553,189.0837804007509,317.67530961478843,189.0837804007512,1.4267360333341728,274.5124002633513,1.4255197679135712,317.67530961478843,274.5124002633513,311.3121464728223,1.4252757712923008,1.4114450000387664,315.3740556528984,1.36137501566207,70.5463762043475,241.6137180433942,70.546376205793,1.267571901530916,165.0001147587783,241.6137180433942,165.0001147587783,187.5207320455528,1.2670969826085077,1.2516149959088567,240.6097778258785,1.2009150349242639,100.85249528731319,0.028337842646647404,0.0121926584808494,122.09753877503086,185.48881896634236,24.78103002535122,600.563986305194,1.622085639989855,1219.8367293188471,1.6221191498239886,276.5694778053735,116.49445193706735,1.5719774511270244,906.046825030914,901.322609994711,1.5713120414451176,272.1520248938432,903.5061747913137,1.5209593674359148,158.31670790649474,1.5209306370871583,272.21203141594486,1.5203586813219154,123.36887745630206,245.1591849842594,124.3842311542398,1.4199526546817924,239.16226985770228,1.4192111299967411,243.77956872089814,239.7067576918243,286.33639409850883,1.419226031114135,1.4114175887364948,240.21986406069658,1.360988964543716,49.13996027724345,161.84997779689056,49.70949697745988,1.2600478180323074,178.4154338848525,163.55815186077277,178.19394097717094,229.77033183201755,1.25973238276154,1.2516263947916646,160.4938687728542,1.200654456316084,132.6273763618381,0.010137317321164272,0.0013975210466328051
149.2026878549574,269.9999999999953,36.292916947563384,599.9999587752144,1.6221412330542135,1219.5064066459995,1.6221949999996013,336.8655291105317,144.1335791288593,1.5723116033512143,932.291814964796,932.659383835954,1.571314999999946,333.0378519825416,932.6593838359538,1.5214456954527755,348.486124161987,1.521289140375159,333.0378519825416,1.5207950001061274,189.08378059784795,317.6753108138055,189.08378059784826,1.4267360334483428,274.51240013714425,1.4255197680179736,317.6753108138055,274.51240013714425,311.31214631272456,1.4252757713949027,1.4114450000395498,315.3740568454844,1.3613750156519873,70.54715760125978,241.61358464441525,70.54715760270301,1.2675718904117155,165.00011452858317,241.61358464441525,165.00011452858317,187.52082383456602,1.2670969714004507,1.251614995958377,240.60964085769962,1.2009150313574215,100.85273675855379,0.028337733470913753,0.012192597787758054,122.09753830536486,185.48881896634236,24.78103002535122,600.5639863841926,1.6220856399954127,1219.8367293731162,1.6221191498129928,276.569477980961,116.49445193706735,1.5719774511214681,906.0468280077304,901.322609994711,1.5713120414494872,272.15202559019264,903.5061747913137,1.5209593674110011,158.31670790649474,1.5209306370871583,272.21203071959536,1.5203586812242509,123.36887687102718,245.15918665931534,124.38423056896492,1.4199526546817924,239.16226985770228,1.4192111298920136,243.7795678833702,239.7067576918243,286.33639409850883,1.4192260309852331,1.4114175887530152,240.21986237525078,1.3609889643982545,49.13995996858214,161.84997729233157,49.70949697745988,1.2600478178360979,178.41543202660998,163.55815186077277,178.19393849951422,229.7703276113977,1.2597323826336524,1.2516263947801247,160.4938677786113,1.2006544562707995,132.6273763618381,0.010137317085031615,0.0013975210103574609
149.20268785495966,269.9999999999956,36.29291694140279,599.9999587750891,1.6221412330542555,1219.5064065579827,1.6221949999996381,336.86552911020175,144.1335791225015,1.5723116033512232,932.2918149634654,932.6593838343306,1.5713149999999576,333.0378519822144,932.659383834331,1.5214456954524764,348.4861241595056,1.5212891403748605,333.0378519822144,1.5207950001058297,189.08378079003342,317.67531201200643,189.08378079003353,1.4267360335616117,274.5124000063752,1.425519768121497,317.67531201200643,274.5124000063752,311.3121461479241,1.4252757714966287,1.4114450000396705,315.3740580372719,1.3613750156450015,70.54793749359749,241.61345170229652,70.54793749503924,1.2675718793376969,165.00011429762412,241.61345170229652,165.00011429762412,187.5209153992913,1.2670969602369593,1.2516149960057776,240.609504354625,1.2009150280852867,100.85296482608014,0.0283376299359822,0.012192540360808106,122.09753783569887,185.48882906930544,24.781030366232624,600.5639863446934,1.622085639989855,1219.8367293731162,1.622119149807495,276.56947885889866,116.49445193706735,1.5719774511298026,906.0468280077304,901.322609994711,1.5713120414483948,272.1520259383674,903.5061714517541,1.5209593674110011,158.31671232686745,1.520930637037699,272.21203141594486,1.5203586812730832,123.36887804157692,245.15918665931534,124.3842311542398,1.4199526547383499,239.16226985770228,1.4192111299443773,243.77956872089814,239.7067576918243,286.33639409850883,1.4192260309852331,1.4114175887475082,240.21986406069658,1.3609889644952289,49.139960585904774,161.84997779689056,49.709497594782505,1.2600478180323074,178.41543016836746,163.5581513562138,178.19393973834258,229.77032942023476,1.25973238276154,1.2516263947858945,160.4938677786113,1.2006544562934418,132.62737784731058,0.010137317085031615,0.0013975210284951328
149.20268785496037,269.9999999999959,36.29291693636531,599.9999587749979,1.6221412330542908,1219.5064064860137,1.6221949999996699,336.86552910992884,144.13357911841757,1.572311603351228,932.291814962372,932.6593838330017,1.5713149999999645,333.0378519819434,932.6593838330014,1.5214456954523095,348.4861241572602,1.5212891403746935,333.0378519819434,1.5207950001056636,189.0837809774858,317.67531297023993,189.08378097748613,1.4267360336518582,274.5123998985224,1.4255197682039602,317.67531297023993,274.5123998985224,311.31214601262724,1.4252757715776567,1.4114450000395533,315.3740589903938,1.3613750156392737,70.54871588501179,241.6133192121409,70.5487158864517,1.2675718683082737,165.00011411336064,241.6133192121409,165.00011411336064,187.521006756197,1.2670969491174486,1.2516149960416432,240.60936831106773,1.2009150256620549,100.85318058431633,0.02833753159711015,0.012192485920123753,122.0975379922542,185.4888240178239,24.78103002535122,600.5639863841926,1.6220856399842978,1219.83672945452,1.6221191498129928,276.56947815654854,116.49445193706735,1.5719774511159117,906.0468280077304,901.322609994711,1.5713120414494872,272.1520252420179,903.5061747913137,1.5209593673860873,158.31670790649474,1.5209306369882396,272.21203141594486,1.5203586812242509,123.36887745630206,245.15918665931534,124.38422998369006,1.4199526547383499,239.16226985770228,1.4192111299967411,243.77956872089814,239.7067563533948,286.33639409850883,1.4192260309852331,1.411417588730988,240.2198657461424,1.3609889644952289,49.13996027724345,161.8499788060085,49.709497594782505,1.2600478179669041,178.4154338848525,163.55815186077277,178.19394035775676,229.77033062612617,1.2597323828254838,1.2516263947858945,160.4938677786113,1.2006544562707995,132.6273763618381,0.010137317321164272,0.0013975209740821164
149.20268788473055,269.99999999772353,36.292916928414876,599.9999587757166,1.6221412330401737,1219.5064064313824,1.6221949999855627,336.8655291616001,144.13357910971695,1.5723116033323166,932.2918149822543,932.6593838168828,1.5713149999811478,333.0378520605972,932.6593838168832,1.5214456953980342,348.48612412073123,1.5212891403204265,333.0378520605972,1.5207950000514174,189.08378115994336,317.6753145297294,189.08378115994344,1.4267360339829056,274.5123996793896,1.4255197685204688,317.6753145297294,274.5123996793896,311.31214573237173,1.425275771891486,1.4114450002022325,315.37406054516305,1.3613750164824525,70.54948796835193,241.613163511259,70.5494879698802,1.2675718540765848,165.00011326685518,241.613163511259,165.00011326685518,187.52110393474675,1.2670969348835746,1.251614996546674,240.60920889594644,1.2009150223137341,100.85338474082394,0.028337432884580745,0.012192432635499798,122.09753767914354,185.4888240178239,24.78103002535122,600.5639863446934,1.6220856399842978,1219.836729400251,1.6221191498184908,276.5694767518483,116.49445193706735,1.5719774511159117,906.0468280077304,901.322609994711,1.5713120414374706,272.15202419749374,903.5061714517541,1.5209593673362598,158.31670790649474,1.5209306369140507,272.21203071959536,1.5203586811265863,123.36887745630206,245.15918582178736,124.3842311542398,1.4199526546817924,239.16226985770228,1.4192111298920136,243.7795678833702,239.7067576918243,286.33639409850883,1.419226030907892,1.4114175887254812,240.2198657461424,1.3609889643982545,49.139960585904774,161.84997779689056,49.709497594782505,1.2600478179015009,178.41543202660998,163.55815085165483,178.1939391189284,229.77033062612617,1.2597323826336524,1.251626394774355,160.49386678436844,1.200654456202873,132.62737487636556,0.010137317085031615,0.0013975211191834965
149.2026878501112,270.00000000025653,36.29291691133673,599.9999587750362,1.6221412330565557,1219.5064063432378,1.6221950000019545,336.86552910079513,144.13357910740274,1.5723116033566455,932.2918149560679,932.6593838246395,1.5713150000054061,333.0378519733123,932.6593838246395,1.5214456954352418,348.48612413151386,1.521289140357633,333.0378519733123,1.5207950000886186,189.0837813363814,317.6753156100489,189.08378133638124,1.4267360338641224,274.51239958234123,1.4255197683947585,317.6753156100489,274.51239958234123,311.3121456084075,1.425275771764495,1.4114450000058878,315.37406161687295,1.3613750161089508,70.55026357361737,241.61303900964674,70.55026357514703,1.2675718447639412,165.00011339307557,241.61303900964674,165.00011339307557,187.5211947867066,1.267096925450283,1.2516149962935519,240.6090808231354,1.200915019955998,100.85357851210796,0.028337342514460805,0.012192382495586497,122.09753830536486,185.48881391486086,24.781029684469818,600.5639863446934,1.6220856399842978,1219.8367293731162,1.622119149807495,276.5694760494981,116.49444898011066,1.5719774511325808,906.0468265193222,901.322609994711,1.5713120414647808,272.1520259383674,903.5061714517541,1.520959367510656,158.31670790649474,1.520930637037699,272.21203141594486,1.5203586812730832,123.36887745630206,245.15918582178736,124.38422998369006,1.4199526547949075,239.16226985770228,1.4192111299443773,243.7795678833702,239.7067563533948,286.33639409850883,1.419226031036794,1.4114175887750422,240.21986406069658,1.360988964543716,49.139960585904774,161.84997779689056,49.70949697745988,1.2600478178360979,178.4154314071958,163.5581516084933,178.1939366412717,229.77032942023476,1.25973238276154,1.2516263948147441,160.4938677786113,1.2006544563613684,132.6273763618381,0.0101373174392306,0.0013975212280095417
149.20268785552025,269.9999999995706,36.29291690653353,599.9999587750166,1.6221412330545446,1219.5064062752713,1.6221949999999399,336.8655291096973,144.13357910069868,1.5723116033520457,932.2918149583925,932.6593838271372,1.5713150000007832,333.03785198205566,932.6593838271369,1.5214456954529818,348.4861241509293,1.5212891403753663,333.03785198205566,1.5207950001063382,189.08378150989222,317.67531681479784,189.0837815098921,1.4267360339925355,274.5123994318378,1.4255197685134497,317.67531681479784,274.5123994318378,311.3121454287891,1.4252757718813927,1.4114450000181624,315.3740628148628,1.3613750158622018,70.55103769946501,241.6129099921223,70.5510377009926,1.267571834101408,165.0001132929271,241.6129099921223,165.0001132929271,187.5212859572241,1.26709691468669,1.2516149962514882,240.6089482489518,1.2009150175317354,100.85376281060925,0.028337257710106995,0.012192335185486547,122.09753830536486,185.4888240178239,24.781030707114027,600.5639863446934,1.6220856399842978,1219.8367294273855,1.6221191498184908,276.5694785077236,116.49445193706735,1.5719774511325808,906.0468294961385,901.3226133342705,1.5713120414582264,272.15202663471683,903.5061781308733,1.5209593674857422,158.3167167472402,1.520930637037699,272.2120321122943,1.5203586813219154,123.36887745630206,245.15918665931534,124.38423056896492,1.4199526547949075,239.16226851927283,1.419211130049105,243.77956955842612,239.7067563533948,286.33639184620574,1.4192260310625742,1.4114175887530152,240.21986743158823,1.360988964543716,49.13996027724345,161.8499788060085,49.709497594782505,1.2600478180323074,178.4154338848525,163.55815236533175,178.19394097717094,229.77033303790893,1.2597323828894278,1.2516263947858945,160.49386827573275,1.2006544563613684,132.6273763618381,0.010137317557296936,0.0013975211010458233
149.20268785502705,269.9999999995588,36.29291690274229,599.9999587746969,1.6221412330550042,1219.5064062209972,1.6221950000003966,336.8655291086437,144.1335790969691,1.5723116033512352,932.2918149572088,932.6593838257716,1.5713149999999803,333.03785198097887,932.6593838257718,1.521445695452261,348.48612414734134,1.521289140374647,333.03785198097887,1.5207950001056207,189.0837816794807,317.6753180073879,189.08378167948115,1.426736034114847,274.5123992808234,1.425519768626152,317.6753180073879,274.5123992808234,311.31214524398047,1.4252757719923226,1.411445000028894,315.3740640011008,1.3613750157410318,70.55181032352672,241.61278045321765,70.55181032505283,1.2675718233765099,165.00011311535917,241.61278045321765,165.00011311535917,187.52137678123103,1.267096903864497,1.2516149962500085,240.60881516951218,1.2009150153418298,100.85393840135455,0.028337176968811606,0.012192290288050906,122.09753861847553,185.4888240178239,24.781030366232624,600.5639863446934,1.6220856399842978,1219.8367294273855,1.6221191498294867,276.56947885889866,116.49445193706735,1.5719774511159117,906.0468294961385,901.3226133342705,1.571312041440748,272.1520262865421,903.5061747913137,1.5209593674359148,158.3167167472402,1.5209306370871583,272.2120321122943,1.5203586813219154,123.36887745630206,245.1591849842594,124.38423056896492,1.4199526547949075,239.16226985770228,1.4192111298920136,243.77956872089814,239.7067563533948,286.33639409850883,1.4192260310110134,1.4114175887475082,240.2198665888653,1.3609889644467417,49.13996027724345,161.8499788060085,49.709497594782505,1.2600478180977106,178.41543202660998,163.55815186077277,178.19393973834258,229.7703336408546,1.2597323828894278,1.2516263948032043,160.49386827573275,1.200654456316084,132.62737784731058,0.010137317321164272,0.0013975210103574609
149.20268785490669,269.9999999995879,36.29291689939649,599.9999587746319,1.6221412330550522,1219.5064061731468,1.6221950000004424,336.86552910826117,144.13357909355426,1.572311603351276,932.2918149564046,932.6593838247909,1.5713150000000242,333.037851980603,932.6593838247904,1.5214456954515976,348.48612414551155,1.5212891403739837,333.037851980603,1.5207950001049584,189.0837818450467,317.6753192013704,189.08378184504676,1.4267360342307922,274.512399125503,1.425519768732486,317.6753192013704,274.512399125503,311.3121450531006,1.4252757720968834,1.4114450000332517,315.37406518883154,1.3613750156719904,70.55258145143,241.61265084088294,70.55258145295292,1.2675718126360587,165.00011291451716,241.61265084088294,165.00011291451716,187.52146732672418,1.267096893028412,1.251614996263772,240.6086820289923,1.2009150133587663,100.85410599249539,0.0283370996702977,0.01219224750457865,122.09753720947754,185.48881896634236,24.78103002535122,600.563986423692,1.6220856399787404,1219.8367294816546,1.6221191498184908,276.56947710302336,116.49445193706735,1.57197745111869,906.0468280077304,901.322609994711,1.571312041454949,272.152023849319,903.5061714517541,1.5209593673362598,158.31670790649474,1.5209306369387805,272.21203141594486,1.5203586811754186,123.36887745630206,245.1591849842594,124.38423056896492,1.4199526546252348,239.16227119613177,1.4192111298920136,243.77956872089814,239.7067576918243,286.33639409850883,1.4192260309594527,1.4114175887364948,240.21986321797368,1.3609889643982545,49.13996089456609,161.84997779689056,49.709497594782505,1.2600478178360979,178.4154332654383,163.55815085165483,178.19394097717094,229.77033303790893,1.25973238276154,1.2516263947916646,160.49386728148988,1.200654456202873,132.62737487636556,0.010137317321164272,0.0013975211917341926
149.2026878549047,269.99999999958925,36.292916896368936,599.9999587745734,1.6221412330550704,1219.5064061298947,1.6221950000004584,336.8655291080938,144.13357909043134,1.5723116033513043,932.2918149557462,932.6593838240028,1.571315000000054,333.03785198043784,932.6593838240028,1.5214456954512547,348.48612414429596,1.5212891403736408,333.03785198043784,1.5207950001046158,189.08378200667698,317.6753203962221,189.08378200667738,1.4267360343439832,274.5123989660742,1.4255197688360688,317.6753203962221,274.5123989660742,311.3121448571718,1.4252757721986935,1.4114450000348986,315.3740663774854,1.361375015623089,70.55335108777508,241.6125213216234,70.55335108929526,1.267571801896433,165.00011270521986,241.6125213216234,165.00011270521986,187.52155763159797,1.2670968821940178,1.2516149962816638,240.60854899186273,1.2009150115496174,100.85426623619395,0.028337025464476504,0.01219220660236295,122.09753830536486,185.4888240178239,24.781030707114027,600.563986423692,1.6220856399842978,1219.83672945452,1.622119149807495,276.56947815654854,116.49445193706735,1.5719774511214681,906.0468280077304,901.3226133342705,1.5713120414582264,272.1520262865421,903.5061747913137,1.5209593674608286,158.31671232686745,1.520930637037699,272.2120335049932,1.5203586813219154,123.36887745630206,245.15918665931534,124.38423056896492,1.4199526547383499,239.16226985770228,1.4192111299967411,243.77956872089814,239.7067563533948,286.33639184620574,1.4192260310110134,1.4114175887585219,240.2198657461424,1.3609889644952289,49.13996089456609,161.84997779689056,49.709497594782505,1.2600478179669041,178.4154332654383,163.55815211305227,178.19393849951422,229.77033243496322,1.2597323828894278,1.2516263947801247,160.49386728148988,1.200654456316084,132.62737339089307,0.010137317085031615,0.0013975212461472166
149.2026878549072,269.99999999958936,36.292916893631116,599.9999587745182,1.6221412330550888,1219.5064060907841,1.6221950000004743,336.8655291079485,144.13357908760474,1.5723116033513143,932.2918149551535,932.6593838232895,1.571315000000065,333.03785198029306,932.65938382329,1.5214456954510414,348.4861241432048,1.5212891403734274,333.03785198029306,1.5207950001044033,189.08378216443526,317.6753215914784,189.08378216443487,1.42673603445595,274.51239880273124,1.4255197689384356,317.6753215914784,274.51239880273124,311.3121446566562,1.4252757722992886,1.4114450000354162,315.3740675665855,1.361375015581284,70.55411923664573,241.6123919522155,70.55411923816385,1.2675717911639044,165.0001124933654,241.6123919522155,165.0001124933654,187.52164772194385,1.2670968713673023,1.2516149962999763,240.6084161136273,1.200915009892202,100.85441973230948,0.0283369540938398,0.012192167392191797,122.0975384619202,185.48881391486086,24.781029343588415,600.563986423692,1.622085639989855,1219.8367293731162,1.6221191498184908,276.5694774541984,116.49445193706735,1.5719774511214681,906.0468265193222,901.322609994711,1.5713120414473023,272.15202454566844,903.5061714517541,1.5209593673860873,158.31670790649474,1.5209306369882396,272.21203141594486,1.5203586812730832,123.36887745630206,245.1591849842594,124.38422998369006,1.4199526545686771,239.16227119613177,1.4192111299443773,243.7795670458422,239.7067576918243,286.33639409850883,1.4192260309336722,1.4114175887612752,240.21986321797368,1.3609889644952289,49.13996089456609,161.8499767877726,49.709497594782505,1.2600478178360979,178.4154314071958,163.55815211305227,178.19393880922132,229.77032942023476,1.2597323826336524,1.2516263947916646,160.49386728148988,1.2006544562481574,132.62737339089307,0.010137317085031615,0.0013975211917341926
149.20268785490856,269.99999999958936,36.29291689115638,599.9999587744676,1.622141233055105,1219.5064060554248,1.622195000000489,336.865529107818,144.1335790850512,1.5723116033513178,932.2918149546188,932.6593838226231,1.5713150000000693,333.0378519801643,932.6593838226236,1.5214456954508706,348.486124142196,1.5212891403732567,333.0378519801643,1.5207950001042327,189.0837823183975,317.67532278690805,189.08378231839825,1.4267360345673075,274.5123986356167,1.425519769040203,317.67532278690805,274.5123986356167,311.31214445180956,1.425275772399286,1.4114450000354435,315.37406875589636,1.361375015541011,70.55488590183668,241.6122627432076,70.55488590335086,1.2675717804396136,165.00011228143626,241.6122627432076,165.00011228143626,187.52173761709344,1.2670968605493371,1.2516149963172436,240.6082834039761,1.2009150083706512,100.85456703232282,0.028336885338507204,0.012192129715215855,122.0975379922542,185.4888240178239,24.78103002535122,600.5639863841926,1.6220856399842978,1219.8367293731162,1.622119149807495,276.569477980961,116.49445193706735,1.5719774511409152,906.0468265193222,901.322609994711,1.571312041462596,272.1520262865421,903.5061747913137,1.5209593674359148,158.31671232686745,1.5209306370871583,272.2120321122943,1.5203586813219154,123.36887804157692,245.15918665931534,124.38423056896492,1.4199526547383499,239.16226985770228,1.4192111299443773,243.77956872089814,239.7067576918243,286.33639409850883,1.4192260310625742,1.4114175887640286,240.2198665888653,1.3609889644952289,49.13996089456609,161.84997779689056,49.70949821210513,1.2600478179015009,178.41543202660998,163.55815211305227,178.19393849951422,229.77033002318046,1.2597323828254838,1.2516263948032043,160.49386827573275,1.2006544563613684,132.6273763618381,0.010137317085031615,0.001397521282422567
149.20268785490907,269.9999999995896,36.29291688891914,599.999958774422,1.6221412330551208,1219.5064060234577,1.6221950000005032,336.86552910769615,144.13357908274213,1.5723116033513185,932.2918149541334,932.6593838220364,1.5713150000000713,333.037851980043,932.6593838220363,1.5214456954507232,348.48612414129377,1.5212891403731095,333.037851980043,1.5207950001040857,189.08378246864072,317.6753239823708,189.08378246864083,1.4267360346783224,274.51239846485,1.425519769141639,317.6753239823708,274.51239846485,311.31214424281745,1.4252757724989542,1.411445000035262,315.37406994527396,1.3613750154998918,70.55565108696987,241.61213368545123,70.5556510884828,1.267571769722426,165.00011207048226,241.61213368545123,165.00011207048226,187.52182733180155,1.2670968497390096,1.2516149963328884,240.60815085315215,1.2009150069723973,100.8547086431067,0.028336818999104202,0.012192093434735055,122.09753893158619,185.48881391486086,24.781029684469818,600.563986423692,1.622085639973183,1219.8367294273855,1.622119149796499,276.5694800880114,116.49444602315396,1.57197745114925,906.0468280077304,901.322609994711,1.5713120414560415,272.1520273310663,903.5061714517541,1.5209593674359148,158.3167167472402,1.520930637037699,272.2120342013427,1.5203586813707477,123.36887745630206,245.15918833437127,124.3842311542398,1.4199526549080228,239.16226985770228,1.419211130049105,243.77956872089814,239.7067563533948,286.33639184620574,1.419226031165696,1.4114175887585219,240.21986743158823,1.3609889645922033,49.13996089456609,161.84997981512643,49.70949821210513,1.2600478180977106,178.41543202660998,163.55815236533175,178.1939394286355,229.77033002318046,1.2597323828894278,1.2516263947858945,160.49386926997565,1.2006544563840107,132.62737339089307,0.010137317321164272,0.0013975212461472166
149.20268785490924,269.9999999995897,36.29291688708943,599.999958774389,1.6221412330551335,1219.5064059973247,1.6221950000005139,336.8655291075978,144.13357908105544,1.5723116033513187,932.2918149537365,932.6593838215633,1.5713150000000717,333.0378519799448,932.6593838215632,1.521445695450606,348.48612414063604,1.5212891403729925,333.0378519799448,1.5207950001039692,189.08378261525053,317.67532493867634,189.08378261525087,1.4267360347669595,274.5123983256901,1.425519769222622,317.67532493867634,274.5123983256901,311.31214407275127,1.4252757725785243,1.4114450000350143,315.374070896735,1.3613750154612763,70.55641479553321,241.6120047610574,70.55641479704464,1.2675717590101403,165.00011190273577,241.6120047610574,165.00011190273577,187.52191687761388,1.2670968389341817,1.2516149963440781,240.60801844282352,1.2009150058104905,100.85484503045917,0.02833675489135965,0.012192058430879152,122.09753814880953,185.48881391486086,24.781029684469818,600.563986305194,1.62208564000097,1219.8367293459817,1.6221191498184908,276.56947868331116,116.49445193706735,1.5719774511436935,906.0468280077304,901.322609994711,1.5713120414538568,272.15202559019264,903.5061714517541,1.5209593674110011,158.3167167472402,1.520930637037699,272.21203280864376,1.5203586813219154,123.36887745630206,245.15918665931534,124.38423056896492,1.4199526546817924,239.16226985770228,1.4192111299967411,243.77956872089814,239.7067563533948,286.33639409850883,1.419226031036794,1.4114175887420015,240.2198657461424,1.3609889644952289,49.13996089456609,161.84997779689056,49.70949821210513,1.2600478179669041,178.41543202660998,163.55815286989073,178.1939391189284,229.77032942023476,1.25973238276154,1.2516263947916646,160.49386827573275,1.2006544562934418,132.62737487636556,0.010137317321164272,0.0013975213368355955
149.20268789480275,270.0000000311404,36.29290200497297,599.9999622466902,1.622141232767144,1219.5064575281917,1.6221949997024216,336.86552837480536,144.13357907694785,1.5723116032048403,932.291813063126,932.6593801336096,1.571314999859433,333.0378513065396,932.6593779086056,1.5214456952829059,348.4861186535578,1.5212891402062372,333.0378513065396,1.5207949999396377,189.08378270956797,317.6753258708716,189.08378267712803,1.4267360350961042,274.51239817374,1.4255197695421993,317.6753258708716,274.51239817374,311.312143955353,1.4252757728963275,1.4114450002507692,315.37407181340086,1.3613750164317795,70.55717221982164,241.6118550114586,70.55717222142516,1.2675717463229028,165.00011087172723,241.6118550114586,165.00011087172723,187.52201103519798,1.2670968262338533,1.2516149968399164,240.6078650790114,1.2009150053208675,100.85497633762247,0.028336687706723103,0.012192023065320247,122.09753893158619,185.48881391486086,24.781029343588415,600.5639863841926,1.62208564000097,1219.8367293188471,1.6221191498184908,276.56947815654854,116.49444898011066,1.5719774511270244,906.046825030914,901.322609994711,1.571312041451672,272.1520262865421,903.5061714517541,1.5209593673362598,158.31671232686745,1.5209306369882396,272.2120321122943,1.5203586812730832,123.36887745630206,245.15918665931534,124.38423056896492,1.4199526547383499,239.16226985770228,1.4192111299967411,243.77956872089814,239.7067563533948,286.33639409850883,1.419226031036794,1.4114175887475082,240.21986406069658,1.3609889644952289,49.13996027724345,161.84997779689056,49.709497594782505,1.2600478180323074,178.4154338848525,163.55815085165483,178.19393973834258,229.77033183201755,1.2597323826336524,1.251626394762815,160.4938677786113,1.2006544562481574,132.6273763618381,0.010137317557296936,0.0013975211373211697
149.20268784917198,269.99999994597243,36.29289873505917,599.9999596093253,1.6221412330060505,1219.5064179955032,1.622194999938967,336.8655280858389,144.13357590303661,1.5723116033425737,932.2918122205898,932.6593789754876,1.5713149999986764,333.0378510635645,932.6593767607694,1.5214456953959745,348.4861168296893,1.521289140319524,333.0378510635645,1.5207950000534467,189.08378266195123,317.6753261599713,189.08378262397144,1.426736034876047,274.51239806093645,1.4255197693193895,317.6753261599713,274.51239806093645,311.31214430054365,1.4252757726729763,1.41144499998811,315.3740720777509,1.3613750158559075,70.5579332097862,241.61173013545846,70.55793320621984,1.2675717359135068,165.00011124129085,241.61173013545846,165.00011124129085,187.52210133774085,1.267096815715608,1.251614996539037,240.607736670815,1.2009150035822351,100.85510322295406,0.02833662623840325,0.012191989376531246,122.09753877503086,185.48881391486086,24.78103002535122,600.5639863841926,1.622085639989855,1219.8367293731162,1.6221191498294867,276.56947727861086,116.49445193706735,1.5719774511214681,906.0468294961385,901.3226133342705,1.5713120414451176,272.1520262865421,903.5061747913137,1.5209593674110011,158.31671232686745,1.5209306369882396,272.21203141594486,1.5203586813219154,123.36887804157692,245.15918665931534,124.38423056896492,1.4199526547949075,239.16226985770228,1.419211130049105,243.77956955842612,239.7067563533948,286.33639409850883,1.4192260310625742,1.4114175887695355,240.2198649034195,1.360988964543716,49.13996089456609,161.8499788060085,49.70949821210513,1.2600478179669041,178.41543202660998,163.55815034709585,178.19394035775676,229.77033122907184,1.25973238276154,1.251626394774355,160.4938677786113,1.200654456316084,132.62737487636556,0.010137317321164272,0.0013975212098718672
149.2026878614589,269.99999998088765,36.2928985232333,599.9999593070754,1.6221412330836764,1219.5064144049402,1.6221950000164371,336.86552809590745,144.1335756601237,1.5723116033359505,932.2918121835689,932.6593789208068,1.571314999992095,333.0378510761757,932.6593767067618,1.5214456954381868,348.4861167874045,1.5212891403617377,333.0378510761757,1.520795000095668,189.08378264316852,317.675327052342,189.0837826052013,1.4267360349931408,274.5123978014201,1.4255197694288642,317.675327052342,274.5123978014201,311.31214421917684,1.4252757727810268,1.4114450000128587,315.3740729523054,1.3613750155695281,70.5586927075702,241.61160364545952,70.55869270400385,1.2675717254331391,165.00011114896841,241.61160364545952,165.00011114896841,187.52219076740084,1.2670968051356077,1.2516149964611643,240.60760669241245,1.2009150024805146,100.85522612498666,0.028336567936007206,0.012191957231833294,122.0975384619202,185.48881896634236,24.781029684469818,600.563986423692,1.6220856399842978,1219.8367294273855,1.622119149796499,276.5694790344862,116.49444602315396,1.5719774511325808,906.0468265193222,901.3226066551514,1.5713120414527644,272.1520259383674,903.5061714517541,1.5209593672864323,158.31671232686745,1.5209306369387805,272.21203141594486,1.5203586811754186,123.36887804157692,245.1591849842594,124.3842311542398,1.4199526547383499,239.16227119613177,1.4192111298920136,243.77956955842612,239.7067576918243,286.33639409850883,1.4192260308047702,1.4114175887392482,240.21986237525078,1.3609889644467417,49.13996151188872,161.84997779689056,49.70949821210513,1.2600478179015009,178.41543264602416,163.5581513562138,178.19394004804965,229.77032821434338,1.25973238276154,1.2516263948032043,160.49386728148988,1.200654456225515,132.6273763618381,0.010137317793429605,0.0013975211554588447
149.20268786089062,269.9999999859764,36.29289852340692,599.9999592887825,1.6221412330889164,1219.5064143254265,1.6221950000216805,336.8655280954592,144.13357565744866,1.5723116033338602,932.291812183474,932.6593789134686,1.5713149999900036,333.03785107951296,932.6593767000629,1.521445695436321,348.4861167731493,1.5212891403598645,333.03785107951296,1.5207950000937833,189.08378264716373,317.67532805022574,189.0837826092045,1.4267360350985339,274.51239753974653,1.425519769526268,317.67532805022574,274.51239753974653,311.31214403505066,1.4252757728769452,1.4114450000221967,315.37407393812276,1.3613750154101778,70.55945072485787,241.61147629436368,70.55945072129006,1.2675717148550192,165.00011099275386,241.61147629436368,165.00011099275386,187.52227989675612,1.2670967944629323,1.2516149964341785,240.60747586884384,1.2009150015030534,100.85534536041932,0.028336511549661353,0.012191926321195099,122.09753908814152,185.48881896634236,24.781029684469818,600.5639863841926,1.6220856399787404,1219.836729400251,1.6221191498184908,276.56947885889866,116.49445193706735,1.571977451135359,906.0468309845467,901.3226166738301,1.571312041440748,272.1520262865421,903.5061747913137,1.5209593674359148,158.3167167472402,1.5209306370129694,272.2120321122943,1.5203586812730832,123.36887745630206,245.15918582178736,124.3842311542398,1.4199526547949075,239.16226985770228,1.4192111299967411,243.77957123348205,239.7067563533948,286.33639184620574,1.4192260310110134,1.4114175887585219,240.2198665888653,1.3609889644952289,49.13996151188872,161.84997981512643,49.709497594782505,1.2600478180323074,178.41543264602416,163.5581516084933,178.19393973834258,229.77033303790893,1.2597323829533715,1.251626394762815,160.49386926997565,1.200654456316084,132.62737487636556,0.010137317321164272,0.0013975212642848916
149.20268786095485,269.9999999865561,36.29289853580059,599.99995928666,1.6221412330888358,1219.5064145161145,1.6221950000216094,336.8655280961941,144.13357567075937,1.5723116033351354,932.2918121863594,932.659378926884,1.571314999991279,333.03785107647934,932.6593767132805,1.5214456954478077,348.486116785558,1.5212891403713678,333.03785107647934,1.5207950001053123,189.08378266577895,317.6753291655771,189.08378262781972,1.4267360352134155,274.51239726168933,1.4255197696324196,317.6753291655771,274.51239726168933,311.31214376751996,1.4252757729814776,1.4114450000314216,315.374075045063,1.3613750153139752,70.56020726848006,241.61134858711858,70.56020726490993,1.2675717042321235,165.0001108075494,241.61134858711858,165.0001108075494,187.5223687757791,1.2670967837482288,1.251614996425504,240.60734470107408,1.2009150006419258,100.8554612260522,0.028336456663334703,0.012191896426293803,122.0975384619202,185.4888240178239,24.781029343588415,600.5639863841926,1.622085639989855,1219.8367293731162,1.622119149807495,276.56947868331116,116.49444898011066,1.5719774511381372,906.0468280077304,901.322609994711,1.5713120414538568,272.1520262865421,903.5061714517541,1.5209593674110011,158.3167167472402,1.5209306371118878,272.2120321122943,1.5203586812730832,123.36887804157692,245.15918665931534,124.3842311542398,1.4199526546252348,239.16226985770228,1.4192111299967411,243.77956872089814,239.7067563533948,286.33639409850883,1.419226031114135,1.4114175887254812,240.2198649034195,1.3609889644467417,49.13996151188872,161.84997931056748,49.70949821210513,1.2600478180323074,178.4154314071958,163.55815186077277,178.19394097717094,229.77033122907184,1.2597323828254838,1.2516263948032043,160.4938677786113,1.2006544563387263,132.6273763618381,0.010137317321164272,0.001397521282422567
149.20268785949455,269.99999998603437,36.292898547653515,599.9999592881708,1.622141233090032,1219.506414688865,1.6221950000228136,336.86552809427775,144.13357568331168,1.5723116033352595,932.2918121886039,932.6593789022214,1.5713149999913663,333.03785107513505,932.6593766888111,1.5214456954424178,348.48611676594726,1.521289140365975,333.03785107513505,1.5207950000999202,189.08378269145624,317.6753302359683,189.0837826534967,1.426736035302326,274.51239700350527,1.4255197697129702,317.6753302359683,274.51239700350527,311.31214348497457,1.4252757730604788,1.41144500003056,315.37407610901727,1.361375015218039,70.5609623443421,241.6112206156637,70.56096234076861,1.2675716935508503,165.00011062497992,241.6112206156637,165.00011062497992,187.52245747002792,1.2670967729773763,1.2516149964170373,240.60721327879168,1.2009149998422037,100.8555739963113,0.028336403100182754,0.0121918673935964,122.09753830536486,185.48881896634236,24.781029343588415,600.5639863841926,1.6220856399954127,1219.8367293731162,1.6221191498184908,276.5694783321361,116.49444898011066,1.5719774511270244,906.0468294961385,901.322609994711,1.5713120414494872,272.15202559019264,903.5061714517541,1.5209593673611734,158.31672116761294,1.5209306368893212,272.2120321122943,1.5203586812242509,123.36887745630206,245.1591874968433,124.38423056896492,1.4199526547949075,239.16226985770228,1.419211130049105,243.77957039595407,239.7067563533948,286.33639184620574,1.4192260310625742,1.4114175887420015,240.21986743158823,1.3609889644467417,49.13996089456609,161.8499788060085,49.709497594782505,1.2600478180977106,178.41543264602416,163.55815211305227,178.19393880922132,229.77033122907184,1.25973238276154,1.2516263947685848,160.49386827573275,1.2006544562707995,132.62737487636556,0.010137317085031615,0.0013975212280095417
149.20268786158746,269.9999999866528,36.29289855894267,599.9999592882668,1.6221412330883735,1219.5064148302363,1.6221950000211627,336.86552809840236,144.13357569329332,1.572311603334168,932.2918121911189,932.6593789314701,1.5713149999902791,333.037851084011,932.6593767181255,1.5214456954494282,348.48611680703004,1.5212891403729696,333.037851084011,1.5207950001068813,189.0837827212219,317.67533143946156,189.08378268326499,1.4267360354078664,274.51239671284713,1.42551976980923,317.67533143946156,274.51239671284713,311.3121431727386,1.42527577315502,1.4114450000341296,315.37407730580446,1.3613750151417185,70.56171595693742,241.61109255962793,70.56171595336191,1.2675716828535828,165.0001104329478,241.61109255962793,165.0001104329478,187.52254596786818,1.2670967621920166,1.2516149964154097,240.60708178120228,1.2009149991203354,100.85568392413046,0.028336350748252,0.01219183911112965,122.09753814880953,185.48881896634236,24.781029343588415,600.5639863841926,1.62208564000097,1219.8367293731162,1.6221191498239886,276.5694764006732,116.49444602315396,1.5719774511381372,906.0468265193222,901.322609994711,1.5713120414582264,272.1520252420179,903.5061714517541,1.5209593673611734,158.31671232686745,1.5209306369387805,272.21203280864376,1.5203586812730832,123.36887745630206,245.15918582178736,124.38422998369006,1.4199526546817924,239.16226985770228,1.4192111298920136,243.7795670458422,239.7067563533948,286.33639184620574,1.4192260309852331,1.4114175887640286,240.2198657461424,1.3609889644952289,49.139960585904774,161.8499788060085,49.709497594782505,1.2600478177706946,178.41542954895328,163.55815211305227,178.19393973834258,229.77033002318046,1.2597323826975964,1.2516263947974344,160.4938677786113,1.2006544562934418,132.62737339089307,0.0101373174392306,0.0013975211735965185
149.20268786005434,269.9999999863517,36.29289856925319,599.9999592887998,1.622141233089277,1219.5064149776808,1.6221950000220744,336.8655280962581,144.13357570482924,1.5723116033355415,932.2918121933769,932.6593789265289,1.5713149999916385,333.03785107757056,932.6593767120589,1.521445695451047,348.4861167914353,1.521289140374595,333.03785107757056,1.5207950001085186,189.08378275306788,317.67533264713046,189.08378271509113,1.426736035526463,274.51239642353073,1.4255197699185223,317.67533264713046,274.51239642353073,311.3121428377078,1.42527577326259,1.4114450000352043,315.37407850778607,1.3613750150800343,70.56246811037552,241.61096438501704,70.56246810679475,1.2675716721405799,165.000110234651,241.61096438501704,165.000110234651,187.5226342939455,1.2670967513925118,1.251614996411949,240.6069501724794,1.2009149984665406,100.85579124238934,0.028336299521156155,0.012191811492772155,122.09753814880953,185.48881896634236,24.781029343588415,600.5639863841926,1.622085639989855,1219.8367293731162,1.6221191498184908,276.569477980961,116.49445193706735,1.5719774511270244,906.0468280077304,901.322609994711,1.5713120414462098,272.1520259383674,903.5061714517541,1.5209593673860873,158.31671232686745,1.5209306369387805,272.2120335049932,1.5203586812242509,123.36887804157692,245.15918665931534,124.3842311542398,1.4199526547383499,239.16226985770228,1.4192111299443773,243.77956872089814,239.7067576918243,286.33639409850883,1.4192260310110134,1.4114175887420015,240.2198657461424,1.3609889644952289,49.13996089456609,161.8499788060085,49.70949821210513,1.2600478179015009,178.41543078778162,163.5581511039343,178.19393602185752,229.77032942023476,1.25973238276154,1.251626394774355,160.4938687728542,1.2006544562707995,132.62737339089307,0.010137317321164272,0.0013975212280095417
149.20268786050133,269.9999999863836,36.29289857477694,599.9999592878912,1.6221412330890712,1219.5064150949192,1.6221950000218734,336.8655280975387,144.13357571334717,1.5723116033347093,932.2918121952574,932.6593789338751,1.5713149999908365,333.0378510817376,932.6593767203889,1.5214456954501574,348.4861168015223,1.5212891403737032,333.0378510817376,1.5207950001076216,189.08378278546223,317.67533387566357,189.08378274749964,1.4267360356401726,274.51239612916265,1.4255197700225235,317.67533387566357,274.51239612916265,311.3121425044511,1.425275773364779,1.411445000034123,315.3740797296087,1.361375015009918,70.56321880845272,241.61083608352288,70.56321880487056,1.2675716613923915,165.00011004052112,241.61083608352288,165.00011004052112,187.5227224712009,1.2670967405594231,1.2516149964062866,240.6068184441204,1.2009149978566311,100.85589616526948,0.028336249338852905,0.01219178447135375,122.09753783569887,185.4888240178239,24.78103002535122,600.5639863446934,1.6220856399954127,1219.8367293188471,1.6221191498404826,276.5694769274358,116.49445193706735,1.5719774511103555,906.0468309845467,901.322609994711,1.571312041440748,272.15202419749374,903.5061747913137,1.5209593673860873,158.3167167472402,1.5209306369882396,272.21203141594486,1.5203586811754186,123.36887804157692,245.15918665931534,124.38423056896492,1.4199526547383499,239.16226985770228,1.419211130049105,243.77956955842612,239.7067576918243,286.33639184620574,1.4192260309336722,1.4114175887364948,240.2198657461424,1.3609889644952289,49.13996089456609,161.84997779689056,49.70949821210513,1.2600478179015009,178.41543078778162,163.5581513562138,178.19394035775676,229.77033243496322,1.2597323826336524,1.251626394774355,160.49386827573275,1.2006544562707995,132.6273763618381,0.010137317321164272,0.0013975212098718672
149.20268785999264,269.99999998630346,36.29289858500374,599.999959288855,1.6221412330892375,1219.5064152261143,1.6221950000220473,336.86552809731717,144.133575722096,1.5723116033360558,932.2918121967894,932.659378938713,1.5713149999922313,333.03785108155705,932.659376725243,1.521445695456325,348.48611679935,1.5212891403798747,333.03785108155705,1.5207950001137984,189.08378281771013,317.6753350497944,189.0837827797435,1.426736035737151,274.5123958492818,1.4255197701110358,317.6753350497944,274.5123958492818,311.3121421769682,1.4252757734517396,1.411445000037932,315.37408089910605,1.3613750149292587,70.56396805472009,241.61070762521896,70.56396805113545,1.2675716506048889,165.00010985299897,241.61070762521896,165.00010985299897,187.52281051104654,1.2670967296887254,1.2516149964022079,240.60668656709794,1.2009149972869828,100.85599888975003,0.02833620012615,0.012191757991390752,122.09753814880953,185.48881391486086,24.78102900270701,600.5639863446934,1.6220856399954127,1219.8367292917126,1.6221191498294867,276.5694783321361,116.49445193706735,1.5719774511325808,906.0468265193222,901.322609994711,1.5713120414538568,272.15202559019264,903.5061714517541,1.5209593674110011,158.31671232686745,1.520930637037699,272.21203280864376,1.5203586812242509,123.36887745630206,245.15918665931534,124.3842311542398,1.4199526547383499,239.16226985770228,1.419211130049105,243.77956955842612,239.7067563533948,286.33639184620574,1.4192260310110134,1.4114175887585219,240.21986743158823,1.3609889644467417,49.13996089456609,161.84997931056748,49.70949821210513,1.2600478179015009,178.4154314071958,163.55815236533175,178.19393633156463,229.77032942023476,1.25973238276154,1.2516263947916646,160.49386926997565,1.2006544562707995,132.62737487636556,0.010137317557296936,0.0013975211191834965
149.2026878631907,269.9999999875534,36.292910375157646,599.9999567053678,1.6221412331844838,1219.5063780447892,1.6221950001224799,336.86552852218244,144.13357572692885,1.5723116033292825,932.2918135275957,932.6593809509604,1.5713149999853433,333.03785147702763,932.6593801278357,1.5214456954891147,348.4861201676739,1.5212891404120537,333.03785147702763,1.520795000144535,189.08378287631808,317.6753363464313,189.0837828638339,1.4267360363420782,274.5123955675057,1.4255197707011091,317.6753363464313,274.5123955675057,311.3121416352924,1.425275774039081,1.411445000470742,315.37408222649395,1.3613750148899024,70.56471112433127,241.61052916369226,70.56471112427111,1.2675716371047865,165.00010971915862,241.61052916369226,165.00010971915862,187.52291411778089,1.2670967161710154,1.251614996398934,240.60650353073058,1.2009149969729211,100.85609955148908,0.028336150243110297,0.01219173168485845,122.09753893158619,185.48881896634236,24.781029343588415,600.563986423692,1.6220856399842978,1219.8367293459817,1.6221191498184908,276.5694774541984,116.49445193706735,1.5719774511214681,906.0468309845467,901.3226133342705,1.571312041440748,272.15202559019264,903.5061747913137,1.5209593674359148,158.31671232686745,1.520930637037699,272.2120321122943,1.5203586812730832,123.36887745630206,245.15918665931534,124.3842311542398,1.4199526547949075,239.16226985770228,1.4192111299967411,243.77957039595407,239.7067576918243,286.33639409850883,1.419226031036794,1.4114175887585219,240.21986406069658,1.360988964543716,49.13996120322741,161.8499788060085,49.70949821210513,1.2600478179015009,178.41543016836746,163.5581516084933,178.19393726068589,229.77033062612617,1.25973238276154,1.2516263947858945,160.49386827573275,1.200654456316084,132.62737339089307,0.010137317557296936,0.0013975211917341926
149.20268784467845,270.00000002116485,36.29291446462716,599.9999577779972,1.62214123318024,1219.5063928489963,1.622195000125072,336.8655290429127,144.1335778842332,1.5723116033584237,932.2918145288636,932.6593828872581,1.571315000007401,333.0378519294553,932.6593828089547,1.5214456954131326,348.4861229871575,1.521289140335699,333.0378519294553,1.520795000067144,189.08378305104625,317.6753388315085,189.08378305104608,1.4267360360966905,274.5123950944676,1.4255197704423015,317.6753388315085,274.5123950944676,311.31214090505904,1.425275773778236,1.4114450000860073,315.37408468474996,1.361375015384168,70.56545709170057,241.61042837325402,70.56545709338246,1.2675716265640222,165.0001090637443,241.61042837325402,165.0001090637443,187.5229923237127,1.2670967055677083,1.2516149966218482,240.6064002479767,1.2009149964390944,100.85619804326299,0.028336098286949604,0.012191704480520196,122.0975379922542,185.48881391486086,24.781029684469818,600.5639863841926,1.6220856399954127,1219.836729400251,1.6221191498184908,276.5694778053735,116.49444602315396,1.5719774511436935,906.0468265193222,901.322609994711,1.5713120414473023,272.1520262865421,903.5061714517541,1.5209593674359148,158.3167167472402,1.5209306369882396,272.21203280864376,1.5203586812730832,123.36887745630206,245.15918665931534,124.38423056896492,1.4199526547949075,239.16226985770228,1.4192111299443773,243.77956872089814,239.7067576918243,286.33639409850883,1.4192260309336722,1.4114175887640286,240.2198657461424,1.3609889644952289,49.13996089456609,161.8499783014495,49.70949821210513,1.2600478179669041,178.4154314071958,163.55815236533175,178.19393788010007,229.77033062612617,1.2597323828254838,1.2516263947801247,160.4938687728542,1.200654456316084,132.62737487636556,0.0101373174392306,0.0013975212098718672
149.20268785513258,270.0000000117501,36.292916826758315,599.9999585640649,1.6221412331057419,1219.506404618221,1.6221950000510381,336.86552910692444,144.13357899303088,1.5723116033540225,932.2918149379411,932.6593837994114,1.5713150000027527,333.03785197994273,932.6593837994117,1.5214456954580702,348.486124114737,1.521289140380465,333.03785197994273,1.5207950001114643,189.08378324253488,317.675340298842,189.08378324253513,1.4267360361534385,274.5123948857741,1.4255197704901228,317.675340298842,274.5123948857741,311.3121403336663,1.425275773823996,1.4114450000059822,315.3740861670682,1.361375015203728,70.56620206473221,241.61030425886088,70.5662020664148,1.2675716164352706,165.00010905960778,241.61030425886088,165.00010905960778,187.52308042162656,1.2670966953403118,1.2516149965460053,240.6062727540856,1.200914996022141,100.8562948833424,0.028336050756093394,0.012191678416888452,122.0975384619202,185.48881896634236,24.781029684469818,600.5639863446934,1.62208564000097,1219.8367293188471,1.6221191498184908,276.5694795612488,116.49444898011066,1.5719774511381372,906.0468280077304,901.322609994711,1.5713120414691504,272.1520262865421,903.5061747913137,1.5209593674857422,158.31671232686745,1.5209306370871583,272.2120342013427,1.5203586813707477,123.36887745630206,245.15918665931534,124.38422998369006,1.4199526547383499,239.16226985770228,1.4192111299967411,243.77956955842612,239.7067563533948,286.33639409850883,1.419226031114135,1.4114175887777956,240.21986406069658,1.3609889644952289,49.13996089456609,161.84997931056748,49.70949821210513,1.2600478180323074,178.4154314071958,163.55815286989073,178.1939366412717,229.77033062612617,1.25973238276154,1.2516263947974344,160.4938687728542,1.2006544563840107,132.62737487636556,0.010137317321164272,0.0013975213005602424
149.20268785552787,270.0000000032072,36.29291697692651,599.999958761906,1.6221412330578222,1219.5064070405317,1.6221950000032321,336.8655291133174,144.13357915838856,1.572311603351394,932.2918149719674,932.6593838443366,1.5713150000001037,333.0378519853925,932.6593838443365,1.5214456954646536,348.48612417710564,1.5212891403870348,333.0378519853925,1.5207950001179968,189.0837834111478,317.67534174626223,189.0837834111481,1.4267360362715615,274.512394668777,1.425519770596171,317.67534174626223,274.512394668777,311.31213990965125,1.4252757739278255,1.4114450000151066,315.37408761761867,1.3613750148996804,70.56694578916051,241.6101775175818,70.56694579084123,1.2675716057884203,165.00010900056998,241.6101775175818,165.00010900056998,187.52316833786318,1.2670966846072425,1.2516149964634884,240.6061425941652,1.2009149954959228,100.85639022564315,0.028336005336399944,0.012191653222170803,122.09753814880953,185.48881391486086,24.78102900270701,600.563986423692,1.6220856399954127,1219.8367293459817,1.622119149807495,276.569477980961,116.49444898011066,1.5719774511159117,906.046825030914,901.322609994711,1.5713120414505795,272.1520252420179,903.5061714517541,1.5209593673860873,158.31670790649474,1.5209306369882396,272.21203280864376,1.5203586812730832,123.36887745630206,245.15918665931534,124.38423056896492,1.4199526547383499,239.16226985770228,1.4192111298396497,243.7795678833702,239.7067576918243,286.33639409850883,1.4192260309594527,1.4114175887392482,240.2198657461424,1.3609889644952289,49.13996089456609,161.84997779689056,49.70949821210513,1.2600478179669041,178.4154314071958,163.55815186077277,178.19393602185752,229.77033183201755,1.25973238276154,1.2516263947858945,160.49386827573275,1.2006544562481574,132.6273763618381,0.010137316966965284,0.0013975211917341926
149.2026878550583,270.0000000002225,36.29291697793742,599.9999587749887,1.6221412330542644,1219.50640707832,1.6221949999996745,336.8655291123698,144.1335791601399,1.5723116033506581,932.2918149714822,932.6593838440494,1.5713149999993745,333.03785198436435,932.6593838440498,1.5214456954585214,348.48612417470895,1.5212891403809032,333.03785198436435,1.5207950001118666,189.08378355880126,317.67534308458596,189.08378355880262,1.4267360363985828,274.5123944585496,1.4255197707128662,317.67534308458596,274.5123944585496,311.3121395715368,1.425275774042619,1.4114450000239764,315.37408895476085,1.3613750147177721,70.56768806479282,241.61004972208445,70.56768806647,1.267571595009676,165.0001088598799,241.61004972208445,165.0001088598799,187.52325592692617,1.2670966737480613,1.2516149964208578,240.606011397688,1.2009149950630373,100.85648418746868,0.028335960868191144,0.012191628663434846,122.09753877503086,185.48881896634236,24.78103002535122,600.563986305194,1.62208564000097,1219.8367293731162,1.6221191498184908,276.5694785077236,116.49445193706735,1.5719774511325808,906.0468309845467,901.3226166738301,1.5713120414473023,272.1520262865421,903.5061747913137,1.5209593674608286,158.3167167472402,1.5209306370129694,272.21203280864376,1.5203586812730832,123.36887745630206,245.15918833437127,124.3842311542398,1.4199526547949075,239.16226985770228,1.4192111299967411,243.77956872089814,239.7067563533948,286.33639184620574,1.4192260310883547,1.4114175887640286,240.2198657461424,1.3609889644952289,49.13996089456609,161.84997981512643,49.709497594782505,1.2600478179015009,178.4154314071958,163.55815186077277,178.19393973834258,229.77032821434338,1.2597323828894278,1.2516263947974344,160.49386926997565,1.2006544563613684,132.62737487636556,0.010137317557296936,0.001397521282422567
149.20268785492692,270.0000000000099,36.2929169695602,599.9999587755898,1.6221412330541,1219.5064069601572,1.622194999999504,336.8655291116752,144.1335791515648,1.5723116033508533,932.2918149695474,932.6593838417168,1.5713149999995755,333.0378519836753,932.6593838417166,1.5214456954540987,348.48612417074025,1.5212891403764808,333.0378519836753,1.5207950001074457,189.08378369275368,317.6753443572105,189.08378369275394,1.4267360365162571,274.512394251895,1.4255197708206109,317.6753443572105,274.512394251895,311.3121392768379,1.4252757741485325,1.4114450000273187,315.37409022404995,1.3613750145886585,70.56842889596123,241.60992131220266,70.56842889763601,1.2675715841468507,165.00010869534302,241.60992131220266,165.00010869534302,187.52334326404207,1.2670966628085174,1.2516149963950172,240.6058796001887,1.2009149946906215,100.85657687893044,0.028335916974523905,0.012191604598425703,122.0975379922542,185.48881896634236,24.781029343588415,600.5639863841926,1.6220856399842978,1219.8367293731162,1.6221191498184908,276.5694774541984,116.49444898011066,1.5719774511464717,906.0468280077304,901.322609994711,1.5713120414724275,272.1520252420179,903.5061714517541,1.5209593674359148,158.31671232686745,1.52093063696351,272.21203141594486,1.5203586813219154,123.36887745630206,245.1591874968433,124.38423056896492,1.4199526546817924,239.16226985770228,1.4192111299443773,243.77956872089814,239.7067563533948,286.33639184620574,1.4192260310110134,1.4114175887640286,240.2198649034195,1.360988964543716,49.13996089456609,161.84997779689056,49.70949821210513,1.2600478178360979,178.41542954895328,163.5581516084933,178.19393540244337,229.77032942023476,1.2597323826975964,1.2516263947858945,160.4938677786113,1.2006544562934418,132.62737487636556,0.010137317321164272,0.0013975213549732718
149.2026878549316,269.99999999999625,36.292916961338065,599.9999587754894,1.6221412330541294,1219.50640684279,1.622194999999527,336.865529111236,144.13357914308085,1.5723116033510185,932.2918149677661,932.659383839559,1.571314999999744,333.0378519832406,932.6593838395589,1.5214456954514546,348.48612416744425,1.521289140373837,333.0378519832406,1.520795000104803,189.08378381767454,317.675345590653,189.0837838176738,1.4267360366292459,274.5123940466633,1.4255197709239198,317.675345590653,274.5123940466633,311.3121390042212,1.4252757742500555,1.411445000028468,315.37409145307953,1.3613750144815644,70.56916828647977,241.60979247059757,70.56916828815193,1.2675715732189183,165.00010852134392,241.60979247059757,165.00010852134392,187.52343038680164,1.2670966518067286,1.251614996375412,240.60574738223312,1.2009149943585946,100.85666840275584,0.02833587353199615,0.012191580933715055,122.09753908814152,185.48881896634236,24.78102866182561,600.563986423692,1.622085639989855,1219.8367293731162,1.622119149807495,276.5694790344862,116.49444602315396,1.5719774511381372,906.0468280077304,901.322609994711,1.5713120414658732,272.15202559019264,903.5061714517541,1.5209593674608286,158.3167167472402,1.5209306370871583,272.2120342013427,1.5203586813219154,123.36887804157692,245.1591874968433,124.3842311542398,1.4199526547949075,239.16226985770228,1.4192111299967411,243.77956872089814,239.7067563533948,286.33639409850883,1.4192260310625742,1.4114175887585219,240.21986827431112,1.3609889644952289,49.13996120322741,161.84997981512643,49.70949821210513,1.2600478180323074,178.41543078778162,163.55815286989073,178.19393788010007,229.77032942023476,1.2597323828894278,1.2516263947974344,160.49386926997565,1.2006544563613684,132.62737487636556,0.0101373174392306,0.0013975212280095417
149.20268785494335,269.99999999999545,36.29291695385891,599.9999587753418,1.6221412330541756,1219.5064067359435,1.6221949999995675,336.8655291108497,144.13357913535975,1.5723116033511166,932.2918149661507,932.6593838375936,1.5713149999998457,333.03785198285715,932.6593838375936,1.521445695449918,348.48612416446474,1.5212891403723008,333.03785198285715,1.5207950001032677,189.0837839362738,317.6753468013379,189.08378393627447,1.4267360367399236,274.5123938412253,1.425519771025069,317.6753468013379,274.5123938412253,311.3121387425517,1.4252757743494455,1.4114450000288339,315.3740926587817,1.3613750143839178,70.56990624001,241.60966327430427,70.5699062416802,1.267571562234812,165.00010834361134,241.60966327430427,165.00010834361134,187.52351732161782,1.2670966407512676,1.2516149963583665,240.60561481947917,1.2009149940559536,100.85675885407338,0.02833583049554165,0.012191557604640394,122.09753830536486,185.48881896634236,24.781029343588415,600.5639863841926,1.6220856399954127,1219.8367293731162,1.6221191498129928,276.5694790344862,116.49445193706735,1.5719774511270244,906.0468280077304,901.322609994711,1.571312041451672,272.1520262865421,903.5061714517541,1.5209593674110011,158.31671232686745,1.5209306369387805,272.21203280864376,1.5203586812730832,123.36887804157692,245.15918833437127,124.3842311542398,1.4199526546817924,239.16226985770228,1.4192111299443773,243.77957039595407,239.7067563533948,286.33639409850883,1.419226031036794,1.4114175887420015,240.21986743158823,1.3609889644952289,49.13996120322741,161.84997981512643,49.70949821210513,1.2600478179669041,178.41543016836746,163.55815236533175,178.19393540244337,229.77032881728908,1.25973238276154,1.251626394774355,160.4938687728542,1.2006544562481574,132.62737339089307,0.01013731720309794,0.0013975212461472166
