burner_inputP,fur_F,fur_inputT,fur_inputP,fur_temp,fur_outputT,WHB_F,WHB_inputT,WHB_inputP,WHB_outputT,WHB_outputP,SEP1_F,SEP1_T,HEATER1_F,HEATER1_input_T,HEATER1_input_P,HEATER1_output_P,cat1_F,cat1_input_temp,cat1_output_temp,cat1_input_P,cat1_deltaP,SEP2_F,SEP2_T,HEATER2_F,HEATER2_input_T,HEATER2_input_P,HEATER2_output_P,cat2_F,cat2_input_temp,cat2_output_temp,cat2_input_P,cat2_deltaP,SEP3_F,SEP3_T,B35_H2S,B35_SO2,burner_inputP_pred,fur_F_pred,fur_inputT_pred,fur_inputP_pred,fur_temp_pred,fur_outputT_pred,WHB_F_pred,WHB_inputT_pred,WHB_inputP_pred,WHB_outputT_pred,WHB_outputP_pred,SEP1_F_pred,SEP1_T_pred,HEATER1_F_pred,HEATER1_input_T_pred,HEATER1_input_P_pred,HEATER1_output_P_pred,cat1_F_pred,cat1_input_temp_pred,cat1_output_temp_pred,cat1_input_P_pred,cat1_deltaP_pred,SEP2_F_pred,SEP2_T_pred,HEATER2_F_pred,HEATER2_input_T_pred,HEATER2_input_P_pred,HEATER2_output_P_pred,cat2_F_pred,cat2_input_temp_pred,cat2_output_temp_pred,cat2_input_P_pred,cat2_deltaP_pred,SEP3_F_pred,SEP3_T_pred,B35_H2S_pred,B35_SO2_pred
1.622168383,276.2319733,135.5788464,1.571980399,923.2876913,922.5406806,273.1139313,922.5406806,1.521297889,194.8069316,1.521193381,273.1139313,113.99790999999999,251.88175195000002,113.99790999999999,1.420144388,1.419502151,251.88175195000002,223.9726645,262.72533899999996,1.419362581,7.9175807975,250.00060105,42.813939735000005,163.77619665,42.813939735000005,1.261302711,1.419502151,163.77619665,229.9945149,287.09773315,1.261054855,9.4398548825,161.9858261,160.712112,0.011807020999999996,0.0020087380000000004,1.6221652281967822,276.2427062450386,135.58304043071678,1.5719779376975278,923.4914689135636,922.7171092317922,273.1236406004094,922.9542849151608,1.5212847423263178,195.27378228691617,1.5211803433680917,273.0136965953246,114.25060279642545,252.09326702182688,114.22541511454767,1.4201518132640856,1.4195097280427535,252.02907469103923,224.11049138109146,262.9973825169135,1.4193701336866724,7.9283312372483605,250.18728174987768,42.74008502441045,163.776553240133,42.7307788723505,1.2612767548282193,1.4195093866041515,163.72073968323937,227.62151747143542,285.0036807681425,1.2610213223295734,9.403432469034797,161.91481709321363,133.50196018062363,0.011638155098291983,0.002048109468877051
1.622168383,276.2319733,135.5788464,1.571980399,923.2876913,922.5406806,273.1139313,922.5406806,1.521297889,194.8069316,1.521193381,273.1139313,113.9979079,251.8817528,113.9979079,1.420144388,1.419502151,251.8817528,223.9726621,262.7253354,1.419362581,7.9175807915,250.00060194999998,42.813939425,163.7761971,42.813939425,1.261302711,1.419502151,163.7761971,229.99451405000002,287.0977336,1.261054855,9.4398549385,161.9858265,160.7121184,0.011807020999999996,0.0020087380000000004,1.6221652279689278,276.24271361971506,135.58306630408788,1.5719779374919431,923.4914897512781,922.7171359482686,273.1236512197387,922.954311631638,1.5212847424259728,195.27383975176173,1.5211803435659288,273.0137049515181,114.25062708533267,252.0932552964354,114.22543676971777,1.4201518132358069,1.4195097284616645,252.02906045306383,224.11051346517783,262.9974312229678,1.4193701338155744,7.928331192895112,250.18726447405808,42.74023410782628,163.77661958963813,42.730927184111884,1.2612767599950714,1.419509386761243,163.72080578046499,227.621651264897,285.00370970953566,1.2610213278926845,9.403436980795547,161.9148901700658,133.50172250502345,0.011638185460667711,0.002048106598097688
1.622168383,276.2319733,135.5788464,1.571980399,923.2876913,922.5406806,273.1139313,922.5406806,1.521297889,194.8069316,1.521193381,273.1139313,113.9979059,251.88175365,113.9979059,1.420144388,1.419502151,251.88175365,223.97265975,262.7253319,1.419362581,7.9175807845,250.00060285,42.813939115,163.7761975,42.813939115,1.261302711,1.419502151,163.7761975,229.99451325,287.09773405,1.261054855,9.439854993,161.9858269,160.71212459999998,0.011807020999999996,0.0020087380000000004,1.622165227752188,276.24272485731717,135.58309217745898,1.571977937425267,923.4915120774007,922.7171609949653,273.12366497264054,922.9543375132253,1.5212847425754554,195.27389942679366,1.5211803436895768,273.01371470041056,114.25065108160244,252.09324733991974,114.22545666906328,1.4201518134054796,1.4195097288282117,252.0290520777842,224.11053153397577,262.99747542441594,1.4193701340991587,7.928331459014603,250.18725056913013,42.740379178645,163.77668644370223,42.73107148327618,1.2612767657505521,1.4195093870492443,163.72087137313164,227.62179992429873,285.0037482980599,1.2610213337115712,9.403441663888986,161.91496349547867,133.50149374225828,0.011638217178591221,0.0020481035146724855
1.622168383,276.2319733,135.5788464,1.571980399,923.2876913,922.5406806,273.1139313,922.5406806,1.521297889,194.8069316,1.521193381,273.1139313,113.99790390000001,251.88175445000002,113.99790390000001,1.420144388,1.419502151,251.88175445000002,223.9726575,262.72532845,1.419362581,7.9175807785,250.0006037,42.813938815,163.77619794999998,42.813938815,1.261302711,1.419502151,163.77619794999998,229.99451245,287.09773444999996,1.261054855,9.4398550455,161.98582725,160.71213060000002,0.011807020999999996,0.0020087380000000004,1.6221652275354486,276.24273363669386,135.58311805083008,1.5719779373085838,923.4915314267068,922.7171877114417,273.1236771587561,922.9543633948125,1.5212847426751104,195.27395689163922,1.5211803437637657,273.013724449303,114.25067507787222,252.0932391740221,114.2254777389585,1.4201518134054796,1.4195097293518504,252.02904077115667,224.1105509412032,262.9975182181746,1.419370134305402,7.9283315477211005,250.18723666420215,42.74052147151187,163.77675077497145,42.731212850158,1.2612767711136137,1.4195093873634275,163.72093595668034,227.6219386730737,285.0037820630186,1.2610213393386263,9.403446232760631,161.91503433528436,133.50126646496562,0.011638247270034463,0.0020481008565510356
1.622168383,276.2319733,135.5788464,1.571980399,923.2876913,922.5406806,273.1139313,922.5406806,1.521297889,194.8069316,1.521193381,273.1139313,113.99790189999999,251.88175525,113.99790189999999,1.420144388,1.419502151,251.88175525,223.97265529999999,262.72532515,1.419362581,7.9175807715,250.00060455,42.813938515000004,163.77619835000002,42.813938515000004,1.261302711,1.419502151,163.77619835000002,229.99451165,287.09773485,1.261054855,9.4398550965,161.98582764999998,160.71213640000002,0.011807020999999996,0.0020087380000000004,1.6221652273131515,276.2427413625453,135.583143184962,1.5719779371807878,923.4915537528294,922.7172160976979,273.1236870817359,922.9543909461796,1.5212847426751104,195.27401877685753,1.5211803437884954,273.01373071644815,114.25069761095482,252.0932295424505,114.22549763830399,1.4201518133772009,1.4195097296136696,252.0290311395851,224.11056967921587,262.99756044885754,1.4193701343569627,7.928331725134094,250.18722149518982,42.74065975178163,163.77681308800476,42.73135005011208,1.2612767761496593,1.419509387546701,163.72099751287521,227.6220576005951,285.0038110044118,1.2610213445180747,9.403450401856007,161.91510244092208,133.50104512956295,0.011638276006079917,0.00204809830475769
1.622168383,276.2319733,135.5788464,1.571980399,923.2876913,922.5406806,273.1139313,922.5406806,1.521297889,194.8069316,1.521193381,273.1139313,113.99790010000001,251.88175604999998,113.99790010000001,1.420144388,1.419502151,251.88175604999998,223.9726531,262.72532195,1.419362581,7.9175807655,250.00060535,42.813938225,163.77619875,42.813938225,1.261302711,1.419502151,163.77619875,229.9945109,287.09773525,1.261054855,9.4398551465,161.985828,160.71214205,0.011807020999999996,0.0020087380000000004,1.6221652270852969,276.2427490883968,135.58316757985477,1.5719779370363227,923.4915716137275,922.7172411443946,273.12369891967677,922.9544151579871,1.5212847427249379,195.27407182133035,1.5211803438626843,273.01373907264167,114.2507192661251,252.09322074840688,114.22551636709976,1.4201518135185949,1.419509729927853,252.02902067048555,224.1105877480138,262.9976046503057,1.419370134563206,7.928331747310718,250.18720759026183,42.74079401945428,163.77687363508167,42.73148370046104,1.2612767811203018,1.4195093877561564,163.72105705083416,227.62219634937006,285.0038447693705,1.2610213496335791,9.403454685173177,161.9151690551955,133.5008282505778,0.011638304742196315,0.0020480955403184863
1.622168383,276.2319733,135.5788464,1.571980399,923.2876913,922.5406806,273.1139313,922.5406806,1.521297889,194.8069316,1.521193381,273.1139313,113.99789820000001,251.88175675000002,113.99789820000001,1.420144387,1.419502151,251.88175675000002,223.97265099999998,262.72531885,1.419362581,7.9175807595,250.00060615,42.813937935,163.77619915000002,42.813937935,1.261302711,1.419502151,163.77619915000002,229.99451015,287.0977356,1.261054855,9.4398551945,161.9858283,160.71214745,0.011807020999999996,0.0020087380000000004,1.622165226879672,276.242758043361,135.5831919747475,1.5719779369529776,923.491592451442,922.7172645213116,273.1237091908313,922.9544385349046,1.5212847429740755,195.27412486580317,1.521180344085251,273.0137470806605,114.25074150657025,252.09321300127323,114.22553568117038,1.420151813490316,1.4195097302944,252.02901145767794,224.11060581681176,262.99764434714757,1.4193701346663274,7.928331969076961,250.18719368533388,42.74092550917507,163.7769336775996,42.731614109866214,1.2612767861563474,1.419509387965612,163.72111658879314,227.62231527689147,285.0038737107637,1.2610213547490838,9.403458797157658,161.9152344266653,133.50062028442767,0.011638332393997962,0.0020480930948561468
1.622168383,276.2319733,135.5788464,1.571980399,923.2876913,922.5406806,273.1139313,922.5406806,1.521297889,194.8069316,1.521193381,273.1139313,113.99789645,251.8817575,113.99789645,1.420144387,1.419502151,251.8817575,223.972649,262.72531575,1.419362581,7.917580753,250.00060695000002,42.813937655000004,163.7761995,42.813937655000004,1.261302711,1.419502151,163.7761995,229.99450945,287.097736,1.261054855,9.4398552405,161.98582865,160.71215275,0.011807020999999996,0.0020087380000000004,1.6221652267018345,276.24276699832524,135.58321415192273,1.5719779367918436,923.4916095681359,922.7172878982284,273.12372155103424,922.9544602420424,1.521284742924248,195.27418233064873,1.521180344085251,273.0137550886793,114.25076257646566,252.0932044166116,114.22555382469127,1.420151813490316,1.4195097305562192,252.0289993135225,224.11062388560973,262.997685451679,1.4193701347178882,7.92833201343021,250.18717935904445,42.74105360362139,163.7769922064406,42.73174127832759,1.2612767909961835,1.4195093880179759,163.72117562219313,227.62243915972624,285.00390265215685,1.261021359672757,9.403462966253034,161.91529830677078,133.5004152892225,0.01163836058805943,0.00204809043674822
1.622168383,276.2319733,135.5788464,1.571980399,923.2876913,922.5406806,273.1139313,922.5406806,1.521297889,194.8069316,1.521193381,273.1139313,113.99789469999999,251.8817582,113.99789469999999,1.420144387,1.419502151,251.8817582,223.972647,262.72531285,1.419362581,7.917580747,250.0006077,42.813937374999995,163.77619985,42.813937374999995,1.261302711,1.419502151,163.77619985,229.99450875000002,287.09773635,1.261054855,9.439855286,161.985829,160.71215785,0.011807021999999995,0.0020087380000000004,1.6221652264962096,276.2427747241767,135.5832385468155,1.5719779366862732,923.491628173238,922.7173129449251,273.1237318221888,922.9544861236296,1.521284743023903,195.27423537512155,1.5211803442336287,273.0137627485234,114.25078335372365,252.0931972976239,114.2255713829373,1.4201518135751523,1.419509731079858,252.0289921945348,224.11063994676343,262.9977217700663,1.419370134949912,7.928332235196452,250.18716840364667,42.741178148462566,163.77704821248676,42.73186520584516,1.2612767955744069,1.4195093882274312,163.72123061912131,227.62255313193424,285.00393159355,1.2610213645324864,9.403466906904828,161.91536019839046,133.50021920685236,0.011638386071212212,0.0020480882039402275
1.622168383,276.2319733,135.5788464,1.571980399,923.2876913,922.5406806,273.1139313,922.5406806,1.521297889,194.8069316,1.521193381,273.1139313,113.997893,251.8817589,113.997893,1.420144387,1.419502151,251.8817589,223.9726451,262.72530995,1.419362581,7.917580741,250.00060845000002,42.813937095,163.7762002,42.813937095,1.261302711,1.419502151,163.7762002,229.99450804999998,287.0977367,1.261054855,9.4398553295,161.9858293,160.71216275,0.011807021999999995,0.0020087380000000004,1.6221652263183721,276.24278192326557,135.58326072399072,1.571977936636266,923.4916460341361,922.7173346520622,273.1237410488191,922.9545053260977,1.5212847431235579,195.27428620940802,1.5211803444809249,273.01376936384327,114.25080208251957,252.09318955049022,114.22558835590846,1.4201518135468736,1.4195097312369496,252.0289821441992,224.11065600791716,262.99776034075666,1.419370135027253,7.928332323902949,250.18715449871868,42.74129929802926,163.7771042185329,42.73198542942697,1.26127680015263,1.4195093884630687,163.7212856160495,227.62268197008245,285.0039701820743,1.2610213691364407,9.403470847556623,161.91541960440296,133.50002609542722,0.011638411554420802,0.0020480859711346708
1.622168383,276.2319733,135.5788464,1.571980399,923.2876913,922.5406806,273.1139313,922.5406806,1.521297889,194.8069316,1.521193381,273.1139313,113.9978914,251.88175955,113.9978914,1.420144387,1.419502151,251.88175955,223.9726432,262.72530715,1.419362581,7.917580735,250.00060915,42.813936825,163.77620055,42.813936825,1.261302711,1.419502151,163.77620055,229.99450735,287.097737,1.261054855,9.439855372,161.9858296,160.71216745,0.011807021999999995,0.0020087380000000004,1.6221652261127473,276.2427882444168,135.58327920497007,1.5719779365140265,923.491661662422,922.7173530196397,273.1237497531874,922.9545261983454,1.5212847431733856,195.27432599276264,1.5211803444809249,273.01377702368734,114.2508225671401,252.09318033768264,114.22560532887962,1.4201518136599889,1.4195097316034966,252.02897251262763,224.110673072893,262.9977983483713,1.4193701351303747,7.928332346079573,250.1871435433209,42.741418132636085,163.7771566926662,42.73210380104089,1.2612768045346439,1.4195093886725243,163.72133758562384,227.62279098697707,285.00399429990193,1.261021373612507,9.403474331321254,161.9154797560976,133.4998359549471,0.011638437037685181,0.0020480834193598698
1.622168383,276.2319733,135.5788464,1.571980399,923.2876913,922.5406806,273.1139313,922.5406806,1.521297889,194.8069316,1.521193381,273.1139313,113.9978898,251.8817602,113.9978898,1.420144387,1.419502151,251.8817602,223.9726414,262.7253044,1.419362581,7.917580729,250.0006098,42.813936555,163.7762009,42.813936555,1.261302711,1.419502151,163.7762009,229.9945067,287.09773735,1.261054855,9.439855413,161.9858299,160.71217205,0.011807021999999995,0.0020087380000000004,1.622165225940467,276.2427973749685,135.58330359986283,1.571977936380674,923.4916802675241,922.7173797361162,273.1237608947788,922.9545487403731,1.521284743223213,195.27438124742181,1.5211803445551138,273.0137850317061,114.25084071066115,252.09317531251486,114.22562171657592,1.420151813773104,1.4195097319700436,252.02896706869586,224.11068679179516,262.9978318513798,1.4193701353881787,7.928332567845816,250.18713300928457,42.74153357196843,163.7772101759175,42.732218160057734,1.2612768089166575,1.4195093889605255,163.72139056431615,227.62290000387168,285.0040184177296,1.2610213782164612,9.403478043529466,161.91553692506358,133.49965175635697,0.011638461165508212,0.002048081930826039
1.622168383,276.2319733,135.5788464,1.571980399,923.2876913,922.5406806,273.1139313,922.5406806,1.521297889,194.8069316,1.521193381,273.1139313,113.9978882,251.88176084999998,113.9978882,1.420144387,1.419502151,251.88176084999998,223.9726396,262.72530174999997,1.419362581,7.9175807235,250.00061045,42.813936295000005,163.7762012,42.813936295000005,1.261302711,1.419502151,163.7762012,229.99450604999998,287.0977377,1.261054855,9.439855453,161.9858302,160.7121765,0.011807021999999995,0.0020087380000000004,1.622165225768187,276.24280299376954,135.5833242985597,1.5719779362528783,923.4916988726262,922.7174014432533,273.12376855462287,922.9545721172906,1.5212847433726955,195.27442324096282,1.5211803445798433,273.0137906025018,114.25085973209451,252.09316672785323,114.22563781163477,1.4201518137165463,1.4195097320747714,252.0289570183603,224.11070218373413,262.99786619900186,1.4193701353623982,7.928332612199064,250.18711952571803,42.74164623334892,163.77725987497647,42.73233020411472,1.2612768131678649,1.4195093890390713,163.7214405156546,227.6229991101395,285.00404735912275,1.2610213824367527,9.403481584404991,161.9155926026652,133.49947201418433,0.011638485564481233,0.0020480793790562737
1.622168383,276.2319733,135.5788464,1.571980399,923.2876913,922.5406806,273.1139313,922.5406806,1.521297889,194.8069316,1.521193381,273.1139313,113.99788670000001,251.88176145,113.99788670000001,1.420144387,1.419502151,251.88176145,223.9726379,262.72529915,1.419362581,7.9175807175,250.00061115,42.813936035,163.7762015,42.813936035,1.261302711,1.419502151,163.7762015,229.99450545000002,287.097738,1.261054855,9.439855491,161.98583044999998,160.7121808,0.011807021999999995,0.0020087380000000004,1.622165225640366,276.2428119487338,135.5833442580174,1.57197793621954,923.4917130125039,922.7174198108308,273.123780044389,922.9545896499787,1.5212847434723507,195.27447407524926,1.5211803449013286,273.0137986105206,114.25087670506582,252.09316128392146,114.22565244350646,1.4201518138013827,1.4195097324936823,252.02894906184466,224.11071623724365,262.99789857585876,1.4193701355686414,7.928332723082185,250.1871098344046,42.741755190793626,163.77731108771235,42.73243854423594,1.2612768172228626,1.4195093892485267,163.72149097155202,227.62310317172071,285.0040666533849,1.2610213865931001,9.403485068169621,161.9156485288276,133.4992982139017,0.011638508608002713,0.002048076933613231
1.622168383,276.2319733,135.5788464,1.571980399,923.2876913,922.5406806,273.1139313,922.5406806,1.521297889,194.8069316,1.521193381,273.1139313,113.99788525,251.88176205000002,113.99788525,1.420144387,1.419502151,251.88176205000002,223.9726362,262.72529665,1.419362581,7.917580712,250.00061175000002,42.813935775000004,163.7762018,42.813935775000004,1.261302711,1.419502151,163.7762018,229.9945048,287.09773825,1.261054856,9.4398555285,161.9858307,160.71218499999998,0.011807021999999995,0.0020087385,1.6221652254514136,276.242818269885,135.58336199975759,1.5719779361250823,923.4917293849937,922.717441517968,273.1237887487572,922.9546071826669,1.521284743322868,195.27451827897661,1.521180344728221,273.01380348496684,114.25089455594943,252.09315458369775,114.22566795329045,1.4201518137165463,1.4195097327031378,252.0289427803849,224.1107309599679,262.9979323604051,1.4193701356459825,7.92833290049518,250.1870997217297,42.74186260493174,163.77736053449183,42.73254487805862,1.2612768212124572,1.4195093894318003,163.7215404183315,227.62321218861533,285.0041004183436,1.261021390941279,9.40348855193425,161.91570196938275,133.49912887003657,0.011638531380468775,0.002048074807143394
1.622168383,276.2319733,135.5788464,1.571980399,923.2876913,922.5406806,273.1139313,922.5406806,1.521297889,194.8069316,1.521193381,273.1139313,113.99788380000001,251.8817626,113.99788380000001,1.420144387,1.419502151,251.8817626,223.9726346,262.7252942,1.419362581,7.917580706,250.00061234999998,42.813935525000005,163.7762021,42.813935525000005,1.261302711,1.419502151,163.7762021,229.9945042,287.09773855000003,1.261054856,9.439855565,161.985831,160.71218900000002,0.011807021999999995,0.0020087389999999994,1.6221652252846908,276.24282336192346,135.58338195921527,1.5719779360361807,923.4917442690755,922.7174615553254,273.1237957122518,922.9546263851349,1.521284743621833,195.27456469289035,1.5211803450497063,273.01380975211197,114.25091152892074,252.09314767409205,114.22568287779957,1.4201518137448252,1.4195097329125934,252.02893356757733,224.1107450134774,262.997964737262,1.4193701356975434,7.928332856141931,250.1870870808861,42.74196662379537,163.77740695391745,42.73264812526815,1.2612768251366486,1.4195093894841642,163.72158582863918,227.62331129488317,285.0041197126057,1.2610213948418514,9.4034918072553,161.9157529243307,133.49895952617146,0.011638554152979385,0.0020480731059691133
1.622168383,276.2319733,135.5788464,1.571980399,923.2876913,922.5406806,273.1139313,922.5406806,1.521297889,194.8069316,1.521193381,273.1139313,113.99788240000001,251.88176314999998,113.99788240000001,1.420144387,1.419502151,251.88176314999998,223.972633,262.72529180000004,1.419362581,7.9175807005,250.00061295,42.813935275000006,163.7762024,42.813935275000006,1.261302711,1.419502151,163.7762024,229.99450365,287.0977388,1.261054856,9.4398555995,161.9858312,160.7121929,0.011807021999999995,0.0020087389999999994,1.622165225117968,276.2428293318996,135.583401918673,1.5719779359361665,923.4917584089532,922.7174782531231,273.12380406844534,922.9546464224927,1.521284743621833,195.27460447624497,1.5211803450991654,273.01381532290765,114.25092762397972,252.0931416020143,114.22569721703383,1.4201518138296616,1.4195097332791404,252.02892602982564,224.11075772855745,262.9979948618158,1.4193701358522257,7.9283330779081735,250.18707738957266,42.74206832769914,163.7774528687841,42.732749057517836,1.2612768288646303,1.4195093897721653,163.72163174350584,227.6234054458376,285.0041486539989,1.2610213988063674,9.403495005465452,161.91580363071793,133.49880206608634,0.011638575298921995,0.0020480710858264907
1.622168383,276.2319733,135.5788464,1.571980399,923.2876913,922.5406806,273.1139313,922.5406806,1.521297889,194.8069316,1.521193381,273.1139313,113.99788105,251.8817637,113.99788105,1.420144387,1.419502151,251.8817637,223.97263145,262.72528950000003,1.419362581,7.917580695,250.00061355,42.813935029999996,163.77620265000002,42.813935029999996,1.261302711,1.419502151,163.77620265000002,229.99450305,287.0977391,1.261054856,9.4398556335,161.9858315,160.71219665,0.011807021999999995,0.0020087389999999994,1.62216522496236,276.24283600422586,135.58342039965234,1.571977935863934,923.491774781443,922.7174982904804,273.123812946901,922.9546647900709,1.5212847435221781,195.2746486799723,1.521180345000247,273.0138222864023,114.25094401167615,252.09313552993657,114.22571126363064,1.4201518138013827,1.419509733436232,252.02891932960193,224.11077178206696,262.9980244232938,1.4193701358522257,7.928333100084798,250.18706727689778,42.74216725365105,163.7774982790918,42.732847520477,1.2612768327888217,1.4195093897983473,163.72167614469558,227.62350455210543,285.0041727718266,1.2610214026429958,9.403498146564708,161.91585309430153,133.49864014958374,0.011638597258210764,0.002048068853039596
1.622168383,276.2319733,135.5788464,1.571980399,923.2876913,922.5406806,273.1139313,922.5406806,1.521297889,194.8069316,1.521193381,273.1139313,113.9978797,251.88176425,113.9978797,1.420144387,1.419502151,251.88176425,223.97262995,262.72528725,1.419362581,7.9175806895,250.0006141,42.81393479,163.7762029,42.81393479,1.261302711,1.419502151,163.7762029,229.9945025,287.09773935,1.261054856,9.4398556665,161.9858317,160.7122003,0.011807022999999996,0.0020087389999999994,1.6221652248345393,276.24284250096457,135.58343814139252,1.5719779358028143,923.4917874329125,922.7175183278378,273.1238214771819,922.954682322759,1.5212847438211432,195.27468625314057,1.5211803452970025,273.0138282053727,114.25095952146029,252.09312966724082,114.22572413967774,1.4201518138862192,1.419509733855143,252.02891221061424,224.1107831587175,262.9980525770825,1.4193701360326885,7.928333188791295,250.18705927103017,42.742262629997825,163.77754192344307,42.73294289682303,1.261276836255191,1.4195093900601667,163.72172004132634,227.62359374774647,285.00418724252313,1.2610214064156806,9.403501173442173,161.91590181220297,133.4984871459161,0.011638617590922488,0.0020480668329011685
1.622168383,276.2319733,135.5788464,1.571980399,923.2876913,922.5406806,273.1139313,922.5406806,1.521297889,194.8069316,1.521193381,273.1139313,113.99787845,251.88176475,113.99787845,1.420144387,1.419502151,251.88176475,223.97262849999998,262.72528505,1.419362581,7.9175806845,250.00061465,42.81393455,163.7762032,42.81393455,1.261302711,1.419502151,163.7762032,229.99450195,287.0977396,1.261054856,9.4398556985,161.9858319,160.7122038,0.011807022999999996,0.0020087389999999994,1.6221652247067184,276.2428484709407,135.5834536654152,1.5719779357028,923.4918023169943,922.7175350256356,273.1238279184144,922.9546990205572,1.521284743621833,195.27472382630881,1.521180345074436,273.01383307981894,114.2509741533321,252.0931235951631,114.22573701572482,1.4201518138579403,1.4195097340122345,252.0289038353346,224.1107965430123,262.9980807308711,1.4193701361615905,7.928333210967919,250.18704831563238,42.74235661736868,163.77758455867638,42.73303580387855,1.2612768397869631,1.4195093901648945,163.72176242428017,227.6236829433875,285.0042113603508,1.2610214098047023,9.403504200319638,161.91594829305794,133.498341569611,0.011638638194773258,0.0020480648127647336
1.622168383,276.2319733,135.5788464,1.571980399,923.2876913,922.5406806,273.1139313,922.5406806,1.521297889,194.8069316,1.521193381,273.1139313,113.99787715,251.88176525,113.99787715,1.420144387,1.419502151,251.88176525,223.9726271,262.7252829,1.419362581,7.917580679,250.00061515,42.81393432,163.7762034,42.81393432,1.261302711,1.419502151,163.7762034,229.99450145,287.0977398,1.261054856,9.4398557295,161.98583215000002,160.71220720000002,0.011807022999999996,0.0020087389999999994,1.6221652245177658,276.24285373856674,135.58347140715537,1.5719779355805605,923.4918149684637,922.7175533932132,273.12383697095737,922.9547157183555,1.5212847439207982,195.27476803003617,1.5211803453711914,273.01383934696406,114.25098937047878,252.09312003566924,114.22575018440934,1.420151813914498,1.4195097341693261,252.0289013227507,224.11080725044812,262.998108040046,1.4193701362647122,7.928333432734162,250.18704030976477,42.74244875277163,163.7776274461892,42.733127476288814,1.2612768433187354,1.419509390295804,163.72180430267503,227.6237671837152,285.00423547817843,1.261021413577387,9.403507170086208,161.91599452535215,133.4981900514159,0.011638656629828567,0.002048063855858697
1.622168383,276.2319733,135.5788464,1.571980399,923.2876913,922.5406806,273.1139313,922.5406806,1.521297889,194.8069316,1.521193381,273.1139313,113.99787595000001,251.8817657,113.99787595000001,1.420144387,1.419502151,251.8817657,223.97262569999998,262.72528085,1.419362581,7.9175806735,250.00061565,42.813934090000004,163.77620365,42.813934090000004,1.261302711,1.419502151,163.77620365,229.99450095,287.0977401,1.261054856,9.4398557585,161.9858324,160.71221045,0.011807022999999996,0.0020087389999999994,1.6221652243955025,276.2428588306052,135.58348988813472,1.5719779354972152,923.4918298525454,922.7175717607906,273.12384376036465,922.9547340859335,1.5212847439207982,195.27480339301806,1.5211803452970025,273.0138442214103,114.25100312443828,252.09311249791756,114.22576218254412,1.4201518138862192,1.4195097343787817,252.02889169117913,224.11081929631342,262.9981356307589,1.4193701362647122,7.928333366204289,250.1870297757284,42.74253733856944,163.7776662972302,42.7332154447633,1.2612768465888948,1.419509390321986,163.721844162834,227.62385142404284,285.00424994887504,1.261021416902465,9.403509911409197,161.9160385205999,133.4980489315283,0.011638676420435132,0.0020480617294024368
1.622168383,276.2319733,135.5788464,1.571980399,923.2876913,922.5406806,273.1139313,922.5406806,1.521297889,194.8069316,1.521193381,273.1139313,113.99787475,251.88176614999998,113.99787475,1.420144387,1.419502151,251.88176614999998,223.97262435,262.72527879999996,1.419362581,7.9175806685,250.00061614999998,42.81393386,163.7762039,42.81393386,1.261302712,1.419502151,163.7762039,229.99450044999998,287.0977403,1.261054856,9.4398557875,161.9858326,160.71221365,0.011807022999999996,0.0020087389999999994,1.6221652242676816,276.2428651517564,135.5835024552007,1.5719779354194265,923.4918425040148,922.7175884585885,273.1238514202087,922.9547507837318,1.5212847437713157,195.27483654581357,1.521180345321732,273.0138515330796,114.25101717103523,252.0931089384237,114.22577388804147,1.4201518139993343,1.4195097347453287,252.02888666601135,224.11083100757133,262.9981589984034,1.4193701364967357,7.928333454910786,250.18702303394517,42.7426239180687,163.7777059051097,42.73330171560057,1.2612768498590543,1.4195093906885332,163.721883518434,227.6239356643705,285.0042788902682,1.2610214203554306,9.403512652732184,161.91608177016548,133.4979137535307,0.011638694584446121,0.0020480603472070526
1.622168383,276.2319733,135.5788464,1.571980399,923.2876913,922.5406806,273.1139313,922.5406806,1.521297889,194.8069316,1.521193381,273.1139313,113.99787359999999,251.8817666,113.99787359999999,1.420144387,1.419502151,251.8817666,223.97262304999998,262.72527690000004,1.419362581,7.9175806635,250.00061664999998,42.813933635,163.7762041,42.813933635,1.261302712,1.419502151,163.7762041,229.99449994999998,287.0977405,1.261054856,9.4398558155,161.9858328,160.71221674999998,0.011807022999999996,0.0020087389999999994,1.622165224139861,276.2428690146821,135.58352093618004,1.5719779353972012,923.4918544112802,922.7176018168267,273.12385768735385,922.9547649768602,1.5212847437214883,195.27486748842273,1.5211803452970025,273.0138546666522,114.25103033971986,252.093102447582,114.22578500826395,1.420151813914498,1.4195097349547843,252.02887996578764,224.11084204961452,262.99818518142683,1.4193701364709552,7.928333521440659,250.18701418535463,42.74270833693874,163.77774450387122,42.733385517147326,1.261276852867601,1.4195093906885332,163.7219208557981,227.62400999407137,285.0042933609648,1.261021423552621,9.403515165611589,161.91612452260958,133.4977770900606,0.011638713019590737,0.0020480579017867363
1.622168383,276.2319733,135.5788464,1.571980399,923.2876913,922.5406806,273.1139313,922.5406806,1.521297889,194.8069316,1.521193381,273.1139313,113.99787245,251.88176705,113.99787245,1.420144387,1.419502151,251.88176705,223.97262175,262.725275,1.419362581,7.917580658,250.0006171,42.813933415,163.7762043,42.813933415,1.261302712,1.419502151,163.7762043,229.99449944999998,287.0977407,1.261054856,9.4398558425,161.985833,160.71221975,0.011807022999999996,0.0020087389999999994,1.6221652239898103,276.2428746334832,135.58353424248517,1.5719779353138559,923.4918670627497,922.7176168448447,273.1238641285864,922.9547783350989,1.5212847438211432,195.27490727177732,1.521180345395921,273.0138591929237,114.25104380104193,252.09309637550425,114.22579729903617,1.4201518138579403,1.4195097350595118,252.02887326556393,224.11085175322825,262.99821080137446,1.419370136522516,7.928333565793907,250.18700407267974,42.74279136683286,163.77778310263275,42.73346762105685,1.2612768561377607,1.4195093908456247,163.72195869772116,227.62409423439902,285.0043174787925,1.2610214266858677,9.403518021156367,161.91616503800722,133.497644883008,0.01163873037034176,0.00204805641327145
1.622168383,276.2319733,135.5788464,1.571980399,923.2876913,922.5406806,273.1139313,922.5406806,1.521297889,194.8069316,1.521193381,273.1139313,113.99787135,251.8817675,113.99787135,1.420144387,1.419502151,251.8817675,223.97262055,262.7252731,1.419362581,7.917580653,250.00061755000002,42.8139332,163.7762045,42.8139332,1.261302712,1.419502151,163.7762045,229.994499,287.0977409,1.261054856,9.4398558685,161.98583315000002,160.71222255,0.011807022999999996,0.0020087389999999994,1.622165223867547,276.242881130222,135.58354680955114,1.571977935252736,923.4918767374028,922.7176302030829,273.12387231069255,922.9547933631173,1.5212847439207982,195.27493158382737,1.5211803455690285,273.0138651118941,114.25105667708912,252.0930932347744,114.2258078339838,1.4201518140841707,1.4195097353736952,252.0288694966881,224.11086145684195,262.998234169019,1.4193701367545397,7.928333765383526,250.1869981736194,42.74287161877513,163.77782043999684,42.73354756433718,1.2612768592117105,1.4195093910288983,163.72199553052627,227.6241685640999,285.004331949489,1.2610214300109457,9.403520476924877,161.91620555340486,133.4975186178454,0.011638747178906483,0.0020480548184348443
1.622168383,276.2319733,135.5788464,1.571980399,923.2876913,922.5406806,273.1139313,922.5406806,1.521297889,194.8069316,1.521193381,273.1139313,113.99787035,251.8817679,113.99787035,1.420144387,1.419502151,251.8817679,223.97261935,262.72527130000003,1.419362581,7.917580648,250.000618,42.813932985,163.7762047,42.813932985,1.261302712,1.419502151,163.7762047,229.99449855,287.0977411,1.261054856,9.439855894,161.9858333,160.71222534999998,0.011807022999999996,0.0020087389999999994,1.6221652237730708,276.24288516873526,135.5835615943346,1.5719779351749472,923.4918871562601,922.7176469008807,273.1238785778377,922.954805886466,1.5212847439706256,195.27496915699564,1.521180345593758,273.0138696381656,114.25106926049888,252.0930884189886,114.22581895420628,1.420151814027613,1.4195097355307866,252.0288623777004,224.11087249888513,262.9982583812772,1.4193701367029787,7.928333765383526,250.18698932502886,42.74294971008818,163.7778550022866,42.73362534698831,1.261276862089451,1.4195093910550802,163.7220303450955,227.62423793848737,285.00434642018564,1.2610214330163045,9.40352287558249,161.9162450745596,133.49739086721033,0.011638763716389002,0.0020480536488887897
1.622168383,276.2319733,135.5788464,1.571980399,923.2876913,922.5406806,273.1139313,922.5406806,1.521297889,194.8069316,1.521193381,273.1139313,113.99786925000001,251.8817683,113.99786925000001,1.420144387,1.419502151,251.8817683,223.97261815000002,262.72526955,1.419362581,7.917580643,250.0006184,42.81393277,163.7762049,42.81393277,1.261302712,1.419502151,163.7762049,229.9944981,287.0977413,1.261054856,9.439855918,161.9858335,160.71222805,0.011807022999999996,0.0020087389999999994,1.6221652236174628,276.24288797813574,135.5835763791181,1.5719779350638203,923.4919012961377,922.7176619288987,273.12388310410915,922.9548242540441,1.5212847442197632,195.27500009960477,1.521180345667947,273.0138724235635,114.25108184390865,252.09308339382082,114.22583036706618,1.4201518140841707,1.4195097356878783,252.0288573525326,224.11088287171359,262.998281185846,1.4193701368318807,7.928333765383526,250.1869800550769,42.74302702974795,163.7778885554584,42.73370174066353,1.261276864901788,1.419509391159808,163.72206364598782,227.62430731287486,285.0043657144478,1.2610214360216636,9.40352521712921,161.91628235866784,133.49726608752025,0.011638779982788186,0.0020480525856656825
1.622168383,276.2319733,135.5788464,1.571980399,923.2876913,922.5406806,273.1139313,922.5406806,1.521297889,194.8069316,1.521193381,273.1139313,113.99786825,251.8817687,113.99786825,1.420144387,1.419502151,251.8817687,223.97261705,262.72526785,1.419362581,7.9175806385,250.0006188,42.81393257,163.7762051,42.81393257,1.261302712,1.419502151,163.7762051,229.9944977,287.0977415,1.261054856,9.439855942,161.9858337,160.71223064999998,0.011807022999999996,0.0020087389999999994,1.6221652235118718,276.24289429928695,135.5835911639016,1.571977935041595,923.4919109707907,922.7176769569166,273.1238895453417,922.9548367773928,1.5212847439706256,195.2750332524003,1.521180345593758,273.0138776461844,114.25109296413123,252.09307857803503,114.22583943882664,1.420151813914498,1.419509735792606,252.0288506523089,224.1108915715052,262.9983028642632,1.4193701367287592,7.928333920619895,250.1869724705707,42.74310095413323,163.7779236223071,42.73377535638692,1.2612768678449315,1.419509391212172,163.72209846055702,227.6243915532025,285.0043898322754,1.2610214387712473,9.403527787119511,161.916320637019,133.49715022066516,0.011638796520317319,0.0020480509908320575
1.622168383,276.2319733,135.5788464,1.571980399,923.2876913,922.5406806,273.1139313,922.5406806,1.521297889,194.8069316,1.521193381,273.1139313,113.99786725,251.88176905,113.99786725,1.420144387,1.419502151,251.88176905,223.97261594999998,262.72526619999996,1.419362581,7.9175806335,250.0006192,42.81393236,163.7762053,42.81393236,1.261302712,1.419502151,163.7762053,229.99449725,287.0977417,1.261054856,9.439855965,161.9858338,160.71223320000001,0.011807022999999996,0.0020087389999999994,1.6221652234173953,276.2428976354501,135.58360447020672,1.571977934924912,923.4919228780561,922.7176919849347,273.1238944197879,922.9548501356313,1.5212847440204533,195.27506419500943,1.5211803455195692,273.0138811279317,114.25110496226611,252.09307271533928,114.22584997377425,1.4201518138862192,1.4195097360020617,252.02884437084916,224.110902278941,262.998325668832,1.4193701368576612,7.928333876266647,250.18696530742602,42.74317348954259,163.77795515724299,42.73384742880374,1.2612768702648496,1.4195093913168995,163.72213075233137,227.6244559722766,285.00440430297203,1.2610214413929435,9.403529900222647,161.91635543552002,133.49703435381008,0.01163881143122439,0.0020480496086439206
1.622168383,276.2319733,135.5788464,1.571980399,923.2876913,922.5406806,273.1139313,922.5406806,1.521297889,194.8069316,1.521193381,273.1139313,113.99786635000001,251.8817694,113.99786635000001,1.420144387,1.419502151,251.8817694,223.97261485,262.72526455,1.419362581,7.917580629,250.0006196,42.81393216,163.7762055,42.81393216,1.261302712,1.419502151,163.7762055,229.99449685000002,287.09774185000003,1.261054856,9.439855987,161.985834,160.71223559999999,0.011807022999999996,0.0020087389999999994,1.6221652233284767,276.24290114720077,135.58361629803352,1.5719779348415666,923.4919318085052,922.7177020036133,273.1239010351078,922.9548601543103,1.5212847440702808,195.27508850705948,1.5211803457174062,273.0138863505527,114.25111578985126,252.09306852769947,114.22585875289727,1.4201518139993343,1.419509736159153,252.02883934568138,224.11091030951786,262.9983459395598,1.4193701369350025,7.928333898443271,250.1869589870042,42.74324355566142,163.7779877012968,42.73391734059137,1.2612768730771868,1.4195093913954453,163.72216153042882,227.6245253466641,285.0044235972341,1.2610214443983023,9.403532241769366,161.91639147682466,133.49692739979,0.011638827155474357,0.0020480476948465023
1.622168383,276.2319733,135.5788464,1.571980399,923.2876913,922.5406806,273.1139313,922.5406806,1.521297889,194.8069316,1.521193381,273.1139313,113.9978654,251.88176975,113.9978654,1.420144387,1.419502151,251.88176975,223.97261375,262.72526300000004,1.419362581,7.917580624,250.00062,42.81393196,163.7762057,42.81393196,1.261302712,1.419502151,163.7762057,229.99449644999999,287.097742,1.261054856,9.439856008,161.98583415000002,160.71223795,0.011807022999999996,0.0020087389999999994,1.6221652231950983,276.24290676600185,135.583631082817,1.5719779348526792,923.4919444599747,922.7177153618516,273.1239069540782,922.9548760172186,1.5212847442197632,195.27511944966864,1.5211803457421358,273.0138905286495,114.25112749534871,252.09306643387956,114.22586899520745,1.420151814197286,1.4195097364209726,252.0288364143335,224.11091900930947,262.9983673364392,1.4193701371412455,7.928334164562762,250.1869543520282,42.743313158788276,163.77802024535066,42.73398632639505,1.2612768758241208,1.4195093916572648,163.72219382220317,227.62459472105155,285.00444289149624,1.2610214470199985,9.403534526205188,161.91642602676498,133.4968115329349,0.011638842337528968,0.002048046844270445
1.622168383,276.2319733,135.5788464,1.571980399,923.2876913,922.5406806,273.1139313,922.5406806,1.521297889,194.8069316,1.521193381,273.1139313,113.99786445000001,251.8817701,113.99786445000001,1.420144387,1.419502151,251.8817701,223.97261275,262.72526145,1.419362581,7.9175806195,250.00062035000002,42.813931769999996,163.7762058,42.813931769999996,1.261302712,1.419502151,163.7762058,229.99449605,287.0977422,1.261054856,9.439856029,161.9858343,160.7122402,0.011807022999999996,0.0020087389999999994,1.6221652230839498,276.2429106289276,135.58364217140462,1.5719779347693341,923.4919533904236,922.7177287200898,273.12391269896125,922.9548868707875,1.5212847441201083,195.27514597190503,1.5211803458410542,273.0138933140473,114.25113744502154,252.09305952427385,114.2258780669679,1.4201518138862192,1.4195097363686087,252.02883055163775,224.11092904753056,262.9983887333185,1.419370137038124,7.92833409803289,250.18694466071477,42.7433802926246,163.77805102344809,42.73405284290822,1.261276878244039,1.419509391552537,163.7222240957416,227.62466409543904,285.00446218575837,1.2610214497056385,9.40353669641922,161.91645883678024,133.49670606438733,0.011638856164060223,0.0020480455684070238
1.622168383,276.2319733,135.5788464,1.571980399,923.2876913,922.5406806,273.1139313,922.5406806,1.521297889,194.8069316,1.521193381,273.1139313,113.99786365,251.8817704,113.99786365,1.420144387,1.419502151,251.8817704,223.97261175,262.72525995,1.419362581,7.9175806145,250.0006207,42.81393158,163.776206,42.81393158,1.261302712,1.419502151,163.776206,229.9944957,287.0977423,1.261054856,9.439856049,161.9858344,160.7122424,0.011807023999999998,0.0020087389999999994,1.6221652229894736,276.24291554537854,135.5836510422747,1.5719779346582072,923.4919593440563,922.7177404085483,273.1239180956696,922.9548968894665,1.5212847442197632,195.27516807376873,1.5211803458905135,273.01389818849356,114.25114827260668,252.09305596478,114.22588743136578,1.420151814027613,1.4195097366827918,252.02882468894202,224.1109370781074,262.99840787789475,1.4193701370896847,7.928334142386138,250.1869362334857,42.743446037485,163.77807953103013,42.734118433437445,1.2612768808601664,1.4195093917096286,163.7222538647211,227.62472355919974,285.0044718328894,1.2610214522633907,9.403538695300565,161.91649189535622,133.49659911036724,0.011638871075043706,0.002048044079900701
1.622168383,276.2319733,135.5788464,1.571980399,923.2876913,922.5406806,273.1139313,922.5406806,1.521297889,194.8069316,1.521193381,273.1139313,113.99786275,251.88177075,113.99786275,1.420144387,1.419502151,251.88177075,223.97261085000002,262.72525855000004,1.419362581,7.91758061,250.00062105,42.81393139,163.7762061,42.81393139,1.261302712,1.419502151,163.7762061,229.9944953,287.0977425,1.261054856,9.439856068,161.9858346,160.71224460000002,0.011807023999999998,0.0020087389999999994,1.6221652229005548,276.24291940830426,135.58366656629735,1.5719779346304255,923.4919712513217,922.7177554365662,273.12392314420316,922.9549110825949,1.5212847441201083,195.27520343675062,1.5211803457421358,273.0139023665903,114.25115851491695,252.09305177714018,114.22589562521392,1.4201518138862192,1.4195097367875196,252.0288205013022,224.11094477407693,262.9984253332437,1.4193701371412455,7.928334142386138,250.18693033442537,42.743509313054865,163.77810904773014,42.73418124601485,1.2612768830184717,1.4195093916834467,163.72228262458262,227.62477311233366,285.004486303586,1.2610214546932554,9.40354069418191,161.91652420825002,133.49649809823717,0.011638883274953491,0.002048043229326145
1.622168383,276.2319733,135.5788464,1.571980399,923.2876913,922.5406806,273.1139313,922.5406806,1.521297889,194.8069316,1.521193381,273.1139313,113.99786195,251.88177105,113.99786195,1.420144387,1.419502151,251.88177105,223.97260985,262.7252571,1.419362581,7.9175806054999995,250.0006214,42.8139312,163.7762063,42.8139312,1.261302712,1.419502151,163.7762063,229.99449495,287.0977426,1.261054856,9.4398560865,161.9858347,160.71224660000001,0.011807023999999998,0.0020087389999999994,1.6221652227838488,276.2429213397671,135.58367617640664,1.5719779346137566,923.4919786933626,922.7177637854652,273.12392732229995,922.9549211012738,1.5212847444190734,195.27521890805517,1.5211803460636208,273.0139051519881,114.25116846458978,252.09304842702832,114.22590411169949,1.4201518139710556,1.4195097371017027,252.02881463860646,224.11095313926114,262.9984458855094,1.4193701373217085,7.928334164562762,250.186924435365,42.74357181697144,163.77813730303268,42.73424328693896,1.261276885503793,1.419509391945266,163.72230936620826,227.62483753140776,285.00450077428263,1.2610214570591762,9.403542693063255,161.91655453265807,133.4964000570521,0.01163889710153338,0.002048041847143246
1.622168383,276.2319733,135.5788464,1.571980399,923.2876913,922.5406806,273.1139313,922.5406806,1.521297889,194.8069316,1.521193381,273.1139313,113.9978611,251.88177135,113.9978611,1.420144387,1.419502151,251.88177135,223.97260895,262.72525575,1.419362581,7.917580601,250.0006217,42.81393102,163.7762064,42.81393102,1.261302712,1.419502151,163.7762064,229.9944946,287.0977428,1.261054856,9.4398561045,161.9858348,160.7122486,0.011807023999999998,0.0020087389999999994,1.6221652227004875,276.2429264318056,135.58368726499424,1.5719779345359677,923.4919883680158,922.7177738041438,273.1239328930956,922.9549319548427,1.5212847443194184,195.2752454302916,1.5211803460141617,273.01390863373547,114.25117782898775,252.09304361124254,114.22591318345994,1.4201518139710556,1.419509737049339,252.02881086973062,224.11096183905275,262.99846390393407,1.4193701372443672,7.928334186739386,250.18691769358176,42.74363231458946,163.77816505377626,42.734303475895196,1.2612768876620981,1.4195093919976298,163.72233711695185,227.62489699516846,285.0045200685447,1.2610214593611533,9.403544634833706,161.91658435994466,133.49630053039454,0.011638910657019793,0.00204804046496128
1.622168383,276.2319733,135.5788464,1.571980399,923.2876913,922.5406806,273.1139313,922.5406806,1.521297889,194.8069316,1.521193381,273.1139313,113.99786035,251.88177165000002,113.99786035,1.420144387,1.419502151,251.88177165000002,223.97260805000002,262.72525444999997,1.419362581,7.9175805965,250.000622,42.81393084,163.7762066,42.81393084,1.261302712,1.419502151,163.7762066,229.99449425,287.0977429,1.261054856,9.439856122,161.98583495,160.71225049999998,0.011807023999999998,0.0020087389999999994,1.622165222617126,276.24293064590637,135.58369909282104,1.5719779344970732,923.4919972984648,922.7177854926023,273.1239384638913,922.9549419735216,1.5212847443194184,195.27527195252802,1.5211803460388913,273.0139114191333,114.25118660811083,252.0930421455686,114.22592020675836,1.4201518139427767,1.4195097373111583,252.0288087759107,224.1109678619854,262.9984796700557,1.4193701373732692,7.9283342976225075,250.18691390132867,42.74369080590892,163.77819129084293,42.73436134989157,1.2612768898858067,1.4195093921547215,163.7223638585775,227.62495645892915,285.0045345392413,1.2610214615991866,9.40354651949326,161.91661369010984,133.49621140204448,0.011638923128081242,0.0020480394017450194
1.622168383,276.2319733,135.5788464,1.571980399,923.2876913,922.5406806,273.1139313,922.5406806,1.521297889,194.8069316,1.521193381,273.1139313,113.99785955,251.8817719,113.99785955,1.420144387,1.419502151,251.8817719,223.9726072,262.72525314999996,1.419362581,7.9175805925,250.0006223,42.81393066,163.7762067,42.81393066,1.261302712,1.419502151,163.7762067,229.9944939,287.09774304999996,1.261054856,9.4398561385,161.9858351,160.7122524,0.011807023999999998,0.0020087400000000006,1.6221652225337646,276.2429327529568,135.58370796369113,1.5719779344192844,923.4920062289139,922.7177971810607,273.12394177155124,922.9549528270906,1.5212847444190734,195.27529405439168,1.521180345989432,273.0139159454048,114.25119655778367,252.0930375391648,114.22592869324393,1.4201518139710556,1.419509737415886,252.02880291321495,224.11097522334754,262.99849853309405,1.4193701373474887,7.928334341975757,250.18690758090688,42.74374883423641,163.7782177801891,42.73441953254926,1.2612768921095152,1.4195093921285395,163.7223890865262,227.62501096737645,285.00454900993793,1.2610214639011637,9.403548175709231,161.916643020275,133.49611633180442,0.011638935056935133,0.002048038338529308
1.622168383,276.2319733,135.5788464,1.571980399,923.2876913,922.5406806,273.1139313,922.5406806,1.521297889,194.8069316,1.521193381,273.1139313,113.9978588,251.8817722,113.9978588,1.420144387,1.419502151,251.8817722,223.97260634999998,262.72525185,1.419362581,7.917580588,250.0006226,42.813930490000004,163.7762068,42.813930490000004,1.261302712,1.419502151,163.7762068,229.9944936,287.0977432,1.261054856,9.4398561545,161.9858352,160.71225420000002,0.011807023999999998,0.0020087400000000006,1.6221652224226162,276.2429366158825,135.58371905227872,1.57197793438039,923.4920151593628,922.7178088695191,273.123947342347,922.9549636806594,1.5212847444190734,195.27531836644172,1.5211803460388913,273.0139190789774,114.25120592218163,252.0930348171989,114.22593659445464,1.4201518139710556,1.4195097375729775,252.02879998186708,224.11098291931702,262.9985142992157,1.419370137553732,7.928334497212126,250.18690252456943,42.743805010596,163.77824351269678,42.7344754002471,1.2612768942024173,1.4195093922856312,163.72241532359286,227.62506547582376,285.00455865706897,1.2610214660752532,9.403550060368785,161.91667135619727,133.49602720345433,0.011638946985801249,0.002048037487957137
1.622169783,275.90824225,134.27203630000002,1.5719781465,921.9498012,921.02334675,272.7999241,921.02334675,1.5212949635,192.1392836,1.5211908145000002,272.7999241,113.91369015,251.17298945,113.91369015,1.4201077025,1.419468784,251.17298945,224.18742744999997,263.34485795,1.4193298445,7.8854199375,249.27704675,42.793025345000004,163.40807675,42.793025345000004,1.2612662135,1.419468784,163.40807675,230.3706267,287.3369437,1.2610193035,9.404076315000001,161.62496055000003,160.7108734,0.011875255,0.001998181500000001,1.622166738944271,275.89491264284845,134.339582848633,1.5719751415697987,922.2359073158716,921.2997483930358,272.78748729883546,921.5468659062266,1.5212799004372983,192.61872076638792,1.5211757272867314,272.6583814974579,114.15324115082562,251.34134614129277,114.12612440382125,1.4201104281538781,1.419472615413032,251.26891421039696,224.32429946717008,263.6378260264034,1.4193331525833452,7.893537599626186,249.4014759264082,42.692689924942755,163.38714118306947,42.684914579040246,1.2612304009059778,1.4194723367587077,163.3411468483738,227.8117222206558,284.9209276779053,1.2609760988388499,9.360755666986368,161.5369115860086,133.52048847912948,0.011746566834059122,0.0019959260692296917
1.6221697735,275.90838840000004,134.2741504,1.5719781225,921.95024685,921.0238856999999,272.80006864999996,921.0238856999999,1.5212965535,192.14028639999998,1.521192404,272.80006864999996,113.86378235000001,251.05795175,113.86378235000001,1.4201032025,1.419464805,251.05795175,224.1884604,263.4529524,1.4193259615,7.881020348,249.15749215,42.73418357,163.35529724999998,42.73418357,1.261257094,1.419464805,163.35529724999998,230.38355539999998,287.17261035,1.2610103764999998,9.395757467500001,161.5791173,160.6935094,0.011946375500000004,0.0019445555,1.6221662860195698,275.89720406016005,134.35688178454905,1.5719748258471742,922.2495500651775,921.3156831014574,272.79081410838535,921.5652009235869,1.521279922112267,192.62815384180522,1.5211757621060442,272.66013525357545,114.15141245948632,251.3327780208408,114.12386992503153,1.4201106012766556,1.4194728159666468,251.25975249200064,224.32935337687667,263.66642042180683,1.4193333028830613,7.893120279910957,249.3891717506007,42.69411131030489,163.37626718033582,42.68527509545501,1.2612286788399867,1.419472539485423,163.33030942616577,227.83015598647228,284.91358621116825,1.2609746622133204,9.359031945936152,161.52695548630223,133.52199177730057,0.011745455999270743,0.0019949731314084784
1.622169769,275.90843129999996,134.2750618,1.571978119,921.95044065,921.0241198000001,272.8001111,921.0241198000001,1.521296736,192.1406929,1.5211925865,272.8001111,113.84258165,251.05053305,113.84258165,1.420102656,1.4194643185,251.05053305,224.17110295,263.44215655,1.4193254849999999,7.8804921345,249.1498301,42.677293289999994,163.3082979,42.677293289999994,1.261250874,1.4194643185,163.3082979,230.38758205,287.0841326,1.261004308,9.3895327595,161.53563165,160.66702385000002,0.011990095499999995,0.0019119075000000004,1.622166048122814,275.9033907113138,134.3677936939998,1.5719747093417364,922.2610926705524,921.3285687920044,272.79738294693817,921.5796570424154,1.5212799182257208,192.6558983112789,1.5211757524614902,272.66661722253303,114.14582132862877,251.3229376954118,114.11810379703664,1.4201105317673797,1.419472758314028,251.25029805758095,224.32892541405127,263.68497799157024,1.4193332554213498,7.89284411440911,249.3783305417602,42.69327051687895,163.36778226434524,42.68410403442965,1.2612274990318433,1.419472481152074,163.322053832229,227.8345463941372,284.89938563424715,1.2609735621879954,9.357635755872053,161.51887378299793,133.52253694570845,0.011743071069078922,0.001995083847309117
1.622169767,275.90844585,134.27539430000002,1.571978119,921.9505110499999,921.02420555,272.8001253,921.02420555,1.521296759,192.14083779999999,1.5211926095,272.8001253,113.82546865,251.05622805,113.82546865,1.420102584,1.419464251,251.05622805,224.15210725,263.41556349999996,1.419325417,7.880418363,249.15588305,42.626901315,163.27645475,42.626901315,1.261247192,1.419464251,163.27645475,230.37832895,287.04250555,1.2610007285,9.385864684,161.5052014,160.6396655,0.012020141500000006,0.0018916194999999993,1.6221659207243693,275.9094238989633,134.37326849932413,1.571974684165938,922.2677272499798,921.3358957856703,272.80337607857416,921.5879182780959,1.521280154657275,192.68131103413464,1.5211759765613568,272.672895857448,114.14088804672798,251.31835474239372,114.11315237165735,1.4201106379825301,1.4194728573341027,251.24631142447313,224.3260718824055,263.6951147631599,1.4193333744752243,7.8928255747512335,249.37367618314337,42.69087098380506,163.36047574583904,42.681670239968675,1.2612264143853413,1.4194725788106881,163.31499757497403,227.8245267504595,284.8781957108727,1.2609724892748446,9.356333684563861,161.51181018440957,133.5203681558569,0.011742151476593991,0.001994663180282382
1.622169766,275.90845105,134.27551595,1.571978119,921.95053705,921.0242368500001,272.80013045,921.0242368500001,1.521296762,192.1408906,1.5211926125000002,272.80013045,113.8092826,251.06343395,113.8092826,1.4201025725,1.4194642365,251.06343395,224.1333727,263.38772765,1.4193254015,7.8804025185,249.16349575,42.58249149,163.25316095,42.58249149,1.261244881,1.4194642365,163.25316095,230.3638709,287.0264022,1.2609984920000001,9.383580315,161.482237,160.61402865,0.012038798000000002,0.0018792370000000002,1.622165837401874,275.91502127835474,134.37608795753462,1.5719747126227581,922.2720220517605,921.3404142097496,272.80879315511856,921.5933484020844,1.5212804389730699,192.7041223676356,1.5211762532858664,272.67855996396366,114.13654589244847,251.31655677923737,114.10884357808261,1.4201108487726612,1.4194730546411578,251.2451058029692,224.32228178473292,263.70095329584217,1.419333596521786,7.8929217104173786,249.37215127604267,42.68713895982817,163.3540562420096,42.678025567172824,1.2612254430825676,1.4194727747562825,163.308863651524,227.80859541790576,284.85449753342255,1.2609715069061258,9.355119164258586,161.505454983878,133.5170793197395,0.011742908042672808,0.001993381428332341
1.622169766,275.90845294999997,134.27556035,1.571978119,921.95054645,921.0242483,272.80013235,921.0242483,1.521296762,192.1409098,1.521192613,272.80013235,113.79360315,251.07064665000001,113.79360315,1.420102569,1.4194642295,251.07064665000001,224.1151258,263.36041495,1.4193253934999999,7.880394076,249.1711133,42.543245569999996,163.23489295000002,42.543245569999996,1.2612433205,1.4194642295,163.23489295000002,230.34797215,287.02368920000004,1.2609969890000001,9.3820505765,161.4637673,160.5905473,0.012049072999999997,0.0018718360000000002,1.6221657770926816,275.92054666685755,134.3780188502577,1.571974758418152,922.275088172595,921.3435951402267,272.8139536268866,921.5973425154241,1.521280773415344,192.72533131601998,1.5211765810770528,272.6838250622382,114.1322839208265,251.31517129860322,114.1046278432118,1.4201110433590434,1.4194732494871112,251.24424147411054,224.3182872419577,263.7041242570535,1.4193338065031216,7.893009263729937,249.37113200268632,42.68291369506763,163.3494914969695,42.673838885109575,1.2612247358124715,1.4194729665913135,163.30452999449415,227.79448764068007,284.83327384508937,1.260970775964459,9.354190769540134,161.50093813844384,133.51257388164376,0.011745220986359963,0.001991451867070667
1.622169766,275.9084536,134.27557654999998,1.571978119,921.9505498999999,921.02425245,272.800133,921.02425245,1.521296762,192.1409168,1.521192613,272.800133,113.77836525000001,251.0776833,113.77836525000001,1.420102566,1.419464223,251.0776833,224.09738140000002,263.33382919999997,1.4193253855,7.88038666,249.17854469999997,42.508484465,163.2199061,42.508484465,1.261242199,1.419464223,163.2199061,230.33225125,287.02760225,1.260995915,9.3809597665,161.4483277,160.56908045,0.012053922000000005,0.0018674839999999996,1.6221657339559372,275.9259568699383,134.37967031057292,1.5719748028077907,922.2772404108119,921.3458476731473,272.8189306105716,921.6003097141718,1.5212811169760532,192.7450881719608,1.521176926376814,272.68874407483065,114.12832804796287,251.31631033663402,114.10067021455758,1.420111307058798,1.4194735131391871,251.2456962601837,224.31352577909192,263.7031912404989,1.419334072737284,7.893176785949558,249.3725043769408,42.67838717686226,163.34629763866246,42.669299403164416,1.261224250782415,1.4194732250331847,163.30147993549477,227.783665236233,284.8157015958626,1.2609702599379304,9.35351777474669,161.4978343607124,133.50616703874664,0.011749158004536938,0.00198903941827582
1.622169766,275.9084539,134.27558249999998,1.571978119,921.9505512,921.02425395,272.8001333,921.02425395,1.521296762,192.1409194,1.521192613,272.8001333,113.76354979999999,251.08452755000002,113.76354979999999,1.420102564,1.4194642175,251.08452755000002,224.08012789999998,263.3079753,1.4193253785,7.8803795125,249.18577299999998,42.4776557,163.20730225,42.4776557,1.2612413574999999,1.4194642175,163.20730225,230.3173571,287.03497204999996,1.260995112,9.380146250500001,161.43516160000001,160.54939990000003,0.012055551000000005,0.0018649619999999993,1.622165704190361,275.930550064226,134.38042803072648,1.5719748417966621,922.278277831308,921.3469263508839,272.82304098735244,921.6021581604373,1.5212814020890884,192.7610744499583,1.5211772230581315,272.69266626316966,114.1243604696018,251.31922870282398,114.09667600622413,1.4201115975951284,1.4194738048582967,251.24874193062416,224.30814428877076,263.6992446424113,1.4193343549295123,7.893386199812398,249.37555039888912,42.67365632486542,163.3435160050374,42.66453243783082,1.2612238335754662,1.4194735093951707,163.29880880028506,227.77431455986317,284.80016971485514,1.2609698004377277,9.352944152911544,161.49513474271436,133.49901448865398,0.011753704400552586,0.0019864324009090093
1.622169766,275.908454,134.27558464999998,1.571978119,921.9505516500001,921.02425455,272.80013335,921.02425455,1.521296762,192.1409203,1.521192612,272.80013335,113.74914385,251.09118289999998,113.74914385,1.420102561,1.4194642115,251.09118289999998,224.06335124999998,263.28283445,1.4193253715,7.8803725595,249.19280185000002,42.45029701,163.1965854,42.45029701,1.2612407105,1.4194642115,163.1965854,230.3034996,287.04385764999995,1.260994498,9.379524121,161.42384485,160.5313051,0.012055403499999994,0.001863531500000001,1.6221656850283543,275.93448796583874,134.3810356853277,1.5719748750263822,922.2787980299642,921.3474740386511,272.82650184417355,921.6035207007739,1.5212816537678615,192.77483728046994,1.5211774932045607,272.6958356977413,114.12013244392243,251.32338451658052,114.09239793957994,1.4201118870285856,1.419474094587579,251.25291742628784,224.30201461637174,263.6927639218108,1.4193346331515595,7.893602732371623,249.3798036214021,42.66826432032879,163.3410053195815,42.6590796270575,1.2612234793517896,1.4194737895156833,163.29638489897275,227.7654643701459,284.7870544401784,1.260969399829772,9.352469675591115,161.49262651647203,133.49283640852204,0.011760245272702445,0.0019831525924358566
1.622169766,275.908454,134.27558545,1.571978119,921.9505518,921.02425475,272.8001334,921.02425475,1.521296762,192.1409206,1.521192612,272.8001334,113.73513535000001,251.0976549,113.73513535000001,1.420102559,1.419464206,251.0976549,224.04703755,263.25838584999997,1.419325365,7.8803657965,249.1996371,42.42601261,163.1874524,42.426012615000005,1.26124021,1.419464206,163.1874524,230.2906956,287.0532581,1.2609940245,9.379045189,161.41411065,160.51463615,0.012054356499999997,0.0018627495,1.6221656823607897,275.93815353118714,134.38083682998985,1.5719749022219118,922.2784303931456,921.3472736650778,272.82968224624926,921.6040667187764,1.5212819109774889,192.78626394399092,1.5211777678270522,272.69875131293446,114.11442542864012,251.3280642040784,114.08672369973925,1.4201121384836226,1.4194743458817822,251.25766579107875,224.29438289149172,263.6831809352432,1.419334879199671,7.893799793854753,249.38473017951796,42.6609617022435,163.33798830919494,42.651756946043896,1.2612230995554656,1.4194740361233202,163.29357198269128,227.75561320712353,284.77448422840655,1.2609689807420559,9.352021012395486,161.48969623412427,133.49115485365084,0.01176760001868701,0.001979411721793644
1.622169767,275.9084542,134.2755867,1.571978119,921.950553,921.0242548,272.8001339,921.0242548,1.521296762,192.14092215,1.521192612,272.8001339,113.72151275,251.10394904999998,113.72151275,1.420102557,1.4194642005,251.10394904999998,224.0311732,263.23460945,1.4193253585,7.880359223,249.2062846,42.4044586,163.17969055,42.4044586,1.2612398255000001,1.4194642005,163.17969055,230.278888,287.06263955,1.2609936645,9.3786800035,161.40576405000002,160.49926449999998,0.012052919500000005,0.0018623575000000002,1.6221657038680302,275.941637539026,134.37937905033826,1.5719749266364909,922.2766941650128,921.3456907138482,272.83265983654445,921.6030648508818,1.521282186573469,192.79538096275766,1.521178067921058,272.70152626553653,114.10795082536244,251.33378137934147,114.08036410302869,1.4201124078391363,1.4194746030931025,251.26354063098103,224.2857644094795,263.67155764361485,1.4193351416956757,7.894023245520746,249.3909128161271,42.652774152164014,163.33492134746993,42.64353204800943,1.2612227409497752,1.4194742990423022,163.29066925491236,227.74742207408735,284.76315849654145,1.2609685907487722,9.351639968500216,161.48685941060788,133.4920728756565,0.011775253943509393,0.001975082197187827
1.622169767,275.9084542,134.2755868,1.571978119,921.950553,921.0242549,272.8001339,921.0242549,1.521296762,192.1409222,1.521192612,272.8001339,113.708265,251.11007035,113.708265,1.4201025545000001,1.4194641955,251.11007035,224.0157452,263.2114857,1.419325352,7.880352832,249.21274964999998,42.3853334,163.17312695,42.3853334,1.2612395379999999,1.4194641955,163.17312695,230.26800285000002,287.07173339999997,1.2609933965,9.37840822,161.39864039999998,160.48508345,0.012051375999999999,0.0018622019999999997,1.622165742603293,275.9448811675315,134.37665717169875,1.57197495182618,922.2741162420587,921.3429405865538,272.8352453820931,921.6008039689998,1.5212824634151367,192.80332437256314,1.5211783799842025,272.7041306125206,114.10124855015934,251.33874645449305,114.0737920515412,1.4201126463424854,1.419474812548575,251.26890290376946,224.27737680655213,263.66092311304254,1.4193353635617745,7.894222325076682,249.39666945630663,42.6433139914769,163.33179762286034,42.63396200396851,1.2612223868569048,1.419474523892752,163.28742443614894,227.74052427784636,284.75384419150254,1.2609681879027832,9.351300729780506,161.48366316828796,133.49241750527673,0.011784404928414597,0.0019698774632867563
1.622169767,275.9084542,134.2755868,1.571978119,921.950553,921.0242549,272.8001339,921.0242549,1.521296761,192.1409222,1.521192612,272.8001339,113.6953811,251.11602395,113.6953811,1.4201025525,1.41946419,251.11602395,224.000741,263.18899584999997,1.4193253455,7.8803466195,249.21903755,42.36837096,163.16760525,42.36837096,1.2612393305,1.41946419,163.16760525,230.25797405,287.08042450000005,1.260993206,9.378213864500001,161.39258690000003,160.4720018,0.012049879000000001,0.0018621944999999993,1.6221657766758746,275.9481363848142,134.37413340915796,1.5719749800190734,922.2720146097196,921.3404693124824,272.83778479448995,921.5986992115313,1.5212827150440826,192.81136061019606,1.521178668677851,272.70669457123597,114.0946443084974,251.343934102701,114.06730662073413,1.4201128982782618,1.4194750310629967,251.27456710538883,224.26894704309623,263.65011487359453,1.4193355942189887,7.894427481027664,249.40271936405787,42.6326849303845,163.3282351842226,42.623194662690544,1.2612219778253548,1.4194747622792616,163.2836644626728,227.73362152629196,284.74422117826964,1.2609677289780747,9.350913746352097,161.47991139275513,133.49089638143565,0.011794359992101346,0.001964119641648304
1.622169767,275.9084542,134.2755869,1.571978119,921.950553,921.0242549,272.8001339,921.0242549,1.521296761,192.1409222,1.521192612,272.8001339,113.68285065,251.12181465,113.68285065,1.42010255,1.419464185,251.12181465,223.98614824999999,263.1671215,1.4193253395,7.8803405815000005,249.2251535,42.35333557,163.16297874999998,42.35333557,1.2612391885,1.419464185,163.16297874999998,230.2487497,287.0886855,1.260993078,9.3780832765,161.3874576,160.4599393,0.012048505000000003,0.0018622819999999992,1.622165810103795,275.9508960940775,134.37187651195904,1.5719750095149299,922.2701526110963,921.338440530052,272.8398155236055,921.596820709229,1.521282917194307,192.8181171499221,1.5211789112260181,272.7086903087912,114.08722009673899,251.34874067568543,114.06005389457572,1.4201131031015672,1.4194752058012248,251.2800600325396,224.2598811910312,263.63825790552073,1.419335791258565,7.894591565870527,249.40865550421665,42.62098913578253,163.32404002863115,42.61131212808505,1.261221505418114,1.4194749551615697,163.27931617343265,227.7271498870026,284.73561593736366,1.2609672078360414,9.35048233064693,161.47545196484768,133.4901536451851,0.011805658485921975,0.001957659894566729
1.622169767,275.9084542,134.2755869,1.571978119,921.950553,921.0242549,272.8001339,921.0242549,1.521296761,192.1409222,1.521192612,272.8001339,113.67066345,251.12744705,113.67066345,1.420102548,1.4194641805,251.12744705,223.97195514999999,263.14584525,1.419325334,7.8803347125,249.2311023,42.34001778,163.1591113,42.34001778,1.2612391,1.4194641805,163.1591113,230.2402885,287.0965355,1.2609930015,9.378004497500001,161.383116,160.44882435,0.012047288499999996,0.0018624340000000007,1.622165861693385,275.9533718782992,134.36728214049123,1.5719750457089599,922.2661249785824,921.3338319378647,272.84144498134424,921.5926821599346,1.521283103499382,192.82021461678505,1.5211791271403787,272.71038696425285,114.07821652073699,251.35398862590677,114.05135436894479,1.420113311855625,1.4194753759837961,251.28631092249765,224.24937886952958,263.6242905294526,1.419336009773212,7.8947401492530345,249.41586247051958,42.6067947278241,163.31830773412463,42.59694703053097,1.2612209233297236,1.419475153987177,163.27355259626972,227.7190826368012,284.7265186927736,1.2609665668633123,9.349953255310332,161.46929113880043,133.49338454787494,0.011820088258274264,0.0019499674549030034
1.622169767,275.9084542,134.2755869,1.571978119,921.950553,921.0242549,272.8001339,921.0242549,1.521296761,192.1409222,1.521192612,272.8001339,113.6588097,251.13292575,113.6588097,1.4201025465,1.4194641755,251.13292575,223.95815034999998,263.12514975,1.419325328,7.8803290075,249.2368888,42.328231044999995,163.15588200000002,42.328231044999995,1.2612390549999999,1.4194641755,163.15588200000002,230.2325522,287.1040123,1.2609929659999999,9.3779673375,161.37944015,160.43859205,0.012046240500000001,0.0018626314999999997,1.6221659239421191,275.9553189684577,134.36128765002744,1.571975085803544,922.2603559085072,921.3274867747082,272.84242300416224,921.5865423795208,1.521283278094991,192.81913383565126,1.5211793179541693,272.71161149478,114.06840789914779,251.3605182032948,114.04204615745161,1.4201135390474569,1.419475544385996,251.2940982575053,224.237631808614,263.60659474715857,1.4193362502269773,7.894877245144179,249.42505278518476,42.59045111111941,163.31210216330027,42.58043426755399,1.2612203571997114,1.4194753614790045,163.26729051484025,227.71250198061725,284.7215890088017,1.260965958501925,9.349486088184538,161.46253525838551,133.50004689204223,0.011843826798470755,0.0019395179135338655
1.622169767,275.9084542,134.2755869,1.571978119,921.950553,921.0242549,272.8001339,921.0242549,1.521296761,192.1409222,1.521192612,272.8001339,113.64727975,251.1382551,113.64727975,1.4201025445,1.419464171,251.1382551,223.9447226,263.10501865000003,1.4193253225,7.8803234615,249.24251759999999,42.31780902,163.15318995,42.31780902,1.261239045,1.419464171,163.15318995,230.22549859999998,287.11115495,1.2609929635000001,9.377963612,161.37632775,160.42918345,0.012045358000000003,0.0018628629999999998,1.622165983451042,275.95757983353843,134.35531903293474,1.5719751249341023,922.2543122271242,921.3214939350848,272.8438587026634,921.5802606678219,1.521283491655716,192.81987866845716,1.5211795620108435,272.7131963861532,114.05940549369552,251.36719371993047,114.03355264857404,1.4201137664655188,1.4194757181293105,251.30151456762502,224.22659913443195,263.5898421167831,1.4193364756249904,7.895014341035323,249.4335301562704,42.574145151095315,163.30498182705557,42.56398416282376,1.2612197250124775,1.419475564258084,163.26020953419555,227.70912245688424,284.714305424851,1.260965317848915,9.348908411475806,161.45552062625936,133.50223647850882,0.011871429288653344,0.001927668963314281
1.622169767,275.9084542,134.2755869,1.571978119,921.950553,921.0242549,272.8001339,921.0242549,1.521296761,192.1409222,1.521192612,272.8001339,113.63606444999999,251.14343935,113.63606444999999,1.420102543,1.4194641665,251.14343935,223.9316612,263.0854358,1.4193253175,7.8803180699999995,249.2479932,42.30860321,163.1509567,42.30860321,1.2612390625,1.4194641665,163.1509567,230.219077,287.1179945,1.2609929885,9.3779872585,161.37369845,160.42054424999998,0.0120446315,0.0018631200000000004,1.6221660459498604,275.9595623923787,134.3495440965057,1.5719751770609511,922.2485595295389,921.3154643603065,272.84522354760696,921.5739856352423,1.5212836910155996,192.82031849554434,1.521179785393551,272.7147116425803,114.05090935100803,251.37533972628867,114.02549868112199,1.4201140574825886,1.4194759349680885,251.31028139158641,224.21534327713456,263.5714132098337,1.4193367372444619,7.895200491619319,249.44334197907966,42.557717887173865,163.29860672441586,42.54740627230952,1.2612191724863289,1.4194758137457337,163.25373049240716,227.7049897255157,284.7059606564836,1.260964766653292,9.34841891398984,161.449130378666,133.50379622463495,0.01189871417268419,0.0019155860845540653
1.622169767,275.9084542,134.2755869,1.571978119,921.950553,921.0242549,272.8001339,921.0242549,1.521296761,192.1409222,1.521192611,272.8001339,113.62515479999999,251.1484827,113.62515479999999,1.420102541,1.4194641625,251.1484827,223.91895565,263.06638554999995,1.419325312,7.8803128285,249.2533199,42.30048105,163.1491249,42.30048105,1.261239105,1.4194641625,163.1491249,230.21322745,287.1245498,1.2609930365,9.3780341905,161.3714932,160.4126243,0.012044048499999996,0.0018633964999999998,1.6221661080207568,275.9610819268932,134.3437551145323,1.571975231818729,922.2431045135879,921.3096318195418,272.8461204457127,921.5679376927188,1.5212838349672875,192.819781420257,1.5211799508594754,272.71580700028244,114.04098338180688,251.38261114407064,114.01599206144873,1.4201142830908078,1.4194760898604104,251.318116465688,224.20307188647124,263.5527306372488,1.4193369398268234,7.8953362125597595,249.45214127031588,42.540330995219655,163.29163144887627,42.52990424982114,1.2612185640404527,1.4194759924374338,163.2465839190958,227.69832978431748,284.6983104815526,1.2609641526009059,9.347873447826213,161.4419434939597,133.50197800629363,0.011921814982847993,0.001905126631658871
1.622169767,275.9084542,134.2755869,1.571978119,921.950553,921.0242549,272.8001339,921.0242549,1.521296761,192.1409222,1.521192611,272.8001339,113.61454205000001,251.15338895,113.61454205000001,1.420102539,1.419464158,251.15338895,223.9065959,263.047853,1.419325307,7.8803077315,249.25850194999998,42.293324185,163.14765465,42.29332419,1.2612391695,1.419464158,163.14765465,230.20788395,287.13082929999996,1.2609931049999998,9.3781018915,161.36967015,160.4053772,0.012043593500000001,0.0018636879999999996,1.6221661178018274,275.9618283494979,134.3443036299996,1.571975264706734,922.2441121659205,921.3110394438947,272.84689652718697,921.569645877479,1.5212838088576701,192.8207981059861,1.5211799324111748,272.71632334340774,114.03204974615214,251.38895081199283,114.00720767096199,1.4201144013244458,1.4194761860528362,251.32465044009783,224.19179963341273,263.5351010163581,1.4193370427421692,7.895439267332672,249.4589702753949,42.52827622750668,163.28658384089783,42.51785226015426,1.2612180790757994,1.4194761175870785,163.24194298565058,227.68765108395874,284.6912921937061,1.2609637023086115,9.347417360214159,161.437017269017,133.50355557808976,0.011925782583013095,0.0019023753738368662
1.622169767,275.9084542,134.2755869,1.571978119,921.950553,921.0242549,272.8001339,921.0242549,1.521296761,192.1409222,1.521192611,272.8001339,113.60421785,251.1581621,113.60421785,1.420102538,1.419464154,251.1581621,223.89457215,263.02982335,1.419325302,7.880302776000001,249.26354345,42.28702699,163.1465176,42.28702699,1.261239254,1.419464154,163.1465176,230.20297935,287.13683495,1.260993193,9.378188845,161.3681991,160.3987596,0.012043251500000005,0.0018639905000000002,1.6221661230035787,275.9624994450508,134.34548049876497,1.5719752886573581,922.245595364664,921.3128210989179,272.84763204630514,921.5717598187366,1.5212837882290795,192.8225640448939,1.5211799164605662,272.7168163588261,114.02350180663842,251.3941591890179,113.99872908659354,1.420114466789854,1.419476239359254,251.32985274504514,224.18138966354505,263.51890498638346,1.419337092240532,7.895496904379111,249.46432957172365,42.517711985290724,163.2828839099396,42.50730098179609,1.261217774166128,1.4194761853982878,163.23849129770772,227.67810715036666,284.6870715738671,1.2609634196130375,9.347124209987179,161.43333757609344,133.50285443506925,0.011927969007326272,0.001900591328304642
1.622169767,275.9084542,134.2755869,1.571978119,921.950553,921.0242549,272.8001339,921.0242549,1.521296761,192.1409222,1.521192611,272.8001339,113.59417400000001,251.16280595,113.59417400000001,1.420102536,1.41946415,251.16280595,223.88287485,263.01228255,1.419325297,7.8802979575,249.2684484,42.281495199999995,163.1456906,42.281495199999995,1.2612393575,1.41946415,163.1456906,230.1984514,287.14256745,1.260993299,9.378293924,161.36705519999998,160.39273105,0.012043008999999997,0.0018642999999999995,1.6221661264825276,275.96312752165795,134.3469050126537,1.571975307862864,922.2472728006741,921.3147580434603,272.8483186468737,921.5740106819396,1.5212837732808253,192.8246526710114,1.52117990498602,272.71728465383865,114.01531878600775,251.39890043482114,113.99057942670065,1.4201145139588824,1.4194762778990608,251.33454206411463,224.1715341380884,263.50357046234035,1.419337122867644,7.8955391730249405,249.46910612516203,42.50782618064827,163.27980937983,42.49742073313459,1.2612175549346352,1.4194762322639498,163.23557444227754,227.66909343530747,284.6846019083156,1.2609632156962345,9.34690987279609,161.43020720236476,133.50188145058107,0.011929428050358752,0.001899299427183654
1.622169767,275.9084542,134.2755869,1.571978119,921.950553,921.0242549,272.8001339,921.0242549,1.521296761,192.1409222,1.521192611,272.8001339,113.58440265,251.167324,113.58440265,1.4201025345,1.419464146,251.167324,223.87149485,262.9952167,1.4193252925,7.880293271999999,249.27322045,42.276644745,163.14515035,42.276644745,1.2612394784999998,1.419464146,163.14515035,230.1942474,287.14803085,1.2609934214999998,9.37841589,161.36621365000002,160.3872538,0.012042853000000001,0.001864614499999999,1.6221661300337231,275.9636951961536,134.34835170371767,1.5719753248263848,922.2489710743985,921.3166899786635,272.84892673404045,921.5762089470783,1.5212837574855032,192.82665952023325,1.5211798931899887,272.71769341097223,114.00738187346099,251.40354536490852,113.98266885159114,1.420114559487741,1.4194763148679517,251.33914469903985,224.1619754093683,263.48865683743696,1.4193371523088576,7.895580776372043,249.4737836586588,42.49810674445537,163.2768834423383,42.48770191434032,1.2612173604255483,1.41947627585687,163.232762535114,227.6602036030831,284.68295224890426,1.2609630337121576,9.346718494185021,161.42718147269989,133.50141501221572,0.011930634097613281,0.001898197399750673
1.622169767,275.9084542,134.2755869,1.571978119,921.950553,921.0242549,272.8001339,921.0242549,1.52129676,192.1409222,1.521192611,272.8001339,113.57489605,251.1717199,113.57489605,1.420102533,1.4194641424999999,251.1717199,223.8604231,262.97861255,1.419325288,7.8802887145,249.27786355,42.27240061,163.1448702,42.27240061,1.2612396155,1.4194641424999999,163.1448702,230.19032675,287.153235,1.2609935595000001,9.378553079,161.3656466,160.38229230000002,0.012042772000000004,0.0018649320000000008,1.6221661340628573,275.96418947506027,134.3497821315198,1.5719753407897634,922.250644045184,921.3185751600329,272.84944290307845,921.5783203836661,1.5212837378534627,192.82841219802282,1.521179878500591,272.71802661418934,113.9996149832647,251.40823405583203,113.97493093256755,1.4201146075334121,1.419476353721942,251.34381475496616,224.1525863265845,263.4739360659856,1.4193371854882288,7.895625351386795,249.4785391440245,42.488340083081056,163.2739469091081,42.47793432705843,1.2612171710179103,1.4194763210207062,163.22992035441203,227.65122457521764,284.681794593177,1.260962854605552,9.346532541109031,161.4241037938442,133.50167199895841,0.011931803857601763,0.0018971620966983123
1.622169767,275.9084542,134.2755869,1.571978119,921.950553,921.0242549,272.8001339,921.0242549,1.52129676,192.1409222,1.521192611,272.8001339,113.56564675,251.175997,113.56564675,1.420102531,1.419464139,251.175997,223.84965105,262.96245715,1.4193252835,7.8802842835,249.28238119999997,42.268695885,163.1448193,42.268695885,1.261239766,1.419464139,163.1448193,230.18666135,287.15819650000003,1.2609937105,9.378703316500001,161.36532195,160.3778135,0.0120427565,0.0018652500000000004,1.6221661389700648,275.96458735641113,134.35113198225193,1.5719753563280816,922.2522515260099,921.3203668337347,272.8498467857658,921.5803241194552,1.5212837117936728,192.82981345617995,1.5211798588652683,272.71826198030715,113.99199499706143,251.41307685190088,113.96734401445978,1.420114662054927,1.419476397759955,251.34865859794496,224.14330097208517,263.4592471083153,1.419337225731429,7.895675670147229,249.48349393335775,42.47842372096827,163.27093797166515,42.468018891007134,1.2612169825259167,1.4194763713685654,163.22700047162803,227.6420076923094,284.68111929400277,1.2609626745397893,9.346347901583641,161.4209179910746,133.50279798711423,0.011933101316427774,0.0018961346425377878
1.622169767,275.9084542,134.2755869,1.571978119,921.950553,921.0242549,272.8001339,921.0242549,1.52129676,192.1409222,1.521192611,272.8001339,113.5566476,251.18015865,113.5566476,1.42010253,1.4194641355,251.18015865,223.8391702,262.9467379,1.4193252795,7.8802799735,249.2867769,42.26547086,163.1449634,42.26547086,1.261239928,1.4194641355,163.1449634,230.1832334,287.162937,1.2609938715,9.378864045,161.36520785,160.37378645,0.012042798500000002,0.0018655689999999999,1.6221661448275924,275.96489235195673,134.3524145622192,1.5719753720719847,922.2537964936926,921.3220683393286,272.8501389043647,921.5822226591154,1.5212836782099284,192.8308765558228,1.521179833789428,272.7184009020246,113.98449206583267,251.41806202772358,113.95988058934905,1.420114722203922,1.4194764461441691,251.35365989618097,224.13410395393137,263.44457447984246,1.4193372724970696,7.895730268996145,249.48864002079097,42.46829067861136,163.26785814368628,42.45789233061705,1.261216793510698,1.4194764264815367,163.22400793235173,227.63245880340392,284.6809167042505,1.2609624912768362,9.34616634604661,161.4176121334764,133.5048479391657,0.011934570439138065,0.0018951094173203118
1.622169767,275.9084542,134.2755869,1.571978119,921.950553,921.0242549,272.8001339,921.0242549,1.52129676,192.1409222,1.521192611,272.8001339,113.5478915,251.1842081,113.5478915,1.420102529,1.419464132,251.1842081,223.82897245,262.93144265,1.419325275,7.880275781,249.29105415,42.26267225,163.14526775000002,42.26267225,1.2612400975,1.419464132,163.14526775000002,230.18003165,287.16748055,1.2609940405,9.379032575499998,161.36525925,160.3701823,0.012042892000000005,0.0018658875,1.6221661516076527,275.96510920256054,134.35362173979073,1.5719753880075815,922.2552506684767,921.3236613092367,272.8503283114181,921.5840059839677,1.5212836388461923,192.83158381546048,1.521179804212796,272.7184586990299,113.97710297056662,251.42318099863851,113.95253831613591,1.4201147883197427,1.4194764995029507,251.35880106158695,224.12499426830095,263.4299102975062,1.4193373261718567,7.895788438281566,249.49396729364923,42.45790422531367,163.26467841303054,42.44752223645021,1.2612166017485449,1.4194764866214393,163.2209215451062,227.6225927744414,284.68111929400277,1.2609623039214795,9.345986903612717,161.41417205308855,133.50781294227784,0.011936215459624361,0.0018940766834551867
1.622169767,275.9084542,134.2755869,1.571978119,921.950553,921.0242549,272.8001339,921.0242549,1.52129676,192.1409222,1.521192611,272.8001339,113.5393717,251.18814845,113.5393717,1.420102527,1.4194641285,251.18814845,223.81904989999998,262.91655955,1.419325271,7.880271704,249.29521615,42.260252484999995,163.14570014999998,42.260252484999995,1.2612402729999999,1.4194641285,163.14570014999998,230.17704750000001,287.17185015,1.2609942145,9.379206393,161.36545285,160.36697405,0.0120430295,0.0018662049999999997,1.6221661591212932,275.96526143695206,134.35475868964068,1.5719754036875866,922.2566267018319,921.3251591016976,272.850436941934,921.5856816080213,1.5212835954464277,192.83203690366585,1.5211797718417162,272.71845591363206,113.9698198100525,251.42837409077822,113.94531075679681,1.4201148585642671,1.4194765557417452,251.3640251422613,224.1159822880224,263.41531368426257,1.4193373845902368,7.895848891759285,249.49941170499162,42.44728936264182,163.26139499550555,42.43693422739568,1.2612164040347018,1.419476550688632,163.2177387870966,227.61254835419675,284.6816209448179,1.260962109404416,9.345807575400615,161.41060222400395,133.51141966951045,0.011938043958665726,0.0018930211230176969
1.622169767,275.9084542,134.2755869,1.571978119,921.950553,921.0242549,272.8001339,921.0242549,1.52129676,192.1409222,1.521192611,272.8001339,113.5310816,251.1919827,113.5310816,1.420102526,1.4194641255,251.1919827,223.8093948,262.90207714999997,1.419325267,7.8802677375000005,249.29926615,42.258169105,163.1462334,42.25816911,1.261240452,1.4194641255,163.1462334,230.17427149999997,287.17606515,1.2609943915000001,9.379383415,161.36575764999998,160.3641366,0.012043206500000004,0.0018665209999999997,1.6221661672518082,275.9653645068342,134.3558194978557,1.5719754190286546,922.2578955697986,921.3265583771516,272.85049177945405,921.587252870836,1.5212835510501126,192.83229549547087,1.521179738778207,272.7184130881402,113.96265721616213,251.43359754330663,113.938212250566,1.4201149319760165,1.4194766144940052,251.36927351124666,224.10709177021891,263.40085192766645,1.4193374467209943,7.895910498421465,249.50490710106988,42.43658529684952,163.2580664199524,42.42626689238345,1.2612162063208585,1.419476617819111,163.21452373731265,227.6025832189664,284.68240236243383,1.2609619157186223,9.345634300943443,161.40698541694297,133.51531754935326,0.011940038498673856,0.0018919412033177952
1.622169767,275.9084542,134.2755869,1.571978119,921.950553,921.0242549,272.8001339,921.0242549,1.52129676,192.1409222,1.521192611,272.8001339,113.5230148,251.19571385,113.5230148,1.420102525,1.419464122,251.19571385,223.7999997,262.88798429999997,1.419325263,7.880263879999999,249.3032072,42.25638421,163.14684685,42.25638421,1.2612406329999999,1.419464122,163.14684685,230.171691,287.18013955,1.2609945699999998,9.379562144000001,161.3661524,160.36164639999998,0.0120434175,0.0018668354999999992,1.622166176082559,275.9654224507202,134.3567509392152,1.5719754337557463,922.2590155969482,921.3278090422053,272.8505010060844,921.5886638347874,1.5212835066039703,192.83239716404378,1.5211797061845604,272.71833892692257,113.95562455329348,251.438798801344,113.93125245447878,1.420115006603754,1.4194766736128124,251.37448544776555,224.09835048730216,263.3866114598488,1.4193375102696735,7.895972105083645,249.51038058635257,42.425861168071656,163.25469697512233,42.41558844556391,1.2612160091956441,1.4194766851328633,163.21128043222612,227.59278160907797,284.6834249583262,1.2609617233756485,9.345466394910456,161.40332660312004,133.51936546191865,0.011942192764762815,0.0018908360832780536
1.622169767,275.9084542,134.2755869,1.571978119,921.950553,921.0242549,272.8001339,921.0242549,1.52129676,192.1409222,1.521192611,272.8001339,113.51516509999999,251.19934469999998,113.51516509999999,1.420102523,1.419464119,251.19934469999998,223.79085750000002,262.87427019999996,1.4193252594999999,7.880260127,249.30704244999998,42.25486396,163.14752670000001,42.25486396,1.2612408144999998,1.419464119,163.14752670000001,230.1692897,287.1840817,1.26099475,9.379741689500001,161.36662265,160.3594813,0.012043657999999997,0.0018671475,1.6221661855301839,275.96546107997756,134.35757075545942,1.5719754478799748,922.2600038999744,921.3289411528948,272.8504884717941,921.5899353721236,1.5212834646492035,192.83241042516198,1.5211796761875247,272.7182543204631,113.94872972265729,251.44392803197647,113.92443751392129,1.420115080496243,1.4194767316319783,251.3796107001402,224.08978520786167,263.37267251910714,1.4193375730449407,7.896033379096462,249.51577022070597,42.41521142667105,163.25133560323584,42.40498994202471,1.2612158150135733,1.4194767510066095,163.2080472183191,227.5832228095457,284.6846115554467,1.2609615344216967,9.345305342184936,161.39967698604377,133.52349953188914,0.011944310137501067,0.0018897589797607394
1.622169767,275.9084542,134.2755869,1.571978119,921.950553,921.0242549,272.8001339,921.0242549,1.52129676,192.1409222,1.521192611,272.8001339,113.50752645,251.2028781,113.50752645,1.420102522,1.419464116,251.2028781,223.78196100000002,262.86092444999997,1.419325256,7.880256476,249.31077470000002,42.25357817,163.1482648,42.25357817,1.261240997,1.419464116,163.1482648,230.16704835,287.18789515,1.2609949299999998,9.3799216695,161.3671597,160.35762075000002,0.012043922999999998,0.0018674564999999997,1.6221661958003082,275.9654893495705,134.3583003845244,1.5719754613096604,922.2608842934083,921.3299663976785,272.850466014524,921.5910925295418,1.521283426132535,192.832368431621,1.5211796498999326,272.7181655359068,113.94195867765667,251.44892995835846,113.91774782218543,1.420115152720283,1.4194767871376786,251.3845990166928,224.08140262404484,263.35909113148085,1.4193376338351174,7.896093300335198,249.52101322127353,42.40464533248719,163.24797423134936,42.39447693766948,1.2612156193272288,1.419476813921797,163.20480845426334,227.57387213317588,284.6858126232637,1.260961343741262,9.345146516784345,161.39602438623888,133.52783562611978,0.011946209999873305,0.0018887517135083001
1.622169767,275.9084542,134.2755869,1.571978119,921.950553,921.0242549,272.8001339,921.0242549,1.52129676,192.1409222,1.52119261,272.8001339,113.50009305,251.2063167,113.50009305,1.420102521,1.419464113,251.2063167,223.7733035,262.8479367,1.4193252525,7.8802529240000005,249.31440685,42.252499924999995,163.14905670000002,42.252499924999995,1.2612411799999999,1.419464113,163.14905670000002,230.16494649999999,287.19158055,1.26099511,9.380102026,161.36775845,160.35604510000002,0.012044208499999997,0.0018677615000000005,1.622166206954063,275.96559996971655,134.35894056564928,1.5719754736197422,922.261677614964,921.3308780974373,272.8505023987833,921.592107755675,1.5212833890608646,192.83237948255285,1.5211796266293551,272.7181324593074,113.93536438566755,251.4538629980654,113.91122434851196,1.42011522618859,1.4194768456281193,251.38952451864805,224.07323887344756,263.34584477393906,1.4193376984923538,7.896158322197514,249.52617995541797,42.394192208345146,163.24472663751155,42.38407227343548,1.2612154348248301,1.4194768779104439,163.2016484014076,227.56479399904262,284.6872114572675,1.260961157089287,9.34500025578078,161.39247618193707,133.53223708114044,0.011947881950616234,0.001887822111795575
1.622169767,275.9084542,134.2755869,1.571978119,921.950553,921.0242549,272.8001339,921.0242549,1.52129676,192.1409222,1.52119261,272.8001339,113.4928591,251.20966314999998,113.4928591,1.42010252,1.4194641104999999,251.20966314999998,223.76487835,262.83529715,1.419325249,7.8802494685,249.31794165000002,42.251605194999996,163.1498997,42.251605194999996,1.261241363,1.4194641104999999,163.1498997,230.1629648,287.19513774999996,1.260995291,9.380282817000001,161.36841555,160.354736,0.012044510500000001,0.0018680620000000006,1.622166217963325,275.9657592276094,134.35951125829177,1.5719754848741185,922.2624069349683,921.3316862708499,272.8505824789713,921.5930227950187,1.5212833566729804,192.83251430392127,1.5211796069940324,272.71814360089877,113.92894655405252,251.4586329292014,113.90487470147416,1.4201152979318907,1.419476902128733,251.39429675298595,224.06530800957935,263.33297426947524,1.419337762169935,7.896222368288362,249.5311941567162,42.38394218334931,163.241592064884,42.373867313071635,1.2612152584324268,1.4194769395688986,163.1985811874031,227.55613706654762,284.68872123327844,1.2609609763201424,9.34486398918394,161.38902267927023,133.5363043048484,0.011949473972029154,0.0018869345013572281
1.622169767,275.9084542,134.2755869,1.571978119,921.950553,921.0242549,272.8001339,921.0242549,1.52129676,192.1409222,1.52119261,272.8001339,113.48581924999999,251.21291995,113.48581924999999,1.420102519,1.419464108,251.21291995,223.7566792,262.82299615,1.4193252455,7.880246107,249.32138175,42.250872595000004,163.1507905,42.250872595000004,1.261241547,1.419464108,163.1507905,230.16108665000002,287.19856745000004,1.2609954719999998,9.380464034,161.3691272,160.35367615,0.012044824999999999,0.0018683579999999999,1.6221662280667264,275.9659493889081,134.360072340825,1.571975495145022,922.2631176498705,921.3324693975658,272.85069459123457,921.5939228063439,1.52128332802216,192.83278394665814,1.5211795894359983,272.7181780701971,113.92275610172547,251.46322132615126,113.89875331163468,1.420115366960427,1.4194769565871557,251.3988939439794,224.05765353139822,263.32048834576386,1.4193378237850844,7.896284374129779,249.53601832399883,42.37406903382083,163.23860608487436,42.364037067543,1.2612150950552583,1.41947699860916,163.19565777270626,227.54806486103283,284.69032265703447,1.2609608082758155,9.344740401205918,161.3857290011474,133.53959611191075,0.011950756093105367,0.0018861802773901377
1.622169767,275.9084542,134.2755869,1.571978119,921.950553,921.0242549,272.8001339,921.0242549,1.52129676,192.1409222,1.52119261,272.8001339,113.47896800000001,251.21608965000001,113.47896800000001,1.420102518,1.419464105,251.21608965000001,223.74869975000001,262.81102450000003,1.419325242,7.880242836,249.32472984999998,42.250283034999995,163.15172415,42.250283034999995,1.2612417315000002,1.419464105,163.15172415,230.1592996,287.20187275,1.260995654,9.3806454785,161.36988815,160.352849,0.012045149499999994,0.0018686485,1.6221662371531187,275.9661699268501,134.36064525118502,1.5719755045963644,922.263820922732,921.3332408358233,272.8508432618445,921.5948236525592,1.5212833055001236,192.83323482467713,1.5211795757605153,272.7182396971244,113.91678395692588,251.46759029077455,113.89285198514538,1.4201154314360775,1.419477007380108,251.40327337770228,224.05027811576312,263.3084019243128,1.4193378819198803,7.896342366002206,249.5406149560965,42.36459467471317,163.23577197711597,42.35460252581893,1.261214945805179,1.4194770534603118,163.19288471658376,227.5406913547062,284.69203502279777,1.2609606544909577,9.344629491846714,161.3826060842404,133.5420411996475,0.011951863515503943,0.0018855160148575452
1.622169767,275.9084542,134.2755869,1.571978119,921.950553,921.0242549,272.8001339,921.0242549,1.52129676,192.1409222,1.52119261,272.8001339,113.47230025,251.21917445,113.47230025,1.420102517,1.419464102,251.21917445,223.74093395,262.79937305,1.419325239,7.880239653,249.32798835,42.249819515,163.15269385,42.249819515,1.261241916,1.419464102,163.15269385,230.15759535,287.20505915,1.2609958350000001,9.380826727999999,161.37069105,160.3522393,0.012045482500000001,0.001868934,1.6221662451057959,275.9664227728983,134.36124255643782,1.571975513339273,922.2645390796749,921.3340139438604,272.8510276203643,921.5957487105818,1.5212832866653234,192.8338536768601,1.52117956356881,272.71832917803016,113.9110239742676,251.47180954727435,113.88716194288328,1.4201154935363092,1.41947705654978,251.4074961936959,224.04314696350767,263.296626602226,1.4193379381984874,7.896398095858959,249.54505273492617,42.35546817690912,163.23307157748576,42.345516462718386,1.2612148087200927,1.4194771060598175,163.19024335035354,227.5338728434795,284.69381009491286,1.260960513047255,9.344528576894234,161.37963006671987,133.5435623234886,0.011952835169688307,0.0018849272343453099
1.622169767,275.9084542,134.2755869,1.571978119,921.950553,921.0242549,272.8001339,921.0242549,1.52129676,192.1409222,1.52119261,272.8001339,113.46581090000001,251.22217690000002,113.46581090000001,1.420102516,1.4194641,251.22217690000002,223.7333759,262.78803305,1.419325236,7.8802365565,249.3311598,42.24946689,163.15369075,42.24946689,1.261242099,1.4194641,163.15369075,230.15596935000002,287.2081342,1.260996015,9.3810071725,161.37152705,160.35183239999998,0.012045821,0.0018692134999999997,1.622166251869184,275.9667103852781,134.36190713245543,1.5719755212876243,922.2653197497613,921.33484549419,272.85125967882215,921.5967572575956,1.5212832749558576,192.83469354767982,1.5211795567434334,272.71845173553527,113.90550336903219,251.4758763736847,113.88170630320562,1.420115553854977,1.4194771052481774,251.41155485420862,224.0362918623319,263.2852322008991,1.4193379929302707,7.896452184645516,249.54929668748716,42.346769483689634,163.23056492850165,42.33685758687643,1.2612146894900775,1.4194771573502263,163.1877977530053,227.5275349976517,284.695575519897,1.2609603900833126,9.344442739218186,161.37686855710214,133.5443793333642,0.011953528739654096,0.0018844619968604894
1.622169767,275.9084542,134.2755869,1.571978119,921.950553,921.0242549,272.8001339,921.0242549,1.52129676,192.1409222,1.52119261,272.8001339,113.4594951,251.22509915,113.4594951,1.420102515,1.419464097,251.22509915,223.72601995000002,262.7769959,1.419325233,7.880233543,249.33424655,42.249211665000004,163.15470555000002,42.249211665000004,1.261242281,1.419464097,163.15470555000002,230.1544193,287.21110680000004,1.260996194,9.3811861105,161.37238630000002,160.35161455,0.012046164,0.0018694875000000001,1.6221662581713057,275.9669841262428,134.3626426754338,1.5719755291998592,922.2661554909499,921.3357121098948,272.85148355517384,921.597819237564,1.521283260954326,192.83554225924502,1.5211795466290166,272.71856558867216,113.90009601448462,251.47992728706376,113.87635747619127,1.4201156142302025,1.4194771538942108,251.4155959266341,224.02954350090695,263.273944502431,1.4193380473526893,7.896506938730802,249.55351957197544,42.33815845028401,163.22810722173804,42.3282897661221,1.2612145737264313,1.4194772083264517,163.1853990796417,227.5211178668097,284.6973795334053,1.2609602699968416,9.344360956415725,161.37413637764956,133.54495569669461,0.011953985387374268,0.001884099083746744
1.622169767,275.9084542,134.2755869,1.571978119,921.950553,921.0242549,272.8001339,921.0242549,1.52129676,192.1409222,1.52119261,272.8001339,113.45334805,251.22794340000002,113.45334805,1.420102514,1.419464095,251.22794340000002,223.71886055,262.7662534,1.41932523,7.8802306105,249.33725099999998,42.249041829999996,163.15572915,42.249041829999996,1.2612424610000001,1.419464095,163.15572915,230.152944,287.21398550000004,1.260996371,9.381362860500001,161.37325965,160.35157305,0.012046510499999996,0.0018697565000000006,1.6221662641510965,275.96725224840634,134.36337821841215,1.5719755370204145,922.267003139404,921.3365837349388,272.85170708335085,921.5988778779724,1.5212832472019322,192.8364307541648,1.5211795370339218,272.71867874545956,113.89481420139722,251.48392166730525,113.87113331272371,1.4201156745205914,1.4194772023831528,251.41957879086607,224.022934670755,263.2628738696731,1.4193381016719864,7.896561714992711,249.55768262313734,42.32963939795069,163.22566868821548,42.31981330911672,1.2612144588130265,1.4194772588575846,163.1830200840781,227.51478497629532,284.69919319404465,1.2609601506137524,9.344279059391472,161.37142035464393,133.54573854070267,0.011954508883051072,0.0018837216695733253
1.622169767,275.9084542,134.2755869,1.571978119,921.950553,921.0242549,272.8001339,921.0242549,1.521296759,192.1409222,1.52119261,272.8001339,113.4473651,251.23071175,113.4473651,1.420102513,1.4194640925,251.23071175,223.7118923,262.75579745000005,1.419325227,7.880227757,249.34017525000002,42.24894669,163.15675405000002,42.248946695,1.2612426380000001,1.4194640925,163.15675405000002,230.15154165,287.21677784999997,1.2609965445,9.3815368645,161.37413935,160.35169565,0.012046858499999997,0.0018700200000000002,1.6221662699308201,275.9675010559412,134.3641137613905,1.5719755450715582,922.2678559972866,921.3374603693223,272.8519105914808,921.5999348486013,1.5212832323035055,192.83732587964374,1.5211795264991013,272.7187821533545,113.88965880768228,251.48791479125478,113.86603410544038,1.4201157373843505,1.4194772526524662,251.4235679365578,224.01644328778974,263.25197131503324,1.419338158105276,7.8966185315040525,249.56185073063668,42.32116355820166,163.22322107263136,42.31138099067925,1.2612143413488974,1.4194773111690888,163.18062847454013,227.5084719070345,284.70104061964275,1.2609600288647425,9.344194192600648,161.36868693238773,133.54673826369591,0.011955081970027976,0.0018833345538627406
1.622169767,275.9084542,134.2755869,1.571978119,921.950553,921.0242549,272.8001339,921.0242549,1.521296759,192.1409222,1.52119261,272.8001339,113.44154185,251.23340635,113.44154185,1.420102512,1.41946409,251.23340635,223.70510995,262.74562019999996,1.4193252245,7.8802249799999995,249.3430216,42.24891843499999,163.1577747,42.24891843499999,1.2612428119999999,1.41946409,163.1577747,230.15020945,287.21948955,1.2609967155000001,9.381707755,161.37501965,160.35197115,0.012047208000000005,0.0018702784999999995,1.622166275427115,275.9677345873607,134.36486482839152,1.5719755531615962,922.2687252276592,921.3383637201822,272.8521048729804,921.6010001681291,1.5212832164085286,192.8382585782909,1.5211795153213106,272.71887267878446,113.88463773455061,251.49188216121945,113.86106863346427,1.420115801039916,1.4194773030788712,251.4275294438267,224.01009177070483,263.2412562646256,1.41933821482215,7.896676545553103,249.5659817583281,42.31277784755704,163.22080448742418,42.30303818402283,1.2612142252582352,1.419477363480593,163.1782676430996,227.50219352496745,284.7028832216753,1.2609599087782715,9.344111039136694,161.36597762052156,133.5479771477618,0.011955676528068945,0.0018829464424454964
1.622169767,275.9084542,134.2755869,1.571978119,921.950553,921.0242549,272.8001339,921.0242549,1.521296759,192.1409222,1.52119261,272.8001339,113.43587385000001,251.23602914999998,113.43587385000001,1.420102511,1.419464088,251.23602914999998,223.6985085,262.73571415000004,1.419325222,7.8802222775,249.34579215,42.248943495,163.15878795,42.248943495,1.2612429825,1.419464088,163.15878795,230.14894285000003,287.22212425,1.260996883,9.381875371500001,161.37589715000001,160.35238875,0.0120475575,0.0018705315,1.6221662806177513,275.96795266707727,134.36564176876362,1.5719755615266733,922.2696212493788,921.3392954572984,272.85229062419916,921.6020880296846,1.5212831995668288,192.83922221954722,1.5211795037231162,272.7189538034966,113.87974249551652,251.49581121427977,113.85622606921034,1.4201158650348271,1.4194773539241872,251.43144865593345,224.00387208892346,263.23073913535177,1.419338271539024,7.896734870074894,249.57006348672942,42.304468684918874,163.21839395692467,42.29477346867887,1.2612141087097508,1.4194774157659154,163.17591387548467,227.49593496415395,284.7047402944045,1.2609597883401096,9.344026857676617,161.36327054570188,133.54928881998023,0.01195620121180775,0.001882586069041073
1.622169767,275.9084542,134.2755869,1.571978119,921.950553,921.0242549,272.8001339,921.0242549,1.521296759,192.1409222,1.52119261,272.8001339,113.43035689999999,251.23858215,113.43035689999999,1.42010251,1.419464086,251.23858215,223.69208294999999,262.72607175,1.419325219,7.8802196475,249.3484889,42.249019454999996,163.15979270000003,42.249019454999996,1.26124315,1.419464086,163.15979270000003,230.14773605,287.2246837,1.260997047,9.382039733500001,161.37677044999998,160.35293835,0.012047905499999996,0.0018707790000000004,1.62216628560832,275.9681619674172,134.36643053696253,1.5719755701140041,922.2705477834659,921.3402522411111,272.8524674969622,921.603196763488,1.5212831825756465,192.84023227471727,1.5211794922732995,272.7190317946363,113.87498362552776,251.49969252824613,113.85151577707647,1.4201159302174473,1.4194774055025974,251.43532222276616,223.99780130742144,263.2204635655843,1.4193383291324313,7.89679452519414,249.5740929663105,42.29623298367403,163.21600133826874,42.286581597405004,1.2612139907223963,1.4194774685486946,163.17357726287491,227.48963180551993,284.7065346607817,1.2609596663353244,9.343941876664003,161.3605704305824,133.5507772634263,0.011956631224566232,0.0018822467731437358
1.622169767,275.9084542,134.2755869,1.571978119,921.950553,921.0242549,272.8001339,921.0242549,1.521296759,192.1409222,1.52119261,272.8001339,113.4249869,251.2410672,113.4249869,1.420102509,1.419464084,251.2410672,223.6858285,262.716686,1.419325217,7.8802170875,249.35111395,42.249137925,163.1607889,42.249137925,1.261243314,1.419464084,163.1607889,230.14658265,287.2271688,1.260997208,9.382200976,161.37763945,160.35361039999998,0.012048251499999997,0.0018710210000000005,1.6221662904488388,275.9683519531284,134.36724222157582,1.5719755787291168,922.271507806737,921.3412374111801,272.85263026864874,921.6043263695391,1.5212831640398115,192.84122022802362,1.5211794798095684,272.7190937697383,113.8703183995186,251.5035135401991,113.84689620254707,1.4201159946082615,1.4194774561908217,251.43914637544898,223.9918419501734,263.210402527686,1.419338385952427,7.896854512962749,249.57806514073388,42.28801611076948,163.21357087768976,42.27840577651948,1.2612138650174651,1.4194775201009227,163.17120230378308,227.48330387031893,284.70832420359346,1.2609595355062937,9.343851355894518,161.35781538354345,133.55211418867728,0.011956870189118332,0.0018819617610438552
1.622169767,275.9084542,134.2755869,1.571978119,921.950553,921.0242549,272.8001339,921.0242549,1.521296759,192.1409222,1.52119261,272.8001339,113.41975975,251.24348615,113.41975975,1.420102508,1.419464082,251.24348615,223.67974049999998,262.70754980000004,1.419325214,7.8802145965,249.35366915,42.24929298,163.16177735000002,42.24929298,1.2612434750000001,1.419464082,163.16177735000002,230.14547615,287.22957959999997,1.2609973665,9.382359276999999,161.37850465,160.35439595,0.012048594499999994,0.0018712579999999993,1.6221662949836986,275.9685257847865,134.36807238716847,1.5719755872831096,922.2724953655592,921.342254307065,272.8527761538608,921.605485196737,1.5212831441088057,192.84221481188908,1.5211794662824631,272.7191407733269,113.86575149968802,251.50727299384675,113.84237173518365,1.4201160590556332,1.4194775066695906,251.4429181826341,223.98599736325306,263.20055827396004,1.4193384427724225,7.896915099500213,249.58197874591522,42.279874859887464,163.21111569372104,42.270306503639816,1.261213732118183,1.419477571626969,163.16880211674254,227.47698584574476,284.7100558636188,1.2609593972597812,9.343754381593833,161.35503026065717,133.55350310546578,0.011956928677673284,0.0018817300312204293
1.622169767,275.9084542,134.2755869,1.571978119,921.950553,921.0242549,272.8001339,921.0242549,1.521296759,192.1409222,1.52119261,272.8001339,113.41467175,251.24584085,113.41467175,1.420102508,1.41946408,251.24584085,223.67381440000003,262.6986564,1.419325212,7.8802121715,249.3561565,42.249479355,163.1627584,42.249479355,1.261243634,1.41946408,163.1627584,230.1444111,287.23191695,1.260997522,9.3825147865,161.3793661,160.35528645,0.012048934000000006,0.0018714895000000007,1.6221662994852142,275.96869294411835,134.3688811148251,1.5719755955009436,922.2734568772383,921.3432461562531,272.85291907958765,921.6066173074579,1.521283124078145,192.84318950407723,1.521179452359684,272.7191881250903,113.86130662966838,251.51093759745248,113.83796900499266,1.4201161215800469,1.4194775556298072,251.44659116151948,223.98031004179632,263.1909657151043,1.4193384976846686,7.896974178027229,249.58579333115497,42.27187867982416,163.20868144894973,42.26235230157775,1.2612135984340629,1.4194776215297353,163.1664276622097,227.4707570168116,284.711676581637,1.260959258309887,9.343656550629715,161.35227595930039,133.55483408882674,0.011956960985759647,0.0018815103440935274
1.622169767,275.9084542,134.2755869,1.571978119,921.950553,921.0242549,272.8001339,921.0242549,1.521296759,192.1409222,1.52119261,272.8001339,113.40971895,251.248133,113.40971895,1.420102507,1.419464078,251.248133,223.66804585,262.68999925,1.4193252095,7.8802098115,249.35857785,42.249692374999995,163.16373185,42.249692374999995,1.2612437895,1.419464078,163.16373185,230.14338329999998,287.23418204999996,1.2609976745,9.382667578500001,161.38022360000002,160.35627375,0.012049269499999998,0.0018717149999999993,1.6221663038978107,275.96885097289845,134.36966470834977,1.5719756032798262,922.2743863881419,921.3442112889649,272.85305173416,921.6077210319218,1.521283104595587,192.84411115179256,1.5211794388078492,272.7192281651843,113.8569679870381,251.51451530753195,113.83367250219014,1.4201161821532238,1.419477602966744,251.45017284985678,223.9747619170052,263.18159219272394,1.4193385506118241,7.8970318816035405,249.58951226734473,42.264031274515375,163.20627672087844,42.254546256946405,1.2612134646845394,1.4194776698615856,163.16408247209736,227.4646173835195,284.7132104754756,1.2609591197436554,9.343558719665596,161.34955645644462,133.55598384454257,0.011956896091157378,0.0018813330697157414
1.622169767,275.9084542,134.2755869,1.571978119,921.950553,921.0242549,272.8001339,921.0242549,1.521296759,192.1409222,1.52119261,272.8001339,113.40489775,251.2503643,113.40489775,1.420102506,1.419464076,251.2503643,223.6624306,262.68157195,1.419325207,7.8802075145,249.36093484999998,42.24992792,163.1646965,42.24992792,1.2612439425,1.419464076,163.1646965,230.14239,287.23637729999996,1.2609978245,9.382817636,161.38107575,160.35735035,0.0120495995,0.0018719355000000003,1.6221663082381608,275.9689981152515,134.3704179930683,1.571975610739219,922.2752786888411,921.3451380167417,272.8531782956745,921.6087871863396,1.521283085661132,192.8449775448487,1.5211794256516884,272.71926437535626,113.8527428877331,251.51798602341407,113.82948925007449,1.4201162408600003,1.4194776485233094,251.4536477533787,223.9693653693524,263.17248162672917,1.4193386015796696,7.897087655813541,249.59312207091799,42.25634529907508,163.2038962116379,42.24690071619834,1.2612133300847745,1.4194777163868824,163.16176200537475,227.45860658837557,284.7146671922657,1.2609589806019297,9.343459860705359,161.34687150352917,133.5569880239533,0.011956760175706826,0.001881182668190541
1.622169767,275.9084542,134.2755869,1.571978119,921.950553,921.0242549,272.8001339,921.0242549,1.521296759,192.1409222,1.52119261,272.8001339,113.4002046,251.25253635,113.4002046,1.420102505,1.419464074,251.25253635,223.65696445,262.6733682,1.419325205,7.8802052785,249.3632293,42.250182315,163.1656506,42.250182315,1.2612440925000001,1.419464074,163.1656506,230.14142985,287.23850589999995,1.2609979715000001,9.382964860000001,161.3819206,160.35850895,0.012049924999999996,0.0018721505,1.6221663126118555,275.9691436773167,134.37114244745905,1.5719756180263653,922.2761486634176,921.3460447071611,272.8533027681407,921.6098207800508,1.5212830682713294,192.8458240462275,1.5211794134105237,272.7193023264019,113.84862547900465,251.52133215701156,113.82541515172161,1.4201162970216854,1.4194776917758645,251.45700163410987,223.96412207187478,263.1636480940144,1.4193386503561811,7.89714127889099,249.59660504469372,42.24879729524323,163.20153966894864,42.239392838396334,1.261213194242349,1.4194777603987137,163.15946727115985,227.45271472075305,284.71602743774525,1.260958840437103,9.343360145081686,161.34421762070392,133.5578258304439,0.011956571901938369,0.0018810426297889242
1.622169767,275.9084542,134.2755869,1.571978119,921.950553,921.0242549,272.8001339,921.0242549,1.521296759,192.1409222,1.52119261,272.8001339,113.39563605000001,251.2546509,113.39563605000001,1.420102505,1.4194640725,251.2546509,223.6516434,262.66538215,1.419325203,7.8802031015,249.36546295,42.250452335,163.16659170000003,42.250452335,1.2612442394999999,1.4194640725,163.16659170000003,230.14050235000002,287.24057145,1.2609981160000001,9.383109103999999,161.38275565,160.35974285,0.012050245,0.0018723600000000002,1.6221663169021887,275.9692818647055,134.37183881076115,1.5719756248662258,922.2769918466472,921.3469246811042,272.8534188844133,921.6108284921747,1.521283051180492,192.84662192350626,1.521179401441385,272.71933644752545,113.84460844491686,251.52456669000787,113.82144142800854,1.4201163505817214,1.4194777329338648,251.46024831126164,223.9590213171365,263.15506259617723,1.4193386968640178,7.897192950425504,249.59997720040715,42.24140732600539,163.1992141566363,42.232040217235266,1.2612130585961332,1.419477802289808,163.15720331504238,227.44696655721887,284.71734427113506,1.2609587002083327,9.343260372347117,161.34160226479054,133.5585121187394,0.011956320410686292,0.0018809260367303488
1.622169767,275.9084542,134.2755869,1.571978119,921.950553,921.0242549,272.8001339,921.0242549,1.521296759,192.1409222,1.52119261,272.8001339,113.39118859999999,251.25670935,113.39118859999999,1.420102504,1.419464071,251.25670935,223.64646345,262.65760769999997,1.419325201,7.8802009825,249.36763735,42.250735115,163.16751745,42.250735115,1.2612443830000002,1.419464071,163.16751745,230.13960724999998,287.24257769999997,1.260998257,9.383250213,161.3835784,160.3610456,0.012050560500000003,0.0018725650000000007,1.6221663210924884,275.9694137309432,134.37252852091072,1.5719756313254767,922.27781195955,921.3477812781302,272.8535280371913,921.6118128273811,1.5212830342391372,192.84738664798948,1.5211793896453536,272.7193646496786,113.84068651799583,251.52772102970164,113.81756164091169,1.4201164025581448,1.4194777729922239,251.4634145857289,223.95404302869537,263.1466888148305,1.419338742237517,7.897243468775557,249.6032671906371,42.234180947265244,163.19692446801113,42.22485118657063,1.2612129237347556,1.4194778430288975,163.1549741734941,227.4413422765195,284.71862733956607,1.2609585606190004,9.343160885167029,161.3390286670784,133.55901866486226,0.011955985097245402,0.0018808489955341459
1.622169767,275.9084542,134.2755869,1.571978119,921.950553,921.0242549,272.8001339,921.0242549,1.521296759,192.1409222,1.52119261,272.8001339,113.38685914999999,251.25871325,113.38685914999999,1.420102503,1.419464069,251.25871325,223.64142085,262.65003924999996,1.4193251985,7.8801989205,249.3697542,42.25102814,163.1684259,42.25102814,1.2612445239999999,1.419464069,163.1684259,230.13874445,287.24452805,1.2609983945,9.3833880685,161.38438695,160.36241125,0.012050869500000005,0.0018727639999999994,1.6221663251994265,275.9695415586675,134.37321675258192,1.5719756378208438,922.2786216535957,921.3486228471384,272.85363301187255,921.6127796298994,1.5212830176964027,192.84814253172723,1.5211793779482408,272.7193942445307,113.8368652583529,251.5307807287355,113.81378310636693,1.4201164529792347,1.4194778117414864,251.4664866383002,223.94919992163148,263.1385411084063,1.4193387861157531,7.897292102112548,249.60646279590145,42.22711445508701,163.1946670711603,42.217820499160084,1.2612127893312002,1.4194778825636178,163.15277732372022,227.4358418786549,284.7198235838176,1.2609584218609373,9.343060769767087,161.33649782181038,133.55940043129505,0.01195561915958739,0.0018807817213290878
1.622169767,275.9084542,134.2755869,1.571978119,921.950553,921.0242549,272.8001339,921.0242549,1.521296759,192.1409222,1.52119261,272.8001339,113.3826444,251.26066405,113.3826444,1.420102503,1.419464067,251.26066405,223.63651185,262.64267125000003,1.4193251965,7.880196913,249.37181495,42.25132918,163.16931584999998,42.25132918,1.261244661,1.419464067,163.16931584999998,230.137913,287.24642515000005,1.2609985285,9.383522612,161.38517985,160.36383415,0.012051174000000005,0.0018729594999999995,1.6221663291618715,275.96966113377783,134.37387911088203,1.5719756441022916,922.279403067886,921.3494393694498,272.85372910809815,921.6137188810505,1.521283000954358,192.84885200155125,1.5211793660038315,272.719415831364,113.8331370574147,251.53374997474927,113.81009704525124,1.4201165015056454,1.419477848815105,251.46947284425525,223.94447928086475,263.13060624462395,1.4193388286018478,7.897339116555968,249.60956822981473,42.220188403807754,163.19243414541975,42.210929943986095,1.2612126548622415,1.4194779203703307,163.1506036836591,227.43045545299833,284.72096194528274,1.2609582830389308,9.342959797703712,161.33399630670752,133.55966930181773,0.01195523791681741,0.0018807201123756114
1.622169767,275.9084542,134.2755869,1.571978119,921.950553,921.0242549,272.8001339,921.0242549,1.521296759,192.1409222,1.52119261,272.8001339,113.3785413,251.2625632,113.3785413,1.420102502,1.419464066,251.2625632,223.63173295,262.63549825,1.419325195,7.880194958,249.3738212,42.25163628,163.17018675,42.25163628,1.2612447945,1.419464066,163.17018675,230.13711165,287.24827085000004,1.2609986595,9.3836538565,161.3859565,160.36530894999999,0.012051472000000002,0.0018731494999999995,1.6221663330520701,275.9697766703748,134.37453851222543,1.571975650300394,922.2801777843397,921.3502458730826,272.8538220707512,921.6146389297337,1.521282984660761,192.84955484081618,1.521179354628204,272.7194349809742,113.8294966477074,251.53663483982066,113.8064999459154,1.4201165481373768,1.4194778843178075,251.47237487864993,223.93987876414363,263.1228726804302,1.419338869489558,7.897384423399321,249.61258939143727,42.21338273044191,163.19023653880737,42.204157914756685,1.261212521439734,1.419477956422854,163.14846435360826,227.425148312356,284.72206171822364,1.2609581454958003,9.342859682303772,161.33153157859147,133.55986241324285,0.011954866711105211,0.0018806566504291364
1.622169767,275.9084542,134.2755869,1.571978119,921.950553,921.0242549,272.8001339,921.0242549,1.521296759,192.1409222,1.521192609,272.8001339,113.37454685,251.26441219999998,113.37454685,1.420102501,1.419464064,251.26441219999998,223.62708049999998,262.62851509999996,1.419325193,7.8801930549999994,249.37577435,42.251947735,163.17103885,42.251947735,1.2612449255,1.419464064,163.17103885,230.13633850000002,287.25006655,1.2609987875000002,9.383781878,161.38671705000002,160.36683065,0.0120517645,0.0018733350000000003,1.6221663368533499,275.9698862369957,134.37518017182867,1.5719756564345988,922.2809376167115,921.3510356789176,272.85390754764757,921.6155431155086,1.5212829689152665,192.850251049522,1.5211793434998724,272.71945064883704,113.82594871142994,251.5394449555213,113.80299414945891,1.4201165936662352,1.4194779189303244,251.4752053044037,223.9353953600018,263.11532746508226,1.4193389094233932,7.897428443998467,249.61553850025123,42.20669218774708,163.18806945801296,42.197500707536086,1.261212389783113,1.4194779914280997,163.14635529709588,227.41991054610114,284.7231325497713,1.2609580096152087,9.342760480678159,161.32910264321933,133.560037698998,0.011954504149210864,0.001880593776397109
1.622169767,275.9084542,134.2755869,1.571978119,921.950553,921.0242549,272.8001339,921.0242549,1.521296759,192.1409222,1.521192609,272.8001339,113.37065805,251.26621219999998,113.37065805,1.420102501,1.419464063,251.26621219999998,223.62255115,262.6217166,1.419325191,7.880191202500001,249.37767585,42.252262035,163.17187274999998,42.252262035,1.2612450525,1.419464063,163.17187274999998,230.1355912,287.25181310000005,1.2609989124999998,9.3839067955,161.38746205,160.36839450000002,0.012052051499999997,0.0018735155,1.622166340504579,275.969990360403,134.37581665675768,1.5719756624382295,922.2816900070426,921.3518188056335,272.8539874537482,921.6164389523842,1.5212829532195995,192.8509428378551,1.5211793321984335,272.71946527217574,113.82250027188083,251.54220670398203,113.79958843500476,1.4201166389405846,1.4194779533333857,251.47798673477155,223.9310280646171,263.107951172466,1.4193389492541069,7.897472109771625,249.61843620296787,42.20011214580354,163.18593921002363,42.19095400106591,1.2612122602847968,1.4194780262238902,163.1442830733886,227.4147272882936,284.7241744399259,1.2609578762284257,9.342663049490309,161.32671074339473,133.56022189758812,0.011954147167367198,0.0018805355905011736
1.622169767,275.9084542,134.2755869,1.571978119,921.950553,921.0242549,272.8001339,921.0242549,1.521296759,192.1409222,1.521192609,272.8001339,113.36687215,251.26796465,113.36687215,1.4201025,1.419464061,251.26796465,223.6181417,262.61509779999994,1.419325189,7.880189399,249.37952710000002,42.25257786,163.17268940000002,42.25257786,1.2612451770000002,1.419464061,163.17268940000002,230.13486755,287.2535109,1.2609990340000001,9.3840287445,161.38819225,160.36999605,0.012052332,0.0018736919999999997,1.6221663440724468,275.97009062088466,134.37643613918567,1.5719756684113,922.2824260248836,921.3525869043314,272.85406492262575,921.6173122472323,1.5212829382713453,192.85161694469724,1.5211793215894243,272.71947676194185,113.81913494136361,251.54490815042936,113.79626612221924,1.4201166830837821,1.4194779867938976,251.4807066068341,223.9267668397685,263.10074774411186,1.4193389880278244,7.89751482194994,249.621270280105,42.19363704870758,163.18383418998306,42.18451223944249,1.2612121321599477,1.4194780599724033,163.14223557307108,227.4096381814405,284.72520668294936,1.260957744056575,9.34256653207679,161.32434767661383,133.56041500901327,0.01195380551064113,0.0018804773087827118
1.622169767,275.9084542,134.2755869,1.571978119,921.950553,921.0242549,272.8001339,921.0242549,1.521296759,192.1409222,1.521192609,272.8001339,113.36318635,251.26967085,113.36318635,1.4201025,1.41946406,251.26967085,223.6138488,262.60865390000004,1.419325187,7.8801876435,249.3813294,42.252894075,163.17348959999998,42.252894075,1.261245298,1.41946406,163.17348959999998,230.1341655,287.2551608,1.260999153,9.384147849,161.38890835,160.37163114999998,0.012052606500000004,0.0018738634999999997,1.6221663476014128,275.9701843846275,134.37702974824256,1.5719756741037754,922.2831404608063,921.3533299563326,272.85413403530976,921.618161330273,1.5212829236718837,192.85226231911662,1.5211793113018999,272.7194844217859,113.81585389042806,251.5475425946396,113.79302574791517,1.4201167258978762,1.419478019207132,251.48335905789554,223.92261235467072,263.0937222477017,1.4193390256672045,7.897556425297043,249.62403693940954,42.1872668964592,163.18175641612706,42.17817480534321,1.26121200488534,1.419478092595093,163.14021380526125,227.40458871709455,284.72619551388306,1.26095761265205,9.34247024310685,161.32201418855882,133.5606214896909,0.011953480848342924,0.001880416783616906
1.622169767,275.9084542,134.2755869,1.571978119,921.950553,921.0242549,272.8001339,921.0242549,1.521296759,192.1409222,1.521192609,272.8001339,113.359598,251.2713319,113.359598,1.420102499,1.419464058,251.2713319,223.6096693,262.60238019999997,1.419325186,7.8801859335,249.38308415,42.25320968,163.1742738,42.25320968,1.261245417,1.419464058,163.1742738,230.13348345,287.25676369999996,1.2609992695,9.384264203499999,161.38961089999998,160.3732958,0.012052875500000003,0.0018740310000000006,1.6221663510303448,275.9702660328306,134.377625575017,1.571975680029617,922.2838422452595,921.3540596500956,272.85419322501394,921.6189937155153,1.5212829081256993,192.85287454074046,1.5211792999510019,272.7194819845628,113.81263868291566,251.55014332834926,113.7898529728583,1.42011676848574,1.4194780510967275,251.48598219547824,223.9185334908384,263.086791911097,1.4193390628167568,7.89759727463892,249.6267753674967,42.1809640323778,163.17969529271724,42.17190373342645,1.2612118783301676,1.41947812477269,163.13820616510267,227.39961358244943,284.7272036390789,1.2609574820787945,9.342374582356765,161.31969461990423,133.56067199575594,0.011953198794687906,0.001880348451093613
1.622169767,275.9084542,134.2755869,1.571978119,921.950553,921.0242549,272.8001339,921.0242549,1.521296759,192.1409222,1.521192609,272.8001339,113.35610445,251.2729491,113.35610445,1.420102498,1.419464057,251.2729491,223.60560025,262.59627224999997,1.419325184,7.880184269,249.3847925,42.253523795,163.17504225,42.253523795,1.2612455325,1.419464057,163.17504225,230.1328203,287.25832085,1.2609993830000001,9.3843778675,161.39029979999998,160.3749861,0.012053137999999994,0.0018741939999999998,1.6221663542869966,275.9703422378201,134.3781970068987,1.5719756857276486,922.2845202151819,921.3547609576024,272.8542454512235,921.6197985493907,1.521282892180895,192.85345581975517,1.5211792879076742,272.7194729320198,113.80948902618898,251.55267915364175,113.78674516331172,1.4201168092637613,1.4194780813106795,251.48854126217174,223.91454229413685,263.0800048772764,1.4193390984194854,7.897636527263852,249.62944890592,42.17474388952921,163.17765233343047,42.1657147654192,1.261211752429027,1.4194781552484612,163.13621517539028,227.3947177328186,284.7282214114058,1.2609573522728648,9.34227943560474,161.3173919533787,133.56059178024088,0.011952936515819784,0.0018802801210534576
1.622169767,275.9084542,134.2755869,1.571978119,921.950553,921.0242549,272.8001339,921.0242549,1.521296759,192.1409222,1.521192609,272.8001339,113.3527031,251.27452365,113.3527031,1.420102498,1.419464056,251.27452365,223.60163864999998,262.5903254,1.419325182,7.880182649,249.38645585,42.25383569,163.17579469999998,42.25383569,1.2612456459999999,1.419464056,163.17579469999998,230.13217559999998,287.25983384999995,1.2609994935,9.384488864000001,161.390975,160.37669875,0.012053394499999995,0.0018743530000000007,1.6221663575047467,275.9704138775337,134.37875956791027,1.5719756913284442,922.285187022043,921.3554589255496,272.85429524021,921.6205908599172,1.5212828769835032,192.8540216274653,1.5211792762105614,272.7194638794768,113.80640930980958,251.55513625130564,113.78370758674926,1.4201168482036606,1.4194781102155347,251.49102327629254,223.91064913739453,263.07339042617997,1.4193391327074139,7.897674160995212,249.6320461779202,42.168628382866885,163.17563207929754,42.15963105092004,1.261211627116515,1.4194781842842261,163.13424941362658,227.3898714363217,284.72919094807736,1.2609572232982045,9.342184631518085,161.3151173742147,133.56044620393578,0.011952636934684607,0.001880228679933037
1.622169767,275.9084542,134.2755869,1.571978119,921.950553,921.0242549,272.8001339,921.0242549,1.521296759,192.1409222,1.521192609,272.8001339,113.34939155,251.27605665,113.34939155,1.420102497,1.419464054,251.27605665,223.59778169999998,262.5845355,1.419325181,7.880181071,249.3880752,42.25414472,163.1765309,42.25414472,1.2612457565,1.419464054,163.1765309,230.13154889999998,287.2613045,1.260999602,9.3845971945,161.39163595000002,160.3784303,0.012053645000000005,0.0018745074999999996,1.6221663606558074,275.97047691345824,134.37930734413837,1.5719756967819967,922.2858367122102,921.3561318468002,272.854335280304,921.6213639679759,1.5212828615868013,192.8545476518208,1.521179264216693,272.7194457743908,113.80340275278925,251.55752969684426,113.7807437548201,1.4201168855599475,1.4194781377065655,251.4934374506483,223.90685268218195,263.0669339178377,1.4193391652938359,7.8977105084823656,249.63457181847326,42.162624920262424,163.17364260326207,42.15365907181655,1.261211503504486,1.4194782119323486,163.13231291628338,227.38508460358548,284.7301508376179,1.260957095730308,9.342091369425614,161.3128753565053,133.56015505132558,0.011952256622238632,0.001880215307424435
1.622169767,275.9084542,134.2755869,1.571978119,921.950553,921.0242549,272.8001339,921.0242549,1.521296759,192.1409222,1.521192609,272.8001339,113.34616745,251.2775492,113.34616745,1.420102497,1.419464053,251.2775492,223.59402645,262.5788983,1.419325179,7.8801795345,249.38965195,42.254450325,163.17725025,42.254450325,1.261245864,1.419464053,163.17725025,230.13094025,287.2627347,1.2609997075,9.384702853,161.39228215,160.38017775,0.012053890000000001,0.0018746585000000006,1.6221663639180168,275.97052520002995,134.3798536418881,1.5719757020938623,922.2864722624996,921.3567914098124,272.8543648751561,921.6221262224657,1.5212828460904444,192.85502284188985,1.5211792518766099,272.7194182685871,113.80045326006899,251.55985258065195,113.77783581664077,1.4201169210215554,1.4194781636266802,251.49578085389106,223.90313854038223,263.06062183843096,1.4193391960240695,7.897745214899325,249.6370232994105,42.156727019828175,163.17168012113171,42.147792037559825,1.261211381265924,1.4194782377739175,163.13040467424275,227.38036218992337,284.7311059035929,1.2609569698249505,9.341999763549113,161.3106629175217,133.55972277882776,0.011951741020296823,0.0018802515207881237
1.622169767,275.9084542,134.2755869,1.571978119,921.950553,921.0242549,272.8001339,921.0242549,1.521296759,192.1409222,1.521192609,272.8001339,113.34302835,251.2790024,113.34302835,1.420102496,1.419464052,251.2790024,223.59037025,262.5734097,1.419325178,7.8801780385,249.3911871,42.254752045,163.1779525,42.254752045,1.261245969,1.419464052,163.1779525,230.1303495,287.2641261,1.2609998105,9.384805842,161.3929133,160.3819381,0.012054129000000005,0.0018748054999999995,1.6221663670023885,275.97057454012685,134.38038885105027,1.5719757072695975,922.2871026033606,921.357449303045,272.8543925550471,921.6228767884967,1.5212828310425353,192.85549361158618,1.521179239709634,272.71939041460865,113.79757429297088,251.56210029632487,113.77499986727017,1.420116954701599,1.4194781881329706,251.49805222972898,223.89952277314907,263.054473332536,1.4193392255684047,7.8977783467759615,249.63940104209334,42.1509319036123,163.16974690342184,42.142028404843295,1.2612112594851843,1.4194782622802078,163.1285277148585,227.37568932939516,284.7319886160849,1.2609568443671997,9.341908557448882,161.3084840342356,133.55920286345238,0.011951241308539251,0.0018802801210534576
1.622169767,275.9084542,134.2755869,1.571978119,921.950553,921.0242549,272.8001339,921.0242549,1.521296759,192.1409222,1.521192609,272.8001339,113.339972,251.2804173,113.339972,1.420102496,1.419464051,251.2804173,223.5868105,262.56806574999996,1.419325176,7.880176581500001,249.39268175,42.25504949,163.17863749999998,42.25504949,1.2612460715,1.419464051,163.17863749999998,230.12977625000002,287.2654802,1.2609999109999999,9.3849061815,161.39352910000002,160.3837087,0.012054362500000002,0.001874949,1.622166370031186,275.970625284924,134.3809122323856,1.5719757124731144,922.287720292752,921.3580921682595,272.85442336851077,921.6236114916194,1.5212828166922112,192.85595554053702,1.5211792280372507,272.71936813142594,113.79477053369389,251.56429315391617,113.77223766253287,1.4201169880140185,1.4194782123774414,251.50026832872126,223.89599868833514,263.0484819247816,1.419339254519791,7.897811035120113,249.64171895144977,42.14524173224401,163.1678409318966,42.136368482328265,1.2612111386200893,1.419478286393769,163.126675983423,227.37113044107494,284.7328327400527,1.2609567199325498,9.341817579792231,161.30633845808615,133.55862055823198,0.011950724915277188,0.0018803096978946211
1.622169767,275.9084542,134.2755869,1.571978119,921.950553,921.0242549,272.8001339,921.0242549,1.521296759,192.1409222,1.521192609,272.8001339,113.33699625,251.28179495,113.33699625,1.420102495,1.41946405,251.28179495,223.5833445,262.5628626,1.419325175,7.8801751630000005,249.3941371,42.25534232,163.17930545000002,42.25534232,1.261246171,1.41946405,163.17930545000002,230.1292201,287.2667982,1.2610000085,9.385003917999999,161.39412975,160.38548694999997,0.012054589999999995,0.001875088,1.6221663730099665,275.9706688306323,134.38142230741582,1.5719757173599196,922.2883216096535,921.3587149961168,272.85444565169354,921.6243294969438,1.5212828029398173,192.85638652687874,1.52117921685946,272.7193378402244,113.79203876322622,251.56641440286654,113.76954686132942,1.420117019516595,1.4194782349986323,251.50241491289256,223.8925716396583,263.04266253667555,1.4193392821048159,7.897842481573306,249.64396649344346,42.13966946949859,163.16596245883545,42.13082677709651,1.2612110179512037,1.419478309041142,163.12485048905415,227.36663597182883,284.7336286283652,1.260956595753675,9.341726773468269,161.30422420058764,133.557980319584,0.011950202142024604,0.0018803447416848357
1.622169767,275.9084542,134.2755869,1.571978119,921.950553,921.0242549,272.8001339,921.0242549,1.521296759,192.1409222,1.521192609,272.8001339,113.3340989,251.28313624999998,113.3340989,1.420102495,1.419464048,251.28313624999998,223.57996989999998,262.55779655000003,1.4193251734999999,7.880173782,249.39555405,42.255630260000004,163.17995665,42.255630260000004,1.261246268,1.419464048,163.17995665,230.12868029999998,287.268081,1.2610001035,9.385099118,161.39471550000002,160.38727045,0.012054811999999998,0.0018752239999999996,1.6221663759554026,275.9707134298658,134.38192351157596,1.571975722377299,922.2889199497388,921.3593378239739,272.8544688053131,921.6250349789195,1.5212827897853536,192.85682856415227,1.5211792060278841,272.71931311981854,113.78937195826941,251.56846362441206,113.76692307409829,1.4201170495486746,1.4194782565201822,251.50449114471488,223.88923660800805,263.03699714979325,1.4193393083492603,7.897872486545924,249.64614113990564,42.134199682310225,163.1641210708589,42.12538569545312,1.261210899244414,1.4194783303532363,163.1230618274904,227.36222078759698,284.7343859281535,1.2609564734931145,9.341637680471173,161.30215020992605,133.55725243805847,0.011949687185407766,0.0018803764671278232
1.622169767,275.9084542,134.2755869,1.571978119,921.950553,921.0242549,272.8001339,921.0242549,1.521296759,192.1409222,1.521192609,272.8001339,113.33127784999999,251.28444224999998,113.33127784999999,1.420102495,1.419464047,251.28444224999998,223.5766842,262.55286385,1.419325172,7.880172437,249.3969337,42.2559131,163.18059175,42.2559131,1.2612463625,1.419464047,163.18059175,230.12815584999998,287.26932935,1.2610001965,9.3851918655,161.39528685,160.38905705,0.012055029499999996,0.0018753564999999994,1.622166378906396,275.97075311264837,134.38240179932168,1.57197572716409,922.2894929868851,921.3599305957952,272.85448812901063,921.6257170839777,1.521282776531235,192.85723965881667,1.5211791951715785,272.71928387314114,113.78676397343729,251.57044605310244,113.7643569364416,1.4201170779971413,1.4194782764184521,251.50650121182807,223.88598422437803,263.03148323029365,1.4193393332273436,7.897901005684716,249.64824752581237,42.12883483996944,163.16230364943362,42.120049249995176,1.2612107817148817,1.4194783502253243,163.1212963756395,227.35791462025975,284.7351480515072,1.2609563524474863,9.341549272804825,161.30010405806527,133.55648593424792,0.011949177817721389,0.0018804106335881235
1.622169767,275.9084542,134.2755869,1.571978119,921.950553,921.0242549,272.8001339,921.0242549,1.521296759,192.1409222,1.521192609,272.8001339,113.32853109999999,251.28571395,113.32853109999999,1.420102494,1.419464046,251.28571395,223.573485,262.54806095000004,1.419325171,7.880171127,249.39827705,42.25619066,163.1812114,42.25619066,1.261246455,1.419464046,163.1812114,230.12764595,287.2705439,1.2610002864999998,9.385282247500001,161.39584445,160.39084455,0.0120552415,0.0018754854999999994,1.6221663817517984,275.97079068838053,134.382874173154,1.5719757318786485,922.2900563493782,921.3605200280567,272.8545053636598,921.6263858307974,1.5212827638252189,192.8576485432947,1.5211791846120284,272.7192570636869,113.78422066147859,251.57236817977943,113.76185459374548,1.42011710522962,1.4194782955836278,251.5084501393999,223.8828171656272,263.02611233204016,1.4193393570484307,7.8979282164026765,249.65029197158537,42.1235758684602,163.1605149878699,42.11481836670662,1.2612106652318005,1.4194783691810446,163.11955917909114,227.35366296136982,284.73585229207464,1.2609562324249592,9.34146132202564,161.2980919590234,133.55567635173486,0.011948669585048187,0.0018804468507138356
1.622169767,275.9084542,134.2755869,1.571978119,921.950553,921.0242549,272.8001339,921.0242549,1.521296759,192.1409222,1.521192609,272.8001339,113.3258567,251.2869521,113.3258567,1.420102494,1.419464045,251.2869521,223.57037,262.5433845,1.41932517,7.880169852,249.39958504999998,42.25646279,163.18181605,42.25646279,1.2612465445,1.419464045,163.18181605,230.1271496,287.27172535,1.2610003745,9.3853703495,161.3963888,160.392631,0.0120554475,0.001875611,1.6221663845638563,275.97082545471216,134.3833332406812,1.571975736640436,922.2906018509733,921.3610810740622,272.85451720160063,921.6270328704793,1.5212827512188578,192.85802648516355,1.521179174003019,272.71922677248534,113.78173646228201,251.57425136140608,113.75941107117356,1.420117132151032,1.4194783144346204,251.51036430956123,223.879721378246,263.0208627766157,1.4193393806632746,7.8979552497076435,249.6523001802734,42.11841628589484,163.15875382477026,42.109686563699874,1.2612105495989607,1.4194783879273094,163.11784721049148,227.3494707662406,284.73652276768337,1.2609561133615892,9.341373599690039,161.29611117863243,133.55484003071675,0.01194815692097818,0.0018804875592053029
1.622169767,275.9084542,134.2755869,1.571978119,921.950553,921.0242549,272.8001339,921.0242549,1.521296759,192.1409222,1.521192609,272.8001339,113.32325265,251.2881577,113.32325265,1.420102493,1.419464044,251.2881577,223.56733705,262.53883105,1.419325168,7.8801686095,249.40085865,42.2567294,163.18240624999999,42.2567294,1.2612466325,1.419464044,163.18240624999999,230.12666615,287.27287425,1.26100046,9.385456245,161.3969203,160.3944146,0.012055649,0.0018757329999999994,1.622166387414816,275.9708591675186,134.38378269809914,1.5719757411771915,922.291136189507,921.3616337711687,272.85453025815303,921.6276665519226,1.5212827386124967,192.8584000066597,1.5211791635176577,272.7191964812838,113.77931430222193,251.57609141034263,113.75702958773758,1.4201171585351469,1.4194783329714298,251.51223241568457,223.87670489281135,263.0157424470808,1.4193394038140714,7.897981728597004,249.65426161784004,42.113354240305476,163.1570224306501,42.10465229766835,1.2612104351433782,1.4194784061761174,163.11616400175336,227.34534299018543,284.73714983120226,1.2609559953852638,9.341286791128766,161.2941619654531,133.5539769711936,0.011947651514741439,0.0018805284638289523
1.622169767,275.9084542,134.2755869,1.571978119,921.950553,921.0242549,272.8001339,921.0242549,1.521296758,192.1409222,1.521192609,272.8001339,113.3207171,251.2893316,113.3207171,1.420102493,1.419464043,251.2893316,223.5643838,262.53439735,1.419325167,7.8801673999999995,249.40209875,42.256990404999996,163.18298245,42.256990404999996,1.2612467180000002,1.419464043,163.18298245,230.12619515,287.2739916,1.2610005439999998,9.3855399925,161.39743935,160.3961936,0.012055844999999999,0.0018758524999999999,1.622166390099053,275.9708865591738,134.38422106692946,1.5719757457139472,922.291654155551,921.3621647611382,272.85453669938556,921.628280196008,1.5212827259563082,192.85874258554668,1.5211791526860818,272.7191616638107,113.77695886349731,251.57792224647156,113.75471424036164,1.4201171857676256,1.4194783521366054,251.5140879588884,223.87375633267268,263.0107161512,1.4193394275578173,7.898008695372098,249.656211257286,42.1083823238205,163.15532080550943,42.09970723475657,1.261210322780698,1.4194784252627473,163.11451157111267,227.3412697225776,284.73776724759017,1.2609558798388032,9.341201924337943,161.2922460594105,133.553106484308,0.011947161714118979,0.0018805735673332242
1.622169767,275.9084542,134.2755869,1.571978119,921.950553,921.0242549,272.8001339,921.0242549,1.521296758,192.1409222,1.521192609,272.8001339,113.31824825,251.29047459999998,113.31824825,1.420102493,1.419464042,251.29047459999998,223.56150825,262.53008020000004,1.419325166,7.880166222,249.40330625,42.25724576,163.18354484999998,42.25724576,1.261246801,1.419464042,163.18354484999998,230.12573625,287.2750783,1.2610006249999999,9.385621635,161.39794605,160.39796645,0.012056036500000002,0.0018759685000000004,1.6221663927610603,275.97090833202793,134.3846387370629,1.5719757500867906,922.2921542606969,921.3626740439704,272.8545363512108,921.6288746376255,1.521282713250292,192.85906527275637,1.5211791418297762,272.719121275542,113.77466809764613,251.57972355973976,113.75246210267139,1.420117212773874,1.419478371354145,251.51591711996141,223.8708790439037,263.00579317972336,1.4193394511726611,7.898035595617319,249.6581360364062,42.103504857698354,163.15365248126105,42.09485600488426,1.261210212576323,1.4194784444017412,163.11288941401045,227.33725591873048,284.738375016847,1.260955766082769,9.341118428208615,161.29036346050458,133.55218846230233,0.011946694474171746,0.0018806182813987428
1.622169767,275.9084542,134.2755869,1.571978119,921.950553,921.0242549,272.8001339,921.0242549,1.521296758,192.1409222,1.521192609,272.8001339,113.31584430000001,251.2915876,113.31584430000001,1.420102492,1.419464041,251.2915876,223.55870835,262.5258765,1.419325165,7.8801650745,249.404482,42.25749544,163.18409345,42.25749544,1.261246882,1.419464041,163.18409345,230.12528915000001,287.2761354,1.2610007049999998,9.3857012075,161.3984405,160.3997316,0.012056222500000003,0.0018760815000000005,1.6221663953619359,275.97092711989404,134.3850460578479,1.571975754365176,922.2926387375569,921.3631699685645,272.85453565486137,921.6294548861143,1.5212827011920336,192.8593769090342,1.5211791312454965,272.7190822799722,113.77243205499552,251.58148404351974,113.7502649808187,1.4201172391014312,1.4194783900480459,251.5177006357604,223.86807369571912,263.00099155107563,1.4193394740914342,7.898061741857315,249.66001109487485,42.09871906398719,163.15201165547677,42.09009613876089,1.2612101040724308,1.4194784627814587,163.11129399853385,227.3333213998976,284.7389634918417,1.2609556544368807,9.341036359851675,161.2885131744925,133.55123924537415,0.011946231983060397,0.001880662996527418
1.622169767,275.9084542,134.2755869,1.571978119,921.950553,921.0242549,272.8001339,921.0242549,1.521296758,192.1409222,1.521192609,272.8001339,113.31350359999999,251.2926713,113.31350359999999,1.420102492,1.41946404,251.2926713,223.555982,262.52178325,1.419325164,7.880163957,249.40562684999998,42.257739439999995,163.1846284,42.257739439999995,1.2612469609999999,1.41946404,163.1846284,230.12485385000002,287.27716384999997,1.261000782,9.385778737999999,161.3989227,160.40148775,0.012056403999999995,0.0018761915000000003,1.6221663979239096,275.9709448542349,134.38544081156692,1.5719757585463254,922.293115772376,921.3636542047001,272.8545319990267,921.6300217763647,1.5212826885856727,192.85967307400747,1.521179120587028,272.71903980265506,113.77025219873268,251.5832116543271,113.7481234600784,1.4201172651462004,1.4194784083753997,251.51945232549676,223.86533426518628,262.9962940914458,1.4193394966750623,7.89808766633107,249.6618553939574,42.09402339938042,163.15039883271555,42.08542578441858,1.2612099969420056,1.419478481030267,163.10972633380084,227.32944138951203,284.7395230254432,1.2609555441338123,9.340955319490854,161.28669296432773,133.55027071730345,0.011945779527133896,0.001880707517449754
1.622169767,275.9084542,134.2755869,1.571978119,921.950553,921.0242549,272.8001339,921.0242549,1.521296758,192.1409222,1.521192609,272.8001339,113.31122435,251.29372655,113.31122435,1.420102491,1.4194640395,251.29372655,223.55332735,262.51779754999995,1.419325163,7.880162869,249.4067416,42.257977775,163.18514985000002,42.257977775,1.2612470385,1.4194640395,163.18514985000002,230.12443009999998,287.27816475,1.2610008575,9.385854257999998,161.3993928,160.4032335,0.0120565815,0.0018762985000000002,1.622166400419194,275.9709580232999,134.38582078050246,1.5719757625718973,922.293574202093,921.3641184034784,272.8545250355321,921.6305677943673,1.5212826768263794,192.85994934730346,1.5211791103984222,272.7189969771632,113.7681253098458,251.58489361986048,113.74603432143877,1.4201172902577697,1.4194784259696596,251.5211575324311,223.86266376377154,262.9917160038796,1.4193395185368392,7.8981127480931015,249.66365081511134,42.089416011910146,163.14881022878512,42.080843398550776,1.2612098912504508,1.419478498388889,163.1081828878986,227.32564561945412,284.7400777354792,1.2609554352375076,9.340875364237052,161.28490059296377,133.54928139261773,0.01194533627051058,0.0018807527228856353
1.622169767,275.9084542,134.2755869,1.571978119,921.950553,921.0242549,272.8001339,921.0242549,1.521296758,192.1409222,1.521192609,272.8001339,113.30900500000001,251.2947541,113.30900500000001,1.420102491,1.419464039,251.2947541,223.5507424,262.51391655,1.419325162,7.8801618095,249.40782715,42.258210475,163.18565784999998,42.258210475,1.2612471135,1.419464039,163.18565784999998,230.12401770000002,287.2791389,1.2610009315,9.3859278015,161.3998508,160.4049678,0.012056753500000001,0.001876403,1.6221664028477893,275.97097189471503,134.3861896608504,1.5719757666113598,922.2940207245447,921.3645759231375,272.8545196388238,921.6310996192412,1.521282664967431,192.86023225115852,1.5211791000119794,272.71895415167137,113.76605051042257,251.58654061860133,113.7439969796249,1.4201173150299933,1.4194784433544638,251.522827144427,223.8600575069717,262.98723842533883,1.4193395400376905,7.898137475029146,249.66541126326462,42.08489628425374,163.14725088927517,42.07634867249614,1.2612097872593786,1.419478515564238,163.10666719273993,227.3219093131569,284.74060350412196,1.2609553281955734,9.340796436979367,161.2831410316151,133.548265329427,0.011944899151555869,0.001880797050653242
1.622169767,275.9084542,134.2755869,1.571978119,921.950553,921.0242549,272.8001339,921.0242549,1.521296758,192.1409222,1.521192609,272.8001339,113.30684389999999,251.29575465,113.30684389999999,1.420102491,1.419464038,251.29575465,223.54822535,262.51013745,1.419325161,7.880160777,249.40888415,42.258437575,163.1861527,42.258437575,1.2612471865,1.419464038,163.1861527,230.1236164,287.2800872,1.2610010025,9.385999413,161.40029705,160.40668955,0.012056922000000001,0.0018765039999999995,1.6221664052374827,275.9709831323172,134.3865541057633,1.5719757706008155,922.2944583165473,921.3650217543383,272.85451023810606,921.631624764996,1.521282653257965,192.8604930531499,1.5211790897491848,272.7189102816553,113.7640269225507,251.58814343774213,113.74200967881221,1.4201173390386894,1.4194784602156292,251.52445362373274,223.8575164986089,262.9828686758084,1.4193395608940318,7.898161359253469,249.6671262043809,42.080465451056455,163.1457145071986,42.07194222357732,1.261209684707177,1.4194785321374022,163.10517571641205,227.3182423812472,284.74110997850266,1.2609552226243468,9.340718366385119,161.28141005474941,133.54722698414875,0.011944472899463257,0.0018808406959737942
1.622169767,275.9084542,134.2755869,1.571978119,921.950553,921.0242549,272.8001339,921.0242549,1.521296758,192.1409222,1.521192609,272.8001339,113.3047396,251.29672895,113.3047396,1.42010249,1.419464037,251.29672895,223.5457744,262.50645755,1.41932516,7.880159771500001,249.40991335,42.25865913,163.1866347,42.25865913,1.2612472575,1.419464037,163.1866347,230.12322595,287.28101025,1.2610010725,9.3860691425,161.40073174999998,160.40839764999998,0.012057086,0.0018766030000000008,1.6221664076438485,275.97098927788085,134.38690524437106,1.5719757743930207,922.2948884665091,921.3654609064199,272.85449874833995,921.6321382222919,1.5212826415484995,192.86074280420945,1.5211790793874718,272.71886571528984,113.76204810820659,251.58969600520507,113.74006715152689,1.4201173619727914,1.4194784760295174,251.52603027012466,223.85503739260943,262.9786146383492,1.4193395808480593,7.898184267706323,249.66879058212274,42.07611301783355,163.1442051190271,42.06761355730962,1.26120958287441,1.4194785476632892,163.10370946803286,227.3146150918446,284.74158751149014,1.2609551181401648,9.340641209565199,161.27970617100237,133.54615744394798,0.011944033029929533,0.0018808885410011424
1.622169767,275.9084542,134.2755869,1.571978119,921.950553,921.0242549,272.8001339,921.0242549,1.521296758,192.1409222,1.521192609,272.8001339,113.30269050000001,251.29767765,113.30269050000001,1.42010249,1.419464036,251.29767765,223.54338785,262.5028742,1.419325159,7.8801587925,249.41091555,42.2588752,163.1871043,42.2588752,1.2612473265,1.419464036,163.1871043,230.12284575,287.28190865,1.26100114,9.386137046,161.4011552,160.4100912,0.0120572455,0.0018766995000000007,1.6221664099946398,275.97099542344455,134.38724307667368,1.5719757782018953,922.2953111744299,921.3658900398228,272.8544858658749,921.6326433306888,1.5212826303373088,192.86098150433716,1.5211790693719733,272.7188239343222,113.76011084837842,251.59119769284422,113.73816676403202,1.4201173836343477,1.4194784910055838,251.5275575023667,223.85261885054382,262.97446871143825,1.4193395998739924,7.8982061338578395,249.67040439649014,42.07183713261712,163.14271667005303,42.063361747709116,1.2612094821534976,1.4194785622989903,163.1022664293665,227.3110274449491,284.7420312795189,1.26095501461514,9.34056479518692,161.27802962893472,133.5450775054397,0.011943581770113783,0.001880938144885897
1.622169767,275.9084542,134.2755869,1.571978119,921.950553,921.0242549,272.8001339,921.0242549,1.521296758,192.1409222,1.521192609,272.8001339,113.30069524999999,251.29860144999998,113.30069524999999,1.42010249,1.419464035,251.29860144999998,223.54106385,262.49938495000004,1.419325158,7.880157839000001,249.41189155,42.25908586,163.18756185,42.25908586,1.2612473945,1.419464035,163.18756185,230.12247539999998,287.282783,1.261001206,9.3862031825,161.40156795,160.41176945,0.012057400999999995,0.0018767935000000007,1.6221664123009718,275.97099963754533,134.38757943049794,1.571975782002435,922.2957249519018,921.3663158336662,272.8544722870604,921.6331342459571,1.5212826195745657,192.86121357390576,1.5211790597768786,272.71877901978195,113.75822041054005,251.59265394459132,113.73631232061426,1.420117404588934,1.4194785050391003,251.52904118315462,223.85026187623416,262.97042836123455,1.4193396181007334,7.898227223827505,249.67196933292894,42.06764828989191,163.1412592514559,42.05919543729259,1.2612093832638744,1.4194785760183237,163.10085013232575,227.3075240383813,284.7424557532856,1.2609549130084297,9.340489637248345,161.27638415695728,133.54397825578891,0.011943143602575904,0.001880985113549441
1.622169767,275.9084542,134.2755869,1.571978119,921.950553,921.0242549,272.8001339,921.0242549,1.521296758,192.1409222,1.521192609,272.8001339,113.29875235,251.29950105,113.29875235,1.420102489,1.419464035,251.29950105,223.53880085,262.49598715,1.419325157,7.88015691,249.41284185,42.25929119,163.1880078,42.25929119,1.2612474599999999,1.419464035,163.1880078,230.1221145,287.2836338,1.2610012705,9.3862676065,161.40197025,160.4134315,0.0120575525,0.0018768844999999998,1.62216641450727,275.97100332488355,134.38789804258204,1.5719757857112953,922.296123845292,921.3667199203726,272.85445853415854,921.6336076285373,1.5212826087121676,192.86143680272892,1.5211790500086766,272.71873480159115,113.75637591677919,251.59407250758005,113.73450411391103,1.420117424779993,1.4194785186537062,251.53048591889223,223.84796580046572,262.96649077235935,1.419339635734525,7.898247604145196,249.67349550411402,42.06354155107688,163.13982504257157,42.05511092212428,1.2612092858785247,1.4194785892140185,163.09945906323372,227.30410982745454,284.74288022705224,1.2609548131282018,9.340415849971263,161.274768015145,133.5428641514131,0.011942724089609618,0.001881027982022824
1.622169767,275.9084542,134.2755869,1.571978119,921.950553,921.0242549,272.8001339,921.0242549,1.521296758,192.1409222,1.521192609,272.8001339,113.29686035,251.300377,113.29686035,1.420102489,1.419464034,251.300377,223.53659725,262.49267844999997,1.419325156,7.880156005,249.41376725,42.259491264999994,163.18844255,42.259491264999994,1.261247524,1.419464034,163.18844255,230.12176275000002,287.28446165,1.261001333,9.3863303715,161.40236240000002,160.4150767,0.012057700000000005,0.0018769735000000005,1.6221664166079774,275.971008416922,134.38821147999192,1.5719757894729407,922.2965182734575,921.3671206675193,272.85444512943144,921.6340726622184,1.5212825984975273,192.8616622417384,1.5211790408339856,272.71869476149715,113.75457561127119,251.59545924450617,113.73273892491056,1.4201174447448217,1.4194785320064924,251.53189924733118,223.84572091962477,262.9626368002363,1.4193396531105127,7.89826758528365,249.67499175863585,42.059508890977796,163.138415557077,42.051100177010014,1.2612091895396258,1.4194786022264396,163.09808868105964,227.3007451696617,284.7432661122947,1.2609547142071311,9.340342519581347,161.27317598372272,133.5417411342023,0.011942336581772869,0.0018810605978711147
1.622169767,275.9084542,134.2755869,1.571978119,921.950553,921.0242549,272.8001339,921.0242549,1.521296758,192.1409222,1.521192609,272.8001339,113.295018,251.30123,113.295018,1.420102489,1.419464033,251.30123,223.53445145,262.48945655,1.419325155,7.8801551235,249.41466835,42.25968618,163.1888663,42.25968618,1.261247586,1.419464033,163.1888663,230.12141975,287.28526705,1.261001394,9.386391522,161.40274475,160.41670434999997,0.012057844000000003,0.0018770605000000002,1.6221664187309144,275.9710121042602,134.38851456805335,1.5719757930623393,922.2968963291332,921.367506386648,272.85443050609274,921.6345235027709,1.5212825882828869,192.86187884000245,1.521179031436728,272.7186529805295,113.75281656764172,251.59681017711182,113.73101587570056,1.4201174640026804,1.4194785446785485,251.5332769808317,223.84353158360716,262.95887601715356,1.419339669867771,7.898286834593503,249.67644924790397,42.05555308754649,163.13702474026448,42.04716597990163,1.2612090941163716,1.4194786147414042,163.0967394903625,227.29745484156973,284.7436375268405,1.2609546163091614,9.340269588967697,161.27160955405478,133.54061068962898,0.011941973287209676,0.0018810865737716093
1.622169767,275.9084542,134.2755869,1.571978119,921.950553,921.0242549,272.8001339,921.0242549,1.521296758,192.1409222,1.521192609,272.8001339,113.29322400000001,251.3020607,113.29322400000001,1.420102489,1.419464032,251.3020607,223.5323619,262.4863191,1.419325154,7.8801542655,249.41554589999998,42.259876015,163.18927939999998,42.259876015,1.261247647,1.419464032,163.18927939999998,230.1210853,287.28605074999996,1.261001454,9.386451097,161.4031175,160.41831395,0.012057983999999999,0.0018771449999999993,1.622166420826064,275.9710105239724,134.38880952448386,1.5719757967211925,922.297266198564,921.3678770777587,272.8544127491815,921.6349559757454,1.5212825778689365,192.86206891603007,1.5211790221631183,272.71860702146506,113.75109381105435,251.59812698045295,113.72932852825747,1.420117482440454,1.4194785567222383,251.53462288826955,223.84139009644335,262.95520054005027,1.4193396860062997,7.89830552948775,249.67787344961724,42.05166765889534,163.13564704198527,42.043300614266265,1.2612089988893271,1.4194786264709107,163.0954008954038,227.294243798492,284.7440089413863,1.260954518347248,9.340196429910467,161.27005803803013,133.53943122446313,0.01194161890484662,0.0018811071789703565
1.622169767,275.9084542,134.2755869,1.571978119,921.950553,921.0242549,272.8001339,921.0242549,1.521296758,192.1409222,1.521192609,272.8001339,113.291477,251.30286949999999,113.291477,1.420102488,1.419464032,251.30286949999999,223.53032715,262.48326395000004,1.419325153,7.880153429,249.4164004,42.26006088,163.18968195,42.26006088,1.261247706,1.419464032,163.18968195,230.1207593,287.2868133,1.261001512,9.386509132499999,161.40348085,160.41990485000002,0.012058120499999997,0.0018772270000000002,1.6221664228878694,275.971011050735,134.38909413156594,1.5719758003161475,922.2976226723213,921.3682427595301,272.85439638496916,921.6353800998207,1.5212825676044686,192.86225457168496,1.521179012938968,272.71856489232266,113.74941465744497,251.59941405155138,113.72768361324229,1.4201175006237188,1.4194785686088363,251.5359378071728,223.83930181185127,262.95161628122213,1.4193397018354637,7.898323847379385,249.67926647058295,42.04786063021855,163.13429558077272,42.03951426592729,1.2612089046433304,1.4194786381218714,163.09408651927586,227.29106744260804,284.74433212027685,1.2609544217920983,9.340124070405775,161.26853634929208,133.53825175929728,0.01194127176497337,0.0018811265148597634
1.622169767,275.9084542,134.2755869,1.571978119,921.950553,921.0242549,272.8001339,921.0242549,1.521296758,192.1409222,1.521192609,272.8001339,113.2897758,251.3036572,113.2897758,1.420102488,1.419464031,251.3036572,223.52834575,262.48028880000004,1.4193251525,7.8801526145,249.4172325,42.260240859999996,163.19007425,42.260240859999996,1.261247764,1.419464031,163.19007425,230.1204415,287.2875554,1.261001568,9.386565659,161.40383485,160.4214767,0.0120582535,0.0018773070000000004,1.6221664248941003,275.97100982162226,134.38937134625627,1.5719758038110885,922.2979717040376,921.3685950830633,272.8543779317084,921.6357908656576,1.5212825574894833,192.86243359678073,1.5211790036158992,272.7185206741319,113.74777559516437,251.6006634338914,113.72607791164322,1.4201175179586196,1.419478579867068,251.53721419978964,223.83726639522354,262.9481190176008,1.4193397169427764,7.898341455619043,249.68062030493348,42.04413200151614,163.1329688429499,42.035805082916816,1.2612088124248326,1.4194786491182836,163.0927978756556,227.28797532705173,284.7446601227329,1.2609543272831503,9.340053252895263,161.26704274791558,133.53707972149394,0.011940930198089113,0.0018811461439204862
1.622169767,275.9084542,134.2755869,1.571978119,921.950553,921.0242549,272.8001339,921.0242549,1.521296758,192.1409222,1.521192609,272.8001339,113.28811920000001,251.30442425,113.28811920000001,1.420102488,1.41946403,251.30442425,223.5264162,262.47739165,1.419325152,7.880151821,249.41804280000002,42.260416065,163.19045640000002,42.260416065,1.26124782,1.41946403,163.19045640000002,230.12013185,287.28827765000005,1.2610016235,9.386620707999999,161.4041798,160.4230289,0.012058382499999996,0.0018773850000000007,1.6221664268336422,275.9710108751475,134.3896404293157,1.5719758071698988,922.2983132937131,921.3689440670369,272.8543655715055,921.6361957872649,1.5212825482713932,192.86262367280835,1.5211789953314745,272.7184851603094,113.74616404080278,251.6018259227052,113.7244994253255,1.420117532465641,1.41947858855947,251.53840474579022,223.83529053870757,262.9447504167934,1.4193397296267318,7.898356380487167,249.68188565337874,42.040479920820204,163.13166859447327,42.03217244791222,1.2612087215143986,1.4194786575226843,163.09153294630715,227.28492780931595,284.74493506596815,1.2609542341170223,9.339983063604603,161.26557971950785,133.53591956747061,0.011940585303331525,0.0018811651872348415
1.622169767,275.9084542,134.2755869,1.571978119,921.950553,921.0242549,272.8001339,921.0242549,1.521296758,192.1409222,1.521192609,272.8001339,113.286506,251.30517114999998,113.286506,1.420102488,1.41946403,251.30517114999998,223.52453730000002,262.4745703,1.419325151,7.880151048,249.41883185,42.260586585,163.19082865000001,42.260586585,1.261247875,1.41946403,163.19082865000001,230.1198301,287.28898065,1.2610016765,9.386674313,161.40451575,160.42456125,0.012058508500000004,0.0018774604999999992,1.6221664287176096,275.9710140357231,134.3899043377009,1.5719758104009134,922.2986496739601,921.3692863718913,272.8543511222542,921.6365881855236,1.5212825399501984,192.86281595902236,1.52117898771475,272.7184475574385,113.74459023667048,251.60294967585068,113.7229592745116,1.4201175457849529,1.4194785964664143,251.5395588593244,223.83336755015594,262.94147050042017,1.419339741382593,7.89837057352669,249.6831109724859,42.036896980259144,163.13039155570942,42.02860864438064,1.2612086317158189,1.4194786650107176,163.0902932449074,227.28196453190782,284.74522930346546,1.2609541421658268,9.339914302086331,161.26414204429372,133.53474455872225,0.011940256271892534,0.0018811807150030727
1.622169767,275.9084542,134.2755869,1.571978119,921.950553,921.0242549,272.8001339,921.0242549,1.521296758,192.1409222,1.521192609,272.8001339,113.28493499999999,251.3058985,113.28493499999999,1.420102487,1.419464029,251.3058985,223.5227076,262.47182295000005,1.41932515,7.8801502955,249.4196003,42.260752525,163.1911911,42.260752525,1.261247928,1.419464029,163.1911911,230.1195361,287.28966495,1.2610017285,9.386726508,161.40484295,160.42607335,0.012058630999999995,0.0018775345000000008,1.6221664305015435,275.97101438689816,134.3901615929335,1.5719758137124948,922.2989793563702,921.3696219976267,272.85433545439133,921.6369747395529,1.521282531280211,192.86299277393175,1.521178979652892,272.7184123917907,113.74305389013001,251.60405081574112,113.72145482546462,1.4201175594153317,1.419478604478086,251.54069161589547,223.83148705674023,262.9382612500563,1.4193397532157952,7.898384655683092,249.68431353807455,42.033382871171646,163.12913999717378,42.025112746338145,1.2612085444025602,1.4194786727867519,163.08907725777945,227.2790408970068,284.74552354096284,1.260954052644496,9.339847196784033,161.2627339478055,133.5335442969414,0.011939932811953305,0.0018811968288603381
1.622169767,275.9084542,134.2755869,1.571978119,921.950553,921.0242549,272.8001339,921.0242549,1.521296758,192.1409222,1.521192609,272.8001339,113.28340525,251.30660684999998,113.28340525,1.420102487,1.419464029,251.30660684999998,223.5209258,262.4691475,1.419325149,7.880149562,249.42034855,42.260913985,163.19154415,42.260913985,1.2612479795,1.419464029,163.19154415,230.1192497,287.29033104999996,1.2610017795,9.3867773295,161.40516165000003,160.4275649,0.012058750500000003,0.0018776064999999993,1.6221664322688052,275.9710133333729,134.3904092380569,1.5719758168796114,922.2992971315149,921.3699459349037,272.85431821974214,921.6373471004538,1.5212825226102233,192.8631541175366,1.5211789716899526,272.71837409257034,113.74155324535677,251.60512012956895,113.71998754137172,1.4201175722256254,1.4194786118613913,251.541790452584,223.82965541600043,262.9351328010658,1.4193397644044876,7.8983980281875175,249.68548113066257,42.02993975418693,163.12791240518942,42.021688149059194,1.2612084580049463,1.419478679908238,163.08788347124636,227.2761767258665,284.7457936606325,1.2609539642102097,9.33978077681248,161.26135021026795,133.53234997705053,0.011939614088718617,0.0018812127475336521
1.622169767,275.9084542,134.2755869,1.571978119,921.950553,921.0242549,272.8001339,921.0242549,1.521296758,192.1409222,1.521192609,272.8001339,113.2819155,251.30729655,113.2819155,1.420102487,1.419464028,251.30729655,223.5191907,262.46654205,1.419325149,7.8801488475,249.42107725,42.261071075000004,163.191888,42.261071075000004,1.2612480305,1.419464028,163.191888,230.1189706,287.29097945,1.2610018295,9.386826817,161.405472,160.4290357,0.012058866999999997,0.0018776765,1.6221664340805262,275.9710126310228,134.39065688318024,1.5719758200772878,922.2996141624556,921.370266532621,272.8543015073551,921.6377177915747,1.5212825141893735,192.86332209170055,1.521178963999039,272.7183382305731,113.74009064345024,251.60616180497394,113.71855595904574,1.4201175848379675,1.419478619139969,251.54286332590567,223.82786928186286,262.93208261960757,1.4193397754384978,7.8984112232789485,249.68662344156337,42.026567629304985,163.126705500123,42.01833392655983,1.261208372849993,1.4194786868202687,163.08670986707224,227.27335715254674,284.7460396624746,1.260953876990856,9.33971509928257,161.25998983743827,133.53116308452218,0.011939284527828898,0.00188123276814225
1.622169767,275.9084542,134.2755869,1.571978119,921.950553,921.0242549,272.8001339,921.0242549,1.521296758,192.1409222,1.521192609,272.8001339,113.28046475,251.30796825,113.28046475,1.420102487,1.419464027,251.30796825,223.51750099999998,262.46400489999996,1.419325148,7.8801481515,249.42178685,42.261223885,163.1922229,42.261223885,1.2612480795,1.419464027,163.1922229,230.1186985,287.2916105,1.2610018775,9.386875009,161.40577435,160.43048545,0.0120589805,0.0018777445000000006,1.622166435825558,275.9710087680971,134.39089565743353,1.57197582311383,922.2999244955595,921.3705821209991,272.85428253183227,921.6380809686865,1.5212825061173163,192.86348122511902,1.521178956332855,272.7183016722264,113.73866315803608,251.60717772639407,113.71715949321182,1.42011759696957,1.4194786262090913,251.54390604822063,223.8261279851128,262.9291078903029,1.419339786034241,7.898423930484647,249.68773499307807,42.023264644557926,163.12551827285657,42.015048535533495,1.2612082887414908,1.4194786935228438,163.08555644525708,227.27058713236087,284.74627601718555,1.2609537907946031,9.339650278416093,161.25865556348435,133.52998361935633,0.011938957757025553,0.0018812530819531303
1.622169767,275.9084542,134.2755869,1.571978119,921.950553,921.0242549,272.8001339,921.0242549,1.521296758,192.1409222,1.521192609,272.8001339,113.27905200000001,251.3086224,113.27905200000001,1.420102486,1.419464027,251.3086224,223.51585555,262.4615341,1.419325147,7.8801474735,249.4224779,42.261372515,163.1925492,42.261372515,1.2612481275,1.419464027,163.1925492,230.1184333,287.2922247,1.2610019239999999,9.386921944000001,161.40606885,160.4319141,0.012059090500000001,0.001877811,1.6221664376039346,275.971008416922,134.39112408233837,1.5719758261253691,922.3002199445816,921.3708810115794,272.8542654712705,921.6384207688807,1.5212824976964665,192.86362930760566,1.5211789486419416,272.7182644175303,113.73726669219016,251.60816203113356,113.71579375430845,1.4201176085638758,1.419478632597483,251.54492071334883,223.82442817967652,262.9262072054622,1.419339796165937,7.8984360832747385,249.68881620656808,42.02002987396179,163.12435627353887,42.01183043267361,1.2612082063334715,1.4194786996755984,163.0844257285958,227.26788648656247,284.746507548331,1.2609537062608893,9.339586828211111,161.25734664272406,133.52880563966298,0.011938641840735018,0.0018812712473736375
1.622169767,275.9084542,134.2755869,1.571978119,921.950553,921.0242549,272.8001339,921.0242549,1.521296758,192.1409222,1.521192609,272.8001339,113.27767625000001,251.3092594,113.27767625000001,1.420102486,1.419464026,251.3092594,223.51425315,262.45912795000004,1.419325147,7.880146813,249.4231508,42.261517075,163.1928671,42.261517075,1.2612481739999999,1.419464026,163.1928671,230.11817465000001,287.2928224,1.2610019695,9.386967657,161.40635585,160.43332135,0.012059198000000002,0.0018778754999999997,1.6221664392322606,275.97100806574696,134.3913495502865,1.5719758291341297,922.3005124167875,921.3711732230405,272.85425015158233,921.6387580644052,1.5212824903718218,192.86378844102413,1.5211789416681871,272.71823134093086,113.73590826921095,251.609124560146,113.71446488772173,1.4201176199885086,1.4194786391429668,251.54591192769402,223.82277254241302,262.923377186631,1.4193398061945117,7.898447969945339,249.68987129564798,42.016863008855275,163.12321950216986,42.008680543964125,1.261208125625935,1.419478705775989,163.08331872620627,227.26522548327122,284.74671978521434,1.2609536236454895,9.339524691556726,161.25606382083953,133.5276172616621,0.011938332884913168,0.0018812903896194594
1.622169767,275.9084542,134.2755869,1.571978119,921.950553,921.0242549,272.8001339,921.0242549,1.521296758,192.1409222,1.521192609,272.8001339,113.2763365,251.3098797,113.2763365,1.420102486,1.419464026,251.3098797,223.5126927,262.45678480000004,1.419325146,7.8801461695,249.42380615,42.261657655,163.1931768,42.261657655,1.2612482195,1.419464026,163.1931768,230.11792244999998,287.293404,1.261002014,9.387012182,161.4066355,160.43470725,0.012059303000000004,0.0018779385000000006,1.6221664408439143,275.9710087680971,134.3915728005171,1.5719758320178727,922.3007989353606,921.3714637647219,272.8542365727679,921.6390945250398,1.5212824831468323,192.86395199481535,1.5211789348428106,272.71820035337987,113.73458145107486,251.6100592413536,113.71316850389015,1.4201176307344503,1.4194786450600838,251.5468729910325,223.82115973489277,262.9206144553545,1.4193398156816979,7.898459213493837,249.69089731078756,42.01375818467336,163.12210644507266,42.005592387517446,1.2612080468804945,1.4194787114836505,163.08223543808856,227.26262889905408,284.7469416692287,1.2609535430762917,9.339464096896522,161.25480883775583,133.52642294177124,0.011938047295598832,0.0018813028907830897
1.622169767,275.9084542,134.2755869,1.571978119,921.950553,921.0242549,272.8001339,921.0242549,1.521296758,192.1409222,1.521192609,272.8001339,113.27503175,251.3104838,113.27503175,1.420102486,1.419464025,251.3104838,223.5111731,262.45450289999997,1.419325145,7.8801455425,249.4244443,42.261794359999996,163.1934786,42.261794359999996,1.261248264,1.419464025,163.1934786,230.11767645,287.2939701,1.2610020575,9.38705555,161.40690795,160.4360716,0.012059404999999999,0.0018779999999999995,1.6221664423888789,275.97100806574696,134.39178496216013,1.5719758348377177,922.3010750350766,921.3717376086055,272.8542224716913,921.6394101134266,1.5212824756727052,192.86409565692924,1.5211789278937857,272.71816832130463,113.73328740833163,251.61097005301428,113.71190313962656,1.4201176412824406,1.4194786508201094,251.54780976606006,223.81958574182735,262.917920982398,1.4193398248079585,7.898470213099467,249.69189635879414,42.01071756204525,163.12101079526008,42.00256781530145,1.261207969246908,1.4194787167200373,163.08116930497596,227.2601016892244,284.747144258981,1.2609534636580826,9.339404301788855,161.25357547945492,133.5252330782979,0.011937778397396782,0.0018813117783796317
1.622169767,275.9084542,134.2755869,1.571978119,921.950553,921.0242549,272.8001339,921.0242549,1.521296758,192.1409222,1.521192609,272.8001339,113.2737612,251.31107205,113.2737612,1.420102485,1.419464025,251.31107205,223.50969320000002,262.45228075,1.419325145,7.880144932,249.4250658,42.261927285,163.1937726,42.261927285,1.261248307,1.419464025,163.1937726,230.11743654999998,287.29452095,1.2610021,9.387097788,161.40717339999998,160.4374145,0.012059503999999993,0.0018780590000000003,1.6221664439116137,275.9710077145719,134.39198751369386,1.571975837660341,922.3013407159353,921.37200477337,272.85420819652734,921.639719857584,1.5212824688463358,192.86423268848404,1.5211789214640832,272.71813559288,113.73202497043152,251.61186181091378,113.71066820965608,1.4201176516324792,1.4194786564230433,251.54872476536053,223.81805089782418,262.915290573928,1.4193398338053171,7.898480990938855,249.6928726532822,42.0077399063257,163.11993684148337,41.99960559267088,1.2612078930521917,1.419478722061152,163.0801238587813,227.25760916658845,284.7473372016022,1.2609533855826933,9.339345363344624,161.2523649887404,133.52405955502206,0.011937513954296677,0.0018813196893525319
1.622169767,275.9084542,134.2755869,1.571978119,921.950553,921.0242549,272.8001339,921.0242549,1.521296758,192.1409222,1.521192609,272.8001339,113.27252385,251.31164495000002,113.27252385,1.420102485,1.419464024,251.31164495000002,223.5082521,262.45011665000004,1.419325144,7.8801443365,249.42567105,42.26205652,163.19405895,42.26205652,1.2612483490000002,1.419464024,163.19405895,230.11720265000002,287.29505715,1.261002141,9.387138923999998,161.40743205,160.43873574999998,0.012059600499999998,0.0018781174999999998,1.6221664454287912,275.9710073633968,134.39218267283584,1.5719758403329427,922.3015996989573,921.3722635892356,272.8541942695381,921.6400195830624,1.5212824616213463,192.8643652996661,1.521178914737625,272.7181049535037,113.73079179627504,251.61273074617625,113.70946371397869,1.4201176617562874,1.4194786619736133,251.54962092028182,223.816553195239,262.91272125917936,1.4193398427768953,7.898491613541873,249.69382914378193,42.00482398286944,163.1188818086682,41.99670541096443,1.2612078177077168,1.4194787272713567,163.0790990995046,227.25516619708642,284.74751567352683,1.2609533087222362,9.33928722445293,161.25117885697662,133.5228949445812,0.01193725452212138,0.0018813273073578752
1.622169767,275.9084542,134.2755869,1.571978119,921.950553,921.0242549,272.8001339,921.0242549,1.521296758,192.1409222,1.521192609,272.8001339,113.27131885,251.31220285,113.27131885,1.420102485,1.419464024,251.31220285,223.50684865,262.4480092,1.419325144,7.8801437565,249.4262604,42.26218216,163.19433795,42.26218216,1.26124839,1.419464024,163.19433795,230.11697465,287.29557895,1.2610021809999998,9.3871789835,161.40768394999998,160.44003545,0.012059694499999997,0.0018781740000000005,1.622166446873722,275.9710073633968,134.39238004969536,1.5719758430888897,922.3018549609587,921.372524074881,272.85417999437414,921.6403176387611,1.5212824546454944,192.86450012103452,1.5211789080853557,272.718073617778,113.7295919827863,251.6135812558235,113.70829082314417,1.4201176715407502,1.4194786674718194,251.55049404318413,223.81509263407182,262.910215290455,1.4193398514133284,7.898501903495528,249.69476119531737,42.00196948301514,163.11784746277098,41.993865726875526,1.261207744063725,1.4194787321673785,163.07809199979195,227.2527777360317,284.7476893218859,1.2609532332045992,9.339229999335565,161.2500155927992,133.52174073244788,0.011936998710277494,0.0018813352183960751
1.622169767,275.9084542,134.2755869,1.571978119,921.950553,921.0242549,272.8001339,921.0242549,1.521296758,192.1409222,1.521192609,272.8001339,113.2701454,251.3127462,113.2701454,1.420102485,1.419464023,251.3127462,223.50548185000002,262.4459568,1.419325143,7.880143192,249.4268344,42.2623043,163.1946096,42.2623043,1.2612484290000001,1.419464023,163.1946096,230.11675235,287.29608685000005,1.26100222,9.3872179915,161.4079293,160.44131355000002,0.012059786499999994,0.0018782289999999993,1.622166448296423,275.9710038516461,134.3925655987281,1.5719758457309316,922.3021005483072,921.3727678627286,272.85416363016185,921.6406006664413,1.52128244771947,192.86461505072566,1.521178901532005,272.7180429784017,113.72841850666681,251.61440726777784,113.70714426967868,1.420117681183819,1.4194786727082063,251.55134455283138,223.81366787589315,262.9077723862172,1.4193398598692988,7.898511838623193,249.69567091469577,41.99917455479491,163.11683128099682,41.99108592308154,1.2612076714661842,1.419478737141946,163.07710306420242,227.25043387279752,284.7478484995484,1.2609531590297822,9.339173459548945,161.24887221347953,133.52060434598457,0.011936748186817607,0.0018813427387965643
1.622169767,275.9084542,134.2755869,1.571978119,921.950553,921.0242549,272.8001339,921.0242549,1.521296758,192.1409222,1.521192609,272.8001339,113.2690026,251.3132753,113.2690026,1.420102485,1.419464023,251.3132753,223.50415085,262.4439581,1.419325143,7.880142641999999,249.4273934,42.262423035,163.19487425,42.262423035,1.261248468,1.419464023,163.19487425,230.11653560000002,287.29658129999996,1.261002258,9.387255975999999,161.40816819999998,160.4425702,0.012059875499999997,0.0018782824999999997,1.6221664496857797,275.9710010422456,134.39275114776083,1.571975848234065,922.3023424146352,921.3730133203559,272.85414796229895,921.6408828592316,1.5212824408931005,192.86473661097588,1.5211788949786542,272.7180123390254,113.72727487956584,251.61521590102691,113.70602668731914,1.4201176904309847,1.4194786777351376,251.5521757993355,223.81227925531036,262.905387197246,1.419339867990124,7.898521596337866,249.69655830191712,41.99643796356349,163.11583528158164,41.98836414761459,1.261207599784288,1.4194787417237844,163.07613481553082,227.24812965207047,284.7479980300798,1.2609530858780662,9.339117776425761,161.24775294454986,133.51947538688376,0.011936502951409007,0.001881349966222764
1.622169767,275.9084542,134.2755869,1.571978119,921.950553,921.0242549,272.8001339,921.0242549,1.521296758,192.1409222,1.521192609,272.8001339,113.26788965,251.3137906,113.26788965,1.420102485,1.4194640225000001,251.3137906,223.50285465,262.44201165000004,1.419325142,7.880142105499999,249.42793775,42.26253844,163.19513195,42.26253844,1.261248506,1.4194640225000001,163.19513195,230.11632435,287.29706254999996,1.2610022945,9.3872929625,161.4084009,160.44380535,0.012059962500000004,0.0018783350000000003,1.6221664510195621,275.9709968281448,134.3929389145111,1.5719758508483253,922.3025813041468,921.3732487593046,272.8541312499119,921.6411567031228,1.5212824341165585,192.86484712029426,1.5211788885736812,272.7179785660765,113.72615349291002,251.61601218073852,113.70493134540456,1.420117699423641,1.4194786826049772,251.55299406415614,223.81091405724342,262.90303016206343,1.419339875853145,7.898530954873301,249.69743473374066,41.99374983215875,163.1148602213639,41.985690214651314,1.2612075303261003,1.4194787460961673,163.07518523554128,227.2458799397907,284.74815720774234,1.260953014708608,9.33906386374034,161.24665356047794,133.51827363963037,0.011936280520021651,0.0018813534822779822
