burner_inputP,fur_F,fur_inputT,fur_inputP,fur_temp,fur_outputT,WHB_F,WHB_inputT,WHB_inputP,WHB_outputT,WHB_outputP,SEP1_F,SEP1_T,HEATER1_F,HEATER1_input_T,HEATER1_input_P,HEATER1_output_P,cat1_F,cat1_input_temp,cat1_output_temp,cat1_input_P,cat1_deltaP,SEP2_F,SEP2_T,HEATER2_F,HEATER2_input_T,HEATER2_input_P,HEATER2_output_P,cat2_F,cat2_input_temp,cat2_output_temp,cat2_input_P,cat2_deltaP,SEP3_F,SEP3_T,B35_H2S,B35_SO2,burner_inputP_pred,fur_F_pred,fur_inputT_pred,fur_inputP_pred,fur_temp_pred,fur_outputT_pred,WHB_F_pred,WHB_inputT_pred,WHB_inputP_pred,WHB_outputT_pred,WHB_outputP_pred,SEP1_F_pred,SEP1_T_pred,HEATER1_F_pred,HEATER1_input_T_pred,HEATER1_input_P_pred,HEATER1_output_P_pred,cat1_F_pred,cat1_input_temp_pred,cat1_output_temp_pred,cat1_input_P_pred,cat1_deltaP_pred,SEP2_F_pred,SEP2_T_pred,HEATER2_F_pred,HEATER2_input_T_pred,HEATER2_input_P_pred,HEATER2_output_P_pred,cat2_F_pred,cat2_input_temp_pred,cat2_output_temp_pred,cat2_input_P_pred,cat2_deltaP_pred,SEP3_F_pred,SEP3_T_pred,B35_H2S_pred,B35_SO2_pred
1.6221654879917589,276.8787792342347,138.17538432171676,1.5719850820072425,925.9590622014018,925.5626600446681,273.7413203675355,925.5626381311265,1.5213002322119318,200.11419687217906,1.5211950052190977,273.7413203675355,114.66070069624406,253.38151388879115,114.66070068588144,1.4202284255807012,1.4195784306201102,253.38151388879115,223.99142704960218,261.9259396699615,1.4194374094674307,7.992379964928519,251.52993276053522,43.6890684913931,164.98797931444113,43.68906849140495,1.261100265062005,1.4195784306201102,164.98797931444113,209.99997833428264,269.71175209905766,1.2608547478439414,9.239703898111683,163.11740351017642,154.7357682808229,0.010085494202141752,0.00166613352219775,1.622161186580598,276.90605671959565,138.21491873366193,1.5719820760631364,926.1687758581838,925.8077868595833,273.775976771453,925.9450292281758,1.521293676848028,200.62048225471827,1.521188981797233,273.6929817516394,114.88528628108779,253.54892391469812,114.86165454699052,1.4202370473451316,1.4195899886961836,253.46772180972906,224.15610873836158,262.2168699675501,1.4194483667254965,8.002065951495931,251.65389307210162,43.12080239917072,164.75687146695202,43.12726575066664,1.2610947363444462,1.4195880271195012,164.73539314825643,209.01790828845967,269.5891619336142,1.260844827444879,9.221658140164054,162.852661303576,130.98509589808157,0.009727591211912686,0.0017988380535844271
1.6221655048500698,276.87899641346644,138.1753380763933,1.5719849671739037,925.9592192722375,925.562885717268,273.74152165553744,925.5628857172678,1.521300193161312,200.11503914585035,1.5211949659933284,273.74152165553744,114.66336265451503,253.38129907555637,114.66336265453069,1.4202284532359597,1.4195784554305408,253.38129907555637,223.9940903131763,261.92963937632595,1.4194374338250464,7.992424251291208,251.52967841788217,43.69208512649076,164.98927734524472,43.69208512651035,1.261100269637931,1.4195784554305408,164.98927734524472,210.00016730897033,269.7087647224548,1.2608547490034954,9.239740174574628,163.11878590259585,154.700027823185,0.01008581640374195,0.00166605235284525,1.622161207910001,276.90564145507904,138.2143465625411,1.5719819743375758,926.1682050536498,925.8074382930547,273.7755409437341,925.9445658642746,1.521293614015533,200.61889976127898,1.5211889145079218,273.69250910444276,114.88544401266593,253.54832989798976,114.86185558890752,1.4202369977299873,1.4195899405999706,253.46716003784732,224.1566076379493,262.2190645553724,1.4194483256315433,8.002044362552219,251.6531504225396,43.120922777084125,164.75580482928046,43.127386128579104,1.261094489480106,1.4195879768894608,164.73441329472843,209.01784634704228,269.5888411665064,1.2608445938901212,9.221536094180212,162.8517088188906,130.98520730851914,0.009727565154242022,0.0017988237191056491
1.6221655061574052,276.8789966937101,138.17533837552878,1.5719849673877633,925.9592210778728,925.5628880557592,273.741521812167,925.5628880557597,1.5213001785615474,200.11504221434785,1.5211949513922385,273.741521812167,114.66598849511388,253.3806776027024,114.6659884951396,1.4202284798632578,1.4195784802303673,253.3806776027024,223.99688842207874,261.9335081353431,1.419437458389113,7.992447204888231,251.5290066250695,43.69507229198337,164.9904119724381,43.69507229202331,1.2611002902230255,1.4195784802303673,164.9904119724381,210.00016963397792,269.70564499362774,1.2608547667291328,9.239755646046845,163.12000803689565,154.66439993709008,0.0100861442956466,0.0016659676995741499,1.622161213317377,276.9051057375145,138.21409300350433,1.5719819693702035,926.1675996436257,925.8067900010559,273.7749871718252,925.9438294913721,1.5212935704662858,200.61622654086727,1.52118887039027,273.6919654296011,114.88559501358306,253.5471184137901,114.862027952356,1.420236922324583,1.4195898728673073,253.46595462572537,224.15731299028386,262.2202073176522,1.4194482620828641,8.001985483614822,251.65198493675885,43.121038525077786,164.75527201500364,43.127519933258725,1.2610943911791115,1.4195879094578896,164.73387392118497,209.0165356666502,269.58746886211304,1.260844498134269,9.22145082761312,162.8512087147186,130.9852994078142,0.009727471913670516,0.001798787299771081
1.6221655061200098,276.8789962328009,138.17533848269662,1.5719849677421116,925.9592211948282,925.5628881947965,273.7415213561928,925.5628881947965,1.521300171518889,200.11504102812523,1.5211949443494328,273.7415213561928,114.66858304331211,253.37993598861277,114.66858304333735,1.4202284962909622,1.419578495399513,253.37993598861277,223.99970787720554,261.9374341026389,1.4194374734285518,7.992464510762631,251.5282137496775,43.698027831552125,164.99152756286963,43.698027831590444,1.2611003067382418,1.419578495399513,164.99152756286963,210.00016883920415,269.7025567930858,1.260854780442755,9.239769907767315,163.1212102944148,154.6288841301376,0.01008646703434835,0.0016658822362846004,1.6221612174576596,276.90459776278016,138.21382539892326,1.5719819649362403,926.1669830705405,925.8061429613919,273.7744567276233,925.9430789253411,1.5212935322485825,200.613604154742,1.5211888318367837,273.6914445602043,114.88577761934329,253.54585479347466,114.86223250592221,1.4202368451517537,1.4195898039433659,253.46469812439764,224.15807790273018,262.2214353859114,1.4194481973998474,8.001925296256594,251.65076319922406,43.12117124944385,164.7547497964653,43.127669479665364,1.2610942943823904,1.419587840547039,164.73334867529277,209.01526958407868,269.58607243989206,1.2608444038491244,9.221366589042148,162.8507260097971,130.9854345858118,0.009727381506290558,0.0017987448114793502
1.6221655061128861,276.878996034584,138.17533851851584,1.5719849678925408,925.9592212345444,925.5628882398692,273.74152116020883,925.5628882398692,1.5213001665617187,200.11504050158516,1.5211949393920667,273.74152116020883,114.67115144273995,253.3791075106146,114.67115144276701,1.4202285088683633,1.4195785071295124,253.3791075106146,224.00253944746385,261.94141704443285,1.4194374851051437,7.99247792263158,251.52733239202428,43.700950596581364,164.99262175082615,43.7009505966205,1.261100321469034,1.4195785071295124,164.99262175082615,210.0001680800437,269.6994940874687,1.260854792435262,9.239782655671604,163.12239058194615,154.59348005752761,0.010086782026022001,0.0016657975400368001,1.6221612213367433,276.90410576651146,138.21354522727623,1.5719819606300731,926.166382497843,925.805517628865,273.773942299459,925.9423475617781,1.5212934958246698,200.6110524945805,1.5211887950143714,273.6909421440682,114.88601026610513,253.54460206102277,114.86248856367675,1.4202367705947132,1.4195897374019804,253.46345816424719,224.15888597952716,262.22270399562626,1.4194481355526745,8.00186684976337,251.64955663070157,43.12132990136049,164.75426163565768,43.127843255985155,1.2610942038643755,1.4195877737700162,164.73286278500055,209.01401093447723,269.5846711941055,1.2608443156066698,9.221286234012076,162.85028009186246,130.98558907495192,0.009727283622555864,0.0017987005967073258
1.6221655061102072,276.87899590877214,138.17533854066357,1.5719849679880031,925.959221259661,925.5628882682487,273.74152103575636,925.5628882682487,1.521300162871067,200.11504016694667,1.5211949357012533,273.74152103575636,114.67369768075838,253.37821428315334,114.67369768078623,1.4202285187939054,1.4195785165120935,253.37821428315334,224.0053773351367,261.945448665707,1.4194374944905477,7.992488547966414,251.5263846268268,43.703839887983506,164.99369367129322,43.70383988802287,1.2611003344093943,1.4195785165120935,164.99369367129322,210.00016728843704,269.6964507847829,1.2608548027027169,9.23979373516659,163.12354824040625,154.55818730781527,0.010087088160162353,0.0016657140117658004,1.6221612250379895,276.90361359465516,138.21325470628076,1.5719819569795546,926.1658049954722,925.8049252744887,273.7734319623478,925.9416504287015,1.5212934595502396,200.60853951268044,1.521188758587633,273.690443035592,114.88630553727835,253.54339120496905,114.86280987957903,1.4202367000674008,1.4195896744475198,253.4622653150447,224.15973621685265,262.2239945652962,1.4194480777272434,8.001811208613114,251.64839915078846,43.12151571547298,164.75380526206547,43.12804357717795,1.2610941202136956,1.4195877105144634,164.73241776398527,209.0127572401892,269.58328441901557,1.2608442348456406,9.22120964830111,162.84986847530737,130.98577475901453,0.009727162968613229,0.0017986585306522724
1.6221655061086704,276.8789958210346,138.17533855565702,1.5719849680545601,925.9592212770788,925.5628882878934,273.7415209489501,925.5628882878939,1.521300160049655,200.11503993335796,1.5211949328797112,273.7415209489501,114.67622488757095,253.37727173769264,114.67622488759866,1.420228526701687,1.419578524108211,253.37727173769264,224.0082178530838,261.94951946554346,1.419437502132026,7.992497105780205,251.5253860645219,43.706695294102076,164.99474319306438,43.706695294142,1.261100345548091,1.419578524108211,164.99474319306438,210.000166441543,269.6934229177233,1.2608548112338709,9.239803096327437,163.12468326760705,154.52300542210213,0.010087384999133297,0.001665631578284,1.6221612284613642,276.9031302021756,138.21294348658841,1.5719819541680442,926.165240888775,925.8043492004654,273.7729359874442,925.9409691585331,1.521293423823912,200.60608068034637,1.5211887225071092,273.6899566354935,114.88665553165212,253.54221217497798,114.86318972296804,1.4202366332446104,1.4195896145825275,253.46111099212857,224.16062292638142,262.22532004566403,1.4194480235368483,8.001758162127897,251.6472762225145,43.1217246791842,164.75337310730404,43.128267202299945,1.2610940416644645,1.4195876505578344,164.7320055393033,209.01149611293104,269.5818855850118,1.2608441595837787,9.221135289915074,162.84948072058157,130.9859946089447,0.009727015240377808,0.0017986209008085021
1.6221655061076903,276.87899575683264,138.17533856626505,1.5719849681032505,925.9592212897413,925.5628883021614,273.7415208854235,925.5628883021611,1.5213001578574659,200.1150397622846,1.5211949306874182,273.7415208854235,114.67873554674915,253.37629113749813,114.67873554677901,1.420228533044221,1.4195785303180897,253.37629113749813,224.0110585334819,261.95362072020123,1.419437508420057,7.9925040888854095,251.52434820097122,43.70951660062662,164.99577050791265,43.709516600668806,1.2611003549069664,1.4195785303180897,164.99577050791265,210.0001655353306,269.69040791097166,1.2608548180496482,9.239810740035217,163.12579593571184,154.48793391554932,0.01008767235372995,0.0016655500332378496,1.6221612317791478,276.9026552378976,138.2126307884177,1.5719819522233234,926.1646942708737,925.8037935812442,273.7724509800446,925.940314604842,1.5212933880975845,200.6036638415533,1.5211886863523967,273.6894822474232,114.88705205537829,253.54104089212055,114.86361814417108,1.420236568811378,1.4195895569822727,253.459966091402,224.16155246565344,262.22669704746505,1.4194479718987125,8.00170615794402,251.64616719916856,43.121952471235716,164.7529581075477,43.128511662060646,1.261093967170231,1.419587592800488,164.73161854257003,209.01023994098628,269.58047710387694,1.260844088957843,9.22106321596486,162.84911086222772,130.98625902304988,0.009726834321661212,0.0017985893409014036
1.622165506107021,276.8789957083907,138.17533857397984,1.5719849681399785,925.959221299227,925.5628883128438,273.741520837485,925.5628883128442,1.5213001561367427,200.11503963308974,1.5211949289666125,273.741520837485,114.68123164205971,253.3752810043731,114.6812316420918,1.4202285381598962,1.419578535441273,253.3752810043731,224.0138976328372,261.9577449421583,1.4194375136469684,7.992509852152829,251.52327978509183,43.7123037357763,164.9967759662352,43.71230373581905,1.2611003625269093,1.419578535441273,164.9967759662352,210.0001645727388,269.68740413467174,1.260854823189597,9.239816694491697,163.12688664320405,154.45297229118546,0.010087950139838896,0.0016654691722025,1.6221612349190937,276.9021897553464,138.21231143709443,1.5719819508397936,926.1641565834216,925.8032438062523,273.77197902919744,925.9396709047198,1.5212933527200496,200.60129562686032,1.5211886504944399,273.689019349119,114.8874910115327,253.53986458409537,114.86408929043944,1.4202365061031523,1.4195895006649324,253.45881930623753,224.1625245000614,262.22814471527545,1.4194479217816203,8.0016550297368,251.64505375152734,43.122201406587415,164.75255319897087,43.12877772811332,1.2610938945726902,1.4195875365616937,164.7312492054009,209.00899367966832,269.5790276224351,1.260844020442053,9.220992341343452,162.84875094630274,130.9865531466051,0.009726628370699483,0.0017985614696687817
1.62216550610654,276.8789956711248,138.17533857967777,1.5719849681682252,925.9592213064742,925.5628883209909,273.7415208006073,925.5628883209912,1.521300154777057,200.11503953361947,1.5211949276068601,273.7415208006073,114.68371476521442,253.37424792950236,114.68371476524544,1.4202285423068255,1.419578539706282,253.37424792950236,224.01673387311095,261.96188588281854,1.4194375180357994,7.992514659712846,251.52218761042772,43.715056734042065,164.9977600007953,43.71505673408613,1.2611003684599038,1.419578539706282,164.9977600007953,210.00016355887556,269.6844106179735,1.2608548267041575,9.239821003405035,163.12795584870213,154.41812004902775,0.010088218349528654,0.0016653888320887502,1.6221612378700871,276.9017393733231,138.211991346532,1.57198194981187,926.1636252217041,925.8026982057098,273.77152614091676,925.9390413977261,1.5212933178906172,200.59897603626743,1.5211886151310752,273.68857385955135,114.8879668400041,253.53867299118482,114.86459643111216,1.4202364443281266,1.41958944526396,253.45765409545785,224.1635407026421,262.22967374753495,1.419447872695744,8.001604212002318,251.6439268203196,43.122471639569945,164.75215863385299,43.12906493746601,1.2610938236756324,1.419587481252358,164.73089349132403,209.0077721949173,269.57755161138283,1.2608439532051392,9.220922494718165,162.84839873576016,130.98686212488533,0.009726405998402202,0.0017985364933029771
1.622165506106184,276.87899564208186,138.17533858392062,1.5719849681902327,925.9592213120735,925.5628883272823,273.7415207718667,925.5628883272823,1.5213001536978497,200.1150394560291,1.5211949265276,273.7415207718667,114.68618619762069,253.37319708022198,114.68618619765151,1.4202285456845454,1.4195785432897403,253.37319708022198,224.01956629463194,261.9660383955606,1.4194375217589386,7.992518712494623,251.52107701764103,43.71777571043648,164.9987230883892,43.71777571048216,1.2611003727643797,1.4195785432897403,164.9987230883892,210.0001624992437,269.68142685486697,1.260854828650125,9.239823719523145,163.12900403941467,154.38337669217503,0.010088477050943002,0.0016653088924213494,1.6221612406488004,276.90130514535286,138.21167938760047,1.5719819486339246,926.1631020462316,925.8021663808505,273.771089442761,925.9384319280902,1.5212932845061828,200.5967249614519,1.5211885810289216,273.6881438637592,114.8884807113422,253.53746318204108,114.86513985882665,1.4202363828783071,1.4195893903866261,253.45646731833313,224.16460073878818,262.23128161040256,1.4194478237387695,8.001553538415896,251.64277481810538,43.12276826309503,164.75176987116333,43.129379154683676,1.2610937527131711,1.419587426335751,164.73054585019077,209.00659530798683,269.5760418353719,1.260843886351888,9.22085339053452,162.84805547340352,130.98718744336307,0.009726169924563125,0.0017985170726675843
1.6221655061059153,276.8789956192427,138.1753385870856,1.5719849682075338,925.9592213164426,925.5628883321946,273.7415207492549,925.5628883321936,1.5213001528386685,200.11503939493952,1.5211949256683766,273.7415207492549,114.68864697356474,253.37213254218773,114.68864697359643,1.4202285484487995,1.4195785463294592,253.37213254218773,224.0223941654748,261.97019827009933,1.419437524950888,7.992522165609861,251.51995223790004,43.72046084160888,164.99966572880666,43.720460841655665,1.2611003755022936,1.4195785463294592,164.99966572880666,210.0001613990989,269.67845266820143,1.2608548290741832,9.239824900791337,163.13003171467903,154.34874173083955,0.010088726388045548,0.00166522926505985,1.6221612432552335,276.90088988083625,138.21135412236382,1.5719819471448242,926.1625714287183,925.8016358083261,273.7706752018754,925.9378257980139,1.5212932535632966,200.59453466676155,1.521188549102975,273.68773684749925,114.88903877093318,253.5362498134035,114.86572571896905,1.420236322686894,1.4195893369100259,253.45527132840076,224.1657009278186,262.2329598577417,1.4194477757098896,8.001503973660686,251.64161059640898,43.12309899369558,164.75138766774035,43.12972717031522,1.2610936825355483,1.4195873725318766,164.730207795678,209.0054952284139,269.574510353316,1.2608438205856818,9.220784971681622,162.84772687612949,130.9875246456208,0.009725919470530744,0.0017985030675318203
1.622165506105711,276.87899560115613,138.1753385894455,1.5719849682212295,925.9592213198657,925.562888336035,273.7415207313568,925.5628883360353,1.5213001521533425,200.11503934652933,1.5211949249830163,273.7415207313568,114.69109792971526,253.37105756477177,114.69109792974666,1.4202285507221228,1.4195785489338268,253.37105756477177,224.0252169213383,261.97436207500004,1.4194375277174298,7.99252514008808,251.51881664141433,43.723112351471094,165.00058843190573,43.72311235151949,1.2611003767372608,1.4195785489338268,165.00058843190573,210.00016026321777,269.6754881116741,1.2608548280790834,9.239824607876866,163.13103937639482,154.31421468495114,0.010088966574357896,0.0016651498830599007,1.6221612458394368,276.9004993741618,138.21101407234366,1.5719819455501534,926.1620311365517,925.8010985566825,273.77028524617725,925.9372113190386,1.5212932254107512,200.5924228336872,1.5211885199467465,273.6873542034704,114.88965360218681,253.53503539785592,114.86636600967412,1.4202362647012268,1.4195892854232526,253.45406947577268,224.1668566616723,262.23473551718945,1.419447729408296,8.001456205212042,251.6404362620377,43.123472936880425,164.75101631233528,43.13011808986941,1.2610936132081672,1.4195873205476466,164.72987983234475,209.0044992104222,269.5729547534325,1.2608437555548293,9.220716781272309,162.8474136896202,130.98788115902107,0.009725639912091147,0.0017984964384722534
1.6221655061055502,276.8789955867726,138.17533859119345,1.5719849682321176,925.9592213225626,925.5628883390618,273.74152071712433,925.562888339062,1.5213001516061087,200.1150393080004,1.5211949244357554,273.74152071712433,114.69353974422174,253.36997474279508,114.69353974425505,1.4202285526014915,1.4195785511885954,253.36997474279508,224.02803412400272,261.97852702026654,1.4194375301422508,7.992527731115251,251.51767292264952,43.72573050019682,165.00149170922103,43.72573050024634,1.2611003765331705,1.4195785511885954,165.00149170922103,210.00015909587026,269.6725333986286,1.2608548256862588,9.239822902504136,163.1320275229653,154.2797950857494,0.010089197881995398,0.00166507069208425,1.6221612483625085,276.90013064034156,138.21065997677923,1.571981943644327,926.1614882396709,925.8005592178142,273.7699161809629,925.9365884911642,1.5212931996499264,200.59040051316077,1.5211884932634807,273.6869934944496,114.89032783884,253.53381700405055,114.86706482786596,1.4202362088223295,1.4195892359132152,253.45286490117869,224.16806794034935,262.2366116856625,1.4194476846793067,8.001410377218019,251.63925476452172,43.123878209188895,164.75064470465074,43.13053879524041,1.2610935428997379,1.4195872705401524,164.72954884165765,209.00360725401174,269.5713629768075,1.2608436895967916,9.22064773419956,162.84710373440026,130.9882272741138,0.009725361494371051,0.0017984848610183698
1.6221655061054245,276.87899557528544,138.17533859247675,1.5719849682408091,925.9592213246883,925.5628883414282,273.74152070575417,925.5628883414282,1.5213001511690312,200.11503927715754,1.5211949239986562,273.74152070575417,114.69597296778426,253.36888615482258,114.69597296781757,1.4202285541639657,1.4195785531618803,253.36888615482258,224.03084543142234,261.9826908412661,1.4194375322918225,7.992530014024557,251.5165232419243,43.728315575613756,165.00237606772168,43.72831557566535,1.2611003749531446,1.4195785531618803,165.00237606772168,210.0001579010247,269.6695888494902,1.2608548219708187,9.23981984625999,163.13299664492953,154.2454824766376,0.010089420628506254,0.001664991644791,1.622161250779989,276.89978982493915,138.2102910964313,1.571981941582923,926.1609412496676,925.8000157044964,273.7695746215523,925.9359623237301,1.5212931770780627,200.58847323064813,1.5211884696961475,273.68666342480515,114.89106528517942,253.5326042635589,114.86782334409428,1.4202361557147543,1.4195891890606442,253.45166158287665,224.1693367714939,262.23858892623673,1.4194476423478946,8.00136675579811,251.63807158155993,43.124316662588875,164.75027536748158,43.130991755718725,1.2610934720353817,1.419587223059215,164.72921734641156,209.00282183683916,269.5697326116583,1.2608436229673439,9.220577887574272,162.84680049031982,130.98857041826156,0.009725085123394376,0.0017984672615638953
1.622165506105327,276.87899556607374,138.17533859340733,1.5719849682477758,925.9592213263772,925.5628883433283,273.7415206966357,925.5628883433283,1.521300150820143,200.11503925242693,1.5211949236497508,273.7415206966357,114.69839804843733,253.36779346963675,114.69839804847254,1.4202285554711405,1.419578554908122,253.36779346963675,224.0336505758208,261.98685170217334,1.4194375342192707,7.992532048727963,251.51536933488921,43.730867886501656,165.00324200614816,43.73086788655489,1.2611003720590355,1.419578554908122,165.00324200614816,210.00015668214115,269.6666548529339,1.2608548169930422,9.239815499814785,163.1339472224599,154.21127641353002,0.010089635163525599,0.0016649126976282505,1.6221612531029932,276.8994765767794,138.20991408445244,1.5719819393548289,926.1603901665419,925.7994655120596,273.7692576084602,925.9353278073969,1.5212931574958497,200.58664430142886,1.5211884489727214,273.68636033870223,114.89186594120508,253.53140241093084,114.86864624055802,1.4202361058875193,1.4195891451011768,253.450473340078,224.1706598090323,262.2406613266164,1.4194476026460827,8.001325862102984,251.6368991433152,43.1247944703067,164.7499161214919,43.13148221854669,1.2610934011383237,1.4195871784321084,164.72889190587316,209.00214048124784,269.5680877758125,1.2608435557624018,9.22050798383809,162.84650818291115,130.9889001931568,0.009724817934495028,0.001798443967060081
1.6221655061052491,276.87899555867773,138.1753385940667,1.5719849682533666,925.9592213277099,925.5628883448226,273.74152068931977,925.5628883448223,1.5213001505420003,200.1150392325477,1.5211949233715947,273.74152068931977,114.70081535140795,253.36669802917356,114.7008153514431,1.420228556572309,1.4195785564708765,253.36669802917356,224.03644934738205,261.9910081166359,1.4194375359670983,7.992533883053099,251.5142125980712,43.73338775730574,165.00409001194873,43.73338775736032,1.2611003679108719,1.4195785564708765,165.00409001194873,210.000155442353,269.66373183726563,1.2608548108114352,9.239809922341859,163.13487972332126,154.17717646482248,0.010089841856493446,0.0016648338092907502,1.622161255325964,276.8991919493877,138.20953485475604,1.571981937098953,926.1598431765387,925.7989140672879,273.76896183402664,925.9346957957334,1.52129314125208,200.58492146115526,1.521188431637254,273.6860837138789,114.89273507439083,253.53020663038046,114.8695343951695,1.4202360591285332,1.4195891040086315,253.4492943100869,224.17204407971926,262.24283226525625,1.4194475657801147,8.001287418924838,251.63573576434172,43.1253178055687,164.74957302138944,43.13201697427321,1.2610933308952976,1.4195871368159243,164.7285760519553,209.00157062020781,269.5664236457045,1.2608434886214037,9.22043830854549,162.8462322805101,130.98923145352452,0.009724560266693832,0.0017984138106956636
1.622165506105188,276.8789955527231,138.17533859451754,1.5719849682578655,925.9592213287651,925.5628883460076,273.7415206834237,925.5628883460071,1.5213001503207628,200.1150392165053,1.5211949231503459,273.7415206834237,114.70322517507114,253.3656009141625,114.70322517510535,1.4202285575070608,1.4195785578851208,253.3656009141625,224.03924158169423,261.99515888262266,1.4194375375694372,7.992535555314428,251.51305415661125,43.73587552392871,165.004920559246,43.73587552398473,1.2611003625665596,1.4195785578851208,165.004920559246,210.0001541845108,269.6608202491586,1.2608548034824336,9.239803171120053,163.13579460155506,154.14318221110335,0.010090041086044199,0.0016647549401951497,1.622161257543377,276.898936293939,138.2091578427772,1.571981934876415,926.1593028843722,925.7983684667454,273.7686885168632,925.9340687934094,1.5212931278983062,200.58330802510685,1.5211884173929895,273.6858304167624,114.89367034363718,253.52903513814107,114.870488685841,1.420236016031651,1.4195890665422837,253.44813831211482,224.17348255680008,262.24508372373157,1.4194475321882571,8.001251947414342,251.63459513888674,43.1258872856975,164.7492483376895,43.132597566204865,1.261093261600618,1.4195870985510275,164.72827735304253,209.00106517824187,269.5647257506379,1.260843421640265,9.220369204361845,162.84597477160244,130.98957608314478,0.009724331939086294,0.0017983720781090486
1.622165506105138,276.878995547926,138.17533859481148,1.571984968261487,925.9592213295988,925.5628883469326,273.7415206786767,925.5628883469329,1.5213001501453407,200.11503920355403,1.5211949229749155,273.7415206786767,114.70562776373956,253.36450299544316,114.70562776377491,1.4202285583072014,1.4195785591789487,253.36450299544316,224.04202715033784,261.9993030293607,1.4194375390537002,7.992537096267682,251.51189491747715,43.73833153044759,165.00573410736362,43.73833153050601,1.2611003560816263,1.4195785591789487,165.00573410736362,210.00015291127556,269.65792053824623,1.260854795060149,9.239795301262511,163.13669229652544,154.1092932446964,0.0100902332312924,0.0016646760525207997,1.6221612597163306,276.89870100664416,138.20877861308082,1.5719819325427502,926.1587707784506,925.7978282929872,273.7684340881789,925.9334518097643,1.5212931175341833,200.5817984678177,1.521188405745336,273.68560131778975,114.8946658961954,253.5278762088211,114.87150121136182,1.4202359759464604,1.4195890316417656,253.44699445829824,224.17496988655682,262.24741232358764,1.4194475011228784,8.001218649213023,251.63346294066082,43.12649627447481,164.7489385384793,43.13321782111537,1.2610931931888814,1.4195870628912335,164.72798924986822,209.00062415535004,269.5630085613091,1.2608433552346208,9.220300671287156,162.84573366770243,130.98996230599505,0.009724122416980938,0.0017983221776632593
1.6221655061051004,276.8789955440484,138.1753385949869,1.5719849682644127,925.9592213302616,925.5628883476776,273.7415206748361,925.5628883476772,1.5213001500068868,200.1150391930724,1.5211949228364547,273.7415206748361,114.70802331803603,253.36340497538413,114.70802331807428,1.4202285589984225,1.419578560375058,253.36340497538413,224.04480595338316,262.00343977386444,1.419437540442036,7.99253853066173,251.51073561232909,43.740756126475894,165.00653110034278,43.74075612653576,1.2611003485092165,1.419578560375058,165.00653110034278,210.00015162496075,269.6550331458827,1.2608547855963654,9.23978636558287,163.1375732327117,154.0755091690806,0.010090418664950397,0.0016645971105043501,1.6221612619059567,276.89848573632815,138.20839051251434,1.5719819301924163,926.1582438819577,925.7972914587885,273.7681948050954,925.9328390005688,1.5212931091133335,200.58036516195824,1.5211883962244301,273.68539032390305,114.89571939096601,253.52672732983675,114.87256992326992,1.4202359383498036,1.4195889991761674,253.4458625392551,224.1765100842779,262.24982510327163,1.4194474721972727,8.001187491055944,251.6323408551098,43.127143228594036,164.74864412831784,43.13387511538356,1.2610931253330717,1.419587029692541,164.72771275155034,209.0002450738756,269.56126966593547,1.2608432888289762,9.220232595099631,162.84550797456717,130.99038566565787,0.009723935662974517,0.0017982624296525992
1.6221655061050706,276.8789955409124,138.1753385950733,1.571984968266777,925.959221330784,925.5628883482502,273.7415206717305,925.5628883482502,1.5213001498982703,200.115039184559,1.5211949227278332,273.7415206717305,114.71041200319752,253.36230742043557,114.71041200323597,1.420228559601421,1.4195785614917293,253.36230742043557,224.04757791367916,262.0075684857122,1.4194375417522835,7.992539878435401,251.50957683138728,43.743149665101704,165.00731196622593,43.743149665163706,1.2611003398999643,1.4195785614917293,165.00731196622593,210.00015032773103,269.65215849717015,1.2608547751404116,9.23977641448892,163.13843781936487,154.04182959824485,0.010090597748126049,0.0016645180808098005,1.622161264006664,276.89828398625224,138.20800019423035,1.571981927947653,926.1577251717098,925.796761721154,273.7679697971758,925.932238714722,1.5212931018385165,200.57900368715576,1.5211883878658166,273.6851923865688,114.8967889807956,253.52558075405426,114.87365443759946,1.4202359020681108,1.4195889677709375,253.44473376094186,224.17806266247166,262.2522680075095,1.4194474446638083,8.001157253228772,251.63122045500458,43.12779944255276,164.7483640980871,43.134542441144454,1.2610930595374628,1.4195869975018531,164.7274503808837,208.99985112646095,269.55955488838947,1.2608432242137586,9.220166632015243,162.845290235375,130.99089518272572,0.00972374721381057,0.001798211085291926
1.6221655061050453,276.8789955383835,138.1753385950902,1.5719849682686822,925.9592213311948,925.5628883487082,273.7415206692318,925.5628883487084,1.5213001498137424,200.11503917770852,1.5211949226433013,273.7415206692318,114.71279395583556,253.36121078759064,114.71279395587399,1.4202285601328923,1.4195785625437067,253.36121078759064,224.0503429722616,262.0116886582985,1.4194375429988297,7.992541155679933,251.5084190508831,43.74551250120124,165.0080771168499,43.74551250126481,1.2611003303019617,1.4195785625437067,165.0080771168499,210.0001490215967,269.6492969954755,1.2608547637391303,9.239765495938634,163.13928645043987,154.0082541559998,0.010090770826558548,0.0016644389328682005,1.6221612660573543,276.89808381646407,138.20761652909894,1.5719819257195586,926.1572161361148,925.7962420021981,273.7677452244746,925.9316451079944,1.5212930944640444,200.57766431421695,1.5211883796308514,273.6849965382829,114.89786237491188,253.5244264311381,114.87474217094076,1.4202358657015817,1.4195889361300702,253.44359953869684,224.17962159820544,262.25472414402793,1.4194474168209794,8.00112679363536,251.63009268107393,43.128460903753854,164.7480883566077,43.13521408816374,1.261092993938063,1.4195869650624366,164.72719255124787,208.99946461201642,269.55784734619175,1.2608431596305127,9.220100897374438,162.84507547891147,130.99141806904612,0.009723563071701188,0.001798159042276996
1.6221655061050253,276.87899553633474,138.17533859506077,1.571984968270224,925.9592213315153,925.5628883490648,273.741520667204,925.5628883490645,1.521300149748702,200.11503917213003,1.5211949225782577,273.741520667204,114.71516928935935,253.36011544535384,114.71516928939926,1.4202285606063851,1.419578563542963,253.36011544535384,224.053101084773,262.0157998855309,1.4194375441933582,7.992542375386934,251.5072626548511,43.747844990164076,165.00882694810093,43.747844990230085,1.2611003197608515,1.419578563542963,165.00882694810093,210.00014770832013,269.64644901886584,1.2608547514369661,9.23975365546581,163.1401195048926,153.97478247529267,0.010090938228065005,0.0016643596391386997,1.622161268085815,276.8978880363643,138.20723803864172,1.5719819235414716,926.1567123099486,925.7957272925815,273.76752465578284,925.9310573454964,1.52129308773733,200.57634151767587,1.5211883718410193,273.6848055644432,114.89893986595226,253.5232660361442,114.875834586481,1.4202358292219373,1.4195889045808396,253.44245798808214,224.18118588765714,262.2571878820694,1.4194473889781503,8.001096234247136,251.6289585867215,43.129126994874696,164.74781791299748,43.135890519433396,1.2610929290253972,1.4195869326622934,164.72693976720177,208.9990706646018,269.55613015686293,1.260843095686705,9.220035790953483,162.84486544510165,130.991960266509,0.009723384482100876,0.0017981069074216281
1.6221655061050098,276.87899553467656,138.17533859499468,1.5719849682714706,925.9592213317669,925.5628883493434,273.7415206655596,925.5628883493434,1.521300149699416,200.1150391675937,1.5211949225289698,273.7415206655596,114.7175380983941,253.35902169083255,114.71753809843321,1.420228561032797,1.4195785644991188,253.35902169083255,224.05585221856404,262.0199018428182,1.4194375453452572,7.992543548062114,251.50610795294983,43.75014748686323,165.00956183985446,43.750147486931525,1.261100308319795,1.4195785644991188,165.00956183985446,210.00014638964905,269.6436149178634,1.2608547382759379,9.239740936197617,163.14093734683698,153.94141419751062,0.010091100260972551,0.0016642801752785993,1.6221612701087182,276.89769366096476,138.20686176590203,1.5719819213467154,926.1562084837823,925.7952205144189,273.767307394751,925.9304754272276,1.5212930810106156,200.5750386128121,1.5211883641006465,273.6846154610404,114.90002057600444,253.52210082536453,114.87692963575815,1.4202357926998748,1.4195888728483355,253.44131183106364,224.1827558654341,262.25966260008835,1.4194473610837606,8.001065563975791,251.62781922535086,43.12979771591529,164.7475507490206,43.136571117630794,1.2610928641454326,1.4195869001705133,164.7266905150685,208.99868910547065,269.55440814396866,1.2608430318707848,9.219971084308797,162.8446586425812,130.9925173186969,0.009723210199026923,0.0017980540273264999
1.6221655061049969,276.8789955333349,138.175338594905,1.5719849682724782,925.9592213319631,925.5628883495456,273.7415206642323,925.5628883495458,1.521300149662875,200.11503916390438,1.5211949224924273,273.7415206642323,114.71990046234431,253.3579297633575,114.7199004623842,1.4202285614210055,1.419578565420021,253.3579297633575,224.0585963504312,262.0239942716602,1.4194375464621847,7.992544682202896,251.50495519462464,43.752420344823626,165.0102821566845,43.752420344892855,1.2611002960196602,1.419578565420021,165.0102821566845,210.00014506704605,269.64079501434617,1.2608547242958186,9.239727378941186,163.14174032611527,153.90814897181306,0.010091257213315453,0.0016642005202145006,1.6221612720760472,276.8975043776037,138.20648697164071,1.5719819192353044,926.1557106112488,925.7947133188113,273.7670956174712,925.9298968485185,1.5212930745330389,200.5737522843461,1.521188356805407,273.6844319729574,114.90110479770586,253.5209347770569,114.8780273187722,1.4202357564323214,1.4195888414561966,253.4401644177532,224.18432852007,262.2621435119408,1.4194473332409314,8.001034949146007,251.62667733581154,43.13047229522233,164.7472901443104,43.13725495677198,1.2610927997886938,1.4195868679798251,164.72644782220186,208.99830506868278,269.55268854285714,1.2608429683426117,9.219906720329487,162.84445705983595,130.99308922560982,0.009723040561971978,0.001797999655328702
1.6221655061049876,276.8789955322437,138.1753385947996,1.5719849682732963,925.9592213321134,925.5628883497168,273.7415206631562,925.5628883497169,1.5213001496366525,200.11503916092332,1.5211949224662038,273.7415206631562,114.72225644826509,253.35683985549264,114.7222564483062,1.4202285617781558,1.4195785663119802,253.35683985549264,224.0613334647765,262.0280769672575,1.4194375475502992,7.99254578468489,251.5038045805603,43.754663915606514,165.01098824784572,43.75466391567747,1.2611002828989788,1.4195785663119802,165.01098824784572,210.00014374197613,269.63798960121665,1.2608547095340947,9.239713022220375,163.14252877843728,153.87498645448787,0.010091409352650398,0.0016641206561351998,1.622161274065606,276.89731474306757,138.20611809129278,1.5719819171461187,926.155220180756,925.7942161418824,273.766885319934,925.9293274535984,1.5212930681052894,200.57247148134604,1.5211883494359786,273.68424796261235,114.90219136050676,253.51976014408763,114.87912734288571,1.4202357199243982,1.4195888097367835,253.43900758225317,224.18590518999437,262.2646342776193,1.4194473051402985,8.001004090373357,251.62552701904312,43.13115042413452,164.74703080099763,43.13794234551829,1.261092735660866,1.4195868353440444,164.72620714757116,208.99793094252175,269.55095447104895,1.260842905070214,9.219842641904652,162.844256968455,130.99367153083023,0.009722874778016862,0.0017979438849018512
1.6221655061049791,276.8789955313659,138.1753385946825,1.5719849682739537,925.9592213322301,925.5628883498368,273.74152066228373,925.562888349837,1.5213001496187606,200.11503915848257,1.5211949224483112,273.74152066228373,114.72460611320861,253.35575212190633,114.72460611324937,1.4202285621100454,1.4195785671801184,253.35575212190633,224.06406355217018,262.0321497682661,1.4194375486145998,7.99254686107187,251.5026562719554,43.756878548301415,165.01168044810288,43.75687854837428,1.2611002689941304,1.4195785671801184,165.01168044810288,210.00014241572154,269.6351989426645,1.2608546940261487,9.239697902391097,163.14330302608465,153.84192630834522,0.010091556926312154,0.0016640405684113502,1.622161275982918,276.8971303761574,138.20574773246648,1.5719819150347076,926.1547312386715,925.7937197998434,273.7666775466636,925.9287630680178,1.5212930619266778,200.57121830567556,1.5211883422643873,273.68406917488824,114.90328084968202,253.51857881089464,114.88023058601101,1.4202356833599175,1.4195887779519154,253.43784739664127,224.1874852059924,262.2671301109797,1.4194472770912263,8.000973242689017,251.62437080321433,43.1318341089504,164.7467767555541,43.13863498150693,1.2610926718600544,1.4195868027606275,164.7259710139712,208.99754938339058,269.5492107521098,1.2608428419576756,9.21977890614519,162.84406209684923,130.99425532152316,0.009722712620489469,0.0017978872761875311
1.6221655061049736,276.8789955306458,138.17533859456296,1.571984968274492,925.9592213323178,925.5628883499423,273.74152066156955,925.5628883499426,1.5213001496076402,200.11503915649476,1.5211949224371903,273.74152066156955,114.72694950611306,253.35466668676304,114.72694950615409,1.4202285624213966,1.4195785680286122,253.35466668676304,224.06678660807768,262.03621254858245,1.4194375496591627,7.992547915875781,251.5015103981816,43.75906458915513,165.01235907801316,43.75906458923055,1.2611002543393672,1.4195785680286122,165.01235907801316,210.00014108948994,269.6324232749206,1.2608546778052783,9.239682053709176,163.14406337820049,153.8089682021399,0.010091700162018049,0.0016639602454656501,1.6221612779002301,276.896949872173,138.20538402679276,1.5719819130455361,926.1542489944237,925.7932347288179,273.7664738644462,925.9282045266666,1.521293055947376,200.56997839112327,1.5211883355873883,273.68389421708616,114.90437326523165,253.51739580264575,114.88133617023577,1.4202356469226913,1.419588746363412,253.43668344215354,224.18907157953046,262.269636079704,1.4194472490679344,8.00094235065143,251.6232101630903,43.13252257801669,164.74652750342082,43.13933193875397,1.2610926082227505,1.419586770412848,164.725739421402,208.99717773488624,269.547452562474,1.2608427790369687,9.219715284607522,162.8438726935793,130.99484802505108,0.009722554202444165,0.0017978280092869274
1.622165506104968,276.87899553006946,138.17533859443984,1.571984968274922,925.9592213323831,925.5628883500076,273.74152066100464,925.5628883500071,1.5213001496019607,200.11503915489968,1.521194922431511,273.74152066100464,114.72928666933299,253.35358364923076,114.72928666937504,1.420228562715996,1.419578568860806,253.35358364923076,224.06950263204735,262.04026521074115,1.4194375506872532,7.992548952742928,251.50036706258624,43.761222381280675,165.01302444461692,43.76122238135831,1.2611002389669643,1.419578568860806,165.01302444461692,210.00013976438998,269.62966280716716,1.2608546609028493,9.239665508441576,163.1448101314581,153.77611181003783,0.010091839268698402,0.0016638796786002006,1.62216127980087,276.8967707728889,138.2050240173149,1.5719819110008013,926.1537704711964,925.7927513275722,273.76627331580147,925.9276501597649,1.5212930502670394,200.5687528427824,1.5211883289845782,273.6837192592841,114.90546831451822,253.5162048378812,114.88244409555999,1.4202356102733742,1.4195887145392712,253.43551153115015,224.19066096453486,262.27214993148914,1.4194472207094975,8.000911203582664,251.6220417277794,43.133216448656015,164.74628026952342,43.140033525920714,1.261092544552745,1.4195867376985214,164.72551085618667,208.99681599700864,269.54568231392443,1.2608427161802058,9.219651834402539,162.84368527879516,130.99544815594152,0.009722400882505202,0.001797766691101308
1.6221655061049645,276.87899552960323,138.17533859431848,1.5719849682752693,925.9592213324307,925.5628883500576,273.74152066053966,925.5628883500578,1.521300149600762,200.11503915358293,1.5211949224303125,273.74152066053966,114.73161763989225,253.35250308856405,114.73161763993465,1.420228562996925,1.419578569679424,253.35250308856405,224.07221162677968,262.04430768039606,1.4194375517015296,7.992549974636054,251.49922634770397,43.76335226442163,165.01367684178098,43.76335226450101,1.2611002229072703,1.419578569679424,165.01367684178098,210.0001384414904,269.62691772273405,1.2608546433483405,9.239648296939794,163.14554357036928,153.7433568111215,0.01009197443749265,0.0016637988617987994,1.6221612816681654,276.8965965900557,138.20467066098965,1.571981909078306,926.1532971573976,925.7922741880005,273.7660770322971,925.9271008022027,1.5212930446365303,200.56754718611882,1.5211883226290646,273.68355004636504,114.90656629017913,253.5150117792967,114.88355494725856,1.4202355737513117,1.419588682819858,253.43434024829273,224.19225269179083,262.2746677248047,1.4194471923768408,8.000880189573644,251.62087013225755,43.133916029529686,164.74604236996709,43.14074082332177,1.2610924814713684,1.419586705219832,164.72528985935597,208.99644187084758,269.5438975946782,1.2608426537071056,9.219588726862929,162.84350581795414,130.99605719966695,0.009722250622252168,0.0017977040217835097
1.6221655061049618,276.87899552921965,138.1753385942007,1.5719849682755545,925.9592213324665,925.562888350092,273.7415206601629,925.5628883500926,1.5213001496030183,200.1150391525086,1.521194922432569,273.7415206601629,114.73394245047848,253.35142506770174,114.73394245052141,1.4202285632667102,1.4195785704867039,253.35142506770174,224.0749135976048,262.0483399019662,1.4194375527041778,7.992550983954683,251.49808831908794,43.76545457481882,165.01431655105063,43.76545457489932,1.2611002061888723,1.4195785704867039,165.01431655105063,210.00013712170497,269.62418818051833,1.2608546251695092,9.239630447764437,163.14626396801822,153.71070288893068,0.01009210584284075,0.0016637177915124505,1.6221612835743626,276.8964234607477,138.20431434770765,1.5719819071891488,926.1528238435989,925.791797883319,273.76588248966647,925.9265539493103,1.5212930394544688,200.56635479057346,1.521188316718684,273.6833825743197,114.9076663143021,253.51381788318426,114.8846681400566,1.4202355371302733,1.4195886511528089,253.43316435903154,224.19384876894262,262.2771948088705,1.4194471641215254,8.00084916447631,251.61969600856702,43.13462147496838,164.74580573180816,43.14145336796517,1.2610924184553949,1.4195866727935067,164.72507088076114,208.99608013297,269.5421008165182,1.2608425914258368,9.219525790656007,162.84332958840247,130.9966751562274,0.009722105572922217,0.0017976386483006443
1.6221655061049596,276.87899552890707,138.17533859408712,1.5719849682757863,925.9592213324916,925.562888350119,273.7415206598538,925.5628883501195,1.5213001496082317,200.1150391516254,1.5211949224377834,273.7415206598538,114.73626113027372,253.35034963639976,114.73626113031905,1.4202285635273737,1.419578571284434,253.35034963639976,224.07760855196653,262.05236183509317,1.4194375536969441,7.992551982644369,251.49695302852817,43.76752964505366,165.0149438418406,43.76752964513655,1.2611001888386122,1.419578571284434,165.0149438418406,210.00013580592486,269.6214743162634,1.2608546063924055,9.239611987743812,163.14697158627723,153.67814973103773,0.010092233643624503,0.0016636364664362007,1.6221612854805598,276.89625472112806,138.20396173062156,1.5719819052944353,926.152357971841,925.7913295100911,273.76569064538995,925.9260087661977,1.5212930341727524,200.5651756561463,1.5211883107341146,273.6832171913227,114.90876692369994,253.51261644932015,114.88578250340437,1.4202355005799319,1.419588619302486,253.4319840727485,224.1954468537386,262.27972442677725,1.419447135659967,8.000818128290666,251.61851598581612,43.13533108733484,164.7455733824005,43.1421700795363,1.2610923555375262,1.4195866402231807,164.72485644319707,208.9957183950924,269.5402943912271,1.260842529144568,9.219462854449084,162.84315708726163,130.99731390940286,0.009721967206257388,0.0017975701043539507
1.6221655061049578,276.87899552866077,138.1753385939777,1.5719849682759681,925.9592213325071,925.562888350137,273.74152065960766,925.562888350137,1.521300149615759,200.1150391509198,1.5211949224453116,273.74152065960766,114.73857370559068,253.34927683361423,114.73857370563492,1.4202285637805352,1.4195785720740464,253.34927683361423,224.08029649903938,262.0563734517973,1.4194375546812261,7.992552972277188,251.49582051656824,43.76957780400775,165.0155589721311,43.76957780409297,1.2611001708816922,1.4195785720740464,165.0155589721311,210.0001344949952,269.6187762441049,1.2608545870414747,9.239592942083208,163.1476666764105,153.64569702866817,0.010092357984326047,0.0016635548872848992,1.6221612873478553,276.8960880885588,138.2036105920138,1.5719819035497429,926.151890611675,925.7908603019736,273.76550263103553,925.9254669226447,1.5212930295387936,200.56400978283733,1.5211883052688675,273.68305755320876,114.90986870364755,253.51141501545604,114.88689745202701,1.4202354643547968,1.4195885877270735,253.43080357708348,224.19704426931986,262.2822582677523,1.4194471075335535,8.00078703666346,251.61733533102304,43.136045946943675,164.74534733998004,43.14289203834977,1.2610922929793749,1.419586607967038,164.72464705122275,208.99535170190143,269.53847108345667,1.2608424674707654,9.219400260907536,162.84299080013884,130.99796306088584,0.009721832464834788,0.0017974995567448051
1.622165506104956,276.87899552846,138.17533859387478,1.5719849682761162,925.9592213325167,925.5628883501455,273.74152065940643,925.5628883501455,1.5213001496251715,200.11503915033398,1.521194922454725,273.74152065940643,114.74088020043128,253.34820668979432,114.74088020047566,1.420228564027537,1.4195785728567294,253.34820668979432,224.0829774493226,262.06037473403023,1.4194375556581855,7.992553954135007,251.4946908148682,43.7715993767916,165.01616218892264,43.77159937687813,1.2611001523418017,1.4195785728567294,165.01616218892264,210.0001331896877,269.6160940579156,1.2608545671396834,9.239573334444474,163.14834947949936,153.61334447634744,0.010092478996175248,0.0016634730565754,1.622161289220708,276.8959247921527,138.20326314960192,1.5719819018550578,926.1514269725293,925.7903948508605,273.7653163575547,925.9249275837615,1.5212930249048349,200.56285385536702,1.5211882999767274,273.6828982632696,114.91097253205719,253.51021274406398,114.88801386383683,1.4202354279175706,1.419588556177843,253.4296224532725,224.19864436176005,262.28479548718195,1.4194470792008969,8.00075596721288,251.61615278010342,43.13676620812556,164.74512558631085,43.14361862708296,1.2610922309771508,1.4195865756323494,164.72444320939715,208.99498996402386,269.5366477756862,1.2608424059248504,9.219338067142255,162.84282923566974,130.9986240961488,0.009721701122052203,0.0017974278921673308
1.6221655061049556,276.8789955282929,138.17533859377846,1.5719849682762388,925.9592213325234,925.5628883501537,273.7415206592458,925.5628883501538,1.521300149636109,200.11503914986568,1.5211949224656631,273.7415206592458,114.74318063690961,253.34713922828308,114.74318063695435,1.4202285642694898,1.4195785736334732,253.34713922828308,224.0856514144537,262.06436567185705,1.4194375566287896,7.992554929252549,251.49356394767642,43.77359468472426,165.0167537288496,43.773594684812366,1.261100133241205,1.4195785736334732,165.0167537288496,210.00013189064845,269.613427832747,1.2608545467086056,9.239553187039508,163.14902022694275,153.5810917715778,0.010092596798259404,0.0016633909784127493,1.6221612911324628,276.8957618469217,138.20292014262506,1.5719819001214783,926.1509692870163,925.7899331567518,273.7651315638165,925.9243940891076,1.521293020270876,200.56170455845583,1.5211882946845876,273.68274054011664,114.91207665310426,253.50901214772782,114.88913203147123,1.4202353917914112,1.4195885246809763,253.42844467957335,224.20024445420026,262.28733073584647,1.4194470511260442,8.000725108440228,251.61497233599107,43.13749079056586,164.74490963506986,43.144349845735846,1.2610921691384347,1.419586543611844,164.72424340404336,208.99462574848957,269.53481964435025,1.2608423447945702,9.219276101820558,162.84267214529365,130.9992999861368,0.009721571139735066,0.001797355717254932
1.6221655061049542,276.8789955281628,138.1753385936878,1.5719849682763338,925.9592213325243,925.562888350154,273.7415206591178,925.5628883501543,1.5213001496482585,200.1150391494914,1.5211949224778138,273.7415206591178,114.74547503561203,253.34607446677046,114.7454750356589,1.4202285645072343,1.4195785744050182,253.34607446677046,224.08831840695092,262.0683462618823,1.4194375575937623,7.992555898471032,251.4924399333511,43.77556404532419,165.01733381838454,43.7755640454139,1.2611001136007292,1.4195785744050182,165.01733381838454,210.00013059859856,269.61077762618794,1.2608545257684092,9.239532520690542,163.14967914072355,153.54893861455267,0.010092711498593,0.0016633086582889004,1.6221612930108729,276.8956022378538,138.2025690040173,1.5719818984490184,926.1505056478708,925.7894677056387,273.7649486850393,925.9238547502243,1.5212930159857099,200.56056078701053,1.5211882896644737,273.6825859505363,114.91318165206366,253.50781594841348,114.89024932119335,1.4202353558773426,1.4195884934982927,253.42726899969412,224.201843208211,262.2898642952836,1.4194470232316545,8.00069441599226,251.61379547345106,43.13821953993394,164.74469620662376,43.14508476832451,1.261092107921049,1.4195865117615212,164.72404713060237,208.99427639889547,269.5329915130143,1.2608422841758404,9.21921476471871,162.84251952901056,130.99999221632228,0.009721444895507109,0.0017972817724674953
1.6221655061049547,276.8789955280522,138.175338593604,1.5719849682764144,925.9592213325234,925.5628883501527,273.7415206590026,925.5628883501531,1.5213001496613976,200.11503914914564,1.5211949224909536,273.7415206590026,114.74776341587693,253.34501241835937,114.74776341592369,1.4202285647414983,1.4195785751720134,253.34501241835937,224.0909784400452,262.0723165060299,1.4194375585537382,7.9925568624734655,251.49131878545293,43.77750777230466,165.01790267453856,43.77750777239625,1.2611000934399466,1.4195785751720134,165.01790267453856,210.00012931411845,269.6081434796705,1.260854504338038,9.239511354923735,163.1503264339546,153.5168847078949,0.010092823195130102,0.0016632261028928497,1.6221612949226276,276.8954449114238,138.20222673627964,1.5719818968599037,926.1500464739496,925.78900684642,273.7647697232278,925.9233204206806,1.521293011551061,200.55942917159027,1.5211882846443596,273.68243310182964,114.91428635838561,253.50662247106501,114.89136778146519,1.420235320203644,1.419588462485792,253.42609687930874,224.20344196222172,262.292394757804,1.4194469954146058,8.00066392313391,251.6126219818027,43.13895075859255,164.74448832832638,43.145821851542365,1.2610920470633808,1.419586480133745,164.7238564073101,208.99391961633128,269.5311585581128,1.2608422238448578,9.219153656060447,162.84237163538117,131.0006963302878,0.00972132114378786,0.001797207364222434
1.6221655061049534,276.8789955279716,138.17533859352434,1.5719849682764724,925.9592213325188,925.5628883501479,273.74152065892554,925.5628883501474,1.521300149675307,200.1150391489118,1.521194922504864,273.74152065892554,114.75004579602906,253.34395309238454,114.75004579607604,1.4202285649728554,1.4195785759349688,253.34395309238454,224.09363152755748,262.0762764104629,1.4194375595092161,7.992557821812851,251.4902005136454,43.77942617559964,165.0184605050742,43.77942617569344,1.2611000727771744,1.4195785759349688,165.0184605050742,210.00012803778128,269.605525419739,1.260854482435207,9.239489708020466,163.15096231109464,153.48492975641653,0.010092931976720149,0.0016631433199351005,1.6221612967843655,276.8952884629315,138.20188446854198,1.5719818952930147,926.1495921373551,925.7885509965405,273.76458971689215,925.9227885958067,1.5212930074153774,200.5583063969155,1.5211882798468124,273.6822785122493,114.91539106470756,253.50543150630045,114.89248565646217,1.4202352846147817,1.4195884315256548,253.42492978409115,224.20503670094402,262.29492240494557,1.4194469676748984,8.00063358551193,251.61144954355797,43.13968444654169,164.74428423422128,43.14656124972008,1.2610919862384142,1.4195864485583325,164.7236682068127,208.99355292314033,269.52932077964573,1.2608421636417628,9.219092661623973,162.842226227359,131.00140490067082,0.009721198978722746,0.0017971318861532998
1.6221655061049525,276.87899552790066,138.17533859345207,1.571984968276524,925.9592213325141,925.5628883501422,273.741520658858,925.5628883501429,1.5213001496898646,200.11503914870644,1.521194922519423,273.741520658858,114.75232219356415,253.3428964952792,114.75232219361283,1.420228565201776,1.419578576694303,253.3428964952792,224.0962776837209,262.0802259848242,1.4194375604606062,7.992558776944492,251.48908512452894,43.781319561379135,165.0190075090377,43.78131956147524,1.2611000516295625,1.419578576694303,165.0190075090377,210.00012677014104,269.6029234592021,1.260854460076492,9.239467597101925,163.15158696845506,153.4530734669087,0.010093037923993298,0.0016630603179832997,1.6221612986627756,276.8951327167893,138.2015422008043,1.5719818936927872,926.1491355681483,925.7880947292163,273.7644122348233,925.9222601104922,1.5212930031302112,200.55718141205432,1.521188274851428,273.6821287971152,114.9164940152049,253.5042449385577,114.89360206827199,1.4202352493228465,1.419588400905883,253.42376352640153,224.20663110505896,262.29744413979154,1.4194469402445558,8.000603325508132,251.61028174028922,43.140417825829516,164.74407963555723,43.14730111088977,1.2610919258058666,1.4195864173101942,164.7234820245512,208.99319861823284,269.52748782474424,1.2608421039821902,9.219032124074666,162.84208231070113,131.00212684030635,0.009721079645655769,0.0017970556182713173
1.6221655061049525,276.8789955278454,138.1753385933855,1.571984968276563,925.9592213325083,925.5628883501342,273.74152065880355,925.5628883501345,1.5213001497049192,200.1150391485346,1.5211949225344787,273.74152065880355,114.75459262529688,253.3418426308092,114.7545926253454,1.4202285654286506,1.419578577450367,253.3418426308092,224.0989169232222,262.08416524163465,1.4194375614082526,7.992559728226545,251.48797262194267,43.783188232093096,165.01954387723964,43.7831882321909,1.2611000300132331,1.419578577450367,165.01954387723964,210.00012551161802,269.6003375982257,1.260854437277465,9.239445038195848,163.15220059458255,153.42131554795105,0.010093141110188247,0.0016629771063147,1.6221613005245135,276.89497802417236,138.201201411545,1.5719818921036728,926.148683464166,925.7876409665615,273.7642352750165,925.9217324600678,1.5212929988948725,200.55606637303183,1.5211882700538806,273.6819780374569,114.91759608778993,253.50306151154481,114.89471789480693,1.4202352140874692,1.4195883703908387,253.42260229387966,224.2082208246707,262.2999613700313,1.4194469129173346,8.000573176387459,251.6091170972314,43.14115213110129,164.74387882108547,43.148041435051425,1.2610918655695287,1.4195863861275106,164.72329735596662,208.99284431332532,269.52565004627724,1.2608420443226176,9.218971472303565,162.84194038252906,131.00284877994184,0.009720960766922264,0.0017969791670498403
1.622165563890598,276.8787506360578,138.17537775091353,1.5719851520611239,925.9592603607565,925.5629225010052,273.74127548093935,925.5629225010032,1.5212996608982832,200.1143571389671,1.521194433951107,273.74127548093935,114.75685906787092,253.34027862379924,114.75685906822811,1.4202256323792883,1.4195756477187098,253.34027862379924,224.10176887420923,262.0884164238606,1.4194346323937441,7.992566086122309,251.48632847824302,43.785037259432755,165.02319292834432,43.78503725978899,1.2613001454274246,1.4195756477187098,165.02319292834432,219.71489437314168,278.25446829524674,1.261051662049804,9.401459402058165,163.18724993603394,153.40513551505308,0.010409396602271696,0.0017529027583457495,1.6221614691368331,276.880290829349,138.32832097994486,1.571986585114732,926.2792536989651,925.8526738795761,273.73999247783803,926.0449780740066,1.5212765921395055,200.6431377700803,1.5211706746780214,273.66870317950736,114.92331978340611,253.59422412720568,114.906653112543,1.4202419647587725,1.419590937974567,253.52629432787944,224.17094087922254,262.1156058575959,1.4194507287770537,8.004116457616103,251.71548579326708,43.16151853074295,164.8036319744501,43.16724310106541,1.2612521823919365,1.4195904376770798,164.74786130506928,217.85176281513208,277.1130486836799,1.2609991337003876,9.365528481640382,162.8798593148623,131.41044163762072,0.010307446037531571,0.0020267082193983358
1.6221654906123486,276.87903328777213,138.1753310100165,1.571984939752591,925.9592136394082,925.5628792385038,273.74155819326006,925.5628792385041,1.5213002646782146,200.1151419623701,1.521195037473403,273.74155819326006,114.75911497145606,253.33982392153825,114.75911497181096,1.4202287680862054,1.4195787811161626,253.33982392153825,224.10413981768005,262.09196344752377,1.4194377654395105,7.992563679883546,251.48583779565436,43.786854821859194,165.02059990838234,43.78685482219271,1.2612694840374432,1.4195787811161626,165.02059990838234,219.9986612977388,278.5231185890183,1.2610209176890075,9.405798532587939,163.17929585092492,153.40651561623147,0.010660939273860796,0.0018740206409409497,1.6221608113487191,276.91955667931154,138.22057465258393,1.571983000133284,926.1974545068447,925.7718586255446,273.7747479757854,925.9590269924427,1.521292030248,200.67790400164412,1.5211867564771502,273.6963264921879,114.92030561781243,253.55286615882386,114.90179620905482,1.42023893110872,1.419589065992463,253.4826976472503,224.18852583491108,262.27367699298344,1.4194484322850467,8.003648630639134,251.6534818233229,43.172513355495326,164.79496869686216,43.174817186719274,1.2612503210825539,1.4195874377379833,164.73663133597927,218.33771057818558,277.574900259637,1.2609948394900325,9.371513417942062,162.88144836355593,131.37549292608801,0.010335832894969857,0.002041794679883402
1.6221655078754398,276.8789970163572,138.1753382634463,1.5719849671350576,925.9592209664132,925.5628878149139,273.7415220887618,925.5628878149132,1.52130013693078,200.11504275839573,1.5211949097583992,273.7415220887618,114.76136830464625,253.33869970099596,114.76136830499965,1.4202285871865477,1.4195786007854356,253.33869970099596,224.10679219451328,262.09592026734583,1.4194375853149,7.992562704633887,251.48465485666384,43.78865116386801,165.02116737724646,43.78865116419637,1.261269215615152,1.4195786007854356,165.02116737724646,220.00011254162587,278.52202674241465,1.261020647527731,9.405806234945246,163.17990954675565,153.4079005046598,0.010710211027634456,0.0019310712224801505,1.622160853135009,276.9178293369512,138.22124588175413,1.5719828896870403,926.1915979927893,925.7663032682232,273.7761357132174,925.9543365809163,1.5212914019728758,200.6603518066051,1.5211861405858265,273.69626712839636,114.92474785409516,253.54944548523758,114.90528093561608,1.4202385334381784,1.4195887953759925,253.47773906294043,224.19390364455117,262.2761776124879,1.4194481698406027,8.003287528666391,251.65011914824217,43.18204250198665,164.80161247715566,43.183958345864376,1.2612513617781123,1.419587050703543,164.74434553813666,218.35756899660214,277.5991941474301,1.2609960360705075,9.37264832565891,162.88902002025935,131.3297240328575,0.010329732595310559,0.002048606918732598
1.6221655060506341,276.87899491505186,138.17533874261392,1.571984968745036,925.9592214774609,925.5628885223864,273.74152005541225,925.5628885223863,1.5213001491107394,200.11503756585904,1.5211949219407075,273.74152005541225,114.76361500388708,253.3376536807278,114.76361500424102,1.4202285664445569,1.4195785806032555,253.3376536807278,224.10940535840706,262.0998202937345,1.4194375653610742,7.99256346085786,251.48355063352687,43.7904237678334,165.0216473917123,43.79042376815859,1.2612692851998968,1.4195785806032555,165.0216473917123,220.00012040081074,278.5195436696984,1.2610207161088098,9.40578079286869,163.1804649319155,153.40900156410652,0.010719061969758853,0.001957538423291801,1.6221608875688234,276.9148692823122,138.2196491251378,1.5719827980434673,926.1856975706929,925.7608272254412,273.77573705315103,925.9499108294921,1.5212911385348094,200.63911633598428,1.5211858730112782,273.6946331443861,114.92610071696308,253.53592673699143,114.90579392903747,1.4202377001186746,1.4195881409454596,253.46222113544462,224.20125095316726,262.28917846899304,1.4194474663451224,8.002537337821094,251.63587902723594,43.19011013714471,164.80374121146804,43.1919202644593,1.2612516740129411,1.4195863221781366,164.74755150585906,218.3718601204233,277.6147356755686,1.260996510277786,9.37312691496382,162.89228138548836,131.29594735912818,0.01032644463802659,0.0020539459871200946
1.6221655060940554,276.87899549699966,138.17533859867493,1.5719849682999092,925.959221338207,925.562888357121,273.74152062860276,925.562888357121,1.521300149802176,200.11503906741837,1.5211949226317647,273.74152062860276,114.76585584793145,253.33661409744616,114.76585584828373,1.4202285663985164,1.4195785810476007,253.33661409744616,224.1120099857642,262.10370769482233,1.419437565956274,7.992564430661542,251.4824531884669,43.792173139473206,165.0221167226738,43.79217313979646,1.261269291741876,1.4195785810476007,165.0221167226738,220.00011886195898,278.51706845777255,1.2610207216619929,9.405755337485555,163.18100920118817,153.40986517211795,0.010720269377122503,0.0019697644099831994,1.6221609388972145,276.91334614825325,138.2175356403387,1.5719826855830485,926.1781063169129,925.753983215576,273.7760116759697,925.9440649303274,1.5212910920955662,200.61847761568276,1.521185812275318,273.69392687194534,114.92713694612495,253.5215185340477,114.90587030740768,1.4202367991704348,1.419587436363432,253.44546806358414,224.2091737864586,262.3035360565713,1.4194466648067914,8.001775193775325,251.6203109856086,43.19805106683236,164.80534911477923,43.199814431895796,1.2612516575967403,1.4195855724977275,164.74968074473043,218.38277667582483,277.62285614813885,1.2609966221155058,9.373499278002962,162.89519526282845,131.27300572182162,0.010325513677352082,0.002058406497454784
1.6221655061047278,276.87899552844556,138.17533859353915,1.5719849682761118,925.959221332414,925.562888350024,273.74152065940075,925.562888350024,1.5213001498089898,200.11503915016345,1.5211949226385557,273.74152065940075,114.76809082311573,253.33557667811044,114.7680908234685,1.4202285667297194,1.4195785818999735,253.33557667811044,224.11460803159957,262.10758531014864,1.4194375669972779,7.992565364653315,251.48135805657876,43.79389955968288,165.02258094294785,43.79389956000294,1.2612692793110132,1.4195785818999735,165.02258094294785,220.00011715701305,278.5146090075299,1.2610207082479992,9.405730246276889,163.18154785340607,153.4105195193605,0.010720122596153996,0.0019753601457102505,1.622160991992867,276.91184478704844,138.21426820318862,1.5719825442101896,926.170835442992,925.7472740404279,273.7762670621345,925.9382991805942,1.5212910090331004,200.5987461768852,1.521185726488247,273.69368071241087,114.9303679560589,253.51413090926076,114.90809903410323,1.420236229890031,1.4195869914014625,253.43588820935187,224.2161570422568,262.3131058108583,1.4194461383452992,8.001388998952237,251.61179084633542,43.206078730349944,164.80719441308784,43.20774965128705,1.2612517540010424,1.4195851096665881,164.7518392480223,218.39046732220848,277.626314644624,1.2609968360714867,9.373904536917955,162.89852299377014,131.25749738891045,0.010323829117688827,0.002062334559749421
1.6221655061049847,276.8789955280862,138.17533859368532,1.5719849682763924,925.9592213325392,925.5628883501645,273.7415206590446,925.5628883501645,1.5213001498202838,200.11503914928403,1.5211949226498507,273.7415206590446,114.77031993771297,253.33454194669923,114.77031993806469,1.420228566978519,1.4195785826687284,253.33454194669923,224.11719928200057,262.1114527884654,1.4194375679541964,7.992566294944825,251.48026576334286,43.795603299002494,165.02303919901078,43.795603299320035,1.2612692603187838,1.4195785826687284,165.02303919901078,220.00011562331815,278.5121655701918,1.261020688284103,9.405705297714896,163.18208007430354,153.41098482521073,0.010719761076628446,0.0019778704996457996,1.6221610338903054,276.90947611122215,138.2095333762777,1.5719824060072252,926.164463195505,925.7412411260899,273.77530688327147,925.9330043087714,1.5212908338893885,200.5789053338624,1.5211855701228247,273.69242397572117,114.93439669564415,253.50896105852203,114.91134087159446,1.420235728888776,1.4195865889982267,253.4288816597885,224.2229311684492,262.32020169174,1.4194456712302812,8.001104705717601,251.60584838575485,43.21462803149228,164.81044957531026,43.216223330340604,1.2612520411864494,1.419584708624813,164.75549982338052,218.39279879715917,277.6283333067985,1.2609972196703896,9.37438061334346,162.90297272780944,131.24776160213844,0.01032161299786812,0.0020662370796875854
1.6221655061049605,276.878995527799,138.1753385936504,1.5719849682766078,925.9592213325784,925.5628883502086,273.7415206587555,925.5628883502084,1.521300149835646,200.11503914848248,1.5211949226652144,273.7415206587555,114.77254320609651,253.3335099314835,114.7725432064488,1.420228567202767,1.419578583411564,253.3335099314835,224.11978373805223,262.1153101154756,1.4194375688846999,7.9925672230256595,251.47917633796675,43.79728462698783,165.02349054728737,43.797284627301714,1.2612692385978486,1.419578583411564,165.02349054728737,220.00011422473415,278.5097380635459,1.261020665607203,9.405680326555089,163.1826049429411,153.411277308499,0.0107194003755405,0.0019789467262719,1.6221610763879457,276.90581195057405,138.2042389453119,1.571982280311593,926.1592589763311,925.7363720482572,273.77237873378806,925.9279523899131,1.5212905075191718,200.55687419614924,1.5211852886996862,273.6896150760829,114.93625991820095,253.49727628713467,114.91270426939838,1.4202349515895631,1.4195859317924087,253.41622389028913,224.23022326684932,262.33140295807704,1.4194449787172503,8.000557885605035,251.59419479203174,43.222231903022404,164.81224000283038,43.223693242801,1.261252041775078,1.4195840766976524,164.75772997404673,218.39186967589828,277.627342064082,1.2609972832944782,9.374561883326011,162.90579364343964,131.24665641059764,0.010318355265227609,0.002070355055294525
1.6221655061049551,276.8789955277292,138.17533859356942,1.5719849682766576,925.959221332573,925.5628883502018,273.7415206586861,925.5628883502011,1.521300149851887,200.11503914826602,1.5211949226814565,273.7415206586861,114.77476064273216,253.3324806259818,114.77476064308382,1.4202285674201878,1.4195785841462194,253.3324806259818,224.12236141648918,262.1191573084616,1.4194375698065311,7.992568148692203,251.47808977404918,43.79894381117326,165.02393436677937,43.79894381148566,1.2612692155440297,1.4195785841462194,165.02393436677937,220.00011292330265,278.5073263810265,1.2610206416157261,9.405655228871492,163.1831218523864,153.41141085355696,0.01071906983649625,0.0019793579129034505,1.6221611200971051,276.903255747262,138.20032763084106,1.5719821750772007,926.1555491189621,925.7332503949622,273.7700915739834,925.9244650547502,1.521290277415712,200.54134432163661,1.52118510090291,273.6876259538476,114.93765023866071,253.48561140703643,114.91369718821113,1.4202342613607575,1.419585350684382,253.40394656786737,224.23665174362918,262.3427872240401,1.4194443663812546,8.000069822458432,251.58267392716652,43.22989874146108,164.81353646711474,43.231158679672326,1.2612518865079052,1.4195835227272005,164.75909379695415,218.3909801971445,277.6217515516324,1.2609971597550416,9.374540409629276,162.90823948094084,131.252740905962,0.01031790798422049,0.002073201040262069
1.6221655061049538,276.8789955277027,138.17533859348998,1.5719849682766756,925.9592213325592,925.5628883501859,273.7415206586601,925.5628883501854,1.521300149868389,200.11503914816745,1.5211949226979598,273.7415206586601,114.77697226196233,253.33145402439743,114.77697226231476,1.420228567635485,1.419578584877403,253.33145402439743,224.12493233366376,262.12299438787056,1.4194375707244,7.992569071888167,251.47700606562967,43.80058111669557,165.0243702635346,43.80058111700626,1.2612691917229415,1.419578584877403,165.0243702635346,220.00011169294268,278.5049304155832,1.261020616876913,9.405629937757176,163.18363041841067,153.41139778291216,0.010718769352086146,0.0019794593804954995,1.6221611816456034,276.90060218066264,138.1962603369045,1.5719820903707242,926.151614511959,925.7306376070545,273.767236367106,925.9208007229258,1.5212901051121686,200.5282252079046,1.5211849777741044,273.6852214591588,114.93742841948401,253.47087803386074,114.91330739514936,1.420233528841015,1.4195847262059818,253.3891223229076,224.24237754493342,262.35722983605996,1.419443717437095,7.999513621633806,251.56833794642958,43.23891782512702,164.8125962214662,43.239893177536224,1.261251356480454,1.4195829370504263,164.75797317147232,218.39610399119132,277.6119573018232,1.2609966372062444,9.374165305267146,162.9088524316805,131.2694881229391,0.010316494886305365,0.00207641977892147
1.6221655061049531,276.8789955276944,138.1753385934132,1.5719849682766787,925.9592213325432,925.5628883501688,273.7415206586513,925.5628883501689,1.5213001498849539,200.1150391481228,1.5211949227145256,273.7415206586513,114.7791780780112,253.33043012126933,114.77917807836295,1.420228567850022,1.4195785856064786,253.33043012126933,224.12749650565144,262.1268213753007,1.419437571639671,7.992569992615994,251.47592520700817,43.80219680609807,165.02479799791945,43.80219680640461,1.261269167375671,1.4195785856064786,165.02479799791945,220.0001105156992,278.5025500603433,1.261020591632854,9.405604409811307,163.1841304085542,153.41124924612976,0.010718495357608653,0.0019794260333579504,1.6221612489126935,276.8995231952696,138.19210876970203,1.571982062538993,926.1481543350608,925.7274954989573,273.7652972079445,925.9166646783011,1.52129003973847,200.52294009975284,1.5211849443891101,273.68404689170546,114.93835081268315,253.4594685997915,114.91409341929645,1.4202330660444107,1.4195843097037746,253.37855962960978,224.24745353872638,262.37185826308473,1.4194432931948777,7.999172123796904,251.5580687357624,43.24788073243336,164.81123820098702,43.24858878407455,1.2612507113433884,1.4195826124991715,164.7558666377548,218.40474358008947,277.6031784125581,1.2609959482117157,9.373624350864269,162.90835033902272,131.2987459893202,0.010321386639708666,0.002078159455147695
1.6221655061049538,276.87899552768624,138.17533859334515,1.5719849682766824,925.9592213325298,925.562888350152,273.7415206586433,925.5628883501518,1.5213001499015697,200.11503914808154,1.5211949227311423,273.7415206586433,114.78137810500385,253.32940891138082,114.78137810535446,1.420228568064251,1.4195785863338979,253.32940891138082,224.13005394830512,262.13063829291434,1.4194375725527968,7.992570910909547,251.47484719266768,43.803791139168794,165.02521743545424,43.80379113947441,1.261269142606647,1.4195785863338979,165.02521743545424,220.00010937915005,278.50018520831617,1.261020565988574,9.405578617083465,163.18462169390574,153.4109754337378,0.010718244728552153,0.0019793269940484,1.6221613270167654,276.8977238620205,138.18628282576995,1.571982065694997,926.1426639694158,925.7214696811833,273.76244722368807,925.9090012237976,1.5212899960397404,200.51566195604403,1.5211849315049752,273.68252815353105,114.93534981577412,253.45039293739345,114.91115416891172,1.4202327765119775,1.4195840123424583,253.37140274377688,224.24727619682062,262.3820288192207,1.4194430464249153,7.99890457391358,251.55146347361526,43.25691478617314,164.80862685601576,43.257287940217985,1.2612498189822647,1.4195824366482113,164.75218487091965,218.41340299024114,277.59347822227676,1.260994992699396,9.372887049202408,162.90629051632226,131.33756435671816,0.010325188263796869,0.0020802139578163102
1.6221655061049542,276.8789955276832,138.17533859328233,1.5719849682766838,925.9592213325166,925.5628883501402,273.74152065864,925.5628883501402,1.521300149918193,200.11503914806204,1.521194922747767,273.74152065864,114.78357235696829,253.32839038931124,114.78357235731983,1.4202285682782345,1.4195785870597226,253.32839038931124,224.13260467746971,262.13444516326103,1.4194375734638385,7.99257182680202,251.4737720169049,43.80536437287129,165.02562851307857,43.8053643731748,1.261269117461139,1.4195785870597226,165.02562851307857,220.00010827481626,278.49783575205083,1.2610205399896666,9.405552541912332,163.18510421598648,153.41058570828477,0.01071801500346425,0.00197920090734345,1.6221614024366005,276.8939078181559,138.18128113351713,1.5719820688009938,926.1366247532574,925.7149433469209,273.75777611150374,925.9009812713017,1.5212897773467815,200.502419624422,1.521184729365016,273.6794262648571,114.93091079850319,253.4425984833981,114.90670286090673,1.4202324971599103,1.4195837231760875,253.36604968379606,224.24500421278276,262.3887184409327,1.4194428391505214,7.998626778429851,251.547253651332,43.26600563359514,164.80760070920186,43.266069354601605,1.261249158933272,1.4195822621325298,164.75011567456625,218.4184821864675,277.59508446959836,1.2609942753138166,9.372496353565786,162.90503105914556,131.39054076252387,0.010321409720079697,0.0020866045636300633
1.6221655061049542,276.87899552768147,138.1753385932263,1.5719849682766829,925.9592213325045,925.5628883501295,273.7415206586406,925.562888350129,1.521300149934821,200.1150391480479,1.5211949227643964,273.7415206586406,114.78576084784399,253.32737454941656,114.78576084819376,1.4202285684919818,1.419578587783962,253.32737454941656,224.1351487089882,262.13824200926786,1.4194375743728072,7.9925727403195035,251.47269967372773,43.80691676130334,165.02603121620922,43.80691676160308,1.2612690919590177,1.419578587783962,165.02603121620922,220.00010719678676,278.4955015833675,1.261020513656145,9.405526173535629,163.1855779640826,153.41008869459677,0.010717804174905156,0.0019790643171659,1.6221614622400669,276.88974428656263,138.17629866148286,1.571982065000454,926.1311622952657,925.708910015138,273.7527791948154,925.8933629008535,1.5212894628853404,200.4881064575048,1.521184423879952,273.6759227566315,114.92535917369955,253.43142292901274,114.90096745984239,1.4202320665021553,1.4195833034273206,253.3578477724463,224.24277405466609,262.3976023689291,1.4194425049592319,7.9982472920356,251.54029486692525,43.27318849108966,164.80555611009842,43.272834593282106,1.2612483158207504,1.419581947949321,164.7468612691823,218.42379676007988,277.5979882560476,1.260993351389738,9.371997946780112,162.90214899757783,131.44339833052948,0.010310660337437052,0.00209503461266084
1.6221655061049545,276.8789955276798,138.17533859317444,1.5719849682766824,925.9592213324931,925.5628883501148,273.7415206586365,925.5628883501149,1.5213001499514296,200.11503914802276,1.5211949227810058,273.7415206586365,114.7879435915073,253.32636138601686,114.78794359185704,1.4202285687054454,1.4195785885065686,253.32636138601686,224.13768605865698,262.14202885393604,1.4194375752796555,7.992573651491308,251.47163015714443,43.808448555633376,165.02642556249182,43.80844855593108,1.2612690661094557,1.4195785885065686,165.02642556249182,220.0001061410325,278.4931825931863,1.261020486997202,9.405499505776849,163.1860429593171,153.409492348816,0.010717610527078546,0.0019789247733865,1.6221614995081688,276.8871893123634,138.174016630152,1.57198207715218,926.1279633340016,925.7053183188355,273.7487885901418,925.8874067962204,1.5212892527128863,200.48061226807854,1.5211842211217523,273.67352191777735,114.91863348750154,253.41834639553147,114.894222752269,1.4202315229554543,1.4195827821188314,253.34829995365862,224.23991048479922,262.4047751096537,1.4194420644753643,7.9977913849941675,251.5317922141524,43.27870071920904,164.80466859086272,43.277893706549406,1.2612475132582066,1.419581539000602,164.74468258353147,218.42726547945395,277.6011018675974,1.2609924327729956,9.371539346288653,162.89988585220706,131.5069527860153,0.0103041676942673,0.0021026613170843805
1.6221655061049542,276.87899552768135,138.17533859312852,1.5719849682766798,925.9592213324828,925.5628883501008,273.74152065863996,925.562888350101,1.5213001499680314,200.11503914800682,1.521194922797609,273.74152065863996,114.79012060176709,253.32535089334164,114.7901206021173,1.4202285689185858,1.4195785892275044,253.32535089334164,224.14021674223906,262.1458057204377,1.419437576184346,7.992574560344523,251.47056346104495,43.80996000413488,165.02681159089218,43.80996000443115,1.2612690399173587,1.4195785892275044,165.02681159089218,220.00010510481934,278.490878671529,1.2610204600176855,9.405472535506608,163.18649924387495,153.40880401549197,0.010717432543545246,0.0019787856485696505,1.6221615492971528,276.88423171594985,138.17321455564797,1.5719821467898494,926.1251502425563,925.7031367515555,273.74390857311926,925.8821244477464,1.5212890651122961,200.47259426448315,1.521184028304862,273.66991047538534,114.90913798796915,253.40458643923174,114.88512114280407,1.4202309264991297,1.4195822530473987,253.33868220128602,224.23441656640196,262.4068117547219,1.4194416414706061,7.99724215871787,251.52358725324657,43.28236807864014,164.8013057052993,43.28119020938305,1.2612463989186564,1.4195811128765339,164.7404468109426,218.43254041055923,277.60085345397255,1.2609911839504298,9.370772061406615,162.89568691593593,131.5797825317978,0.010305121214554656,0.002106734529710196
1.622165506104955,276.87899552768096,138.17533859308526,1.5719849682766787,925.9592213324727,925.562888350089,273.74152065863717,925.5628883500895,1.5213001499845955,200.1150391479904,1.5211949228141741,273.74152065863717,114.79229189237776,253.32434306539355,114.79229189272729,1.4202285691313752,1.4195785899467421,253.32434306539355,224.14274077554612,262.14957263207805,1.4194375770868528,7.9925754668953575,251.46949957908907,43.811451352190545,165.02718935431614,43.81145135248424,1.2612690133861162,1.4195785899467421,165.02718935431614,220.0001040862134,278.4885897074977,1.2610204327208736,9.405445261604804,163.1869468736753,153.40803047720573,0.010717268857273303,0.001978648380790251,1.622161586020627,276.88087852082344,138.17308666727084,1.5719821989083635,926.1234891790361,925.7025506588534,273.73918253637123,925.8789977850254,1.5212889363579998,200.46670577545302,1.521183867562296,273.66621599332007,114.89819305521488,253.38706681990237,114.87464355212558,1.4202300554839935,1.4195814665551902,253.3251157139459,224.22884468448763,262.40918286679874,1.4194410015495855,7.996438899210731,251.51136966721776,43.286969447214744,164.80025117704312,43.28553754966024,1.2612457828206072,1.419580374650721,164.7388730915019,218.43876180652228,277.6130860161573,1.2609904638792104,9.370436820449596,162.89351872076082,131.65502319944954,0.010314951274017688,0.0021070575202037844
1.6221655061049547,276.8789955276834,138.17533859304726,1.5719849682766753,925.9592213324643,925.5628883500735,273.7415206586421,925.5628883500735,1.5213001500011554,200.1150391479855,1.521194922830735,273.7415206586421,114.79445747704493,253.32333789628785,114.79445747739427,1.4202285693438088,1.419578590664279,253.32333789628785,224.1452581742874,262.1533296121914,1.419437577987173,7.992576371167681,251.4684385050419,43.8129228422894,165.02755891424374,43.81292284258,1.261268986518657,1.419578590664279,165.02755891424374,220.00010308390438,278.48631558929185,1.2610204051095524,9.405417684231532,163.1873859131668,153.40717799893565,0.010717118222592251,0.0019785135174745488,1.6221616107456174,276.87844154144665,138.1733771882663,1.5719822240341548,926.122519481112,925.7024145718015,273.7356310670765,925.87619923404,1.5212889343648992,200.46530230710954,1.5211838558404536,273.66378956362325,114.88909700578301,253.3662873323558,114.86610673290781,1.4202290401338922,1.4195805173029887,253.30762352365736,224.2267788185893,262.41837113725006,1.4194401845687965,7.995498987344934,251.4946129649297,43.29242889424901,164.7985900427601,43.29048184091873,1.2612450928169532,1.4195794786002094,164.7364290078306,218.44732706571955,277.618859824097,1.2609897068484701,9.369948122516169,162.89162145677233,131.70333670707439,0.010333836732657047,0.0021034524191733944
1.6221655061049554,276.8789955276818,138.17533859301324,1.5719849682766753,925.9592213324568,925.5628883500648,273.7415206586384,925.5628883500647,1.5213001500176961,200.11503914796413,1.5211949228472772,273.7415206586384,114.7966173694284,253.32233537994188,114.79661736977789,1.42022856955586,1.4195785913800898,253.32233537994188,224.14776895421582,262.1570766841818,1.419437578885283,7.992577273175594,251.46738023246368,43.814374714061884,165.02792033712524,43.81437471435099,1.2612689593177095,1.4195785913800898,165.02792033712524,220.00010209704294,278.4840562044261,1.2610203771862847,9.40538980432748,163.18781643167722,153.40625236836937,0.01071697949805575,0.001978381200801899,1.6221616313636698,276.8764262355314,138.1728641562794,1.5719822592224864,926.1207229724482,925.7007660817156,273.7326015117028,925.8726058678582,1.5212888989375368,200.46380435329883,1.521183833089198,273.6618368256473,114.88210531215543,253.3526862969872,114.85946181469933,1.4202284099975238,1.4195799138094085,253.29678989006325,224.2241909651948,262.42452386621324,1.4194396771847981,7.994870069369377,251.4843869438115,43.29773076968124,164.79732296903603,43.295199729103395,1.2612444624610086,1.4195789122195206,164.7341221642003,218.4493438782699,277.621006310758,1.2609889871609137,9.36941636296748,162.88989644536397,131.74680905981822,0.01035303976288544,0.0020996271907327145
1.6221655061049556,276.878995527685,138.17533859298234,1.5719849682766722,925.9592213324491,925.5628883500578,273.74152065864087,925.5628883500578,1.521300150034202,200.11503914796074,1.5211949228637838,273.74152065864087,114.79877158313928,253.3213355102012,114.79877158348846,1.4202285697674992,1.4195785920941482,253.3213355102012,224.15027313106395,262.1608138715119,1.4194375797811576,7.992578172930642,251.46632475486086,43.81580720432102,165.0282736922256,43.815807204608305,1.2612689317860493,1.4195785920941482,165.0282736922256,220.00010112504626,278.48181143965485,1.2610203489536709,9.405361623317066,163.18823850137568,153.40525893279806,0.0107168516347649,0.001978251393048301,1.622161624944842,276.87554197671295,138.17236886603268,1.5719822399697516,926.1194462903386,925.700312319061,273.73182821562636,925.8714278381922,1.5212887528432657,200.46082281188882,1.5211837011071867,273.6611155816931,114.8819671872855,253.35426189646915,114.85946064414959,1.4202284099833844,1.4195799077090179,253.29855225828115,224.22323733419216,262.42131405277365,1.419439688657075,7.994854357231092,251.486131801591,43.30184784865037,164.801267484957,43.29920383799941,1.2612448802565859,1.4195789004507413,164.73824037454816,218.44813725945906,277.6265799407282,1.260989455421418,9.369830245627705,162.8940334900154,131.76956352758964,0.01035872178814308,0.0020983801684135296
1.6221655061049556,276.8789955276866,138.17533859295241,1.57198496827667,925.9592213324424,925.5628883500468,273.74152065864496,925.5628883500468,1.5213001500506569,200.11503914795784,1.5211949228802402,273.74152065864496,114.800920131759,253.3203382809172,114.80092013210742,1.420228569978733,1.4195785928064621,253.3203382809172,224.15277072053402,262.1645411976197,1.4194375806748052,7.992579070444483,251.46527206573876,43.817220547070406,165.02861905009087,43.81722054735463,1.261268903926467,1.4195785928064621,165.02861905009087,220.00010016743585,278.47958118116276,1.2610203204143193,9.405333142889049,163.18865219566683,153.40420263305168,0.010716733667533904,0.001978123980853651,1.6221616222272606,276.87613502360716,138.17130288314343,1.5719822464817879,926.118585246211,925.6993438467897,273.7321971067533,925.8704259702976,1.5212887207543466,200.460619474743,1.5211836691070513,273.66156490118277,114.88447391956467,253.3570791311575,114.86213564293163,1.4202285707483286,1.419580056553313,253.30142058217527,224.22467079216244,262.42066792332497,1.41943984797993,7.994988403836401,251.48905562871775,43.30730420907147,164.8060763104009,43.30473180780269,1.2612453883085655,1.4195790509183164,164.74325569075228,218.44854359515716,277.62836707175717,1.2609899598101737,9.370297070088126,162.8988162954217,131.77503897922858,0.010361082958481652,0.0020976306117772765
1.6221655061049556,276.8789955276893,138.1753385929267,1.5719849682766673,925.9592213324368,925.5628883500417,273.74152065864695,925.5628883500415,1.5213001500671086,200.11503914795907,1.521194922896693,273.74152065864695,114.80306302882683,253.31934368597277,114.80306302917427,1.4202285701895931,1.4195785935170664,253.31934368597277,224.15526173827487,262.1682586859681,1.419437581566262,7.992579965730551,251.46422215860446,43.818614973545934,165.0289564811685,43.81861497382853,1.261268875741635,1.4195785935170664,165.0289564811685,220.00009922390552,278.47736531470207,1.2610202915707194,9.405304364819456,163.18905758786772,153.40308803475733,0.010716624707660502,0.0019779988231529502,1.6221616198375672,276.87676389035823,138.1702539027552,1.5719822540661985,926.11779825039,925.6984521843883,273.7325910664609,925.8694257721828,1.5212886974350701,200.46036972368344,1.521183647987951,273.66201526519666,114.88677814673792,253.35951361556636,114.86459379737525,1.4202287189150702,1.4195801963910228,253.30390259629607,224.22604134394726,262.42038244390847,1.4194399936649549,7.9951127592569105,251.49149657561864,43.31264651913615,164.81044389902178,43.310126281587664,1.261245835077756,1.4195791922483965,164.74779621696158,218.4495098812685,277.62905201806245,1.2609904015979416,9.370693705257889,162.90323346800648,131.78244554511892,0.010362790493843163,0.002096927152257704
1.6221655061049554,276.8789955276933,138.17533859290285,1.5719849682766633,925.9592213324302,925.5628883500342,273.74152065865127,925.5628883500341,1.521300150083503,200.1150391479635,1.5211949229130886,273.74152065865127,114.80520028785367,253.3183517191173,114.80520028820195,1.420228570400028,1.4195785942259118,253.3183517191173,224.1577461999651,262.1719663600163,1.4194375824554797,7.99258085879595,251.46317502687373,43.819990712243495,165.02928605529138,43.81999071252447,1.261268847234101,1.4195785942259118,165.02928605529138,220.00009829430982,278.47516372563587,1.2610202624252351,9.405275290898407,163.18945475074113,153.4019193571816,0.010716523936665653,0.0019778757729117494,1.622161618075863,276.8773334963168,138.16921970715046,1.5719822618228558,926.1170253944466,925.6975697057755,273.73293175543466,925.8683671317742,1.5212886779026846,200.45981165162559,1.5211836329523387,273.66238258953734,114.88892727606996,253.36155864947202,114.86688251474472,1.4202288520516329,1.4195803236352225,253.30600039446347,224.22740453436998,262.420541794352,1.4194401238044,7.995225782422426,251.49347571036637,43.31796506227947,164.81438715354534,43.31548109239379,1.2612462215452052,1.4195793220976984,164.75188869480178,218.45101877419623,277.6289796645795,1.2609907825112046,9.371027861107892,162.90727506534077,131.79186641172072,0.010363837432166977,0.002096339828394031
1.6221655061049556,276.87899552769744,138.1753385928817,1.5719849682766598,925.9592213324252,925.5628883500287,273.74152065865434,925.5628883500278,1.5213001500998784,200.11503914796606,1.521194922929465,273.74152065865434,114.80733192231222,253.3173623741591,114.80733192265971,1.4202285706100808,1.4195785949330448,253.3173623741591,224.16022412121725,262.17566424323326,1.419437583342506,7.992581749649563,251.46213066397564,43.821347988961804,165.0296078414492,43.82134798924022,1.2612688184063492,1.4195785949330448,165.0296078414492,220.0000973784176,278.4729762990915,1.2610202329801714,9.40524592288372,163.1898437561606,153.40070049983152,0.0107164306007278,0.0019777546867114004,1.6221616169477053,276.87780424649395,138.16826461013736,1.571982268029293,926.1162521664012,925.6966747038146,273.73319192900203,925.8672617375306,1.5212886607121923,200.45884248490336,1.5211836222938702,273.66264180562416,114.89087741194533,253.36307478446855,114.86894765711479,1.4202289611512202,1.4195804304836954,253.30756217473402,224.2287851243759,262.4212808313031,1.41944023022588,7.995320243753439,251.49486620316335,43.323189309390614,164.81781462265747,43.32073064969184,1.2612465331914053,1.4195794321403674,164.755451385719,218.45301576549303,277.6281934233981,1.2609910881626056,9.371293540994103,162.91083868040732,131.8030936128838,0.010364236006232515,0.0020958795320138858
1.6221655061049551,276.8789955276991,138.17533859286186,1.5719849682766576,925.9592213324205,925.5628883500232,273.7415206586588,925.5628883500234,1.5213001501162084,200.1150391479724,1.5211949229457962,273.7415206586588,114.80945794565119,253.31637564486527,114.80945794599867,1.4202285708197326,1.4195785956384492,253.31637564486527,224.16269551764083,262.179352359022,1.4194375842273257,7.992582638299384,251.4610890633453,43.82268702682563,165.02992190731698,43.82268702710275,1.261268789260714,1.4195785956384492,165.02992190731698,220.0000964761116,278.4708029199676,1.261020203237682,9.40521626244928,163.19022467476782,153.3994350670228,0.010716344005628051,0.0019776354287126497,1.6221616166087025,276.87815076849125,138.16746475335086,1.5719822709352613,926.1154882409069,925.6957529853771,273.7333496521549,925.8661237825804,1.5212886438206652,200.45734618873243,1.5211836139352566,273.66278020507957,114.89256417412804,253.3640666269597,114.87071635776446,1.4202290428486564,1.4195805137815185,253.30858709957977,224.23012689992697,262.4225212872293,1.4194403104544764,7.995394790475872,251.495696285227,43.328200888854745,164.82062766507866,43.325755655883945,1.2612467584399916,1.4195795199676653,164.75837782776966,218.45545130202495,277.6266305881663,1.2609913060831026,9.371482692280242,162.91383184861763,131.81580034465796,0.010364110952271058,0.0020954883051638802
1.6221655061049571,276.8789955276993,138.17533859284532,1.5719849682766571,925.9592213324163,925.5628883500194,273.7415206586559,925.5628883500194,1.5213001501325178,200.11503914796228,1.5211949229621067,273.7415206586559,114.81157837128819,253.31539152506542,114.81157837163461,1.4202285710289848,1.4195785963421284,253.31539152506542,224.1651604047898,262.1830307307877,1.419437585109943,7.992583524754848,251.4600502184362,43.82400804633291,165.03022831907688,43.82400804660767,1.2612687597992907,1.4195785963421284,165.03022831907688,220.0000955873324,278.46864347324265,1.2610201731996908,9.405186311154722,163.19059757568021,153.3981263905472,0.010716263512136854,0.0019775178720434993,1.6221616166642767,276.87836103456254,138.1668356608136,1.5719822699073376,926.1147518509637,925.6948229180407,273.7333995281851,925.8650108743275,1.521288625583795,200.45532055292645,1.5211836060959654,273.66280074738864,114.89398639206836,253.36460473867646,114.87217808174611,1.420229099957681,1.419580576356341,253.30912856140836,224.23139840793047,262.4241865838257,1.419440366965107,7.995451396309283,251.4960285287332,43.33293606211002,164.82281581121026,43.330496385005844,1.2612469017383807,1.4195795877526924,164.76065893889228,218.45831547316527,277.6244985722019,1.2609914400453799,9.37159834184378,162.91624413042143,131.82989599322062,0.010363462409936745,0.0020952115747704114
1.6221655061049556,276.87899552770637,138.17533859282895,1.5719849682766514,925.9592213324117,925.5628883500133,273.7415206586632,925.5628883500135,1.5213001501487706,200.1150391479742,1.5211949229783608,273.7415206586632,114.81369321260632,253.3144100084117,114.81369321295239,1.420228571237843,1.4195785970440933,253.3144100084117,224.16761879825486,262.18669938193096,1.4194375859903703,7.992584409017067,251.45901412256035,43.82531126535181,165.0305271416551,43.82531126562528,1.2612687300241392,1.4195785970440933,165.0305271416551,220.0000947119201,278.4664978437526,1.261020142868087,9.405156070467214,163.1909625267871,153.39677755061228,0.010716188531759652,0.0019774018990169,1.6221616168921311,276.8784851749487,138.16637807176474,1.5719822649288526,926.1140571364493,925.6939011996033,273.7333829028417,925.8639539036988,1.521288609888128,200.4529357618357,1.5211836021886844,273.66275513649896,114.8952031785284,253.364731624163,114.87339691665774,1.4202291357727737,1.4195806209179929,253.30923304302186,224.2326394666634,262.4262381504018,1.4194404024389338,7.995492201297912,251.49591096888764,43.33744128268456,164.82450154274326,43.335000062238585,1.2612469781293065,1.419579638467099,164.76241631779962,218.46155129280993,277.62193725890535,1.260991505587783,9.37165305408174,162.9181940892829,131.845019588754,0.010362455457296275,0.0020950401594945186
1.622165506104956,276.87899552770824,138.17533859281474,1.5719849682766496,925.9592213324088,925.5628883500099,273.7415206586646,925.5628883500092,1.5213001501650028,200.11503914797493,1.5211949229945938,273.7415206586646,114.81580248296729,253.3134310887765,114.81580248331358,1.4202285714463159,1.4195785977443531,253.3134310887765,224.17007071352427,262.1903583357862,1.4194375868686182,7.992585291097587,251.45798076922077,43.826596899207345,165.03081843855375,43.826596899479185,1.2612686999371108,1.4195785977443531,165.03081843855375,220.00009384980285,278.46436591655174,1.2610201122445543,9.405125541746772,163.19131959457056,153.39539139515938,0.010716118522835502,0.00197728740084365,1.6221616169532629,276.87855470761195,138.16602841163532,1.5719822565665535,926.1133754455064,925.6929840730602,273.7333291968895,925.8629361728958,1.5212885994243501,200.45032718937523,1.5211836037713806,273.6626861979023,114.89624994263798,253.36451575133032,114.87442378141282,1.4202291541539898,1.41958064984903,253.30897801575688,224.233853087592,262.428546761068,1.419440420175847,7.995518924130139,251.4954207148363,43.341746799387366,164.8258330738763,43.3393028009559,1.2612470083455802,1.419579674519622,164.7638023413019,218.46510425251165,277.6190841198942,1.2609915250906443,9.371664019373691,162.91983061307437,131.86045216256764,0.010361425070561163,0.0020948748484021255
1.622165506104956,276.8789955277135,138.17533859280155,1.5719849682766451,925.9592213324046,925.5628883500056,273.7415206586702,925.5628883500052,1.5213001501811934,200.11503914798698,1.5211949230107857,273.7415206586702,114.81790619570455,253.31245475990167,114.8179061960499,1.4202285716543877,1.4195785984428955,253.31245475990167,224.17251616610002,262.19400761567124,1.4194375877446752,7.99258617100107,251.4569501518117,43.82786516067494,165.0311022719235,43.82786516094474,1.2612686695399409,1.4195785984428955,165.0311022719235,220.00009300090107,278.4622475768173,1.261020081330667,9.405094726250063,163.1916688441862,153.3939705577066,0.01071605298692665,0.001977174277135249,1.62216161678654,276.878582538236,138.16574823998832,1.5719822473763594,926.112723150625,925.692082809425,273.7332430236437,925.86194599346,1.521288593295566,200.44766391480215,1.5211836092118982,273.66260890311213,114.8971986732064,253.3641386543646,114.87534588196661,1.4202291660593622,1.4195806717763997,253.30856343941477,224.2350262210289,262.4309530653806,1.419440430616908,7.995538184528305,251.49477645317373,43.345813412231266,164.82690715379277,43.343367561800115,1.261247007560742,1.4195797047859378,164.76491590295808,218.4686398686165,277.61601392043417,1.260991515499073,9.37164351656218,162.92122503872292,131.87585502693125,0.0103606064338852,0.0020946202730830234
1.6221655061049571,276.87899552771387,138.1753385927891,1.5719849682766442,925.959221332402,925.562888350001,273.741520658671,925.5628883500012,1.5213001501973389,200.11503914798405,1.5211949230269322,273.741520658671,114.8200043641184,253.31148101546782,114.82000436446381,1.420228571862079,1.419578599139746,253.31148101546782,224.1749551714871,262.1976472449114,1.4194375886185675,7.992587048727406,251.45592226365324,43.82911626001612,165.03137870272843,43.82911626028458,1.2612686388342655,1.419578599139746,165.03137870272843,220.00009216505623,278.46014271000024,1.2610200501279012,9.40506362514304,163.19201033955238,153.39251747381292,0.010715991465488295,0.001977062435338001,1.622161616108534,276.8785986044953,138.16549172399485,1.5719822384862077,926.1120950423764,925.6912036703719,273.73315510952426,925.8609816956116,1.5212885920997055,200.4450807594849,1.5211836184113188,273.66254257582597,114.89808624255063,253.36360682410756,114.87620565074701,1.4202291724786484,1.419580687511742,253.30799894556716,224.23619266231844,262.4334435495212,1.4194404354636225,7.995549594401484,251.49398977133978,43.349680784195414,164.8278089268195,43.34722999515299,1.261246986566318,1.419579728978045,164.76583975043994,218.47195001796206,277.61260607138706,1.2609914870440786,9.37159976961617,162.92245168588434,131.89058348677938,0.010360192675303703,0.002094190577510478
1.622165506104956,276.8789955277215,138.17533859277762,1.571984968276638,925.959221332398,925.5628883499984,273.7415206586795,925.5628883499985,1.5213001502134484,200.11503914800608,1.521194923043043,273.7415206586795,114.82209700149508,253.31050984938292,114.8220970018399,1.4202285720693775,1.4195785998348942,253.31050984938292,224.17738774507964,262.20127724668407,1.4194375894902862,7.992587924289474,251.454897098308,43.830350405020795,165.0316477907478,43.83035040528658,1.2612686078215862,1.4195785998348942,165.0316477907478,220.00009134220315,278.4580512018316,1.2610200186376024,9.4050322395125,163.19234414347824,153.391034396287,0.01071593353679705,0.001976951790162799,1.622161615141542,276.8786308248077,138.16521007386947,1.5719822305517472,926.1114743761686,925.6903287057681,273.7330856486655,925.8600115535337,1.5212885972319394,200.44268436491575,1.5211836336200386,273.662504450693,114.89899488179027,253.36298454083044,114.87708736733494,1.4202291786010073,1.419580701492895,253.30735237397909,224.23741063314287,262.43603088269464,1.4194404395627058,7.995556934864113,251.4931295619322,43.35331912946277,164.82858569536037,43.350854913624744,1.2612469534723039,1.419579750813778,164.76661273478848,218.4750173569514,277.6089088084081,1.260991447015255,9.371541630724476,162.92353814479875,131.9045142478944,0.010360302840381024,0.0020935302229333707
1.6221655061049565,276.87899552772217,138.17533859276693,1.5719849682766376,925.9592213323953,925.5628883499949,273.741520658681,925.5628883499943,1.5213001502295211,200.11503914800556,1.5211949230591166,273.741520658681,114.82418412108598,253.30954125536925,114.82418412143099,1.420228572276303,1.4195786005283626,253.30954125536925,224.17981390231225,262.20489764423075,1.4194375903598555,7.992588797688938,251.45387464913958,43.8315678010287,165.03190959475563,43.83156780129407,1.2612685765033425,1.4195786005283626,165.03190959475563,220.0000905321829,278.4559729384388,1.2610199868610583,9.405000570374966,163.19267031770855,153.38952340921077,0.010715878813112952,0.0019768422630349006,1.6221616138522188,276.8786654155518,138.1649942160306,1.5719822234618512,926.1109188278183,925.6895564326209,273.7330218456462,925.8591265702267,1.5212886051545143,200.44049628041174,1.5211836513264505,273.6624706777441,114.89994068598433,253.36227054824127,114.87800624887696,1.4202291820368809,1.419580712620217,253.30660508965335,224.23869920612222,262.4387116864462,1.419440441006408,7.995560283534375,251.49216927917936,43.356750208656145,164.82923127856793,43.354269942402965,1.2612469095867633,1.4195797685258562,164.76724898365504,218.47790630465866,277.60497519071816,1.2609913963717592,9.371471726988293,162.9244956006986,131.91742003298373,0.010360720585413439,0.0020927253612108465
1.6221655061049567,276.878995527727,138.17533859275892,1.5719849682766336,925.959221332393,925.5628883499911,273.7415206586836,925.5628883499912,1.5213001502455534,200.11503914800954,1.52119492307515,273.7415206586836,114.82626573611819,253.30857522723227,114.82626573646286,1.4202285724828356,1.4195786012201355,253.30857522723227,224.1822336585681,262.2085084607204,1.4194375912272603,7.992589668931682,251.45285490959833,43.83276865096656,165.03216417259682,43.83276865122943,1.2612685448808754,1.4195786012201355,165.03216417259682,220.0000897349011,278.4539078063574,1.2610199547994585,9.40496861869422,163.19298892309882,153.38798644090184,0.010715826938057251,0.0019767337815756003,1.6221616123906157,276.8786932461758,138.16488037319778,1.5719822171942943,926.1104455140196,925.6889064708423,273.7329672692572,925.8583659855168,1.521288613575364,200.43848887864328,1.5211836695027252,273.66244334602777,114.90090580424918,253.36144265184905,114.87894239602757,1.4202291800573652,1.4195807190216998,253.30572233517947,224.24005403136067,262.44151073611,1.419440437577615,7.995557954988828,251.49108364139408,43.360001029640735,164.82973495456397,43.35750918856286,1.2612468521627627,1.4195797799673615,164.76775253351133,218.48054500903964,277.6007376883998,1.2609913334510523,9.371386745975679,162.9253215679767,131.9292042863347,0.01036142857017872,0.0020917723584633584
1.6221655061049565,276.8789955277312,138.17533859275005,1.5719849682766298,925.95922133239,925.5628883499899,273.74152065869237,925.5628883499895,1.5213001502615413,200.11503914803143,1.521194923091139,273.74152065869237,114.82834185979527,253.30761175876773,114.82834186013972,1.4202285726889787,1.419578601910219,253.30761175876773,224.18464702920573,262.21210971928815,1.4194375920925073,7.992590538021815,251.45183787312385,43.83395315537044,165.03241158130072,43.83395315563097,1.2612685129554824,1.419578601910219,165.03241158130072,220.00008895021637,278.4518556925799,1.261019922453953,9.404936385388861,163.19330001966767,153.38642527586867,0.0107157775841954,0.0019766262791208497,1.6221616112846877,276.8786914025067,138.16482271254216,1.5719822113823576,926.11003396916,925.6883679668639,273.7328974602237,925.8577222853946,1.5212886210993186,200.43658756582047,1.5211836864425188,273.6624057431569,114.90182263733705,253.36039490436627,114.87982967272674,1.420229165126162,1.4195807135627665,253.30461637950324,224.24145135173507,262.44443760397405,1.4194404228054476,7.995544427248033,251.48978479471327,43.3631019955562,164.83012712302673,43.36060305524385,1.261246782704575,1.4195797785011732,164.76815718980868,218.48273030224533,277.5963048316775,1.2609912601075048,9.371288743678875,162.92604239406955,131.93961893403974,0.010362262719637721,0.00209078028060805
1.6221655061049565,276.87899552773547,138.1753385927421,1.5719849682766265,925.9592213323879,925.5628883499862,273.7415206586935,925.5628883499862,1.5213001502774972,200.1150391480342,1.5211949231070963,273.7415206586935,114.83041250529286,253.30665084377438,114.83041250563694,1.4202285728947672,1.419578602598651,253.30665084377438,224.18705402955783,262.2157014430093,1.4194375929556364,7.992591404963556,251.45082353316874,43.835121512429346,165.03265187739208,43.83512151268886,1.2612684807284578,1.419578602598651,165.03265187739208,220.00008817791354,278.44981648464704,1.261019889825689,9.404903871364834,163.19360366688034,153.38484156584423,0.010715730450797753,0.0019765196942724494,1.6221616106011243,276.8786663812832,138.1647502671031,1.571982206003816,926.1096458667291,925.6879213007733,273.73280806636166,925.8571445415754,1.5212886275768955,200.43492163784583,1.5211837014534013,273.66236500671346,114.9027450305362,253.35913944994851,114.88072924019814,1.4202291393359017,1.4195806969634204,253.30332742396692,224.24292295494544,262.44749566849305,1.4194403989843605,7.9955208756730745,251.48831803549317,43.36608705914734,164.83054060910612,43.363583334561284,1.2612467176938043,1.4195797653054785,164.76857748743424,218.48454890226,277.59219515384575,1.2609911927107313,9.371198736907449,162.92675626046218,131.948338657621,0.0103630591584964,0.002089879589000913
1.6221655061049565,276.8789955277391,138.17533859273524,1.5719849682766236,925.9592213323856,925.5628883499841,273.74152065869487,925.5628883499838,1.5213001502934047,200.11503914803282,1.5211949231230046,273.74152065869487,114.83247768576247,253.30569247607195,114.83247768610542,1.4202285731001538,1.4195786032853874,253.30569247607195,224.18945467492512,262.21928365494705,1.4194375938166044,7.992592269761789,251.44981188319923,43.836273917998696,165.03288511655074,43.836273918256325,1.2612684482009657,1.4195786032853874,165.03288511655074,220.00008741793096,278.44779007065597,1.261019856915687,9.40487107749044,163.19389992342104,153.3832368399739,0.010715685261780595,0.0019764139704864002,1.6221616097008213,276.8786422379974,138.16467190775063,1.5719822013531553,926.1093239984618,925.687576491249,273.73271501666494,925.8566569658667,1.5212886323105093,200.43367564528103,1.5211837135214588,273.662328100192,114.90383364179915,253.3578940458663,114.88179824474368,1.420229114450563,1.4195806798797084,253.30207804162686,224.24452170895617,262.45060525444524,1.4194403768905601,7.995497645659167,251.48690752802713,43.369009927483226,164.83112261788293,43.36649956665606,1.2612466804793891,1.419579750787596,164.76915419834182,218.4860751387846,277.5889127175024,1.2609911528737392,9.371140997792024,162.92756830833986,131.95526244494852,0.010363662412057236,0.002089196082097332
1.6221655061049562,276.8789955277449,138.17533859272928,1.571984968276619,925.9592213323835,925.5628883499825,273.7415206587034,925.5628883499828,1.5213001503092898,200.1150391480581,1.5211949231388908,273.7415206587034,114.83453741433352,253.30473664955454,114.83453741467719,1.420228573305173,1.4195786039704665,253.30473664955454,224.1918489805571,262.2228563780867,1.41943759467545,7.992593132424508,251.44880291674542,43.837410565634265,165.03311135423155,43.83741056589119,1.2612684153742504,1.4195786039704665,165.03311135423155,220.00008667006,278.44577633926895,1.2610198237250472,9.404838004650308,163.19418884767913,153.3816125142232,0.0107156417637955,0.0019763090556898007,1.6221616089505686,276.8786281032009,138.16453367002504,1.57198219781932,926.1090173863785,925.687260902871,273.7326218799245,925.8561944368554,1.5212886373929158,200.43269045470763,1.5211837248970863,273.66228527470014,114.90502526143969,253.3566314724608,114.88297962206379,1.4202290886037452,1.4195806607538055,253.30085169130584,224.2462121453861,262.4537035788819,1.4194403550030028,7.995473040694556,251.48552946539303,43.37189436748522,164.83192827242507,43.369371968844256,1.261246679105922,1.4195797337431568,164.76994080578268,218.48732387775925,277.58650334652003,1.2609911467351336,9.371123064970813,162.92852327863253,131.96125781196284,0.010364104071932802,0.0020887176193149495
1.6221655061049565,276.8789955277505,138.17533859272257,1.5719849682766145,925.9592213323813,925.5628883499804,273.74152065870794,925.5628883499809,1.521300150325125,200.11503914806923,1.5211949231547268,273.74152065870794,114.83659170410331,253.30378335796553,114.83659170444629,1.4202285735098097,1.4195786046538759,253.30378335796553,224.1942369617314,262.22641963541736,1.4194375955321632,7.992593992951379,251.44779662721868,43.83853164662265,165.03333064548613,43.838531646877506,1.261268382249535,1.4195786046538759,165.03333064548613,220.00008593412468,278.44377517978876,1.2610197902548501,9.40480465373539,163.1944704976443,153.37996990005323,0.010715599724471952,0.0019762049019293503,1.6221616085337618,276.87862046514323,138.16434959947068,1.5719821951189366,926.1087338446216,925.686990815992,273.7325339658051,925.8557769918993,1.5212886431230799,200.4318787637641,1.5211837357039328,273.66223861928626,114.90626984845618,253.3553048281661,114.88422069742037,1.4202290591937994,1.4195806380802505,253.2995861865525,224.2479661572162,262.45679852486404,1.4194403311819157,7.995445087059683,251.48412485698736,43.37469207365729,164.83283080229026,43.372153007283494,1.2612466954567196,1.4195797124441536,164.77082075663378,218.4883570606014,277.58457874387346,1.2609911579892439,9.37112620607007,162.929530198116,131.96666938828423,0.01036436878718682,0.0020883863816635335
1.6221655061049571,276.8789955277512,138.17533859271808,1.571984968276614,925.9592213323796,925.5628883499768,273.7415206587083,925.5628883499769,1.5213001503409207,200.11503914806588,1.521194923170524,273.7415206587083,114.83864056815045,253.3028325951836,114.83864056849212,1.4202285737140778,1.4195786053356323,253.3028325951836,224.1966186336566,262.22997344985276,1.4194375963867616,7.992594851348067,251.44679300813888,43.839637350000174,165.03354304516608,43.83963735025311,1.2612683488280534,1.4195786053356323,165.03354304516608,220.0000852099248,278.4417864821768,1.2610197565061876,9.404771025662061,163.19474493107361,153.37831021243142,0.010715558930789296,0.0019761014650456006,1.6221616080613805,276.87861142238523,138.16418770609152,1.5719821925241235,926.1084811873344,925.6867695701714,273.73244683507875,925.8554029612187,1.5212886475577287,200.43108972723084,1.5211837449528127,273.66218395585355,114.90750302261266,253.35394258893294,114.88544889672988,1.4202290269842528,1.419580613626324,253.29828529624265,224.24971682297263,262.4598748893456,1.4194403054272988,7.995415569972799,251.48268380081592,43.37741462079882,164.8336749294542,43.37485703472489,1.261246705594214,1.419579688801867,164.7716492424695,218.4894224529806,277.5826179644854,1.2609911636802427,9.37112426429962,162.93049013962306,131.9717437623479,0.010364453767890327,0.0020881202369375487
1.6221655061049567,276.8789955277552,138.17533859271327,1.5719849682766105,925.9592213323779,925.5628883499744,273.74152065871476,925.5628883499749,1.5213001503566779,200.11503914808304,1.521194923186282,273.74152065871476,114.84068401953195,253.30188435511528,114.84068401987275,1.420228573917968,1.41957860601573,253.30188435511528,224.19899401150303,262.23351784425245,1.4194375972392397,7.992595707621564,251.44579205306388,43.840727862593596,165.03374860800352,43.84072786284517,1.2612683151110735,1.41957860601573,165.03374860800352,220.00008449728452,278.4398101370567,1.2610197224801851,9.404737121385011,163.19501220561463,153.37663457722732,0.010715519187578999,0.0019759987043750002,1.6221616077334924,276.8786023796273,138.16404059749584,1.5719821901126698,926.1082296463533,925.6865495766856,273.7323640565366,925.8550306003178,1.5212886516435848,200.4302763786475,1.5211837534845336,273.6621251143241,114.90870488456346,253.35259437829316,114.88664636910885,1.420228994548476,1.419580589093852,253.29699299059448,224.25143335877735,262.46288959703014,1.419440279466439,7.995386307917095,251.48125391072304,43.38001771601088,164.83443921016044,43.37744145590711,1.2612467068368747,1.4195796653297632,164.7724000262232,218.49048784535975,277.5805414195246,1.2609911610585465,9.371114555447374,162.9313784956423,131.97684487491657,0.010364464994086503,0.002087861821729245
1.6221655061049556,276.8789955277633,138.1753385927086,1.5719849682766045,925.9592213323762,925.5628883499735,273.74152065872056,925.5628883499736,1.5213001503723902,200.1150391480977,1.5211949232019957,273.74152065872056,114.84272207127216,253.30093863157532,114.84272207161345,1.4202285741214888,1.4195786066941811,253.30093863157532,224.2013631104541,262.2370528414743,1.4194375980896115,7.992596561773202,251.4447937554599,43.841803369029705,165.03394738862937,43.84180336927928,1.2612682810998737,1.4195786066941811,165.03394738862937,220.0000837960021,278.43784603582486,1.2610196881779787,9.404702941893772,163.19527237874726,153.37494403803754,0.010715480316137598,0.00197589658247315,1.6221616075556546,276.8785884204184,138.16388757498677,1.57198218763454,926.1079684307191,925.686313720292,273.73227762215976,925.8546423765088,1.5212886552311657,200.42941937888344,1.5211837612743655,273.66205896112535,114.90987865332038,253.3512738060762,114.88781457774444,1.4202289622540933,1.4195805649279267,253.29572329820132,224.25311108012724,262.46582997871275,1.4194402535571395,7.995357766601679,251.47984930231735,43.382495649059145,164.83512175231286,43.37990133224912,1.2612467001657492,1.4195796420802058,164.77306907142307,218.49155571539563,277.57838528573257,1.2609911508275373,9.37109782195497,162.93218855503423,131.9818613155527,0.010364448939422592,0.0020875981281073827
1.6221655061049565,276.87899552776486,138.17533859270452,1.571984968276603,925.9592213323751,925.5628883499709,273.7415206587225,925.5628883499708,1.5213001503880852,200.11503914810018,1.5211949232176916,273.7415206587225,114.84475473637535,253.2999954185437,114.84475473671745,1.4202285743246446,1.419578607370992,253.2999954185437,224.2037259455979,262.2405784642831,1.419437598937884,7.992597413812197,251.4437981089458,43.842864051774015,165.03413944183268,43.84286405202232,1.2612682467958152,1.419578607370992,165.03413944183268,220.00008310588254,278.4358940705371,1.2610196536007887,9.404668488248724,163.19552550812995,153.37323956248076,0.010715442152945847,0.0019757950648603504,1.6221616075056378,276.87856840343954,138.16373381323854,1.5719821850952904,926.1076930752073,925.686064923105,273.7321889246471,925.854239959571,1.5212886583702991,200.42852480595113,1.5211837684706866,273.66198967435395,114.91102228042135,253.3499789878441,114.88895352263664,1.4202289304970075,1.419580541089276,253.29447705659115,224.25475032162967,262.46868984055993,1.419440228137668,7.995329447052505,251.47847587465924,43.38484270970924,164.83572343888966,43.38223141650859,1.2612466853846283,1.4195796191579224,164.773658396305,218.49261119714802,277.5761567984576,1.2609911334348216,9.37107457782047,162.93292429477034,131.98667721740117,0.010364462097002456,0.00208730965314065
1.6221655061049565,276.8789955277699,138.17533859270023,1.5719849682765992,925.9592213323725,925.5628883499672,273.74152065872426,925.5628883499672,1.5213001504037202,200.1150391481013,1.5211949232333277,273.74152065872426,114.84678202781902,253.2990547097923,114.84678202816104,1.4202285745274164,1.4195786080461477,253.2990547097923,224.2060825320899,262.24409473545626,1.4194375997840443,7.992598263737216,251.44280510697308,43.84391009116682,165.03432482260388,43.84391009141393,1.2612682122003311,1.4195786080461477,165.03432482260388,220.00008242669446,278.43395413405653,1.2610196187499039,9.404633761580182,163.1957716515687,153.37152204801671,0.010715404548491852,0.0019756941197887996,1.6221616074222764,276.8785479474919,138.16358152996864,1.5719821826949494,926.1074087892464,925.6857985932304,273.7321020550519,925.8538283588445,1.5212886612104675,200.42760923624832,1.5211837751476855,273.66191864670895,114.91215215356283,253.3487270929202,114.89007842093203,1.4202289000548858,1.4195805184680848,253.29326724744737,224.25635944846886,262.47149339482985,1.4194402038525336,7.995302668778717,251.47714352974285,43.38708636881833,164.8362618033152,43.38445809922787,1.2612466651096395,1.4195795974007352,164.7741851558741,218.49365429061694,277.57390419335496,1.2609911105429383,9.37104647925985,162.93359764576536,131.99134160105453,0.010364461493443378,0.0020870218681087313
1.6221655061049574,276.8789955277707,138.17533859269707,1.5719849682765985,925.9592213323724,925.5628883499655,273.74152065872534,925.5628883499653,1.5213001504193324,200.115039148103,1.5211949232489408,273.74152065872534,114.84880395856041,253.29811649934612,114.84880395890127,1.420228574729831,1.4195786087196778,253.29811649934612,224.20843288495684,262.2476016776631,1.4194376006281222,7.992599111557919,251.44181474319515,43.84494166542713,165.03450358610633,43.84494166567275,1.2612681773149008,1.4195786087196778,165.03450358610633,220.00008175822651,278.432026119994,1.2610195836266593,9.404598763087748,163.19601086701772,153.36979232730602,0.010715367366176344,0.0019755937180256995,1.6221616074889655,276.87852090701176,138.16343442137298,1.5719821802446015,926.1071267358977,925.6855372726951,273.73201318345195,925.8534209325672,1.5212886635025331,200.42668758853299,1.5211837808849586,273.6618434409672,114.91327500340583,253.34750513962098,114.89119512537928,1.4202288704469883,1.419580496593079,253.29208319228852,224.25795084111746,262.47425190303807,1.4194401803408114,7.995276744304964,251.4758429976162,43.389236812209866,164.83674239573818,43.3865934181982,1.2612466396677986,1.4195795763897332,164.774657927633,218.49465030860864,277.57161782329365,1.2609910829192135,9.371014040271163,162.93421631340158,131.99581881517275,0.010364466684052574,0.002086730656185176
1.6221655061049565,276.878995527779,138.17533859269375,1.571984968276592,925.9592213323704,925.5628883499628,273.74152065873767,925.5628883499633,1.5213001504348862,200.11503914813545,1.521194923264496,273.74152065873767,114.85082054152423,253.29718078101627,114.85082054186476,1.4202285749318673,1.4195786093915652,253.29718078101627,224.21077701928226,262.25109931358224,1.4194376014701016,7.992599957273971,251.44082701110693,43.84595895066929,165.0346757878054,43.84595895091306,1.2612681421410974,1.4195786093915652,165.0346757878054,220.000081100252,278.4301099227448,1.261019548232484,9.404563494055274,163.19624321271374,153.36805117317078,0.010715330481304602,0.00197549383265365,1.6221616075111953,276.8784919350687,138.16328361658142,1.5719821779942817,926.106843194141,925.6852646811464,273.7319256175072,925.8530101667305,1.5212886650970137,200.42575157460627,1.5211837860039912,273.6617696279243,114.91439258577498,253.34631982817015,114.89230744026501,1.4202288421540548,1.4195804756213497,253.29093368515817,224.25952349575337,262.4769662097981,1.4194401578603049,7.995252117163728,251.47458249482767,43.39130484302991,164.83718161432526,43.38864632459769,1.2612466106287823,1.4195795563605536,164.7750873073201,218.49560916174988,277.56932662966676,1.2609910522261858,9.370978574405012,162.9347889973043,132.00007172294332,0.010364486842954782,0.0020864351522964994
1.6221655061049567,276.8789955277821,138.17533859269005,1.5719849682765898,925.9592213323692,925.5628883499617,273.74152065873864,925.5628883499617,1.521300150450411,200.1150391481356,1.5211949232800217,273.74152065873864,114.85283178961754,253.29624754880604,114.8528317899575,1.4202285751335328,1.4195786100618193,253.29624754880604,224.21311495005818,262.25458766584586,1.4194376023099937,7.992600800893035,251.43984190433338,43.846962120966666,165.03484148365254,43.84696212120906,1.2612681066805764,1.4195786100618193,165.03484148365254,220.0000804525549,278.42820543751907,1.2610195125688866,9.404527955870545,163.19646874734588,153.36629930316013,0.010715293780158449,0.0019753944388871,1.6221616076445735,276.87845550065555,138.16313355102906,1.5719821757384058,926.1065529545474,925.6849920895976,273.7318356143394,925.8526002357837,1.521288666392529,200.42481611322614,1.5211837903316756,273.66169320357096,114.91550782704464,253.3451590144123,114.89341682877641,1.4202288147094853,1.419580455565988,253.28980616313686,224.26108343530927,262.4796444797087,1.419440136256332,7.995228188586157,251.47334959121434,43.39329509119822,164.83757453962647,43.3906237633059,1.2612465787774287,1.4195795369204676,164.77547430405335,218.49652093941393,277.56703061247435,1.2609910189754057,9.370940252994082,162.9353186802022,132.00404684735616,0.010364520763112256,0.002086138390660437
1.622165506104956,276.87899552778856,138.17533859268758,1.5719849682765847,925.9592213323676,925.5628883499592,273.7415206587459,925.5628883499589,1.5213001504659043,200.1150391481541,1.521194923295516,273.7415206587459,114.8548377157163,253.29531679661437,114.85483771605558,1.4202285753348391,1.419578610730456,253.29531679661437,224.21544669228288,262.258066757038,1.419437603147815,7.992601642417219,251.43885941644245,43.84795134833776,165.03500073002982,43.847951348579045,1.2612680709351314,1.419578610730456,165.03500073002982,220.00007981487005,278.4263125603153,1.2610194766375118,9.40449215001804,163.19668752999786,153.36453738376863,0.010715257159140196,0.0019752955139050493,1.622161607822411,276.8784190662424,138.16297387536744,1.571982173682558,926.1062589939334,925.6847107317051,273.73174857065675,925.8521869652772,1.5212886672395967,200.4238872824051,1.5211837941647675,273.66161817191653,114.9166198493025,253.34402939857108,114.89452299827605,1.420228788212255,1.4195804360473563,253.28870502324642,224.26262932135563,262.48228868353516,1.4194401152968692,7.995205224691741,251.4721480790293,43.39521018033597,164.83793265035845,43.392526814637435,1.2612465447677699,1.4195795181087478,164.77582900901223,218.49737573097397,277.5647538895441,1.2609909838063114,9.370900046923596,162.93580958762746,132.00774121746633,0.010364569048225416,0.0020858411298136873
1.6221655061049565,276.8789955277904,138.1753385926848,1.5719849682765834,925.9592213323664,925.562888349957,273.74152065874586,925.5628883499573,1.5213001504813515,200.1150391481522,1.5211949233109645,273.74152065874586,114.85683833268305,253.29438851842446,114.85683833302232,1.4202285755357698,1.419578611397461,253.29438851842446,224.21777226091055,262.261536609659,1.4194376039835528,7.992602481852518,251.43787954106995,43.84892680279961,165.03515358386306,43.84892680303882,1.261268034906611,1.419578611397461,165.03515358386306,220.00007918698918,278.4244311879969,1.2610194404400596,9.404456078095148,163.1968996202711,153.36276603433475,0.010715220523977298,0.00197519703669425,1.6221616080502657,276.87837367686495,138.16281272122745,1.5719821717211684,926.1059657775235,925.684433130817,273.73165499869793,925.8517787041101,1.5212886672894241,200.4229578990375,1.5211837971817819,273.6615380917285,114.91773157892293,253.34292742115267,114.89562975305054,1.4202287629168737,1.4195804173665463,253.2876315217788,224.2641644999662,262.48489882127734,1.4194400954459632,7.995183203303856,251.47098048644128,43.39705643800017,164.83825783861735,43.39436149748792,1.2612465089268219,1.4195794999253948,164.77615243131473,218.49816610345994,277.56249163731036,1.2609909471025658,9.370858470191619,162.93626395662668,132.01113997854878,0.010364622282823381,0.00208554813380438
1.622165506104957,276.878995527793,138.1753385926823,1.5719849682765814,925.9592213323654,925.5628883499559,273.7415206587508,925.5628883499558,1.5213001504967472,200.11503914816666,1.521194923326361,273.7415206587508,114.85883365334357,253.29346270812925,114.85883365368247,1.4202285757363413,1.4195786120628546,253.29346270812925,224.22009167090027,262.26499724622306,1.4194376048172286,7.992603319199931,251.43690227178155,43.84988865237059,165.03530010270742,43.8498886526087,1.2612679985970314,1.4195786120628546,165.03530010270742,220.00007856862277,278.42256121823857,1.2610194039783935,9.404419741815829,163.19710507834355,153.3609858306321,0.010715183788993096,0.0019750989879065003,1.622161608289235,276.87832618043717,138.16264343545654,1.5719821698597929,926.1056662353789,925.6841521903693,273.7315639510059,925.8513737825027,1.5212886668409766,200.4220401191483,1.5211837993085295,273.66146027467624,114.91884360118078,253.34184847575327,114.8967370930999,1.4202287382153471,1.419580399196284,253.2865774928363,224.2656903095704,262.48747517447316,1.4194400761622261,7.99516174741989,251.46983859690195,43.39884019174779,164.83855641139036,43.3961344480756,1.261246472170229,1.4195794820562246,164.77645062566853,218.49891187812534,277.5602679736009,1.2609909098872696,9.370816322350686,162.93669023826433,132.01425055796602,0.010364676966266527,0.0020852634062427234
1.6221655061049571,276.8789955277964,138.17533859268016,1.5719849682765783,925.9592213323645,925.5628883499536,273.7415206587551,925.562888349954,1.5213001505121353,200.11503914817584,1.5211949233417505,273.7415206587551,114.86082369050993,253.2925393598826,114.86082369084993,1.4202285759365478,1.4195786127266334,253.2925393598826,224.22240493708162,262.2684486891286,1.4194376056488394,7.99260415447256,251.4359276023625,43.850837063091106,165.03544034467052,43.8508370633283,1.261267962008478,1.4195786127266334,165.03544034467052,220.00007795958015,278.4207025495341,1.2610193672544456,9.404383143009621,163.19730396496544,153.3591973081896,0.010715146876426452,0.0019750013497251504,1.6221616086004509,276.87826929007633,138.1624615826197,1.5719821680762063,926.1053640885199,925.6838666580272,273.73146593981926,925.8509646864458,1.521288665246496,200.42111515615343,1.5211838002235258,273.66137357916836,114.91995152651454,253.34078104636336,114.89784033622519,1.4202287136693539,1.419580380973658,253.28553414237535,224.26720875781248,262.49002647079715,1.4194400570073908,7.995140335889172,251.46871356182075,43.400562830554755,164.83882862095697,43.39784829002165,1.261246434236379,1.419579464029963,164.77672561030948,218.49960066668677,277.5580636041536,1.260990871457041,9.370773374957214,162.93708520125108,132.01708335402557,0.010364724889962748,0.002084988892068551
1.622165506104957,276.87899552780186,138.17533859267823,1.5719849682765743,925.9592213323632,925.5628883499542,273.7415206587581,925.5628883499536,1.5213001505274586,200.115039148183,1.5211949233570747,273.7415206587581,114.86280845695856,253.29161846745006,114.86280845729654,1.4202285761363735,1.4195786133887855,253.29161846745006,224.22471207441976,262.27189096084754,1.4194376064783745,7.992604987663077,251.43495552625728,43.85177219907351,165.0355743685754,43.85177219930869,1.2612679251431822,1.4195786133887855,165.0355743685754,220.0000773595989,278.4188550813011,1.2610193302702908,9.404346283632401,163.19749634150537,153.35740096535204,0.0107151097158178,0.0019749041057455508,1.622161608978356,276.87820844899596,138.1622745551086,1.5719821665148734,926.1050585927426,925.6835769512358,273.7313665359337,925.8505605997283,1.5212886630540856,200.4201946135313,1.521183800272985,273.6612870577478,114.92105359909957,253.33972136410713,114.89893831187668,1.4202286888547122,1.4195803625939403,253.2844979109021,224.2687171678335,262.4925541179387,1.419440037878336,7.995119001976638,251.46760285302898,43.40222759536489,164.8390750980159,43.39950472096329,1.2612463952560777,1.4195794456371544,164.7769763761197,218.50023246914418,277.55589541144775,1.2609908321315995,9.370729628011205,162.93745232543696,132.01964282314492,0.01036476170806627,0.002084727076459333
1.622165506104957,276.8789955278078,138.17533859267527,1.57198496827657,925.959221332362,925.5628883499526,273.74152065876234,925.5628883499523,1.521300150542757,200.1150391481956,1.521194923372374,273.74152065876234,114.86478796545424,253.29070002499463,114.86478796579138,1.4202285763358462,1.4195786140493412,253.29070002499463,224.22701309769556,262.27532408367995,1.419437607305866,7.992605818784582,251.43398603727582,43.85269422249475,165.03570223408943,43.85269422272842,1.261267888003522,1.4195786140493412,165.03570223408943,220.00007676840568,278.41701871376694,1.2610192930281483,9.40430916578272,163.19768227015783,153.35559726610768,0.010715072243423702,0.001974807240860999,1.6221616094173925,276.87814462292755,138.16207569977075,1.5719821650313293,926.1047501201489,925.6832851572195,273.73126748022287,925.8501531734512,1.5212886606623648,200.41928456929438,1.5211837999267703,273.66119827319153,114.92215216003535,253.3386706852765,114.90003365379125,1.4202286643369977,1.4195803441094947,253.28346879841655,224.27021988952922,262.49505924204936,1.419440018981305,7.995097734593978,251.46650604916516,43.40383957908992,164.83930404165048,43.401109451134836,1.2612463558179543,1.4195794272574367,164.77720998692476,218.50082958440788,277.5537730426144,1.26099079267827,9.370686223730567,162.93779583635433,132.02196016024658,0.010364786334018342,0.0020844796860531264
1.622165506104957,276.8789955278101,138.17533859267422,1.571984968276568,925.9592213323606,925.5628883499512,273.74152065876785,925.5628883499512,1.5213001505580146,200.1150391482115,1.5211949233876334,273.74152065876785,114.86676222872555,253.28978402646032,114.86676222906287,1.4202285765349596,1.4195786147082976,253.28978402646032,224.22930802175156,262.2787480799541,1.4194376081313114,7.99260664783763,251.43301912903064,43.85360329362922,165.03582400155716,43.853603293862335,1.261267850592011,1.4195786147082976,165.03582400155716,220.0000761857421,278.4151933479891,1.261019255530372,9.40427179168557,163.19786181377748,153.35378664269484,0.010715034401690603,0.0019747107411598494,1.6221616098786589,276.87807947995265,138.16187093051948,1.5719821636255742,926.104439787045,925.6829908585337,273.7311675540752,925.8497490867337,1.5212886582208167,200.41839110145526,1.5211837991848816,273.66111262220784,114.92324896514654,253.33762754419755,114.90112899570583,1.4202286398051438,1.4195803256774133,253.28245120194052,224.27171591907756,262.49754240620496,1.419440000419419,7.995076611359375,251.4654229395486,43.405403874641564,164.83951986675171,43.40266680179468,1.2612463165106371,1.419579408825355,164.77743249743241,218.50138210185102,277.55169408587085,1.2609907532249405,9.370643047893514,162.9381226937033,132.0240680457256,0.010364799009163537,0.002084247148527161
1.622165506104956,276.8789955278166,138.17533859267206,1.5719849682765632,925.9592213323592,925.5628883499493,273.74152065877354,925.5628883499493,1.5213001505732304,200.11503914822688,1.5211949234028497,273.74152065877354,114.86873125948085,253.28887046586476,114.86873125981775,1.4202285767336917,1.419578615365636,253.28887046586476,224.23159686137984,262.28216297196104,1.4194376089546938,7.992607474826663,251.43205479519247,43.85449957086879,165.03593973203823,43.85449957110054,1.2612678129112422,1.419578615365636,165.03593973203823,220.0000756114038,278.41337888596604,1.2610192177793902,9.404234163695069,163.19803503589043,153.35196949801497,0.010714996138764853,0.0019746145938309007,1.622161610401057,276.8780112641959,138.16165433344145,1.5719821623087205,926.1041231282064,925.6826886283939,273.73106693157814,925.8493366511171,1.521288655829096,200.41750757945476,1.5211837982451557,273.66102296721476,114.92434079542129,253.3365869157025,114.90221965542148,1.420228615131896,1.4195803069573305,253.2814344429924,224.2732062603006,262.50001093039043,1.4194399815481682,7.995055210916969,251.4643427794622,43.40691940170521,164.83971714931064,43.4041761556202,1.2612462770071102,1.4195793899089078,164.77763734837598,218.50190240975712,277.54966336478265,1.260990713835555,9.370600100500042,162.93842792626953,132.02601847111953,0.010364800940615598,0.002084028377017437
1.6221655061049571,276.87899552781744,138.17533859267036,1.5719849682765625,925.9592213323588,925.5628883499494,273.7415206587746,925.5628883499492,1.5213001505884196,200.11503914822578,1.5211949234180397,273.7415206587746,114.87069507040846,253.28795933728222,114.87069507074422,1.4202285769320797,1.4195786160213963,253.28795933728222,224.23387963132535,262.285568781905,1.4194376097760535,7.992608299757675,251.43109302949745,43.8553832107621,165.0360494876437,43.855383210992485,1.2612677749640562,1.4195786160213963,165.0360494876437,220.0000750450705,278.41157523049696,1.261019179777877,9.404196284329648,163.19820200102225,153.35014620785012,0.010714957408040654,0.0019745187870760504,1.6221616109290125,276.8779410291825,138.16143847560258,1.5719821609696414,926.1038094461841,925.6823889029237,273.73096439412,925.8489342341795,1.5212886529889276,200.41662682018725,1.521183796909756,273.66093296404694,114.9254273582222,253.33555319681315,114.90330504766331,1.4202285905859027,1.419580288106338,253.28042564056,224.27468723251735,262.502456931545,1.4194399628058194,7.995033821562875,251.46327694566526,43.40838739492612,164.8398976552837,43.40563812993401,1.2612462368495516,1.4195793709400966,164.77782403519643,218.5023880304695,277.5476784675669,1.2609906739346188,9.37055703888478,162.93871128549222,132.02785897154834,0.01036478814475242,0.002083822826298075
1.622165506104957,276.87899552782244,138.1753385926682,1.5719849682765585,925.9592213323574,925.562888349948,273.7415206587788,925.562888349948,1.5213001506035593,200.11503914824104,1.5211949234331805,273.7415206587788,114.87265367416461,253.28705063467874,114.87265367450118,1.4202285771300942,1.4195786166755524,253.28705063467874,224.23615634635252,262.28896553199843,1.419437610595366,7.992609122630667,251.43013382557854,43.856254368012145,165.0361533311422,43.85625436824132,1.2612677367533311,1.4195786166755524,165.0361533311422,220.00007448652667,278.40978228532174,1.261019141528543,9.404158156230412,163.1983627743287,153.34831712292035,0.01071491816773985,0.00197442331002885,1.6221616115347721,276.877863682874,138.1612189215678,1.5719821597639145,926.1034965083659,925.6820908472333,273.7308566340409,925.8485268079024,1.5212886500989318,200.41574219309356,1.5211837953517895,273.6608366937339,114.92650484926257,253.33452199050768,114.90438253869442,1.420228565304661,1.4195802686793428,253.2794176756555,224.27616050876458,262.5048866035022,1.4194399435994234,7.9950121993542265,251.46221258663337,43.40980646532839,164.84005532996315,43.4070521074135,1.2612461955147356,1.419579351277464,164.77799003509898,218.50284887461493,277.54572733530995,1.2609906326908629,9.370513234827873,162.93897028576419,132.02961331457212,0.01036476895098728,0.0020836237859776174
1.6221655061049565,276.8789955278274,138.17533859266712,1.571984968276555,925.9592213323563,925.5628883499478,273.74152065878474,925.5628883499476,1.5213001506186612,200.11503914825659,1.5211949234482836,273.74152065878474,114.87460708338939,253.28614435219896,114.87460708372484,1.4202285773277472,1.4195786173281193,253.28614435219896,224.23842702113154,262.29235324433967,1.419437611412647,7.992609943454632,251.4291771772397,43.857113195500126,165.03625132619993,43.85711319572738,1.2612676982821338,1.4195786173281193,165.03625132619993,220.0000739355196,278.4079999550131,1.2610191030342826,9.404119782186694,163.19851742182857,153.34648257077316,0.01071487838052855,0.0019743281526808007,1.6221616121849909,276.8777856342154,138.16100306372894,1.571982158658202,926.1031839426497,925.6817902868733,273.7307493091802,925.848121886295,1.5212886473085911,200.4148636440124,1.5211837936454453,273.6607411197704,114.92757268326756,253.33348910914629,114.90545037269023,1.420228540136534,1.419580249121438,253.27841012951504,224.27762408139807,262.5072976939589,1.4194399244188078,7.994990388644272,251.46115412666185,43.41117939086384,164.84019673261568,43.4084200943572,1.2612461535258876,1.4195793315886496,164.7781368617605,218.50328494219337,277.5438003208806,1.2609905908076688,9.3704690309947,162.93920890405698,132.03129041302583,0.010364744083646293,0.002083430821558656
1.622165506104957,276.8789955278304,138.1753385926658,1.5719849682765525,925.9592213323556,925.5628883499467,273.7415206587866,925.5628883499464,1.5213001506337314,200.11503914826184,1.521194923463355,273.7415206587866,114.87655531069359,253.2852404839058,114.8765553110291,1.4202285775250327,1.4195786179790937,253.2852404839058,224.2406916703397,262.2957319410466,1.4194376122278947,7.992610762233786,251.42822307820614,43.85795984432709,165.0363435374279,43.857959844552795,1.2612676595536927,1.4195786179790937,165.0363435374279,220.00007339179996,278.40622814501364,1.2610190642981498,9.404081165142797,163.19866601046107,153.34464285753563,0.01071483801316085,0.0019742333058124506,1.6221616128741119,276.87770372263105,138.16077833501998,1.571982157452475,926.1028650511989,925.6814872218436,273.7306385025723,925.8477161297977,1.5212886441694577,200.41398398983807,1.521183791617616,273.6606429344964,114.92863232342432,253.33246439368256,114.90651001283788,1.4202285147138982,1.419580229301714,253.27740907421628,224.27907661198842,262.50968738753625,1.4194399049288275,7.9949684559628835,251.46010072302778,43.41250771483908,164.8403166915118,43.40974347974102,1.2612461104251855,1.4195793114285604,164.778264010622,218.50369127789148,277.5419046596272,1.2609905480932053,9.370423970498091,162.93942589756702,132.03289175238197,0.010364717405642944,0.00208324306616316
1.6221655061049571,276.87899552783347,138.17533859266467,1.57198496827655,925.9592213323548,925.5628883499451,273.74152065879207,925.5628883499451,1.5213001506487562,200.11503914827495,1.5211949234783806,273.74152065879207,114.87849836866678,253.28433902384478,114.87849836900153,1.4202285777219528,1.4195786186284813,253.28433902384478,224.24295030864104,262.2991016441637,1.4194376130411157,7.99261157896991,251.42727152218677,43.858794463809375,165.03643003019073,43.85879446403454,1.261267620571338,1.4195786186284813,165.03643003019073,220.00007285511884,278.40446676169256,1.2610190253232978,9.40404230817149,163.19880860784457,153.34279826953033,0.010714797036152704,0.0019741387609315993,1.6221616136132495,276.8776188260586,138.16054991011515,1.571982156341206,926.1025446713398,925.6811778951397,273.73052499761013,925.8473003546214,1.5212886409306692,200.4130982576512,1.5211837893919498,273.66054022295094,114.92968435500775,253.3314398876008,114.90756233704971,1.420228488994335,1.4195802092332614,253.27640969397342,224.28052211582397,262.51206384883295,1.4194398853872865,7.994946312603565,251.45905216505042,43.41379514118989,164.84041899084383,43.411026430492704,1.2612460664088387,1.4195792909935607,164.7783734999194,218.5040877029628,277.540037939767,1.260990504611416,9.370378396003424,162.93962151485496,132.03441733264057,0.010364688916991192,0.0020830593288498848
1.6221655061049567,276.8789955278405,138.17533859266308,1.571984968276545,925.9592213323533,925.5628883499448,273.74152065879673,925.5628883499448,1.5213001506637434,200.11503914829012,1.5211949234933688,273.74152065879673,114.88043626987113,253.28343996612276,114.88043627020494,1.4202285779185124,1.4195786192762903,253.28343996612276,224.24520295064985,262.30246237571566,1.419437613852319,7.992612393667885,251.42632250295435,43.85961720150448,165.03651087089779,43.85961720172871,1.2612675813386136,1.4195786192762903,165.03651087089779,220.00007232519027,278.40271571221683,1.2610189861130907,9.404003214510736,163.1989452826354,153.34094907475898,0.01071475542347105,0.0019740445102124997,1.6221616143801745,276.87752874965395,138.16032296368866,1.5719821552077118,926.1022250356849,925.6808719079954,273.7304078368133,925.8468912585645,1.5212886376918808,200.41221197291776,1.5211837869931761,273.6604371632307,114.93072907065526,253.33041873163089,114.90860822323798,1.4202284632182143,1.419580188758989,253.27541303569646,224.2819602582974,262.5144234178565,1.4194398655363805,7.994924102714374,251.45800971681413,43.41504521952141,164.84050564884765,43.412272187556056,1.2612460218692663,1.419579270322924,164.77846633877067,218.50445439615376,277.5382001613,1.2609904604262447,9.370332535954278,162.93979948433167,132.03587755210913,0.010364659100562426,0.002082880689861785
1.622165506104957,276.87899552784455,138.1753385926617,1.5719849682765419,925.9592213323529,925.5628883499448,273.74152065880025,925.5628883499448,1.5213001506787007,200.11503914829817,1.521194923508327,273.74152065880025,114.88236902684228,253.28254330485004,114.8823690271758,1.4202285781147177,1.4195786199225293,253.28254330485004,224.24744961095138,262.3058141576564,1.4194376146615149,7.99261320633271,251.42537601428165,43.86042820323903,165.03658612663168,43.860428203461225,1.261267541859129,1.4195786199225293,165.03658612663168,220.00007180179614,278.4009749047088,1.261018946670955,9.403963887520295,163.19907610410536,153.33909552428628,0.0107147131522648,0.0019739505464452995,1.6221616151915585,276.87744069250596,138.16009084258795,1.5719821542020134,926.1019001906013,925.680559241732,273.7302931132396,925.8464754833883,1.5212886342537824,200.41133231874343,1.5211837845696727,273.6603347998599,114.93176647036688,253.32940532279466,114.90964679349041,1.4202284375976268,1.419580168533445,253.27442286826124,224.28338635490556,262.51676440537955,1.419439845891718,7.994902070238176,251.45697653852983,43.41626011046286,164.84058272023097,43.413482911560266,1.261245977329694,1.419579249626105,164.77854858188348,218.50479631277778,277.53639132422614,1.260990416113186,9.370286561683342,162.93996403152943,132.0372545851176,0.010364626628516923,0.002082706607283331
1.622165506104957,276.87899552784825,138.1753385926604,1.571984968276539,925.9592213323517,925.5628883499435,273.7415206588047,925.5628883499434,1.5213001506936104,200.11503914831232,1.5211949235232378,273.7415206588047,114.88429665209557,253.2816490341163,114.8842966524312,1.4202285783105486,1.4195786205671816,253.2816490341163,224.24969030411864,262.30915701193015,1.4194376154686874,7.99261401696727,251.42443204992685,43.861227613132925,165.03665586547737,43.86122761335382,1.2612675021366733,1.4195786205671816,165.03665586547737,220.0000712847028,278.3992442481319,1.2610189070004938,9.403924330719903,163.19920114251175,153.33723785350344,0.010714670202599396,0.0019738568629851,1.6221616159807133,276.8773474555257,138.1598594607264,1.5719821530963007,926.101577206028,925.6802511673629,273.73017586539913,925.8460655524414,1.521288630915339,200.4104592951282,1.5211837818741436,273.6602291288292,114.93280006579181,253.32839568283427,114.91068097418133,1.4202284117790878,1.4195801480591725,253.27343793537577,224.2848084362253,262.519089626781,1.4194398261439336,7.9948797827308,251.45594883794442,43.41744259196608,164.84064314116816,43.41466184344913,1.2612459318090739,1.4195792287067397,164.77861568822703,218.50512336346162,277.5346066049799,1.2609903713525206,9.370240301857926,162.94011242228027,132.03855140261106,0.01036459343229304,0.0020825375124246728
1.622165506104956,276.8789955278537,138.17533859265853,1.5719849682765348,925.9592213323507,925.5628883499434,273.7415206588116,925.5628883499433,1.5213001507084805,200.11503914833094,1.521194923538109,273.7415206588116,114.88621915812027,253.28075714806215,114.88621915845448,1.4202285785060107,1.4195786212102557,253.28075714806215,224.25192504468077,262.31249096040835,1.4194376162738456,7.9926148255762275,251.4234906036939,43.86201557360465,165.0367201563271,43.8620155738244,1.2612674621751805,1.4195786212102557,165.0367201563271,220.00007077366462,278.39752365231357,1.261018867105454,9.403884547764417,163.19932046887303,153.33537628330524,0.010714626557222353,0.0019737634537078503,1.62216161678654,276.87725535986436,138.15962881810407,1.5719821521294968,926.1012557098627,925.679941840659,273.7300576600781,925.8456547866047,1.5212886274772406,200.40959124443228,1.5211837790549663,273.6601231096238,114.93382722319315,253.32739127742363,114.9117104726733,1.420228385960549,1.4195801274539905,253.2724580276581,224.28622315618287,262.52140105282604,1.4194398063961493,7.994857661548106,251.45492787914225,43.41859513332161,164.8406951107425,43.415811143851855,1.26124588641926,1.4195792076695557,164.7786737125091,218.5054330705486,277.53285082712694,1.2609903264000237,9.37019404203251,162.94024863355574,132.03976800458943,0.010364557459777745,0.002082374052697435
1.6221655061049565,276.87899552785734,138.17533859265774,1.5719849682765321,925.9592213323498,925.5628883499421,273.741520658815,925.5628883499418,1.5213001507233326,200.11503914833816,1.521194923552962,273.741520658815,114.88813655738477,253.2798676408904,114.88813655771726,1.4202285787011264,1.4195786218517772,253.2798676408904,224.25415384711584,262.3158160248894,1.419437617077017,7.992615632167133,251.42255166945344,43.86279222539466,165.03677906892557,43.8627922256141,1.2612674219787325,1.4195786218517772,165.03677906892557,220.000070268421,278.39581302796245,1.261018826989726,9.403844542448581,163.19943415501263,153.33351102117035,0.010714582201343255,0.0019736703129681994,1.6221616176368263,276.87716115715267,138.15939152232914,1.5719821511904744,926.1009278879628,925.6796249999461,273.7299380620582,925.8452381765385,1.5212886236405219,200.4087138004443,1.5211837759637632,273.66001604589417,114.93484852784577,253.32639294409077,114.91273324050431,1.4202283601985675,1.4195801070059,253.2714829357262,224.2876308493857,262.5236986835146,1.4194397867514865,7.994835540365411,251.45391576893064,43.4197186605134,164.84073598001942,43.4169312757604,1.2612458404408176,1.4195791867109175,164.7787201319347,218.5057254340387,277.5311239906671,1.26099028099992,9.37014761087441,162.94037142255223,132.04091181841525,0.010364518107437558,0.0020822143891481948
1.6221655061049565,276.8789955278619,138.17533859265643,1.5719849682765288,925.9592213323488,925.5628883499407,273.74152065881674,925.5628883499404,1.521300150738132,200.1150391483425,1.5211949235677626,273.74152065881674,114.89004886233296,253.27898050668625,114.89004886266524,1.420228578895867,1.4195786224917197,253.27898050668625,224.25637672593652,262.31913222720414,1.4194376178781765,7.992616436740985,251.42161524096497,43.86355770758691,165.03683267374444,43.86355770780428,1.261267381551511,1.4195786224917197,165.03683267374444,220.0000697687704,278.3941122866631,1.2610187866572975,9.403804318696142,163.19954227346682,153.33164226216303,0.010714537122429202,0.0019735774355608,1.6221616185093422,276.87706195019626,138.15915053035835,1.5719821501736633,926.100600810267,925.6793073243434,273.7298144600289,925.8448182269127,1.5212886196044932,200.40783856664268,1.5211837725758044,273.6599049781551,114.93586456502453,253.32539942654367,114.91375161877382,1.4202283343517497,1.41958008629599,253.27051370649008,224.28903051201166,262.52597773270276,1.419439767055263,7.994813496800902,251.45290976846007,43.42081440818671,164.84076297392454,43.41802439980397,1.2612457940699557,1.41957916549046,164.778753937386,218.506007886902,277.5294212720349,1.2609902354079852,9.37010089416183,162.94047979502687,132.04197541672602,0.010364473926767412,0.002082062303977301
1.622165506104957,276.87899552786433,138.1753385926553,1.5719849682765268,925.9592213323481,925.5628883499401,273.7415206588202,925.5628883499401,1.5213001507528978,200.11503914835174,1.5211949235825295,273.7415206588202,114.89195608537986,253.27809573961105,114.89195608571195,1.4202285790902578,1.4195786231301128,253.27809573961105,224.25859369558742,262.32243958910647,1.4194376186773539,7.992617239301225,251.42068131204962,43.86431215762208,165.03688104213379,43.86431215783823,1.2612673408978732,1.4195786231301128,165.03688104213379,220.00006927443798,278.3924213408558,1.2610187461123312,9.403763880570516,163.19964489757973,153.3297701898544,0.01071449131001855,0.0019734848166846493,1.6221616193818582,276.8769646747027,138.15891175610506,1.5719821492124157,926.1002729883671,925.6789925708553,273.7296930340916,925.8444057912961,1.5212886157179473,200.40697327867974,1.521183769163116,273.6597975662508,114.93687621264175,253.32441302798426,114.91476472956951,1.420228308759441,1.4195800657562627,253.26954929303972,224.2904228132755,262.52824214192077,1.4194397475395022,7.994791353441584,251.45191388066442,43.42188453697075,164.84078239944503,43.419092059289135,1.2612457477644974,1.4195791444794579,164.77877966989368,218.506260607885,277.5277378476648,1.260990189560275,9.370054063227458,162.9405789707548,132.04297365424674,0.010364426607788595,0.0020819143369573893
1.622165506104957,276.8789955278679,138.1753385926545,1.571984968276524,925.9592213323473,925.5628883499388,273.7415206588238,925.5628883499387,1.5213001507676258,200.11503914836067,1.5211949235972586,273.7415206588238,114.89385823891976,253.27721333388916,114.89385823925139,1.420228579284267,1.4195786237669268,253.27721333388916,224.26080477047122,262.3257381322745,1.4194376194745209,7.992618039855293,251.41974987660387,43.865055711325816,165.03692424607237,43.86505571154052,1.2612673000222263,1.4195786237669268,165.03692424607237,220.0000687852767,278.3907401038708,1.261018705359035,9.40372323225458,163.19974210133395,153.32789497717536,0.010714444755548254,0.0019733924519110993,1.6221616202599316,276.87686441422113,138.15867076413426,1.5719821482733933,926.0999440501611,925.6786744778075,273.72956864866916,925.8439866765602,1.521288611532436,200.40610522798383,1.5211837655525908,273.6596863244244,114.93788464124717,253.3234299795367,114.9157760845406,1.4202282829974595,1.419580045020171,253.26859032352112,224.2918114338583,262.530498668078,1.4194397278690591,7.994769420760195,251.45091988899532,43.42292966418817,164.84079349974246,43.42013456287721,1.2612457010666198,1.4195791231149997,164.77879632033984,218.50650341824115,277.5260809529052,1.2609901434567896,9.370007403625776,162.94066621556811,132.0439050455049,0.010364376150544075,0.0020817716760121556
1.622165506104956,276.8789955278744,138.1753385926535,1.5719849682765192,925.9592213323459,925.5628883499378,273.74152065883,925.5628883499371,1.521300150782329,200.1150391483793,1.5211949236119628,273.74152065883,114.89575533531635,253.27633328366886,114.8957553356468,1.4202285794779304,1.4195786244022006,253.27633328366886,224.26300996498972,262.32902787839464,1.4194376202697176,7.9926188384052965,251.41882092844537,43.86578850291941,165.03696235837361,43.865788503133174,1.2612672589291978,1.4195786244022006,165.03696235837361,220.00006830100173,278.3890684898674,1.2610186644018353,9.403682378063106,163.19983395946176,153.32601678720374,0.010714397452197804,0.00197330033715445,1.6221616211435623,276.8767616077203,138.15842681520678,1.571982147362153,926.0996139956488,925.6783555498699,273.72944321872245,925.8435717362739,1.52128860744658,200.4052382823811,1.5211837617936876,273.65957368989905,114.93888868029104,253.32245028120104,114.91678246467531,1.4202282572071994,1.419580024375716,253.26763554164236,224.2931933622937,262.5327391465757,1.4194397083532984,7.994747377195686,251.44993474591672,43.42395133314553,164.84079375202197,43.421154534189355,1.2612456542379358,1.4195791018159962,164.7788028796065,218.50674375094064,277.52445058775595,1.2609900973533041,9.3699606298023,162.9407427722704,132.04478295975304,0.010364320985847308,0.0020816337797241033
1.6221655061049567,276.87899552787724,138.1753385926528,1.5719849682765168,925.9592213323452,925.562888349938,273.74152065883374,925.562888349938,1.5213001507969788,200.11503914839,1.5211949236266133,273.74152065883374,114.89764738692492,253.2754555831504,114.89764738725603,1.4202285796712286,1.419578625035918,253.2754555831504,224.26520929352037,262.332308849078,1.419437621062929,7.992619634955123,251.41789446144924,43.866510665041005,165.03699545250615,43.86651066525455,1.2612672176234867,1.419578625035918,165.03699545250615,220.00006782140775,278.38740641386767,1.2610186232452296,9.4036413224321,163.19992054734905,153.32413577389033,0.01071434939473735,0.0019732084686433504,1.6221616220883248,276.8766602937135,138.1581791700834,1.571982146512032,926.0992787317081,925.678030777703,273.72931909443105,925.8431509517582,1.5212886031614137,200.40437188932498,1.521183757886407,273.6594622739853,114.93988628131132,253.32147895814498,114.91778357733622,1.4202282318976787,1.419580003744352,253.2666880881333,224.2945672601522,262.5349669558685,1.4194396889406593,7.9947255553974195,251.44895550189847,43.42494938951219,164.84078794959376,43.4221501212577,1.2612456074092517,1.4195790806348116,164.77880388872444,218.50696178472987,277.5228419286516,1.2609900511219312,9.369913970200615,162.94081112646887,132.04562076624364,0.01036426280370628,0.0020814992423850444
1.6221655061049578,276.87899552787894,138.1753385926517,1.5719849682765155,925.9592213323444,925.5628883499356,273.74152065883277,925.5628883499357,1.521300150811599,200.1150391483842,1.5211949236412345,273.74152065883277,114.89953440605848,253.27458022656973,114.89953440638985,1.420228579864149,1.4195786256680694,253.27458022656973,224.26740277037857,262.33558106589965,1.4194376218541456,7.992620429510877,251.41697046951674,43.86722232875886,165.03702360244517,43.867222328970605,1.2612671761098617,1.4195786256680694,165.03702360244517,220.00006734634587,278.3857537917711,1.2610185818937807,9.403600069897156,163.20000194086083,153.32225208273258,0.010714300579395803,0.0019731168428957497,1.622161623055317,276.8765561703062,138.15793078572088,1.5719821456785803,926.0989505377062,925.6777089276509,273.72919288109125,925.8427301672425,1.5212885986271099,200.4035071539086,1.5211837538802075,273.65934876902315,114.94087949277005,253.32050951952684,114.91878030043561,1.4202282061639762,1.4195799830082603,253.26574105338818,224.2959374773297,262.53718153288077,1.4194396694248985,7.994703700334216,251.44798363170568,43.42592491360275,164.84077369580274,43.42312379337275,1.261245560318955,1.4195790592965354,164.77879480666292,218.5071822961758,277.5212477402439,1.2609900048266143,9.369867139266246,162.94086829543485,132.04642292139422,0.010364202328424551,0.0020813674150340668
1.6221655061049574,276.8789955278836,138.17533859265046,1.571984968276512,925.9592213323436,925.5628883499376,273.741520658838,925.5628883499371,1.521300150826177,200.11503914840256,1.5211949236558135,273.741520658838,114.90141640501503,253.27370720810308,114.9014164053448,1.4202285800567156,1.4195786262986818,253.27370720810308,224.26959040989124,262.33884455040845,1.419437622643397,7.992621222074225,251.41604894650231,43.86792362360385,165.0370468830181,43.867923623814455,1.2612671343933166,1.4195786262986818,165.0370468830181,220.00006687553358,278.38411054027324,1.2610185403522758,9.403558625129204,163.20007821664905,153.32036585139122,0.010714251003735253,0.00197302545669595,1.6221616239834074,276.87644906191076,138.15767574820575,1.5719821448006779,926.098611552745,925.6773816508144,273.72906466574676,925.8423052082771,1.521288594391771,200.4026379981195,1.5211837497256304,273.6592342195368,114.9418671441175,253.31954322163858,114.91977117078635,1.4202281805292492,1.4195799621936227,253.26479967195684,224.29729799089344,262.5393834406881,1.41943965003804,7.994681712211267,251.4470134469587,43.42687991171577,164.84074771101555,43.424076785179764,1.261245512836239,1.4195790378797133,164.77877563342187,218.50738546402485,277.5196776696638,1.2609899581476347,9.369820079888292,162.9409150248505,132.04718793973228,0.010364138473669756,0.002081239377608455
1.6221655061049567,276.87899552788963,138.17533859264967,1.5719849682765075,925.9592213323427,925.562888349936,273.74152065884533,925.5628883499357,1.5213001508407205,200.11503914842223,1.521194923670358,273.74152065884533,114.90329339606562,253.27283652201072,114.90329339639567,1.4202285802489116,1.4195786269277415,253.27283652201072,224.27177222632992,262.34209932409203,1.4194376234306694,7.992622012650941,251.4151298863351,43.868614677564054,165.03706536926234,43.86861467777416,1.261267092478799,1.4195786269277415,165.03706536926234,220.00006640884897,278.38247657700947,1.2610184986254536,9.403516992867678,163.20014945156242,153.31847721026332,0.010714200666538104,0.0019729343070743,1.6221616249893016,276.87634239248416,138.15742366764735,1.5719821439672261,926.0982785214164,925.6770593833172,273.72893688562067,925.8418869284312,1.5212885901066049,200.40177326270316,1.5211837457441608,273.659118973701,114.94285040590339,253.31858299582805,114.920757944213,1.4202281550359164,1.4195799414837127,253.26386310631128,224.29865348534665,262.54157324236627,1.4194396306254007,7.994659868236376,251.44604895059132,43.42781330353664,164.84071529310145,43.42500925100939,1.2612454653535232,1.4195790164498001,164.7787514145911,218.50757376593373,277.51811724621473,1.260989911468655,9.36977313473213,162.94095429744453,132.04792473409282,0.01036407280869896,0.002081113724907343
1.6221655061049565,276.8789955278938,138.17533859264833,1.571984968276504,925.9592213323416,925.5628883499344,273.741520658851,925.5628883499348,1.5213001508552275,200.1150391484381,1.5211949236848659,273.741520658851,114.90516539146287,253.27196816257396,114.90516539179143,1.4202285804407406,1.4195786275552544,253.27196816257396,224.27394823393234,262.3453454083717,1.4194376242159703,7.992622801246574,251.41421328296613,43.86929561711377,165.03707913700435,43.86929561732171,1.2612670503714662,1.4195786275552544,165.03707913700435,220.00006594607444,278.38085182032756,1.2610184567182618,9.40347517798168,163.2002157232156,153.3165862830087,0.01071414956769105,0.0019728433912832,1.6221616260285403,276.8762347573262,138.15716715165388,1.571982143156,926.0979413969654,925.6767333588156,273.7288087573198,925.8414653090256,1.5212885854726461,200.40090963237998,1.5211837413175577,273.65900320560314,114.94382869285286,253.3176233981635,114.9217400354407,1.4202281293022139,1.4195799206167112,253.26292486560982,224.30000462990407,262.54375375329425,1.4194396110838596,7.994637758141994,251.44508824647704,43.42872755835589,164.8406760636412,43.42592211684558,1.261245417412985,1.4195789948758866,164.77871912281677,218.50775215721583,277.5165712934623,1.2609898643420687,9.369725846910596,162.9409848704133,132.04863627542082,0.010364005212840057,0.0020809907805964148
1.622165506104957,276.8789955278968,138.17533859264765,1.571984968276502,925.9592213323408,925.5628883499354,273.7415206588521,925.5628883499352,1.5213001508697024,200.11503914844104,1.5211949236993418,273.7415206588521,114.90703240342566,253.27110212398253,114.90703240375424,1.4202285806322137,1.4195786281812355,253.27110212398253,224.2761184469473,262.3485828246976,1.4194376249993157,7.992623587862568,251.41329913026453,43.86996656722882,165.037088262334,43.869966567436855,1.2612670080765274,1.4195786281812355,165.037088262334,220.00006548701077,278.379236189508,1.2610184146356977,9.403433185409373,163.20027710942435,153.31469318704603,0.010714097708101297,0.0019727527067835995,1.6221616270622217,276.8761262442305,138.15691063566044,1.571982142433675,926.097600923596,925.6764010726397,273.72868045493163,925.8410378453906,1.5212885811376524,200.40004379187044,1.5211837371877104,273.65888848202945,114.94480259024081,253.31667217577856,114.92271773710691,1.4202281040775295,1.4195798999329834,253.26199709400788,224.301348078492,262.5459207504037,1.4194395919290244,7.994616102668409,251.44413744435693,43.429621750189575,164.84063014877455,43.426815382688325,1.2612453696686563,1.4195789735507012,164.77868077633474,218.50793054849794,277.5150470467547,1.2609898175352015,9.369678730421747,162.94100699231754,132.04932256371632,0.010363937858833452,0.0020808696799888204
1.622165506104957,276.8789955278999,138.17533859264682,1.5719849682764995,925.95922133234,925.5628883499342,273.7415206588559,925.5628883499342,1.521300150884136,200.11503914845377,1.5211949237137765,273.7415206588559,114.90889444415782,253.27023840055608,114.90889444448584,1.4202285808233177,1.4195786288056742,253.27023840055608,224.27828287955003,262.3518115943836,1.4194376257806955,7.992624372505364,251.4123874222301,43.8706276514161,165.03709282182302,43.87062765162294,1.2612669655992623,1.4195786288056742,165.03709282182302,220.00006503150672,278.3776296046209,1.2610183723828272,9.403391020186724,163.2003336884884,153.3127980339923,0.010714045089596152,0.001972662251225751,1.6221616281236901,276.8760174677535,138.1566533804278,1.5719821416891249,926.097263799145,925.6760721260234,273.7285509339319,925.8406145562051,1.5212885765535211,200.39918016154726,1.521183732637459,273.6587735843684,114.9457720980672,253.31572618794343,114.92369134184905,1.4202280787962875,1.4195798793408922,253.2610749757197,224.30268450032514,262.5480745152325,1.4194395728515306,7.994594391753263,251.44319338402005,43.43049927431217,164.84057805306045,43.42769198082012,1.2612453214011021,1.41957895227788,164.7786338523501,218.50808168555636,277.51353727074377,1.2609897701528399,9.369631385489315,162.9410214088394,132.0499880553968,0.01036386797046139,0.002080750746822805
1.622165506104956,276.8789955279072,138.1753385926457,1.571984968276494,925.9592213323388,925.5628883499342,273.74152065886324,925.5628883499344,1.5213001508985329,200.11503914847253,1.5211949237281746,273.74152065886324,114.91075152583372,253.26937698652875,114.91075152616034,1.4202285810140496,1.4195786294285702,253.26937698652875,224.2804415459286,262.35503173879727,1.4194376265601112,7.992625155176625,251.41147815275437,43.871278991714775,165.0370928922863,43.87127899192029,1.261266922945012,1.4195786294285702,165.0370928922863,220.00006457941083,278.3760319866009,1.2610183299647773,9.40334868741588,163.20038553889628,153.310900930088,0.010713991714845645,0.0019725720224352504,1.6221616291851586,276.87590623305107,138.15638873280344,1.5719821409279056,926.0969210931635,925.6757385875128,273.72841975910217,925.8401862576802,1.52128857177008,200.39831211085135,1.5211837280130192,273.65865572722214,114.9467360457823,253.31478103763624,114.92465938647995,1.4202280532888154,1.4195798585000727,253.26015243866755,224.3040169068699,262.5502223677657,1.419439553542013,7.994572636484869,251.44224953436392,43.43135827875578,164.84051548774767,43.428549904942415,1.2612452730681447,1.419578930730148,164.77857885542193,218.50824521089828,277.51204437721213,1.260989722514703,9.369583869224199,162.9410258829324,132.05062235215476,0.010363797720448353,0.0020806340887412366
1.6221655061049554,276.87899552791197,138.1753385926446,1.5719849682764906,925.9592213323381,925.5628883499339,273.741520658872,925.5628883499339,1.5213001509128914,200.11503914849686,1.521194923742534,273.741520658872,114.91260366060726,253.2685178762489,114.91260366093401,1.420228581204418,1.4195786300499347,253.2685178762489,224.2825944601995,262.35824327916714,1.419437627337575,7.992625935883901,251.4105713158801,43.87192070869936,165.03708855087297,43.87192070890359,1.2612668801192344,1.4195786300499347,165.03708855087297,220.00006413054274,278.3744432571025,1.2610182873867917,9.403306192277139,163.20043273946993,153.3090019765767,0.01071393758727925,0.00197248201839705,1.6221616302688566,276.8757951739362,138.15612630289658,1.5719821402778134,926.0965783871818,925.6754025443324,273.728289541753,925.8397587940452,1.5212885670862935,200.39744295506225,1.5211837235122274,273.6585380441632,114.94769443338612,253.31384091249686,114.92562245627445,1.4202280280075734,1.4195798378294358,253.25923722998508,224.305340613623,262.5523572695561,1.4194395345418602,7.994550981011284,251.4413136905754,43.43219938084304,164.84044636316818,43.429389926708495,1.2612452242119618,1.419578909352599,164.7785167946681,218.5084037809268,277.51056113081154,1.2609896744929034,9.369536010293707,162.9410224030823,132.05121951210018,0.010363726505285454,0.002080517437200148
1.6221655061049571,276.8789955279112,138.17533859264444,1.5719849682764908,925.9592213323378,925.5628883499326,273.7415206588673,925.5628883499323,1.5213001509272224,200.11503914848367,1.521194923756866,273.7415206588673,114.91445086060637,253.26766106399123,114.91445086093192,1.4202285813944373,1.4195786306697864,253.26766106399123,224.28474163648468,262.36144623675034,1.419437628113106,7.992626714629303,251.4096669055468,43.87255292154717,165.03707987502804,43.8725529217511,1.261266837127435,1.4195786306697864,165.03707987502804,220.00006368472177,278.37286333871805,1.2610182446541587,9.403263540021968,163.20047536924977,153.3071012700628,0.010713882711022605,0.001972392237244,1.6221616313914569,276.8756818321833,138.1558623945114,1.5719821395721574,926.0962345648941,925.6750677534869,273.7281556685691,925.8393254861808,1.5212885622530246,200.39657214163338,1.5211837188383281,273.65841722753174,114.94864813879094,253.31290371870531,114.92658172178234,1.4202280026273557,1.4195798169493434,253.2583224400666,224.30666030508772,262.55448203598263,1.419439515180782,7.9945293366260115,251.4403795322327,43.43302520419513,164.84037067932204,43.43021482407019,1.2612451750941662,1.419578887791776,164.7784476700886,218.50855244032857,277.5090995904559,1.2609896262792724,9.369488208474111,162.94101146641052,132.0518003318481,0.010363653359373332,0.0020804033842392543
1.6221655061049565,276.87899552791714,138.1753385926432,1.5719849682764866,925.9592213323365,925.5628883499317,273.7415206588722,925.5628883499317,1.5213001509415116,200.11503914849823,1.5211949237711564,273.7415206588722,114.91629313793815,253.26680654410688,114.9162931382634,1.4202285815840678,1.4195786312880874,253.26680654410688,224.28688308885694,262.3646406327132,1.4194376288866681,7.99262749141938,251.4087649157909,43.87317574798237,165.03706694204976,43.873175748184345,1.2612667939750983,1.4195786312880874,165.03706694204976,220.0000632418894,278.371292154769,1.2610182017721472,9.403220735929139,163.20051350717722,153.30519890284432,0.010713827090827403,0.0019723026772443504,1.622161632514057,276.8755682270492,138.15559626840866,1.5719821388998398,926.0958899984022,925.6747325451965,273.72802336217154,925.8388980225458,1.5212885576688933,200.39570630112382,1.5211837141891584,273.65829728133707,114.94959833254654,253.3119711313176,114.9275365977287,1.42022797743095,1.4195797962525245,253.25741476913578,224.30797363901237,262.55659610396947,1.4194394961806291,7.994507758770611,251.43945064090818,43.433837292118646,164.84029058058488,43.43102614033407,1.2612451259763706,1.4195788662833173,164.77837501359633,218.50868871144684,277.50764287366576,1.260989578193529,9.369440292432726,162.94099456428145,132.052354413091,0.010363578403454423,0.0020802917134400143
1.622165506104957,276.87899552792044,138.1753385926425,1.571984968276484,925.9592213323357,925.5628883499328,273.7415206588773,925.5628883499327,1.5213001509557607,200.11503914851278,1.521194923785406,273.7415206588773,114.9181305046711,253.2659543108295,114.91813050499755,1.4202285817733293,1.4195786319048609,253.2659543108295,224.28901883140193,262.3678264882567,1.419437629658285,7.992628266253798,251.4078653405201,43.873789304366575,165.03704982961344,43.87378930456845,1.2612667506678406,1.4195786319048609,165.03704982961344,220.00006280187,278.3697296294132,1.2610181587461557,9.403177785353822,163.20054723247554,153.30329496320093,0.010713770732014096,0.0019722133367908994,1.6221616336144276,276.87545514867764,138.15533088154513,1.5719821382330783,926.0955454319103,925.6743948322364,273.7278927966476,925.8384663844612,1.5212885527857969,200.39484101316089,1.5211837094163407,273.65817977236554,114.95054325882829,253.3110402189858,114.92848679147613,1.420227952135569,1.419579775398614,253.25650751696895,224.30928161921915,262.55869919197875,1.4194394769742331,7.994486136561963,251.43852575251745,43.434635027290945,164.84020467941951,43.43182341250816,1.2612450771201877,1.4195788447879494,164.77829781607326,218.5088274602218,277.5062006275722,1.2609895300438416,9.369392547724026,162.94097244237722,132.0528980960264,0.010363502361771804,0.002080181992458465
1.622165506104957,276.8789955279248,138.17533859264148,1.5719849682764806,925.9592213323349,925.5628883499309,273.7415206588813,925.562888349931,1.5213001509699773,200.11503914852355,1.5211949237996238,273.7415206588813,114.91996297286553,253.26510435853817,114.91996297319122,1.4202285819622475,1.4195786325201352,253.26510435853817,224.29114887813108,262.37100382445266,1.4194376304279865,7.992629039138444,251.40696817380257,43.874393705649766,165.0370286154372,43.874393705850196,1.2612667072113388,1.4195786325201352,165.0370286154372,220.00006236445773,278.3681756875621,1.2610181155816442,9.40313469369336,163.2005766243924,153.30138953568945,0.01071371364041175,0.00197212421438995,1.6221616347425851,276.87534066560585,138.15506105924652,1.5719821375940988,926.0951986328063,925.6740583716112,273.72775935868214,925.8380347463766,1.5212885480521832,200.3939773828377,1.521183704643523,273.6580593039088,114.95148555137311,253.3101118192379,114.9294337662118,1.4202279270239997,1.4195797545839763,253.2556017304761,224.3105855841375,262.5607955230788,1.4194394579998608,7.994464458911754,251.43760360297617,43.435420879002564,164.84011448950287,43.432608646891005,1.2612450278061824,1.4195788232663997,164.7782145638425,218.5089538207133,277.50477044039246,1.2609894818941543,9.369344688793534,162.9409448521371,132.0534180114018,0.010363422941054553,0.0020800744369560272
1.622165506104957,276.87899552792805,138.17533859264108,1.5719849682764782,925.9592213323342,925.562888349932,273.7415206588872,925.5628883499326,1.5213001509841608,200.11503914853833,1.5211949238138085,273.7415206588872,114.92179055455962,253.26425668164234,114.92179055488442,1.420228582150786,1.4195786331338769,253.26425668164234,224.29327324302335,262.37417266236093,1.4194376311957397,7.9926298100805315,251.40607340970303,43.87498906542855,165.0370033768973,43.87498906562823,1.26126666361117,1.4195786331338769,165.0370033768973,220.0000619296495,278.36663025496193,1.261018072283973,9.40309146635154,163.20060176186334,153.299482701395,0.010713655822313697,0.0019720353086528993,1.6221616359096447,276.87522653370905,138.15479345466545,1.5719821369384501,926.0948551826204,925.6737198237612,273.7276256595856,925.837603943182,1.5212885431192593,200.39311264742133,1.521183699821246,273.65793918362675,114.95242316171895,253.3091857226919,114.93037781457312,1.420227901601364,1.4195797337693388,253.2546986659491,224.31188586837476,262.56288481573165,1.419439438819245,7.994442847791417,251.43668292819999,43.436193612608236,164.8400210199529,43.43338138049063,1.2612449785575803,1.4195788016139401,164.7781287888169,218.50907770354806,277.50335472390935,1.2609894335526357,9.369296829863043,162.94091179356113,132.05392158657963,0.010363342796753218,0.002079968506701518
1.6221655061049574,276.87899552793147,138.17533859264,1.5719849682764755,925.9592213323338,925.5628883499304,273.74152065888796,925.56288834993,1.5213001509983033,200.11503914854103,1.5211949238279519,273.74152065888796,114.92361326175282,253.26341127441242,114.92361326207697,1.4202285823389518,1.4195786337460965,253.26341127441242,224.2953919400833,262.3773330230247,1.4194376319615567,7.99263057907984,251.40518104219228,43.875575495952276,165.0369741915218,43.87557549615112,1.2612666198730507,1.4195786337460965,165.0369741915218,220.00006149728387,278.3650932581239,1.2610180288586403,9.403048108780787,163.20062272390518,153.29757453817237,0.010713597284428904,0.0019719466182881997,1.6221616370378023,276.8751098557931,138.15452437160604,1.5719821362994704,926.0945065230062,925.6733796061314,273.72749239570754,925.8371739748773,1.5212885382859904,200.392247912005,1.5211836949000506,273.65781923743214,114.95335667514068,253.3082646513137,114.9313163028232,1.420227876461516,1.4195797129677923,253.25380188288182,224.31317845664253,262.5649620022554,1.4194394198190923,7.994421325377578,251.43576983792997,43.43695461708388,164.8399228832324,43.4341417676377,1.2612449293089785,1.4195787801185724,164.77803695908358,218.50919663106947,277.501941419209,1.2609893849553417,9.369248913821657,162.94087500657432,132.05441476344998,0.010363261204697579,0.0020798640934734528
1.6221655061049574,276.8789955279346,138.17533859263972,1.571984968276473,925.9592213323331,925.5628883499302,273.74152065889194,925.5628883499302,1.5213001510124131,200.11503914855388,1.5211949238420626,273.74152065889194,114.92543110643543,253.26256813130453,114.92543110675884,1.420228582526748,1.419578634356799,253.26256813130453,224.29750498322483,262.38048492737363,1.4194376327254432,7.992631346144807,251.40429106540492,43.87615310812169,165.03694113651312,43.87615310831878,1.2612665760026311,1.419578634356799,165.03694113651312,220.00006106728725,278.3635646243597,1.2610179853110806,9.40300462643573,163.20063958919238,153.2956651208637,0.010713538033835648,0.001971858142092651,1.6221616382159765,276.8749942314023,138.15425233158993,1.5719821356827162,926.0941597239021,925.6730389710567,273.72735939296047,925.8367406670128,1.5212885334527215,200.39138151894886,1.5211836900777735,273.6576984208006,114.95428726218805,253.30734630190133,114.93225244997382,1.4202278514347833,1.4195796922186095,253.25290740301645,224.31446870265873,262.5670329949457,1.419439400973622,7.994399858405299,251.4348594865094,43.43770420109082,164.83982033162087,43.43489166030009,1.261244879864167,1.4195787587148412,164.77794210199642,218.50931060327747,277.5005498205535,1.2609893368056546,9.369201112002061,162.9408320055695,132.05489308559532,0.010363178406315584,0.002079761412980718
1.6221655061049565,276.8789955279417,138.17533859263864,1.571984968276468,925.9592213323313,925.5628883499285,273.74152065889785,925.5628883499285,1.5213001510264874,200.1150391485686,1.5211949238561377,273.74152065889785,114.92724410056437,253.26172724664917,114.927244100888,1.4202285827141843,1.4195786349659978,253.26172724664917,224.29961238638379,262.38362839638233,1.4194376334874135,7.992632111276432,251.40340347334717,43.87672201151703,165.03690428899463,43.876722011713845,1.2612665320056542,1.4195786349659978,165.03690428899463,220.00006063951233,278.3620442816815,1.26101794164682,9.402961024798095,163.2006524363042,153.293754521504,0.010713478077940796,0.0019717698789428494,1.6221616393219045,276.8748788703928,138.153981030813,1.5719821350270675,926.0938129247979,925.6726995883168,273.72722630316974,925.8363098638182,1.5212885285696252,200.39052562427796,1.5211836851318485,273.6575798673049,114.95521433758618,253.30643193074684,114.93318450020035,1.420227826492887,1.4195796716134272,253.252014807589,224.3157529257423,262.5690938522721,1.4194393820765907,7.994378424697957,251.43395419142627,43.43844267329036,164.83971538335425,43.43562982383255,1.2612448308117743,1.4195787372718371,164.77784320843747,218.50942457548547,277.49916304546355,1.2609892885280796,9.369153367293361,162.94078676751815,132.05535952396068,0.010363093073981458,0.0020796608968199214
1.6221655061049565,276.8789955279466,138.17533859263773,1.5719849682764642,925.9592213323311,925.562888349928,273.7415206589043,925.562888349928,1.5213001510405189,200.11503914858713,1.52119492387017,273.7415206589043,114.92905225607795,253.26088861486608,114.92905225640169,1.4202285829012415,1.4195786355736766,253.26088861486608,224.30171416343728,262.3867634509103,1.419437634247453,7.992632874480821,251.40251826013036,43.877282314424676,165.0368637256064,43.87728231462043,1.2612664878877675,1.4195786355736766,165.0368637256064,220.00006021392832,278.3605321589595,1.2610178978712923,9.402917309334068,163.20066134332185,153.2918428095138,0.010713417424451597,0.0019716818277913497,1.6221616405334234,276.8747639483522,138.15371120851438,1.5719821344825455,926.0934657535918,925.6723602055769,273.727093213379,925.8358807304033,1.5212885237363563,200.38967138724684,1.5211836801859235,273.65746026928497,114.9561364381479,253.30552007217622,114.93411303877768,1.420227801494433,1.4195796509689724,253.25112639980136,224.31703112589318,262.57114598192396,1.4194393632311204,7.99435702425555,251.4330518458733,43.43917049667449,164.83960652475554,43.43635780154164,1.2612447814977692,1.4195787158419242,164.77774280120158,218.50951872643992,277.49778591750464,1.2609892401226173,9.369105622584662,162.94073730393453,132.0558215059085,0.010363007621655092,0.0020795610332650753
1.622165506104957,276.8789955279478,138.17533859263693,1.571984968276463,925.9592213323305,925.5628883499281,273.7415206589019,925.562888349928,1.5213001510545223,200.11503914857946,1.5211949238841747,273.7415206589019,114.93085558488309,253.26005223032837,114.93085558520538,1.4202285830879346,1.4195786361798524,253.26005223032837,224.30381032825625,262.3898901118665,1.419437635005579,7.992633635759749,251.40163541979223,43.87783412383334,165.03681952277267,43.877834124027444,1.261266443654687,1.4195786361798524,165.03681952277267,220.00005979041222,278.3590281857477,1.261017853989997,9.402873485517826,163.20066638807856,153.2899300518621,0.010713356081333503,0.0019715939876589496,1.6221616417115978,276.87464481221076,138.15343769001993,1.5719821339213549,926.0931196986918,925.6720204053921,273.72695672888466,925.8354490923188,1.5212885189030874,200.3888072043771,1.5211836752894576,273.6573363190809,114.95705649024757,253.30460905113355,114.93503923625555,1.4202277762980273,1.4195796302459716,253.25023945768766,224.31830765300722,262.5731930438939,1.4194393443598696,7.994335512930023,251.4321490789589,43.43988875155781,164.83949299898632,43.43707590208869,1.2612447317913449,1.4195786942941924,164.777636339258,218.50961535505104,277.4964136131113,1.2609891915253233,9.369057706543275,162.9406821234543,132.05627011860383,0.010362919635462105,0.0020794632256102554
1.6221655061049574,276.87899552795176,138.1753385926363,1.5719849682764602,925.9592213323298,925.562888349928,273.74152065890803,925.5628883499281,1.5213001510684887,200.11503914859895,1.5211949238981424,273.74152065890803,114.93265409887417,253.25921808750894,114.93265409919613,1.4202285832742576,1.4195786367845233,253.25921808750894,224.30590089465696,262.3930083999766,1.4194376357617906,7.992634395120546,251.40075494651046,43.87837754544802,165.03677175631546,43.878377545641314,1.2612663993120385,1.4195786367845233,165.03677175631546,220.00005936893004,278.3575322924039,1.2610178100083482,9.40282955879379,163.20066758324862,153.28801631323887,0.010713294056782452,0.00197150635762895,1.622161642923117,276.87452655400693,138.15316786772132,1.5719821332712625,926.0927725274856,925.6716781005376,273.72681937395345,925.8350149495644,1.521288513820681,200.38794136386753,1.5211836701456956,273.6572127170516,114.95797156751081,253.3037024271127,114.93596045889704,1.4202277512712946,1.4195796093004243,253.24935565630383,224.319578491796,262.5752308151136,1.4194393252565953,7.994314123575929,251.43125326450848,43.440595894633745,164.8393754367453,43.43778335382041,1.261244681954114,1.419578672641733,164.77752634540164,218.5097070283488,277.4950533676318,1.2609891426083104,9.369009676280097,162.9406212260775,132.05671873129916,0.010362832132787492,0.002079366070242825
1.6221655061049567,276.8789955279567,138.17533859263534,1.5719849682764564,925.9592213323288,925.562888349927,273.7415206589134,925.562888349927,1.5213001510824178,200.1150391486131,1.5211949239120721,273.7415206589134,114.93444780991328,253.25838618081247,114.93444781023405,1.4202285834602015,1.419578637387682,253.25838618081247,224.3079858764491,262.39611833605215,1.4194376365160823,7.9926351525658745,251.39987683436107,43.87891268372029,165.0367205016646,43.87891268391203,1.2612663548654637,1.419578637387682,165.0367205016646,220.0000589494167,278.35604440999305,1.2610177659317747,9.402785534597502,163.20066519928645,153.2861016561945,0.010713231359196596,0.001971418936842451,1.622161644073504,276.87439539011945,138.15291430868456,1.5719821322433387,926.0924398682591,925.671359590045,273.7266727053483,925.8346091930672,1.5212885098843074,200.38708602174324,1.521183666337333,273.6570802365666,114.95888723004893,253.3027972687658,114.93688285208826,1.420227726145586,1.4195795880537847,253.24847311121195,224.32085033440688,262.57726464480294,1.4194393058955168,7.994292645515339,251.43035197235915,43.44129717314466,164.8392476571851,43.43848416933387,1.26124463061261,1.4195786506750903,164.77740777404267,218.50973180491576,277.49364971006247,1.2609890920927023,9.36895981846826,162.94055063483256,132.05715991663197,0.010362738716954454,0.0020792703226720577
1.6221655061049565,276.87899552796006,138.1753385926343,1.5719849682764537,925.959221332328,925.5628883499252,273.74152065891684,925.5628883499246,1.5213001510963187,200.1150391486201,1.5211949239259743,273.74152065891684,114.93623672984063,253.25755650467244,114.93623673016225,1.4202285836457913,1.4195786379893571,253.25755650467244,224.31006528741557,262.3992199408111,1.4194376372684832,7.99263590809951,251.39900107746087,43.879439641859165,165.03666583374314,43.8794396420506,1.2612663103205919,1.4195786379893571,165.03666583374314,220.00005853177004,278.35456447033727,1.2610177217656957,9.402741418338746,163.20065911881323,153.2841861412843,0.01071316799714955,0.001971331724493349,1.622161645218334,276.8742667722512,138.15265631421278,1.571982131265422,926.0921001390939,925.6710327306533,273.72652594969935,925.8341967574505,1.5212885057486238,200.38622404905985,1.521183662331134,273.6569475819943,114.95979938093781,253.30189525114875,114.93780144099286,1.4202277007653683,1.4195795667678723,253.247592031794,224.3221171579072,262.57929312527244,1.4194392863539758,7.994271156366436,251.42945320837856,43.441989191816084,164.83911811166845,43.43917634233053,1.2612445792711058,1.419578628629902,164.77728667988885,218.5097590591394,277.49226293497253,1.2609890418328693,9.368910303321798,162.94047681229821,132.0575921891298,0.010362644819200894,0.002079176630332106
1.6221655061049571,276.87899552796307,138.17533859263406,1.5719849682764515,925.9592213323268,925.5628883499244,273.741520658919,925.5628883499244,1.521300151110172,200.1150391486267,1.5211949239398286,273.741520658919,114.93802087046953,253.25672905350856,114.93802087079195,1.4202285838309936,1.4195786385895184,253.25672905350856,224.31213914131376,262.40231323494214,1.4194376380189637,7.992636661723673,251.39812766992546,43.87995852182141,165.03660782657576,43.87995852201126,1.261266265682928,1.4195786385895184,165.03660782657576,220.0000581160133,278.3530924059854,1.261017677515408,9.402697215365574,163.20064948177156,153.28226982719184,0.010713103979367597,0.001971244719824499,1.6221616464020658,276.8741359595388,138.15239831974097,1.5719821302763926,926.0917604099286,925.6707079584866,273.7263789329194,925.833784321834,1.52128850161294,200.3853659442026,1.5211836583743936,273.65681370881043,114.96070772754001,253.3009957461156,114.93871681088567,1.420227675540684,1.419579545468869,253.2467143024879,224.32337963151176,262.5813137226811,1.4194392668639955,7.994249667217533,251.42855718324742,43.44267225930933,164.83898314214284,43.43985879249581,1.261244527667989,1.4195786065585314,164.77716154926324,218.50978631336307,277.49089063057914,1.2609889913172612,9.36886073106444,162.94039901279234,132.0580214906826,0.010362551887814667,0.002079082834280765
1.6221655061049567,276.87899552796887,138.17533859263287,1.571984968276447,925.9592213323265,925.562888349924,273.7415206589244,925.5628883499235,1.5213001511240019,200.11503914864315,1.5211949239536589,273.7415206589244,114.93980024359702,253.25590382184424,114.9398002439182,1.4202285840158488,1.4195786391882084,253.25590382184424,224.3142074518438,262.40539823905664,1.4194376387675685,7.992637413445691,251.397256605957,43.880469424367185,165.03654655392987,43.880469424556914,1.2612662209580559,1.4195786391882084,165.03654655392987,220.00005770200931,278.3516281501889,1.2610176331862877,9.40265293102538,163.2006363632312,153.28035277083978,0.010713039314702553,0.0019711579221216003,1.6221616475135512,276.8740076050518,138.1521447607042,1.5719821293262577,926.0914284949062,925.6703873607692,273.7262337440568,925.8333743908871,1.5212884975769114,200.3845161275442,1.5211836545165722,273.6566820987623,114.96161373304274,253.30010084748625,114.93963013231644,1.4202276505139513,1.4195795243400482,253.24584264525956,224.32463742061313,262.5833236216501,1.4194392476318192,7.994228410923184,251.42766874262242,43.443347301608355,164.83884918173518,43.4405336804589,1.261244476391888,1.4195785847882532,164.77703540951967,218.50980365695992,277.489515914403,1.2609889410574282,9.368811215917978,162.94031997048285,132.0584463358179,0.0103624584745079,0.002078989582102401
1.622165506104957,276.87899552797114,138.1753385926321,1.5719849682764453,925.9592213323256,925.5628883499246,273.7415206589266,925.5628883499239,1.5213001511377955,200.11503914864923,1.5211949239674536,273.7415206589266,114.94157486099328,253.2550808041672,114.94157486131331,1.4202285842003128,1.4195786397853858,253.2550808041672,224.316270232694,262.4084749737531,1.4194376395142563,7.992638163270671,251.39638787972876,43.88097244903607,165.03648208830407,43.88097244922389,1.2612661761513417,1.4195786397853858,165.03648208830407,220.00005728984675,278.35017163696176,1.2610175887834978,9.402608570563519,163.2006198370447,153.2784350275099,0.010712974012121752,0.0019710713307134506,1.6221616487195127,276.87387696792695,138.1518845485149,1.5719821282872213,926.0910891378429,925.6700613362675,273.7260875977137,925.8329602854907,1.5212884933914004,200.38365691759375,1.5211836504609135,273.6565490960153,114.96251681217109,253.29920678638487,114.94054023473545,1.420227625430661,1.4195795032243184,253.24496973173925,224.3258915290334,262.585328734475,1.4194392282449604,7.994207110275587,251.42677882723234,43.444013855721174,164.83871068029674,43.44120023456651,1.261244425115787,1.4195785628347015,164.77690674698124,218.5098210005568,277.48815084535795,1.2609888907975952,9.368761814993306,162.9402369512018,132.0588667245357,0.010362364096544098,0.0020788973054183656
1.622165506104957,276.87899552797705,138.1753385926312,1.5719849682764409,925.9592213323247,925.5628883499226,273.74152065892946,925.5628883499226,1.5213001511515456,200.11503914865605,1.5211949239812044,273.74152065892946,114.94334473439774,253.25425999488266,114.9433447347169,1.420228584384402,1.4195786403810704,253.25425999488266,224.3183274975621,262.41154345959694,1.4194376402590483,7.992638911198391,251.39552148534221,43.88146769418543,165.03641450173012,43.88146769437327,1.261266131268198,1.4195786403810704,165.03641450173012,220.0000568794457,278.34872280100967,1.2610175443122482,9.402564139198489,163.20059997651595,153.27651665093282,0.010712908080679253,0.0019709849449650006,1.622161649897687,276.873747472121,138.15162655404308,1.571982127320417,926.0907531296981,925.6697386513255,273.72594049389005,925.8325520243237,1.521288489205889,200.38280875857515,1.521183646528903,273.6564145264819,114.96341637965021,253.2983190067432,114.94144682550525,1.420227600573601,1.4195794821216796,253.24410163400475,224.3271416221653,262.58732483808757,1.4194392089870036,7.994185920511112,251.42589375749898,43.44467315629306,164.83857129588012,43.44185922647192,1.2612443739050894,1.4195785409335138,164.7767765707659,218.50983091118357,277.48678818809566,1.260988840281987,9.368712414068634,162.940151943435,132.0592811713635,0.01036226935738101,0.0020788057882615276
1.6221655061049571,276.87899552797853,138.17533859263057,1.57198496827644,925.959221332324,925.5628883499223,273.74152065893304,925.5628883499226,1.5213001511652615,200.1150391486655,1.5211949239949216,273.74152065893304,114.94510987553645,253.2534413885502,114.94510987585639,1.4202285845681175,1.4195786409752658,253.2534413885502,224.32037926006132,262.4146037170992,1.419437641001949,7.992639657235734,251.3946574170375,43.88195525698349,165.03634386529572,43.881955257169835,1.261266086313954,1.4195786409752658,165.03634386529572,220.00005647078484,278.34728157771224,1.2610174997776677,9.402519642079277,163.20057685403327,153.27459769338532,0.010712841529501596,0.0019708987642748496,1.622161651070304,276.8736169227899,138.1513678203321,1.5719821263758385,926.0904174936553,925.6694138791586,273.72579504389637,925.832139588707,1.521288485120033,200.38195617918382,1.5211836424485148,273.65628326460853,114.96431360602985,253.29743332092147,114.94235136781302,1.4202275756599834,1.4195794611106773,253.24323709576407,224.32838836922346,262.58931446632874,1.4194391897806078,7.99416475292326,251.42501437614527,43.445325203324,164.83842951480835,43.44251142782843,1.261244322759795,1.4195785192155994,164.77664437631464,218.50984577712376,277.48544000153,1.2609887903418733,9.368663241587544,162.9400649471824,132.0596881908288,0.010362174981139626,0.0020787152463601247
1.6221655061049562,276.8789955279839,138.1753385926301,1.5719849682764357,925.9592213323231,925.5628883499197,273.74152065894066,925.5628883499198,1.5213001511789446,200.1150391486864,1.5211949240086053,273.74152065894066,114.94687029610841,253.25262497966844,114.94687029642765,1.420228584751475,1.4195786415679907,253.25262497966844,224.32242553380866,262.4176557667109,1.4194376417429786,7.992640401386364,251.39379566900502,43.8824352334437,165.0362702491678,43.88243523362862,1.261266041293858,1.4195786415679907,165.0362702491678,220.00005606382433,278.34584790316967,1.2610174551848083,9.402475084280937,163.20055054102409,153.27267820577293,0.010712774367775646,0.0019708127880733,1.6221616522373636,276.8734882171279,138.15111056509946,1.5719821254034783,926.0900818576124,925.6690911942165,273.72564881050954,925.8317329973198,1.521288481034177,200.3811091252584,1.5211836384917747,273.6561497395994,114.96520761339768,253.29655098521158,114.94325269110901,1.420227550760505,1.4195794400604025,253.24237590763528,224.329629093349,262.59129621150913,1.4194391707031138,7.994143729483467,251.42413731227953,43.44597092279796,164.83828760759684,43.443156992966685,1.2612442717453067,1.419578497484594,164.77651016362748,218.50985073243714,277.4841014620953,1.2609887402738718,9.368614069106457,162.9399752167619,132.0600952102941,0.010362077588656178,0.0020786258954059865
1.622165506104957,276.8789955279857,138.17533859262932,1.5719849682764344,925.9592213323225,925.5628883499196,273.7415206589412,925.5628883499197,1.521300151192599,200.11503914868624,1.5211949240222613,273.7415206589412,114.94862600778697,253.25181076278125,114.94862600810507,1.4202285849344667,1.41957864215924,253.25181076278125,224.32446633237635,262.4206996288498,1.4194376424821318,7.992641143655277,251.39293623547672,43.882907718435675,165.03619372251836,43.88290771862021,1.2612659962130561,1.41957864215924,165.03619372251836,220.00005565858262,278.3444217141821,1.2610174105386203,9.402430470800915,163.20052110793605,153.27075823771224,0.010712706604732752,0.00197072701582,1.622161653426653,276.8733588091157,138.15085183138848,1.5719821245033503,926.0897447331614,925.6687651697148,273.7255026641664,925.8313197268134,1.5212884770978032,200.380262071333,1.5211836346339531,273.65601882590073,114.96609869439115,253.29567095270357,114.94415108803067,1.4202275261579544,1.4195794192588558,253.2415182790003,224.33086714061557,262.59327176285603,1.4194391517287412,7.9941227725735455,251.42326446202833,43.44660954306165,164.83814305145071,43.44379545889472,1.2612442207308185,1.4195784758975893,164.77637393270444,218.5098655983773,277.4827677462262,1.2609886902058702,9.368565010847158,162.93988399497704,132.06050074428688,0.010361980197088108,0.0020785368720069807
1.622165506104957,276.87899552799047,138.17533859262844,1.5719849682764306,925.9592213323216,925.5628883499191,273.7415206589457,925.5628883499191,1.5213001512062179,200.1150391486998,1.5211949240358806,273.7415206589457,114.95037702221698,253.2509987323787,114.9503770225355,1.4202285851170702,1.4195786427489945,253.2509987323787,224.32650166933246,262.4237353239338,1.419437643219391,7.992641884044804,251.3920791106313,43.88337280568338,165.0361143533842,43.883372805867154,1.2612659510765785,1.4195786427489945,165.0361143533842,220.00005525510545,278.34300294821753,1.2610173658439443,9.402385806542181,163.20048862408137,153.26883783759905,0.010712638249634449,0.001970641447001149,1.6221616545937125,276.8732287865472,138.1505930976775,1.571982123547659,926.0894098413227,925.6684437371076,273.7253577364349,925.8309114656463,1.5212884730119471,200.3794194377803,1.5211836308008613,273.65588686767785,114.96698714164769,253.29479301401548,114.94504743649028,1.4202275014564276,1.4195793983525815,253.24066232542128,224.33210184180845,262.5952411203694,1.419439132754369,7.994101782398689,251.42239245450003,43.447242298760315,164.83799559409047,43.444428523249755,1.2612441698471368,1.4195784542582208,164.7762371972224,218.50987055369072,277.48144126570537,1.2609886403936441,9.368516123920546,162.93979028758497,132.06090182186216,0.010361881599617689,0.0020784496867251867
1.6221655061049567,276.8789955279939,138.17533859262798,1.5719849682764282,925.9592213323208,925.5628883499173,273.7415206589517,925.5628883499171,1.521300151219794,200.1150391487152,1.5211949240494578,273.7415206589517,114.95212335103218,253.25018888303674,114.95212335134953,1.4202285852992937,1.4195786433372644,253.25018888303674,224.32853155819515,262.42676287227243,1.419437643954768,7.9926426225608305,251.39122428874157,43.88383058778114,165.03603220884435,43.88383058796357,1.2612659058894082,1.4195786433372644,165.03603220884435,220.0000548533773,278.34159154342166,1.2610173211055737,9.402341096326428,163.20045315777264,153.26691705267675,0.010712569311758497,0.0019705560811259498,1.6221616557941165,276.87310130999794,138.1503351032057,1.5719821226697566,926.0890734610758,925.6681181300509,273.72521446253324,925.8305023695893,1.5212884689759185,200.37858232969353,1.5211836267452026,273.6557556058045,114.96787324780475,253.2939203098772,114.94594085857557,1.4202274770094103,1.4195793776295806,253.23981097824606,224.3333325277129,262.59720146867045,1.419439113934679,7.9940808476653915,251.4215255033092,43.44786918989398,164.8378511640841,43.445055568709165,1.261244119355874,1.4195784327104892,164.7761019754173,218.5098755090041,277.4801244323156,1.2609885910290244,9.3684676938811,162.93969807155725,132.06129992849245,0.010361784571933588,0.0020783628287878125
1.6221655061049565,276.8789955279998,138.17533859262676,1.5719849682764238,925.9592213323197,925.5628883499166,273.74152065895737,925.5628883499169,1.5213001512333242,200.11503914873265,1.5211949240629887,273.74152065895737,114.95386500583035,253.2493812092394,114.9538650061468,1.4202285854811554,1.4195786439240718,253.2493812092394,224.33055601249265,262.42978229418725,1.4194376446882857,7.992643359203466,251.39037176398955,43.88428115623215,165.0359473549223,43.884281156414175,1.2612658606564442,1.4195786439240718,165.0359473549223,220.00005445335788,278.3401874386101,1.2610172763282228,9.402296344887873,163.20041477625188,153.26499592909892,0.010712499800393446,0.0019704709177265993,1.622161656961176,276.87297321889224,138.1500741517772,1.5719821217640724,926.0887359645228,925.6677933578841,273.72506866436487,925.8300941084224,1.5212884648900622,200.3777358283147,1.5211836228131923,273.6556248661932,114.96875613495,253.29305011832275,114.94683193956138,1.4202274524492775,1.419579356893489,253.23896025921678,224.33456020215104,262.59915674928953,1.4194390950892086,7.994060045991841,251.42066192300996,43.448488981817356,164.83770358058413,43.44567582361967,1.2612440689300148,1.4195784112805763,164.77596372625837,218.50986807603402,277.47881483427415,1.2609885414086297,9.368419149619863,162.939603618483,132.06169803512273,0.010361687545158047,0.0020782765139367595
1.6221655061049565,276.87899552800354,138.1753385926256,1.5719849682764209,925.959221332319,925.5628883499165,273.74152065896135,925.5628883499166,1.5213001512468427,200.11503914874228,1.5211949240765081,273.74152065896135,114.95560199819414,253.24857570567016,114.95560199851005,1.4202285856626484,1.4195786445094116,253.24857570567016,224.3325750456491,262.4327936099181,1.4194376454199396,7.992644093982703,251.38952153072313,43.88472460141604,165.0358598562128,43.88472460159694,1.2612658153823946,1.4195786445094116,165.0358598562128,220.00005405513343,278.33879057324924,1.2610172315164188,9.402251556833608,163.20037354536777,153.26307451198875,0.010712429724823799,0.0019703859563549504,1.6221616581560228,276.8728424939736,138.14981689654456,1.5719821207972684,926.0884033052963,925.6674740125015,273.72492251802174,925.8296875170352,1.5212884610533437,200.3769009304143,1.5211836190048298,273.6554923857082,114.96963785154551,253.29218118306028,114.94772184999745,1.4202274279739813,1.4195793361050333,253.23811414659133,224.3357841959081,262.60110499146145,1.4194390762179578,7.994039266494914,251.4197993961144,43.44910445248231,164.8375557448047,43.44629175727178,1.2612440186349616,1.4195783897197534,164.77582446798147,218.50986807603402,277.4775100597982,1.2609884921079537,9.368370890913102,162.9395061826801,132.0620887143905,0.0103615902779343,0.0020781916051998057
1.6221655061049562,276.87899552800707,138.17533859262528,1.5719849682764182,925.9592213323185,925.5628883499154,273.7415206589634,925.5628883499155,1.5213001512603213,200.11503914874854,1.5211949240899878,273.7415206589634,114.95733433967658,253.24777236683903,114.95733433999368,1.420228585843756,1.4195786450932704,253.24777236683903,224.33458867113387,262.43579683969494,1.4194376461497171,7.992644826899209,251.38867358316864,43.885161012653256,165.03576977632326,43.88516101283366,1.2612657700719172,1.4195786450932704,165.03576977632326,220.00005365872266,278.3374008874823,1.2610171866746405,9.4022067366889,163.20032952995277,153.26115284548854,0.010712359094322454,0.0019703011965810494,1.622161659345312,276.87271563198067,138.14955742359442,1.5719821199304786,926.0880669250494,925.6671488228898,273.72477959229485,925.8292800907581,1.5212884571667975,200.37605884940822,1.521183615097549,273.65536373514533,114.97051576385435,253.29131852925755,114.94860678559716,1.4202274039087275,1.4195793156831247,253.23727180284172,224.3370025013399,262.6030428167316,1.4194390577591933,7.994018642234357,251.4189440323635,43.449714058582245,164.8374063953483,43.44690151769761,1.2612439682745054,1.4195783685385688,164.7756847051456,218.50986064306392,277.4762125206706,1.2609884429351657,9.368322632206342,162.93940924399865,132.0624823646033,0.010361492770269157,0.0020781066999318296
1.622165506104957,276.8789955280099,138.17533859262437,1.571984968276416,925.9592213323176,925.5628883499153,273.74152065896374,925.562888349915,1.521300151273765,200.11503914874913,1.5211949241034324,273.74152065896374,114.95906204181063,253.24697118732604,114.95906204212474,1.4202285860245043,1.419578645675677,253.24697118732604,224.33659690237096,262.43879200368394,1.4194376468776493,7.992645557956979,251.38782791559777,43.88559047817557,165.0356771775459,43.88559047835541,1.2612657247295702,1.419578645675677,165.0356771775459,220.00005326410349,278.3360183220635,1.261017141807271,9.402161888856565,163.20028279349685,153.25923097280736,0.010712287918144655,0.0019702166379928,1.6221616605290439,276.87258780425634,138.14930164684012,1.571982119002569,926.0877364984352,925.6668323996217,273.7246356220438,925.8288751691506,1.5212884531805966,200.37523666007945,1.521183611264457,273.6552316028351,114.97139104242626,253.2904560848368,114.94949025800969,1.4202273794617102,1.419579294973215,253.23643071538405,224.33821812991272,262.6049752927819,1.4194390389652838,7.99399791817899,251.4180884579319,43.4503173371252,164.83725553221498,43.44750556788913,1.261243917914049,1.4195783471086558,164.77554241951486,218.50985816540722,277.47491980510847,1.2609883935066022,9.368274316388685,162.93930907402782,132.06286858745358,0.010361395746226009,0.002078022121767015
1.622165506104957,276.8789955280144,138.17533859262312,1.5719849682764127,925.9592213323169,925.562888349914,273.7415206589702,925.5628883499137,1.5213001512871784,200.11503914876616,1.5211949241168465,273.7415206589702,114.96078511610706,253.24617216179223,114.96078511642207,1.420228586204869,1.4195786462566096,253.24617216179223,224.33859975272674,262.44177912199217,1.4194376476037138,7.992646287162675,251.386984522357,43.88601308516091,165.03558212077732,43.886013085339215,1.261265679359696,1.4195786462566096,165.03558212077732,220.0000528713909,278.3346428184323,1.2610170969184833,9.402117017617506,163.20023339812485,153.2573089362682,0.0107122162055148,0.001970132280191901,1.6221616617238905,276.8724600643257,138.14904587008584,1.5719821181246665,926.0874034671067,925.6665088797898,273.7244905202249,925.8284702475432,1.5212884493937053,200.37440120963245,1.5211836075550134,273.6551017336606,114.97226339462381,253.28959594361794,114.95037051141045,1.4202273553823168,1.4195792745513063,253.23559234989224,224.33943141623396,262.6069041088397,1.4194390204033978,7.9939773493599935,251.41723646507268,43.45091629440972,164.8371041645227,43.44810467949963,1.2612438678152056,1.4195783259143802,164.77540013388412,218.5098655983773,277.4736367366774,1.2609883442698702,9.3682264003473,162.93920741269267,132.06325481030387,0.010361298843766374,0.002077938302160721
