air,second_air2,COG,burner_input_T_PV,burner_inputP,burner_output_T_PV,burner_output_P_PV,fur_F,fur_inputT,fur_inputP,fur_temp,fur_outputT,fur_outputP_PV,WHB_F,WHB_inputT,WHB_inputP,WHB_outputT,WHB_outputP,SEP1_F,SEP1_P_PV,SEP1_T,HEATER1_F,HEATER1_input_T,HEATER1_input_P,HEATER1_output_T_PV,HEATER1_output_P,cat1_F,cat1_input_temp,cat1_output_temp,cat1_input_P,cat1_output_P_PV,SEP2_F,SEP2_P_PV,SEP2_T,HEATER2_F,HEATER2_input_T,HEATER2_input_P,HEATER2_output_T_PV,cat2_F,cat2_input_temp,cat2_output_temp,cat2_input_P,cat2_output_P_PV,SEP3_F,SEP3_P_PV,SEP3_T,B35_H2S,B35_SO2,air_pred,second_air2_pred,COG_pred,burner_input_T_PV_pred,burner_inputP_pred,burner_output_T_PV_pred,burner_output_P_PV_pred,fur_F_pred,fur_inputT_pred,fur_inputP_pred,fur_temp_pred,fur_outputT_pred,fur_outputP_PV_pred,WHB_F_pred,WHB_inputT_pred,WHB_inputP_pred,WHB_outputT_pred,WHB_outputP_pred,SEP1_F_pred,SEP1_P_PV_pred,SEP1_T_pred,HEATER1_F_pred,HEATER1_input_T_pred,HEATER1_input_P_pred,HEATER1_output_T_PV_pred,HEATER1_output_P_pred,cat1_F_pred,cat1_input_temp_pred,cat1_output_temp_pred,cat1_input_P_pred,cat1_output_P_PV_pred,SEP2_F_pred,SEP2_P_PV_pred,SEP2_T_pred,HEATER2_F_pred,HEATER2_input_T_pred,HEATER2_input_P_pred,HEATER2_output_T_PV_pred,cat2_F_pred,cat2_input_temp_pred,cat2_output_temp_pred,cat2_input_P_pred,cat2_output_P_PV_pred,SEP3_F_pred,SEP3_P_PV_pred,SEP3_T_pred,B35_H2S_pred,B35_SO2_pred
123.2803521,269.9999972,36.29291651,599.9999588,1.622141233,1219.506406,1.622195,281.4075519,155.9852128,1.57201732,944.549332,946.3286574,1.571315,278.134273,946.3286574,1.521316193,236.4041299,1.521205876,278.134273,1.520795,127.9566406,259.84683205,127.9566406,1.420835356,234.2926272,1.420131376,259.84683205,234.2926272,271.44116785,1.419980639,1.411445,257.98202100000003,1.361374998,50.06067392,172.8586867,50.06067392,1.2621414495,230.0000025,172.8586867,230.0000025,283.0522909,1.2618673635,1.251614999,171.10802105,1.200915019,162.8343964,0.0089660855,0.004458901999999999,123.22650472012408,268.88849110804006,36.993621022071935,599.8655955282352,1.6221486758528325,1219.2381516655885,1.6222150448280945,280.97032192009203,152.74925962896725,1.5720239547103656,941.4227582669523,942.9807092046048,1.5713309442789523,277.4782069430865,943.3181640764866,1.521327436661109,233.11147448293593,1.5212625669556508,278.10877279275644,1.5208380357697533,127.20682679750159,258.547664130919,127.32796825610102,1.4207884830236506,234.3778643030404,1.4201629221077263,259.15642510030386,234.37434289508542,272.5176424435282,1.4199463116438817,1.4114571366406332,257.09939616201143,1.3613682246635177,51.63725534122011,173.5446103830509,51.592711880990315,1.2621216457932836,230.90741055792407,173.44639293312235,231.22312844003844,282.5760332959822,1.2620104320685874,1.2516304167377992,171.16065727160327,1.2009514216297945,155.81953266379375,0.008565029404683353,0.005443320031312566
123.2803521,269.9999972,36.29291651,599.9999588,1.622141233,1219.506406,1.622195,281.4075519,155.9852128,1.57201732,944.549332,946.3286574,1.571315,278.134273,946.3286574,1.521316193,236.4041299,1.521205876,278.134273,1.520795,127.95671014999999,259.84680104999995,127.95671014999999,1.420835356,234.29270695,1.420131376,259.84680104999995,234.29270695,271.4412806,1.419980639,1.411445,257.9819884,1.361374998,50.06067797,172.8586686,50.06067797,1.262141447,230.0000024,172.8586686,230.0000024,283.0522611,1.261867361,1.251614999,171.10800415,1.200915019,162.83509915000002,0.008966078500000002,0.004458898000000001,123.22707520775191,268.88726864950956,36.993047659551934,599.8655089853007,1.6221486905730658,1219.2378882974515,1.622215059172206,280.9715317181975,152.75051633556345,1.572023948787302,941.424181929369,942.9816634837479,1.5713309294004238,277.4782184328526,943.3181874534041,1.5213273805055005,233.1170795155644,1.5212625194376752,278.1099921006626,1.5208380079597814,127.2074834759086,258.54909965384894,127.3288409009285,1.4207885479517617,234.37818218004128,1.4201629832425424,259.1570172325743,234.37449079154268,272.51742284397704,1.4199464066446454,1.4114571273286796,257.1002827065099,1.3613681607695152,51.641737103534595,173.54860548100905,51.59738686525233,1.2621219535806956,230.9076831001606,173.45042082741384,231.2227914787278,282.5749383466068,1.2620107570310184,1.2516303977605852,171.164712788338,1.2009513977196113,155.81249449508368,0.008565421348528075,0.005443748445012327
123.2803521,269.9999972,36.29291651,599.9999588,1.622141233,1219.506406,1.622195,281.4075519,155.9852128,1.57201732,944.549332,946.3286574,1.571315,278.134273,946.3286574,1.521316193,236.4041299,1.521205876,278.134273,1.520795,127.95677945,259.8467701,127.95677945,1.420835356,234.29278635,1.420131376,259.8467701,234.29278635,271.4413928,1.419980639,1.411445,257.98195599999997,1.361374998,50.060682029999995,172.8586506,50.060682029999995,1.262141444,230.0000024,172.8586506,230.0000024,283.0522313,1.261867358,1.251614999,171.10798735,1.200915019,162.835799,0.008966071000000004,0.004458894,123.22763465822887,268.8860259850529,36.99248247818561,599.865424219834,1.6221487045763912,1219.2376312788037,1.6222150728373228,280.97271026172206,152.75174864726688,1.5720239436643522,941.42557359101,942.9825935510843,1.5713309155225366,277.4782240036483,943.3182049860923,1.5213273299056602,233.12250994346982,1.521262477199475,278.11117380569794,1.5208379848499145,127.20811732859559,258.5504907877969,127.32968545256234,1.4207886115790485,234.378495372539,1.4201630435395365,259.15758256394986,234.3746366803557,272.5172223890021,1.4199464991962716,1.4114571192474898,257.1011279575859,1.361368101675745,51.64610404383937,173.5524926033467,51.601940854279256,1.2621222533889183,230.90794573177035,173.4543392324079,231.22245947273058,282.5738530443625,1.262011073169204,1.2516303799835111,171.16865993259808,1.2009513775567153,155.80564646685374,0.008565802136805026,0.00544416219578612
123.2803521,269.9999972,36.29291651,599.9999588,1.622141233,1219.506406,1.622195,281.4075519,155.9852128,1.57201732,944.549332,946.3286574,1.571315,278.134273,946.3286574,1.521316193,236.4041299,1.521205876,278.134273,1.520795,127.95684835,259.84673935,127.95684835,1.420835356,234.29286539999998,1.420131376,259.84673935,234.29286539999998,271.4415045,1.419980639,1.411445,257.98192370000004,1.361374998,50.060686105,172.8586327,50.060686105,1.262141442,230.0000024,172.8586327,230.0000024,283.05220175,1.261867356,1.251614999,171.10797065,1.200915019,162.836496,0.008966063499999998,0.004458890000000002,123.22817438273405,268.8847833205963,36.99192479621015,599.8653417058267,1.6221487182740582,1219.2373809895296,1.6222150862137978,280.97385017598924,152.75292625527143,1.5720239386469728,941.4269094373444,942.9834776994767,1.5713309020291752,277.47821704015365,943.3181958023032,1.5213272801778013,233.12776134627947,1.5212624354682318,278.1123175596876,1.5208379616790073,127.20872952611228,258.551830832539,127.33050249627742,1.420788672067389,234.3788032113188,1.420163100930336,259.1581135566789,234.3747785538803,272.5170320693911,1.419946587726156,1.4114571112984626,257.1019357074925,1.3613680436244495,51.65035677945708,173.556269731828,51.60637816932948,1.2621225441715007,230.90818358681315,173.45814461619176,231.22211755610658,282.57277256568375,1.2620113790763805,1.2516303625987908,171.17249373316906,1.2009513577900581,155.79893807303893,0.00856617326453992,0.005444562976174463
123.2803521,269.9999972,36.29291651,599.9999588,1.622141233,1219.506406,1.622195,281.4075519,155.9852128,1.57201732,944.549332,946.3286574,1.571315,278.134273,946.3286574,1.521316193,236.4041299,1.521205876,278.134273,1.520795,127.956917,259.8467087,127.956917,1.420835356,234.2929441,1.420131376,259.8467087,234.2929441,271.4416157,1.419980639,1.411445,257.98189160000004,1.361374998,50.060690185,172.8586149,50.060690185,1.262141439,230.0000024,172.8586149,230.0000024,283.05217225,1.261867353,1.251614999,171.107954,1.200915019,162.8371902,0.008966056499999998,0.0044588860000000004,123.22869712098579,268.8835406561397,36.99137665891397,599.8652622727636,1.6221487315646437,1219.237138786357,1.622215099155936,280.97495567509986,152.75405285577295,1.5720239337073822,941.4281931893929,942.9843184335949,1.5713308888984916,277.4782069430865,943.3181615718169,1.5213272313717512,233.13282930362058,1.5212623938482719,278.1134261480295,1.520837938312771,127.20932240955818,258.553128163355,127.33129612899778,1.4207887300671955,234.3791043579512,1.4201631559385794,259.15861858604114,234.37491908897545,272.5168496328409,1.4199466729303687,1.411457103481598,257.10271649026606,1.3613679857671028,51.6544990143235,173.5599439302785,51.61070189701615,1.2621228264516684,230.90842144185592,173.46184303347303,231.22177068416914,282.5717113812671,1.2620116756477608,1.2516303455083353,171.1762211497512,1.200951338034722,155.7923722845842,0.008566535728194592,0.005444951348644977
123.2803521,269.9999972,36.29291651,599.9999588,1.622141233,1219.506406,1.622195,281.4075519,155.9852128,1.57201732,944.549332,946.3286574,1.571315,278.134273,946.3286574,1.521316193,236.4041299,1.521205876,278.134273,1.520795,127.9569853,259.8466782,127.9569853,1.420835356,234.29302239999998,1.420131376,259.8466782,234.29302239999998,271.4417264,1.419980639,1.411445,257.9818596,1.361374998,50.060694285,172.8585971,50.060694285,1.262141437,230.0000024,172.8585971,230.0000024,283.05214294999996,1.261867351,1.251614999,171.1079374,1.200915019,162.8378815,0.008966049,0.004458882,123.22920021154341,268.8822929402015,36.99083806629709,599.8651856244002,1.6221487444453688,1219.2369042622681,1.6222151117434573,280.9760228961282,152.7551439727941,1.5720239288566933,941.4294360102167,942.985138295466,1.5713308760911593,277.47818222268063,943.3181198273212,1.5213271832632864,233.1377469682887,1.5212623525621622,278.1144971335005,1.520837914958743,127.20989890530765,258.5543802676609,127.33206752127319,1.4207887855501895,234.37940550458362,1.4201632087213585,259.1591001646203,234.37505761642635,272.5166818362608,1.419946755040934,1.411457095827183,257.10346272140043,1.361367928770404,51.658536304342334,173.5635151986983,51.61491450662978,1.2621231006218407,230.90864938627195,173.46543751160564,231.22142876754515,282.57067913824363,1.2620119631391207,1.2516303287006054,171.17984367370877,1.2009513184492027,155.78596098526955,0.008566891023308376,0.005445327875914051
123.2803521,269.9999972,36.29291651,599.9999588,1.622141233,1219.506406,1.622195,281.4075519,155.9852128,1.57201732,944.549332,946.3286574,1.571315,278.134273,946.3286574,1.521316193,236.4041299,1.521205876,278.134273,1.520795,127.9570533,259.8466478,127.9570533,1.420835356,234.29310040000001,1.420131376,259.8466478,234.29310040000001,271.4418366,1.419980639,1.411445,257.9818278,1.361374998,50.060698395,172.85857944999998,50.060698395,1.262141434,230.0000024,172.85857944999998,230.0000024,283.05211375,1.2618673485,1.251614999,171.1079209,1.200915019,162.83857005,0.008966042000000004,0.0044588779999999995,123.2296878814009,268.8810805846341,36.99031310893632,599.8651113854932,1.6221487568731638,1219.2366769559746,1.6222151238828972,280.9770634278515,152.75619221394317,1.5720239242171452,941.4306386440197,942.9859230919617,1.5713308637601147,277.4781571541,943.318064724587,1.5213271367742158,233.14250991991108,1.521262312413615,278.1155395686436,1.520837892544736,127.21045725753608,258.5555930081525,127.33281550255388,1.4207888387991587,234.3797026359276,1.4201632594619469,259.1595599674725,234.37519614387725,272.51652417504454,1.4199468342383144,1.4114570884178197,257.10418619901634,1.361367873591975,51.66246988415885,173.56698959179502,51.61902093675138,1.2621233670744365,230.90887237537456,173.46893410529722,231.22108189560774,282.5696565423512,1.262012242445673,1.251630312504485,171.18336727049913,1.2009513000184364,155.77971011698506,0.008567238051407078,0.005445690859279814
123.2803521,269.9999972,36.29291651,599.9999588,1.622141233,1219.506406,1.622195,281.4075519,155.9852128,1.57201732,944.549332,946.3286574,1.571315,278.134273,946.3286574,1.521316193,236.4041299,1.521205876,278.134273,1.520795,127.95712095,259.8466176,127.95712095,1.420835356,234.29317795,1.420131377,259.8466176,234.29317795,271.44194625,1.419980639,1.411445,257.9817961,1.361374998,50.060702515,172.8585618,50.060702515,1.262141432,230.0000024,172.8585618,230.0000024,283.05208475,1.261867346,1.251614999,171.10790450000002,1.200915019,162.8392558,0.0089660345,0.004458873999999999,123.23016388788619,268.87987833202976,36.989796332729235,599.865039852287,1.6221487689174965,1219.2364570574189,1.6222151356484773,280.9780769190946,152.7572034931335,1.572023919683168,941.4318010908022,942.9866836766505,1.5713308517393123,277.47813138916996,943.3180004380638,1.5213270914062644,233.14712478904684,1.521262273266618,278.1165489271873,1.520837870362682,127.21099980734293,258.5567722475256,127.33354358448909,1.420788890266564,234.37999240590943,1.4201633087363468,259.16000846369707,234.375329986825,272.5163732707376,1.4199469110896785,1.411457081220467,257.10488228813773,1.3613678196136039,51.66630037109569,173.57037013692252,51.62301995273572,1.2621236260710686,230.9090854538504,173.47233634646062,231.22073997898372,282.5686532407209,1.2620125138231932,1.251630296539161,171.18679840270104,1.2009512818367345,155.77359591217063,0.008567578108677348,0.005446040296030372
123.2803521,269.9999972,36.29291651,599.9999588,1.622141233,1219.506406,1.622195,281.4075519,155.9852128,1.57201732,944.549332,946.3286574,1.571315,278.134273,946.3286574,1.521316193,236.4041299,1.521205876,278.134273,1.520795,127.95718835,259.8465875,127.95718835,1.420835356,234.29325525000002,1.420131377,259.8465875,234.29325525000002,271.44205545,1.419980639,1.411445,257.98176455,1.361374998,50.06070664000001,172.8585443,50.06070664000001,1.262141429,230.0000024,172.8585443,230.0000024,283.05205579999995,1.2618673435,1.251614999,171.1078881,1.200915019,162.8399387,0.0089660275,0.004458869999999999,123.23062416056067,268.8786710279438,36.989289101201436,599.8649709655332,1.6221487805422432,1219.2362442138513,1.6222151470182062,280.97906126280714,152.75817633188677,1.5720239152714302,941.4329218621558,942.9874142053034,1.5713308400418615,277.47810179431787,943.3179194537423,1.5213270467608118,233.1516070470005,1.521262234305093,278.1175307799273,1.520837848375957,127.21152772527799,258.5579146356683,127.33425059652906,1.4207889397544538,234.3802808374618,1.42016335589001,259.16043937183446,234.37546249134326,272.5162308125672,1.4199469852083206,1.4114570741800574,257.1055560451021,1.3613677665564896,51.67003332105653,173.57366187967057,51.626918962454305,1.2621238777425436,230.90929357701285,173.47564473965483,231.22038815173292,282.56767405691824,1.262012777015906,1.2516302810354292,171.19013458470724,1.200951264187125,155.76763322555135,0.008567910695348405,0.005446377314524333
123.2803521,269.9999972,36.29291651,599.9999588,1.622141233,1219.506406,1.622195,281.4075519,155.9852128,1.57201732,944.549332,946.3286574,1.571315,278.134273,946.3286574,1.521316193,236.4041299,1.521205876,278.134273,1.520795,127.95725540000001,259.8465576,127.95725540000001,1.420835356,234.29333215000003,1.420131377,259.8465576,234.29333215000003,271.4421641,1.419980639,1.411445,257.98173314999997,1.361374998,50.060710785,172.85852685,50.060710785,1.262141427,230.0000024,172.85852685,230.0000024,283.05202705,1.261867341,1.251614999,171.1078718,1.200915019,162.84061885,0.008966020500000003,0.004458866,123.23107120430964,268.87747887830255,36.98879141435292,599.864904646233,1.6221487917918638,1219.2360384252718,1.6222151580223225,280.9800178636894,152.7591225580298,1.5720239109263685,941.4340091443255,942.9881263663788,1.5713308286590226,277.47806419144695,943.3178301205218,1.5213270030371682,233.1559589039585,1.5212621964440363,278.1184750297964,1.5208378266333933,127.21204042606634,258.5590210101085,127.33494005032301,1.4207889875456157,234.38056525372576,1.4201634017083946,259.1608531106486,234.37559231900255,272.51609736360916,1.4199470568520447,1.4114570672965907,257.10620241357196,1.3613677144085103,51.67367058600928,173.57686078356735,51.630717348584525,1.2621241218272485,230.9094917895485,173.47886382591057,231.22006110104908,282.56669969668116,1.262013032919025,1.2516302657451839,171.19338128485367,1.2009512469450752,155.76181017334716,0.008568236608882864,0.0054467002158983865
123.2803521,269.9999972,36.29291651,599.9999588,1.622141233,1219.506406,1.622195,281.4075519,155.9852128,1.57201732,944.549332,946.3286574,1.571315,278.134273,946.3286574,1.521316193,236.4041299,1.521205876,278.134273,1.520795,127.95732215,259.8465278,127.95732215,1.420835356,234.2934087,1.420131377,259.8465278,234.2934087,271.4422723,1.419980639,1.411445,257.98170185000004,1.361374998,50.060714935,172.85850944999999,50.060714935,1.262141424,230.0000024,172.85850944999999,230.0000024,283.05199834999996,1.2618673385,1.251614999,171.1078556,1.200915019,162.8412962,0.0089660135,0.004458862,123.23150681951941,268.8762816771797,36.988303272183686,599.8648408548869,1.6221488026455178,1219.2358396374116,1.6222151686388344,280.9809488287917,152.76003330069244,1.572023906681321,941.4350614489033,942.9888134807574,1.5713308175907958,277.47802519587714,943.317732438402,1.5213269606588675,233.1601869904799,1.5212621592383146,278.1193976928322,1.520837805293696,127.2125402508075,258.5601014211818,127.3356107753212,1.4207890337248863,234.3808443162718,1.4201634458773174,259.16124926137553,234.37572214666187,272.51597686539395,1.419947126175533,1.4114570605948478,257.10682771396915,1.361367663763634,51.6772152525671,173.57997693979235,51.63441943238478,1.2621243597640535,230.90969000208418,173.48199612802273,231.21972909505186,282.56575427783724,1.2620132808931113,1.2516302508126727,171.1965399945046,1.2009512298275575,155.75612081366805,0.008568556247699978,0.005447009563189596
123.2803521,269.9999972,36.29291651,599.9999588,1.622141233,1219.506406,1.622195,281.4075519,155.9852128,1.57201732,944.549332,946.3286574,1.571315,278.134273,946.3286574,1.521316193,236.4041299,1.521205876,278.134273,1.520795,127.9573886,259.84649815,127.9573886,1.420835356,234.2934849,1.420131377,259.84649815,234.2934849,271.44237995000003,1.419980639,1.411445,257.98167075000003,1.361374998,50.0607191,172.85849215000002,50.0607191,1.262141422,230.0000024,172.85849215000002,230.0000024,283.05196985,1.261867336,1.251614999,171.10783945,1.200915019,162.84197085,0.008966006499999998,0.004458858000000001,123.23192764025036,268.8751248879091,36.987825356456554,599.8647797494922,1.6221488130031714,1219.2356478502704,1.6222151788402521,280.9818492416633,152.76093073704993,1.572023902619633,941.4360966367869,942.9894947509068,1.5713308068633987,277.47798062951165,943.3176397656217,1.521326919302031,233.16430235749655,1.5212621233308983,278.12028170847293,1.520837784430113,127.21303188170046,258.5611500061925,127.33626628317283,1.4207890783771022,234.3811213711736,1.4201634891822363,259.1616332679469,234.37585465118013,272.51586087178487,1.419947193668613,1.4114570540362807,257.107433210378,1.3613676140400146,51.68066855537526,173.58300933922763,51.638025831177686,1.2621245908989267,230.90989812524663,173.4850446733452,231.2194069996814,282.5648329768209,1.2620135226007048,1.2516302362725147,171.1996151877531,1.2009512137855454,155.75058297218405,0.008568867415517007,0.005447311575482325
123.2803521,269.9999972,36.29291651,599.9999588,1.622141233,1219.506406,1.622195,281.4075519,155.9852128,1.57201732,944.549332,946.3286574,1.571315,278.134273,946.3286574,1.521316193,236.4041299,1.521205876,278.134273,1.520795,127.9574548,259.8464686,127.9574548,1.420835356,234.2935607,1.420131377,259.8464686,234.2935607,271.44248715000003,1.419980639,1.411445,257.98163975,1.361374998,50.06072327,172.85847495000002,50.06072327,1.262141419,230.0000024,172.85847495000002,230.0000024,283.0519415,1.261867334,1.251614999,171.1078234,1.200915018,162.8426427,0.0089659995,0.004458853999999999,123.23233695416445,268.8740085104908,36.98736243951115,599.864722436029,1.6221488227564549,1219.2354642577693,1.6222151884726337,280.9827271793306,152.7618067354714,1.5720238986912973,941.4371057775277,942.9901701768271,1.5713307964200263,277.4779311886999,943.3175537719608,1.5213268792407098,233.16833815780396,1.5212620885115855,278.12114483362984,1.5208377638717316,127.2135129776457,258.5621726278364,127.33690950025225,1.420789121954724,234.38139508000174,1.4201635316755152,259.1620088992387,234.37598314040997,272.5157505089335,1.419947259614869,1.411457047664944,257.10802901547345,1.3613675655285749,51.68403419836956,173.5859690821706,51.64153963157639,1.2621248166707384,230.9100814718421,173.48801652570356,231.21908985962435,282.56394061719783,1.2620137579139172,1.251630222090091,171.20261531566362,1.2009511981963776,155.74518476511514,0.008569171608449121,0.005447605120329954
123.2803521,269.9999972,36.29291651,599.9999588,1.622141233,1219.506406,1.622195,281.4075519,155.9852128,1.57201732,944.549332,946.3286574,1.571315,278.134273,946.3286574,1.521316193,236.4041299,1.521205876,278.134273,1.520795,127.95752060000001,259.84643925,127.95752060000001,1.420835356,234.2936362,1.420131377,259.84643925,234.2936362,271.44259385,1.419980639,1.411445,257.98160895,1.361374998,50.060727459999995,172.85845784999998,50.060727459999995,1.262141417,230.0000024,172.85845784999998,230.0000024,283.0519132,1.261867331,1.251614999,171.1078074,1.200915018,162.84331179999998,0.008965992500000004,0.004458850000000001,123.23273429159569,268.8729022360355,36.98690906724504,599.8646681245115,1.6221488319484383,1219.235287937333,1.622215197544226,280.983585100019,152.76265316432588,1.572023894979659,941.4380866385131,942.9908222258304,1.5713307863873975,277.4778862741597,943.3174636038502,1.5213268408984377,233.17225018767476,1.5212620552996985,278.1219846310798,1.520837744363244,127.21398587974272,258.5631659360015,127.33753867073484,1.4207891647688182,234.3816661119709,1.4201635730429711,259.16237824907074,234.37611162963978,272.5156469029914,1.4199473238853995,1.411457041555179,257.1086067020264,1.3613675189323795,51.68731465084052,173.58885112303156,51.64496577216192,1.2621250362946501,230.91027472906438,173.49091269421578,231.21879254082086,282.5630771989679,1.2620139873442997,1.2516302084269586,171.2055393839933,1.200951183750642,155.73992916340637,0.008569470322843786,0.005447890762003696
123.2803521,269.9999972,36.29291651,599.9999588,1.622141233,1219.506406,1.622195,281.4075519,155.9852128,1.57201732,944.549332,946.3286574,1.571315,278.134273,946.3286574,1.521316193,236.4041299,1.521205876,278.134273,1.520795,127.95758615,259.84640995,127.95758615,1.420835357,234.29371135,1.420131377,259.84640995,234.29371135,271.4427,1.419980639,1.411445,257.98157825,1.361374998,50.060731649999994,172.85844075,50.060731649999994,1.262141414,230.0000023,172.85844075,230.0000023,283.05188510000005,1.261867329,1.251614999,171.1077914,1.200915018,162.84397815,0.008965985500000002,0.004458845999999999,123.2331216094857,268.8718060645433,36.986465921421015,599.8646158274576,1.6221488408500462,1219.235117152349,1.6222152063409214,280.98441808727773,152.7634707628526,1.5720238913847038,941.4390369871311,942.991450063027,1.571330776608206,277.4778396187458,943.3173700961801,1.521326803428147,233.1760517082272,1.5212620227184168,278.1228024935217,1.5208377250867096,127.21444707634231,258.56413495585565,127.33815203879601,1.4207892061689726,234.38193446708112,1.4201636130489663,259.1627333609274,234.37623878044013,272.51554892780706,1.4199473861450589,1.4114570356409046,257.1091658486754,1.3613674733180499,51.69051238207868,173.5916584891643,51.64830425293427,1.262125249770662,230.91047294160003,173.493730151528,231.21850017733075,282.56221860430355,1.2620142098687508,1.251630195069631,171.20838490713496,1.2009511695539707,155.73479537044267,0.008569762260603981,0.005448164539564971
123.2803521,269.9999972,36.29291651,599.9999588,1.622141233,1219.506406,1.622195,281.4075519,155.9852128,1.57201732,944.549332,946.3286574,1.571315,278.134273,946.3286574,1.521316193,236.4041299,1.521205876,278.134273,1.520795,127.95765145,259.84638085,127.95765145,1.420835357,234.29378615000002,1.420131377,259.84638085,234.29378615000002,271.44280575,1.419980639,1.411445,257.98154775,1.361374998,50.060735859999994,172.85842375,50.060735859999994,1.262141412,230.0000023,172.85842375,230.0000023,283.0518571,1.2618673265,1.251614999,171.10777554999999,1.200915018,162.84464185000002,0.008965978500000003,0.0044588425,123.2334968726152,268.8707351504587,36.98603027498787,599.8645650116267,1.6221488494848975,1219.2349511973184,1.622215214868218,280.9852285993322,152.76426322724734,1.5720238878730939,941.4399590559937,942.9920645419852,1.5713307671043004,277.47779470420556,943.3172765885099,1.5213267669045794,233.1797382990885,1.5212619909655778,278.123595287383,1.5208377060909606,127.21489598216955,258.565075499759,127.33875018971062,1.420789246494533,234.38219613004395,1.4201636520862302,259.1630834476163,234.37636191595206,272.5154560203046,1.4199474468063336,1.411457029861546,257.10970856222764,1.3613674290613615,51.69362739208404,173.59439017145093,51.65155630853869,1.262125457360387,230.91065133288214,173.49647495234797,231.21820781384065,282.56137448033576,1.2620144266382591,1.2516301820527278,171.2111548678172,1.2009511558667492,155.72977744433405,0.00857004851897731,0.005448425885526157
123.2803521,269.9999972,36.29291651,599.9999588,1.622141233,1219.506406,1.622195,281.4075519,155.9852128,1.57201732,944.549332,946.3286574,1.571315,278.134273,946.3286574,1.521316193,236.4041299,1.521205876,278.134273,1.520795,127.95771635,259.84635185,127.95771635,1.420835357,234.29386065,1.420131377,259.84635185,234.29386065,271.44291105,1.419980639,1.411445,257.9815173,1.361374998,50.060740075,172.85840685,50.060740075,1.2621414094999999,230.0000023,172.85840685,230.0000023,283.0518293,1.261867324,1.251614999,171.10775975,1.200915018,162.8453028,0.008965971499999996,0.004458838499999998,123.2338636817568,268.8696692878557,36.985603491471196,599.8645149660321,1.6221488579766452,1219.2347888240513,1.6222152232773093,280.9860187432327,152.76503499294523,1.5720238845170618,941.4408580545297,942.9926598184761,1.57133075787568,277.47775153053897,943.3171789063903,1.5213267317761818,233.183329851936,1.5212619602884772,278.12436753893525,1.520837687742239,127.21533376777423,258.56599091782346,127.33933195292894,1.4207892856889417,234.38245243928887,1.4201636902333081,259.1634234839696,234.37648237460502,272.51536592818104,1.4199475059207844,1.4114570243162254,257.1102369494905,1.3613673861501931,51.696663384792394,173.59705121548114,51.654726877556215,1.2621256595870503,230.91082972416422,173.4991455829987,231.21792040566396,282.56055929776113,1.2620146377807124,1.2516301694224081,171.2138552314974,1.2009511426776567,155.72488429791554,0.008570329596474427,0.005448675929543685
123.2803521,269.9999972,36.29291651,599.9999588,1.622141233,1219.506406,1.622195,281.4075519,155.9852128,1.57201732,944.549332,946.3286574,1.571315,278.134273,946.3286574,1.521316193,236.4041299,1.521205876,278.134273,1.520795,127.95778100000001,259.846323,127.95778100000001,1.420835357,234.2939348,1.420131377,259.846323,234.2939348,271.44301575,1.41998064,1.411445,257.9814871,1.361374998,50.060744299999996,172.85838995,50.060744299999996,1.262141407,230.0000023,172.85838995,230.0000023,283.05180155,1.261867322,1.251614999,171.107744,1.200915018,162.84596105,0.008965964500000001,0.004458835000000001,123.23422117585618,268.86863373414184,36.98518761615942,599.8644652956806,1.622148866461446,1219.2346292999139,1.6222152316699066,280.9867853584038,152.7657845814679,1.5720238811943674,941.4417332385349,942.9932383971692,1.5713307488174748,277.4777083568724,943.3170795544906,1.5213266968470947,233.18682415658336,1.5212619297597545,278.12511785547946,1.5208376691615642,127.2157610184312,258.5668795349931,127.33989908427559,1.4207893240067075,234.38270339481588,1.420163727149835,259.16375263245936,234.37659948718428,272.5152797775879,1.4199475631532663,1.411457018787425,257.1107476395723,1.361367343699653,51.69962282949428,173.59964263037293,51.657815959986834,1.2621258564506521,230.91098333887936,173.5017486027469,231.21763795280063,282.5597441151865,1.262014843168223,1.251630157005575,171.21648400968976,1.200951129477243,155.72009513457206,0.008570605292946329,0.005448915801556944
123.2803521,269.9999972,36.29291651,599.9999588,1.622141233,1219.506406,1.622195,281.4075519,155.9852128,1.57201732,944.549332,946.3286574,1.571315,278.134273,946.3286574,1.521316193,236.4041299,1.521205876,278.134273,1.520795,127.9578454,259.84629425,127.9578454,1.420835357,234.29400855,1.420131377,259.84629425,234.29400855,271.44312005,1.41998064,1.411445,257.9814569,1.361374998,50.060748535,172.85837320000002,50.060748535,1.262141405,230.0000023,172.85837320000002,230.0000023,283.05177395,1.2618673194999999,1.251614999,171.10772835,1.200915018,162.84661665,0.0089659575,0.004458830999999999,123.23456927663567,268.8676133348726,36.984781285526935,599.8644164350644,1.6221488747559052,1219.2344735203471,1.6222152398893188,280.98752563544485,152.7665193852071,1.5720238780661453,941.4425831196012,942.9938027827342,1.5713307400826206,277.4776648350311,943.316981872371,1.521326663387919,233.19021458247138,1.5212619005911612,278.1258434516178,1.5208376514720783,127.21617597831585,258.56774637643565,127.34045099847566,1.4207893613629945,234.3829476581955,1.4201637634118138,259.1640746619615,234.37671526133408,272.51519306391896,1.4199476190967284,1.4114570135559903,257.1112448460876,1.361367302934043,51.70250202225389,173.6021634070083,51.660821086540054,1.2621260474279667,230.91111217702755,173.50428148879766,231.21733567868375,282.5589289326119,1.2620150425450156,1.251630145050334,171.21904418512293,1.2009511167296738,155.7154158961937,0.008570874410003848,0.005449142105589476
123.2803521,269.9999972,36.29291651,599.9999588,1.622141233,1219.506406,1.622195,281.4075519,155.9852128,1.57201732,944.549332,946.3286574,1.571315,278.134273,946.3286574,1.521316193,236.4041299,1.521205876,278.134273,1.520795,127.9579094,259.8462657,127.9579094,1.420835357,234.294082,1.420131377,259.8462657,234.294082,271.44322385,1.41998064,1.411445,257.98142695,1.361374998,50.060752785,172.8583565,50.060752785,1.262141402,230.0000023,172.8583565,230.0000023,283.05174650000004,1.261867317,1.251614999,171.10771275,1.200915018,162.84726955000002,0.008965951000000003,0.004458827000000001,123.23490876687194,268.8666080900479,36.984384499573736,599.8643687001779,1.6221488828683586,1219.2343214582165,1.6222152479163034,280.98825116313304,152.76723644720607,1.5720238750990572,941.4434143955654,942.9943554798407,1.5713307316492697,277.47762200953923,943.31689587871,1.521326631299,233.19352102127746,1.5212618727703324,278.12654815727234,1.520837634331955,127.21658157380253,258.56859144215116,127.34098945135379,1.4207893982950996,234.38318389099825,1.4201637989145164,259.16438705989196,234.3768263509807,272.51511085485623,1.419947673648049,1.4114570085558402,257.11172772631346,1.3613672637442666,51.705307136297556,173.60462161833087,51.66374904776476,1.2621262336962515,230.91123605986232,173.50674878218175,231.21704827050704,282.5581185736028,1.2620152370620787,1.251630133527836,171.22154072901137,1.2009511049104353,155.71085549561542,0.008571138144932629,0.005449361629481152
123.2803521,269.9999972,36.29291651,599.9999588,1.622141233,1219.506406,1.622195,281.4075519,155.9852128,1.57201732,944.549332,946.3286574,1.571315,278.134273,946.3286574,1.521316193,236.4041299,1.521205876,278.134273,1.520795,127.9579732,259.8462372,127.9579732,1.420835357,234.29415515,1.420131377,259.8462372,234.29415515,271.44332715,1.41998064,1.411445,257.9813971,1.361374998,50.06075704,172.85833985,50.06075704,1.2621414,230.0000023,172.85833985,230.0000023,283.05171915,1.261867315,1.251614999,171.10769725,1.200915018,162.84791975000002,0.008965944499999996,0.004458823500000001,123.23523949000963,268.8656281026309,36.983997258299816,599.864322091021,1.622148890759904,1219.23417292358,1.6222152557261198,280.9889559714924,152.7679328105082,1.572023872209758,941.4442233454068,942.9948931489291,1.5713307234256602,277.4775819694452,943.3168048757096,1.5213266001568038,233.19672800169698,1.5212618458026759,278.1272347578409,1.5208376178144432,127.21697487851688,258.56940970697184,127.34151444290995,1.4207894341526104,234.3834181161568,1.4201638334484874,259.16469066377886,234.37693610219785,272.5150325873239,1.4199477268845693,1.4114570037098797,257.11219375208117,1.3613672258272795,51.70804064091582,173.60701524610474,51.666601695628856,1.2621264151247005,230.91134507675693,173.50915149201717,231.21675095170355,282.55732268529033,1.262015426591525,1.251630122351532,171.22397115574782,1.2009510932496927,155.70639313622218,0.008571394001522821,0.005449573240778495
123.2803521,269.9999972,36.29291651,599.9999588,1.622141233,1219.506406,1.622195,281.4075519,155.9852128,1.57201732,944.549332,946.3286574,1.571315,278.134273,946.3286574,1.521316193,236.4041299,1.521205876,278.134273,1.520795,127.95803665,259.84620889999997,127.95803665,1.420835357,234.2942279,1.420131377,259.84620889999997,234.2942279,271.44343005,1.41998064,1.411445,257.9813674,1.361374998,50.060761305,172.8583233,50.060761305,1.2621413975,230.0000023,172.8583233,230.0000023,283.05169194999996,1.2618673125,1.251614999,171.10768175,1.200915018,162.84856739999998,0.008965937500000002,0.0044588195,123.23555815838681,268.8646834755846,36.98362297051922,599.8642762521002,1.6221488984722228,1219.2340275365536,1.6222152633709979,280.98964041169774,152.76861808522273,1.572023869487149,941.4450166669626,942.9954241388986,1.5713307155341412,277.47753844760393,943.3167213867184,1.5213265700360714,233.19985983578,1.5212618198736634,278.127902556974,1.5208376019927912,127.2173605746579,258.5702087086493,127.34202655841905,1.4207894691051999,234.38364698759742,1.420163867275546,259.16498547362215,234.37704384577077,272.5149571351704,1.4199477787031678,1.4114569990924504,257.11264924381254,1.361367189534613,51.7107050053992,173.60934731768376,51.669380882100214,1.2621265918441198,230.91144913833816,173.5114911319808,231.21646849884024,282.55654609123997,1.2620156115170171,1.2516301115733517,171.22633894518242,1.2009510822908587,155.70204070179406,0.008571644275190308,0.0054497820311011
123.2803521,269.9999972,36.29291651,599.9999588,1.622141233,1219.506406,1.622195,281.4075519,155.9852128,1.57201732,944.549332,946.3286574,1.571315,278.134273,946.3286574,1.521316193,236.4041299,1.521205876,278.134273,1.520795,127.95809985,259.8461807,127.95809985,1.420835357,234.29430035000001,1.420131377,259.8461807,234.29430035000001,271.4435324,1.41998064,1.411445,257.9813378,1.361374998,50.060765585,172.85830685000002,50.060765585,1.262141395,230.0000023,172.85830685000002,230.0000023,283.05166485,1.26186731,1.251614999,171.1076664,1.200915018,162.8492123,0.0089659305,0.004458815999999998,123.23587142560505,268.86372874557526,36.98325277331546,599.8642316179076,1.6221489060136505,1219.233885758425,1.6222152708069546,280.9903069419748,152.7692760080878,1.572023866831216,941.4457839413753,942.9959300821713,1.5713307077999283,277.4774977111605,943.3166312186079,1.5213265406627519,233.20287895035827,1.5212617946370806,278.1285519028463,1.5208375864763406,127.21773339475172,258.57098258448787,127.34252404205644,1.4207895031245892,234.3838678284612,1.4201639001862374,259.16526813930994,234.37714824327003,272.51488337224424,1.4199478291038443,1.4114569946126903,257.1130904092545,1.3613671539450114,51.713298995102434,173.6116178330679,51.672087841824094,1.2621267635928966,230.9115432892926,173.51376921574953,231.2161860459769,282.55577914432064,1.262015791199117,1.251630101095206,171.22864658292238,1.2009510716037313,155.69778333760598,0.008571888466274389,0.005449979512235853
123.2803521,269.9999972,36.29291651,599.9999588,1.622141233,1219.506406,1.622195,281.4075519,155.9852128,1.57201732,944.549332,946.3286574,1.571315,278.134273,946.3286574,1.521316193,236.4041299,1.521205876,278.134273,1.520795,127.95816275,259.8461526,127.95816275,1.420835357,234.2943725,1.420131377,259.8461526,234.2943725,271.44363435,1.41998064,1.411445,257.98130835,1.361374998,50.060769865,172.8582904,50.060769865,1.262141393,230.0000023,172.8582904,230.0000023,283.05163795,1.261867308,1.251614999,171.10765105000002,1.200915018,162.84985465,0.008965924000000004,0.004458812,123.23617717816738,268.8628043244551,36.9828928025538,599.8641885439368,1.6221489132633133,1219.233748294693,1.622215277990006,280.990959074074,152.76992136388688,1.5720238641586144,941.4465311222777,942.9964193276463,1.571330700271087,277.4774594119401,943.3165452249469,1.5213265122361552,233.20582070841368,1.5212617702660347,278.129182795458,1.5208375715947096,127.21809919154707,258.5717388722392,127.34300864964676,1.420789536239057,234.384085992466,1.420163932102015,259.165544104774,234.3772519715545,272.51481805545467,1.4199478782412815,1.4114569902650929,257.1135155629612,1.361367119470615,51.715826313961315,173.61382981961103,51.67472442676838,1.2621269312866754,230.91163744024703,173.5159882661183,231.21590359311358,282.5550266680979,1.2620159662772628,1.2516300908824762,171.23089556033204,1.2009510610977416,155.693632927438,0.00857212687376585,0.0054501724734942695
123.2803521,269.9999972,36.29291651,599.9999588,1.622141233,1219.506406,1.622195,281.4075519,155.9852128,1.57201732,944.549332,946.3286574,1.571315,278.134273,946.3286574,1.521316193,236.4041299,1.521205876,278.134273,1.520795,127.9582254,259.8461247,127.9582254,1.420835357,234.29444425,1.420131377,259.8461247,234.29444425,271.44373575,1.41998064,1.411445,257.98127905,1.361374998,50.060774165,172.85827410000002,50.060774165,1.2621413905,230.0000023,172.85827410000002,230.0000023,283.05161105,1.2618673055,1.251614999,171.1076358,1.200915018,162.85049429999998,0.008965917499999997,0.004458808500000001,123.23647306774383,268.8619203151872,36.98254373999703,599.8641471684354,1.6221489202420516,1219.2336151724924,1.622215284903659,280.9915911891944,152.7705519349025,1.5720238615804702,941.4472634190985,942.9969043986717,1.5713306928951822,277.4774172827977,943.3164675801851,1.5213264843327474,233.20870279143713,1.5212617462535682,278.12979976108045,1.5208375567985348,127.21845620921933,258.5724784094313,127.34348213701459,1.4207895687596703,234.38429947196767,1.4201639633632441,259.1658150450703,234.37735302298006,272.5147516125136,1.4199479261412598,1.411456985972563,257.113935238969,1.361367085808379,51.71829066591165,173.61598529554905,51.67729619283672,1.2621270942714249,230.9117216805747,173.5181523195589,231.21563105087705,282.55429348613734,1.2620161368793419,1.2516300808370735,171.2330898543829,1.200951050693642,155.68958650034506,0.008572358099425624,0.005450360348497421
123.2803521,269.9999972,36.29291651,599.9999588,1.622141233,1219.506406,1.622195,281.4075519,155.9852128,1.57201732,944.549332,946.3286574,1.571315,278.134273,946.3286574,1.521316193,236.4041299,1.521205876,278.134273,1.520795,127.9582877,259.8460969,127.9582877,1.420835357,234.29451569999998,1.420131377,259.8460969,234.29451569999998,271.44383674999995,1.41998064,1.411445,257.98124995,1.361374998,50.060778465,172.8582578,50.060778465,1.262141388,230.0000023,172.8582578,230.0000023,283.05158435,1.261867303,1.251614999,171.10762065,1.200915018,162.85113139999999,0.008965910999999997,0.004458804999999998,123.23676136438671,268.86105146036385,36.98220422211955,599.8641072346577,1.6221489269582015,1219.233486174746,1.6222152915918966,280.99220785261195,152.77116698189545,1.5720238590078828,941.447977110817,942.9973819556883,1.5713306857333884,277.4773796799268,943.3163932749829,1.5213264574258898,233.21151414849686,1.521261723020085,278.1304021033642,1.5208375424540586,127.21880386249363,258.57319617089627,127.34394508943481,1.4207896002056892,234.38450893618085,1.4201639937866517,259.16607802885096,234.3774540744056,272.5146930526332,1.4199479726490962,1.411456981820456,257.11434101004886,1.3613670529704256,51.720693285598706,173.61808728823578,51.67980252270649,1.2621272534627892,230.91181583152914,173.5202608715123,231.2153634639539,282.55358442200435,1.2620163033890173,1.2516300711147854,171.23522548810348,1.2009510406065336,155.6856292016022,0.008572584339203602,0.005450544268553549
123.2803521,269.9999972,36.29291651,599.9999588,1.622141233,1219.506406,1.622195,281.4075519,155.9852128,1.57201732,944.549332,946.3286574,1.571315,278.134273,946.3286574,1.521316193,236.4041299,1.521205876,278.134273,1.520795,127.9583497,259.8460692,127.9583497,1.420835357,234.29458685,1.420131377,259.8460692,234.29458685,271.4439373,1.41998064,1.411445,257.98122085,1.361374998,50.06078278,172.85824159999999,50.06078278,1.262141386,230.0000023,172.85824159999999,230.0000023,283.0515578,1.261867301,1.251614999,171.10760545,1.200915017,162.85176585,0.008965904500000002,0.004458800999999999,123.23704332053866,268.86018260554056,36.9818681130561,599.8640688808515,1.6221489334326034,1219.2333609758398,1.6222152980244802,280.9928090643265,152.77175763399566,1.5720238565575346,941.4486640111885,942.9978327962284,1.5713306787769663,277.47734138070643,943.3163114557716,1.5213264310671348,233.21422604717,1.5212617005284907,278.1309866887367,1.5208375285490727,127.21914449246945,258.5738913191063,127.3443957510828,1.4207896307750656,234.38471572353512,1.4201640232675095,259.166331799824,234.37755177975745,272.514636745056,1.419948017790572,1.4114569778197852,257.1147328762008,1.3613670212476776,51.7230329383772,173.62013075208154,51.68224341637769,1.2621274078143174,230.91189016123002,173.52231240830164,231.21510083234415,282.5528705343059,1.2620164649110757,1.2516300616406033,171.23730594134383,1.2009510309835905,155.68176697309943,0.00857280459425548,0.005450720837646321
123.2803521,269.9999972,36.29291651,599.9999588,1.622141233,1219.506406,1.622195,281.4075519,155.9852128,1.57201732,944.549332,946.3286574,1.571315,278.134273,946.3286574,1.521316193,236.4041299,1.521205876,278.134273,1.520795,127.9584115,259.84604165,127.9584115,1.420835357,234.29465765,1.420131377,259.84604165,234.29465765,271.44403735000003,1.41998064,1.411445,257.98119195000004,1.361374998,50.060787105,172.8582255,50.060787105,1.2621413835,230.0000022,172.8582255,230.0000022,283.05153129999997,1.261867299,1.251614999,171.10759045,1.200915017,162.85239775000002,0.008965897500000004,0.004458797500000002,123.23731697925804,268.8593440596064,36.98154427572317,599.8640322057649,1.6221489396138509,1219.2332401998685,1.6222153041986607,280.9933934196378,152.7723468076175,1.5720238540849611,941.4493457021313,942.9982828018785,1.5713306719385238,277.4773002960883,943.3162446645786,1.521326405206655,233.21687606062488,1.5212616784572999,278.1315545617221,1.5208375149248723,127.21947926969656,258.5745747419248,127.34483821888266,1.4207896608354238,234.38492117245988,1.4201640520938188,259.16657970810127,234.37765216196826,272.51458719438807,1.4199480618492708,1.411456973857662,257.1151142083163,1.3613669899855578,51.72531518015085,173.62212376002984,51.684624429753974,1.2621275582416542,230.91197935687106,173.5243124800756,231.2148431560478,282.55219041156613,1.2620166223407305,1.2516300523106687,171.23933320258976,1.200951021111583,155.67800872767174,0.008573019862593833,0.005450894582689344
123.2803521,269.9999972,36.29291651,599.9999588,1.622141233,1219.506406,1.622195,281.4075519,155.9852128,1.57201732,944.549332,946.3286574,1.571315,278.134273,946.3286574,1.521316193,236.4041299,1.521205876,278.134273,1.520795,127.95847295,259.8460142,127.95847295,1.420835357,234.2947281,1.420131377,259.8460142,234.2947281,271.44413695000003,1.41998064,1.411445,257.98116319999997,1.361374998,50.060791435,172.85820940000002,50.060791435,1.262141381,230.0000022,172.85820940000002,230.0000022,283.051505,1.2618672965,1.251614999,171.10757545,1.200915017,162.85302710000002,0.008965891,0.004458793999999999,123.23758406265351,268.8585004621907,36.98122521072987,599.8639971698987,1.6221489455464038,1219.2331233041407,1.622215310070455,280.9939616208961,152.77291306482496,1.5720238517235146,941.4500013459311,942.9987169446208,1.5713306652748658,277.4772595596448,943.3161711942663,1.521326380218157,233.21945976848872,1.5212616573011053,278.1321105967667,1.5208375017645783,127.21980585307544,258.5752380640721,127.3452701517349,1.420789690188812,234.3851219368815,1.4201640802917617,259.16681965986294,234.37775053653485,272.51454102217474,1.419948105005656,1.4114569700717552,257.11548374231114,1.3613669598507656,51.727539393597006,173.6240663120807,51.68694371086745,1.2621277047447998,230.91205864188532,173.52626007771622,231.21459043506485,282.5515199359574,1.2620167756779814,1.2516300432749992,171.24130975744845,1.2009510119641265,155.67432475586907,0.008573229544743498,0.005451060409670798
123.2803521,269.9999972,36.29291651,599.9999588,1.622141233,1219.506406,1.622195,281.4075519,155.9852128,1.57201732,944.549332,946.3286574,1.571315,278.134273,946.3286574,1.521316193,236.4041299,1.521205876,278.134273,1.520795,127.95853414999999,259.84598689999996,127.95853414999999,1.420835357,234.2947983,1.420131377,259.84598689999996,234.2947983,271.4442361,1.41998064,1.411445,257.98113455,1.361374998,50.060795775,172.8581935,50.060795775,1.262141379,230.0000022,172.8581935,230.0000022,283.0514788,1.261867294,1.251614999,171.10756055,1.200915017,162.85365385,0.008965884499999997,0.00445879,123.23784394450372,268.8576922251458,36.980913645127444,599.8639633980097,1.6221489512052534,1219.2330100987144,1.6222153156838464,280.9945185845522,152.77346379800977,1.572023849423188,941.4506458266696,942.9991435733541,1.5713306588733842,277.4772212604244,943.3160952192843,1.5213263561514676,233.2219705402024,1.5212616370228123,278.13264678585165,1.5208374891292311,127.22012424260612,258.57588966082795,127.34569272018925,1.420789718891788,234.38531667837046,1.4201641080707939,259.1670570990407,234.37784623424247,272.5144948499614,1.4199481469245818,1.4114569664620653,257.11584864133,1.3613669309160314,51.72970619603831,173.62596042647007,51.68920434633127,1.2621278479777858,230.91213297158617,173.5281592376953,231.21435258002205,282.55086875461086,1.2620169254343794,1.2516300345624443,171.24323660016282,1.2009510033940467,155.67073585430649,0.008573434838521323,0.005451223411756665
123.2803521,269.9999972,36.29291651,599.9999588,1.622141233,1219.506406,1.622195,281.4075519,155.9852128,1.57201732,944.549332,946.3286574,1.571315,278.134273,946.3286574,1.521316193,236.4041299,1.521205876,278.134273,1.520795,127.95859505,259.84595975,127.95859505,1.420835357,234.2948681,1.420131378,259.84595975,234.2948681,271.4443348,1.41998064,1.411445,257.98110605,1.361374998,50.060800125,172.85817755,50.060800125,1.262141377,230.0000022,172.85817755,230.0000022,283.0514527,1.261867292,1.251614999,171.10754565,1.200915017,162.85427805,0.008965877999999997,0.0044587865,123.23809646825336,268.85691429699,36.980614351255525,599.8639312258416,1.6221489566056824,1219.2329008549352,1.6222153210663244,280.9950572871048,152.774007878042,1.5720238471784247,941.4512769117347,942.999565192748,1.5713306525811432,277.4771780867579,943.3160326025409,1.5213263325830535,233.2244194266978,1.521261616967086,278.1331693961221,1.5208374766525887,127.22043853521268,258.5765186443288,127.34610592424572,1.420789746774679,234.38551208907415,1.4201641348810943,259.1672857441748,234.37794460880906,272.51445430850583,1.4199481877865114,1.411456962863389,257.1161975286136,1.3613669025146562,51.731819908733186,173.62780307584404,51.691408188113314,1.262127986894161,230.91221225660047,173.5300094554539,231.21411472497925,282.5502320439608,1.2620170713541488,1.2516300260114466,171.2451142278543,1.2009509948013246,155.66723608109396,0.0085736348449205,0.005451383022688706
123.2803521,269.9999972,36.29291651,599.9999588,1.622141233,1219.506406,1.622195,281.4075519,155.9852128,1.57201732,944.549332,946.3286574,1.571315,278.134273,946.3286574,1.521316193,236.4041299,1.521205876,278.134273,1.520795,127.95865570000001,259.84593265,127.95865570000001,1.420835357,234.29493765,1.420131378,259.84593265,234.29493765,271.444433,1.41998064,1.411445,257.9810777,1.361374998,50.06080448,172.85816169999998,50.06080448,1.2621413745,230.0000022,172.85816169999998,230.0000022,283.0514267,1.26186729,1.251614999,171.10753085,1.200915017,162.85489965,0.008965871499999997,0.004458782999999998,123.23834147734709,268.85617172920496,36.98032119324886,599.86390035715,1.6221489617810358,1219.2327952471887,1.622215326228885,280.9955840497052,152.77453495557322,1.5720238449947812,941.4518908801057,942.9999726190139,1.571330646503013,277.4771418765859,943.3159691509076,1.5213263095378282,233.2268086381613,1.52126159755433,278.13367982027705,1.520837464676477,127.22074697507053,258.57713925255,127.34651151972892,1.4207897741768305,234.38570281527467,1.42016416122012,259.16751648312885,234.37803963730195,272.5144148932018,1.4199482276945663,1.4114569594051354,257.11654220228263,1.3613668749981724,51.733879297036374,173.6296013240283,51.69355770550409,1.2621281224095706,230.91229649692812,173.53181325378685,231.21389669119003,282.5496194511385,1.2620172136930647,1.2516300176854753,171.24694363476576,1.2009509865142725,155.6638165233965,0.008573829264000212,0.005451538110127435
123.2803521,269.9999972,36.29291651,599.9999588,1.622141233,1219.506406,1.622195,281.4075519,155.9852128,1.57201732,944.549332,946.3286574,1.571315,278.134273,946.3286574,1.521316193,236.4041299,1.521205876,278.134273,1.520795,127.9587161,259.84590575,127.9587161,1.420835357,234.29500685,1.420131378,259.84590575,234.29500685,271.44453085,1.41998064,1.411445,257.98104945,1.361374998,50.06080885,172.8581459,50.06080885,1.262141372,230.0000022,172.8581459,230.0000022,283.0514009,1.261867288,1.251614999,171.1075161,1.200915017,162.85551880000003,0.008965865499999998,0.0044587795,123.23858225944686,268.85541905845685,36.98003485287027,599.8638706931866,1.6221489667702156,1219.232692787052,1.6222153312265075,280.99609500942756,152.7750428128859,1.572023842866701,941.4524869875786,943.0003666870415,1.5713306405472323,277.477104273715,943.3159006899348,1.5213262869659643,233.22911828291552,1.5212615785743424,278.13417492474383,1.520837452810238,127.2210460505304,258.5777397601001,127.3469065802645,1.4207898007023394,234.38589086461624,1.4201641867475057,259.16773424039945,234.37813332736536,272.5143811086554,1.4199482665456251,1.4114569560157164,257.1168776059998,1.361366848136266,51.7358868302384,173.63135416190485,51.69565166385834,1.2621282542624017,230.912370826629,173.5335686144583,231.21367370208742,282.5490165054472,1.2620173519395772,1.2516300095210613,171.24872730650446,1.2009509782272203,155.66047718121408,0.008574019293688798,0.005451686409542063
123.2803521,269.9999972,36.29291651,599.9999588,1.622141233,1219.506406,1.622195,281.4075519,155.9852128,1.57201732,944.549332,946.3286574,1.571315,278.134273,946.3286574,1.521316193,236.4041299,1.521205876,278.134273,1.520795,127.95877615,259.84587895,127.95877615,1.420835357,234.29507575,1.420131378,259.84587895,234.29507575,271.44462814999997,1.41998064,1.411445,257.98102129999995,1.361374998,50.060813225,172.8581302,50.060813225,1.26214137,230.0000022,172.8581302,230.0000022,283.05137515,1.2618672855,1.251614999,171.10750145,1.200915017,162.85613535,0.008965858999999998,0.004458776000000002,123.23881576172373,268.8546865936349,36.979756011882536,599.8638421154536,1.6221489715843362,1219.2325935016602,1.6222153360042129,280.99659402919764,152.77554106008932,1.572023840738621,941.4530674667658,943.0007524061702,1.571330634761866,277.4770663226694,943.315832228962,1.521326265166427,233.23137267301058,1.5212615602002306,278.1346564503961,1.5208374412492005,127.22134044379129,258.57832267956286,127.34729286167706,1.4207898264925996,234.38607556788412,1.4201642114370696,259.16794697250225,234.37822768664353,272.5143495764122,1.4199483042623462,1.4114569527419396,257.11719784070453,1.36136682195318,51.7378449776298,173.63305856211988,51.69769253246658,1.2621283827142666,230.91244515632985,173.53528058305795,231.21346062361158,282.548423206887,1.262017486733124,1.251630001616293,171.25046424882746,1.2009509703703702,155.65721805454675,0.008574204733971774,0.005451831882734658
123.2803521,269.9999972,36.29291651,599.9999588,1.622141233,1219.506406,1.622195,281.4075519,155.9852128,1.57201732,944.549332,946.3286574,1.571315,278.134273,946.3286574,1.521316193,236.4041299,1.521205876,278.134273,1.520795,127.95883595000001,259.84585225,127.95883595000001,1.420835357,234.2951443,1.420131378,259.84585225,234.2951443,271.44472505,1.41998064,1.411445,257.98099335,1.361374998,50.06081761,172.85811460000002,50.06081761,1.262141368,230.0000022,172.85811460000002,230.0000022,283.05134955,1.261867283,1.251614999,171.10748685,1.200915017,162.8567494,0.008965852500000003,0.004458772499999998,123.23904214073302,268.853984437702,36.97948398852287,599.8638143474559,1.6221489762692467,1219.2324968754563,1.622215340691202,280.99707865078994,152.77602526174846,1.5720238386716607,941.4536330618712,943.0011314461799,1.571330629055153,277.477028023449,943.3157696122186,1.5213262434665447,233.23356738807368,1.5212615418261188,278.1351247454086,1.5208374295172502,127.22162664320398,258.5788905235224,127.34766860814202,1.4207898514910535,234.38625558664884,1.420164235864814,259.16815844831314,234.37831669220375,272.51431804416893,1.4199483409994123,1.4114569494571494,257.117515968602,1.3613667961095046,51.73975126992004,173.63472057938108,51.69968154597407,1.2621285077651658,230.91250957540393,173.536945627673,231.21324258982236,282.54784437902333,1.262017618073705,1.251629993798073,171.2521554559777,1.2009509623323824,155.65403617244945,0.008574385684414492,0.005451971133084342
123.2803521,269.9999972,36.29291651,599.9999588,1.622141233,1219.506406,1.622195,281.4075519,155.9852128,1.57201732,944.549332,946.3286574,1.571315,278.134273,946.3286574,1.521316193,236.4041299,1.521205876,278.134273,1.520795,127.95889550000001,259.8458257,127.95889550000001,1.420835357,234.2952125,1.420131378,259.8458257,234.2952125,271.4448215,1.41998064,1.411445,257.9809655,1.361374998,50.060822,172.85809899999998,50.060822,1.2621413655,230.0000022,172.85809899999998,230.0000022,283.05132404999995,1.261867281,1.251614999,171.10747229999998,1.200915017,162.85736095,0.008965845999999998,0.0044587690000000004,123.23926523208034,268.8532721788062,36.97921605574004,599.8637875076914,1.6221489807679834,1219.2324029898439,1.6222153452160024,280.9975506300799,152.7764968963416,1.572023836676933,941.454184517099,943.0014937883917,1.5713306235800293,277.4769935541507,943.3157095001449,1.5213262229625226,233.23570463829125,1.521261524515381,278.1355825951792,1.5208374186276563,127.22190757514281,258.5794449670344,127.34803733130856,1.4207898760087678,234.38643225933984,1.4201642595332824,259.1683607113164,234.37840770540822,272.5142921426834,1.4199483767310428,1.4114569463650963,257.1178210342944,1.361366771781054,51.74161002836755,173.63634021368844,51.70161993902607,1.2621286296767118,230.91257894979142,173.53857081212905,231.2130344666599,282.5472800218563,1.2620177460892084,1.2516299862741185,171.2538098761411,1.2009509547472392,155.6509345058672,0.008574562344463313,0.005452104160114093
123.2803521,269.9999972,36.29291651,599.9999588,1.622141233,1219.506406,1.622195,281.4075519,155.9852128,1.57201732,944.549332,946.3286574,1.571315,278.134273,946.3286574,1.521316193,236.4041299,1.521205876,278.134273,1.520795,127.95895475,259.8457993,127.95895475,1.420835357,234.2952805,1.420131378,259.8457993,234.2952805,271.44491755,1.41998064,1.411445,257.9809378,1.361374998,50.060826399999996,172.85808350000002,50.060826399999996,1.262141363,230.0000022,172.85808350000002,230.0000022,283.05129865000004,1.261867279,1.251614999,171.10745780000002,1.200915017,162.85797000000002,0.008965839999999997,0.004458764999999998,123.23948041738342,268.85258517731796,36.97895630411088,599.8637612801658,1.622148985195863,1219.2323114378044,1.6222153496116012,280.9980099670674,152.77694857147708,1.572023834682205,941.4547129020001,943.0018427723653,1.5713306181879283,277.47695769215346,943.3156385345023,1.5213262024086731,233.2377689523587,1.5212615073282914,278.1360268661353,1.5208374076403979,127.2221785574088,258.57997847234736,127.34839493425262,1.4207898997063975,234.38660558595717,1.4201642820235638,259.1685562740959,234.378495372539,272.5142673673494,1.4199484113798968,1.4114569432978235,257.1181164086734,1.3613667470768276,51.7434206356497,173.63791746504197,51.70350894626782,1.2621287480564858,230.91263841355214,173.5401515953954,231.21282634349745,282.54672531182035,1.262017870268083,1.2516299789348007,171.25541508128163,1.2009509472753068,155.64789522913003,0.008574734014781149,0.00545223549211039
123.2803521,269.9999972,36.29291651,599.9999588,1.622141233,1219.506406,1.622195,281.4075519,155.9852128,1.57201732,944.549332,946.3286574,1.571315,278.134273,946.3286574,1.521316193,236.4041299,1.521205876,278.134273,1.520795,127.95901375,259.845773,127.95901375,1.420835357,234.2953481,1.420131378,259.845773,234.2953481,271.44501315,1.41998064,1.411445,257.98091015,1.361374998,50.06083081,172.85806804999999,50.06083081,1.262141361,230.0000022,172.85806804999999,230.0000022,283.05127345000005,1.261867277,1.251614999,171.10744340000002,1.200915017,162.85857655,0.008965833500000001,0.004458762,123.23968973186157,268.85190827879285,36.97870200658417,599.8637359018749,1.6221489894750813,1219.2322223821454,1.6222153538999902,280.9984566617525,152.77738989726407,1.572023832743041,941.4552323564521,943.0021850772198,1.571330612944394,277.47692183015624,943.3155717433094,1.5213261825773225,233.23978464232601,1.5212614906234292,278.13646104002424,1.5208373968973008,127.22244485747581,258.580497739685,127.34874551389827,1.420789922555663,234.3867789125745,1.4201643040163885,259.168740949012,234.37858504731398,272.5142493489247,1.4199484450490956,1.4114569403103991,257.1183949285943,1.3613667237423646,51.74518556105701,173.63945031520575,51.70534856769932,1.2621288631661,230.91269787731284,173.54168898658995,231.21262813096178,282.54618507248097,1.2620179911218796,1.25162997177435,171.2569770368566,1.20095093996187,155.6449480516879,0.008574901494022819,0.005452362298418965
123.2803521,269.9999972,36.29291651,599.9999588,1.622141233,1219.506406,1.622195,281.4075519,155.9852128,1.57201732,944.549332,946.3286574,1.571315,278.134273,946.3286574,1.521316193,236.4041299,1.521205876,278.134273,1.520795,127.95907245000001,259.84574680000003,127.95907245000001,1.420835357,234.29541545,1.420131378,259.84574680000003,234.29541545,271.44510825,1.419980641,1.411445,257.98088270000005,1.361374998,50.060835229999995,172.8580527,50.060835229999995,1.262141359,230.0000022,172.8580527,230.0000022,283.05124824999996,1.261867275,1.251614999,171.10742905,1.200915017,162.85918064999998,0.008965827499999997,0.0044587585,123.23989356690313,268.8512364317492,36.978453844922726,599.8637114518172,1.6221489935847984,1219.2321359585399,1.6222153580124454,280.9988907141352,152.77782383065934,1.572023830892778,941.4557361826184,943.002514023836,1.5713306078144698,277.47688805720736,943.3155082916761,1.5213261632691608,233.24174286744778,1.521261474648091,278.1368830277976,1.5208373866181102,127.2227053047941,258.5810036065751,127.34908614387118,1.4207899448676315,234.38694755468865,1.4201643254332104,259.168924367636,234.37867137601526,272.51423076742424,1.4199484777902,1.411456937419343,257.1186700776235,1.36136670073519,51.74690542191213,173.6409468371234,51.70714250725636,1.2621289752671676,230.91276229638692,173.54318904042043,231.21242991842612,282.5456544802726,1.2620181089063736,1.2516299648504652,171.2585017083233,1.2009509328974979,155.64207514787083,0.008575064881813855,0.005452485710961775
123.2803521,269.9999972,36.29291651,599.9999588,1.622141233,1219.506406,1.622195,281.4075519,155.9852128,1.57201732,944.549332,946.3286574,1.571315,278.134273,946.3286574,1.521316193,236.4041299,1.521205876,278.134273,1.520795,127.9591309,259.8457207,127.9591309,1.420835357,234.29548245,1.420131378,259.8457207,234.29548245,271.44520295,1.419980641,1.411445,257.98085535,1.361374998,50.060839655,172.8580374,50.060839655,1.262141357,230.0000022,172.8580374,230.0000022,283.05122325,1.2618672725,1.251614999,171.10741475,1.200915017,162.8597823,0.008965821,0.004458754999999999,123.24009411428273,268.8505948935948,36.978210455600916,599.8636878312445,1.6221489975472434,1219.2320520584492,1.6222153619682094,280.99931985006697,152.77823780459693,1.5720238290702968,941.4562273573152,943.0028329517736,1.5713306028768084,277.4768553287827,943.3154423353731,1.5213261448828082,233.24364804809673,1.5212614593033584,278.13729596302795,1.5208373767784098,127.22295814353905,258.5814985856017,127.34941857999593,1.4207899666705817,234.38711084308488,1.4201643464311215,259.16910276109235,234.37875569707234,272.5142166905299,1.4199485096289908,1.4114569346494361,257.1189363780622,1.361366678722003,51.74858145286032,173.642405012559,51.708890764938914,1.2621290846213011,230.91281184952084,173.5446512523278,231.21223666120386,282.54512871162984,1.2620182240052276,1.2516299581112176,171.259987107196,1.2009509262293643,155.6392616629538,0.008575223478808621,0.005452602898851719
123.28041155,270.00005895000004,36.292917535,599.99994685,1.6221411875,1219.5063535,1.6221949544999998,281.40768255,155.98518925000002,1.572017224,944.5493179499999,946.32866425,1.571314904,278.13440575,946.3286501,1.521316423,236.404502,1.5212061065,278.13440575,1.52079523,127.95918739999999,259.8458058,127.9591869,1.4208371419999999,234.29551625,1.4201331609999999,259.8458058,234.29551625,271.4452543,1.4199824235,1.411446768,257.9809397,1.3613746055,50.060840389999996,172.85613545,50.060840385,1.262033863,225.1582409,172.85613545,225.1582409,278.81426209999995,1.261761334,1.2515963675,171.08593639999998,1.2009090384999999,162.8519676,0.0087478905,0.004391140999999998,123.13673284023871,268.61435225683636,36.91043641503799,599.8675044694534,1.6221509396663445,1219.2378707956539,1.6222161003353384,280.88554193778884,152.36975345713827,1.5720232786032173,940.9539543449728,942.6401935191428,1.5713318860657652,277.40940935721454,942.8063907534788,1.521313247479253,232.15996272940748,1.5212542852637225,278.0234003488394,1.5208234215685072,127.22750046182497,258.3936712143216,127.34591629518864,1.4207716578481457,234.47253409683438,1.4201484424509094,258.9657853101212,234.45576892920073,272.60053170180714,1.4199322451888496,1.4114545422001232,256.930787954979,1.3613574462871274,51.72884935222392,173.49545725689688,51.67416945372578,1.2620394100459609,226.80639319509618,173.36117897707834,227.17328459860482,279.04807746714823,1.2619236209320503,1.2516264203638785,171.1202005343018,1.2009379305126766,154.7653255101787,0.008456050730499166,0.0052061707478050084
123.28034245,269.9999831,36.29291203,599.9999597,1.6221412435,1219.5064035,1.6221950105,281.40753105,155.9852148,1.572017336,944.5493348,946.3286593,1.571315016,278.13425259999997,946.3286593,1.5213161145,236.40407315,1.5212057975,278.13425259999997,1.5207949215,127.95924755,259.84563285,127.95924755,1.4208352495,234.29563365,1.4201312705,259.84563285,234.29563365,271.44541489999995,1.4199805335,1.4114448945,257.98076405,1.3613754660000001,50.060846760000004,172.85797855,50.060846760000004,1.2620498175,225.00091444999998,172.85797855,225.00091444999998,278.6661366,1.2617773374999999,1.251615019,171.09068055,1.200911868,162.83405235,0.008604043499999998,0.004312476000000001,123.17048937908474,268.74757497925236,36.91542964583049,599.8718082523501,1.6221493663519588,1219.2392716992372,1.6222150272924318,280.94510614558766,152.49357158338603,1.572024016519145,941.0710131824873,942.7159455834424,1.5713324511264921,277.3974645267355,942.9259653564741,1.5213228483443084,232.51146192858,1.5212635683076476,278.08248177068214,1.5208324820036196,127.24497150204571,258.4814039435886,127.35685976466168,1.420775120897547,234.49269686769634,1.4201512802845613,259.02455548487103,234.4361917212351,272.6305290004971,1.4199356220341839,1.411456446453335,256.91505811055345,1.3613628354328964,51.74399165908508,173.54321981851785,51.69497507825803,1.2620363209224936,226.50058098445146,173.4013393486342,226.87471705613854,278.7373771406475,1.2619215252376943,1.2516276318475215,171.16088097625277,1.2009438606003977,155.31537518071028,0.008417211397640815,0.005259034494482387
123.2803514,269.99999890000004,36.29291497,599.99995795,1.622141232,1219.5064069999999,1.622194999,281.40755045000003,155.98521355,1.5720173205,944.5493328499999,946.32865815,1.5713150015,278.13427165,946.32865815,1.5213162005,236.40412675,1.5212058835,278.13427165,1.5207950074999999,127.9593046,259.8456397,127.9593046,1.420835346,234.2956825,1.4201313660000001,259.8456397,234.2956825,271.44548545,1.4199806289999999,1.411444988,257.98077035,1.361375007,50.06085122,172.85794495,50.06085122,1.2620498725,225.0000059,172.85794495,225.0000059,278.66527335,1.261777393,1.2516150934999999,171.09066945,1.200913569,162.81624925,0.008583661499999999,0.004282902,123.17508153834466,268.7601077049307,36.916884527658894,599.8708517771523,1.6221494184667256,1219.2374651066968,1.6222151465948653,280.9483822577868,152.48762514346856,1.57202405556358,941.0734645907468,942.7061222690083,1.5713324884866735,277.3944914627118,942.9340679630712,1.521324739323379,232.5117006287077,1.5212651112137139,278.0848072297071,1.5208338108514843,127.23756192215913,258.4632480123887,127.34832177489417,1.4207745432183416,234.49048109769655,1.4201502854234305,259.00767762134393,234.43259402279992,272.6412060432902,1.4199342216687856,1.4114566031017608,256.8937073043365,1.3613639103940325,51.735294200510864,173.52962195416166,51.68779191215836,1.26203424881863,226.44442737309868,173.3924217733232,226.80971821038187,278.6779508133146,1.2619189488137914,1.2516278093182256,171.1456422155288,1.200944665361466,155.35370037123792,0.00840578775176458,0.00525969141368292
123.2803523,269.9999978,36.29291479,599.99995825,1.622141233,1219.506408,1.622195,281.40755215,155.98521215,1.5720173195,944.54933145,946.32865685,1.571315,278.13427335,946.32865685,1.521316193,236.4041302,1.5212058765,278.13427335,1.520795,127.95936205,259.8456178,127.95936205,1.4208353575000001,234.29574730000002,1.420131378,259.8456178,234.29574730000002,271.44557725,1.419980641,1.411445,257.98074744999997,1.3613749965,50.060855790000005,172.85794195,50.060855790000005,1.2620498085,225.00000054999998,172.85794195,225.00000054999998,278.66524605,1.2617773285,1.2516150289999999,171.09066710000002,1.200914047,162.7986176,0.008581086499999998,0.004271987999999999,123.17767221596958,268.75363675708957,36.91494627600091,599.8699350974846,1.6221495377582746,1219.2357973074822,1.6222152772147973,280.9480900801312,152.49506780347468,1.5720240522631113,941.0814424585494,942.7041945082545,1.5713324933718995,277.38880890293547,942.9446151273312,1.52132561810633,232.51088949031075,1.52126582104052,278.08489218434136,1.5208343682717276,127.23356800642878,258.45640708398014,127.34315730946311,1.4207742971645543,234.48807393228148,1.420150019598254,258.9970121214886,234.43078513536125,272.6453367671553,1.4199335548072498,1.4114567248110872,256.8864025821763,1.3613641240528618,51.73220820466925,173.52218475488115,51.68468863130729,1.2620333857581354,226.40740622675057,173.3896466989648,226.77248398555793,278.6429172568683,1.261917650626606,1.2516278396390705,171.13788761813422,1.200944857582584,155.33585093366503,0.00839853445791493,0.005256011430746735
123.2803522,269.9999978,36.29291479,599.999958,1.622141233,1219.506407,1.622195,281.4075518,155.9852122,1.57201732,944.5493315,946.3286569,1.571315,278.1342729,946.3286569,1.521316193,236.40412895,1.521205876,278.1342729,1.520795,127.95941915,259.845592,127.95941915,1.420835358,234.29581295,1.420131378,259.845592,234.29581295,271.44567010000003,1.419980641,1.411445,257.98072035,1.3613749985,50.060860345,172.8579374,50.060860345,1.2620497895,225.0000009,172.8579374,225.0000009,278.66522369999996,1.2617773095,1.2516150105000001,171.09066335,1.2009142145,162.7811366,0.008580893000000001,0.004267983000000001,123.17991831530996,268.7504290663174,36.91222058830178,599.8692457954537,1.6221496586670345,1219.2345370695102,1.6222153953571667,280.948519567238,152.50426024260616,1.5720239978942774,941.0909355258714,942.704070944551,1.571332454705204,277.3834518865321,942.9553751885188,1.521326012142311,232.51535185658713,1.5212659427721018,278.0855272550498,1.5208344916464316,127.23129362827402,258.45336685747145,127.3396444897082,1.4207742575176852,234.48546131794163,1.420149905549749,258.9902704401437,234.42896888656043,272.64755190724327,1.4199330026427013,1.4114567741118516,256.8860309413742,1.3613638318205312,51.730661811473965,173.51778701886153,51.683144707414606,1.2620328214594128,226.371366232454,173.38883587269316,226.73664220379703,278.60792228894627,1.2619165800793763,1.251627785990504,171.13330515266955,1.2009447291332758,155.31381543458417,0.008392089831420965,0.005251297983100359
123.2803521,269.9999978,36.2929148,599.999958,1.622141233,1219.506407,1.622195,281.4075517,155.9852122,1.57201732,944.5493315,946.3286569,1.571315,278.1342729,946.3286569,1.521316193,236.4041289,1.521205876,278.1342729,1.520795,127.95947605,259.8455666,127.95947605,1.420835358,234.29587815000002,1.420131378,259.8455666,234.29587815000002,271.44576225000003,1.419980641,1.411445,257.98069375,1.361374999,50.060864890000005,172.85792965000002,50.060864890000005,1.2620497825,225.0000013,172.85792965000002,225.0000013,278.66520130000004,1.261777303,1.2516150045,171.09065635000002,1.2009142875,162.76379365,0.008580978499999998,0.004266535999999999,123.18153764538087,268.74818115703613,36.909157428013586,599.8686980983613,1.6221497930942346,1219.2335792734561,1.622215513928375,280.9489177997639,152.51260920983987,1.5720239384080499,941.1001740753958,942.7041510939804,1.5713324046644093,277.37726099164917,942.9630144312148,1.5213261856666283,232.52076681318798,1.5212656560444586,278.08514426284626,1.5208342736103924,127.2292574569924,258.45216835495523,127.33688960090674,1.4207741252577653,234.48358283217013,1.420149754663263,258.98483320860254,234.42804938550947,272.650064351339,1.4199323615357824,1.4114568048382696,256.88730261024125,1.361363178794975,51.72880490499435,173.51360220672908,51.68137669540795,1.2620320897285235,226.33038579070606,173.3863973391706,226.6959590808526,278.5676213989409,1.2619151467149812,1.251627698391823,171.12751169936894,1.2009443805563145,155.28740670446012,0.008385303726766264,0.0052455424188818794
123.2803521,269.9999978,36.2929148,599.999958,1.622141233,1219.506407,1.622195,281.4075517,155.9852122,1.57201732,944.5493315,946.3286569,1.571315,278.1342729,946.3286569,1.521316193,236.4041289,1.521205876,278.1342729,1.520795,127.95953259999999,259.84554134999996,127.95953259999999,1.420835358,234.29594305,1.420131378,259.84554134999996,234.29594305,271.44585395,1.419980641,1.411445,257.98066725,1.361374999,50.06086943,172.85791945,50.06086943,1.262049779,225.00000154999998,172.85791945,225.00000154999998,278.66517875,1.261777299,1.251615002,171.0906471,1.2009143275,162.7465794,0.008581088000000004,0.004266034499999998,123.18280089035038,268.74325091106186,36.90631447711179,599.8683861330046,1.6221498751732557,1219.2329633187155,1.622215580821746,280.9496805520092,152.5222629342161,1.5720239703459198,941.1110900609303,942.7050978591145,1.5713324180397912,277.37074350886905,942.9687668227093,1.5213265603197061,232.5335240089023,1.521265461076091,278.08454087603826,1.5208341040159548,127.22845504514211,258.4533559696079,127.33557156190508,1.4207740922846912,234.4830963130551,1.4201497254965885,258.9808700262777,234.42846095257377,272.65214041171123,1.4199318610351501,1.4114568899936348,256.8892033717586,1.3613627400222164,51.72742951016836,173.51124995279108,51.679919814005814,1.262031376048915,226.28228951892788,173.383841243407,226.65118286904675,278.52091963747694,1.2619139044146837,1.251627718869212,171.12219249992526,1.2009442765606027,155.25434008658627,0.008378382897351317,0.005240259422180905
123.2803521,269.9999978,36.2929148,599.999958,1.622141233,1219.506407,1.622195,281.4075517,155.9852122,1.57201732,944.5493315,946.3286569,1.571315,278.1342729,946.3286569,1.521316193,236.4041289,1.521205876,278.1342729,1.520795,127.959589,259.84551625,127.959589,1.420835358,234.2960076,1.420131378,259.84551625,234.2960076,271.44594525,1.419980641,1.411445,257.9806409,1.361374999,50.060873965,172.8579079,50.060873965,1.262049776,225.0000017,172.8579079,225.0000017,278.66515605,1.2617772965,1.251615001,171.0906364,1.2009143545,162.7294863,0.008581187499999999,0.0042658805,123.18416315656704,268.7358555421006,36.90365355687925,599.8684484233778,1.6221498840345723,1219.2328564627787,1.6222155845960782,280.95049387346415,152.5330558261598,1.5720240265316785,941.1223059607115,942.7059402630125,1.5713324355619347,277.36370898661414,942.9750393506192,1.5213270831847245,232.546734292822,1.521265402503973,278.08539912674894,1.5208339771741604,127.22834852511531,258.4589163177598,127.3344554427327,1.4207740497816639,234.48377021229697,1.4201497429599386,258.97967654892926,234.42964077815807,272.65390171272674,1.4199314837390364,1.4114570014493493,256.88890673329524,1.3613625742687367,51.72641092782416,173.50796628298664,51.67845984599054,1.262030631237388,226.23488203571117,173.38135679501778,226.60586157276782,278.47565529854097,1.2619127315573615,1.251627779216637,171.11757275035234,1.2009442887194743,155.22028117308173,0.00837174526966967,0.005235038817795171
123.2803521,269.9999978,36.2929148,599.999958,1.622141233,1219.506407,1.622195,281.4075517,155.9852122,1.57201732,944.5493315,946.3286569,1.571315,278.1342729,946.3286569,1.521316193,236.4041289,1.521205876,278.1342729,1.520795,127.95964505,259.84549119999997,127.95964505,1.420835358,234.29607190000002,1.420131378,259.84549119999997,234.29607190000002,271.44603615000005,1.419980641,1.411445,257.98061465,1.361374999,50.060878505,172.85789535,50.060878505,1.262049774,225.0000018,172.85789535,225.0000018,278.66513325,1.261777294,1.251615001,171.0906247,1.200914375,162.71250765,0.0085812745,0.004265852999999998,123.18677238599874,268.7229944701227,36.90120671016785,599.8685648080224,1.622149879401068,1219.232787703778,1.6222155837081618,280.95236809479627,152.5427583403215,1.5720240630201947,941.1312319445199,942.7049717907412,1.571332435928982,277.3571821031163,942.9809495363072,1.5213275416725947,232.55866045846207,1.5212654382135522,278.0876190888306,1.520834014323302,127.2279774608461,258.4644532151287,127.33274878121898,1.420774078880543,234.48412824218218,1.4201497825993867,258.9805463217197,234.43014402764157,272.65584038261056,1.4199311501664762,1.4114571143437082,256.8878781899869,1.3613625736262813,51.724534267020296,173.5034161701568,51.67624550972383,1.2620298658892593,226.1938024876954,173.3782108698133,226.5644103762477,278.43481899276173,1.2619117000158544,1.2516278396217608,171.112996250345,1.2009443758014484,155.19137387821087,0.008365246959770404,0.005229413465140565
123.2803521,269.9999978,36.2929148,599.999958,1.622141233,1219.506407,1.622195,281.4075517,155.9852122,1.57201732,944.5493315,946.3286569,1.571315,278.1342729,946.3286569,1.521316193,236.4041289,1.521205876,278.1342729,1.520795,127.9597009,259.8454663,127.9597009,1.420835358,234.29613595,1.420131378,259.8454663,234.29613595,271.4461266,1.419980641,1.411445,257.9805885,1.361374999,50.060883045,172.85788215,50.060883045,1.262049772,225.0000019,172.85788215,225.0000019,278.66511035,1.261777292,1.251615001,171.09061250000002,1.2009143925,162.69563775,0.008581352,0.004265866499999999,123.19008901069562,268.70537490254276,36.898419663816156,599.868636360978,1.622149901693295,1219.2324996703169,1.6222156136829016,280.95417208111496,152.55043238218914,1.5720240343161176,941.1387409637483,942.7027050646926,1.5713323888638928,277.35138812742616,942.9870851422714,1.521327638960816,232.56949700222287,1.5212653034865524,278.09128397604377,1.5208340028233047,127.22797863139586,258.4679951208877,127.3311749771002,1.4207741654419315,234.48360090096807,1.4201497923914301,258.98172095468897,234.43008647517405,272.65847614030037,1.4199308714546015,1.411457159683726,256.8880391500622,1.3613625115141832,51.722441543294934,173.49972481670116,51.67424600173166,1.262029212249779,226.16341650597855,173.37523296274725,226.53291440433117,278.4033162862836,1.2619110017494735,1.2516278367887381,171.10983406084395,1.2009442890817497,155.16675068603314,0.008359669241643795,0.00522377625892651
123.2803521,269.9999978,36.2929148,599.999958,1.622141233,1219.506407,1.622195,281.4075517,155.9852122,1.57201732,944.5493315,946.3286569,1.571315,278.1342729,946.3286569,1.521316193,236.4041289,1.521205876,278.1342729,1.520795,127.95975644999999,259.84544155000003,127.95975644999999,1.420835358,234.29619965,1.420131378,259.84544155000003,234.29619965,271.44621665,1.419980641,1.411445,257.98056255,1.361374999,50.060887585,172.85786860000002,50.060887585,1.26204977,225.0000019,172.85786860000002,225.0000019,278.66508745,1.26177729,1.251615,171.09059985,1.2009144075,162.6788713,0.008581421,0.0042658955,123.19396821697607,268.69467586466016,36.89664503523166,599.8687800198793,1.6221498926249642,1219.2323244081288,1.622215606068262,280.95783132531216,152.55843095005426,1.5720240071289224,941.1464524064882,942.7027351207286,1.5713323516216908,277.3481692520428,942.9973860140072,1.5213277216744892,232.58283326676553,1.5212653123892175,278.09572877465325,1.5208342612680388,127.22860019331051,258.4718829256958,127.33025082808437,1.4207744691279012,234.48307088289505,1.420149876566348,258.9844194697884,234.42943131394486,272.662397963054,1.4199308275248046,1.4114572313254696,256.89162451467115,1.361362654648386,51.72084206035322,173.49834737070142,51.67306691551214,1.2620288368354686,226.14159330580227,173.3736915350809,226.50941135291515,278.378195157002,1.2619105244728923,1.2516278338749367,171.1079947115036,1.2009442793682379,155.14265038017575,0.008354858869611554,0.0052185509444633875
123.2803521,269.9999978,36.2929148,599.999958,1.622141233,1219.506407,1.622195,281.4075517,155.9852122,1.57201732,944.5493315,946.3286569,1.571315,278.1342729,946.3286569,1.521316193,236.4041289,1.521205876,278.1342729,1.520795,127.95981175,259.84541685,127.95981175,1.420835358,234.29626305,1.420131378,259.84541685,234.29626305,271.4463063,1.419980641,1.411445,257.9805367,1.361374999,50.06089213,172.85785485,50.06089213,1.262049768,225.000002,172.85785485,225.000002,278.66506455,1.261777288,1.251615,171.090587,1.200914421,162.6622038,0.008581482500000005,0.004265926500000001,123.19758871557131,268.6913671442574,36.896071672711656,599.8686211142539,1.6221499076175117,1219.231805106727,1.6222156167205104,280.9621304104813,152.56534061861575,1.5720240224533213,941.1541690586566,942.7053449865216,1.5713323518095843,277.34684131362064,943.0078279821383,1.52132788520839,232.5983996093532,1.5212654307946645,278.09994203706697,1.5208346871219667,127.22926740666523,258.476161856063,127.32946421866242,1.4207749578137416,234.48200816989,1.4201500387634296,258.9873792936126,234.4282367656363,272.6664723793419,1.4199309865125145,1.4114573355783244,256.89779745996685,1.3613629181520528,51.719621613508075,173.49858955900908,51.67244650627097,1.2620286105404315,226.12310998685186,173.37257494607087,226.4886931876252,278.35773841558813,1.2619101275097337,1.2516278664518141,171.1062657231237,1.2009443637331458,155.1182826892682,0.008350600943920384,0.005213028285590155
123.2803521,269.9999978,36.2929148,599.999958,1.622141233,1219.506407,1.622195,281.4075517,155.9852122,1.57201732,944.5493315,946.3286569,1.571315,278.1342729,946.3286569,1.521316193,236.4041289,1.521205876,278.1342729,1.520795,127.95986685,259.84539229999996,127.95986685,1.420835358,234.2963262,1.420131378,259.84539229999996,234.2963262,271.44639555000003,1.419980641,1.411445,257.9805109,1.361374999,50.060896685,172.85784089999999,50.060896685,1.2620497655,225.000002,172.85784089999999,225.000002,278.66504155,1.261777286,1.251615,171.09057405,1.2009144335,162.6456312,0.008581537499999996,0.004265957500000001,123.20076068314192,268.6919834250042,36.8962202970034,599.8682802551698,1.622149957420389,1219.231084086931,1.6222156511348327,280.96637541469005,152.57189988780866,1.5720240293987524,941.1620516683363,942.7102608181881,1.57133234093799,277.3468200749621,943.0165926564358,1.5213280420155768,232.6164280995545,1.5212654752461665,278.1041288382011,1.5208350490544669,127.22955887355177,258.48090980208997,127.32857986833758,1.420775418362182,234.48082365980252,1.4201501651174435,258.990334092269,234.42672634797108,272.6708660595926,1.4199312268115973,1.4114574506726394,256.90452870918864,1.3613631873772087,51.71896107829093,173.4996965613986,51.67243909839944,1.2620284436314908,226.1049586738987,173.37158752415826,226.46865390026983,278.33996357660914,1.2619097111076574,1.2516279018559444,171.10465455252586,1.2009443760278706,155.0937426835505,0.008346498874544145,0.005207177339287918
123.2803521,269.9999978,36.2929148,599.999958,1.622141233,1219.506407,1.622195,281.4075517,155.9852122,1.57201732,944.5493315,946.3286569,1.571315,278.1342729,946.3286569,1.521316193,236.4041289,1.521205876,278.1342729,1.520795,127.95992165000001,259.84536785,127.95992165000001,1.420835358,234.29638905000002,1.420131378,259.84536785,234.29638905000002,271.44648429999995,1.419980641,1.411445,257.9804853,1.361374999,50.06090124,172.857827,50.06090124,1.2620497634999999,225.000002,172.857827,225.000002,278.66501865,1.261777284,1.251615,171.09056095,1.2009144445,162.62914975,0.008581586499999998,0.0042659855,123.2033745309559,268.6868359653241,36.89590804963817,599.8676995564243,1.622150063154596,1219.230056609301,1.622215729716813,280.96952545504024,152.57680843592553,1.5720240115017658,941.1678006449011,942.713391655272,1.571332307029802,277.34613068899574,943.0204824085365,1.5213280820021566,232.6299036058383,1.5212653176071684,278.1072787749879,1.520835214632451,127.22878806654461,258.48525573469425,127.32691827298868,1.42077569159189,234.47972347077211,1.420150165222171,258.99172732003683,234.42555321453415,272.67506097409574,1.4199313661030837,1.4114575604336441,256.9091746405764,1.3613633465000643,51.718425242245615,173.4991889750705,51.67245206217463,1.262028163051806,226.0875258813873,173.36952387795355,226.44948179275804,278.32332709909525,1.261909217205686,1.2516279280974674,171.10205311601288,1.2009442859797657,155.06592572549545,0.00834259567164278,0.005200300501367988
123.2803521,269.9999978,36.2929148,599.999958,1.622141233,1219.506407,1.622195,281.4075517,155.9852122,1.57201732,944.5493315,946.3286569,1.571315,278.1342729,946.3286569,1.521316193,236.4041289,1.521205876,278.1342729,1.520795,127.95997625000001,259.84534355000005,127.95997625000001,1.420835358,234.2964516,1.420131378,259.84534355000005,234.2964516,271.44657270000005,1.419980641,1.411445,257.98045975,1.361374999,50.0609058,172.8578129,50.0609058,1.262049761,225.000002,172.8578129,225.000002,278.66499585,1.261777282,1.251615,171.09054785,1.200914454,162.61275619999998,0.008581631000000001,0.004266010999999999,123.20548489682392,268.6747073581683,36.895081753117076,599.8669826443929,1.622150207387875,1219.2288383756436,1.622215844082101,280.9719576935537,152.5808646412745,1.5720239841478802,941.1713065903507,942.7132263470738,1.5713322542011945,277.3446359748777,943.022872698355,1.5213280381290306,232.63673308171448,1.5212650565365118,278.1095245019996,1.5208351473049733,127.22782470410436,258.49005141981513,127.32508168045437,1.4207758752909365,234.47855502183836,1.4201501583886864,258.9922687818654,234.42463237505373,272.6775120429323,1.419931433750846,1.41145764786606,256.91211658624565,1.3613634220673594,51.717152940299314,173.49647142043514,51.67147237116395,1.2620278684758384,226.07181753793617,173.36689764849254,226.43191025147166,278.3077180410393,1.2619087782953895,1.25162793454245,171.09880094753058,1.2009440737995316,155.0352358636233,0.008339374344130554,0.00519212906988968
123.2803521,269.9999978,36.2929148,599.999958,1.622141233,1219.506407,1.622195,281.4075517,155.9852122,1.57201732,944.5493315,946.3286569,1.571315,278.1342729,946.3286569,1.521316193,236.4041289,1.521205876,278.1342729,1.520795,127.96003055,259.8453193,127.96003055,1.420835358,234.29651389999998,1.420131379,259.8453193,234.29651389999998,271.4466607,1.419980641,1.411445,257.98043435,1.361374999,50.060910365,172.85779889999998,50.060910365,1.262049759,225.000002,172.85779889999998,225.000002,278.66497295,1.26177728,1.251615,171.09053475000002,1.200914463,162.59644765000002,0.008581670500000003,0.004266034000000002,123.20745530222561,268.65709284206986,36.89425886541001,599.8662113813447,1.6221503621483093,1219.2275006142047,1.622215975034658,280.9741420024698,152.58377206894673,1.5720239585664688,941.1728984428908,942.7097932798503,1.5713322000529644,277.3427645357013,943.0244539798484,1.5213278973663036,232.63879960596827,1.5212647052274515,278.11207105197843,1.5208350085481075,127.22650432399188,258.49449701824716,127.32279793792128,1.4207759615129796,234.47721123864306,1.4201500893207444,258.9925200402546,234.4232270241025,272.67852220086763,1.4199314252175346,1.4114577292823263,256.91425752379155,1.3613635461097287,51.71522504171692,173.49225633476422,51.67013957161005,1.262027625175972,226.05784355417205,173.36375374152396,226.4155180747725,278.29157839077504,1.2619084872231765,1.251627940970123,171.09583064690665,1.2009438191877793,155.00022327677306,0.008336621464473677,0.0051832519783287
123.2803521,269.9999978,36.2929148,599.999958,1.622141233,1219.506407,1.622195,281.4075517,155.9852122,1.57201732,944.5493315,946.3286569,1.571315,278.1342729,946.3286569,1.521316193,236.4041289,1.521205876,278.1342729,1.520795,127.9600846,259.8452952,127.9600846,1.420835358,234.29657585,1.420131379,259.8452952,234.29657585,271.44674829999997,1.419980641,1.411445,257.98040905000005,1.361374999,50.060914935,172.8577849,50.060914935,1.262049757,225.000002,172.8577849,225.000002,278.66495015,1.261777278,1.251615,171.09052165,1.2009144715,162.5802215,0.008581706500000001,0.004266054999999999,123.20951330033526,268.63759917484185,36.89341620658156,599.8654545355357,1.6221505104176692,1219.2261619301905,1.6222161119387295,280.9774665768283,152.58712525784102,1.5720239611446127,941.174949469352,942.7053750425576,1.5713321775276152,277.34197209001474,943.0278194210842,1.5213277518450488,232.63609875822695,1.5212643556741947,278.114729017871,1.5208348866627874,127.22531211907648,258.5015121524722,127.32043225690673,1.420776104405726,234.47518351798485,1.4201500966778677,258.99504225571764,234.42117521171366,272.6766595462131,1.4199314648677857,1.4114578353152458,256.91718050819543,1.361363820983643,51.71227547417717,173.48794437377023,51.66828883837124,1.2620273988809347,226.04290823961,173.36047360363233,226.39766408062283,278.27081776473284,1.2619084519261947,1.2516279841751634,171.0942781366391,1.2009436025357068,154.9603472529543,0.008334580406760083,0.005173232967866257
123.2803521,269.9999978,36.2929148,599.999958,1.622141233,1219.506407,1.622195,281.4075517,155.9852122,1.57201732,944.5493315,946.3286569,1.571315,278.1342729,946.3286569,1.521316193,236.4041289,1.521205876,278.1342729,1.520795,127.9601384,259.8452712,127.9601384,1.420835358,234.29663755,1.420131379,259.8452712,234.29663755,271.44683555,1.419980641,1.411445,257.9803839,1.361374999,50.060919510000005,172.857771,50.060919510000005,1.262049755,225.000002,172.857771,225.000002,278.6649274,1.261777276,1.251615,171.09050865,1.2009144785,162.56407535,0.008581738500000003,0.0042660749999999985,123.21069364925677,268.61796406613104,36.89224766513176,599.8646975514791,1.6221506870021172,1219.2247515837769,1.6222162705596428,280.98157286688564,152.59167157876252,1.572023979002705,941.1776033011229,942.7024245416899,1.5713321738221844,277.341066139366,943.0316290237533,1.52132745808694,232.6307545275899,1.521263806404482,278.1156753567885,1.5208346236888615,127.22446347051127,258.51011440218866,127.31892692994744,1.4207762771608792,234.47303400024418,1.4201502340806578,258.99895979276846,234.42007836875695,272.67319888251694,1.4199315529078422,1.4114579487492684,256.92053075311327,1.361363945644224,51.70944443258292,173.48511077057083,51.666461563392296,1.2620271604209041,226.02634262694212,173.35730446871503,226.3803749921998,278.2467819376955,1.2619085289145393,1.25162801920425,171.09334503968998,1.2009433410067565,154.91965421926,0.008332868843303266,0.0051636627469427016
123.2803521,269.9999978,36.2929148,599.999958,1.622141233,1219.506407,1.622195,281.4075517,155.9852122,1.57201732,944.5493315,946.3286569,1.571315,278.1342729,946.3286569,1.521316193,236.4041289,1.521205876,278.1342729,1.520795,127.960192,259.8452473,127.960192,1.420835358,234.29669895,1.420131379,259.8452473,234.29669895,271.4469223,1.419980641,1.411445,257.98035885,1.361374999,50.06092409,172.857757,50.06092409,1.262049753,225.000002,172.857757,225.000002,278.66490475,1.261777274,1.251615,171.09049565,1.2009144855,162.54800715,0.008581767500000004,0.004266092000000001,123.21084041988,268.5958486799885,36.890409632606286,599.8634759965764,1.622150956927711,1219.2226414368013,1.6222164993699393,280.98587511263037,152.59389521019858,1.5720240845565872,941.177275107121,942.6987810822143,1.571332241205969,277.33949169323466,943.0305787322438,1.5213273926135866,232.62095898160825,1.5212634621310004,278.115063613787,1.5208343652685437,127.22198951362496,258.5160717385954,127.31662504389345,1.4207763905871222,234.47007071738125,1.4201503739445496,259.0015812552952,234.41924452719255,272.66860643651864,1.4199316593035416,1.411458111755264,256.92067696553767,1.3613641664670364,51.70613249665768,173.48191590314585,51.66325580698497,1.2620266871634218,225.99937581146543,173.35349403934146,226.35636154350445,278.2153949967901,1.2619084167571004,1.251628143851484,171.0909683020694,1.200943328145976,154.88260653508326,0.008330462339608368,0.005153654311884636
123.2803521,269.9999978,36.2929148,599.999958,1.622141233,1219.506407,1.622195,281.4075517,155.9852122,1.57201732,944.5493315,946.3286569,1.571315,278.1342729,946.3286569,1.521316193,236.4041289,1.521205876,278.1342729,1.520795,127.96024535000001,259.84522355,127.96024535000001,1.420835358,234.29676005,1.420131379,259.84522355,234.29676005,271.4470087,1.419980641,1.411445,257.98033395000004,1.361374999,50.06092868,172.8577431,50.06092868,1.262049751,225.000002,172.8577431,225.000002,278.6648821,1.261777272,1.251615,171.09048265,1.200914492,162.53201495,0.008581793499999999,0.004266108000000001,123.210090832953,268.59566682665337,36.89143432210398,599.862483735026,1.6221511409035363,1219.2210584602528,1.622216663925873,280.98572972615267,152.5928100070908,1.5720240767554792,941.1740117722036,942.6966496083276,1.5713322455799503,277.3382246853904,943.0274470601835,1.5213271969907665,232.6153406878616,1.5212632940066413,278.1143484628906,1.520834231028662,127.21988603573298,258.5139829438536,127.3147586023409,1.4207761854810288,234.46887683828743,1.4201502452341617,258.99937855675034,234.419217758603,272.6689172543449,1.4199315592240396,1.411458089171987,256.9173638004277,1.3613639836581857,51.70482994590237,173.4800076611052,51.66169274609082,1.2620265919363771,225.99444527464087,173.3518860098905,226.35342799797667,278.21234167980947,1.26190836636938,1.2516281635095465,171.08824109383127,1.2009432194067193,154.88607362790077,0.008328661700991186,0.005153265849722793
123.2803521,269.9999978,36.2929148,599.999958,1.622141233,1219.506407,1.622195,281.4075517,155.9852122,1.57201732,944.5493315,946.3286569,1.571315,278.1342729,946.3286569,1.521316193,236.4041289,1.521205876,278.1342729,1.520795,127.96029845,259.8451999,127.96029845,1.420835358,234.29682094999998,1.420131379,259.8451999,234.29682094999998,271.4470947,1.419980641,1.411445,257.98030904999996,1.361374999,50.06093327,172.85772930000002,50.06093327,1.262049749,225.000002,172.85772930000002,225.000002,278.66485950000003,1.26177727,1.251615,171.09046965,1.2009144975,162.516097,0.008581816999999997,0.0042661225,123.20993952222514,268.5920802747664,36.8917124813289,599.8619119433694,1.6221512262461562,1219.2202881369433,1.6222167427387666,280.9847797975967,152.5902034497625,1.572024117266789,941.1713296606773,942.6943394680047,1.5713322948779114,277.3371672787339,943.023622429496,1.52132734734529,232.6091676373366,1.5212634047335396,278.1135121471879,1.5208343618258693,127.21787620182062,258.51118225034253,127.31298990169124,1.4207759664334898,234.46823573056778,1.4201501265514545,258.99588648390517,234.4191260761838,272.67041503589905,1.4199314505854455,1.4114581324139241,256.9148284685612,1.3613640871056183,51.703146507082586,173.47708424640837,51.65993584589147,1.2620264018747072,225.99247305991105,173.34905392036802,226.35044489931497,278.21073543248787,1.2619080600785406,1.2516282111689527,171.0847438444774,1.2009433596299814,154.86667335703677,0.008327327746823904,0.0051507201677511855
123.2803521,269.9999978,36.2929148,599.999958,1.622141233,1219.506407,1.622195,281.4075517,155.9852122,1.57201732,944.5493315,946.3286569,1.571315,278.1342729,946.3286569,1.521316193,236.4041289,1.521205876,278.1342729,1.520795,127.96035125,259.84517635,127.96035125,1.420835358,234.29688149999998,1.420131379,259.84517635,234.29688149999998,271.4471803,1.419980641,1.411445,257.98028439999996,1.361374999,50.060937870000004,172.85771549999998,50.060937870000004,1.262049747,225.000002,172.85771549999998,225.000002,278.66483700000003,1.261777268,1.251615,171.0904568,1.200914503,162.50025175000002,0.008581838,0.004266136,123.21000778034966,268.5892969084428,36.89199950347031,599.8616810107968,1.62215126115652,1219.2200529616246,1.6222167733622628,280.98434293581346,152.58926905144628,1.572024135763861,941.1704820122233,942.6939863095816,1.5713323219476567,277.33616906178156,943.0214625692934,1.5213274368105916,232.60632754785414,1.5212634699331973,278.1129296508638,1.5208344459516445,127.21668341163036,258.50967888764745,127.31197503507094,1.4207757839787105,234.46820561590454,1.4201500474558317,258.9933249046278,234.4194914674311,272.67234188119164,1.41993138662428,1.4114581624657625,256.91324077860395,1.3613641359564683,51.702193360937464,173.47503270961906,51.65901480053046,1.2620262539326916,225.99309742939838,173.34702407961458,226.3494934791438,278.2108463744951,1.261907811465016,1.2516282271688963,171.0822129992094,1.2009434342021297,154.8451963956163,0.008326234108442907,0.005148316859386641
123.2803521,269.9999978,36.2929148,599.999958,1.622141233,1219.506407,1.622195,281.4075517,155.9852122,1.57201732,944.5493315,946.3286569,1.571315,278.1342729,946.3286569,1.521316193,236.4041289,1.521205876,278.1342729,1.520795,127.96040385,259.8451529,127.96040385,1.420835358,234.2969418,1.420131379,259.8451529,234.2969418,271.44726555,1.419980642,1.411445,257.9802598,1.361374999,50.06094247,172.8577017,50.06094247,1.262049745,225.000002,172.8577017,225.000002,278.6648146,1.261777266,1.251615,171.09044395,1.200914508,162.4844779,0.008581858000000003,0.0042661485000000015,123.21015963902117,268.58723085249665,36.89232061375202,599.8616849212261,1.622151258951611,1219.220187494823,1.6222167684196196,280.9842755102006,152.5889068242509,1.5720241488434965,941.1703785678553,942.6945715673938,1.571332343358755,277.33532055996335,943.0200941847273,1.5213275055974746,232.60513846758832,1.5212635160168544,278.1124070405933,1.5208345158550243,127.21608643126034,258.50913700705485,127.31150213297798,1.4207756454408982,234.4685455769918,1.4201500044389141,258.99164942993616,234.42006966896534,272.67432503406144,1.4199313594775216,1.4114581903327887,256.91246252399907,1.3613641715460703,51.70156616114249,173.47347261327064,51.658503657394455,1.2620261382998519,225.99550075639326,173.34541705928157,226.34977097669372,278.2120619130087,1.2619076045428541,1.2516282326733845,171.08024042132223,1.20094349379645,154.82393334223596,0.008325347142001442,0.005146093662133128
123.2803521,269.9999978,36.2929148,599.999958,1.622141233,1219.506407,1.622195,281.4075517,155.9852122,1.57201732,944.5493315,946.3286569,1.571315,278.1342729,946.3286569,1.521316193,236.4041289,1.521205876,278.1342729,1.520795,127.9604562,259.84512955,127.9604562,1.420835358,234.2970018,1.420131379,259.84512955,234.2970018,271.44735034999997,1.419980642,1.411445,257.9802353,1.361374999,50.06094707,172.857688,50.06094707,1.262049743,225.000002,172.857688,225.000002,278.66479225,1.261777264,1.251615,171.09043115,1.2009145125,162.46877405,0.008581875499999999,0.004266159500000002,123.21037075388564,268.58557396655453,36.89265195047583,599.8618531684326,1.6221512300474359,1219.2205777984786,1.622216738233209,280.9844219502035,152.58887134077054,1.5720241603117924,941.1707596003474,942.6957504319171,1.5713323626942874,277.33456571714765,943.0192826717328,1.521327571494362,232.60495723230616,1.5212635589103898,278.11191611422333,1.520834581253628,127.21591787209704,258.50926179872147,127.31141785339706,1.4207755403286206,234.46914184732395,1.4201499907981263,258.9906092202051,234.4207817134473,272.67630255617354,1.419931357750235,1.411458218432476,256.91221349938,1.3613642090872817,51.70110255184522,173.47219708818372,51.65820610788775,1.2620260449040965,225.99902398421463,173.34407795976392,226.35082150313272,278.213947927131,1.2619074252444171,1.251628233250375,171.0786491355821,1.2009435517152462,154.80305948265092,0.008324624024465462,0.005143994798023008
123.2803521,269.9999978,36.2929148,599.999958,1.622141233,1219.506407,1.622195,281.4075517,155.9852122,1.57201732,944.5493315,946.3286569,1.571315,278.1342729,946.3286569,1.521316193,236.4041289,1.521205876,278.1342729,1.520795,127.9605083,259.8451063,127.9605083,1.420835358,234.2970616,1.420131379,259.8451063,234.2970616,271.4474348,1.419980642,1.411445,257.9802109,1.361374999,50.060951689999996,172.8576744,50.060951689999996,1.262049741,225.0000019,172.8576744,225.0000019,278.66477,1.2617772624999999,1.251615,171.0904184,1.200914517,162.45313915,0.008581891500000003,0.0042661704999999986,123.21061826786467,268.5841545002443,36.89298192367402,599.862132428381,1.622151182732896,1219.2211373133134,1.6222166907283047,280.98468708737903,152.58903397338887,1.5720241715467214,941.1714360818617,942.6972908037624,1.571332381103462,277.33387250125924,943.0188226473912,1.5213276389857295,232.60542579181612,1.5212636055380988,278.1114478192108,1.520834644466988,127.21605307059261,258.50981875481745,127.31161099410333,1.420775460638979,234.46990274448186,1.4201499976054293,258.9900024311953,234.4215894556369,272.6782417891331,1.4199313732958145,1.41145824671251,256.91227333270643,1.361364254192496,51.70074944329923,173.471133477866,51.65804313471395,1.2620259681207515,226.0031963580903,173.34293664736416,226.352407203418,278.216330768503,1.2619072705004022,1.2516282315540233,171.07734667740058,1.2009436115359888,154.7828956789214,0.00832403417461798,0.005142006234719569
123.2803521,269.9999978,36.2929148,599.999958,1.622141233,1219.506407,1.622195,281.4075517,155.9852122,1.57201732,944.5493315,946.3286569,1.571315,278.1342729,946.3286569,1.521316193,236.4041289,1.521205876,278.1342729,1.520795,127.9605602,259.84508315,127.9605602,1.420835358,234.29712105,1.420131379,259.84508315,234.29712105,271.4475188,1.419980642,1.411445,257.9801867,1.361374999,50.0609563,172.85766080000002,50.0609563,1.2620497395,225.0000019,172.85766080000002,225.0000019,278.6647478,1.2617772605,1.251615,171.09040570000002,1.200914521,162.4375721,0.0085819065,0.004266179499999999,123.21088182876517,268.5828815268985,36.89328667164839,599.8624773953907,1.622151125494182,1219.221797687345,1.6222166338989028,280.9849989308384,152.58927052992462,1.5720241812147615,941.1722182403561,942.6989839604572,1.5713323971137199,277.3332597137336,943.0185379499311,1.5213276956146993,232.60625240151762,1.521263644870568,278.1109830059456,1.5208346950083766,127.21638550672021,258.5106252942466,127.31197971726988,1.420775398821535,234.4707426089789,1.4201500153829625,258.9897344222469,234.42243065856343,272.680051514665,1.4199313992566744,1.4114582718867241,256.9125522739887,1.3613642955763177,51.70046424024285,173.47022728994824,51.65794683238398,1.2620258997090148,226.00762640826233,173.34194922545151,226.3543397756407,278.21908502442074,1.2619071344279793,1.2516282266149856,171.0762445591607,1.2009436662169477,154.76399155587274,0.00832357320173877,0.005140116103832731
123.2803521,269.9999978,36.2929148,599.999958,1.622141233,1219.506407,1.622195,281.4075517,155.9852122,1.57201732,944.5493315,946.3286569,1.571315,278.1342729,946.3286569,1.521316193,236.4041289,1.521205876,278.1342729,1.520795,127.96061184999999,259.84506015,127.96061184999999,1.420835358,234.29718025,1.420131379,259.84506015,234.29718025,271.4476025,1.419980642,1.411445,257.98016255000005,1.361374999,50.060960925,172.85764725,50.060960925,1.2620497375,225.0000019,172.85764725,225.0000019,278.66472569999996,1.261777259,1.251614999,171.09039305,1.200914525,162.42207195,0.008581920000000002,0.004266188499999999,123.21115658337187,268.58145195762523,36.89352869744458,599.8628542185742,1.6221510646931574,1219.2225083688697,1.622216573869703,280.98528443616783,152.58944794732642,1.5720241888436228,941.1729378857074,942.7006003072823,1.5713324103230566,277.3327270063959,943.0181797821588,1.5213277332344723,232.60715415755564,1.521263666682098,278.1104997394197,1.5208347232334227,127.21684904441929,258.5115214491679,127.31246666595966,1.4207753474955238,234.47161794185712,1.4201500363808737,258.9897335847189,234.42325446190677,272.6816703575102,1.4199314288010099,1.4114582918239968,256.91300692299717,1.361364321492724,51.70022039780288,173.4694442144202,51.65788139618541,1.262025833651793,226.01205150312097,173.34107280651324,226.35647056039906,278.2220129286976,1.2619070133184074,1.251628218300554,171.07529555432538,1.2009437106636236,154.74640653240508,0.008323246512968596,0.005138286952478124
123.2803521,269.9999978,36.2929148,599.999958,1.622141233,1219.506407,1.622195,281.4075517,155.9852122,1.57201732,944.5493315,946.3286569,1.571315,278.1342729,946.3286569,1.521316193,236.4041289,1.521205876,278.1342729,1.520795,127.96066325000001,259.84503725,127.96066325000001,1.420835358,234.2972392,1.420131379,259.84503725,234.2972392,271.44768575,1.419980642,1.411445,257.9801385,1.361374999,50.06096555,172.85763375,50.06096555,1.2620497355,225.0000019,172.85763375,225.0000019,278.6647037,1.261777257,1.251614999,171.09038045,1.2009145285,162.4066378,0.008581932499999998,0.004266197000000002,123.21143501702888,268.58001733687047,36.89372777218399,599.863250040914,1.622151001585801,1219.2232466191174,1.6222165118365062,280.9855341216404,152.58967045831787,1.5720241953556588,941.1736947412629,942.7021640560445,1.5713324210985193,277.33230258139946,943.0178658635518,1.5213277590700385,232.60817305347115,1.5212636772911072,278.110039452426,1.520834732340639,127.21743783094108,258.51256919665065,127.31306540214915,1.4207753105634189,234.4725066590301,1.4201500631126283,258.9900384448977,234.42403945079525,272.6830414470156,1.4199314643263972,1.4114583077881324,256.91364444287655,1.3613643378450309,51.70006359785413,173.4688246159998,51.65788695208906,1.2620257768818242,226.01631802795106,173.34036995586212,226.35871036205202,278.2249022444503,1.2619069119035282,1.2516282085955757,171.07457969944699,1.2009437486006616,154.72985539779813,0.008323050118116728,0.005136520315980789
123.2803521,269.9999978,36.2929148,599.999958,1.622141233,1219.506407,1.622195,281.4075517,155.9852122,1.57201732,944.5493315,946.3286569,1.571315,278.1342729,946.3286569,1.521316193,236.4041289,1.521205876,278.1342729,1.520795,127.96071445000001,259.84501445,127.96071445000001,1.420835358,234.29729785,1.420131379,259.84501445,234.29729785,271.44776865,1.419980642,1.411445,257.9801146,1.361374999,50.060970185,172.85762035,50.060970185,1.262049734,225.0000019,172.85762035,225.0000019,278.66468175,1.261777255,1.251614999,171.0903679,1.200914532,162.39126885000002,0.008581943499999998,0.0042662045000000015,123.21172268745042,268.57843117166976,36.89387094237329,599.8636587597704,1.6221509364680455,1219.223999142149,1.6222164481264392,280.9857876700387,152.58997576409683,1.5720242015954342,941.1745230404107,942.7036860603122,1.5713324300780718,277.33200315113123,943.0176780133216,1.5213277803962144,232.6092847772141,1.5212636845987115,278.10963591791335,1.5208347278236551,127.21814016078815,258.5138070629812,127.31376539089071,1.4207752908248206,234.47340608363888,1.4201500976727812,258.99065444671515,234.42477759465203,272.68416985086316,1.4199315071218566,1.4114583215454288,256.9144239615658,1.3613643533245683,51.70001112543034,173.46837555851272,51.65797769851538,1.262025734500557,226.02038634024552,173.33986236953402,226.36096007433179,278.22756967618847,1.2619068300554543,1.2516281989886857,171.0741303016622,1.200943784624432,154.71388359746663,0.00832298517118439,0.005134808666399411
123.2803521,269.9999978,36.2929148,599.999958,1.622141233,1219.506407,1.622195,281.4075517,155.9852122,1.57201732,944.5493315,946.3286569,1.571315,278.1342729,946.3286569,1.521316193,236.4041289,1.521205876,278.1342729,1.520795,127.9607654,259.84499175,127.9607654,1.420835358,234.29735625,1.420131379,259.84499175,234.29735625,271.4478512,1.419980642,1.411445,257.98009079999997,1.361374999,50.06097482,172.85760695,50.06097482,1.262049732,225.0000019,172.85760695,225.0000019,278.6646599,1.261777253,1.251614999,171.09035540000002,1.200914535,162.37596435,0.008581954500000002,0.0042662125,123.21200026005309,268.5766025353555,36.893928210449005,599.864061830229,1.6221508724798368,1219.224738830529,1.6222163858265923,280.98601523148204,152.59030842172524,1.5720242083575058,941.1753587815994,942.7051178964718,1.571332438179332,277.3318081732821,943.0175327424769,1.521327801348684,232.6102970425705,1.5212636888893016,278.109263022777,1.5208347115136804,127.21890218867222,258.5151445951394,127.3145116163468,1.4207752849711102,234.4742760627992,1.420150137521685,258.991491555915,234.42544279410228,272.68505613212864,1.4199315540421797,1.4114583342702052,256.9152923875217,1.3613643695314135,51.70003273172249,173.4680546590051,51.65812338665559,1.2620257006217046,226.0241969762436,173.33947940927254,226.36312554628387,278.22996698825705,1.2619067607403667,1.2516281900453345,171.07389118624795,1.2009438190292836,154.6983128747104,0.00832304391420876,0.005133100784940272
123.2803521,269.9999978,36.2929148,599.999958,1.622141233,1219.506407,1.622195,281.4075517,155.9852122,1.57201732,944.5493315,946.3286569,1.571315,278.1342729,946.3286569,1.521316193,236.4041289,1.521205876,278.1342729,1.520795,127.96081609999999,259.84496915,127.96081609999999,1.420835358,234.2974144,1.420131379,259.84496915,234.2974144,271.4479333,1.419980642,1.411445,257.98006705,1.361374999,50.060979465,172.85759365,50.060979465,1.26204973,225.0000019,172.85759365,225.0000019,278.66463815,1.261777251,1.251614999,171.09034300000002,1.200914538,162.36072365,0.0085819645,0.004266219,123.21228151170605,268.57451627348325,36.89390571227641,599.8644485282339,1.622150810781288,1219.2254464458472,1.622216326006314,280.9862441976257,152.5907135247927,1.572024216530889,941.1762540591149,942.706553072191,1.5713324463373974,277.33171590697856,943.0174709606234,1.521327830273556,232.6114330783635,1.5212636984102075,278.10895628083944,1.5208346914680377,127.21970167414813,258.5165910059329,127.31529471411956,1.4207752961695126,234.4750751051972,1.4201501886288201,258.99248905171993,234.4260263493544,272.68571943538836,1.4199316095215946,1.4114583480316316,256.91627668787737,1.3613643944901976,51.70012039153636,173.46787705424615,51.65830981808926,1.2620256821780051,226.0277053381248,173.33923015713927,226.36513740352083,278.2321279456146,1.2619067077948938,1.2516281831445295,171.0738628503257,1.2009438560719539,154.68282830935925,0.00832319639597419,0.0051313785536986015
123.2803521,269.9999978,36.2929148,599.999958,1.622141233,1219.506407,1.622195,281.4075517,155.9852122,1.57201732,944.5493315,946.3286569,1.571315,278.1342729,946.3286569,1.521316193,236.4041289,1.521205876,278.1342729,1.520795,127.9608666,259.84494670000004,127.9608666,1.420835358,234.29747220000002,1.420131379,259.84494670000004,234.29747220000002,271.4480151,1.419980642,1.411445,257.98004349999997,1.361374999,50.06098411,172.85758035,50.06098411,1.262049728,225.0000019,172.85758035,225.0000019,278.66461649999997,1.261777249,1.251614999,171.09033060000002,1.200914541,162.3455461,0.008581973500000001,0.004266225499999998,123.21257027801492,268.57222290086816,36.89381503782318,599.8648079124828,1.6221507535328483,1219.226105544554,1.6222162709197576,280.9864517420902,152.59118220242917,1.5720242253488081,941.1771880352429,942.7079698803327,1.571332454167742,277.33170789895973,943.0174726304033,1.5213278656012634,232.61266194198393,1.521263711788935,278.10870524685873,1.5208346660752627,127.22050818292252,258.518095206156,127.31608015299179,1.4207753209700151,234.47577778067281,1.420150248271266,258.9935920760483,234.42651554532839,272.68618228367313,1.419931671987497,1.4114583623340986,256.91735832272883,1.3613644261038496,51.700219780480246,173.46779834304618,51.65848143377985,1.2620256727599457,226.03083214087485,173.33905255238034,226.366911405715,278.2340863132199,1.261906665847756,1.2516281777958287,171.07398365083642,1.2009438912126777,154.66728135416304,0.008323425366211402,0.00512960470571544
123.2803521,269.9999978,36.2929148,599.999958,1.622141233,1219.506407,1.622195,281.4075517,155.9852122,1.57201732,944.5493315,946.3286569,1.571315,278.1342729,946.3286569,1.521316193,236.4041289,1.521205876,278.1342729,1.520795,127.9609168,259.84492425,127.9609168,1.420835358,234.2975298,1.420131379,259.84492425,234.2975298,271.44809645,1.419980642,1.411445,257.98001999999997,1.361374999,50.060988765000005,172.85756715,50.060988765000005,1.262049726,225.0000019,172.85756715,225.0000019,278.6645949,1.2617772475,1.251614999,171.09031825,1.200914544,162.3304311,0.008581981499999999,0.004266231999999999,123.21287391708027,268.5697274689919,36.89367050410827,599.8651377907654,1.6221507015028322,1219.2267101570442,1.6222162211964364,280.9866318948996,152.59166714332747,1.5720242334110646,941.178122755575,942.7093115483843,1.571332460573593,277.3317792747795,943.0175335773669,1.521327900904057,232.61391511765441,1.5212637260579287,278.1085381229881,1.520834632271131,127.22129713345073,258.519600243907,127.31684803361799,1.4207753549894042,234.47638542765554,1.4201503118933658,258.9947683840735,234.42690636673578,272.68649197534785,1.4199317385782633,1.4114583755641212,256.9184913636777,1.3613644598751815,51.70029756313198,173.46777109686155,51.65860489830545,1.262025668704948,226.03357242918037,173.3389158168983,226.36848224006013,278.2358710324661,1.2619066331085262,1.2516281728221714,171.07420089290716,1.2009439193456348,154.6518383820419,0.008323711151618727,0.00512781230417128
123.2803521,269.9999978,36.2929148,599.999958,1.622141233,1219.506407,1.622195,281.4075517,155.9852122,1.57201732,944.5493315,946.3286569,1.571315,278.1342729,946.3286569,1.521316193,236.4041289,1.521205876,278.1342729,1.520795,127.9609668,259.84490200000005,127.9609668,1.420835358,234.29758715000003,1.420131379,259.84490200000005,234.29758715000003,271.4481775,1.419980642,1.411445,257.97999665,1.361374999,50.06099342,172.85755405,50.06099342,1.262049724,225.0000019,172.85755405,225.0000019,278.66457345000003,1.261777246,1.251614999,171.09030595000002,1.200914546,162.3153781,0.0085819895,0.004266237499999999,123.21319289856811,268.56706533822506,36.8934864281506,599.8654400787972,1.6221506544967297,1219.2272612330275,1.6222161765669516,280.9868296064622,152.59220678792465,1.5720242397897484,941.1790812904378,942.7105914345842,1.5713324647422027,277.3319345607093,943.0177047297988,1.52132792970436,232.61520807667952,1.5212637374953806,278.10847266613877,1.5208345881267684,127.22208491342919,258.5211379452486,127.31761474369445,1.4207753986801412,234.47692481473493,1.4201503797045751,258.996051895678,234.42721688237455,272.686667091913,1.4199318092165516,1.4114583866919335,256.9196796029769,1.361364490785769,51.70039571743061,173.46782558923078,51.6587271281858,1.2620256735447841,226.03603521993597,173.3388668746778,226.36992423625705,278.23753516257403,1.261906614948485,1.2516281670464977,171.0745374441243,1.200943935795207,154.63678460371605,0.008324050558771598,0.0051260428823423285
123.2803521,269.9999978,36.2929148,599.999958,1.622141233,1219.506407,1.622195,281.4075517,155.9852122,1.57201732,944.5493315,946.3286569,1.571315,278.1342729,946.3286569,1.521316193,236.4041289,1.521205876,278.1342729,1.520795,127.9610166,259.8448798,127.9610166,1.420835358,234.29764425000002,1.420131379,259.8448798,234.29764425000002,271.44825815,1.419980642,1.411445,257.97997335,1.361374999,50.060998080000005,172.85754095,50.060998080000005,1.262049722,225.0000019,172.85754095,225.0000019,278.66455205,1.261777244,1.251614999,171.09029370000002,1.200914549,162.30038654999998,0.008581996999999996,0.004266243499999999,123.21351289766561,268.5643425896799,36.89328462635997,599.8657187660059,1.622150611740669,1219.227763086901,1.6222161363220697,280.98705857260586,152.59280705013413,1.572024244990487,941.1800204759945,942.7118087040424,1.5713324673290128,277.33219221000985,943.0179986110479,1.5213279503080372,232.61646567272274,1.5212637443949462,278.1084820668565,1.5208345342037457,127.22288439890511,258.5226982598452,127.31838496542011,1.4207754518725528,234.47741735678258,1.4201504504743427,258.9974907687199,234.42744040009725,272.68668679956505,1.4199318833867545,1.411458395491757,256.92090787161425,1.3613645170779511,51.70052967644193,173.46798906633845,51.65886417380922,1.2620256885875178,226.03820564720144,173.338921871606,226.37124730493258,278.2390159971918,1.261906615587923,1.2516281611727356,171.07500523540247,1.2009439416821839,154.6225686318808,0.00832442653063642,0.005124377288173455
123.2803521,269.9999978,36.2929148,599.999958,1.622141233,1219.506407,1.622195,281.4075517,155.9852122,1.57201732,944.5493315,946.3286569,1.571315,278.1342729,946.3286569,1.521316193,236.4041289,1.521205876,278.1342729,1.520795,127.96106615,259.84485770000003,127.96106615,1.420835358,234.29770105,1.420131379,259.84485770000003,234.29770105,271.4483384,1.419980642,1.411445,257.97995019999996,1.361374999,50.061002744999996,172.85752785,50.061002744999996,1.2620497204999999,225.0000019,172.85752785,225.0000019,278.66453075000004,1.261777242,1.251614999,171.0902815,1.200914551,162.2854561,0.008582004000000004,0.004266248499999999,123.21381724122996,268.5617865400252,36.893062371685154,599.8659710084429,1.6221505735667063,1219.2282097490588,1.6222161008383995,280.9872822711235,152.59347606158678,1.5720242492355345,941.1809291491836,942.7129758801071,1.5713324696055806,277.332511138063,943.018368467279,1.5213279670002544,232.6175751862793,1.5212637475232438,278.1085301149693,1.5208344762276456,127.22365813228663,258.52425103669015,127.31912533812753,1.4207755094481775,234.47785234636274,1.42015052312921,258.99904354556486,234.42758160440712,272.68655278753124,1.419931956757765,1.4114584028790935,256.9220977963593,1.3613645401942218,51.700704378747034,173.4682564825948,51.65902097375674,1.2620257125250853,226.03995487282864,173.3390727347393,226.37232260793854,278.24018812361567,1.2619066306786617,1.2516281561125298,171.0755928329485,1.2009439420671015,154.60961828261645,0.008324808336875242,0.0051228989282635345
123.2803521,269.9999978,36.2929148,599.999958,1.622141233,1219.506407,1.622195,281.4075517,155.9852122,1.57201732,944.5493315,946.3286569,1.571315,278.1342729,946.3286569,1.521316193,236.4041289,1.521205876,278.1342729,1.520795,127.9611155,259.84483575,127.9611155,1.420835358,234.2977576,1.420131379,259.84483575,234.2977576,271.4484183,1.419980642,1.411445,257.97992715,1.361374999,50.061007415,172.85751485,50.061007415,1.262049719,225.0000019,172.85751485,225.0000019,278.66450955000005,1.26177724,1.251614999,171.0902694,1.200914554,162.27058614999999,0.008582010500000004,0.004266253999999998,123.21412158479431,268.55947801296554,36.89284148053595,599.8662035999855,1.6221505375490253,1219.2286068906262,1.622216067864536,280.9874810362113,152.5942441310888,1.5720242539528713,941.1818541948626,942.7141480655114,1.5713324731755536,277.33283702961074,943.0188769152354,1.5213279925866827,232.61860292294028,1.5212637613471045,278.1086272557191,1.520834428726065,127.22440201664965,258.5258188890384,127.31982825324343,1.420775572849234,234.47822643740167,1.4201506013870109,259.0006851003739,234.4276605717463,272.6863117911007,1.4199320302576777,1.4114584114958169,256.9231937575002,1.3613645731170279,51.70091179915167,173.46861774682037,51.65919382409258,1.262025746534744,226.04122343305687,173.33932249143155,226.3730460836937,278.2410081297558,1.2619066594533752,1.2516281543873284,171.0762962597908,1.2009439471389587,154.5979989167131,0.00832515738786478,0.005121663476452738
123.2803521,269.9999978,36.2929148,599.999958,1.622141233,1219.506407,1.622195,281.4075517,155.9852122,1.57201732,944.5493315,946.3286569,1.571315,278.1342729,946.3286569,1.521316193,236.4041289,1.521205876,278.1342729,1.520795,127.96116465,259.84481389999996,127.96116465,1.420835358,234.29781385,1.420131379,259.84481389999996,234.29781385,271.44849784999997,1.419980642,1.411445,257.97990419999996,1.361374999,50.061012094999995,172.85750195,50.061012094999995,1.262049717,225.0000019,172.85750195,225.0000019,278.66448845,1.2617772385000001,1.251614999,171.09025730000002,1.200914556,162.25577629999998,0.008582017000000004,0.0042662585,123.2144724252921,268.55756855294686,36.89265740457828,599.8664402204552,1.6221504990263342,1219.2289827858253,1.6222160328344455,280.98766575429653,152.59522584071217,1.5720242571755512,941.1830129206246,942.7154713659854,1.5713324754521214,277.3331733664004,943.0198170012765,1.5213280285123203,232.61995997737006,1.5212637923580548,278.10885182842026,1.520834398816306,127.22516404453373,258.52745290609585,127.32053409473367,1.4207756542921608,234.4785262456046,1.4201506923692317,259.0023635064135,234.42770206306008,272.68604038857853,1.4199321077535518,1.4114584214424262,256.92434533835296,1.361364621228448,51.70116737072167,173.46909606872796,51.65939877520509,1.2620257984648768,226.04229378074945,173.33971302007762,226.37364072130072,278.24171719388875,1.2619067093295453,1.2516281545200363,171.07718710141728,1.2009439545769276,154.58742829439547,0.008325424324788513,0.00512070053064751
123.2803521,269.9999978,36.2929148,599.999958,1.622141233,1219.506407,1.622195,281.4075517,155.9852122,1.57201732,944.5493315,946.3286569,1.571315,278.1342729,946.3286569,1.521316193,236.4041289,1.521205876,278.1342729,1.520795,127.96121345,259.8447921,127.96121345,1.420835358,234.2978699,1.420131379,259.8447921,234.2978699,271.44857705,1.419980642,1.411445,257.97988135,1.361374999,50.061016775,172.85748905,50.061016775,1.262049715,225.0000019,172.85748905,225.0000019,278.66446735,1.261777237,1.251614999,171.0902453,1.200914558,162.24102625,0.008582022999999998,0.004266263500000001,123.21491398960447,268.5557348651511,36.89249650855602,599.8667026734576,1.6221504540750902,1219.229379737451,1.6222159921002475,280.98790525569217,152.5964928966568,1.5720242597759206,941.1845534230828,942.7170885477004,1.571332476120672,277.33352397835404,943.0212830679623,1.5213280810056065,232.6218386357826,1.5212638462439088,278.10920418124755,1.5208343864373282,127.22600801089995,258.5292669916655,127.32131777778129,1.4207757569159045,234.4788186924454,1.4201508030926309,259.0040687133478,234.4277643000308,272.68583655514897,1.419932195561585,1.4114584346848391,256.9256220635575,1.3613646874740797,51.70150381155657,173.4696732841945,51.65967965700084,1.2620258692311284,226.04352269847055,173.34024432067753,226.37429977798178,278.24247931724256,1.2619067735291283,1.2516281547508323,171.07825243267033,1.2009439637017418,154.5762723959124,0.00832563570844657,0.005119805807370898
123.2803521,269.9999978,36.2929148,599.999958,1.622141233,1219.506407,1.622195,281.4075517,155.9852122,1.57201732,944.5493315,946.3286569,1.571315,278.1342729,946.3286569,1.521316193,236.4041289,1.521205876,278.1342729,1.520795,127.96126215000001,259.8447704,127.96126215000001,1.4208353585,234.29792565,1.420131379,259.8447704,234.29792565,271.44865585,1.419980642,1.411445,257.9798586,1.361374999,50.061021455,172.85747625,50.061021455,1.262049713,225.0000019,172.85747625,225.0000019,278.66444645,1.261777235,1.251614999,171.0902333,1.2009145605,162.22633545000002,0.008582028499999996,0.004266268,123.21540212912795,268.55418911180266,36.89236424657162,599.8669899122615,1.6221504047043025,1219.2298012187277,1.6222159472535942,280.9882163968014,152.59799355218047,1.572024259431427,941.1863581179914,942.7189561963821,1.5713324736168843,277.3338885172968,943.0231348537873,1.5213281307832929,232.62424994910975,1.521263902033944,278.1096526303004,1.5208343762313858,127.22693040409911,258.53122429451696,127.32217286436276,1.4207758728024027,234.4791164930041,1.4201509246553508,259.00583464105955,234.42784728265838,272.68566875856885,1.4199322907943723,1.411458447079209,256.9270332030657,1.361364751865076,51.70193223346377,173.4703806758764,51.66005190254553,1.262025953470437,226.04490523090678,173.34092547529275,226.37508271749763,278.2433427354724,1.2619068526915622,1.2516281524948,171.07947435717804,1.2009439647998894,154.56546706893963,0.00832581092823495,0.005119040392843135
123.2803521,269.9999978,36.2929148,599.999958,1.622141233,1219.506407,1.622195,281.4075517,155.9852122,1.57201732,944.5493315,946.3286569,1.571315,278.1342729,946.3286569,1.521316193,236.4041289,1.521205876,278.1342729,1.520795,127.9613106,259.84474885,127.9613106,1.420835359,234.29798115,1.420131379,259.84474885,234.29798115,271.44873429999996,1.419980642,1.411445,257.979836,1.361374999,50.061026145,172.85746345,50.061026145,1.262049711,225.0000019,172.85746345,225.0000019,278.66442565,1.261777233,1.251614999,171.09022140000002,1.200914563,162.2117037,0.008582033999999999,0.004266272499999999,123.21591312572981,268.55295149882755,36.892266754490336,599.8672943332547,1.622150352115765,1219.230241232916,1.6222158994023197,280.98856967891874,152.59963466314727,1.5720242574811503,941.1883161189419,942.7209691159046,1.5713324693259254,277.33426176060794,943.0252195738979,1.5213281782938275,232.627010471883,1.5212639587389754,278.11015643913544,1.520834368515889,127.22791191006039,258.53326032499706,127.32308296678175,1.4207759968614722,234.4794310239313,1.4201510519519143,259.00764244516944,234.42795168015763,272.6855212327165,1.4199323904098273,1.411458458826533,256.9285189235512,1.361364814898431,51.70241930102109,173.47117686993778,51.66048834964354,1.2620260459505477,226.04640669086442,173.3417085508208,226.37595980796794,278.24431709570956,1.261906942212893,1.251628148825141,171.08078874627424,1.200943961652621,154.5551757154522,0.008325967145555193,0.005118384034732639
123.2803521,269.9999978,36.2929148,599.999958,1.622141233,1219.506407,1.622195,281.4075517,155.9852122,1.57201732,944.5493315,946.3286569,1.571315,278.1342729,946.3286569,1.521316193,236.4041289,1.521205876,278.1342729,1.520795,127.9613588,259.84472734999997,127.9613588,1.420835359,234.29803644999998,1.420131379,259.84472734999997,234.29803644999998,271.44881239999995,1.419980642,1.411445,257.97981345,1.361374999,50.061030835,172.85745075,50.061030835,1.26204971,225.0000019,172.85745075,225.0000019,278.6644049,1.261777231,1.251614999,171.09020950000001,1.200914565,162.1971305,0.008582038999999998,0.004266276999999999,123.2164336722069,268.551956356966,36.892195169395684,599.8676080563296,1.6221502978322124,1219.2306905813962,1.6222158498439367,280.9889521085666,152.6013460018356,1.5720242544529421,941.1903507729132,942.7230538359574,1.5713324639338244,277.33463778931684,943.0274286926054,1.5213282235870378,232.62998538273393,1.5212640153698178,278.110690539172,1.5208343623996483,127.22892326504017,258.5353172936762,127.32402408876874,1.4207761248230155,234.4797542546501,1.420151181133577,259.0094569495031,234.42807347724008,272.6853973560466,1.4199324919330318,1.4114584698855106,256.9300349820614,1.3613648764286828,51.70294649454954,173.47202654725044,51.66096677468026,1.2620261434013007,226.04796761458275,173.34255822813344,226.37690627282572,278.24534933873304,1.2619070385122677,1.2516281441168995,171.0821558302434,1.2009439562071673,154.54540724828516,0.008326111826159473,0.005117818093090459
123.2803521,269.9999978,36.2929148,599.999958,1.622141233,1219.506407,1.622195,281.4075517,155.9852122,1.57201732,944.5493315,946.3286569,1.571315,278.1342729,946.3286569,1.521316193,236.4041289,1.521205876,278.1342729,1.520795,127.9614068,259.84470595000005,127.9614068,1.420835359,234.29809145000002,1.4201313795,259.84470595000005,234.29809145000002,271.44889015,1.419980642,1.411445,257.979791,1.361374999,50.061035535,172.8574381,50.061035535,1.262049708,225.0000018,172.8574381,225.0000018,278.66438425,1.26177723,1.251614999,171.0901977,1.200914567,162.1826156,0.008582043999999999,0.004266281000000002,123.216953983851,268.55118348029174,36.89214949128767,599.8679228458852,1.622150243190206,1219.2311387902243,1.6222157999391835,280.9893394546654,152.60312239357125,1.5720242506746278,941.1924345443542,942.7251777958351,1.5713324578644337,277.33500789905537,943.029712116515,1.521328266613096,232.6331061658851,1.5212640711103937,278.111234388101,1.5208343574797982,127.2299504224415,258.5373616994359,127.32497750152795,1.4207762539439892,234.48008150065732,1.4201513100272383,259.01124800305377,234.42820999704676,272.68528530396793,1.4199325936109186,1.4114584800482608,256.93154177061956,1.3613649358618631,51.70350331956437,173.4729186075169,51.6614785351389,1.2620262433373748,226.04955331486804,173.34345836134352,226.37788742487723,278.2464298174118,1.261907140182922,1.2516281386701102,171.08355472998494,1.2009439493578962,154.5361794931085,0.008326249721139706,0.005117327129631207
123.2803521,269.9999978,36.2929148,599.999958,1.622141233,1219.506407,1.622195,281.4075517,155.9852122,1.57201732,944.5493315,946.3286569,1.571315,278.1342729,946.3286569,1.521316193,236.4041289,1.521205876,278.1342729,1.520795,127.96145455,259.84468475,127.96145455,1.420835359,234.29814620000002,1.42013138,259.84468475,234.29814620000002,271.44896755,1.419980642,1.411445,257.9797687,1.361374999,50.061040235,172.8574255,50.061040235,1.262049706,225.0000018,172.8574255,225.0000018,278.6643637,1.261777228,1.251614999,171.0901859,1.200914569,162.1681587,0.008582049,0.004266285,123.21746615461785,268.5506227658418,36.892124947826645,599.8682314143033,1.6221501895429786,1219.231576199494,1.622215750916849,280.9897225866634,152.60491283085125,1.572024246424024,941.194516083183,942.7273025906026,1.5713324513493423,277.3353703489498,943.0319955404248,1.5213283072723476,232.63629546481368,1.5212641249591534,278.11178171877737,1.520834352743069,127.2309740681936,258.539349990822,127.32593091428716,1.4207763814530716,234.48040740823507,1.4201514360670688,259.0129959239143,234.42835655507454,272.68518451340475,1.419932694102907,1.4114584892018947,256.93301611434583,1.3613649920585233,51.70408422016188,173.47383589573212,51.662017457793155,1.2620263443199,226.0510993726462,173.3443877589741,226.37888344286893,278.2475199432217,1.2619072447949915,1.2516281328482772,171.08496158366958,1.2009439412293395,154.52747462425225,0.008326380636208877,0.005116896778327174
123.2803521,269.9999978,36.2929148,599.999958,1.622141233,1219.506407,1.622195,281.4075517,155.9852122,1.57201732,944.5493315,946.3286569,1.571315,278.1342729,946.3286569,1.521316193,236.4041289,1.521205876,278.1342729,1.520795,127.9615021,259.8446635,127.9615021,1.420835359,234.2982007,1.42013138,259.8446635,234.2982007,271.44904455,1.419980642,1.411445,257.97974650000003,1.361374999,50.061044935,172.85741295,50.061044935,1.262049704,225.0000018,172.85741295,225.0000018,278.66434325,1.261777226,1.251614999,171.0901742,1.200914571,162.1537594,0.008582053499999997,0.004266289,123.21796994967447,268.5502186473193,36.89211881196139,599.868529673408,1.622150137531024,1219.2319964325804,1.6222157033514673,280.9901025580858,152.60670105041368,1.5720242418678212,941.1965760400932,942.7293923199948,1.5713324444890517,277.3357220054276,943.034263936316,1.5213283454900508,232.63952012672416,1.521264177089204,278.11232939762846,1.5208343480917963,127.23197957042467,258.54128468041847,127.32686969517466,1.4207765071240326,234.4807192623033,1.4201515593839784,259.01469108051305,234.42850578996126,272.68507696593224,1.4199327926871461,1.4114584974427808,256.93444958601106,1.361365045406561,51.70468302311575,173.47477033895242,51.66257243083575,1.2620264460872637,226.05259092197704,173.34534692558415,226.37986459492046,278.2485763040728,1.2619073519648134,1.2516281268071878,171.08636943159712,1.2009439325120852,154.51922133903628,0.008326505928706424,0.005116520117815227
123.2803521,269.9999978,36.2929148,599.999958,1.622141233,1219.506407,1.622195,281.4075517,155.9852122,1.57201732,944.5493315,946.3286569,1.571315,278.1342729,946.3286569,1.521316193,236.4041289,1.521205876,278.1342729,1.520795,127.96154945,259.84464245000004,127.96154945,1.420835359,234.29825499999998,1.42013138,259.84464245000004,234.29825499999998,271.44912124999996,1.419980642,1.411445,257.9797244,1.361374999,50.061049645,172.85740045,50.061049645,1.2620497025000001,225.0000018,172.85740045,225.0000018,278.6643229,1.261777224,1.251614999,171.09016250000002,1.200914573,162.13941745,0.008582057999999998,0.004266293,123.2184593416406,268.5499155584275,36.89212699311506,599.8688140880131,1.622150087811508,1219.2323942796468,1.6222156579027902,280.990460405479,152.60847448519266,1.5720242370004631,941.1986002752074,942.7314344606633,1.5713324371961694,277.33606043126565,943.0364981017209,1.5213283801450868,232.6427381580755,1.521264226808116,278.1128756837806,1.5208343427202478,127.23296224693568,258.5431523677778,127.32778799144182,1.420776629542932,234.4810150552178,1.4201516786950519,259.01632090993064,234.42865636327747,272.6849660400051,1.4199328889511496,1.4114585046525236,256.9358308088561,1.3613650952998857,51.70529355519964,173.4757118459984,51.66314036765353,1.2620265469389824,226.05399823098026,173.3463182016096,226.38080610446485,278.2495988999652,1.2619074596461857,1.2516281205641517,171.08776833133865,1.200943922368371,154.5113602185606,0.0083266237558016,0.005116185980994386
123.2803521,269.9999978,36.2929148,599.999958,1.622141233,1219.506407,1.622195,281.4075517,155.9852122,1.57201732,944.5493315,946.3286569,1.571315,278.1342729,946.3286569,1.521316193,236.4041289,1.521205876,278.1342729,1.520795,127.96159655,259.84462145,127.96159655,1.420835359,234.29830895,1.42013138,259.84462145,234.29830895,271.4491976,1.419980642,1.411445,257.9797024,1.361374999,50.06105436,172.85738800000001,50.06105436,1.262049701,225.0000018,172.85738800000001,225.0000018,278.6643026,1.261777223,1.251614999,171.0901509,1.200914575,162.12513255,0.008582062,0.004266296500000001,123.21893644401321,268.549673087314,36.89214062837119,599.8690818931686,1.6221500407942906,1219.2327656433727,1.622215614919937,280.99080455704456,152.6102057833387,1.5720242320942108,941.2005590203619,942.7334006263519,1.571332429794047,277.3363817965419,943.0386654759328,1.5213284124582296,232.64590756532678,1.5212642746846712,278.11341883636015,1.520834337287659,127.23390922167948,258.54494384009246,127.32867585341586,1.4207767482855884,234.4812921101196,1.4201517937122883,259.01787703688746,234.4288022520905,272.68484779409295,1.4199329822246267,1.4114585111505162,256.93715177701324,1.3613651428173377,51.70591272980038,173.47664931657255,51.6637169469881,1.2620266464826375,226.0553064337156,173.34729502778376,226.38169310556194,278.25054914237467,1.2619075671996702,1.251628114494213,171.08914734622246,1.2009439122020147,154.50381996014517,0.008326734893009505,0.00511588214260735
123.2803521,269.9999978,36.2929148,599.999958,1.622141233,1219.506407,1.622195,281.4075517,155.9852122,1.57201732,944.5493315,946.3286569,1.571315,278.1342729,946.3286569,1.521316193,236.4041289,1.521205876,278.1342729,1.520795,127.96164345,259.84460055,127.96164345,1.420835359,234.29836269999998,1.42013138,259.84460055,234.29836269999998,271.44927355000004,1.419980643,1.411445,257.97968045,1.361374999,50.061059075,172.8573756,50.061059075,1.262049699,225.0000018,172.8573756,225.0000018,278.6642824,1.261777221,1.251614999,171.0901393,1.200914577,162.1109044,0.008582066499999999,0.004266300000000001,123.2194007871263,268.54945082212663,36.89215494539012,599.8693307189175,1.6221499969211872,1219.2331072947443,1.622215574834495,280.99112869163133,152.61188385626417,1.5720242272046274,941.2024515313527,942.7352841379416,1.571332422287054,277.3366965464983,943.0407560402728,1.5213284425042206,232.6489996160552,1.5212643204839376,278.11395920354187,1.5208343318062378,127.23481464190733,258.54666496005814,127.32952625779838,1.4207768634085591,234.4815397195729,1.4201519043047777,259.01935946138343,234.42893743346772,272.6847149082107,1.4199330726106996,1.41145851702762,256.9384158613741,1.3613651883468147,51.70653437369167,173.47757669596723,51.66429537829056,1.2620267443258097,226.05650561955636,173.34826882660408,226.38251568758494,278.2514318548667,1.2619076739858293,1.2516281085339023,171.090502499277,1.200943901696025,154.49655302866995,0.008326840309864579,0.005115597443292533
123.2803521,269.9999978,36.2929148,599.999958,1.622141233,1219.506407,1.622195,281.4075517,155.9852122,1.57201732,944.5493315,946.3286569,1.571315,278.1342729,946.3286569,1.521316193,236.4041289,1.521205876,278.1342729,1.520795,127.96169015000001,259.84457975,127.96169015000001,1.420835359,234.29841625,1.42013138,259.84457975,234.29841625,271.44934915,1.419980643,1.411445,257.97965865000003,1.361374999,50.061063794999995,172.8573633,50.061063794999995,1.262049697,225.0000018,172.8573633,225.0000018,278.6642623,1.261777219,1.251614999,171.0901278,1.2009145785,162.09673275,0.008582070499999997,0.004266303999999999,123.21985158820324,268.5492487628654,36.89217267122308,599.8695593802811,1.622149956399212,1219.2334176870913,1.6222155378663825,280.99143526746474,152.61350279005575,1.5720242223594947,941.204269621935,942.7370766465332,1.5713324148499745,277.33699249501916,943.0427530969425,1.5213284703079735,232.6520032593289,1.5212643645274007,278.11449225905426,1.520834326227152,127.23567499597,258.54829478947573,127.3303386193145,1.4207769734696256,234.48176189886615,1.4201520100012457,259.02076190195885,234.42906391505332,272.68457751772223,1.4199331596968814,1.4114585223058622,256.93961126381805,1.3613652318640732,51.70715540026031,173.47848994771064,51.66487195762514,1.26202684007608,226.05758092256232,173.34923556159873,226.38326889522045,278.2522470374413,1.2619077791094493,1.2516281028159273,171.09182335095193,1.20094389103154,154.48952971468486,0.008326940975963601,0.005115328162066363
123.2803521,269.9999978,36.2929148,599.999958,1.622141233,1219.506407,1.622195,281.4075517,155.9852122,1.57201732,944.5493315,946.3286569,1.571315,278.1342729,946.3286569,1.521316193,236.4041289,1.521205876,278.1342729,1.520795,127.9617366,259.84455905000004,127.9617366,1.420835359,234.29846945,1.42013138,259.84455905000004,234.29846945,271.44942445000004,1.419980643,1.411445,257.97963695,1.361374999,50.06106852,172.857351,50.06106852,1.2620496955,225.0000018,172.857351,225.0000018,278.6642423,1.2617772175,1.251614999,171.0901163,1.2009145805,162.08261729999998,0.0085820745,0.0042663074999999984,123.22028853413333,268.54906690953027,36.89219039705604,599.8697673835184,1.6221499192825497,1219.2336965219333,1.6222155040348414,280.99172182631935,152.61505667079996,1.5720242177921793,941.2060036174555,942.7387764823472,1.571332407627006,277.33727869464764,943.0446558110523,1.5213284966169007,232.65490744421604,1.5212644068521548,278.1150162620237,1.520834321148597,127.23648618694337,258.54984337868086,127.33110884104018,1.4207770787798548,234.48195730956985,1.4201521106969641,259.0220839398498,234.42917835077364,272.6844344964761,1.4199332435862941,1.4114585271945002,256.94074388340545,1.3613652736236708,51.707773340215795,173.47938907180276,51.665446067669194,1.262026933471835,226.0585224321067,173.35018917806008,226.3839329072149,278.25297057227084,1.261907882314755,1.2516280975306955,171.09310493003284,1.2009438807293304,154.48276190196998,0.008327036018291507,0.005115070578892623
123.2803521,269.9999978,36.2929148,599.999958,1.622141233,1219.506407,1.622195,281.4075517,155.9852122,1.57201732,944.5493315,946.3286569,1.571315,278.1342729,946.3286569,1.521316193,236.4041289,1.521205876,278.1342729,1.520795,127.9617829,259.84453844999996,127.9617829,1.420835359,234.29852255,1.42013138,259.84453844999996,234.29852255,271.44949935,1.419980643,1.411445,257.9796153,1.361374999,50.06107325,172.85733879999998,50.06107325,1.262049694,225.0000018,172.85733879999998,225.0000018,278.66422239999997,1.261777216,1.251614999,171.09010485,1.200914582,162.0685578,0.0085820785,0.004266311000000001,123.22070958969728,268.5489103136028,36.89220880465181,599.869954531133,1.62214988568096,1219.233943446521,1.6222154735075591,280.99198871937017,152.61655289088858,1.5720242131915259,941.2076602157512,942.7403886547229,1.5713324004433642,277.3375471373649,943.0464700268313,1.5213285207583314,232.6577011197848,1.521264446852324,278.11552529347966,1.5208343155817194,127.2372470442777,258.55129983980993,127.33183224077644,1.4207771786605554,234.48212595168403,1.4201522061301137,259.0233247375282,234.42927940219917,272.68428471832067,1.4199333234539648,1.4114585314828998,256.94180697835293,1.3613653127892034,51.70838695891285,173.48026498618208,51.666014004486975,1.2620270238590436,226.05933014818953,173.35112513495733,226.38451267888172,278.2536121064864,1.2619079828344208,1.2516280923724012,171.0943447509125,1.2009438700195607,154.47626147430532,0.008327125048721464,0.0051148294715516
123.2803521,269.9999978,36.2929148,599.999958,1.622141233,1219.506407,1.622195,281.4075517,155.9852122,1.57201732,944.5493315,946.3286569,1.571315,278.1342729,946.3286569,1.521316193,236.4041289,1.521205876,278.1342729,1.520795,127.9618289,259.84451794999995,127.9618289,1.420835359,234.29857529999998,1.42013138,259.84451794999995,234.29857529999998,271.449574,1.419980643,1.411445,257.9795938,1.361374999,50.06107798,172.8573266,50.06107798,1.262049692,225.0000018,172.8573266,225.0000018,278.6642026,1.261777214,1.251614999,171.0900935,1.200914584,162.0545539,0.008582082,0.004266314500000002,123.2211156159494,268.54875371767537,36.89222448519635,599.870121810607,1.6221498554680107,1219.234159654775,1.6222154461140996,280.99223735131756,152.61797370858145,1.5720242085908722,941.2092215559237,942.7418939611928,1.5713323933514842,277.3378033939665,943.0481740371421,1.52132854223399,232.66035776379877,1.5212644842558827,278.1160245760432,1.5208343095509353,127.23795873852272,258.5526675229749,127.3325123301725,1.420777273196564,234.48227317892653,1.4201522963268765,259.02448597005,234.4293710846184,272.6841360663168,1.4199333992225522,1.4114585351462807,256.9428026554679,1.3613653489848954,51.70899749099674,173.48112071820242,51.66657823736899,1.2620271118917372,226.06003380269112,173.35204545052636,226.38502307616105,278.25419093435,1.261908080924222,1.2516280873352752,171.0955443049553,1.2009438585173136,154.47004625736082,0.00832720709721544,0.005114608023941221
123.2803521,269.9999978,36.2929148,599.999958,1.622141233,1219.506407,1.622195,281.4075517,155.9852122,1.57201732,944.5493315,946.3286569,1.571315,278.1342729,946.3286569,1.521316193,236.4041289,1.521205876,278.1342729,1.520795,127.9618748,259.84449755,127.9618748,1.420835359,234.29862785,1.42013138,259.84449755,234.29862785,271.44964819999996,1.419980643,1.411445,257.9795724,1.361374999,50.061082715,172.8573145,50.061082715,1.26204969,225.0000018,172.8573145,225.0000018,278.6641829,1.2617772125,1.251614999,171.09008215,1.200914586,162.04060555,0.008582085999999996,0.004266318000000002,123.22150402972674,268.54857691582174,36.89223743868967,599.8702702291722,1.6221498285353326,1219.2343464491555,1.6222154217390061,280.99247088273705,152.6193206023569,1.5720242039568806,941.2106801959325,942.7432898970873,1.5713323862290167,277.33804711627783,943.0497720164338,1.5213285603213775,232.66287737625794,1.5212645180983753,278.11650958344273,1.5208343026777948,127.23861951385383,258.5539514533434,127.33314676812891,1.4207773621616502,234.4823989912974,1.4201523809468874,259.02556931247125,234.4294507211723,272.6839829097068,1.4199334707631546,1.4114585381226916,256.94372712249714,1.3613653813743423,51.70960493646746,173.48195626786378,51.66714000096049,1.262027196915884,226.06063835092488,173.35294407005952,226.38546409905288,278.2546974087307,1.2619081760726079,1.251628082355848,171.0966996151896,1.200943845939561,154.46414001869658,0.008327278963049847,0.005114414729787602
123.2803521,269.9999978,36.2929148,599.999958,1.622141233,1219.506407,1.622195,281.4075517,155.9852122,1.57201732,944.5493315,946.3286569,1.571315,278.1342729,946.3286569,1.521316193,236.4041289,1.521205876,278.1342729,1.520795,127.9619204,259.84447724999995,127.9619204,1.420835359,234.29868015,1.42013138,259.84447724999995,234.29868015,271.44972210000003,1.419980643,1.411445,257.9795511,1.361374999,50.061087455,172.85730239999998,50.061087455,1.262049689,225.0000018,172.85730239999998,225.0000018,278.66416325,1.261777211,1.251614999,171.0900709,1.200914588,162.02671235000003,0.008582089499999997,0.004266321,123.22188978206346,268.548369805079,36.89225516452263,599.8704011890532,1.6221498044299953,1219.2345055120052,1.6222153999012097,280.9927261870107,152.6205743519964,1.5720241994395723,941.2120726017774,942.7446207115703,1.5713323794823362,277.33828561596823,943.0512806625051,1.5213285786329889,232.66529089977146,1.5212645513349918,278.1169886718719,1.5208342980753544,127.23923229664541,258.5551976949536,127.33374082211945,1.4207774476201658,234.48249669664924,1.4201524627916133,259.02658355883545,234.42952634243775,272.6838483345972,1.4199335402155449,1.411458541214745,256.9446124029112,1.3613654141638085,51.71021114729292,173.48276759869438,51.66770176455199,1.2620272824632566,226.061158658831,173.35383915767986,226.38582583693045,278.2551315296284,1.261908269558455,1.2516280777918543,171.09782559525877,1.200943833248597,154.4584833394125,0.008327336863505222,0.005114249585899445
123.2803521,269.9999978,36.2929148,599.999958,1.622141233,1219.506407,1.622195,281.4075517,155.9852122,1.57201732,944.5493315,946.3286569,1.571315,278.1342729,946.3286569,1.521316193,236.4041289,1.521205876,278.1342729,1.520795,127.96196585000001,259.844457,127.96196585000001,1.420835359,234.29873220000002,1.42013138,259.844457,234.29873220000002,271.4497957,1.419980643,1.411445,257.97952985,1.361374999,50.061092195,172.8572904,50.061092195,1.262049687,225.0000018,172.8572904,225.0000018,278.6641437,1.261777209,1.251614999,171.09005965,1.200914589,162.01287405,0.008582093000000002,0.004266324500000001,123.22225870470203,268.5481576428547,36.89227016330437,599.8705166652143,1.622149782969993,1219.2346396110504,1.6222153804825044,280.99295936725514,152.62177191945864,1.5720241948278062,941.2133928198261,942.7458697068442,1.571332372718177,277.3384976543791,943.0527108289245,1.521328594303742,232.66756076117107,1.5212645820739163,278.1174486106909,1.5208342935339543,127.23979942799691,258.5563635338793,127.33429390686926,1.420777527394644,234.48257834084737,1.4201525397403176,259.0275127961113,234.42959861762955,272.68372389485154,1.419933605130585,1.411458543826332,256.94542563051675,1.3613654442137482,51.710813036859946,173.48355168334038,51.66826044153035,1.2620273646096631,226.06159472640945,173.35470800823353,226.38612811104736,278.2554932970432,1.261908359719224,1.2516280731817009,171.0989058401551,1.200943819572697,154.45305245194857,0.008327379634451895,0.005114110996591056
123.2803521,269.9999978,36.2929148,599.999958,1.622141233,1219.506407,1.622195,281.4075517,155.9852122,1.57201732,944.5493315,946.3286569,1.571315,278.1342729,946.3286569,1.521316193,236.4041289,1.521205876,278.1342729,1.520795,127.96201105,259.8444369,127.96201105,1.420835359,234.298784,1.42013138,259.8444369,234.298784,271.44986895,1.419980643,1.411445,257.97950875000004,1.361374999,50.06109694,172.85727839999998,50.06109694,1.262049685,225.0000018,172.85727839999998,225.0000018,278.66412425,1.2617772075,1.251614999,171.09004844999998,1.200914591,161.99909050000002,0.0085820965,0.0042663280000000015,123.22261776435472,268.5479555835934,36.89228720737452,599.8706201730919,1.6221497634675939,1219.234754118936,1.622215362927599,280.9931742863961,152.62292735028794,1.572024190343836,941.214661687793,942.7470644342754,1.5713323661288023,277.3386860169083,943.0540917368393,1.5213286092519962,232.66976431697967,1.5212646123924374,278.1178953188701,1.520834290286609,127.24033144285607,258.55747242090337,127.33481538677623,1.420777603210091,234.4826466007507,1.420152613809009,259.0283653995785,234.42966754674762,272.6836157843033,1.4199336666941738,1.411458546340174,256.9461895588322,1.3613654731363607,51.71141245713644,173.48431659474534,51.668817883863454,1.262027444793974,226.06198619616737,173.35555970378206,226.3863808320303,278.2557971816716,1.26190844681069,1.2516280687446448,171.09995277791478,1.2009438061232187,154.4477968502398,0.008327406790722537,0.005113994180933924
123.2803521,269.9999978,36.2929148,599.999958,1.622141233,1219.506407,1.622195,281.4075517,155.9852122,1.57201732,944.5493315,946.3286569,1.571315,278.1342729,946.3286569,1.521316193,236.4041289,1.521205876,278.1342729,1.520795,127.96205605,259.8444168,127.96205605,1.420835359,234.29883560000002,1.42013138,259.8444168,234.29883560000002,271.44994185,1.419980643,1.411445,257.97948775,1.361374999,50.06110169,172.85726649999998,50.06110169,1.262049684,225.0000018,172.85726649999998,225.0000018,278.6641049,1.261777206,1.251614999,171.09003735,1.200914593,161.98536135,0.0085821,0.004266330999999998,123.22296962246216,268.5477888847029,36.89230834202151,599.8707152676217,1.622149745269801,1219.2348549781332,1.622215346601482,280.9933832355609,152.6240421229627,1.5720241858932038,941.2158881361268,942.7482099032031,1.5713323596967337,277.3388580152252,943.0554300653683,1.5213286239261992,232.6718971468245,1.5212646422287306,278.11833297450636,1.520834288785017,127.24083477924647,258.55853105624965,127.3353099440393,1.4207776756320825,234.48270616086245,1.4201526850238697,259.0291522571005,234.42973915272466,272.68352738140703,1.4199337252156756,1.4114585487810514,256.94690882283356,1.361365501404396,51.71200879079977,173.48506334202725,51.66937347422868,1.2620275235394147,226.06233306810478,173.3563917215306,226.38660877644634,278.25607694847236,1.2619085317280667,1.2516280643710578,171.1009669056592,1.2009437927190252,154.44269870861612,0.00832741901107322,0.005113894889723299
123.2803521,269.9999978,36.2929148,599.999958,1.622141233,1219.506407,1.622195,281.4075517,155.9852122,1.57201732,944.5493315,946.3286569,1.571315,278.1342729,946.3286569,1.521316193,236.4041289,1.521205876,278.1342729,1.520795,127.96210085,259.8443969,127.96210085,1.420835359,234.29888695,1.42013138,259.8443969,234.29888695,271.4500144,1.419980643,1.411445,257.9794668,1.361374999,50.06110644,172.85725465000002,50.06110644,1.262049682,225.0000018,172.85725465000002,225.0000018,278.66408565,1.261777204,1.251614999,171.09002625,1.200914595,161.9716864,0.008582103000000002,0.0042663345,123.22330981719742,268.54763228877545,36.89233084019411,599.8708040817651,1.6221497281695996,1219.2349460688847,1.6222153312430014,280.9935802447734,152.62511845520035,1.5720241814647968,941.2170729090318,942.7493069485173,1.5713323532952523,277.3390098194077,943.0567274842919,1.5213286373298003,232.67396809145103,1.521264670729624,278.11875670315334,1.5208342883333186,127.24131119299273,258.5595360898062,127.33577933448305,1.4207777443778309,234.48276170568576,1.4201527530183524,259.02987588126126,234.42981142791643,272.68345868616285,1.4199337809013337,1.4114585510952729,256.9475914283884,1.361365527829918,51.71260203784994,173.48579293430402,51.669930299239155,1.2620276001919533,226.06267002941541,173.3572050705971,226.38681194429537,278.25632295031437,1.2619086134482531,1.251628059962851,171.10194921763122,1.2009437792469049,154.43779962030757,0.00832741901107322,0.0051138173695834755
123.2803521,269.9999978,36.2929148,599.999958,1.622141233,1219.506407,1.622195,281.4075517,155.9852122,1.57201732,944.5493315,946.3286569,1.571315,278.1342729,946.3286569,1.521316193,236.4041289,1.521205876,278.1342729,1.520795,127.96214545000001,259.84437705,127.96214545000001,1.420835359,234.29893805,1.42013138,259.84437705,234.29893805,271.45008659999996,1.419980643,1.411445,257.979446,1.361374999,50.061111194999995,172.8572428,50.061111194999995,1.26204968,225.0000018,172.8572428,225.0000018,278.66406645,1.261777203,1.251614999,171.09001525000002,1.200914596,161.9580655,0.0085821065,0.004266337500000002,123.2236407751681,268.5475110532187,36.89235606541794,599.8708875832546,1.622149711964144,1219.2350296976297,1.6222153166542317,280.9937786586862,152.62614230145664,1.5720241771919679,941.2182026108344,942.7503472213191,1.5713323471646867,277.33915013382403,943.0579589469122,1.5213286501105578,232.67597715085924,1.5212646984268046,278.11917207560685,1.5208342892000912,127.24176243991948,258.56049254674093,127.33622648448184,1.420777809871518,234.48281524286486,1.4201528177662754,259.03054715992425,234.4298850415377,272.68340688319176,1.4199338337253675,1.4114585532745783,256.9482399036656,1.3613655531281124,51.71319034631905,173.4865043624577,51.670486506927,1.2620276746207835,226.06299212478586,173.35800277833542,226.38699529089087,278.2565448343288,1.261908692610687,1.2516280556758126,171.10289971383088,1.2009437666804734,154.4331174109842,0.008327411543079005,0.005113756840976228
123.2803521,269.9999978,36.2929148,599.999958,1.622141233,1219.506407,1.622195,281.4075517,155.9852122,1.57201732,944.5493315,946.3286569,1.571315,278.1342729,946.3286569,1.521316193,236.4041289,1.521205876,278.1342729,1.520795,127.9621898,259.8443573,127.9621898,1.420835359,234.29898895,1.42013138,259.8443573,234.29898895,271.4501585,1.419980643,1.411445,257.97942524999996,1.361374999,50.06111595,172.85723109999998,50.06111595,1.262049679,225.0000018,172.85723109999998,225.0000018,278.66404735000003,1.261777201,1.251614999,171.09000425,1.200914598,161.94449835,0.008582110000000002,0.004266341,123.22395678210465,268.54741507506964,36.89238129064177,599.8709667990715,1.6221496965144984,1219.2351080351334,1.6222153027829427,280.99396197207113,152.62712844651506,1.5720241730024838,941.2192913814124,942.7513515938555,1.5713323412045361,277.3392695577566,943.0591386463581,1.521328661670541,232.677911063931,1.5212647243310873,278.11956690575124,1.5208342906772672,127.2421926169508,258.5613895391902,127.33665197931053,1.4207778708971557,234.4828714569029,1.4201528787963638,259.0311623242137,234.4299626704474,272.68337478787276,1.419933883455754,1.411458555241873,256.94884708552024,1.3613655765353063,51.71377309888446,173.48719359001655,51.67103962800171,1.2620277463026797,226.06329935421613,173.35877273533012,226.38716872685956,278.2567522476466,1.2619087687038184,1.2516280513887739,171.10381342304373,1.2009437546121706,154.42863128403098,0.008327397867938131,0.005113712772353223
123.2803521,269.9999978,36.2929148,599.999958,1.622141233,1219.506407,1.622195,281.4075517,155.9852122,1.57201732,944.5493315,946.3286569,1.571315,278.1342729,946.3286569,1.521316193,236.4041289,1.521205876,278.1342729,1.520795,127.962234,259.8443376,127.962234,1.420835359,234.29903960000001,1.42013138,259.8443376,234.29903960000001,271.4502301,1.419980643,1.411445,257.9794046,1.361374999,50.06112071,172.85721940000002,50.06112071,1.262049677,225.0000017,172.85721940000002,225.0000017,278.66402834999997,1.261777199,1.251614999,171.0899933,1.2009146,161.93098465,0.008582113,0.004266343999999998,123.2242588556167,268.5473443543282,36.89240924291683,599.8710421044593,1.6221496818331669,1219.2351819497023,1.6222152895494137,280.99414352958075,152.6280598878746,1.5720241689185703,941.2203221040716,942.7522925147605,1.5713323354978233,277.3393771437483,943.060250719721,1.5213286720595776,232.67976541029347,1.5212647483064592,278.1199467643822,1.5208342922276914,127.24260113881185,258.5622438177133,127.33705757479373,1.4207779280768773,234.4829316862294,1.420152935951526,259.03173058693716,234.4300443146455,272.6833601479027,1.419933930376077,1.4114585569847669,256.94942140118155,1.3613655980636212,51.71434906090091,173.4878626352164,51.67159089710853,1.2620278148452226,226.06359667301962,173.35951948261203,226.3873223415747,278.2569451902678,1.261908841343984,1.251628047055576,171.10469133951264,1.20094374277029,154.42434123944787,0.008327380895276786,0.00511367985387058
123.2803521,269.9999978,36.2929148,599.999958,1.622141233,1219.506407,1.622195,281.4075517,155.9852122,1.57201732,944.5493315,946.3286569,1.571315,278.1342729,946.3286569,1.521316193,236.4041289,1.521205876,278.1342729,1.520795,127.962278,259.844318,127.962278,1.420835359,234.29909,1.42013138,259.844318,234.29909,271.45030135,1.419980643,1.411445,257.9793841,1.361374999,50.061125475,172.8572077,50.061125475,1.262049675,225.0000017,172.8572077,225.0000017,278.66400945,1.261777198,1.251614999,171.0899824,1.200914601,161.91752435,0.008582116000000002,0.004266347,123.22454957886721,268.5472635306237,36.89243446814066,599.8711135586668,1.6221496678228948,1219.2352517940858,1.6222152769344027,280.99431525418845,152.62894327868779,1.5720241651069178,941.2212999882406,942.7531916911709,1.5713323301363094,277.3394711509256,943.0612901576616,1.5213286820499943,232.68155124087858,1.5212647712060925,278.1203064288788,1.5208342947303446,127.24298917605236,258.56304449444673,127.3374438562063,1.4207779816086343,234.48299325398534,1.4201529899386738,259.0322552982065,234.43012796648785,272.68335676944804,1.4199339744605561,1.4114585586326687,256.9499569515891,1.361365618404,51.71491761504576,173.48851250717524,51.672137844956964,1.262027881033251,226.06388903650972,173.3602430201811,226.38746604566307,278.25711883862687,1.2619089106590717,1.2516280429474045,171.10553346323766,1.2009437322869427,154.42022945156492,0.008327362564841392,0.005113654899678168
123.2803521,269.9999978,36.2929148,599.999958,1.622141233,1219.506407,1.622195,281.4075517,155.9852122,1.57201732,944.5493315,946.3286569,1.571315,278.1342729,946.3286569,1.521316193,236.4041289,1.521205876,278.1342729,1.520795,127.9623218,259.8442985,127.9623218,1.420835359,234.2991402,1.42013138,259.8442985,234.2991402,271.45037225,1.419980643,1.411445,257.97936365,1.361374999,50.06113024,172.8571961,50.06113024,1.262049674,225.0000017,172.8571961,225.0000017,278.66399060000003,1.261777196,1.251614999,171.08997155,1.200914603,161.9041171,0.008582118999999996,0.00426635,123.22482480313991,268.5471928098823,36.89245901160168,599.8711806679528,1.6221496546684662,1219.23531683565,1.622215265036872,280.9944785505946,152.62977048732375,1.572024161450843,941.222219080287,942.7540274159498,1.5713323250151243,277.33954949023996,943.06225612529,1.5213286905954129,232.6832331927044,1.5212647921520852,278.1206465955905,1.5208342970132527,127.24335497284771,258.5637949195023,127.33781023827338,1.4207780307854574,234.48306017545923,1.4201530397367124,259.03273143285395,234.43021630283334,272.6833680309635,1.4199340155545095,1.4114585600520395,256.9504554221888,1.3613656366594293,51.71547937864165,173.48913816030333,51.67268108886962,1.262027943689507,226.06417644468644,173.3609403206835,226.38760479443803,278.2572828398549,1.2619089766490812,1.251628038833463,171.10633979421874,1.2009437221319075,154.41627809471206,0.008327343749515815,0.005113636847785103
123.2803521,269.9999978,36.2929148,599.999958,1.622141233,1219.506407,1.622195,281.4075517,155.9852122,1.57201732,944.5493315,946.3286569,1.571315,278.1342729,946.3286569,1.521316193,236.4041289,1.521205876,278.1342729,1.520795,127.96236535,259.84427915000003,127.96236535,1.420835359,234.2991901,1.42013138,259.84427915000003,234.2991901,271.45044285,1.419980643,1.411445,257.9793433,1.361374999,50.06113501,172.85718455,50.06113501,1.262049672,225.0000017,172.85718455,225.0000017,278.66397185,1.261777195,1.251614999,171.08996075,1.200914605,161.8907627,0.008582122,0.004266353,123.22508734643075,268.547142295067,36.892484918588316,599.8712435508153,1.6221496423490411,1219.2353773186069,1.6222152539008055,280.9946365793747,152.6305548200876,1.5720241580336909,941.2230875664554,942.754815552005,1.5713323202041816,277.339619125186,943.0631553017253,1.5213286984432464,232.68485104912554,1.5212648113299099,278.1209690053909,1.520834299320577,127.243702626122,258.56450263063175,127.33815789154468,1.4207780764839886,234.4831270969331,1.4201530866285563,259.0331719725629,234.43030597760833,272.6833877386155,1.4199340539673013,1.4114585613254809,256.9509222906794,1.361365653751166,51.71603249972069,173.48974464019037,51.673220628846515,1.2620280043836671,226.06445394223636,173.36161592515006,226.38773363258622,278.2574275468208,1.261909039953451,1.25162803482338,171.1071148065489,1.200943713086341,154.41248122699932,0.008327326001077554,0.00511362304343928
123.2803521,269.9999978,36.2929148,599.999958,1.622141233,1219.506407,1.622195,281.4075517,155.9852122,1.57201732,944.5493315,946.3286569,1.571315,278.1342729,946.3286569,1.521316193,236.4041289,1.521205876,278.1342729,1.520795,127.96240875,259.84425984999996,127.96240875,1.420835359,234.29923985,1.42013138,259.84425984999996,234.29923985,271.45051309999997,1.419980643,1.411445,257.979323,1.361374999,50.061139785,172.85717305,50.061139785,1.2620496705,225.0000017,172.85717305,225.0000017,278.66395320000004,1.261777193,1.251614999,171.08995,1.200914606,161.87746090000002,0.008582125000000001,0.004266355999999998,123.22533564318644,268.5470715743255,36.892504689709696,599.871301832011,1.6221496308257173,1219.2354328630718,1.6222152434629764,280.99478056115214,152.63129036306597,1.572024154861018,941.2239091677665,942.7555586040062,1.5713323156903727,277.33967448496816,943.0639860171879,1.5213287053941846,232.6863849184647,1.521264829023957,278.1212733101054,1.5208343017866062,127.2440292095009,258.5651617651393,127.33848681602024,1.4207781189587372,234.48319401840695,1.420153130116749,259.0335739859855,234.43039297552437,272.68341026164643,1.4199340901629791,1.4114585624763964,256.9513600852297,1.3613656694004084,51.71657821292813,173.49033194683642,51.673753995597124,1.2620280620692808,226.06469179727915,173.36226630166786,226.38783769416742,278.2575433123935,1.2619090999327427,1.2516280309979335,171.10785651174237,1.200943704618151,154.40881508086667,0.00832730999841975,0.005113609239130727
123.2803521,269.9999978,36.2929148,599.999958,1.622141233,1219.506407,1.622195,281.4075517,155.9852122,1.57201732,944.5493315,946.3286569,1.571315,278.1342729,946.3286569,1.521316193,236.4041289,1.521205876,278.1342729,1.520795,127.96245195,259.8442406,127.96245195,1.420835359,234.29928934999998,1.42013138,259.8442406,234.29928934999998,271.4505831,1.419980643,1.411445,257.97930284999995,1.361374999,50.06114456,172.85716159999998,50.06114456,1.262049669,225.0000017,172.85716159999998,225.0000017,278.66393465,1.2617771915,1.251614999,171.0899393,1.200914608,161.86421155,0.008582128,0.004266358999999999,123.2255707892943,268.54700590506565,36.89252582435668,599.8713553930421,1.6221496202263157,1219.2354831162954,1.6222152338580844,280.99492278705424,152.63197785549798,1.5720241519105989,941.2246727211588,942.7562482230545,1.5713323114780668,277.3397214885568,943.0647491065675,1.5213287114731413,232.68783259053555,1.521264845197132,278.12155533163707,1.5208343039352257,127.24433706408387,258.56578069830454,127.33879818224976,1.4207781577855214,234.48326294752505,1.4201531703845636,259.0339416607616,234.43048398872884,272.68344179388964,1.4199341237806171,1.4114585634455885,256.9517612213336,1.3613656837404966,51.71711466629608,173.49089806200553,51.67428118912146,1.262028117269573,226.06493460763534,173.36289195479594,226.38793184512187,278.25765425440073,1.2619091572263945,1.2516280272821154,171.1085668982849,1.2009436968745122,154.40528262725914,0.008327297002344525,0.0051135959657922616
123.2803521,269.9999978,36.2929148,599.999958,1.622141233,1219.506407,1.622195,281.4075517,155.9852122,1.57201732,944.5493315,946.3286569,1.571315,278.1342729,946.3286569,1.521316193,236.4041289,1.521205876,278.1342729,1.520795,127.96249495,259.84422144999996,127.96249495,1.420835359,234.29933864999998,1.42013138,259.84422144999996,234.29933864999998,271.4506527,1.419980643,1.411445,257.9792828,1.361374999,50.06114934,172.85715015,50.06114934,1.262049667,225.0000017,172.85715015,225.0000017,278.66391615,1.26177719,1.251614999,171.08992865,1.2009146095,161.85101445,0.008582131000000002,0.004266361999999999,123.22579497652893,268.54690992691656,36.89254014137561,599.8714045104036,1.622149610488315,1219.2355281596817,1.6222152250503932,280.9950541265292,152.6326136011878,1.5720241491602083,941.2253804592445,942.7568835742601,1.5713323075235681,277.33975769872876,943.0654412303047,1.5213287167548577,232.68919406533806,1.5212648598123408,278.12182238165536,1.5208343058396836,127.2446261898709,258.56635943012753,127.33909199023326,1.4207781936430324,234.48333254585788,1.4201532077723653,259.0342737405993,234.43057366350382,272.6834772676633,1.4199341550780193,1.4114585643197888,256.9521307553284,1.36136569656536,51.71764247714716,173.49144399481568,51.67480097477425,1.262028169592125,226.06515759673795,173.36349540732914,226.38801608544952,278.2577410785803,1.2619092114507435,1.251628023704775,171.10924596617647,1.2009436896742867,154.40187198239667,0.008327287012837805,0.00511358003783158
123.2803521,269.9999978,36.2929148,599.999958,1.622141233,1219.506407,1.622195,281.4075517,155.9852122,1.57201732,944.5493315,946.3286569,1.571315,278.1342729,946.3286569,1.521316193,236.4041289,1.521205876,278.1342729,1.520795,127.96253775,259.84420245,127.96253775,1.420835359,234.29938765,1.42013138,259.84420245,234.29938765,271.450722,1.419980643,1.411445,257.9792628,1.361374999,50.06115412,172.8571388,50.06115412,1.262049666,225.0000017,172.8571388,225.0000017,278.66389775,1.261777188,1.251614999,171.089918,1.200914611,161.83786924999998,0.008582134,0.004266365000000002,123.22600570000508,268.546819000249,36.892553776631736,599.8714489076004,1.6221496015825392,1219.2355678575577,1.622215216984923,280.99517844250295,152.63320942796224,1.5720241466709657,941.226049498718,942.7574830252004,1.5713323038705724,277.3397869454061,943.0660765815278,1.5213287214635578,232.69048260399043,1.521264873327081,278.12207376381076,1.5208343076953095,127.24489775741176,258.5668954480244,127.33936941052046,1.4207782266443851,234.48340013654646,1.4201532423848822,259.03458069459805,234.4306599922051,272.68351555681585,1.4199341844676723,1.411458565108634,256.95248006397344,1.3613657084689668,51.718161028158754,173.4919727726207,51.675314587200766,1.2620282200833877,226.06535580927363,173.3640781729444,226.3880755492102,278.25780378493215,1.261909263501003,1.251628020340921,171.10989918375301,1.200943683515603,154.3985712624993,0.008327279641947322,0.005113563578990996
123.2803521,269.9999978,36.2929148,599.999958,1.622141233,1219.506407,1.622195,281.4075517,155.9852122,1.57201732,944.5493315,946.3286569,1.571315,278.1342729,946.3286569,1.521316193,236.4041289,1.521205876,278.1342729,1.520795,127.9625803,259.84418345,127.9625803,1.420835359,234.29943645,1.42013138,259.84418345,234.29943645,271.45079095,1.419980643,1.411445,257.9792429,1.361374999,50.061158899999995,172.8571275,50.061158899999995,1.262049664,225.0000017,172.8571275,225.0000017,278.66387944999997,1.261777187,1.251614999,171.08990745,1.200914613,161.8247759,0.008582137000000004,0.0042663679999999995,123.22620632566233,268.54671291913684,36.89256195778541,599.8714888216284,1.6221495935145451,1219.2356023184618,1.6222152096919127,280.9952981932007,152.6337675535388,1.5720241443984209,941.2266731417421,942.7580323827474,1.5713323005278195,277.33981340668566,943.0666559951269,1.5213287258234653,232.6916937861199,1.5212648855311512,278.12230982627807,1.520834309477687,127.24515176670646,258.5674029899705,127.33962927256165,1.4207782570723675,234.48346571959087,1.4201532747719345,259.03486084770196,234.4307463209064,272.68355159366524,1.419934211898015,1.4114585657859673,256.9528032482084,1.3613657196452653,51.71866970200822,173.49248338630264,51.675819557110486,1.2620282679585226,226.06552924524232,173.36463974708275,226.38812510234413,278.25784719702193,1.2619093132492853,1.2516280171270846,171.11052456252875,1.200943677945617,154.395392351347,0.008327275568563275,0.005113545527420301
123.2803521,269.9999978,36.2929148,599.999958,1.622141233,1219.506407,1.622195,281.4075517,155.9852122,1.57201732,944.5493315,946.3286569,1.571315,278.1342729,946.3286569,1.521316193,236.4041289,1.521205876,278.1342729,1.520795,127.9626227,259.84416454999996,127.9626227,1.420835359,234.29948505,1.42013138,259.84416454999996,234.29948505,271.45085965,1.419980643,1.411445,257.97922315,1.361374999,50.061163685,172.85711625,50.061163685,1.2620496625,225.0000017,172.85711625,225.0000017,278.66386120000004,1.261777185,1.251614999,171.08989689999999,1.200914614,161.81173410000002,0.008582139999999997,0.004266370499999999,123.2263962272794,268.5465866320986,36.89256809365067,599.8715246277308,1.622149586255157,1219.2356319494122,1.6222152031383745,280.99540740864654,152.63428723867827,1.5720241422147772,941.2272498999088,942.7585450051392,1.5713322972855674,277.3398287263738,943.0671794711018,1.5213287291868225,232.6928320320993,1.5212648962885384,278.1225291763583,1.5208343103810837,127.24539055885447,258.5678703305743,127.33987625855575,1.420778284898701,234.4835339794942,1.4201533042789742,259.035114199911,234.43083064196347,272.6835932612724,1.4199342372659258,1.4114585663449046,256.95309988667174,1.3613657292093648,51.719170967986095,173.49297684497947,51.67631835379393,1.2620283141331747,226.06569772589762,173.36518063430316,226.38815978953787,278.2578809619807,1.261909360311928,1.251628013982487,171.11112309674652,1.2009436724209157,154.3923263361048,0.008327274695695532,0.005113526414061966
123.2803521,269.9999978,36.2929148,599.999958,1.622141233,1219.506407,1.622195,281.4075517,155.9852122,1.57201732,944.5493315,946.3286569,1.571315,278.1342729,946.3286569,1.521316193,236.4041289,1.521205876,278.1342729,1.520795,127.9626649,259.8441458,127.9626649,1.420835359,234.2995334,1.42013138,259.8441458,234.2995334,271.450928,1.419980643,1.411445,257.97920345,1.361374999,50.06116847,172.85710505,50.06116847,1.262049661,225.0000017,172.85710505,225.0000017,278.6638431,1.261777184,1.251614999,171.08988645,1.200914616,161.79874365,0.0085821425,0.004266373499999999,123.22657493519024,268.5464552935788,36.892570138939085,599.8715564246555,1.6221495797335168,1219.235656777544,1.6222151972583334,280.99551065411623,152.63477661501162,1.5720241402478312,941.2277909362793,942.7590167179266,1.5713322942880137,277.33983882344097,943.0676570281315,1.5213287320519044,232.69390397248762,1.5212649059454573,278.1227363403229,1.5208343113088967,127.24561413385578,258.56831170781123,127.34010861267815,1.4207783106324035,234.48359956253861,1.420153332136552,259.03534870774087,234.4309122861616,272.68363323965224,1.419934261215915,1.4114585668350075,256.9533758784239,1.3613657378400856,51.71966482609238,173.49345718512296,51.67680974260584,1.262028358345731,226.06583151935922,173.3657053756364,226.38818456610483,278.2579002562428,1.2619094055841438,1.2516280109590572,171.11170274034944,1.2009436673264164,154.38935539110264,0.008327276732387088,0.005113506238927892
123.2803521,269.9999978,36.2929148,599.999958,1.622141233,1219.506407,1.622195,281.4075517,155.9852122,1.57201732,944.5493315,946.3286569,1.571315,278.1342729,946.3286569,1.521316193,236.4041289,1.521205876,278.1342729,1.520795,127.9627069,259.84412705,127.9627069,1.420835359,234.2995816,1.42013138,259.84412705,234.2995816,271.4509961,1.419980643,1.411445,257.9791838,1.361374999,50.061173260000004,172.85709385,50.061173260000004,1.262049659,225.0000017,172.85709385,225.0000017,278.663825,1.261777182,1.251614999,171.089876,1.200914618,161.7858043,0.008582145000000003,0.0042663760000000005,123.22674503255787,268.5463088006144,36.89256945717628,599.8715848443915,1.622149573863485,1219.2356773726826,1.622215191991312,280.99561214371056,152.6352268116687,1.5720241384364628,941.2282940182415,942.7594542002283,1.5713322915351582,277.3398468314598,943.0680903359959,1.5213287344436253,232.6949096072849,1.5212649144648132,278.122931318172,1.520834311907092,127.24582717390939,258.56872795920924,127.34033043185295,1.4207783344431482,234.483665145583,1.420153358004303,259.03556060231574,234.4309939303597,272.6836777226382,1.4199342834643978,1.4114585672617825,256.95363417299495,1.3613657459132038,51.720149424359164,173.49392137937926,51.67729495819146,1.2620284012502236,226.06597522344757,173.3662109437286,226.3882043873584,278.2579050798083,1.261909449065933,1.251628008039486,171.11225951636598,1.2009436625489083,154.38649140012058,0.008327281484669335,0.0051134850020306535
123.2803521,269.9999978,36.2929148,599.999958,1.622141233,1219.506407,1.622195,281.4075517,155.9852122,1.57201732,944.5493315,946.3286569,1.571315,278.1342729,946.3286569,1.521316193,236.4041289,1.521205876,278.1342729,1.520795,127.96274875,259.84410849999995,127.96274875,1.420835359,234.2996295,1.42013138,259.84410849999995,234.2996295,271.45106380000004,1.419980643,1.411445,257.9791643,1.361374999,50.061178049999995,172.85708275000002,50.061178049999995,1.262049658,225.0000017,172.85708275000002,225.0000017,278.6638071,1.2617771805,1.251614999,171.0898656,1.200914619,161.77291595,0.008582148000000001,0.004266379,123.22690777182491,268.54615725616844,36.89256536659944,599.8716101831831,1.622149568525577,1219.2356944674618,1.622215187202611,280.9957080145038,152.63565557038976,1.5720241368028973,941.2287717972648,942.7598666358335,1.5713322889352392,277.33984961685763,943.0684910831537,1.521328736710777,232.69586661798212,1.521264922403023,278.1231161989539,1.520834312456455,127.24602499681632,258.5691165721845,127.34053820443093,1.42077835644405,234.48372805176842,1.4201533824582293,259.03575742138725,234.43107089005466,272.68371713794227,1.4199343046043233,1.4114585676871807,256.9538781412766,1.361365753149918,51.72062538010909,173.4943714459843,51.6777715312603,1.262028442323427,226.06608919565556,173.36669935681567,226.3881944767316,278.2578857855462,1.261909490373633,1.2516280052583921,171.11279740176766,1.2009436582695288,154.38370465370858,0.008327287982692298,0.005113463765221615
123.2803521,269.9999978,36.2929148,599.999958,1.622141233,1219.506407,1.622195,281.4075517,155.9852122,1.57201732,944.5493315,946.3286569,1.571315,278.1342729,946.3286569,1.521316193,236.4041289,1.521205876,278.1342729,1.520795,127.9627904,259.84409000000005,127.9627904,1.420835359,234.2996772,1.420131381,259.84409000000005,234.2996772,271.45113119999996,1.419980643,1.411445,257.97914485,1.361374999,50.06118285,172.85707165000002,50.06118285,1.262049656,225.0000017,172.85707165000002,225.0000017,278.6637892,1.261777179,1.251614999,171.0898553,1.200914621,161.7600783,0.008582150999999998,0.004266382000000001,123.22706244849239,268.5459804543149,36.89255786720857,599.8716333692637,1.622149563621148,1219.2357090387259,1.6222151828345017,280.99579791532096,152.63605697726138,1.5720241352193391,941.2292175755124,942.7602506851824,1.5713322864882566,277.3398447424114,943.0688550951554,1.5213287388533603,232.6967639536474,1.5212649298219105,278.123287849096,1.5208343129814017,127.2462152111499,258.5694834094326,127.34073661261101,1.4207783770027331,234.48379363481283,1.4201534051056024,259.03593372102364,234.4311491881791,272.6837655624587,1.4199343241200841,1.4114585680974352,256.95409767059397,1.3613657598047855,51.72109516263269,173.49480940317395,51.678241931102846,1.2620284820885665,226.06620316786356,173.36717465136942,226.388199432045,278.25786166771854,1.2619095305303443,1.2516280025407676,171.11331589943308,1.2009436541826084,154.38101297753664,0.008327296711387848,0.005113442528500769
123.2803521,269.9999978,36.2929148,599.999958,1.622141233,1219.506407,1.622195,281.4075517,155.9852122,1.57201732,944.5493315,946.3286569,1.571315,278.1342729,946.3286569,1.521316193,236.4041289,1.521205876,278.1342729,1.520795,127.96283185,259.84407154999997,127.96283185,1.420835359,234.2997247,1.420131381,259.84407154999997,234.2997247,271.45119835,1.419980643,1.411445,257.97912555,1.361374999,50.06118764,172.85706065,50.06118764,1.262049655,225.0000017,172.85706065,225.0000017,278.6637714,1.2617771775,1.251614999,171.089845,1.200914622,161.7472912,0.008582153499999998,0.004266385000000001,123.22720874944964,268.54582890986893,36.89255104958051,599.8716549161239,1.6221495590640584,1219.2357219547812,1.6222151787852728,280.9958850067375,152.6364369461969,1.572024133702457,941.2296425160455,942.7606121925044,1.5713322841330357,277.3398405643146,943.0691965651295,1.521328740123962,232.6976259263308,1.5212649360290467,278.12345427661717,1.5208343129691937,127.24639723163527,258.56983517117743,127.34092858276756,1.420778395977804,234.48385921785723,1.4201534267580618,259.0360999703244,234.4312254786593,272.6838122977478,1.4199343427593114,1.411458568359007,256.9543125649353,1.36136576556264,51.72155630263943,173.49523626006618,51.67870554039649,1.2620285204148358,226.06631218475817,173.36763480915394,226.3881944767316,278.2578375498909,1.2619095688966289,1.251627999875072,171.11382047769806,1.20094365022022,154.37841340065978,0.008327305828035194,0.005113423946442386
123.2803521,269.9999978,36.2929148,599.999958,1.622141233,1219.506407,1.622195,281.4075517,155.9852122,1.57201732,944.5493315,946.3286569,1.571315,278.1342729,946.3286569,1.521316193,236.4041289,1.521205876,278.1342729,1.520795,127.96287305000001,259.84405319999996,127.96287305000001,1.420835359,234.29977194999998,1.420131381,259.84405319999996,234.29977194999998,271.45126515000004,1.419980644,1.411445,257.97910625,1.361374999,50.06119244,172.85704975,50.06119244,1.262049653,225.0000017,172.85704975,225.0000017,278.66375370000003,1.261777176,1.251614999,171.0898347,1.200914624,161.73455439999998,0.008582156000000002,0.0042663875,123.22735019719161,268.545677365423,36.89254286842684,599.8716752582559,1.6221495547139828,1219.2357338125883,1.62221517490648,280.99596753287824,152.63680508730567,1.5720241323355961,941.2300481072724,942.7609595066982,1.5713322819220121,277.33982837819906,943.069514658186,1.5213287415938734,232.6984481156596,1.5212649419641568,278.1236067771491,1.5208343134453082,127.24657164354728,258.5701685073071,127.3411135296257,1.4207784142741837,234.4839248009016,1.4201534472846982,259.0362540754698,234.431303107569,272.68386015918844,1.4199343603415424,1.4114585687265842,256.95451397571014,1.3613657709932059,51.72201126941984,173.49565302577892,51.67916235914123,1.2620285578254604,226.06641129102601,173.3680843712,226.38818456610483,278.2577941378011,1.261909606111925,1.2516279973190045,171.11431014231974,1.2009436467672816,154.37590295213295,0.008327317272351304,0.0051134064262777544
123.2803521,269.9999978,36.2929148,599.999958,1.622141233,1219.506407,1.622195,281.4075517,155.9852122,1.57201732,944.5493315,946.3286569,1.571315,278.1342729,946.3286569,1.521316193,236.4041289,1.521205876,278.1342729,1.520795,127.96291414999999,259.8440349,127.96291414999999,1.420835359,234.29981905,1.420131381,259.8440349,234.29981905,271.4513316,1.419980644,1.411445,257.97908715,1.361374999,50.06119724,172.85703875000002,50.06119724,1.2620496515,225.0000017,172.85703875000002,225.0000017,278.66373605,1.2617771745,1.251614999,171.0898245,1.200914625,161.72186775,0.008582158999999997,0.004266390000000002,123.22748561755331,268.54550561505096,36.892530596696325,599.8716949091504,1.6221495505403556,1219.235745371915,1.62221517120637,280.9960542731198,152.63714661580417,1.572024131074306,941.2304298839686,942.7612817741954,1.5713322798814036,277.33982037018023,943.0698118789948,1.521328742864475,232.69923936237922,1.5212649475777817,278.1237582331569,1.5208343138725904,127.24673903216083,258.5704926306291,127.3412902826357,1.4207784314676906,234.483990383946,1.4201534669211486,259.03640064286344,234.43137672119025,272.6839097098564,1.4199343770472397,1.4114585690803942,256.9547078019788,1.3613657761328488,51.72245759368339,173.4960586911942,51.67961238733706,1.2620285939280214,226.06651535260724,173.3685198055948,226.38817465547805,278.25775554927685,1.2619096423041203,1.2516279948494855,171.11478588754102,1.2009436435747287,154.3734786610112,0.008327330462430059,0.005113390498907456
123.2803521,269.9999978,36.2929148,599.999958,1.622141233,1219.506407,1.622195,281.4075517,155.9852122,1.57201732,944.5493315,946.3286569,1.571315,278.1342729,946.3286569,1.521316193,236.4041289,1.521205876,278.1342729,1.520795,127.96295505,259.8440167,127.96295505,1.420835359,234.29986585,1.420131381,259.8440167,234.29986585,271.4513978,1.419980644,1.411445,257.97906805,1.361374999,50.06120205,172.8570279,50.06120205,1.26204965,225.0000017,172.8570279,225.0000017,278.66371849999996,1.261777173,1.251614999,171.08981434999998,1.200914627,161.709231,0.008582161,0.004266393,123.22761571503376,268.54534396764194,36.892519688491426,599.8717142638003,1.6221495464403641,1219.2357570940494,1.622215167569486,280.9961382039608,152.63748001267174,1.5720241298463538,941.2308042186239,942.7615948579038,1.571332277884491,277.33980539866684,943.0700932368951,1.5213287440354217,232.70000408686244,1.5212649526720845,278.1239002884469,1.5208343142144163,127.24690349440003,258.57079832833585,127.34146469454622,1.4207784476997183,234.4840613207083,1.420153485510322,259.03653464733765,234.43145301167044,272.6839637651305,1.4199343930053057,1.4114585693763835,256.9548889874039,1.3613657808361068,51.72289959668851,173.49645628366594,51.68005809427449,1.262028629638163,226.06662436950185,173.36894615792804,226.38817465547805,278.2577121371871,1.2619096773453269,1.2516279923857365,171.11525069609053,1.200943640608598,154.37114944012953,0.008327344622390804,0.005113375633406604
123.2803521,269.9999978,36.2929148,599.999958,1.622141233,1219.506407,1.622195,281.4075517,155.9852122,1.57201732,944.5493315,946.3286569,1.571315,278.1342729,946.3286569,1.521316193,236.4041289,1.521205876,278.1342729,1.520795,127.9629957,259.84399859999996,127.9629957,1.42083536,234.2999125,1.420131381,259.84399859999996,234.2999125,271.4514637,1.419980644,1.411445,257.97904904999996,1.361374999,50.061206850000005,172.85701705,50.061206850000005,1.2620496485000001,225.0000017,172.85701705,225.0000017,278.663701,1.2617771715,1.251614999,171.0898042,1.2009146285,161.69664395,0.008582163999999998,0.004266396000000001,123.22773994168926,268.545192423196,36.89250741676092,599.8717331049595,1.6221495424806978,1219.2357689518565,1.6222151640288163,280.99621827187605,152.63779492855997,1.572024128657296,941.2311554829525,942.7618954182639,1.5713322759924488,277.33979042715345,943.0703562272174,1.5213287451067132,232.70073786873652,1.521264957333619,278.1240364247666,1.520834314556242,127.2470621038905,258.5710931381791,127.34163266843319,1.4207784632247762,234.48413292668533,1.4201535032093093,259.03666697675595,234.43152729450645,272.6840183834804,1.4199344082673009,1.4114585697067898,256.9550651164915,1.3613657849938838,51.72333295717677,173.49684580319405,51.680497627985645,1.2620286637786282,226.06672843108308,173.36936292364075,226.38816474485128,278.25767354866286,1.2619097111076574,1.251627990020076,171.11570059099674,1.2009436377443574,154.3688855800379,0.008327361304019277,0.005113363422491806
123.2803521,269.9999978,36.2929148,599.999958,1.622141233,1219.506407,1.622195,281.4075517,155.9852122,1.57201732,944.5493315,946.3286569,1.571315,278.1342729,946.3286569,1.521316193,236.4041289,1.521205876,278.1342729,1.520795,127.9630362,259.8439806,127.9630362,1.42083536,234.2999589,1.420131381,259.8439806,234.2999589,271.4515293,1.419980644,1.411445,257.97903014999997,1.361374999,50.06121166,172.8570063,50.06121166,1.262049647,225.0000017,172.8570063,225.0000017,278.66368365,1.26177717,1.251614999,171.0897941,1.20091463,161.68410645,0.008582166500000004,0.004266398000000001,123.22785868890817,268.5450408787501,36.892494463267596,599.8717520053676,1.6221495385140845,1219.2357815151624,1.6222151604963932,280.99629869096634,152.6381039305348,1.572024127546027,941.2314963284239,942.7621826203856,1.5713322741877993,277.3397740629411,943.070606694191,1.5213287459786946,232.7014429181878,1.5212649616365739,278.1241652494169,1.5208343148980679,127.24721778700659,258.5713795727427,127.34179713067097,1.420778477958028,234.48420453266237,1.4201535202799302,259.03679428100645,234.43160291577192,272.6840718756788,1.4199344229621274,1.4114585699683615,256.9552370319646,1.3613657888122506,51.72376076176133,173.49722724977858,51.680932223115775,1.2620286973958679,226.06684240329108,173.369769598174,226.38816474485128,278.2576301365731,1.2619097443584375,1.2516279876717251,171.11614302908131,1.20094363521975,154.36671084829632,0.008327380119384525,0.0051133543970517835
123.2803521,269.9999978,36.2929148,599.999958,1.622141233,1219.506407,1.622195,281.4075517,155.9852122,1.57201732,944.5493315,946.3286569,1.571315,278.1342729,946.3286569,1.521316193,236.4041289,1.521205876,278.1342729,1.520795,127.9630765,259.84396265,127.9630765,1.42083536,234.3000051,1.420131381,259.84396265,234.3000051,271.4515946,1.419980644,1.411445,257.97901135,1.361374999,50.061216465,172.85699555000002,50.061216465,1.2620496454999999,225.0000016,172.85699555000002,225.0000016,278.66366634999997,1.2617771685,1.251614999,171.0897841,1.2009146314999999,161.6716182,0.008582168999999999,0.004266401000000002,123.2279737570768,268.54488428282264,36.89247946448587,599.8717704910332,1.6221495346739028,1219.235794159872,1.622215157073929,280.9963780565315,152.63839445153027,1.5720241265125467,941.2318230340177,942.7624556293794,1.57133227248802,277.3397590914277,943.0708421331462,1.5213287467261074,232.7021214454027,1.5212649655809491,278.1242895477956,1.520834315313142,127.24736995847346,258.5716542819149,127.34195808125955,1.420778492238819,234.4842794847131,1.4201535364603657,259.03691237244936,234.43167652939317,272.684128183256,1.4199344368577613,1.4114585702753641,256.9553996774857,1.3613657925457645,51.72418115847431,173.49760062341954,51.681358793051736,1.2620287299666564,226.0669464648723,173.3701656769688,226.38815483422448,278.2575867244833,1.2619097763303413,1.2516279854214627,171.11657453049412,1.2009436330234546,154.3646074192348,0.008327400680553924,0.005113342717094222
123.2803521,269.9999978,36.2929148,599.999958,1.622141233,1219.506407,1.622195,281.4075517,155.9852122,1.57201732,944.5493315,946.3286569,1.571315,278.1342729,946.3286569,1.521316193,236.4041289,1.521205876,278.1342729,1.520795,127.9631166,259.84394480000003,127.9631166,1.42083536,234.30005110000002,1.420131381,259.84394480000003,234.30005110000002,271.45165955000004,1.419980644,1.411445,257.97899259999997,1.361374999,50.061221274999994,172.85698485,50.061221274999994,1.262049644,225.0000016,172.85698485,225.0000016,278.66364910000004,1.261777167,1.251614999,171.0897741,1.200914633,161.65917910000002,0.008582171499999998,0.004266404000000001,123.22808295442049,268.54473778985823,36.892465147466936,599.8717889766988,1.6221495308740126,1219.2358075372151,1.6222151536597114,280.99645812444675,152.63867684089482,1.5720241254790668,941.2321385765501,942.7627219592539,1.571332270823198,277.3397395936428,943.0710642138629,1.521328747373865,232.70278892168574,1.5212649690801912,278.1244089717282,1.5208343154596389,127.24752037411571,258.5719164281676,127.34211727602352,1.4207785057560827,234.48435577519334,1.4201535519600705,259.0370292076003,234.4317514814439,272.6841844908332,1.4199344504182503,1.4114585705328058,256.9555576880308,1.3613657955519707,51.72459785125148,173.4979679423528,51.68178165905193,1.262028761883413,226.0670604370803,173.37055418737899,226.38815483422448,278.25754813595904,1.2619098077906947,1.2516279831942796,171.11699708372095,1.2009436310309394,154.36257826379835,0.008327423569462583,0.005113335815313661
123.2803521,269.9999978,36.2929148,599.999958,1.622141233,1219.506407,1.622195,281.4075517,155.9852122,1.57201732,944.5493315,946.3286569,1.571315,278.1342729,946.3286569,1.521316193,236.4041289,1.521205876,278.1342729,1.520795,127.96315659999999,259.84392705,127.96315659999999,1.42083536,234.3000969,1.420131381,259.84392705,234.3000969,271.45172425,1.419980644,1.411445,257.978974,1.361374999,50.06122609,172.85697425,50.06122609,1.2620496425,225.0000016,172.85697425,225.0000016,278.66363194999997,1.261777166,1.251614999,171.0897642,1.2009146345000001,161.64678895,0.008582174000000001,0.004266406,123.22818933376821,268.5446013998569,36.89245151221081,599.871807324117,1.622149527135254,1219.2358212944423,1.6222151503389588,280.9965371388368,152.63894592395425,1.5720241245678261,941.2324407234091,942.7629724262207,1.5713322692632465,277.33972322943043,943.0712737712308,1.521328747897054,232.70342545535965,1.521264972257948,278.12452143216615,1.5208343154230146,127.24766786338358,258.57217606183633,127.34227237386341,1.420778518877443,234.4844347425325,1.420153566936137,259.0371431114034,234.43182844113886,272.6842430507136,1.4199344633857902,1.4114585707448166,256.955710220877,1.3613657983884717,51.72500590151179,173.49832718834247,51.68219896914847,1.2620287930153316,226.0671843199151,173.3709356339635,226.38816474485128,278.2575047238693,1.2619098387394978,1.2516279810017161,171.11740870027603,1.2009436289478552,154.36062041104194,0.00832744868914239,0.005113327851732281
123.2803521,269.9999978,36.2929148,599.999958,1.622141233,1219.506407,1.622195,281.4075517,155.9852122,1.57201732,944.5493315,946.3286569,1.571315,278.1342729,946.3286569,1.521316193,236.4041289,1.521205876,278.1342729,1.520795,127.96319635,259.84390940000003,127.96319635,1.42083536,234.30014245,1.420131381,259.84390940000003,234.30014245,271.4517887,1.419980644,1.411445,257.97895545,1.361374999,50.0612309,172.85696365,50.0612309,1.262049641,225.0000016,172.85696365,225.0000016,278.66361485,1.261777164,1.251614999,171.0897543,1.200914636,161.63444745,0.008582176,0.004266408999999999,123.228289842291,268.54446500985557,36.89243514990346,599.8718252567925,1.622149523470131,1219.235835133073,1.6222151470429471,280.99661088560083,152.6392076146219,1.57202412369548,941.2327317072068,942.7632187187379,1.5713322677775785,277.33970268712136,943.0714733099198,1.521328748295674,232.7040376769835,1.521264975101855,278.1246283218084,1.5208343155817194,127.24781125572737,258.57241894494587,127.34242396005409,1.4207785311504397,234.48451370987166,1.4201535810481993,259.0372498962188,234.4319033931896,272.6842993582908,1.4199344757861612,1.4114585709485672,256.9558568546629,1.3613658009825367,51.72540901319104,173.49867836138856,51.68260887137348,1.2620288231007988,226.0672933368097,173.37130698936858,226.38815978953787,278.25745166464844,1.2619098681536494,1.2516279788899314,171.11781136864514,1.2009436274308265,154.35871900624056,0.008327474875761845,0.005113321480876107
123.2803521,269.9999978,36.2929148,599.999958,1.622141233,1219.506407,1.622195,281.4075517,155.9852122,1.57201732,944.5493315,946.3286569,1.571315,278.1342729,946.3286569,1.521316193,236.4041289,1.521205876,278.1342729,1.520795,127.96323595,259.84389175,127.96323595,1.42083536,234.3001878,1.420131381,259.84389175,234.3001878,271.4518528,1.419980644,1.411445,257.97893695,1.361374999,50.061235714999995,172.8569531,50.061235714999995,1.2620496395,225.0000016,172.8569531,225.0000016,278.66359795,1.261777163,1.251614999,171.0897444,1.2009146375,161.62215455,0.008582178999999997,0.004266411499999999,123.22838948975948,268.54432861985424,36.8924174240705,599.8718429129731,1.6221495198869804,1219.2358489174346,1.622215143845898,280.9966881441156,152.63945895594117,1.572024122856472,941.233010783739,942.7634516530169,1.5713322663487155,277.3396852783848,943.0716569857005,1.5213287486942941,232.7046454782346,1.521264977871573,278.12473486327593,1.5208343156305517,127.2479534775214,258.5726626655833,127.34257320514531,1.420778543593109,234.48459066956661,1.420153595055534,259.03735835609007,234.4319763375961,272.6843522874134,1.4199344880576303,1.411458571168838,256.95600053891854,1.361365803503871,51.72580595164396,173.49902549796283,51.68301445234009,1.2620288529246535,226.06740235370432,173.37167380374285,226.38817465547805,278.25741789968976,1.261909897567801,1.2516279767954563,171.11820906579982,1.2009436259590824,154.35688890411924,0.008327503584150388,0.0051133161718353555
123.2803521,269.9999978,36.2929148,599.999958,1.622141233,1219.506407,1.622195,281.4075517,155.9852122,1.57201732,944.5493315,946.3286569,1.571315,278.1342729,946.3286569,1.521316193,236.4041289,1.521205876,278.1342729,1.520795,127.96327535,259.84387425,127.96327535,1.42083536,234.30023295,1.420131381,259.84387425,234.30023295,271.4519166,1.419980644,1.411445,257.97891860000004,1.361374999,50.06124053,172.8569426,50.06124053,1.262049638,225.0000016,172.8569426,225.0000016,278.663581,1.261777161,1.251614999,171.08973459999999,1.200914639,161.60991,0.008582180999999996,0.004266413999999998,123.2284814660167,268.54418212688984,36.89239969823754,599.8718601741609,1.6221495164288717,1219.2358627289307,1.6222151407533099,280.9967611885295,152.63969920867277,1.5720241220452456,941.2332794414142,942.7636745686173,1.571332264924222,277.33966508425044,943.071832312582,1.5213287486444667,232.70521570631746,1.5212649800354152,278.1248327003752,1.5208343152643098,127.24809043184158,258.5728887981336,127.34271835331246,1.4207785549894631,234.4846703061205,1.4201536080941373,259.0374596969737,234.4320472743584,272.6844063426875,1.4199344996072483,1.4114585712941172,256.95613790275246,1.3613658054676023,51.72619548222529,173.49936456159352,51.68341200811254,1.2620288814404443,226.06750641528555,173.37202901326071,226.38816474485128,278.25736001690336,1.2619099257030764,1.2516279747298307,171.11859532916128,1.2009436244986593,154.35511822089796,0.008327534135415822,0.005113308739187573
123.2803521,269.9999978,36.2929148,599.999958,1.622141233,1219.506407,1.622195,281.4075517,155.9852122,1.57201732,944.5493315,946.3286569,1.571315,278.1342729,946.3286569,1.521316193,236.4041289,1.521205876,278.1342729,1.520795,127.96331455,259.8438568,127.96331455,1.42083536,234.30027785,1.420131381,259.8438568,234.30027785,271.4519801,1.419980644,1.411445,257.97890025000004,1.361374999,50.06124535,172.8569321,50.06124535,1.2620496365,225.0000016,172.8569321,225.0000016,278.66356415,1.26177716,1.251614999,171.0897248,1.2009146405,161.59771355,0.0085821835,0.004266416499999999,123.22857297260794,268.54404068540697,36.89238197240458,599.8718770008564,1.6221495130235586,1219.2358762690812,1.6222151377157008,280.9968342329434,152.63993650444772,1.5720241213006954,941.2335406570484,942.7638933097683,1.5713322636133384,277.33964697916446,943.0720009603443,1.5213287489932592,232.70577267328213,1.5212649822610815,278.12492810025134,1.5208343150811887,127.24822680088688,258.5731157682118,127.34286174565501,1.4207785664423747,234.48475061188915,1.4201536207923753,259.03756103785736,234.43212088797966,272.68446039796163,1.4199345109506232,1.4114585714978678,256.95626810344163,1.3613658073101158,51.72658007422556,173.49969757051653,51.68380524262659,1.2620289096946222,226.06761047686678,173.37237766351194,226.38816970016467,278.25731660481364,1.2619099535825764,1.2516279727565236,171.11897562706542,1.2009436231061628,154.35340695657675,0.00832756662656712,0.00511330343016005
123.2803521,269.9999978,36.2929148,599.999958,1.622141233,1219.506407,1.622195,281.4075517,155.9852122,1.57201732,944.5493315,946.3286569,1.571315,278.1342729,946.3286569,1.521316193,236.4041289,1.521205876,278.1342729,1.520795,127.96335355,259.84383945,127.96335355,1.42083536,234.30032265,1.420131381,259.84383945,234.30032265,271.45204335,1.419980644,1.411445,257.97888209999996,1.361374999,50.06125017,172.8569217,50.06125017,1.262049635,225.0000016,172.8569217,225.0000016,278.66354745,1.261777158,1.251614999,171.08971505,1.200914642,161.58556505,0.008582186,0.004266418999999999,123.2286600956499,268.5439194498502,36.89236561009723,599.8718932350628,1.6221495097599599,1219.2358894564823,1.6222151348045444,280.99690692618225,152.64016566859172,1.5720241205561452,941.2337914538253,942.7641028671304,1.5713322623286725,277.3396302667774,943.0721587545378,1.521328748918518,232.70632300968768,1.5212649839056016,278.1250224556033,1.5208343146294905,127.2483608288327,258.5733318504264,127.34300338217295,1.4207785773297104,234.48482957922832,1.4201536332287938,259.03766028492106,234.4321924939567,272.68451220093266,1.4199345219588526,1.4114585715722092,256.95640167502245,1.361365808861706,51.72695849299949,173.5000275520857,51.684192921236985,1.262028937817994,226.067714538448,173.37272379096828,226.38817961079144,278.25727319272386,1.2619099814620767,1.251627970806296,171.11934995951225,1.200943621894804,154.35175214021055,0.008327599602790604,0.005113300244746183
123.2803521,269.9999978,36.2929148,599.999958,1.622141233,1219.506407,1.622195,281.4075517,155.9852122,1.57201732,944.5493315,946.3286569,1.571315,278.1342729,946.3286569,1.521316193,236.4041289,1.521205876,278.1342729,1.520795,127.96339245,259.84382215,127.96339245,1.42083536,234.30036715,1.420131381,259.84382215,234.30036715,271.45210625,1.419980644,1.411445,257.97886389999996,1.361374999,50.06125499,172.85691135000002,50.06125499,1.262049634,225.0000016,172.85691135000002,225.0000016,278.66353075,1.261777157,1.251614999,171.0897054,1.200914643,161.57346425,0.008582188,0.004266421999999999,123.22874596624919,268.5437881113304,36.89234515721304,599.8719090545267,1.6221495065838907,1219.235902155461,1.622215131981355,280.996978917071,152.64038596186563,1.572024119861602,941.2340355527656,942.7643040755936,1.5713322610745941,277.3396135543903,943.0723140440614,1.521328749018173,232.70686008497503,1.5212649857603235,278.1251108919849,1.5208343142510403,127.24849134512928,258.5735445825292,127.34314092176682,1.420778588075652,234.484907208138,1.4201536452986656,259.0377616258047,234.43225941543056,272.68456175160065,1.4199345327350588,1.411458571734659,256.9565297689043,1.3613658102193475,51.7273307385471,173.50035147894718,51.68457319197585,1.2620289648949146,226.0678186000292,173.37306184548103,226.38818456610483,278.257220133503,1.261910008318476,1.2516279689310772,171.11971584089454,1.2009436207740143,154.35015080085438,0.008327634518934262,0.005113294935727485
123.2803521,269.9999978,36.2929148,599.999958,1.622141233,1219.506407,1.622195,281.4075517,155.9852122,1.57201732,944.5493315,946.3286569,1.571315,278.1342729,946.3286569,1.521316193,236.4041289,1.521205876,278.1342729,1.520795,127.96343114999999,259.84380495,127.96343114999999,1.42083536,234.3004115,1.420131381,259.84380495,234.3004115,271.4521689,1.419980644,1.411445,257.9788459,1.361374999,50.061259809999996,172.856901,50.061259809999996,1.262049632,225.0000016,172.856901,225.0000016,278.66351414999997,1.2617771555,1.251614999,171.0896957,1.200914645,161.5614111,0.008582190499999998,0.004266424000000001,123.22882901885254,268.54364666984753,36.89232470432886,599.8719243210005,1.622149503510634,1219.2359145016903,1.6222151292213918,280.99705125913476,152.64059738426946,1.5720241192059534,941.2342662560322,942.7644919258187,1.5713322598729507,277.3395996274011,943.0724543055666,1.521328749018173,232.7073750583987,1.5212649874172084,278.1252007210653,1.5208343138359661,127.2486189350515,258.5737556395761,127.34327612026122,1.4207785985953636,234.48498550626243,1.4201536568972624,259.0378541726447,234.4323290137634,272.6846096130413,1.4199345432276804,1.4114585718640682,256.95664859283426,1.3613658118315468,51.727697428191014,173.50066834198302,51.68494790681106,1.2620289918410288,226.06791770629704,173.37339586352198,226.38818456610483,278.2571718978477,1.2619100349191,1.251627967084708,171.12007625394097,1.2009436199136099,154.34859402567326,0.008327670114153635,0.005113290688516496
123.2803521,269.9999978,36.2929148,599.999958,1.622141233,1219.506407,1.622195,281.4075517,155.9852122,1.57201732,944.5493315,946.3286569,1.571315,278.1342729,946.3286569,1.521316193,236.4041289,1.521205876,278.1342729,1.520795,127.96346965000001,259.8437878,127.96346965000001,1.42083536,234.30045560000002,1.420131381,259.8437878,234.30045560000002,271.45223125,1.419980644,1.411445,257.9788279,1.361374999,50.06126463,172.85689075,50.06126463,1.262049631,225.0000016,172.85689075,225.0000016,278.66349765,1.261777154,1.251614999,171.0896861,1.200914646,161.5494053,0.008582193000000004,0.004266427,123.22890753135127,268.54353048577235,36.892306978495895,599.8719391924815,1.6221495005124023,1219.2359263594976,1.6222151265713873,280.9971193870977,152.64080732819494,1.572024118555861,941.234497703503,942.7646872900526,1.5713322587062644,277.33958047779095,943.0725970717416,1.5213287487939493,232.70788119107692,1.5212649887526082,278.12528532752486,1.5208343131645226,127.24874711024859,258.5739549712315,127.34341131875561,1.4207786088040082,234.48506514281632,1.4201536682602216,259.03795048836054,234.43239727366674,272.68465860063344,1.419934553385157,1.4114585719301496,256.95676868084854,1.3613658130194832,51.7280597965765,173.50098318678295,51.685318917710504,1.2620290180023048,226.06800690193808,173.37372180861936,226.3881895214182,278.25711883862687,1.2619100613918364,1.2516279652556486,171.12043119865152,1.2009436188494256,154.3470966693922,0.00832770619447677,0.0051132896267142985
123.2803521,269.9999978,36.2929148,599.999958,1.622141233,1219.506407,1.622195,281.4075517,155.9852122,1.57201732,944.5493315,946.3286569,1.571315,278.1342729,946.3286569,1.521316193,236.4041289,1.521205876,278.1342729,1.520795,127.963508,259.84377075,127.963508,1.42083536,234.3004995,1.420131381,259.84377075,234.3004995,271.4522933,1.419980644,1.411445,257.97881005,1.361374999,50.06126946,172.8568805,50.06126946,1.262049629,225.0000016,172.8568805,225.0000016,278.6634812,1.261777153,1.251614999,171.08967654999998,1.200914648,161.53744665,0.008582195,0.004266429,123.22898447829667,268.5434143016971,36.89228788913733,599.8719535504717,1.6221494976336552,1219.235937810286,1.6222151240175966,280.9971875150607,152.64101061896787,1.5720241178946561,941.2347172437085,942.7648651215991,1.5713322575133604,277.33956585445225,943.0727289843477,1.5213287483704154,232.70836522189143,1.5212649897170636,278.1253664522371,1.5208343124076227,127.2488706032467,258.57414676513525,127.34354242032595,1.4207786186733073,234.48514210251128,1.4201536791519063,259.03804094138064,234.43246352592587,272.68470477284677,1.4199345632332687,1.4114585719480466,256.9568853979712,1.3613658137831564,51.72841475709039,173.5012899586393,51.68568190341578,1.2620290433787427,226.06810105289253,173.374042203568,226.3881944767316,278.25706577940605,1.2619100865856967,1.2516279634554384,171.1207762009332,1.2009436176607091,154.34564090634115,0.008327742856900723,0.0051132896267142985
123.2803521,269.9999978,36.2929148,599.999958,1.622141233,1219.506407,1.622195,281.4075517,155.9852122,1.57201732,944.5493315,946.3286569,1.571315,278.1342729,946.3286569,1.521316193,236.4041289,1.521205876,278.1342729,1.520795,127.9635461,259.8437538,127.9635461,1.42083536,234.30054325,1.420131381,259.8437538,234.30054325,271.4523551,1.419980644,1.411445,257.97879220000004,1.361374999,50.06127428,172.8568703,50.06127428,1.262049628,225.0000016,172.8568703,225.0000016,278.66346484999997,1.261777151,1.251614999,171.089667,1.200914649,161.525535,0.008582197000000001,0.004266431999999999,123.2290597814111,268.5432829631773,36.892266754490336,599.8719675332188,1.6221494948382698,1219.2359487455178,1.6222151215325302,280.99725704772396,152.64120356039234,1.5720241172612328,941.234930086077,942.7650404484757,1.5713322563423044,277.3395491420652,943.0728575573942,1.5213287482707603,232.7088514628923,1.5212649908917208,278.12544827329873,1.5208343115042258,127.24899409624481,258.57433688398305,127.3436711807968,1.4207786283446548,234.48521906220623,1.4201536899126812,259.03813265069266,234.43252910897027,272.6847520712116,1.4199345727720156,1.411458572016881,256.9569995869251,1.3613658146195606,51.72876539634585,173.5015937031418,51.68603995054003,1.262029069016793,226.06819520384695,173.37435856204488,226.3881944767316,278.25701272018523,1.261910111779557,1.2516279617071575,171.1211182204862,1.2009436164493503,154.34424456219014,0.00832778010143318,0.005113288564912322
123.2803521,269.9999978,36.2929148,599.999958,1.622141233,1219.506407,1.622195,281.4075517,155.9852122,1.57201732,944.5493315,946.3286569,1.571315,278.1342729,946.3286569,1.521316193,236.4041289,1.521205876,278.1342729,1.520795,127.9635841,259.8437369,127.9635841,1.42083536,234.30058675,1.420131381,259.8437369,234.30058675,271.4524166,1.419980644,1.411445,257.97877455,1.361374999,50.06127911,172.8568602,50.06127911,1.2620496265,225.0000016,172.8568602,225.0000016,278.6634486,1.26177715,1.251615,171.0896575,1.200914651,161.5136702,0.0085821995,0.004266434000000001,123.22913062269859,268.5431718305836,36.89224834689457,599.8719812592205,1.6221494920776183,1219.2359596807496,1.6222151190749534,280.9973209615861,152.6414024157302,1.572024116655591,941.2351421842416,942.7652166102423,1.5713322552367925,277.3395345187265,943.0729878002205,1.5213287477724853,232.70931339184318,1.5212649918932706,278.1255234790405,1.5208343109426548,127.24911407759367,258.5745203026071,127.34379818544305,1.4207786380442813,234.48529535268645,1.4201537003592728,259.03822059112883,234.43259402279992,272.68479599112186,1.4199345821560803,1.4114585720554285,256.95710998362597,1.3613658152741377,51.729109862374976,173.50189038381865,51.686391824438005,1.2620290933467797,226.06826953354783,173.37466785669608,226.3881944767316,278.2569500138333,1.2619101365897543,1.2516279600281155,171.12145228609612,1.2009436156342306,154.34288386937914,0.008327817540115457,0.00511329015761537
123.2803521,269.9999978,36.2929148,599.999958,1.622141233,1219.506407,1.622195,281.4075517,155.9852122,1.57201732,944.5493315,946.3286569,1.571315,278.1342729,946.3286569,1.521316193,236.4041289,1.521205876,278.1342729,1.520795,127.96362189999999,259.84372014999997,127.96362189999999,1.42083536,234.30063009999998,1.420131381,259.84372014999997,234.30063009999998,271.45247785000004,1.419980644,1.411445,257.9787569,1.361374999,50.061283939999996,172.8568501,50.061283939999996,1.262049625,225.0000016,172.8568501,225.0000016,278.66343240000003,1.2617771485,1.251615,171.08964805,1.200914652,161.50185199999999,0.008582202000000004,0.004266436500000002,123.22920287298405,268.54306069799,36.892229257535995,599.8719947679762,1.6221494894003279,1219.2359701818282,1.6222151166970966,280.99738979189925,152.64158722552375,1.5720241160332806,941.235344607753,942.7653777439909,1.5713322541138024,277.33951989538787,943.0731096941477,1.5213287472492962,232.70977311060764,1.5212649926351594,278.1256021665296,1.5208343098927612,127.24923230311794,258.574707908871,127.34392401953957,1.4207786475176774,234.4853689663077,1.4201537107273188,259.03831020662096,234.43265625977062,272.6848399110321,1.4199345913854624,1.411458572034778,256.9572182735196,1.3613658157832533,51.72944815517778,173.50218302802372,51.686738142432326,1.2620291179383791,226.0683587291889,173.3749751331114,226.388199432045,278.256901778178,1.2619101610162888,1.2516279582682948,171.12178187761305,1.200943614649294,154.3415707116882,0.008327854881973984,0.005113292281220205
123.2803521,269.9999978,36.2929148,599.999958,1.622141233,1219.506407,1.622195,281.4075517,155.9852122,1.57201732,944.5493315,946.3286569,1.571315,278.1342729,946.3286569,1.521316193,236.4041289,1.521205876,278.1342729,1.520795,127.96365955,259.84370335,127.96365955,1.42083536,234.30067325,1.420131381,259.84370335,234.30067325,271.45253875000003,1.419980644,1.411445,257.97873935,1.361374999,50.061288765,172.85684,50.061288765,1.262049624,225.0000016,172.85684,225.0000016,278.66341620000003,1.261777147,1.251615,171.08963864999998,1.2009146535,161.49008025,0.008582203999999996,0.004266439,123.22927167905223,268.5429546168778,36.89221016817742,599.8720080594857,1.622149486720259,1219.2359806829068,1.6222151143384826,280.9974551104617,152.64177573151318,1.5720241154165262,941.2355470312644,942.7655422172991,1.5713322530301386,277.33950666474806,943.0732349276344,1.521328746975245,232.71022619881302,1.5212649936243445,278.12567841679555,1.5208343091602774,127.2493505286422,258.5748854647993,127.34404692726176,1.4207786569345158,234.48544458757317,1.4201537208859092,259.0383981470572,234.43271916595606,272.68488157863925,1.4199346004601623,1.4114585720678188,256.95732614205167,1.3613658164257088,51.72978212672215,173.502471635757,51.687080139168245,1.262029142006753,226.06843801420314,173.375277363937,226.3882043873584,278.2568390718261,1.2619101851870482,1.251627956646952,171.12210898352276,1.2009436136417153,154.3403021181723,0.008327892708962423,0.005113296528432517
123.2803521,269.9999978,36.2929148,599.999958,1.622141233,1219.506407,1.622195,281.4075517,155.9852122,1.57201732,944.5493315,946.3286569,1.571315,278.1342729,946.3286569,1.521316193,236.4041289,1.521205876,278.1342729,1.520795,127.963697,259.84368670000003,127.963697,1.42083536,234.30071615,1.420131381,259.84368670000003,234.30071615,271.45259945,1.419980644,1.411445,257.97872185,1.361374999,50.061293594999995,172.85683,50.061293594999995,1.262049622,225.0000016,172.85683,225.0000016,278.6634002,1.261777146,1.251615,171.0896293,1.200914655,161.4783547,0.008582205999999997,0.004266440999999998,123.22933876301175,268.5428434842841,36.892189715293235,599.8720210547506,1.62214948410549,1219.2359909397742,1.62221511202935,280.9975176196236,152.64195758435005,1.572024114849779,941.2357420127349,942.7657033510476,1.5713322519639532,277.33949134505997,943.073353482002,1.5213287465517111,232.7106726564593,1.5212649942673147,278.1257494444406,1.5208343084033773,127.24946641306695,258.57505799555986,127.34416924970907,1.4207786661251238,234.48551887040918,1.4201537307826801,259.0384823186175,234.4327820721415,272.6849254985495,1.4199346093543994,1.411458572066442,256.9574297969693,1.3613658169105807,51.730109925040196,173.50275620701848,51.68741534535526,1.2620291655519014,226.06851234390402,173.37557101726,226.3882043873584,278.2567860126053,1.261910208846257,1.2516279549852196,171.1224271412465,1.2009436126567787,154.3390751178864,0.008327929857172142,0.005113301306550585
123.2803521,269.9999978,36.2929148,599.999958,1.622141233,1219.506407,1.622195,281.4075517,155.9852122,1.57201732,944.5493315,946.3286569,1.571315,278.1342729,946.3286569,1.521316193,236.4041289,1.521205876,278.1342729,1.520795,127.9637343,259.84367015,127.9637343,1.42083536,234.30075885,1.420131381,259.84367015,234.30075885,271.4526598,1.419980644,1.411445,257.97870450000005,1.361374999,50.061298425000004,172.85682,50.061298425000004,1.262049621,225.0000016,172.85682,225.0000016,278.6633842,1.2617771445,1.251615,171.08961994999999,1.200914656,161.46667525,0.008582208,0.004266444,123.22940342036364,268.542747506135,36.892173352985886,599.8720337537709,1.6221494815490738,1219.2360008710268,1.6222151097696988,280.99758047996056,152.6421394371869,1.5720241142219122,941.2359362500014,942.7658594754569,1.571332250897768,277.33947811442016,943.0734753759292,1.5213287460285223,232.7110970122419,1.5212649951204869,278.12582082026034,1.5208343076464772,127.24958171221685,258.57522633868064,127.34429040160664,1.4207786751743379,234.4855938224599,1.4201537403129043,259.03856565264994,234.43284363989744,272.68496941845973,1.419934618093954,1.4114585720457917,256.95753092371814,1.3613658172863563,51.730433402099806,173.50303674180816,51.687746230283885,1.2620291889662434,226.06859658423167,173.37586366146508,226.38821429798517,278.2567426005155,1.2619102323775784,1.2516279533754162,171.12274181912014,1.2009436118303376,154.33789268177554,0.008327967296527667,0.005113308739187573
123.2803521,269.9999978,36.2929148,599.999958,1.622141233,1219.506407,1.622195,281.4075517,155.9852122,1.57201732,944.5493315,946.3286569,1.571315,278.1342729,946.3286569,1.521316193,236.4041289,1.521205876,278.1342729,1.520795,127.96377145,259.84365364999996,127.96377145,1.42083536,234.3008014,1.420131381,259.84365364999996,234.3008014,271.45271990000003,1.419980644,1.411445,257.97868715,1.361374999,50.06130326,172.8568101,50.06130326,1.262049619,225.0000016,172.8568101,225.0000016,278.6633683,1.261777143,1.251615,171.08961065,1.200914658,161.45504165,0.008582210000000003,0.004266446000000001,123.22946690355054,268.54265657946746,36.89215494539012,599.872046294794,1.6221494790273914,1219.2360107208758,1.6222151075485334,280.99764474499784,152.64231611534953,1.572024113655165,941.236123045227,942.7660139300863,1.57133224986217,277.33946732100355,943.073591425627,1.5213287455053333,232.71153241895632,1.5212649956274442,278.12589393695373,1.5208343069262014,127.24969408499238,258.5753938442734,127.34440862712988,1.4207786840256005,234.48566877451063,1.4201537498693102,259.03864898668235,234.43290587686815,272.6850127752942,1.419934626524144,1.411458572012751,256.9576303650212,1.3613658174439398,51.73075255790099,173.5033122310081,51.68807217663148,1.262029211595747,226.06867586924594,173.37615025096244,226.38821429798517,278.25667989416365,1.2619102553973491,1.2516279517944626,171.12305152577935,1.2009436107887956,154.33674886794972,0.008328004057094903,0.005113317233643065
123.2803521,269.9999978,36.2929148,599.999958,1.622141233,1219.506407,1.622195,281.4075517,155.9852122,1.57201732,944.5493315,946.3286569,1.571315,278.1342729,946.3286569,1.521316193,236.4041289,1.521205876,278.1342729,1.520795,127.96380835,259.8436372,127.96380835,1.42083536,234.30084375,1.420131381,259.8436372,234.30084375,271.45277975,1.419980644,1.411445,257.97866995,1.361374999,50.06130809,172.8568002,50.06130809,1.262049618,225.0000016,172.8568002,225.0000016,278.6633525,1.261777142,1.251615,171.08960144999998,1.200914659,161.44345375,0.008582211999999999,0.0042664485,123.22952882118415,268.54257070428145,36.89213517426874,599.8720585988215,1.6221494765904598,1219.23602024511,1.6222151053988407,280.99770584945946,152.64248761883795,1.5720241130161854,941.2363076078403,942.7661633753764,1.5713322487785062,277.3394530458396,943.0737041357651,1.5213287448077482,232.711939093248,1.5212649960478477,278.1259604383273,1.5208343060350127,127.24980528721818,258.57555046200264,127.34452509682852,1.420778692594075,234.48574238813188,1.4201537587973496,259.038726458019,234.43296543697988,272.6850550059771,1.4199346346965298,1.4114585719494233,256.9577264354326,1.3613658174439398,51.73106492315321,173.50358267461831,51.6883919497528,1.2620292335712189,226.06875019894682,173.37643028119317,226.38821429798517,278.2566268349428,1.2619102776497944,1.2516279502308187,171.12335228425255,1.2009436098378223,154.3356377345189,0.008328040526841744,0.005113326789922367
123.2803521,269.9999978,36.2929148,599.999958,1.622141233,1219.506407,1.622195,281.4075517,155.9852122,1.57201732,944.5493315,946.3286569,1.571315,278.1342729,946.3286569,1.521316193,236.4041289,1.521205876,278.1342729,1.520795,127.96384515,259.8436209,127.96384515,1.42083536,234.3008859,1.420131381,259.8436209,234.3008859,271.4528393,1.419980644,1.411445,257.97865279999996,1.361374999,50.06131292,172.8567904,50.06131292,1.262049617,225.00000154999998,172.8567904,225.00000154999998,278.6633367,1.26177714,1.251615,171.08959225,1.2009146605,161.4319114,0.008582213999999996,0.004266451,123.22958956465274,268.54247472613235,36.89211813019858,599.8720707053525,1.6221494741799263,1219.2360297964785,1.6222151032656422,280.99776765627126,152.64265099069547,1.572024112493889,941.2364795189842,942.7663011322081,1.5713322477691258,277.3394419042482,943.0738101667839,1.5213287442347316,232.712347977726,1.5212649965918996,278.1260272878755,1.5208343050583675,127.24991473361933,258.5757104298437,127.34463981070256,1.4207787014170588,234.4858133248942,1.4201537680133904,259.0388076982315,234.4330243278769,272.6850944212812,1.4199346427142334,1.4114585719260193,256.9578225058441,1.3613658173469654,51.73137173250174,173.5038490817567,51.68870616697046,1.2620292555466908,226.0688245286477,173.37670829318796,226.38822420861197,278.25656412859087,1.261910300030127,1.2516279487191038,171.12364856863277,1.2009436089094914,154.33456225242816,0.0083280779666948,0.00511333528440785
123.2803521,269.9999978,36.2929148,599.999958,1.622141233,1219.506407,1.622195,281.4075517,155.9852122,1.57201732,944.5493315,946.3286569,1.571315,278.1342729,946.3286569,1.521316193,236.4041289,1.521205876,278.1342729,1.520795,127.96388175,259.8436046,127.96388175,1.42083536,234.3009278,1.420131381,259.8436046,234.3009278,271.45289855,1.419980644,1.411445,257.97863574999997,1.361374999,50.061317755000005,172.8567806,50.061317755000005,1.262049615,225.0000015,172.8567806,225.0000015,278.663321,1.261777139,1.251615,171.08958305,1.200914662,161.4204144,0.008582216500000002,0.004266453000000001,123.22964788151371,268.5423837994648,36.89210040436562,599.8720825156388,1.6221494718096838,1219.2360389408286,1.6222151011709292,280.99782735603264,152.6428165802705,1.5720241118882474,941.2366544069445,942.7664388890398,1.5713322467597455,277.33942728090955,943.0739161978028,1.5213287434125777,232.71273697052672,1.5212649970617624,278.12609309289957,1.5208343042770514,127.25002242419589,258.575864534989,127.3447545245766,1.4207787097027456,234.48588626930072,1.4201537767581565,259.0388834945122,234.43308388798863,272.68513721503984,1.4199346505772545,1.4114585717952335,256.9579130985566,1.3613658174075745,51.7316754552371,173.50411044330536,51.689016062929724,1.262029276998937,226.0688839924084,173.37698075503408,226.38822420861197,278.25651106937005,1.261910321643134,1.25162794714392,171.12394187028434,1.2009436078679494,154.3335253926224,0.008328113951789912,0.005113346433441463
123.2803521,269.9999978,36.2929148,599.999958,1.622141233,1219.506407,1.622195,281.4075517,155.9852122,1.57201732,944.5493315,946.3286569,1.571315,278.1342729,946.3286569,1.521316193,236.4041289,1.521205876,278.1342729,1.520795,127.9639182,259.8435884,127.9639182,1.42083536,234.3009696,1.420131381,259.8435884,234.3009696,271.4529576,1.419980644,1.411445,257.97861875,1.361374999,50.06132259,172.8567708,50.06132259,1.262049614,225.0000015,172.8567708,225.0000015,278.6633054,1.261777138,1.251615,171.08957395,1.200914663,161.4089625,0.008582218500000004,0.004266455500000001,123.22970619837469,268.5423130787234,36.89208336029547,599.8720939704316,1.6221494694991838,1219.2360476238912,1.6222150991366933,280.99788951401945,152.64297921288883,1.5720241113437254,941.2368270622925,942.766580820321,1.571332245763474,277.33941579114344,943.0740264032712,1.5213287429143025,232.7131436448184,1.5212649974698012,278.1261582015742,1.5208343034835272,127.25012835894782,258.5760144524946,127.34486631207629,1.4207787180449898,234.4859551984188,1.4201537855552864,259.03895845326497,234.43314077124143,272.6851777564955,1.4199346584144954,1.4114585717745831,256.95800537671494,1.3613658173469654,51.731973622068764,173.50436978661816,51.6893216376306,1.2620292984511834,226.06895336679588,173.37724968496735,226.38822420861197,278.2564483630182,1.2619103433840286,1.2516279456841344,171.12423020072148,1.2009436069849029,154.33252418415668,0.008328150422018,0.005113357582499381
123.2803521,269.9999978,36.2929148,599.999958,1.622141233,1219.506407,1.622195,281.4075517,155.9852122,1.57201732,944.5493315,946.3286569,1.571315,278.1342729,946.3286569,1.521316193,236.4041289,1.521205876,278.1342729,1.520795,127.9639545,259.8435723,127.9639545,1.42083536,234.30101115,1.420131381,259.8435723,234.30101115,271.45301635,1.419980644,1.411445,257.97860185,1.361374999,50.06132742,172.8567611,50.06132742,1.2620496125,225.0000015,172.8567611,225.0000015,278.6632899,1.261777136,1.251615,171.08956485,1.200914665,161.3975556,0.0085822205,0.004266458,123.22976161896202,268.5422373065004,36.892066997988124,599.872105010482,1.6221494672928853,1219.2360560627424,1.6222150972069183,280.9979485114307,152.64313888855045,1.5720241107491966,941.2369952524159,942.7667144027032,1.571332244784681,277.3394049977268,943.0741307645102,1.5213287421170623,232.71352821724636,1.5212649977541919,278.1262201766762,1.520834302714419,127.25023312315001,258.5761610198882,127.34497575847652,1.4207787261610036,234.4860261351811,1.4201537938811413,259.03903550583766,234.43319832370895,272.68521829795105,1.4199346658908105,1.4114585716644477,256.95809091309,1.3613658171530165,51.7322656156741,173.50462206610527,51.689620421782564,1.2620293188569787,226.06902274118335,173.37751356931088,226.38822916392536,278.2564001273629,1.2619103647412604,1.251627944218579,171.12451256570128,1.2009436061018564,154.331552685141,0.008328186116438433,0.0051133697934002366
