burner_inputP,fur_F,fur_inputT,fur_inputP,fur_temp,fur_outputT,WHB_F,WHB_inputT,WHB_inputP,WHB_outputT,WHB_outputP,SEP1_F,SEP1_T,HEATER1_F,HEATER1_input_T,HEATER1_input_P,HEATER1_output_P,cat1_F,cat1_input_temp,cat1_output_temp,cat1_input_P,cat1_deltaP,SEP2_F,SEP2_T,HEATER2_F,HEATER2_input_T,HEATER2_input_P,HEATER2_output_P,cat2_F,cat2_input_temp,cat2_output_temp,cat2_input_P,cat2_deltaP,SEP3_F,SEP3_T,B35_H2S,B35_SO2,burner_inputP_pred,fur_F_pred,fur_inputT_pred,fur_inputP_pred,fur_temp_pred,fur_outputT_pred,WHB_F_pred,WHB_inputT_pred,WHB_inputP_pred,WHB_outputT_pred,WHB_outputP_pred,SEP1_F_pred,SEP1_T_pred,HEATER1_F_pred,HEATER1_input_T_pred,HEATER1_input_P_pred,HEATER1_output_P_pred,cat1_F_pred,cat1_input_temp_pred,cat1_output_temp_pred,cat1_input_P_pred,cat1_deltaP_pred,SEP2_F_pred,SEP2_T_pred,HEATER2_F_pred,HEATER2_input_T_pred,HEATER2_input_P_pred,HEATER2_output_P_pred,cat2_F_pred,cat2_input_temp_pred,cat2_output_temp_pred,cat2_input_P_pred,cat2_deltaP_pred,SEP3_F_pred,SEP3_T_pred,B35_H2S_pred,B35_SO2_pred
1.622141233,281.4075521,155.9852135,1.57201732,944.5493328,946.3286582,278.1342732,946.3286582,1.521316193,236.4041313,1.521205876,278.1342732,127.9718258,259.840213,127.9718258,1.420835374,1.420131396,259.840213,234.3099742,271.4656842,1.419980659,8.535659078,257.9750712,50.064693035000005,172.8544938,50.064693035000005,1.262140812,1.420131396,172.8544938,229.9967814,283.04319135000003,1.261866739,10.25173854,171.1040741,163.0019077,0.008964159999999997,0.004457845000000001,1.6221396837908915,281.3129427135466,156.08853678123575,1.5720037955697936,942.9476636958834,944.0668374985752,278.0030672927533,944.2995838473157,1.521291185623367,232.8733180610715,1.5211891827687172,278.251048825577,126.09189104132507,257.823711659209,126.12396772126586,1.4206551974036215,1.4199620848376935,257.9017667528539,233.56858225032852,272.62418764115023,1.4198123217157514,8.3806916598708,255.88189752342802,50.502113841419245,172.18308069617692,50.47551071161983,1.2619284902908194,1.419953133915166,172.1482010388456,229.29241445986466,280.2359383617617,1.261712703305204,10.10286138316082,170.4356170802928,140.44401287798857,0.009798300200125514,0.00326448231738438
1.622141233,281.4075521,155.9852135,1.57201732,944.5493328,946.3286582,278.1342732,946.3286582,1.521316193,236.4041313,1.521205876,278.1342732,127.9718259,259.8402131,127.9718259,1.420835374,1.420131396,259.8402131,234.3099744,271.46568435,1.419980659,8.5356590885,257.97507135,50.064693575,172.8544938,50.064693575,1.262140812,1.420131396,172.8544938,229.9967818,283.0431917,1.261866739,10.25173856,171.1040741,163.00190815000002,0.008964159999999997,0.004457845000000001,1.6221396837742192,281.3129437670718,156.08852791036566,1.5720037955197865,942.9476636958834,944.0668391683549,278.003067640928,944.2995888566552,1.5212911858725047,232.87333574256243,1.5211891829418247,278.2510477810528,126.09189455297431,257.823710402917,126.12397240346479,1.4206551974601789,1.4199620849686032,257.9017613089222,233.56858425797276,272.62418144731674,1.4198123218188732,8.380691792930545,255.88189457389785,50.50214717684142,172.18311147427434,50.47554404704175,1.2619284926453345,1.4199531340984395,172.14822929414817,229.29241445986466,280.2359190674996,1.261712705607181,10.10286343915306,170.43564790182225,140.44398019759356,0.00979828639186951,0.0032644938414889413
1.622141233,281.4075521,155.9852135,1.57201732,944.5493328,946.3286582,278.1342732,946.3286582,1.521316193,236.4041313,1.521205876,278.1342732,127.9718261,259.84021325000003,127.9718261,1.420835374,1.420131396,259.84021325000003,234.3099745,271.4656845,1.419980659,8.5356590995,257.9750715,50.064694105,172.8544939,50.064694105,1.262140812,1.420131396,172.8544939,229.9967822,283.043192,1.261866739,10.25173858,171.1040742,163.0019086,0.008964159999999997,0.004457845999999998,1.6221396837742192,281.3129441182469,156.08852791036566,1.5720037954975612,942.9476711379242,944.0668525265932,278.0030672927533,944.2995972055543,1.521291186046901,232.87335784442612,1.5211891830654727,278.2510446474802,126.09189982044816,257.823709984153,126.12397708566374,1.420655197856082,1.4199620853613322,257.9017621464501,233.56858827326118,272.6241730011801,1.4198123221797987,8.380692192109782,255.88189794478947,50.502179277618325,172.18314174781278,50.47557614781841,1.2619284951306555,1.4199531345697143,172.14825956768664,229.29242437049143,280.23590459680304,1.2617127081649333,10.102865837810674,170.43567872335174,140.44395048814354,0.009798272925985698,0.003264506043526345
1.622141233,281.4075521,155.9852135,1.57201732,944.5493328,946.3286582,278.1342732,946.3286582,1.521316193,236.4041313,1.521205876,278.1342732,127.97182624999999,259.8402134,127.97182624999999,1.420835374,1.420131396,259.8402134,234.3099746,271.46568464999996,1.419980659,8.5356591105,257.9750716,50.06469462,172.854494,50.06469462,1.262140812,1.420131396,172.854494,229.9967826,283.04319235,1.261866739,10.251738594999999,171.1040743,163.001909,0.008964159999999997,0.004457845999999998,1.622139683690858,281.31294236237153,156.08851903949557,1.5720037954419976,942.9476770915569,944.0668600406021,278.0030641591807,944.2996055544534,1.5212911860219873,232.87337110554432,1.5211891830902025,278.2510408175582,126.09190450264714,257.82370914662505,126.12398176786267,1.420655198025755,1.41996208546606,257.90175754004633,233.56859295776434,272.6241690596497,1.4198123222313594,8.380692192109782,255.88189457389785,50.50221014374997,172.18317050767433,50.47560639662718,1.261928497354364,1.4199531347791698,172.14828681387124,229.29243428111823,280.2358853025409,1.2617127103390229,10.102868008024705,170.43570855063834,140.44392374963851,0.009798259231885554,0.0032645172287673672
1.622141233,281.4075521,155.9852135,1.57201732,944.5493328,946.3286582,278.1342732,946.3286582,1.521316193,236.4041313,1.521205876,278.1342732,127.9718264,259.8402135,127.9718264,1.420835374,1.420131396,259.8402135,234.3099747,271.4656848,1.419980659,8.5356591205,257.9750717,50.064695125,172.8544941,50.064695125,1.262140812,1.420131396,172.8544941,229.996783,283.04319265000004,1.261866739,10.25173861,171.1040744,163.00190945,0.008964159999999997,0.004457845999999998,1.622139683679743,281.3129427135466,156.08851312558218,1.5720037954197723,942.9476815567815,944.0668675546112,278.0030641591807,944.2996105637928,1.5212911862212972,232.87338878703525,1.5211891832138504,278.2510408175582,126.09190859957125,257.82370872786106,126.12398527951188,1.4206551982237063,1.4199620856755153,257.90175502746246,233.5685956346233,272.62416286581623,1.4198123224891634,8.380692458229273,255.8818949952593,50.502241009881615,172.18319775385893,50.475636645435955,1.2619284995780724,1.419953135093353,172.14831406005584,229.29243428111823,280.2358708318443,1.261712712641,10.102869949795155,170.43573589231772,140.4438940401885,0.009798246450742686,0.003264527736149904
1.622141233,281.4075521,155.9852135,1.57201732,944.5493328,946.3286582,278.1342732,946.3286582,1.521316193,236.4041313,1.521205876,278.1342732,127.97182655,259.8402136,127.97182655,1.420835374,1.420131396,259.8402136,234.3099748,271.4656849,1.419980659,8.5356591315,257.9750718,50.064695625,172.8544942,50.064695625,1.262140812,1.420131396,172.8544942,229.9967834,283.043193,1.261866739,10.25173863,171.1040745,163.00190985,0.008964159999999997,0.004457845999999998,1.622139683640841,281.31294236237153,156.08851164710381,1.5720037953586525,942.947686022006,944.0668775732898,278.0030634628313,944.2996222522517,1.5212911862960385,232.8734064685262,1.5211891830902025,278.2510383803351,126.09191328177023,257.8237083090971,126.12398996171082,1.420655198393379,1.4199620858849709,257.9017541899345,233.56859764226752,272.62415667198275,1.4198123226954067,8.380692679995516,255.88189373117496,50.502269406722725,172.18322500004354,50.475665042276844,1.261928501801781,1.4199531352504446,172.14833878344558,229.292444191745,280.23585636114774,1.2617127146872018,10.102871891565606,170.43576223975424,140.4438702726285,0.009798233669616489,0.003264538921465252
1.622141233,281.4075521,155.9852135,1.57201732,944.5493328,946.3286582,278.1342732,946.3286582,1.521316193,236.4041313,1.521205876,278.1342732,127.9718267,259.8402137,127.9718267,1.420835374,1.420131396,259.8402137,234.3099748,271.465685,1.419980659,8.5356591415,257.9750719,50.064696115000004,172.8544943,50.064696115000004,1.262140812,1.420131396,172.8544943,229.99678375000002,283.0431933,1.261866739,10.25173865,171.1040746,163.0019103,0.008964159999999997,0.004457845999999998,1.6221396836074964,281.31294306472165,156.08850573319043,1.5720037953530963,942.9476904872305,944.066884252409,278.0030641591807,944.2996272615911,1.5212911864455212,232.87342415001714,1.5211891832385802,278.25103803216035,126.0919162081446,257.8237045402213,126.12399347336003,1.420655198421658,1.4199620858849709,257.90174790847476,233.56860165755594,272.62415385660387,1.4198123227469674,8.380692768702012,255.8818895175604,50.5022971862412,172.1832512371102,50.47569220447247,1.2619285036330703,1.4199531354599002,172.14836350683532,229.292444191745,280.2358418904511,1.2617127167334037,10.102873719114264,170.43578809006928,140.44384353412346,0.009798222143793769,0.003264548412065904
1.622141233,281.4075521,155.9852135,1.57201732,944.5493328,946.3286582,278.1342732,946.3286582,1.521316193,236.4041313,1.521205876,278.1342732,127.9718268,259.84021385,127.9718268,1.420835374,1.420131396,259.84021385,234.3099749,271.4656851,1.419980659,8.5356591525,257.975072,50.064696595,172.85449434999998,50.064696595,1.262140812,1.420131396,172.85449434999998,229.9967841,283.0431936,1.261866739,10.25173866,171.1040747,163.0019107,0.008964159999999997,0.004457845999999998,1.6221396835797093,281.3129416600214,156.08850277623372,1.5720037952753074,942.9476934640468,944.0668892617483,278.00306276648183,944.2996322709306,1.5212911863707799,232.8734329907626,1.5211891831643913,278.2510352467625,126.0919203050687,257.8237016088734,126.12399698500923,1.4206551983085427,1.419962085858789,257.9017441395989,233.56860634205913,272.6241499150735,1.4198123226954067,8.380692768702012,255.8818878321146,50.50232434843705,172.18327444682302,50.47571813202285,1.2619285054643596,1.4199531354860822,172.14838671654815,229.29245410237178,280.2358322433201,1.2617127183959427,10.102875546662922,170.43581095765566,140.44381679561843,0.0097982103897509,0.0032645582416456656
1.622141233,281.4075521,155.9852135,1.57201732,944.5493328,946.3286582,278.1342732,946.3286582,1.521316193,236.4041313,1.521205876,278.1342732,127.9718269,259.840214,127.9718269,1.420835374,1.420131396,259.840214,234.309975,271.4656852,1.419980659,8.5356591625,257.9750722,50.064697065000004,172.8544944,50.064697065000004,1.262140812,1.420131396,172.8544944,229.9967845,283.04319384999997,1.261866739,10.25173868,171.1040748,163.0019111,0.008964159999999997,0.004457845999999998,1.6221396835685944,281.3129409576713,156.08850277623372,1.5720037952975328,942.9476994176795,944.0668976106472,278.0030624183071,944.2996406198297,1.5212911865202623,232.87345067225357,1.5211891832633098,278.2510338540636,126.09192498726769,257.8236982587615,126.12400166720818,1.420655198421658,1.4199620859896986,257.9017399519591,233.56860968813282,272.62414653661887,1.4198123227985282,8.380692813055262,255.8818857253073,50.502349658665,172.18329563829994,50.47574405957323,1.261928507295649,1.4199531356431736,172.14840790802506,229.29245410237178,280.23581294905796,1.261712719930594,10.102876917324416,170.43583382524207,140.44379302805842,0.009798200119239545,0.0032645670543975103
1.622141233,281.4075521,155.9852135,1.57201732,944.5493328,946.3286582,278.1342732,946.3286582,1.521316193,236.4041313,1.521205876,278.1342732,127.97182705,259.8402141,127.97182705,1.420835374,1.420131396,259.8402141,234.30997505,271.4656853,1.419980659,8.5356591725,257.9750723,50.064697525,172.8544945,50.064697525,1.262140812,1.420131396,172.8544945,229.9967848,283.04319415,1.261866739,10.2517387,171.10407485000002,163.00191155,0.008964159999999997,0.004457845999999998,1.6221396835574797,281.3129427135466,156.08849686232034,1.5720037952475256,942.9477083481286,944.0669076293259,278.00306102560813,944.2996489687289,1.5212911865950036,232.8734683537445,1.5211891832138504,278.2510321131899,126.09192966946667,257.82370035258145,126.12400517885737,1.4206551987610034,1.419962086225336,257.9017403707231,233.56861236499176,272.6241431581642,1.419812323107893,8.380693123528001,255.8818869893917,50.502374968892944,172.1833218753666,50.475768752478345,1.2619285092577446,1.4199531360620847,172.1484306131789,229.29245905768516,280.2358033019269,1.2617127221046835,10.102878859094865,170.43585768707135,140.4437722314434,0.009798189620505725,0.003264576884033404
1.622141233,281.4075521,155.9852135,1.57201732,944.5493328,946.3286582,278.1342732,946.3286582,1.521316193,236.4041313,1.521205876,278.1342732,127.9718272,259.8402142,127.9718272,1.420835374,1.420131396,259.8402142,234.3099751,271.4656854,1.419980659,8.5356591825,257.9750724,50.064697975,172.8544946,50.064697975,1.262140812,1.420131396,172.8544946,229.99678515,283.0431944,1.261866739,10.251738715,171.1040749,163.00191195000002,0.008964159999999997,0.004457845999999998,1.6221396834741182,281.31294060649617,156.08849686232034,1.5720037952253003,942.9477053713122,944.0669126386651,278.00305998108394,944.2996523082885,1.5212911866946586,232.87347719448996,1.521189183312769,278.2510300241416,126.09193259584103,257.8236974212336,126.12400810523172,1.4206551987610034,1.4199620863824276,257.9017345080273,233.56861504185073,272.62413809048223,1.4198123231336734,8.380693212234497,255.88188403986152,50.502399044475624,172.18334104860762,50.47579221073821,1.2619285109582274,1.4199531361929942,172.14844978641992,229.29246896831197,280.23579847836135,1.2617127236393348,10.10288034397815,170.43587806905052,140.4437484638834,0.009798179350016143,0.00326458603578998
1.622141233,281.4075521,155.9852135,1.57201732,944.5493328,946.3286582,278.1342732,946.3286582,1.521316193,236.4041313,1.521205876,278.1342732,127.9718273,259.8402143,127.9718273,1.420835374,1.420131396,259.8402143,234.3099752,271.4656855,1.419980659,8.5356591925,257.9750725,50.06469842,172.8544947,50.06469842,1.262140812,1.420131396,172.8544947,229.9967855,283.0431947,1.261866739,10.25173873,171.104075,163.0019124,0.008964159999999997,0.004457845999999998,1.6221396834630033,281.31294130884635,156.08849094840696,1.5720037951752932,942.9477113249449,944.0669193177843,278.0030603292587,944.299657317628,1.521291186644831,232.8734904556082,1.521189183312769,278.2510293277921,126.09193669276513,257.8236978399976,126.12401337270552,1.4206551989023974,1.4199620865133373,257.90173534555527,233.56861771870967,272.6241330228003,1.4198123231852342,8.380693256587746,255.88188277577714,50.50242250273567,172.18336375376145,50.475815051675454,1.2619285126587105,1.419953136350086,172.14847148245582,229.29248383425215,280.2357936547958,1.2617127256855367,10.102882057305017,170.43590242800124,140.4437336091584,0.009798168851304587,0.0032645948486168586
1.622141233,281.4075521,155.9852135,1.57201732,944.5493328,946.3286582,278.1342732,946.3286582,1.521316193,236.4041313,1.521205876,278.1342732,127.9718274,259.8402145,127.9718274,1.420835374,1.420131396,259.8402145,234.3099752,271.4656856,1.419980659,8.5356592025,257.97507265,50.064698855,172.8544948,50.064698855,1.262140812,1.420131396,172.8544948,229.9967858,283.04319495000004,1.261866739,10.25173875,171.1040751,163.0019128,0.008964159999999997,0.004457845999999998,1.6221396834630033,281.31294201119647,156.0884835560152,1.572003795158624,942.9477128133531,944.0669209875641,278.00305998108394,944.2996589874078,1.5212911867943137,232.8735037167264,1.5211891833622282,278.2510282832679,126.09193786331488,257.8236961649416,126.124015713805,1.4206551990155127,1.4199620865395193,257.9017299016235,233.56862039556864,272.62412851819414,1.4198123233141362,8.380693389647492,255.88188024760842,50.50244287438255,172.18338292700247,50.475835423322174,1.2619285140975807,1.4199531364548137,172.14849015113785,229.29247887893874,280.2357791840993,1.2617127270923005,10.102883542188302,170.4359203243732,140.44370984159838,0.009798160292580661,0.003264602305642796
1.622141233,281.4075521,155.9852135,1.57201732,944.5493328,946.3286582,278.1342732,946.3286582,1.521316193,236.4041313,1.521205876,278.1342732,127.9718275,259.8402146,127.9718275,1.420835374,1.420131396,259.8402146,234.3099753,271.4656856,1.419980659,8.5356592115,257.9750728,50.06469928,172.8544949,50.06469928,1.262140812,1.420131396,172.8544949,229.9967861,283.0431952,1.261866739,10.25173877,171.1040752,163.0019132,0.008964159999999997,0.004457845999999998,1.622139683418544,281.31294201119647,156.08848207753687,1.5720037951641805,942.9477172785776,944.0669276666832,278.00305963290924,944.2996673363069,1.5212911869437962,232.87352139821732,1.521189183510606,278.2510289796174,126.09194254551386,257.82369490864966,126.12401805490447,1.4206551990720702,1.4199620867751566,257.90172948285954,233.56862240321286,272.6241251397395,1.4198123234688185,8.380693611413735,255.88188277577714,50.5024644806747,172.18340260480247,50.475857029614154,1.2619285157980635,1.419953136690451,172.14850982893785,229.29248383425215,280.2357695369682,1.2617127284990641,10.102884912849795,170.4359407063524,140.44368904498336,0.009798151277399544,0.003264609762685767
1.622141233,281.4075521,155.9852135,1.57201732,944.5493328,946.3286582,278.1342732,946.3286582,1.521316193,236.4041313,1.521205876,278.1342732,127.9718276,259.8402147,127.9718276,1.420835374,1.420131396,259.8402147,234.3099753,271.4656857,1.419980659,8.5356592215,257.9750729,50.0646997,172.854495,50.0646997,1.262140812,1.420131396,172.854495,229.9967864,283.0431955,1.261866739,10.25173878,171.1040753,163.0019136,0.008964159999999997,0.004457845999999998,1.6221396833907569,281.31293990414605,156.0884805990585,1.572003795108617,942.9477232322103,944.0669393551416,278.0030571956861,944.2996773549859,1.5212911870185375,232.8735302389628,1.5211891834858764,278.2510234088217,126.09194488661335,257.82369490864966,126.12402039600393,1.4206551992417429,1.4199620868798843,257.90172822656757,233.56862441085707,272.624118945906,1.4198123236492812,8.38069378882673,255.88188109033132,50.50248485232159,172.18342127348453,50.47587616661563,1.2619285173677401,1.4199531369260885,172.14852799306092,229.29248383425215,280.2357550662716,1.2617127300337156,10.102886283511289,170.43595959696722,140.44366824836834,0.00979814260457491,0.003264617219745774
1.622141233,281.4075521,155.9852135,1.57201732,944.5493328,946.3286582,278.1342732,946.3286582,1.521316193,236.4041313,1.521205876,278.1342732,127.97182765,259.8402148,127.97182765,1.420835374,1.420131396,259.8402148,234.3099753,271.4656857,1.419980659,8.5356592315,257.975073,50.064700110000004,172.8544951,50.064700110000004,1.262140812,1.420131396,172.8544951,229.9967867,283.0431957,1.261866739,10.2517388,171.1040754,163.001914,0.008964159999999997,0.004457845999999998,1.6221396833740847,281.31294060649617,156.08847616362345,1.5720037950586099,942.9477262090267,944.0669460342608,278.00305754386085,944.2996806945455,1.5212911871929338,232.873543500081,1.5211891836342541,278.2510248015206,126.09194781298771,257.8236923960658,126.12402332237828,1.4206551993548582,1.4199620869846121,257.90172697027566,233.56862641850128,272.6241161305271,1.4198123237008422,8.380693833179977,255.88188109033132,50.50250460664584,172.18343893304862,50.47589592093972,1.261928518675804,1.4199531370831802,172.14854514806606,229.29248878956554,280.2357357720095,1.2617127313125918,10.1028874257292,170.43597799046063,140.4436504226983,0.009798133703526023,0.003264624676822815
1.622141233,281.4075521,155.9852135,1.57201732,944.5493328,946.3286582,278.1342732,946.3286582,1.521316193,236.4041313,1.521205876,278.1342732,127.9718277,259.840215,127.9718277,1.420835374,1.420131396,259.840215,234.3099754,271.4656858,1.419980659,8.5356592405,257.9750731,50.06470051,172.8544952,50.06470051,1.262140812,1.420131396,172.8544952,229.99678695,283.04319595000004,1.261866739,10.251738815,171.1040755,163.0019144,0.008964159999999997,0.004457845999999998,1.6221396833240678,281.31294130884635,156.08847468514512,1.572003795075279,942.947729185843,944.0669477040406,278.0030571956861,944.2996823643253,1.5212911871181924,232.8735567611992,1.5211891835600653,278.25102201612276,126.09195073936208,257.8236907210099,126.12402624875261,1.4206551993548582,1.4199620869584302,257.90172236387184,233.5686304337897,272.6241161305271,1.4198123237781832,8.380693833179977,255.88187856216263,50.50252250900219,172.1834550789358,50.47591444061856,1.2619285199838677,1.4199531372402716,172.14856078939425,229.29249374487893,280.2357357720095,1.2617127325914679,10.102888796390694,170.43599389834682,140.4436355679733,0.009798126400107337,0.003264631117039418
1.622141233,281.4075521,155.9852135,1.57201732,944.5493328,946.3286582,278.1342732,946.3286582,1.521316193,236.4041313,1.521205876,278.1342732,127.9718278,259.8402151,127.9718278,1.420835374,1.420131396,259.8402151,234.3099754,271.4656858,1.419980659,8.5356592495,257.9750733,50.06470091,172.8544953,50.06470091,1.262140812,1.420131396,172.8544953,229.9967872,283.0431962,1.261866739,10.25173883,171.1040756,163.0019148,0.008964159999999997,0.004457845999999998,1.6221396833129529,281.31293990414605,156.08847320666678,1.5720037950530537,942.9477306742511,944.0669552180495,278.0030561511619,944.2996873736648,1.521291187267675,232.87356560194468,1.5211891836095244,278.25102201612276,126.09195308046156,257.82369113977387,126.12402917512695,1.4206551995810885,1.4199620871417038,257.90172236387184,233.56863110300446,272.6241127520725,1.4198123239844265,8.380693966239722,255.8818768767168,50.50254102868118,172.18347223394093,50.475931725652146,1.2619285212919316,1.4199531373449994,172.14857643072247,229.2925036555057,280.2357357720095,1.2617127341261194,10.102889938608605,170.43601030335446,140.4436207132483,0.00979811886846252,0.003264637896228519
1.622141233,281.4075521,155.9852135,1.57201732,944.5493328,946.3286582,278.1342732,946.3286582,1.521316193,236.4041313,1.521205876,278.1342732,127.9718279,259.8402152,127.9718279,1.420835374,1.420131396,259.8402152,234.3099754,271.4656859,1.419980659,8.535659259500001,257.9750734,50.064701299999996,172.8544954,50.064701299999996,1.262140813,1.420131396,172.8544954,229.9967875,283.0431964,1.261866739,10.25173885,171.1040757,163.0019152,0.008964159999999997,0.004457845999999998,1.6221396833129529,281.31293885062087,156.0884717281884,1.5720037950252719,942.9477321626593,944.0669568878293,278.00305545481245,944.2996907132244,1.5212911874669852,232.87356560194468,1.521189183782632,278.2510195788997,126.09195542156105,257.82368820842595,126.12403093095155,1.420655199524531,1.4199620871155219,257.90171901376,233.5686337798634,272.6241104997694,1.4198123238297442,8.380693966239722,255.88187350582515,50.502557696392266,172.18348686615118,50.47594901068573,1.261928522469189,1.4199531373449994,172.14859055837374,229.2925036555057,280.23571647774736,1.2617127350213326,10.102890966604727,170.43602571411918,140.4436028875783,0.009798111108592097,0.0032646429806295818
1.622141233,281.4075521,155.9852135,1.57201732,944.5493328,946.3286582,278.1342732,946.3286582,1.521316193,236.4041313,1.521205876,278.1342732,127.971828,259.84021535,127.971828,1.420835374,1.420131396,259.84021535,234.3099754,271.4656859,1.419980659,8.5356592685,257.9750735,50.06470168,172.8544955,50.06470168,1.262140813,1.420131396,172.8544955,229.99678775,283.04319665,1.261866739,10.251738865,171.1040758,163.00191554999998,0.008964159999999997,0.004457845999999998,1.6221396832907231,281.3129392017959,156.08846581427503,1.572003795030828,942.9477351394756,944.0669627320585,278.003054758463,944.299694052784,1.5212911874918988,232.87357886306287,1.5211891838568208,278.2510185343755,126.09195717738568,257.823687789662,126.12403327205102,1.4206551995528096,1.4199620872464314,257.9017169199401,233.5686351182929,272.6241048690117,1.419812323958646,8.38069405494622,255.88187434854808,50.50257436410335,172.18350250747937,50.475965061074064,1.26192852351564,1.419953137554455,172.14860569514298,229.2925036555057,280.2357068306163,1.2617127361723213,10.102891994600848,170.4360406277625,140.44358506190827,0.009798104261652715,0.0032646497598433147
1.622141233,281.4075521,155.9852135,1.57201732,944.5493328,946.3286582,278.1342732,946.3286582,1.521316193,236.4041313,1.521205876,278.1342732,127.971828,259.8402155,127.971828,1.420835374,1.420131396,259.8402155,234.3099754,271.4656859,1.419980659,8.5356592775,257.9750736,50.06470205,172.8544956,50.06470205,1.262140813,1.420131396,172.8544956,229.996788,283.04319684999996,1.261866739,10.25173888,171.1040759,163.00191595,0.008964159999999997,0.004457845999999998,1.6221396833129529,281.3129392017959,156.08846581427503,1.5720037949752648,942.947738116292,944.0669660716181,278.003054758463,944.2996973923438,1.5212911874918988,232.87358770380837,1.5211891838073615,278.2510171416765,126.0919606890349,257.82368653337005,126.1240356131505,1.420655199665925,1.4199620873249772,257.90171566364813,233.56863779515183,272.62410149055705,1.4198123239328657,8.380694099299468,255.88187266310226,50.50259103181444,172.18351663513067,50.47598111146239,1.2619285248237038,1.4199531376330006,172.14862032735323,229.29250861081908,280.2357068306163,1.2617127373233097,10.102893136818759,170.4360555414058,140.44357317812828,0.009798097642949186,0.003264655861147713
1.622141233,281.4075521,155.9852135,1.57201732,944.5493328,946.3286582,278.1342732,946.3286582,1.521316193,236.4041313,1.521205876,278.1342732,127.9718281,259.8402156,127.9718281,1.420835374,1.420131396,259.8402156,234.3099755,271.4656859,1.419980659,8.5356592865,257.9750738,50.06470242,172.8544957,50.06470242,1.262140813,1.420131396,172.8544957,229.99678825,283.0431971,1.261866739,10.2517389,171.104076,163.0019163,0.008964159999999997,0.004457845999999998,1.6221396832462638,281.3129384994458,156.0884599003616,1.5720037948974759,942.9477410931083,944.0669719158473,278.00305232123986,944.299704071463,1.5212911876413815,232.8735921241811,1.5211891839310097,278.25101574897764,126.0919630301344,257.82368820842595,126.12403795424996,1.420655199807319,1.4199620875082508,257.90171524488414,233.5686384643666,272.62409811210244,1.4198123241906697,8.380694321065711,255.88187434854808,50.50260708220289,172.18353227645886,50.475997161850714,1.2619285260009612,1.4199531377377284,172.1486344550045,229.29251356613247,280.23569718348523,1.2617127387300735,10.10289427903667,170.43607095217055,140.44355832340324,0.009798090796019206,0.003264661284538973
1.622141233,281.4075521,155.9852135,1.57201732,944.5493328,946.3286582,278.1342732,946.3286582,1.521316193,236.4041313,1.521205876,278.1342732,127.9718282,259.8402157,127.9718282,1.420835374,1.420131396,259.8402157,234.3099755,271.465686,1.419980659,8.5356592955,257.9750739,50.064702775,172.8544958,50.064702775,1.262140813,1.420131396,172.8544958,229.9967885,283.0431973,1.261866739,10.25173891,171.1040761,163.0019167,0.008964159999999997,0.004457845999999998,1.6221396832462638,281.3129370947455,156.0884599003616,1.5720037949197012,942.9477455583328,944.0669794298564,278.0030512767157,944.2997090808025,1.5212911876413815,232.8736053852993,1.5211891839804688,278.2510133117545,126.09196478595902,257.8236848583141,126.12404029534943,1.4206551998638766,1.4199620875606147,257.90171356982825,233.5686404720108,272.6240947336478,1.41981232421645,8.380694276712463,255.88187182037936,50.50262066330082,172.18354388131527,50.47601074294853,1.2619285270474123,1.4199531379733659,172.14864555530193,229.29251356613247,280.2356875363542,1.2617127396252867,10.102895192811,170.4360833802066,140.44354346867823,0.009798084976132495,0.0032646667079392422
1.622141233,281.4075521,155.9852135,1.57201732,944.5493328,946.3286582,278.1342732,946.3286582,1.521316193,236.4041313,1.521205876,278.1342732,127.9718282,259.8402159,127.9718282,1.420835374,1.420131396,259.8402159,234.3099755,271.465686,1.419980659,8.5356593045,257.975074,50.06470313,172.8544959,50.06470313,1.262140813,1.420131396,172.8544959,229.9967887,283.0431975,1.261866739,10.25173893,171.1040762,163.0019171,0.008964159999999997,0.004457845999999998,1.6221396832573787,281.3129370947455,156.0884599003616,1.5720037948919197,942.947747046741,944.0669810996361,278.003050928541,944.2997124203622,1.5212911873424164,232.8736053852993,1.521189183708443,278.2510129635798,126.09196595650876,257.8236827644942,126.12404146589917,1.420655199665925,1.419962087377341,257.90170812589645,233.56864314886974,272.62409529672357,1.419812324087548,8.380694276712463,255.88187097765643,50.50263486172137,172.18355599073064,50.47602432404635,1.2619285277014443,1.4199531378162742,172.14865665559935,229.29252347675927,280.2356827127886,1.2617127403926125,10.102895992363537,170.43609431687838,140.44352861395322,0.009798078357441991,0.003264671453421868
1.622141233,281.4075521,155.9852135,1.57201732,944.5493328,946.3286582,278.1342732,946.3286582,1.521316193,236.4041313,1.521205876,278.1342732,127.9718283,259.840216,127.9718283,1.420835374,1.420131396,259.840216,234.3099755,271.465686,1.419980659,8.5356593135,257.97507414999995,50.064703475,172.854496,50.064703475,1.262140813,1.420131396,172.854496,229.99678895,283.0431977,1.261866739,10.251738945,171.1040763,163.00191745,0.008964159999999997,0.004457845999999998,1.6221396832129191,281.3129353388702,156.08845546492657,1.5720037948919197,942.9477485351492,944.0669844391956,278.0030498840168,944.2997124203622,1.5212911875666402,232.87361422604477,1.5211891837579021,278.2510108745314,126.09196888288312,257.8236823457302,126.12404380699863,1.4206551998638766,1.4199620874820689,257.90170728836847,233.56864448729922,272.62409191826896,1.4198123242422305,8.38069436541896,255.8818697135721,50.50264844281929,172.1835670910281,50.47603790514417,1.2619285287478952,1.419953137947184,172.14866725133783,229.29251356613247,280.2356778892231,1.2617127412878257,10.102896563472493,170.43610674491447,140.44351673017323,0.009798072651677911,0.0032646768768390304
1.622141233,281.4075521,155.9852135,1.57201732,944.5493328,946.3286582,278.1342732,946.3286582,1.521316193,236.4041313,1.521205876,278.1342732,127.9718283,259.8402161,127.9718283,1.420835374,1.420131396,259.8402161,234.3099755,271.465686,1.419980659,8.5356593215,257.9750743,50.064703815,172.8544961,50.064703815,1.262140813,1.420131396,172.8544961,229.9967892,283.0431979,1.261866739,10.25173896,171.1040764,163.0019178,0.008964159999999997,0.004457845999999998,1.6221396832018042,281.3129370947455,156.08845546492657,1.5720037948919197,942.9477530003737,944.0669911183147,278.0030505803662,944.2997207692613,1.521291187591554,232.87362748716296,1.5211891837579021,278.2510108745314,126.09197063870775,257.8236840207862,126.12404556282324,1.4206552000052703,1.419962087743888,257.90170812589645,233.56864448729922,272.6240879767385,1.4198123243969127,8.380694542831954,255.88187055629498,50.50266202391722,172.1835822277973,50.476051486241985,1.2619285297943463,1.419953138261367,172.1486813789891,229.29252347675927,280.23566824209206,1.2617127426945896,10.102897934133987,170.43612116143632,140.4435048463932,0.009798067516493073,0.0032646816223364378
1.622141233,281.4075521,155.9852135,1.57201732,944.5493328,946.3286582,278.1342732,946.3286582,1.521316193,236.4041313,1.521205876,278.1342732,127.9718284,259.8402162,127.9718284,1.420835374,1.420131396,259.8402162,234.3099755,271.465686,1.419980659,8.5356593305,257.9750744,50.064704145,172.8544962,50.064704145,1.262140813,1.420131396,172.8544962,229.9967894,283.0431981,1.261866739,10.251738975,171.1040765,163.00191815,0.008964159999999997,0.004457845999999998,1.6221396831906896,281.3129363923954,156.08844955101318,1.5720037948419125,942.9477530003737,944.0669927880946,278.003049535842,944.2997224390411,1.5212911878157778,232.8736319075357,1.5211891840546576,278.25100948183245,126.09197297980724,257.8236840207862,126.12404848919758,1.4206552001749433,1.419962087743888,257.90170645084055,233.5686471641582,272.6240851613597,1.4198123245000345,8.380694675891698,255.88187055629498,50.50267498769251,172.1835943372127,50.47606445001717,1.2619285308407973,1.4199531383399129,172.14869399296344,229.29252347675927,280.23566341852654,1.2617127434619153,10.102898847908316,170.43613309235096,140.4434959335582,0.009798061810735306,0.003264686367840743
1.622141233,281.4075521,155.9852135,1.57201732,944.5493328,946.3286582,278.1342732,946.3286582,1.521316193,236.4041313,1.521205876,278.1342732,127.9718284,259.8402164,127.9718284,1.420835374,1.420131396,259.8402164,234.3099755,271.465686,1.419980659,8.5356593395,257.9750745,50.064704475,172.8544963,50.064704475,1.262140813,1.420131396,172.8544963,229.9967896,283.04319825,1.261866739,10.25173899,171.1040766,163.0019185,0.008964159999999997,0.004457845999999998,1.6221396831684598,281.3129339341699,156.08845102949152,1.5720037948252434,942.9477589540064,944.0669994672137,278.0030484913179,944.2997291181604,1.521291187790864,232.87363632790846,1.5211891840793874,278.25100808913356,126.09197415035698,257.8236848583141,126.12404965974731,1.420655200316337,1.4199620879009798,257.90170728836847,233.56864783337292,272.62408121982924,1.419812324603156,8.380694720244946,255.88187097765643,50.502687334145165,172.1836059420691,50.47607617914711,1.2619285318872484,1.4199531384970046,172.14870357958398,229.29252347675927,280.23565377139545,1.2617127443571285,10.102899533239063,170.4361450232656,140.4434810788332,0.009798057017901346,0.0032646911133519464
1.622141233,281.4075521,155.9852135,1.57201732,944.5493328,946.3286582,278.1342732,946.3286582,1.521316193,236.4041313,1.521205876,278.1342732,127.9718285,259.8402165,127.9718285,1.420835374,1.420131396,259.8402165,234.3099755,271.465686,1.419980659,8.5356593475,257.97507465,50.064704795,172.8544964,50.064704795,1.262140813,1.420131396,172.8544964,229.9967898,283.0431984,1.261866739,10.25173901,171.1040767,163.00191884999998,0.008964159999999997,0.004457845999999998,1.6221396831795747,281.31293674357045,156.08844807253485,1.5720037947974617,942.9477589540064,944.0670019718833,278.00304814314313,944.2997324577201,1.5212911878656052,232.87364958902666,1.521189184029928,278.2510077409588,126.09197649145646,257.8236823457302,126.12405141557191,1.420655200203222,1.419962087796252,257.9017031007287,233.56864984101713,272.6240784044504,1.4198123245515952,8.380694853304693,255.88186929221064,50.50269906327519,172.18361653780755,50.47608790827704,1.2619285326720866,1.4199531385493684,172.14871417532243,229.29253338738604,280.23565859496097,1.2617127452523418,10.102900561235183,170.43615496569447,140.4434721659982,0.009798051654494691,0.0032646951809384675
1.622141233,281.4075521,155.9852135,1.57201732,944.5493328,946.3286582,278.1342732,946.3286582,1.521316193,236.4041313,1.521205876,278.1342732,127.9718285,259.8402166,127.9718285,1.420835374,1.420131396,259.8402166,234.3099755,271.465686,1.419980659,8.535659356,257.9750748,50.064705105,172.8544965,50.064705105,1.262140813,1.420131396,172.8544965,229.99679,283.0431986,1.261866739,10.25173902,171.1040768,163.0019192,0.008964159999999997,0.004457845999999998,1.6221396831351151,281.3129360412203,156.08844659405648,1.5720037948530252,942.9477604424146,944.0670028067732,278.0030484913179,944.2997291181604,1.5212911879403466,232.87364958902666,1.5211891840793874,278.25100739278406,126.09197707673134,257.8236806706743,126.12405258612165,1.4206552002315007,1.4199620878747978,257.90170142567274,233.56865117944662,272.6240789675262,1.419812324603156,8.380694808951445,255.8818676067648,50.502710175082576,172.1836256198691,50.476098402761714,1.2619285335877313,1.4199531386017323,172.148722752825,229.29253834269946,280.23565859496097,1.2617127461475552,10.10290136078772,170.43616490812332,140.44346028221818,0.009798046519320867,0.0032646989095639002
1.622141233,281.4075521,155.9852135,1.57201732,944.5493328,946.3286582,278.1342732,946.3286582,1.521316193,236.4041313,1.521205876,278.1342732,127.9718286,259.8402167,127.9718286,1.420835374,1.420131396,259.8402167,234.3099755,271.465686,1.419980659,8.5356593645,257.9750749,50.064705415,172.8544966,50.064705415,1.262140813,1.420131396,172.8544966,229.9967902,283.0431988,1.261866739,10.25173904,171.1040769,163.00191955000003,0.008964159999999997,0.004457845999999998,1.6221396831351151,281.3129360412203,156.08844215862143,1.5720037947919054,942.9477589540064,944.0670061463328,278.003049535842,944.2997307879402,1.521291187890519,232.87365842977212,1.521189184104117,278.25100739278406,126.09197883255595,257.82368108943825,126.12405434194625,1.4206552002315007,1.4199620879795256,257.9017022632007,233.56865117944662,272.6240767152231,1.4198123247062775,8.380694853304693,255.8818676067648,50.50272066956734,172.1836357110486,50.47610951456902,1.2619285341109567,1.41995313870646,172.14873486224036,229.29253834269946,280.2356393006989,1.2617127466591056,10.102901931896676,170.4361748505522,140.44345136938318,0.009798042182953949,0.0032647033161267167
1.622141233,281.4075521,155.9852135,1.57201732,944.5493328,946.3286582,278.1342732,946.3286582,1.521316193,236.4041313,1.521205876,278.1342732,127.9718286,259.8402169,127.9718286,1.420835374,1.420131396,259.8402169,234.3099755,271.465686,1.419980659,8.5356593725,257.975075,50.064705715,172.85449665,50.064705715,1.262140813,1.420131396,172.85449665,229.99679035,283.0431989,1.261866739,10.25173905,171.104077,163.0019199,0.008964159999999997,0.004457845999999998,1.6221396831017707,281.31293674357045,156.08844511557814,1.5720037947919054,942.9477649076391,944.0670078161126,278.00304918766733,944.2997341274998,1.5212911880649154,232.87366285014485,1.521189184104117,278.2510053037357,126.09198117365545,257.8236806706743,126.12405668304572,1.4206552002597796,1.4199620880318895,257.9016984943249,233.56865385630556,272.62407727829884,1.4198123247062775,8.38069494201119,255.88186676404192,50.50273178137473,172.18364630678704,50.476120009053695,1.2619285350266014,1.4199531387588238,172.1487439443019,229.29253834269946,280.2356393006989,1.2617127476822065,10.102902731449214,170.43618479298107,140.44344245654815,0.00979803739012959,0.0032647067057944685
1.622141233,281.4075521,155.9852135,1.57201732,944.5493328,946.3286582,278.1342732,946.3286582,1.521316193,236.4041313,1.521205876,278.1342732,127.9718287,259.840217,127.9718287,1.420835374,1.420131396,259.840217,234.3099755,271.465686,1.419980659,8.5356593805,257.97507515,50.064706015,172.85449675,50.064706015,1.262140813,1.420131396,172.85449675,229.9967905,283.0431991,1.261866739,10.25173907,171.1040771,163.0019202,0.008964159999999997,0.004457845999999998,1.6221396831128856,281.3129363923954,156.0884406801431,1.57200379476968,942.9477663960473,944.0670153301215,278.0030477949684,944.2997408066192,1.5212911879403466,232.87367611126305,1.5211891840793874,278.2510053037357,126.09198234420519,257.82368025191033,126.12405785359546,1.4206552005142887,1.4199620881104353,257.90169975061684,233.56865452552032,272.62407389984423,1.4198123248093992,8.380695030717687,255.8818684494877,50.50274104121422,172.18365589340755,50.47612926889312,1.2619285358114398,1.4199531389682793,172.14875302636344,229.29254329801284,280.2356393006989,1.2617127485774198,10.102903531001752,170.43619374116705,140.44343354371316,0.009798033281996297,0.003264710773400417
1.622141233,281.4075521,155.9852135,1.57201732,944.5493328,946.3286582,278.1342732,946.3286582,1.521316193,236.4041313,1.521205876,278.1342732,127.9718287,259.8402171,127.9718287,1.420835374,1.420131396,259.8402171,234.3099754,271.4656859,1.419980659,8.5356593885,257.9750753,50.064706305,172.85449684999998,50.064706305,1.262140813,1.420131396,172.85449684999998,229.9967907,283.04319925000004,1.261866739,10.25173908,171.1040772,163.00192055000002,0.008964159999999997,0.004457845999999998,1.6221396831017707,281.31293569004526,156.0884406801431,1.572003794786349,942.9477663960473,944.0670178347912,278.00304709861894,944.2997441461788,1.5212911879154327,232.87368053163578,1.5211891840793874,278.251004955561,126.09198292948007,257.8236806706743,126.12405785359546,1.420655200599125,1.4199620882413448,257.90169975061684,233.56865519473504,272.62407052138957,1.4198123249640815,8.380695119424184,255.8818684494877,50.502750301053716,172.1836649754691,50.476138528732534,1.261928536596278,1.4199531390730071,172.14876109930702,229.29254329801284,280.2356344771333,1.261712749216858,10.102904102110708,170.43620268935302,140.44342463087816,0.009798029630323696,0.0032647138241082064
1.622141233,281.4075521,155.9852135,1.57201732,944.5493328,946.3286582,278.1342732,946.3286582,1.521316193,236.4041313,1.521205876,278.1342732,127.9718287,259.8402172,127.9718287,1.420835374,1.420131396,259.8402172,234.3099754,271.4656859,1.419980659,8.5356593965,257.9750754,50.06470659,172.85449695,50.06470659,1.262140813,1.420131396,172.85449695,229.9967909,283.0431994,1.261866739,10.2517391,171.1040773,163.0019209,0.008964159999999997,0.004457845999999998,1.6221396830850985,281.3129346365201,156.08843624470805,1.5720037947641237,942.9477678844554,944.0670178347912,278.00304570592,944.299742476399,1.5212911879403466,232.87367611126305,1.5211891841288465,278.2510028665126,126.09198468530468,257.82367941438235,126.1240590241452,1.420655200599125,1.4199620882937087,257.9016972380329,233.56865653316453,272.6240682690865,1.4198123249125207,8.380695075070935,255.88186549995754,50.50275956089321,172.18367203929472,50.47614778857196,1.2619285371195035,1.4199531391253708,172.1487691722506,229.29254329801284,280.23562000643676,1.2617127497284084,10.102904673219664,170.436211637539,140.44341868898815,0.009798025293964254,0.0032647172137868683
1.622141233,281.4075521,155.9852135,1.57201732,944.5493328,946.3286582,278.1342732,946.3286582,1.521316193,236.4041313,1.521205876,278.1342732,127.9718288,259.8402174,127.9718288,1.420835374,1.420131396,259.8402174,234.3099754,271.4656859,1.419980659,8.5356594045,257.9750755,50.06470687,172.854497,50.06470687,1.262140813,1.420131396,172.854497,229.996791,283.04319955,1.261866739,10.25173911,171.1040774,163.0019212,0.008964161000000002,0.004457845999999998,1.6221396830461965,281.31293498769514,156.0884377231864,1.5720037947585672,942.9477693728636,944.0670186696811,278.0030474467937,944.2997474857385,1.5212911883389666,232.87368937238128,1.5211891843514131,278.2510025183378,126.09198644112931,257.8236785768544,126.12406136524466,1.4206552006274038,1.4199620883460726,257.9016980755609,233.56865653316453,272.62406883216227,1.4198123250672032,8.38069520813068,255.88186676404192,50.5027688207327,172.18368112135627,50.47615704841137,1.2619285377735354,1.4199531392300986,172.1487772451942,229.29254329801284,280.23562000643676,1.2617127503678465,10.10290524432862,170.4362195914821,140.44340680520816,0.009798021414065333,0.003264721281405909
1.622141233,281.4075521,155.9852135,1.57201732,944.5493328,946.3286582,278.1342732,946.3286582,1.521316193,236.4041313,1.521205876,278.1342732,127.9718288,259.8402175,127.9718288,1.420835374,1.420131396,259.8402175,234.3099754,271.4656859,1.419980659,8.5356594125,257.9750756,50.064707145,172.8544971,50.064707145,1.262140813,1.420131396,172.8544971,229.9967912,283.0431997,1.261866739,10.251739125,171.10407744999998,163.0019215,0.008964161000000002,0.004457845999999998,1.6221396830461965,281.3129363923954,156.0884377231864,1.5720037947141166,942.9477708612718,944.0670228441305,278.0030474467937,944.2997491555183,1.5212911881147428,232.87369821312674,1.5211891841783058,278.25100321468733,126.09198702640417,257.82367899561837,126.12406195051953,1.420655200599125,1.4199620883722546,257.901696400505,233.56865854080874,272.62406545370766,1.4198123250672032,8.38069520813068,255.881865921319,50.50277746324956,172.1836881851819,50.47616507360554,1.2619285384275674,1.4199531392824625,172.1487838044609,229.292558163953,280.2356248300023,1.2617127510072845,10.102905815437577,170.4362265511823,140.44340086331815,0.00979801821885561,0.0032647239931547535
1.622141233,281.4075521,155.9852135,1.57201732,944.5493328,946.3286582,278.1342732,946.3286582,1.521316193,236.4041313,1.521205876,278.1342732,127.9718288,259.8402176,127.9718288,1.420835374,1.420131396,259.8402176,234.3099754,271.4656859,1.419980659,8.5356594205,257.97507575,50.064707415,172.8544972,50.064707415,1.262140813,1.420131396,172.8544972,229.99679135000002,283.0431998,1.261866739,10.25173914,171.10407755,163.0019218,0.008964161000000002,0.004457845999999998,1.6221396830517538,281.3129353388702,156.08843328775134,1.57200379470856,942.9477708612718,944.0670245139103,278.00304709861894,944.2997474857385,1.521291188089829,232.87369821312674,1.5211891840546576,278.2510025183378,126.09198819695392,257.8236781580904,126.12406370634413,1.4206552006839614,1.4199620883722546,257.901696400505,233.56865854080874,272.62406545370766,1.4198123250156425,8.380695119424184,255.8818650785961,50.502785488443784,172.18369524900754,50.476173098799705,1.2619285389507928,1.4199531394133722,172.1487913728455,229.292558163953,280.23562000643676,1.2617127516467226,10.102906386546533,170.43623500224683,140.44339195048315,0.009798014567188621,0.003264727043874893
1.622141233,281.4075521,155.9852135,1.57201732,944.5493328,946.3286582,278.1342732,946.3286582,1.521316193,236.4041313,1.521205876,278.1342732,127.9718289,259.8402177,127.9718289,1.420835374,1.420131396,259.8402177,234.3099754,271.4656858,1.419980659,8.5356594285,257.9750759,50.064707675,172.8544973,50.064707675,1.262140813,1.420131396,172.8544973,229.9967915,283.0432,1.261866739,10.25173915,171.10407765000002,163.0019221,0.008964161000000002,0.004457845999999998,1.6221396830517538,281.31293569004526,156.0884347662297,1.5720037947418983,942.9477738380881,944.0670278534699,278.00304570592,944.299752495078,1.5212911883389666,232.87370263349948,1.5211891843266836,278.2510014738137,126.09199053805341,257.82367732056247,126.12406487689387,1.4206552006839614,1.4199620884246185,257.90169388792106,233.56866054845295,272.62406320140457,1.419812325118764,8.38069525248393,255.88186465723464,50.502794130960645,172.18370332195113,50.47618112399387,1.261928539735631,1.4199531393348264,172.14879843667114,229.29255320863962,280.23561035930567,1.2617127522861606,10.102906843433697,170.4362414648256,140.44338897953813,0.009798010915523004,0.003264730433567281
1.622141233,281.4075521,155.9852135,1.57201732,944.5493328,946.3286582,278.1342732,946.3286582,1.521316193,236.4041313,1.521205876,278.1342732,127.9718289,259.84021785000004,127.9718289,1.420835374,1.420131396,259.84021785000004,234.3099753,271.4656858,1.419980659,8.535659436,257.975076,50.064707935,172.8544974,50.064707935,1.262140813,1.420131396,172.8544974,229.9967916,283.0432001,1.261866739,10.25173917,171.1040777,163.00192245,0.008964161000000002,0.004457845999999998,1.622139683040639,281.3129346365201,156.088431809273,1.5720037946641094,942.9477738380881,944.0670286883598,278.00304466139585,944.2997541648577,1.5212911881396565,232.87369821312674,1.5211891842030354,278.2510004292895,126.09199053805341,257.8236752267425,126.12406546216873,1.4206552005142887,1.4199620882413448,257.9016897002812,233.56866188688244,272.6240643275561,1.4198123250156425,8.38069525248393,255.88186170770447,50.502801538832244,172.18370937665884,50.47618914918803,1.2619285402588567,1.4199531392039166,172.14880348226086,229.2925631192664,280.23561035930567,1.261712752541936,10.102907414542653,170.43624743028292,140.44338006670313,0.009798007948545689,0.0032647331453237276
1.622143232,281.0838179,154.72883965,1.5720150314999999,943.2272184999999,944.8663670000001,277.82023675,944.8663670000001,1.5213134025000001,233.85894885,1.5212034525,277.82023675,127.8722711,259.10531705,127.8722711,1.4207949445,1.420094634,259.10531705,234.4980461,272.0335412,1.419944589,8.500130282499999,257.22615685,50.042447985,172.4748998,50.042447985,1.262102687,1.420094634,172.4748998,230.34950225,283.29082455,1.261829635,10.214346585000001,170.73167565,163.00054715,0.0090200265,0.0044270785000000016,1.6221426044519232,281.0014005623384,154.98244720984368,1.5720018959944144,941.7671126606386,942.7375809200262,277.69819244218064,942.9679461259258,1.5212862574330934,230.4598033882957,1.521184993298127,277.94676047533784,125.98699807866517,257.0779403277493,126.01761098706376,1.4206138766418097,1.4199245840215264,257.16524131135094,233.77102104721158,273.17275238765745,1.4197758784688523,8.34579270546004,255.12442741499243,50.45152733827038,171.78170150936197,50.426116258861235,1.2618890411795496,1.41991586216474,171.75834496988472,229.664642735896,280.49244592953005,1.2616731122408447,10.06481319075508,170.05432990446948,140.44026354539588,0.009874449431458774,0.0032404512960697717
1.6221432185,281.084027,154.73183405,1.5720149905,943.22786465,944.86711225,277.8204447,944.86711225,1.5213149435,233.8603124,1.5212049935,277.8204447,127.81202640000001,259.0347428,127.81202640000001,1.420791546,1.4200916305,259.0347428,234.4725631,272.06093875,1.4199416564999998,8.496686277,257.15322335,49.984485095,172.41048295,49.984485095,1.262093526,1.4200916305,172.41048295,230.36766415,283.21350105,1.261820702,10.20602861,170.6709149,162.9845403,0.009052566999999997,0.004350250499999998,1.6221421074290425,281.00380049274565,154.98151872544088,1.5720011992843397,941.7860481894047,942.7650371089162,277.69391441926706,942.9971455657126,1.52128702716853,230.51778541746577,1.5211855544380597,277.9390397006892,125.97386451052495,257.10889871140427,126.00621041791918,1.4206156504715863,1.4199260713517459,257.1842171824274,233.74215714631714,273.12097081349134,1.4197772315143316,8.347203094409405,255.15762690528555,50.43483740356866,171.76907088455943,50.40703450776774,1.261887621668715,1.419916979230048,171.74140642056,229.66984085964373,280.4915198049482,1.2616720939996495,10.063763264050847,170.04384263050088,140.39637971676925,0.009884959442895979,0.0032192683891707637
1.622143211,281.08408625,154.7331211,1.572014988,943.2281453999999,944.8674358000001,277.82050375,944.8674358000001,1.521315039,233.86086265,1.521205089,277.82050375,127.77471895,259.04369899999995,127.77471895,1.4207913165,1.4200914205,259.04369899999995,234.43227675,272.00866495,1.4199414485,8.4964507235,257.16268665,49.933008375,172.36112095,49.933008375,1.2620883625000001,1.4200914205,172.36112095,230.37275334999998,283.19911855,1.261815693,10.20086156,170.6227715,162.9640974,0.009070873999999996,0.0043107675,1.622141928707764,281.0098909219311,154.9817730237168,1.5720008438783009,941.8091557262771,942.8061871617657,277.69369506918684,943.0397884028646,1.5212874902654452,230.60594533130035,1.521185989085958,277.9381999032392,125.96531481518662,257.1635796558707,125.99852283253419,1.4206185811585497,1.4199287232805746,257.2335965748828,233.7077488013127,273.0304394908316,1.4197796701336687,8.349730032036758,255.21482840806198,50.42225204705275,171.7754959385376,50.393045668355434,1.2618891900372098,1.419919461159579,171.74557155489248,229.67363662970163,280.5045820204042,1.2616735905405267,10.065222561654554,170.05008051037186,140.35315543793308,0.009892078938346704,0.003206103900649718
1.622143208,281.0841069,154.73358965,1.572014988,943.2282478,944.8675538,277.82052435,944.8675538,1.521315044,233.8610606,1.5212050945,277.82052435,127.74048925,259.058671,127.74048925,1.420791292,1.4200913910000001,259.058671,234.39312035,271.95359874999997,1.419941417,8.496418063,257.17838765,49.889663580000004,172.3281193,49.889663580000004,1.2620855915,1.4200913910000001,172.3281193,230.3670357,283.2100425,1.261813021,10.19811655,170.58953630000002,162.9461915,0.009081195000000002,0.0042904890000000015,1.6221418700324552,281.01711389070726,154.97817145045997,1.572000675126553,941.8300976292592,942.8438598982275,277.696325181101,943.0784371266769,1.5212881841883192,230.69133367142982,1.5211867258062322,277.9407847524384,125.95658953738652,257.2116989875045,125.99023416986026,1.420621177872955,1.4199311106671417,257.27946505011386,233.67635995320921,272.94531482173693,1.4197818893360445,8.352028328668043,255.2647032778826,50.411890286660366,171.7890090369861,50.38192367522767,1.2618916719574615,1.4199218518319787,171.7582198392591,229.6722590525788,280.51506362830145,1.261675910677648,10.067412421834444,170.06298379455504,140.31496096898553,0.009894778564363509,0.003198120021029994
1.622143207,281.08411435000005,154.7337602,1.572014988,943.2282850500001,944.8675967500001,277.8205318,944.8675967500001,1.521315044,233.86113245,1.521205094,277.8205318,127.70793945,259.07325395,127.70793945,1.4207912805,1.420091374,259.07325395,234.35574765,271.9007734,1.419941397,8.4963984535,257.19367815,49.853082665,172.3039604,49.853082665,1.2620839505,1.420091374,172.3039604,230.35755835,283.2305071,1.2618114505,10.196510125,170.56462879999998,162.93156395,0.009085714500000001,0.004280711499999998,1.622141859201031,281.0244794365606,154.96975743017893,1.572000577540469,941.8466933803786,942.874335883846,277.7003431174909,943.1093931748389,1.5212889976972268,230.76656399501337,1.521187612511685,277.94482636470997,125.94608502397384,257.24977133368424,125.9800246350711,1.4206232924763396,1.4199330851515175,257.3165265000412,233.64774299255336,272.87174784594305,1.419783729450569,8.353916490810358,255.30406475807368,50.40205911507092,171.8030342627935,50.371506047218475,1.2618942629702343,1.4199238761536659,171.77195292542038,229.67133736428795,280.525347470012,1.2616783075473388,10.06964762806542,170.07675455565686,140.27902441823963,0.009894659059594151,0.0031929856204265133
1.622143207,281.08411705000003,154.73382220000002,1.572014988,943.2282986,944.86761235,277.82053444999997,944.86761235,1.521315044,233.86115855,1.521205094,277.82053444999997,127.67690630000001,259.0871689,127.67690630000001,1.4207912695,1.4200913575,259.0871689,234.32011204999998,271.8503861,1.419941379,8.4963800625,257.20826865,49.822126915,172.2852717,49.822126915,1.2620829015,1.4200913575,172.2852717,230.34736425,283.25291225,1.261810454,10.195493469999999,170.54504294999998,162.91976,0.009086942999999998,0.004276442000000002,1.6221418649974269,281.0313213803892,154.9570173822503,1.5720004975846673,941.8579859331807,942.8967192817704,277.7046900790011,943.1319151651086,1.5212898402306612,230.82866581157282,1.5211885231801452,277.94901873663986,125.93457910525422,257.2801677360755,125.96877740794181,1.42062504183082,1.4199347409363008,257.34634710195735,233.621716562151,272.80901557415854,1.4197852659751358,8.355460116918247,255.33538918989817,50.39267550239029,171.8155104925499,50.361568387552566,1.2618966671914966,1.4199255801524808,171.7843151248486,229.67162477246467,280.53694814511226,1.2616804927630256,10.071682717718305,170.08927455920724,140.24455848526978,0.009894992339754582,0.003188731404639047
1.622143207,281.08411805000003,154.73384475,1.572014988,943.22830355,944.86761805,277.82053544999997,944.86761805,1.521315044,233.8611681,1.521205094,277.82053544999997,127.64731119999999,259.10043735,127.64731119999999,1.4207912595,1.420091342,259.10043735,234.28612894999998,271.8023299,1.419941361,8.496362413,257.2221817,49.795909105,172.27042925,49.795909105,1.2620822034999999,1.420091342,172.27042925,230.33750700000002,283.27473875,1.2618097975,10.194824064999999,170.52929285,162.91030410000002,0.009086666,0.004274959999999998,1.6221418660088784,281.03791574579566,154.94255490704577,1.5720004144228548,941.8661349679231,942.9146310094492,277.7090366923366,943.1498260583935,1.5212907235728297,230.88342538901878,1.5211894733170876,277.95322399103475,125.92278406074755,257.3074384841057,125.9572006710621,1.4206266454363954,1.4199362745954527,257.3732359372361,233.5969676626848,272.75074961939936,1.4197866803650703,8.3568559580021,255.36339455755237,50.38383667693314,171.8274478533218,50.352076434824085,1.2618990121574687,1.4199271247294993,171.79612987778978,229.67198651034226,280.5518047269455,1.2616826071289735,10.073676801748167,170.1015027524704,140.211557228186,0.009896133782590449,0.003185095256527792
1.622143207,281.0841184,154.733853,1.572014988,943.22830535,944.86762015,277.8205358,944.86762015,1.521315044,233.8611716,1.521205094,277.8205358,127.61908414999999,259.1130932,127.61908414999999,1.4207912495000001,1.4200913270000002,259.1130932,234.2537168,271.75648945,1.4199413440000002,8.496345561,257.23545265,49.773711195000004,172.2585442,49.773711195000004,1.2620817415,1.4200913270000002,172.2585442,230.32832645000002,283.2951108,1.261809368,10.194385605,170.51654025,162.9028332,0.009085816,0.004274848499999998,1.622141867631647,281.0440311084108,154.9282328872843,1.5720003465132086,941.8721749282856,942.9285836892743,277.7134626895106,943.163854713587,1.521291595130791,230.93054214200527,1.5211903931107795,277.9571959683602,125.91030717101435,257.33040015076205,125.94486892960327,1.4206280114718222,1.4199375997940455,257.3958433295637,233.57357793835286,272.69910881417627,1.4197878974705147,8.358034734287747,255.38701565928156,50.37429286902929,171.83649913676095,50.34196932009679,1.2619009962286387,1.419928454745568,171.80510194546997,229.67284377955897,280.56608248091504,1.2616843649442493,10.07531063024875,170.11105344963974,140.1791174797076,0.00989676356872063,0.003181940773899547
1.622143207,281.0841185,154.733856,1.572014988,943.228306,944.8676209,277.8205359,944.8676209,1.521315043,233.8611728,1.521205093,277.8205359,127.59215895,259.12516745,127.59215895,1.4207912395,1.420091313,259.12516745,234.22279905,271.7127565,1.4199413280000002,8.496329514500001,257.24811394999995,49.754936685000004,172.24906235,49.754936685000004,1.2620814545,1.420091313,172.24906235,230.3198787,283.3137788,1.2618091059999998,10.194116595,170.50624729999998,162.89706805,0.009084886499999997,0.004275390499999999,1.6221418663867835,281.05001407802575,154.9142716162399,1.5720002943113491,941.8766699209655,942.9395574819755,277.7180592923026,943.1751106993825,1.521292457694886,230.97186378633566,1.5211912914638859,277.961198585062,125.89680253860493,257.3488952807873,125.93149305778078,1.4206291416055485,1.4199387220564674,257.4140980890633,233.55128438776288,272.6534664551548,1.4197889177426264,8.359001502045517,255.406313171135,50.364119392039925,171.8429912970827,50.33130723232689,1.2619026356249978,1.4199295709337811,171.81150126694047,229.6741073844738,280.5789999894051,1.2616857910190502,10.076618698200976,170.1180370116757,140.147762126155,0.00989716619641074,0.0031787856199046796
1.622143207,281.0841186,154.73385704999998,1.572014988,943.2283063,944.8676212,277.820536,944.8676212,1.521315043,233.8611733,1.521205093,277.820536,127.56647255,259.13668835,127.56647255,1.4207912315,1.4200912995000001,259.13668835,234.1933033,271.67102915,1.4199413129999998,8.496314249000001,257.26019525000004,49.739083065,172.2415927,49.739083065,1.2620813045000001,1.4200912995000001,172.2415927,230.3121151,283.33074025,1.2618089755000002,10.19398044,170.49802595,162.89278255,0.009084087999999999,0.004276227999999999,1.6221418617574472,281.0559886194391,154.9004360158551,1.572000262317916,941.8797152040858,942.9476692721371,277.7231221010587,943.1833861281915,1.5212933209814803,231.0073682201463,1.5211921924630625,277.9657732528459,125.88281037222669,257.36508595262006,125.9176700359595,1.4206301439474045,1.4199397198368837,257.43007184115345,233.52977114155823,272.6126564124107,1.4197898327920464,8.359843104935992,255.42322619852234,50.35360237500538,171.84735472309205,50.32034666906635,1.2619040240039139,1.4199305687141974,171.8158551063293,229.67633232018662,280.59117466880343,1.2616869691197647,10.077681189302234,170.12284517027564,140.11879541238412,0.009897154784750523,0.003175829288578041
1.622143207,281.0841186,154.7338575,1.572014988,943.2283063,944.8676213,277.820536,944.8676213,1.521315043,233.8611734,1.521205093,277.820536,127.54196545,259.14768265,127.54196545,1.4207912225000001,1.420091287,259.14768265,234.16516105,271.6312113,1.4199412985,8.49629973,257.2717245,49.72572375,172.23582795,49.72572375,1.262081268,1.420091287,172.23582795,230.3049605,283.3460936,1.2618089515,10.19395282,170.49156614999998,162.88978674999998,0.009083497999999999,0.004277185,1.6221418632468376,281.06147608103464,154.88689758961831,1.572000243015174,941.8811827745435,942.9525817642441,277.7281835171159,943.1882134616634,1.521294135885558,231.03546852962515,1.5211930468468948,277.97044332050604,125.86954102031603,257.3811891027806,125.90455870837714,1.420631106274767,1.4199406674919874,257.4459396459561,233.50923561808682,272.57559926968844,1.4197907184647038,8.3606272260164,255.4399357083276,50.34290324779415,171.84974431439414,50.30923640506852,1.2619052176121301,1.4199315196551339,171.81838446046726,229.68023710713913,280.604569710281,1.2616879514245398,10.078566636627215,170.12561015974347,140.09375925885107,0.00989811202671414,0.00317260640717827
1.622143207,281.0841186,154.7338576,1.572014988,943.2283064,944.8676213,277.820536,944.8676213,1.521315043,233.8611735,1.521205093,277.820536,127.51858095,259.1581754,127.51858095,1.4207912145,1.4200912749999999,259.1581754,234.13830739999997,271.59321179999995,1.4199412845000001,8.4962859195,257.28272795,49.714495075,172.2315051,49.714495075,1.2620813174999999,1.4200912749999999,172.2315051,230.2983472,283.3599802,1.2618090149999999,10.1940115,170.4866007,162.88791725,0.009083129000000004,0.004278176500000001,1.6221418745061835,281.06633142750974,154.8733857759918,1.572000230657863,941.8807474151531,942.9545721417394,277.7329127744802,943.1899249859832,1.521294887857486,231.05675262434605,1.5211938323834497,277.9748174396452,125.85708988267723,257.3973387357431,125.89220589702309,1.4206320508430466,1.4199415871193306,257.4619443865809,233.48963097231692,272.5410219126671,1.419791596648156,8.361381319947563,255.45661319466237,50.33257821809842,171.8509330553375,50.29854345116722,1.2619062720423584,1.4199324346482747,171.81972658733878,229.6850635823825,280.61918993740323,1.2616887714399307,10.079320614670582,170.12714328227472,140.07236845483564,0.00989968526775898,0.0031696972892614546
1.622143207,281.0841186,154.7338577,1.572014988,943.2283064,944.8676213,277.820536,944.8676213,1.521315042,233.8611735,1.521205092,277.820536,127.49626549999999,259.1681904,127.49626549999999,1.4207912075,1.4200912635,259.1681904,234.11268080000002,271.55694425,1.4199412715,8.496272781,257.29323065,49.705086165,172.2283887,49.705086165,1.2620814435,1.4200912635,172.2283887,230.29222629999998,283.37255815000003,1.261809148,10.194141694999999,170.4828896,162.88703175,0.009082967999999997,0.0042791615000000015,1.6221418994868158,281.07077695268174,154.85881685034616,1.5720002393146484,941.8782253075054,942.9534592335174,277.73752713418344,943.1884305330406,1.521295611602127,231.07340858881298,1.521194584881225,277.97916544567966,125.84517427154681,257.4126026828839,125.88032306138767,1.4206329610525914,1.419942468102139,257.4770454345327,233.4708220228713,272.5086078927627,1.419792451461678,8.36209846762272,255.47248545925925,50.323511909251074,171.8529003307781,50.28910520550738,1.261907395145936,1.4199332999611955,171.8217584463281,229.69052929305334,280.63483276041785,1.2616896693388795,10.080128962286537,170.1295418932388,140.05731170556479,0.009900168727014678,0.003167617222502192
1.622143207,281.0841186,154.7338577,1.572014988,943.2283064,944.8676213,277.820536,944.8676213,1.521315042,233.8611735,1.521205092,277.820536,127.47496825,259.17775029999996,127.47496825,1.4207912005,1.4200912525,259.17775029999996,234.088223,271.52232664999997,1.4199412595,8.4962602785,257.30325615000004,49.697230845,172.2262655,49.697230845,1.2620816265,1.4200912525,172.2262655,230.2865664,283.38398735,1.2618093355,10.194327135,170.4802154,162.8870058,0.009082991499999997,0.004280121499999999,1.6221419274906879,281.07475717089005,154.84478904777606,1.5720002584118054,941.8739096680102,942.9497665155383,277.7418448490163,943.1842535788102,1.5212963147929184,231.08526844886202,1.5211953122042412,277.9833212592628,125.83335406022063,257.42612247804,125.86845134597472,1.4206337577227781,1.4199432232414815,257.49071389090244,233.4527793243015,272.4790576762359,1.419793207768302,8.362733118255647,255.48659643297995,50.314471836615624,171.8534553456498,50.27974011257897,1.261908278350613,1.4199340473114126,171.82232809341002,229.6964112500491,280.6492600449189,1.2616903392142098,10.08070738143691,170.13072653363827,140.0450001094759,0.009900846739697716,0.0031653299861623186
1.622143207,281.0841186,154.7338577,1.572014988,943.2283064,944.8676213,277.820536,944.8676213,1.521315042,233.8611735,1.521205092,277.820536,127.4546408,259.18687650000004,127.4546408,1.4207911935,1.4200912424999999,259.18687650000004,234.06487844999998,271.48928115,1.4199412475,8.4962483795,257.31282695,49.690700965,172.224946,49.690700965,1.2620818530000002,1.4200912424999999,172.224946,230.28134705,283.39441884999997,1.2618095645,10.194554095,170.47838485,162.88772999999998,0.009083174000000003,0.0042810495,1.6221419474640786,281.0786137754749,154.8311471280549,1.5720002897384775,941.8673971380531,942.941659734716,277.7466026567085,943.1758019882296,1.5212970286966256,231.08944128072423,1.5211960410110352,277.9878548424286,125.82052073809004,257.43633278144705,125.85556476394149,1.420634334666735,1.4199437640686026,257.5013638964905,233.43534761878811,272.4560109848784,1.4197937729390608,8.363178158751195,255.49724213010597,50.30458356268264,171.8513599122297,50.26960892226918,1.2619088015761326,1.419934593126192,171.8201357846669,229.70358654384,280.6634992103642,1.261690692439804,10.08096392357983,170.12923815203692,140.0338650076079,0.009901285743081278,0.0031636668025528075
1.622143207,281.0841186,154.7338577,1.572014988,943.2283064,944.8676213,277.820536,944.8676213,1.521315042,233.8611735,1.521205092,277.820536,127.4352374,259.19558930000005,127.4352374,1.420791187,1.4200912325,259.19558930000005,234.0425947,271.4577339,1.419941236,8.4962370515,257.32196435000003,49.68530082,172.22426760000002,49.68530082,1.2620821105,1.4200912325,172.22426760000002,230.2765503,283.40398715000003,1.2618098225,10.194810965,170.4772318,162.8891082,0.0090834915,0.004281942500000001,1.622141962652525,281.08255220385024,154.8186998188393,1.5720003365895767,941.8594252238831,942.9302968833266,277.7520972021304,943.1640909874322,1.5212977461629997,231.08754494082075,1.5211967568595053,277.99299041970335,125.80750422492434,257.44566116790816,125.84253596011544,1.420634814868937,1.4199442103527598,257.5110432071685,233.4184445929183,272.437982424803,1.4197942465765192,8.363518969112745,255.50659214076205,50.29462800058267,171.84779217572273,50.259505820138955,1.2619091500443287,1.4199350285972105,171.81645956798047,229.7118520065771,280.67995721595344,1.2616908799230482,10.08109436486532,170.1261072811868,140.0241856687909,0.009902379127154592,0.0031628279855302403
1.622143207,281.0841186,154.7338577,1.572014988,943.2283064,944.8676213,277.820536,944.8676213,1.521315042,233.8611735,1.521205092,277.820536,127.4167144,259.20390810000004,127.4167144,1.420791181,1.4200912225,259.20390810000004,234.0213218,271.42761459999997,1.4199412255000001,8.496226265,257.33068864999996,49.68086254,172.22410724999997,49.68086254,1.2620823895000002,1.4200912225,172.22410724999997,230.2721537,283.41280515,1.261810101,10.1950885,170.47662050000002,162.89105560000002,0.009083920999999998,0.004282800999999999,1.622141948458858,281.08569662539935,154.80609579091873,1.57200037796212,941.8486178921452,942.9146159814312,277.75733305372756,943.1477588709711,1.521298508748188,231.0763967607821,1.5211975002320488,277.9977057500784,125.79432207896971,257.4511779646059,125.82929353096274,1.4206350543337654,1.4199444447857972,257.51648965151725,233.40330026338174,272.42710380088346,1.4197945082088805,8.363614461656788,255.5117879488468,50.28502894230317,171.8417859056932,50.249924972952044,1.261909218325259,1.4199352153660372,171.81067530389961,229.72227798595287,280.7007323126923,1.2616908113752863,10.081029715331532,170.1207716767355,140.0141735841337,0.009903591320432148,0.0031628792146477162
1.622143207,281.0841186,154.7338577,1.572014988,943.2283064,944.8676213,277.820536,944.8676213,1.521315041,233.8611735,1.521205092,277.820536,127.39903065,259.21185125,127.39903065,1.420791175,1.420091214,259.21185125,234.00101225,271.39885655,1.4199412155,8.496215993,257.3390191,49.677242135,172.22433325,49.677242135,1.262082683,1.420091214,172.22433325,230.26812675,283.42096265,1.2618103930000002,10.19537996,170.4764557,162.89349729999998,0.009084440999999997,0.0042836245,1.6221419285021395,281.0878682920131,154.7935228110435,1.5720004264912357,941.835560831455,942.8955721430629,277.7618816084067,943.1279210517689,1.5212992169964723,231.0572609672106,1.5211981978053257,278.0018514665944,125.78136526384101,257.4541901339278,125.81623604866819,1.4206351454480397,1.4199445415934986,257.5195336469018,233.38959073024495,272.4212342990337,1.4197946513416462,8.363568334278337,255.51446780769191,50.27521875968324,171.83322000798728,50.24028486279285,1.261908973586522,1.4199352520338357,171.80254736338333,229.73406172119792,280.72102022931256,1.2616904248989123,10.080706010775417,170.1128540235075,140.0057331293826,0.0099068579452212,0.0031614160633659334
1.622143207,281.0841186,154.7338577,1.572014988,943.2283064,944.8676213,277.820536,944.8676213,1.521315041,233.8611735,1.521205091,277.820536,127.38214669999999,259.2194362,127.38214669999999,1.4207911695,1.4200912055,259.2194362,233.98162109999998,271.3713963,1.4199412055,8.496206208,257.34697395,49.674316135,172.22489855,49.674316135,1.2620829875,1.4200912055,172.22489855,230.26443045000002,283.42852775,1.261810694,10.195680805,170.4766267,162.89636695000002,0.009085033999999997,0.004284414500000002,1.6221419121410758,281.0892824740076,154.783630312414,1.5720004617962504,941.8236811016291,942.8793953165734,277.76500229851615,943.1106914286523,1.5212998059576879,231.0393451965141,1.5211987825125917,278.0049251531152,125.76961938242364,257.45833673487675,125.80436960072906,1.4206352704685885,1.4199446596478391,257.52409859306863,233.37651427425098,272.4124322985621,1.4197948260038376,8.36356558437693,255.5187817062542,50.266087940620764,171.8247408944249,50.231270409117144,1.2619087079187645,1.4199353171483058,171.7944633194978,229.74424984553087,280.74146250002985,1.2616899911041202,10.080395441725287,170.10488814949952,140.00048941145383,0.009909953211059069,0.0031599404653396496
1.622143207,281.0841186,154.7338577,1.572014988,943.2283064,944.8676213,277.820536,944.8676213,1.521315041,233.8611735,1.521205091,277.820536,127.36602529999999,259.22667965,127.36602529999999,1.4207911645,1.4200911975000001,259.22667965,233.96310540000002,271.34517355,1.419941196,8.496196886,257.35457075,49.67197874,172.2257391,49.67197874,1.2620832985,1.4200911975000001,172.2257391,230.2610209,283.43555165,1.2618110015,10.195988265,170.47710855,162.89960565,0.009085681499999996,0.0042851719999999986,1.6221418692266285,281.0907328270339,154.77877351103936,1.5720004305807054,941.8197569134833,942.8774091135275,277.7658967593988,943.1086709950649,1.521300264769437,231.03986238012413,1.521199236103383,278.00611834791664,125.76188965718175,257.46894779541446,125.79665392215043,1.4206358078222334,1.4199451730101114,257.5349680309832,233.36459957504334,272.3921717061256,1.4197953405805668,8.363951856818202,255.5303628258073,50.26020917718814,171.82175743721015,50.22525645207495,1.2619090087734384,1.4199357649248332,171.79174172839066,229.74854610224133,280.7613934728009,1.2616901321641603,10.080654725191192,170.10179008866464,139.9926966227132,0.009913867702712457,0.003157929261967931
1.622143207,281.0841186,154.7338577,1.572014988,943.2283064,944.8676213,277.820536,944.8676213,1.521315041,233.8611735,1.521205091,277.820536,127.35063099999999,259.2335973,127.35063099999999,1.4207911595,1.4200911895,259.2335973,233.9454245,271.320131,1.4199411875,8.496188003,257.3618259,49.670139320000004,172.22681490000002,49.670139320000004,1.2620836149999999,1.4200911895,172.22681490000002,230.25785335,283.44207405,1.2618113145,10.19630065,170.477848,162.9031609,0.009086369999999996,0.004285895999999999,1.6221418320919045,281.0916469357331,154.77547798280065,1.5720004066328592,941.8179953824115,942.8771486278821,277.7665722183759,943.1081992822645,1.5213006940832976,231.0416703125729,1.5211996595982202,278.006843944055,125.75444027860384,257.4800416908233,125.78913548120217,1.4206363306405783,1.4199456813454523,257.54642122588854,233.35248812670253,272.3712286658532,1.419795847242714,8.364372369967324,255.54227134320985,50.255250841801086,171.82005202787715,50.22018699865363,1.2619094085177351,1.4199362155813733,171.79023915176535,229.75141522869504,280.77927443022156,1.2616903834633246,10.0810146380551,170.1001560504804,139.98605656063341,0.009913153930708074,0.003159352091937476
1.622143207,281.0841186,154.7338577,1.572014988,943.2283064,944.8676213,277.820536,944.8676213,1.521315041,233.8611735,1.521205091,277.820536,127.33592995000001,259.2402043,127.33592995000001,1.420791155,1.4200911825,259.2402043,233.92853965,271.29621399999996,1.4199411785,8.496179537,257.3687553,49.668720335,172.2280935,49.668720335,1.262083936,1.4200911825,172.2280935,230.2548878,283.44812890000003,1.261811631,10.196616745,170.47881065,162.9069859,0.009087085999999998,0.004286588499999999,1.6221417992419567,281.0923682493205,154.77303405809067,1.5720003869745114,941.817212479713,942.8775435307996,277.76722086789886,943.1083412135497,1.5213011019464138,231.04391586192247,1.521200064298542,278.0074623023763,125.74715770336459,257.490839520097,125.78175633567237,1.420636817771085,1.4199461609592117,257.5576055743175,233.3405801196423,272.3507704338206,1.4197963218856078,8.36478263751604,255.55378757309907,50.25061999607077,171.81882998604152,50.21544812149961,1.261909828798634,1.4199366438392689,171.78918310983224,229.7536698962882,280.7959832612184,1.2616906742797624,10.081402078370674,170.0990559207263,139.98010278684913,0.009910654517391685,0.0031620607974143693
1.622143207,281.0841186,154.7338577,1.572014988,943.2283064,944.8676213,277.820536,944.8676213,1.521315041,233.8611735,1.521205091,277.820536,127.32189015,259.24651485000004,127.32189015,1.4207911505,1.4200911755,259.24651485000004,233.912414,271.27337075,1.4199411705,8.496171468,257.3753739,49.66765542,172.22954475,49.667655425,1.26208426,1.4200911755,172.22954475,230.25209215,283.4537492,1.261811949,10.196935295,170.47996445,162.91103885,0.009087819,0.004287249500000001,1.6221417936400708,281.09258843608745,154.76710683839173,1.5720003693442293,941.815751607092,942.876283681957,277.76750288943055,943.1071940748104,1.5213013629180183,231.04423854913216,1.5212003241821765,278.00745707975534,125.73902179736116,257.5017571158695,125.77361574753992,1.4206372710235964,1.419946611851389,257.56855667120857,233.32784362473555,272.3283042735843,1.4197967548673798,8.365200134644263,255.5651900353958,50.24562616463233,171.81933706781064,50.21026940197313,1.2619105095150347,1.419937078223737,171.78972803352443,229.75626648050533,280.81126431681827,1.2616912262427111,10.082002428104948,170.09965544918697,139.97302302490903,0.009907486336820698,0.0031649003068967593
1.622143207,281.0841186,154.7338577,1.572014988,943.2283064,944.8676213,277.820536,944.8676213,1.521315041,233.8611735,1.521205091,277.820536,127.308481,259.25254265,127.308481,1.420791146,1.4200911685,259.25254265,233.89701259999998,271.2515517,1.419941163,8.496163774500001,257.38169600000003,49.66688786,172.23113740000002,49.66688786,1.2620845845,1.4200911685,172.23113740000002,230.2494448,283.45896945,1.261812269,10.19725472,170.4812765,162.9152824,0.009088561500000003,0.004287879999999999,1.622141791078097,281.0928079205043,154.7609297558519,1.5720003549921908,941.8141329632048,942.8744377404125,277.767905379419,943.1055034227384,1.5213016058769766,231.04361527657647,1.5212005681893916,278.0075510869326,125.73088179443361,257.51173039886277,125.76549037655403,1.4206376713382054,1.4199470136131673,257.57852660409,233.31553944255,272.3073105564923,1.4197971401167462,8.365576028425386,255.5755551057937,50.240716289071955,171.81995061152332,50.205170317065665,1.261911186568857,1.419937467810916,171.79036276871403,229.75889775191624,280.82606783943066,1.261691784855816,10.0826004934034,170.10035042496474,139.9666206384294,0.009904215352176298,0.003167834294946932
1.622143207,281.0841186,154.7338577,1.572014988,943.2283064,944.8676213,277.820536,944.8676213,1.52131504,233.8611735,1.521205091,277.820536,127.29567349999999,259.25830065,127.29567349999999,1.420791142,1.4200911625,259.25830065,233.88230199999998,271.23070989999997,1.4199411555,8.49615644,257.3877351,49.666369175,172.2328381,49.666369175,1.2620849084999999,1.4200911625,172.2328381,230.24693365000002,283.4638266,1.261812587,10.197573049999999,170.4827124,162.91968325,0.009089306000000002,0.004288482,1.6221417895609198,281.09307376002994,154.75500845006633,1.5720003448574178,941.812413107562,942.8721835377122,277.7684513173964,943.1034237119673,1.5213018441023212,231.04232452773775,1.5212008083140556,278.0077962019429,125.7228412882344,257.52084228434524,125.75746976976941,1.4206380253887072,1.4199473721223905,257.58763597698857,233.30373717141848,272.2879165376693,1.4197974841174767,8.365910984158132,255.58499318099362,50.235781720606276,171.8202982526566,50.20005456444724,1.2619118123465782,1.4199378145906327,171.79073916970884,229.7613853192388,280.8403262991381,1.2616923030564342,10.083153555316137,170.10078838895632,139.96087780174025,0.009900865996858481,0.003170795364836929
1.622143207,281.0841186,154.7338577,1.572014988,943.2283064,944.8676213,277.820536,944.8676213,1.52131504,233.8611735,1.52120509,277.820536,127.28343995,259.2638012,127.28343995,1.420791138,1.420091156,259.2638012,233.8682505,271.21080059999997,1.4199411485,8.4961494455,257.3935043,49.66605798,172.2346129,49.66605798,1.262085229,1.420091156,172.2346129,230.244554,283.46835855,1.261812902,10.19788808,170.48423689999998,162.9242118,0.009090049000000001,0.0042890565,1.6221417880715294,281.09338981759015,154.749206901027,1.5720003374396976,941.8104067333459,942.8692731115591,277.7691591566235,943.1006852730554,1.5213020778681032,231.039897743106,1.5212010441357646,278.0082063517754,125.71488564689172,257.52896463053844,125.74954807443743,1.420638329725089,1.4199476830459485,257.5957419913865,233.2924836563727,272.27048427483675,1.4197977846008971,8.366199901218925,255.59338333025835,50.23087030173932,171.82025183323097,50.19497523386387,1.2619123712822395,1.419938113143227,171.79072302382164,229.76395712688898,280.8542229914308,1.2616927608940978,10.083646422344941,170.10083263276476,139.9561064640668,0.009897706709206141,0.003173676822576535
1.622143207,281.0841186,154.7338577,1.572014988,943.2283064,944.8676213,277.820536,944.8676213,1.52131504,233.8611735,1.52120509,277.820536,127.27175399999999,259.269056,127.27175399999999,1.4207911345,1.4200911505,259.269056,233.8548278,271.19178115,1.419941142,8.496142773999999,257.39901575,49.66591896,172.23642925000001,49.66591896,1.2620855445,1.4200911505,172.23642925000001,230.24230534999998,283.47260225,1.2618132115,10.198197595,170.48581654999998,162.92884164999998,0.009090785499999999,0.004289605,1.622141786632156,281.0937332668056,154.7436803489605,1.5720003321000502,941.8082835190883,942.8659986734143,277.76996448477513,943.0975945106007,1.521302304483637,231.03677695995484,1.5212012727858821,278.00872443577435,125.70707808009179,257.53634660201163,125.74178323276992,1.4206385973273175,1.4199479585584407,257.6031076310644,233.28172937552193,272.25458977193813,1.419798052368993,8.366453867919892,255.6010116580149,50.225989440342694,171.81984515869772,50.18993479460607,1.2619128661227745,1.4199383764287559,171.79034157723711,229.76654875579277,280.86765179786704,1.2616931615659974,10.084081378925633,170.1005129836767,139.9520451822489,0.009894695821274026,0.003176458987645813
1.622143207,281.0841186,154.7338577,1.572014988,943.2283064,944.8676213,277.820536,944.8676213,1.52131504,233.8611735,1.52120509,277.820536,127.2605907,259.2740763,127.2605907,1.420791131,1.420091145,259.2740763,233.84200529999998,271.17361095,1.4199411355,8.4961364105,257.4042813,49.66592201,172.2382589,49.66592201,1.262085852,1.420091145,172.2382589,230.240188,283.47659085,1.2618135129999999,10.198499705,170.4874223,162.9335495,0.009091514,0.0042901295,1.6221417852483568,281.0940749601457,154.73842140147505,1.5720003282939539,941.8061238388306,942.8625338803749,277.77080149682723,943.0943108885763,1.5213025227281483,231.03319645803916,1.521201493176305,278.00928151534316,125.69947711532188,257.5431649171652,125.73422850477988,1.420638838771661,1.4199482089362763,257.6099133832985,233.27144086812933,272.2399171434653,1.4197982966253668,8.366681843617233,255.60807241189343,50.22115117420773,171.81914281260555,50.18494682777164,1.261913305239792,1.419938614579628,171.78965840438596,229.76908092093583,280.8805693063571,1.2616935113386258,10.08446596369643,170.09989605596553,139.94853352525635,0.009891849903295964,0.0031791049554132462
1.622143207,281.0841186,154.7338577,1.572014988,943.2283064,944.8676213,277.820536,944.8676213,1.52131504,233.8611735,1.52120509,277.820536,127.24992605,259.2788728,127.24992605,1.4207911275,1.4200911395,259.2788728,233.82975549999998,271.15625124999997,1.4199411295,8.4961303395,257.40931215,49.66604151,172.24007955000002,49.66604151,1.2620861505,1.4200911395,172.24007955000002,230.23819995000002,283.4803525,1.2618138055,10.198792995,170.4890312,162.93831465,0.0090922315,0.004290631500000001,1.6221417840868546,281.0944047135335,154.73344780031087,1.5720003253324222,941.8039567165318,942.8589689005489,277.7716426869761,943.0909454473405,1.5213027311815532,231.02930210965928,1.5212017032297442,278.00986157444413,125.69213308622102,257.5495619557529,125.72693129773153,1.4206390602794552,1.4199484391932955,257.61628780863117,233.26159805775268,272.22623609142727,1.4197985221007212,8.366889682939751,255.6147016916434,50.21641877890431,171.81824520219035,50.18007368294603,1.2619137013215103,1.419938832622775,171.7887718942682,229.77163290733247,280.8930816353426,1.2616938226170822,10.084811827280024,170.09906785164094,139.9457883720744,0.009889166625089525,0.0031816257783065416
1.622143207,281.0841186,154.7338577,1.572014988,943.2283064,944.8676213,277.820536,944.8676213,1.52131504,233.8611735,1.52120509,277.820536,127.2397373,259.28345555,127.2397373,1.4207911245,1.4200911345,259.28345555,233.81805229999998,271.13966525,1.419941124,8.496124548000001,257.4141189,49.666255665,172.2418765,49.666255665,1.26208644,1.4200911345,172.2418765,230.2363354,283.48390855,1.261814089,10.199076699999999,170.49062755,162.9431186,0.009092936000000001,0.004291111499999999,1.6221417832032239,281.0947242828444,154.7286826645938,1.572000322959863,941.801736011539,942.8552928803676,277.77248039537767,943.0874881682143,1.5213029288223876,231.0251336981698,1.5212019016849891,278.0104479006903,125.68508579148055,257.5556545529258,125.71993082504102,1.4206392678740825,1.4199486552858882,257.62235402367315,233.25218622166776,272.2133523546828,1.4197987345440848,8.367083905814976,255.62102885523117,50.211837627645934,171.81725677115978,50.17536104200371,1.26191406627131,1.4199390365276776,171.78778144500174,229.77417002778893,280.90520807908564,1.2616941061439257,10.085130277633745,170.09812630362725,139.9437146524629,0.009886667156919,0.003184010741669229
1.622143207,281.0841186,154.7338577,1.572014988,943.2283064,944.8676213,277.820536,944.8676213,1.52131504,233.8611735,1.52120509,277.820536,127.23000300000001,259.28783439999995,127.23000300000001,1.4207911215,1.42009113,259.28783439999995,233.8068708,271.12381789999995,1.4199411185,8.496119020999998,257.41871175,49.66654598,172.2436414,49.66654598,1.262086719,1.42009113,172.2436414,230.23458495,283.48727445,1.2618143625,10.199350625000001,170.49220244999998,162.94794515,0.009093625000000004,0.004291570499999999,1.6221417824418565,281.0950470127309,154.72401806540444,1.5720003214429807,941.7994178158109,942.8514331844107,277.7733344679916,943.0838563970966,1.5213031174693556,231.0206602809616,1.5212020906935169,278.01105720646865,125.67832059922864,257.5614113013852,125.71320894318747,1.4206394618948885,1.4199488577376935,257.62807098955426,233.2432013445861,272.20134082230953,1.4197989340843595,8.367264201770169,255.6270079742582,50.207417288933414,171.8161790331908,50.17081631281621,1.2619144019204809,1.4199392254041499,171.78669916600197,229.7766972376186,280.9169582847174,1.2616943630701454,10.085422685419084,170.09708930829646,139.94215490633675,0.009884350899285568,0.003186286664584363
1.622143207,281.0841186,154.7338577,1.572014988,943.2283064,944.8676213,277.820536,944.8676213,1.52131504,233.8611735,1.52120509,277.820536,127.22070225,259.29201845,127.22070225,1.4207911185,1.420091125,259.29201845,233.7961874,271.10867565,1.419941113,8.4961137475,257.4231003,49.666896789999996,172.24537175,49.666896789999996,1.2620869885000001,1.420091125,172.24537175,230.2329363,283.4904608,1.2618146270000001,10.199615075,170.49375245,162.95277959999999,0.009094298499999999,0.004292009500000001,1.6221417818305395,281.09539678309756,154.71942295469745,1.572000321798587,941.7969850126535,942.8473372146152,277.7742411149898,943.0799992057025,1.5213032979695251,231.01587301728918,1.5212022715907276,278.0117194348061,125.67180180769809,257.5668033064163,125.7067322915034,1.420639642002528,1.4199490458810717,257.6334181868393,233.23462134242138,272.1902775095367,1.4197991207731062,8.367430748218323,255.63259606985628,50.20310066042321,171.8149771737141,50.16638949225066,1.261914704344831,1.4199393987809172,171.7855008384381,229.77925417932863,280.92825507518927,1.2616945899427754,10.085685623982307,170.09593399806215,139.9409546445559,0.00988215073849044,0.0031884748290382623
1.622143207,281.0841186,154.7338577,1.572014988,943.2283064,944.8676213,277.820536,944.8676213,1.52131504,233.8611735,1.52120509,277.820536,127.2118155,259.29601660000003,127.2118155,1.420791116,1.420091121,259.29601660000003,233.7859794,271.09420654999997,1.419941108,8.4961087135,257.42729385,49.66729483,172.24706785,49.66729483,1.262087249,1.420091121,172.24706785,230.231376,283.493475,1.2618148814999999,10.199870595,170.49527745,162.95760905,0.009094953000000003,0.0042924295,1.6221417811914354,281.09576551691777,154.71493429443154,1.572000323248793,941.7944591839854,942.8430692575026,277.77518153493685,943.0759742014361,1.5213034701734136,231.01085147386178,1.5212024436347324,278.0124140433934,125.6655651186561,257.5719105519397,125.70053540120601,1.42063981243882,1.4199492238527684,257.6384806246167,233.22643818459667,272.1800548688918,1.4197992981551295,8.367587182125817,255.63787952112338,50.198942066507016,171.8136759161195,50.162131818085186,1.2619149774685523,1.419939559747448,171.78421320393582,229.78187554011276,280.9391949218119,1.2616947885522423,10.085923662195059,170.09469020021092,139.94003068066024,0.009880089726381597,0.0031905831681653157
1.622143207,281.0841186,154.7338577,1.572014988,943.2283064,944.8676213,277.820536,944.8676213,1.52131504,233.8611735,1.52120509,277.820536,127.20332404999999,259.2998371,127.20332404999999,1.420791113,1.420091117,259.2998371,233.7762254,271.0803803,1.4199411035,8.496103909,257.43130125,49.667728935,172.2487314,49.667728935,1.2620875015,1.420091117,172.2487314,230.2298917,283.4963236,1.261815129,10.200117769999999,170.49677825,162.96242185,0.009095588000000002,0.0042928305,1.6221417801244096,281.09617604057104,154.7105964389572,1.5720003257213664,941.7919110291947,942.8388046399496,277.77614388989196,943.0719583809588,1.5213036373945505,231.00593159900728,1.5212026102134901,278.013135461435,125.65958009780931,257.5766919990852,125.69458842327705,1.4206399714787579,1.4199493898200486,257.64322187041995,233.21863313309936,272.17044372853553,1.4197994642711194,8.367732882547172,255.6428338890952,50.19503966148346,171.8124604335505,50.15813743202057,1.2619152428746971,1.4199397081466503,171.78301184901812,229.7845960071647,280.94985017806823,1.2616949815346543,10.086156103540045,170.09353389573374,139.93938598559475,0.009878121641916896,0.003192619642972471
1.622143207,281.0841186,154.7338577,1.572014988,943.2283064,944.8676213,277.820536,944.8676213,1.52131504,233.8611735,1.52120509,277.820536,127.19520994999999,259.30348815,127.19520994999999,1.420791111,1.420091113,259.30348815,233.76690475,271.06716785000003,1.419941099,8.496099323,257.43513075,49.668189690000005,172.2503633,49.668189690000005,1.262087745,1.420091113,172.2503633,230.2284733,283.49901324999996,1.2618153675000001,10.200357095000001,170.49825525,162.96720785000002,0.009096203000000002,0.0042932135,1.62214178707675,281.0970613529147,154.70779028705184,1.5720003341558977,941.790486622574,942.8360378148574,277.77750142316614,943.0694336738645,1.5213037607425615,231.00399989612194,1.5212027322789217,278.01425519136825,125.6538198225136,257.5822406218456,125.68887672584485,1.4206401662348127,1.4199495849147303,257.6487336419499,233.21073506075334,272.1599035131551,1.4197996590549107,8.367914597806317,255.6485433367919,50.19139560598175,171.81168189905324,50.15438935768452,1.2619155752537083,1.4199398903729115,171.78226459717723,229.7871777254417,280.96047649293143,1.2616952255442246,10.086435261597611,170.09274347263883,139.93885418643939,0.009876242633882964,0.0031946134684751317
1.622143207,281.0841186,154.7338577,1.572014988,943.2283064,944.8676213,277.820536,944.8676213,1.521315039,233.8611735,1.521205089,277.820536,127.18745615,259.30697725,127.18745615,1.420791108,1.420091109,259.30697725,233.757998,271.0545415,1.4199410945,8.496094944,257.4387905,49.6686692,172.2519624,49.6686692,1.2620879815000001,1.420091109,172.2519624,230.22711405,283.5015525,1.261815599,10.200588825,170.499707,162.97195775,0.0090967965,0.0042935790000000005,1.6221417946848669,281.0979940738924,154.7055282151787,1.5720003426015419,941.7893837121185,942.8338253566515,277.77884398492694,943.0674583243324,1.521303873776277,231.00292574554723,1.521202842869807,278.01537039503,125.64834633190543,257.5878101828051,125.68344888672338,1.420640362008904,1.4199497794595912,257.65427137684674,233.2031026666586,272.1492878456212,1.4197998528590472,8.368098575081136,255.65427848753728,50.188013603937684,171.81110872005848,50.1509014848362,1.2619159220214213,1.4199400740129968,171.78172169172095,229.78971484589815,280.97088574734573,1.2616954824704443,10.086726184499666,170.09213797872084,139.93866701690425,0.009874421945353132,0.0031965448156551592
1.622143207,281.0841186,154.7338577,1.572014988,943.2283064,944.8676213,277.820536,944.8676213,1.521315039,233.8611735,1.521205089,277.820536,127.18004655,259.3103117,127.18004655,1.420791106,1.4200911055,259.3103117,233.7494865,271.04247495000004,1.4199410905,8.4960907635,257.44228805,49.669160860000005,172.2535258,49.669160860000005,1.2620882105,1.4200911055,172.2535258,230.2258105,283.50395119999996,1.261815823,10.200812965,170.50112984999998,162.9766635,0.009097369500000002,0.004293928,1.6221418014593698,281.0988857073873,154.7036638539813,1.5720003496747688,941.7884869461947,942.8320219944912,277.7800869687148,943.0658820521784,1.5213039833968078,231.00232899522797,1.5212029482922007,278.01639681413553,125.64316664928329,257.5933144165833,125.6783043206378,1.4206405523251882,1.4199499680480625,257.6597320591709,233.19577141919623,272.1386794980723,1.4198000392255388,8.368278737976583,255.6599407427512,50.1849489057269,171.8107519968637,50.1477315331413,1.261916277945581,1.4199402534377912,171.78138817823896,229.79215781540017,280.9810682941801,1.2616957516738752,10.087026702032176,170.09173481323032,139.93902650124951,0.009872584574959285,0.003198483308092221
1.622143207,281.0841186,154.7338577,1.572014988,943.2283064,944.8676213,277.820536,944.8676213,1.521315039,233.8611735,1.521205089,277.820536,127.1729655,259.31349845,127.1729655,1.420791104,1.420091102,259.31349845,233.74135235,271.03094295,1.4199410865,8.496086772,257.44563070000004,49.669659175,172.25504884999998,49.669659175,1.262088431,1.420091102,172.25504884999998,230.22456185,283.50622035000004,1.2618160385000001,10.20102936,170.50251905,162.98131795,0.009097921500000002,0.004294261500000001,1.622141807494735,281.0997165875956,154.70213067193396,1.5720003555533815,941.7877479515372,942.8305183578011,277.7812383825485,943.0645979914934,1.5213040899031192,231.0019709450364,1.5212030492879913,278.01734489392663,125.63822107661018,257.59866370768833,125.67339093812491,1.4206407317824155,1.4199501462030328,257.66503654252983,233.1887259264273,272.1282096671634,1.4198002142486559,8.368450606814559,255.66544709422726,50.18218113970252,171.81057994225347,50.14485635300129,1.2619166389711896,1.419940424301093,171.78122772848513,229.79446699144063,280.9909807213448,1.2616960299573265,10.087332930654243,170.09149868054473,139.93992966853017,0.009870721450186864,0.0032004485627227216
1.622143207,281.0841186,154.7338577,1.572014988,943.2283064,944.8676213,277.820536,944.8676213,1.521315039,233.8611735,1.521205089,277.820536,127.16619825000001,259.31654415,127.16619825000001,1.420791102,1.4200910985,259.31654415,233.7335787,271.01992165,1.4199410825,8.496082959999999,257.44882535,49.67015959,172.2565265,49.67015959,1.2620886435,1.4200910985,172.2565265,230.22336865,283.5083714,1.261816247,10.201237745,170.50386905,162.98591495,0.009098453499999997,0.0042945795,1.6221418132355565,281.1004702092892,154.7008591805543,1.5720003607596766,941.7870171431247,942.8289930139739,277.7823253840571,943.0633022423499,1.521304191825299,231.00129462800788,1.5212031455604234,278.0182417920324,125.63344698947472,257.603695575695,125.66864611477386,1.420640891812111,1.4199503070648356,257.67002904672216,233.18198961086767,272.11831079508755,1.4198003712383849,8.368606286716828,255.67063321099857,50.17956060512607,171.81032362629455,50.14213118225988,1.2619169740971348,1.4199405778319543,171.78097746723392,229.7967563462275,281.000661617364,1.261696287267209,10.087618256688533,170.09116163220614,139.9413765187462,0.009868911664348976,0.003202388092536993
1.622143207,281.0841186,154.7338577,1.572014988,943.2283064,944.8676213,277.820536,944.8676213,1.521315039,233.8611735,1.521205089,277.820536,127.15973070000001,259.31945515,127.15973070000001,1.4207911,1.4200910955000001,259.31945515,233.72614929999997,271.00938805,1.419941079,8.4960793195,257.45187875,49.670658355,172.2579541,49.670658355,1.2620888479999999,1.4200910955000001,172.2579541,230.2222318,283.51041505,1.2618164465000001,10.20143791,170.50517505,162.99044915000002,0.009098966000000003,0.004294883000000001,1.6221418187040642,281.10116413122137,154.69974440787956,1.5720003661548874,941.7862610317733,942.8274017138455,277.7833650338024,943.0619397020132,1.5213042885903312,231.00030446451515,1.5212032365159862,278.01910213179144,125.62883209710459,257.6084108581314,125.66405638926271,1.420641035044203,1.4199504528065716,257.67471124680395,233.17554774979305,272.10900202642097,1.4198005129532285,8.368746842161356,255.67549951442658,50.17703297760587,171.80997043501256,50.13950200518713,1.2619172846314806,1.419940716177294,171.78062629418784,229.79901101382066,281.0100723937136,1.2616965246266234,10.0878818805825,170.09072018836446,139.94316799858248,0.009867159785028126,0.0032042920348175513
1.622143207,281.0841186,154.7338577,1.572014988,943.2283064,944.8676213,277.820536,944.8676213,1.521315039,233.8611735,1.521205089,277.820536,127.1535495,259.3222374,127.1535495,1.420791098,1.4200910924999999,259.3222374,233.71904875,270.99932035,1.4199410755000001,8.496075843,257.45479715,49.6711524,172.25932855,49.6711524,1.262089044,1.4200910924999999,172.25932855,230.22115125,283.51236035,1.2618166385,10.201629765,170.5064337,162.9949158,0.009099458999999999,0.004295174,1.6221418239836194,281.10180888864426,154.69876713369123,1.572000371594549,941.7854959899728,942.825750301645,277.78437021424935,943.0605145449332,1.5213043813442486,230.9990358175401,1.5212033235148088,278.0199374029699,125.62437698477467,257.6128300744325,125.65962702906525,1.4206411642500132,1.4199505854704315,257.67910408097424,233.16939766634448,272.1003137672554,1.4198006418938856,8.368874357750823,255.68006328033087,50.17457726817239,171.8095188547306,50.136948450136316,1.2619175709666461,1.419940841248393,171.78017370478793,229.801255770787,281.0192468153521,1.2616967411403566,10.088125058775855,170.09017981735556,139.94520012496395,0.009865489450962949,0.0032061445125545415
1.622143207,281.0841186,154.7338577,1.572014988,943.2283064,944.8676213,277.820536,944.8676213,1.521315039,233.8611735,1.521205089,277.820536,127.14764174999999,259.32489665,127.14764174999999,1.420791096,1.4200910895,259.32489665,233.7122623,270.98969769999997,1.419941072,8.496072521999999,257.45758655,49.67163924,172.26064874999997,49.67163924,1.262089231,1.4200910895,172.26064874999997,230.22012545,283.51421455,1.261816821,10.20181337,170.5076435,162.999311,0.009099934000000004,0.004295451499999999,1.6221418291742558,281.1024101003588,154.69799832495005,1.572000377428711,941.7848529976425,942.8241756993143,277.7853426662716,943.0591553441562,1.521304468542398,230.99767434273758,1.521203405048384,278.0207437756457,125.62007755556087,257.61698965706483,125.65535335198257,1.4206412824270935,1.4199507074520625,257.68324021282365,233.1635286530862,272.0922127961203,1.4198007602259088,8.368991716446379,255.68435400401322,50.17217032722691,171.8089779675102,50.1344476761702,1.2619178345415016,1.4199409554539892,171.77963584492136,229.80347575118643,281.028151117321,1.2616969382151721,10.088349047708297,170.08955841555138,139.9473362344205,0.009863941289129811,0.0032079091303864765
1.622143207,281.0841186,154.7338577,1.572014988,943.2283064,944.8676213,277.820536,944.8676213,1.521315039,233.8611735,1.521205089,277.820536,127.1419952,259.32743845,127.1419952,1.420791094,1.420091087,259.32743845,233.70577585,270.98050020000005,1.419941069,8.496069349999999,257.46025269999996,49.672116875,172.26191545,49.672116875,1.2620894105,1.420091087,172.26191545,230.21915155,283.5159827,1.2618169965,10.201989005,170.50880504999998,163.00363149999998,0.009100390500000001,0.004295718,1.622141834192612,281.10297830161704,154.69726647816756,1.5720003832350913,941.7841713066996,942.8225434895813,277.7862803008208,943.0577377010854,1.5213045513557264,230.9961404733984,1.521203482649949,278.0215257760904,125.61592444506519,257.62087285546914,125.65122423779215,1.4206413897451171,1.4199508191180112,257.68711084830846,233.1579233104349,272.0846321069987,1.4198008688258323,8.369098430362294,255.6883733709194,50.16980690752705,171.80834777335136,50.13199567069169,1.2619180744404024,1.4199410593439037,171.7790061553215,229.80563131251174,281.03671776970276,1.261697114955857,10.088552019831168,170.08884802900886,139.94957929789712,0.009862495370335575,0.0032095747450646213
1.622143207,281.0841186,154.7338577,1.572014988,943.2283064,944.8676213,277.820536,944.8676213,1.521315039,233.8611735,1.521205089,277.820536,127.1365982,259.32986804999996,127.1365982,1.420791093,1.420091084,259.32986804999996,233.69957605000002,270.9717089,1.419941066,8.4960663195,257.46280115,49.672583745,172.2631313,49.672583745,1.262089582,1.420091084,172.2631313,230.2182252,283.51766835,1.2618171645,10.20215707,170.50992055,163.0078743,0.0091008295,0.0042959715000000015,1.6221418389164244,281.10351349241904,154.69652723899333,1.572000388658084,941.783439754083,942.8208403142077,277.78719077774105,943.0562382388033,1.52130463075587,230.99439884654066,1.5212035565915294,278.02228618970184,125.61191823856252,257.6244972577326,125.64724553924269,1.4206414872503992,1.4199509211882813,257.6907243627084,233.1525749462433,272.07757169989065,1.4198009684541775,8.369195697036277,255.69213065100143,50.16752775236657,171.80766611417715,50.12963286833293,1.2619182948491525,1.419941153363229,171.77831894599856,229.8077571419567,281.04497089032503,1.2616972748153763,10.088738544016111,170.0880844504719,139.95201844374387,0.00986116175648401,0.0032111593720409648
1.622143207,281.0841186,154.7338577,1.572014988,943.2283064,944.8676213,277.820536,944.8676213,1.521315039,233.8611735,1.521205089,277.820536,127.13143965,259.3321904,127.13143965,1.420791091,1.420091082,259.3321904,233.6936501,270.96330565,1.419941063,8.4960634245,257.4652372,49.673038614999996,172.2642995,49.673038614999996,1.262089746,1.420091082,172.2642995,230.21734155000001,283.51927394999996,1.261817325,10.20231805,170.51099299999998,163.0120371,0.009101250499999996,0.004296214499999999,1.6221418434179398,281.1040135657143,154.69578652134075,1.5720003939643932,941.7826583397926,942.8190645034138,277.78806991893555,943.0546569573097,1.521304705497141,230.99244946216436,1.5212036261065067,278.0230180529853,125.6080712268252,257.6279135342971,125.64342545018233,1.420641576950734,1.419951015770518,257.6941326827572,233.1474701762166,272.0709651318551,1.419801061289388,8.369285068832024,255.6956814639712,50.16532730584177,171.80693046719267,50.12735340452896,1.2619184985146858,1.419941239946885,171.77757825342437,229.80984332889454,281.0529683619742,1.2616974198399322,10.088909648259252,170.08726917130483,139.95461504967574,0.009859913530530702,0.003212685239351133
1.622143207,281.0841186,154.7338577,1.572014988,943.2283064,944.8676213,277.820536,944.8676213,1.521315039,233.8611735,1.521205089,277.820536,127.12650875,259.3344103,127.12650875,1.42079109,1.420091079,259.3344103,233.68798575,270.95527315000004,1.4199410605,8.4960606585,257.46756575,49.673480565,172.26542354999998,49.673480565,1.262089904,1.420091079,172.26542354999998,230.2164961,283.52080175,1.2618174795,10.20247243,170.51202575000002,163.01611785,0.0091016545,0.0042964464999999995,1.622141847824979,281.1044806285533,154.69507537325515,1.5720003993651603,941.7818754370941,942.8172861879502,277.78890902003604,943.0530664920271,1.5213047760529008,230.9904205110788,1.5212036915905551,278.02371718784417,125.60437111908088,257.6311472297654,125.63975167983887,1.420641659864158,1.4199511034799972,257.69736177182176,233.14258490862417,272.0647223107683,1.4198011477181698,8.369368142466483,255.69904772062426,50.16318766559631,171.80615899652105,50.12513999424618,1.2619186859602283,1.4199413199588753,171.77680274628094,229.81185518613148,281.0606330076018,1.2616975515641764,10.089067045887454,170.08642157924396,139.95723839411264,0.00985869634946311,0.0032141616066200538
1.622143207,281.0841186,154.7338577,1.572014988,943.2283064,944.8676213,277.820536,944.8676213,1.521315039,233.8611735,1.521205089,277.820536,127.12179549999999,259.3365323,127.12179549999999,1.420791088,1.420091077,259.3365323,233.68257135,270.94759495,1.419941058,8.496058016,257.4697916,49.67390892,172.26650645,49.67390892,1.2620900554999999,1.420091077,172.26650645,230.21568485,283.52225415,1.261817627,10.202620620000001,170.5130214,163.02011505000002,0.009102042,0.004296668000000002,1.6221418519930488,281.10491854386174,154.69442632126018,1.5720004043158635,941.7810977438241,942.8155529565406,277.7897084292172,943.0515152665704,1.5213048430210796,230.9883782988751,1.521203753216782,278.02438254975414,125.60082435335318,257.6342243075045,125.63623008096094,1.4206417377156781,1.4199511863720005,257.7004396870888,233.13791646660707,272.058794812114,1.4198012292615663,8.36944620418386,255.70225554537078,50.16113074658366,171.80536835260838,50.1230145524379,1.2619188587554562,1.4199413945773873,171.7760055431016,229.81375307116045,281.06798894503544,1.2616976699881084,10.089211650675047,170.08555459944677,139.95992412839456,0.009857531556040643,0.003215583563880982
1.622143207,281.0841186,154.7338577,1.572014988,943.2283064,944.8676213,277.820536,944.8676213,1.521315039,233.8611735,1.521205089,277.820536,127.11729015,259.33856075,127.11729015,1.420791087,1.420091075,259.33856075,233.6773958,270.9402552,1.419941055,8.4960554905,257.47191940000005,49.67432321,172.26755014999998,49.67432321,1.2620902004999999,1.420091075,172.26755014999998,230.21490515,283.52363415,1.2618177689999999,10.202762955,170.5139818,163.0240273,0.009102413000000004,0.0042968799999999994,1.6221418558999197,281.1053304722152,154.69381866665896,1.572000409138771,941.7803371672481,942.8138606347355,277.79047093187705,943.0499999413798,1.521304906850125,230.98632724592585,1.5212038116776168,278.0250151832394,125.59742332106875,257.6371481176262,125.6328530449753,1.4206418109577548,1.4199512641847085,257.7033647535025,233.13345146587054,272.05317418975557,1.419801306538307,8.369519874929635,255.70531041590962,50.15916519132067,171.80459335002394,50.12098356099171,1.2619190217402054,1.4199414645355153,171.7752194402197,229.8155865371153,281.0750506449717,1.261697780866671,10.089347917271887,170.08470203617145,139.96266631063156,0.009856408341024789,0.003216960557590564
1.622143207,281.0841186,154.7338577,1.572014988,943.2283064,944.8676213,277.820536,944.8676213,1.521315039,233.8611735,1.521205089,277.820536,127.1129835,259.3404998,127.1129835,1.420791086,1.420091073,259.3404998,233.6724484,270.93323895000003,1.419941053,8.496053078,257.4739534,49.674723155,172.26855584999998,49.674723155,1.2620903399999999,1.420091073,172.26855584999998,230.21415535,283.5249455,1.2618179055,10.202899645,170.51490785,163.02785375000002,0.009102768499999997,0.004297081999999998,1.6221418596845272,281.1057202765395,154.6932760651051,1.572000413539396,941.7795899863457,942.8122067178655,277.79120070611214,943.0485196815656,1.521304967141417,230.98429387446757,1.5212038666268446,278.0256210072705,125.59416451057834,257.6399178226026,125.62961764550761,1.420641878233006,1.4199513361064813,257.7061369710628,233.12918856798507,272.04783735758633,1.4198013780144585,8.369588045872595,255.70820516909606,50.157293469097866,171.8038233930292,50.11904856321417,1.2619191750452827,1.4199415287597996,171.7744378783686,229.81739027118982,281.0819001080247,1.2616978838162016,10.089476074121555,170.08385742683922,139.96544711515355,0.009855337250189429,0.0032182903574949203
1.622143207,281.0841186,154.7338577,1.572014988,943.2283064,944.8676213,277.820536,944.8676213,1.521315039,233.8611735,1.521205089,277.820536,127.10886665000001,259.3423535,127.10886665000001,1.420791084,1.420091071,259.3423535,233.6677191,270.92653175,1.4199410504999999,8.496050772,257.47589785,49.675108609999995,172.26952365,49.675108609999995,1.2620904739999999,1.420091071,172.26952365,230.213435,283.52619245,1.2618180364999998,10.2030308,170.51579955,163.0315936,0.009103108500000002,0.004297274499999999,1.6221418632579525,281.10608690330935,154.69277633942332,1.5720004178233378,941.7788643873619,942.8106087386179,277.79189461835,943.0470853406966,1.521305025265212,230.9822870252457,1.5212039191525693,278.0261961919253,125.59103738693426,257.6425342599616,125.62651276233538,1.4206419405029105,1.419951402922777,257.7087525708938,233.12511639630014,272.04276517103006,1.4198014445407736,8.369651471017963,255.7109465467134,50.155510641334196,171.8030710955986,50.11720678115347,1.261919319455526,1.4199415880095163,171.77367195784566,229.81911472025007,281.0884408628838,1.261697979476138,10.089596235445843,170.08303270236473,139.9682754547956,0.009854297034081633,0.003219571233185935
1.622143207,281.0841186,154.7338577,1.572014988,943.2283064,944.8676213,277.820536,944.8676213,1.521315039,233.8611735,1.521205089,277.820536,127.10493115,259.34412555,127.10493115,1.420791083,1.420091069,259.34412555,233.6631981,270.92011985,1.419941048,8.496048568500001,257.47775665,49.675479535,172.2704534,49.675479535,1.2620906024999998,1.420091069,172.2704534,230.21274405,283.52737945,1.261818162,10.20315651,170.5166566,163.0352466,0.009103433999999999,0.004297459,1.6221418665535063,281.1064394830765,154.69233427439713,1.5720004218794694,941.77817376597,942.8090800552311,277.79256276565786,943.0457186259105,1.521305081570303,230.9803730038513,1.521203969873031,278.02674874522256,125.5880314151888,257.64499826723124,125.62352903106071,1.4206419975129594,1.4199514643717763,257.71121783445534,233.12122290495046,272.0379390485862,1.4198015057821072,8.369710150365743,255.71352780697833,50.153820103304135,171.80234553979363,50.11545914079353,1.261919456802225,1.4199416423632114,171.77293328350737,229.82080943743,281.0947114980731,1.261698069892682,10.089710685680572,170.0822383022983,139.97114835861265,0.009853281026968868,0.003220811151634212
1.622143207,281.0841186,154.7338577,1.572014988,943.2283064,944.8676213,277.820536,944.8676213,1.521315039,233.8611735,1.521205089,277.820536,127.101169,259.3458196,127.101169,1.420791082,1.420091067,259.3458196,233.65887625,270.9139903,1.419941046,8.496046461999999,257.47953365,49.675836015,172.27134485,49.675836015,1.262090725,1.420091067,172.27134485,230.21208255,283.52851085,1.2618182820000001,10.20327682,170.5174786,163.03881255,0.009103746,0.0042976355,1.6221418695711889,281.1067657247137,154.69192325741625,1.5720004256966784,941.7774972844556,942.8075931163388,277.79320062176413,943.0443853067208,1.5213051357826382,230.9784368805932,1.5212040181947195,278.0272706591436,125.58514835116658,257.64734041418205,125.62066762223337,1.420642050563977,1.419951521723303,257.7135616564621,233.11749872492965,272.0333584271791,1.4198015632981735,8.369765370160136,255.7159826588072,50.15222092902374,171.80164874385017,50.11380718544095,1.2619195868237665,1.4199416927634345,171.7722188279998,229.8224347802224,281.10071683715825,1.2616981551937216,10.089818625273207,170.08147174103266,139.97406285565975,0.009852278664695367,0.0032220256209953366
1.622143207,281.0841186,154.7338577,1.572014988,943.2283064,944.8676213,277.820536,944.8676213,1.521315039,233.8611735,1.521205089,277.820536,127.09757250000001,259.34743915,127.09757250000001,1.420791081,1.420091065,259.34743915,233.65474465,270.90813045000004,1.419941044,8.496044449,257.48123245,49.676178205,172.2721981,49.67617821,1.2620908425,1.420091065,172.2721981,230.2114504,283.52959045,1.2618183969999999,10.203391845,170.51826555,163.0422915,0.009104044500000004,0.004297804000000002,1.622141872488838,281.10706843762136,154.69155511630748,1.5720004293916476,941.7768394080437,942.8061504266105,277.7938047049215,943.0430962366964,1.5213051878274766,230.97652285919878,1.5212040644391192,278.0277598446399,125.58238234211886,257.6495577694663,125.61792268310467,1.4206420991469453,1.4199515746369917,257.7157777554544,233.11393984094929,272.0289889591866,1.4198016165733645,8.369816376395924,255.71830646722398,50.15070725392799,171.8009701120298,50.11224288990154,1.261919710959021,1.419941739079276,171.77152152749738,229.8240105698809,281.1064954686635,1.2616982357629196,10.089921196441658,170.08072804735343,139.9770278587719,0.009851286730537078,0.0032232166200789857
1.622143207,281.0841186,154.7338577,1.572014988,943.2283064,944.8676213,277.820536,944.8676213,1.521315039,233.8611735,1.521205089,277.820536,127.09413425,259.3489874,127.09413425,1.42079108,1.420091064,259.3489874,233.65079485,270.90252835,1.419941042,8.496042525,257.48285654999995,49.67650633,172.27301390000002,49.67650633,1.2620909545,1.420091064,172.27301390000002,230.21084695,283.53062135000005,1.2618185065,10.20350172,170.51901800000002,163.04568385,0.009104330999999997,0.004297964999999998,1.622141875267551,281.10735780587646,154.6912594206378,1.572000432864363,941.7762306491012,942.8047979049903,277.7943812822752,943.0418906556633,1.5213052378543006,230.97471050637725,1.521204108433123,278.0282288360019,125.57973104694618,257.6516809028546,125.61529070202539,1.420642144619246,1.4199516244743031,257.7179008888427,233.11053019185567,272.02479460775925,1.4198016664455428,8.36986436661081,255.72053546931372,50.149268583532134,171.80032024007096,50.110755142368,1.2619198301236332,1.4199417824103768,171.7708514731796,229.8255467170323,281.1120618632854,1.2616983131349269,10.09001988406921,170.08001219247504,139.98003148416907,0.009850314743426913,0.0032243734095697123
1.622143207,281.0841186,154.7338577,1.572014988,943.2283064,944.8676213,277.820536,944.8676213,1.521315039,233.8611735,1.521205089,277.820536,127.09084730000001,259.35046754999996,127.09084730000001,1.420791079,1.420091062,259.35046754999996,233.64701885,270.8971727,1.4199410405,8.496040686,257.48440919999996,49.676820660000004,172.27379355,49.676820660000004,1.262091062,1.420091062,172.27379355,230.21027085,283.531606,1.261818611,10.20360665,170.51973725,163.04898995000002,0.009104605,0.004298118499999998,1.6221418779351158,281.10763734122975,154.69101695018867,1.5720004362981843,941.7756561235468,942.8035063303321,277.79493801366925,943.0407460215938,1.5213052858880243,230.97297329989226,1.5212041506713234,278.0286832040252,125.57718510125055,257.6537052079432,125.61276465569713,1.4206421867546493,1.4199516708425084,257.7199218438194,233.10726241628666,272.02078212980626,1.41980171297916,8.369909340804801,255.72266081648584,50.147889793431666,171.799692568707,50.109329744419895,1.2619199435327644,1.4199418227305551,171.77020261033869,229.8270085344828,281.11740637389295,1.2616983869260812,10.090113888603325,170.07931821094013,139.98305293523623,0.009849368777250221,0.0032254921010242362
1.622143207,281.0841186,154.7338577,1.572014988,943.2283064,944.8676213,277.820536,944.8676213,1.521315038,233.8611735,1.521205089,277.820536,127.0877049,259.35188265,127.0877049,1.420791078,1.4200910605,259.35188265,233.64340895,270.8920525,1.419941039,8.4960389275,257.4858936,49.677121505,172.27453895000002,49.677121505,1.262091164,1.4200910605,172.27453895000002,230.20972035,283.53254615000003,1.261818711,10.20370689,170.5204248,163.0522104,0.009104867,0.0042982659999999985,1.6221418804693022,281.10790037135484,154.69082031256832,1.5720004394097373,941.775121785013,942.8022798770851,277.79547002465745,943.039661499598,1.5213053323770949,230.97128471750733,1.5212041914257464,278.02911528886574,125.574739822833,257.65562565956424,125.6103375208215,1.4206422255814335,1.4199517139117899,257.72184271420446,233.10413584502749,272.0169689806767,1.4198017560839842,8.369951032858399,255.72467871648726,50.146558537173924,171.79906842925584,50.10795434960466,1.2619200496167386,1.4199418600398113,171.76955475661575,229.82842079879936,281.12253864761715,1.261698454834405,10.090201725160718,170.0786272121339,139.98606844441343,0.009848456165456945,0.0032265696394384387
1.622143207,281.0841186,154.7338577,1.572014988,943.2283064,944.8676213,277.820536,944.8676213,1.521315038,233.8611735,1.521205089,277.820536,127.08470075,259.35323555,127.08470075,1.420791077,1.420091059,259.35323555,233.6399578,270.8871574,1.419941037,8.496037247,257.48731275,49.677409215,172.2752522,49.677409215,1.262091262,1.420091059,172.2752522,230.2091935,283.5334433,1.261818807,10.203802715,170.5210829,163.05534605000003,0.009105118000000002,0.004298406499999999,1.6221418829312422,281.1081567291537,154.6906458521232,1.5720004426657554,941.7745963769282,942.8010793054248,277.7959877604817,943.038606198749,1.521305376748496,230.96964033884979,1.521204230399636,278.02954180291056,125.57238701784532,257.6574493767055,125.60800461519953,1.4206422614672232,1.4199517539046942,257.7236668501097,233.1011417782866,272.0133433357793,1.4198017962627334,8.36998966453785,255.7265967538242,50.14526432027416,171.79844630804058,50.106617228792366,1.2619201488987808,1.4199418942334172,171.7689109393646,229.82977855466865,281.12746350802354,1.2616985182666622,10.090283736406763,170.07794168166353,139.98906909886557,0.009847581257081829,0.003227599616137835
1.622143207,281.0841186,154.7338577,1.572014988,943.2283064,944.8676213,277.820536,944.8676213,1.521315038,233.8611735,1.521205088,277.820536,127.0818286,259.354529,127.0818286,1.420791076,1.420091058,259.354529,233.6366583,270.88247735000004,1.4199410355,8.4960356395,257.48866955,49.677684165,172.27593545000002,49.677684165,1.2620913555,1.420091058,172.27593545000002,230.20868835,283.53429865,1.2618188985,10.203894405,170.52171335,163.0583977,0.009105358500000002,0.004298540500000001,1.622141885259804,281.108405009926,154.69050391820173,1.5720004456939634,941.7740918065579,942.7999171386992,277.7964896543557,943.0375842934966,1.5213054190271416,230.96802690280134,1.5212042673704262,278.0299516045684,125.57012727156237,257.65917761565885,125.60576301245689,1.420642294327182,1.4199517910699497,257.72539634535497,233.0982768699903,272.0099085735687,1.4198018332962739,8.370025413256151,255.728416192581,50.14400529076446,171.7978206549125,50.10531807332169,1.2619202411172787,1.4199419258611936,171.7682620765237,229.83108675740402,281.1322195436364,1.2616985761997521,10.090359693897875,170.07725217422163,139.9920341019777,0.009846755624991058,0.003228581314918047
1.622143207,281.0841186,154.7338577,1.572014988,943.2283064,944.8676213,277.820536,944.8676213,1.521315038,233.8611735,1.521205088,277.820536,127.0790827,259.35576564999997,127.0790827,1.420791075,1.420091056,259.35576564999997,233.6335038,270.8780029,1.419941034,8.496034104,257.48996675,49.677946735,172.27659065,49.677946735,1.2620914454999999,1.420091056,172.27659065,230.2082031,283.53511345000004,1.2618189860000002,10.203982195,170.5223181,163.06136625,0.009105588000000003,0.004298668999999998,1.622141887555021,281.1086427554463,154.69037085515038,1.57200044879996,941.773591701412,942.7987816884502,277.7969725727069,943.0365840953818,1.5213054600600995,230.96644440936208,1.5212043033520315,278.03035200550846,125.56795473123543,257.6608158203561,125.60360861566953,1.420642324953116,1.4199518255122838,257.72703873769206,233.0955357664206,272.00665286945366,1.4198018680482494,8.370058633839285,255.73013956092635,50.142780831322206,171.79719651546134,50.1040559572087,1.261920326926264,1.4199419548445946,171.7676157364777,229.83233549637868,281.136772989497,1.261698629145225,10.090430397186596,170.07656664375128,139.99496048280483,0.009845969738931952,0.0032295183799773346
1.622143207,281.0841186,154.7338577,1.572014988,943.2283064,944.8676213,277.820536,944.8676213,1.521315038,233.8611735,1.521205088,277.820536,127.07645744999999,259.3569479,127.07645744999999,1.420791075,1.420091055,259.3569479,233.63048794999997,270.873725,1.4199410325000001,8.496032634999999,257.49120695,49.67819733,172.2772193,49.67819733,1.2620915309999998,1.420091055,172.2772193,230.2077365,283.53588935,1.26181907,10.204066295,170.52289855,163.06425280000002,0.009105807500000002,0.004298791999999999,1.6221418897724342,281.10887242394006,154.69025405536087,1.5720004517059283,941.7731109455724,942.7976796337966,277.79744121589414,943.0356147881938,1.521305498850819,230.96490611965018,1.521204337256348,278.0307409166824,125.565871737964,257.66237948506455,125.60154376593688,1.4206423534298616,1.419951858043337,257.7286053337484,233.09291110621547,272.00355989423673,1.4198019006346716,8.370089947232733,255.7317883482944,50.14159279391529,171.79657641248198,50.102831497776016,1.261920406848962,1.419941982047624,171.76697494658038,229.83353963753282,281.1411527869984,1.261698677742519,10.090495732051133,170.07588707873825,139.9978452704019,0.009845221410775306,0.003230411107689079
1.622143207,281.0841186,154.7338577,1.572014988,943.2283064,944.8676213,277.820536,944.8676213,1.521315038,233.8611735,1.521205088,277.820536,127.0739475,259.35807825,127.0739475,1.420791074,1.420091054,259.35807825,233.62760455,270.86963495,1.419941031,8.4960312305,257.49239275,49.678436355,172.2778225,49.678436355,1.262091613,1.420091054,172.2778225,230.20728765,283.53662805,1.26181915,10.204146865,170.5234556,163.0670585,0.009106016999999996,0.004298909000000002,1.6221418919009285,281.1090947177574,154.6901727390517,1.5720004546896855,941.7726480506309,942.7966159840781,277.7978941912185,943.0346838859418,1.5213055358975758,230.96340319292014,1.5212043695285093,278.0311165972166,125.56387478009883,257.66387447248,125.59956378106004,1.4206423802381585,1.4199518884143805,257.7301040900397,233.09039887408642,272.00061162949333,1.4198019313004542,8.370119264729997,255.7333625546852,50.140438709253175,171.79595832773853,50.10164407770102,1.2619204810161795,1.4199420072608266,171.76633617491896,229.8347090914932,281.14536375970636,1.2616987218637463,10.090556498044023,170.07520900508953,140.00068846476896,0.009844505128475645,0.0032312665065243823
1.622143207,281.0841186,154.7338577,1.572014988,943.2283064,944.8676213,277.820536,944.8676213,1.521315038,233.8611735,1.521205088,277.820536,127.07154775000001,259.35915905,127.07154775000001,1.420791073,1.420091053,259.35915905,233.62484775000001,270.86572445,1.41994103,8.4960298875,257.4935264,49.678664215,172.278401,49.678664215,1.2620916919999998,1.420091053,172.278401,230.20685605,283.53733155,1.2618192275,10.204224025,170.52398995,163.06978450000003,0.009106217999999996,0.004299020500000002,1.6221418939349466,281.1093033157471,154.69011655687444,1.572000457484527,941.7722067376078,942.7955965835235,277.7983262760591,943.0337897188459,1.5213055715242483,230.96195773103568,1.521204400465271,278.0314800916352,125.56196093126556,257.6653032951863,125.59766690521438,1.4206424053214488,1.4199519169657795,257.7315417067896,233.08799505474505,271.99781257982954,1.4198019600198166,8.370146763744074,255.73486765779757,50.139324750562196,171.7953493250566,50.10049801824209,1.261920550081948,1.419942030850749,171.76570698987808,229.8358339476331,281.1494203783173,1.261698762148345,10.090613037830643,170.0745443537198,140.003504920631,0.009843818706733667,0.0032320879025022698
1.622143207,281.0841186,154.7338577,1.572014988,943.2283064,944.8676213,277.820536,944.8676213,1.521315038,233.8611735,1.521205088,277.820536,127.06925340000001,259.36019235000003,127.06925340000001,1.420791072,1.420091052,259.36019235000003,233.62221205,270.86198564999995,1.4199410285,8.496028603500001,257.49461035,49.678881325,172.2789553,49.678881325,1.2620917674999999,1.420091052,172.2789553,230.20644149999998,283.538002,1.2618193015,10.204297875,170.52450215,163.07243215,0.009106409499999999,0.004299127499999998,1.6221418959356202,281.109507348461,154.6900692455673,1.5720004602126922,941.7717743550338,942.7946022296658,277.7987447820851,943.0329205984474,1.5213056047592002,230.9605343710149,1.5212044292010958,278.03182896271517,125.56012726508983,257.6666617655436,125.5958496267507,1.4206424285100598,1.4199519435666246,257.73290352725877,233.0856969713324,271.99514472682074,1.4198019870763436,8.370172532981458,255.73630239354716,50.13824937453577,171.79475041355417,50.099393010737934,1.261920614831106,1.4199420525555724,171.7650889051346,229.83691420595244,281.1533129957002,1.2616987989799784,10.090665808298153,170.07388865053605,140.006273841373,0.00984316443211839,0.0032328722486228588
1.622143207,281.0841186,154.7338577,1.572014988,943.2283064,944.8676213,277.820536,944.8676213,1.521315038,233.8611735,1.521205088,277.820536,127.06705975,259.3611803,127.06705975,1.420791072,1.420091051,259.3611803,233.619692,270.85841085000004,1.419941027,8.496027376,257.49564675,49.679088085000004,172.27948585000001,49.679088085000004,1.2620918395,1.420091051,172.27948585000001,230.2060438,283.53864135000003,1.2618193715000001,10.204368500000001,170.52499235,163.0750026,0.009106592999999996,0.004299229999999999,1.6221418977918005,281.1097004947478,154.69003671904363,1.5720004629241886,941.771353135521,942.7936421062934,277.7991462275494,943.0320823689756,1.5213056372467393,230.95915521472142,1.5212044572444912,278.03216460315537,125.55836734354806,257.6679523961359,125.5941049223706,1.4206424502564525,1.4199519685180078,257.73420127683875,233.0834972624863,271.9926108858457,1.4198020122380113,8.370196483735652,255.73766423376532,50.137209494560736,171.7941555385235,50.09832535125277,1.2619206742172024,1.4199420726894798,171.76447485686293,229.8379350005111,281.15702714115855,1.2616988319749833,10.090713781450434,170.07324040417393,140.0089566047099,0.009842541151894322,0.0032336178391182482
1.622143207,281.0841186,154.7338577,1.572014988,943.2283064,944.8676213,277.820536,944.8676213,1.521315038,233.8611735,1.521205088,277.820536,127.06496235,259.3621249,127.06496235,1.420791071,1.42009105,259.3621249,233.6172825,270.85499295,1.419941026,8.496026201500001,257.49663765,49.6792849,172.2799931,49.6792849,1.2620919085,1.42009105,172.2799931,230.20566265000002,283.5392514,1.261819439,10.20443599,170.5254611,163.07749745,0.009106768500000003,0.0042993275,1.6221418996146364,281.1098862663582,154.69002932665188,1.5720004653967619,941.7709572189473,942.7927212227459,277.79953165697606,943.03128087466,1.521305668139798,230.95783352327356,1.521204483927757,278.0324870129558,125.55668058136534,257.6691869123546,125.59243279207408,1.4206424703061176,1.4199519916628376,257.7354395619332,233.0813932513479,271.99019303847973,1.4198020358528551,8.370218970832648,255.73896244840395,50.136206653943674,171.79357226834927,50.097295348447915,1.2619207300715267,1.4199420911215614,171.76387291800665,229.8389359738162,281.16061587391306,1.2616988621564604,10.090758899057938,170.07260607721224,140.0115888619818,0.009841940950970155,0.0032343343856643253
1.622143207,281.0841186,154.7338577,1.572014988,943.2283064,944.8676213,277.820536,944.8676213,1.521315038,233.8611735,1.521205088,277.820536,127.06295700000001,259.36302805,127.06295700000001,1.4207910705,1.420091049,259.36302805,233.61497875,270.85172495,1.419941025,8.4960250785,257.497585,49.67947217,172.2804779,49.67947217,1.2620919745,1.420091049,172.2804779,230.20529765,283.53983389999996,1.261819503,10.204500450000001,170.5259091,163.079918,0.009106935999999998,0.004299420499999999,1.622141901304094,281.11006080036645,154.6900352405653,1.5720004678915607,941.7705791632716,942.7918387441332,277.7998989813167,943.0305161155005,1.5213056977871688,230.9565427744348,1.5212045093745417,278.03279236219447,125.55506288161759,257.67035693892,125.59082972421191,1.4206424888004487,1.4199520133807517,257.7366179637784,233.0793802534139,271.9878889324197,1.4198020578048633,8.370239728152951,255.74019998699328,50.13524208732984,171.79300211670835,50.09630423696862,1.2619207822632723,1.4199421082969101,171.76328460224266,229.83989234930075,281.16405507613615,1.261698889908073,10.09080093267708,170.07198566965096,140.0141735841337,0.009841366461376134,0.003235020189454858
1.622143207,281.0841186,154.7338577,1.572014988,943.2283064,944.8676213,277.820536,944.8676213,1.521315038,233.8611735,1.521205088,277.820536,127.06103965,259.36389165,127.06103965,1.42079107,1.420091048,259.36389165,233.6127761,270.84860034999997,1.419941024,8.4960240045,257.4984909,49.679650269999996,172.28094105,49.679650269999996,1.262092037,1.420091048,172.28094105,230.2049482,283.54039005,1.261819565,10.204562015,170.526337,163.0822657,0.009107096,0.004299509500000001,1.6221419029379776,281.1102304179238,154.69004854687043,1.5720004703419088,941.7702048286163,942.790982147107,277.8002562085902,943.0297672192493,1.5213057262885068,230.9552918089507,1.5212045337332227,278.03309144428795,125.5535119032053,257.6714716886399,125.58929279240978,1.4206425061070709,1.4199520334622953,257.73773815743,233.07745425339596,271.98570419842343,1.419802078403401,8.370259199229046,255.7413755854489,50.13431301676741,171.79244356992388,50.09535109083095,1.2619208309232457,1.4199421240322525,171.76270990957102,229.84081403759157,281.1673543949588,1.2616989148461581,10.09083976808607,170.07138017573297,140.0167078002205,0.00984081538635252,0.0032356779184906288
1.622143207,281.0841186,154.7338577,1.572014988,943.2283064,944.8676213,277.820536,944.8676213,1.521315038,233.8611735,1.521205088,277.820536,127.05920635000001,259.3647173,127.05920635000001,1.420791069,1.420091047,259.3647173,233.61067005,270.84561265,1.419941023,8.496022976999999,257.49935705,49.67981959,172.28138365,49.67981959,1.262092097,1.420091047,172.28138365,230.2046133,283.54092095,1.2618196235,10.204620815,170.52674595,163.08454204999998,0.0091072495,0.004299594999999999,1.6221419045162866,281.1103905537543,154.6900662886106,1.5720004725977847,941.7698409128182,942.7901455874382,277.8005974198261,943.0290366905762,1.521305753743467,230.95406294533026,1.521204557176908,278.0333779920912,125.55202296392952,257.67252529881836,125.58781731446875,1.4206425218300802,1.4199520521038322,257.7387980490682,233.07561324364983,271.98363602111203,1.419802097364883,8.370276984881698,255.74248840104795,50.133416664304505,171.79189107784705,50.09443220609914,1.2619208755282212,1.4199421382490427,171.7621397579301,229.84171094931546,281.17051383038114,1.261698936842828,10.090875176841326,170.0707816415152,140.01918259740728,0.009840289326466578,0.003236307555589699
1.622143207,281.0841186,154.7338577,1.572014988,943.2283064,944.8676213,277.820536,944.8676213,1.521315038,233.8611735,1.521205088,277.820536,127.0574535,259.3655068,127.0574535,1.420791069,1.420091046,259.3655068,233.60865635,270.84275605,1.419941022,8.496021995,257.50018520000003,49.679980495,172.2818068,49.679980495,1.262092155,1.420091046,172.2818068,230.20429224999998,283.54142745,1.2618196795,10.204677010000001,170.52713695,163.08674865,0.009107396000000004,0.004299676999999998,1.6221419059890048,281.11053980315774,154.69010620752601,1.5720004747314211,941.7695022999591,942.7893557816033,277.8009226150244,943.0283487412886,1.5213057797783431,230.95287828543718,1.521204579433571,278.03365061290515,125.55059781961484,257.6735366138347,125.5864050462134,1.4206425364784956,1.4199520694886365,257.73981522678025,233.0738518704576,271.9816646928335,1.419802115153357,8.37029392782263,255.74355444552563,50.132553647263784,171.79135170430357,50.0935478914345,1.2619209166014245,1.4199421514971013,171.76158373394045,229.8425583079054,281.1735478530997,1.2616989562817456,10.090907844273595,170.07019802094072,140.02161877230904,0.009839782776858657,0.003236910764706162
1.622143207,281.0841186,154.7338577,1.572014988,943.2283064,944.8676213,277.820536,944.8676213,1.521315038,233.8611735,1.521205088,277.820536,127.05577745,259.36626160000003,127.05577745,1.420791068,1.420091045,259.36626160000003,233.60673094999999,270.84002465000003,1.419941021,8.496021055,257.500977,49.68013334,172.28221175,49.68013334,1.2620922095,1.420091045,172.28221175,230.203984,283.54191045000005,1.261819733,10.204730739999999,170.5275111,163.0888869,0.009107536000000001,0.004299754499999998,1.6221419074172634,281.1106844872853,154.6901549973115,1.5720004767817124,941.7691711291408,942.7885876829054,277.801237016806,943.0276824991387,1.5213058047170138,230.95173782927145,1.5212046007010487,278.0339159220498,125.54923003223767,257.67449181447745,125.58504837907047,1.420642549458462,1.4199520852763428,257.7407762901188,233.07216678774557,271.9797857089815,1.4198021312145446,8.370309096633619,255.74456192076127,50.13171995304812,171.7908178809088,50.09269413423994,1.2619209549276937,1.4199421632266078,171.76103376465852,229.84340071118197,281.17647093381106,1.2616989736744613,10.090937770382876,170.06962136006646,140.02400147020077,0.009839301464288349,0.0032374851780326893
1.622143207,281.0841186,154.7338577,1.572014988,943.2283064,944.8676213,277.820536,944.8676213,1.521315038,233.8611735,1.521205088,277.820536,127.05417495,259.3669834,127.05417495,1.420791068,1.420091044,259.3669834,233.60488995,270.83741295000004,1.41994102,8.496020156,257.5017342,49.68027848,172.2825995,49.68027848,1.262092262,1.420091044,172.2825995,230.2036877,283.54237075000003,1.2618197845,10.204782135,170.52786945,163.09095835,0.009107669499999999,0.0042998285,1.6221419087843902,281.1108210943863,154.69021117948876,1.572000478820891,941.7688578192206,942.7878513100233,277.8015360988995,943.0270446432459,1.5213058286342207,230.95063715646035,1.5212046210040713,278.03416695603045,125.54791843124826,257.675404719958,125.58374906886456,1.42064256170318,1.4199521002000453,257.74169798964294,233.07055331101057,271.97799231264696,1.4198021465281006,8.370323511439386,255.74552978802026,50.1309134210283,171.79029818516534,50.09186846522496,1.2619209906378355,1.41994217422302,171.76049943670478,229.84418860601122,281.1792637782531,1.2616989895325257,10.090965640499917,170.06905961283547,140.02633366202744,0.009838838968010312,0.0032380344783721968
1.622143207,281.0841186,154.7338577,1.572014988,943.2283064,944.8676213,277.820536,944.8676213,1.521315038,233.8611735,1.521205088,277.820536,127.0526426,259.36767355,127.0526426,1.420791067,1.420091044,259.36767355,233.60312965,270.83491575,1.419941019,8.496019296,257.5024581,49.68041624,172.28297095,49.68041624,1.2620923125,1.420091044,172.28297095,230.2034027,283.54280919999997,1.2618198335,10.204831325,170.5282128,163.0929645,0.009107797500000002,0.0042998995,1.6221419100959429,281.11094927328577,154.69027918949277,1.5720004807933934,941.7685571607698,942.7871458280671,277.8018216021785,943.0264351736099,1.5213058513804807,230.94956300588564,1.5212046402684496,278.034407892944,125.54665891972252,257.6762736552205,125.58250067757211,1.420642572675352,1.4199521138931968,257.7425727876012,233.0690074249642,271.9762799992236,1.4198021604366249,8.37033681741394,255.74644751326628,50.13013127325248,171.78978504868851,50.091067489115105,1.2619210234702367,1.4199421840674273,171.75997116345874,229.8449517242735,281.1819505042534,1.261699003344388,10.09099088351576,170.0685058195476,140.0286153477891,0.009838398035410692,0.003238558316656168
1.622143207,281.0841186,154.7338577,1.572014988,943.2283064,944.8676213,277.820536,944.8676213,1.521315038,233.8611735,1.521205088,277.820536,127.05117745000001,259.3683334,127.05117745000001,1.420791067,1.420091043,259.3683334,233.6014465,270.83252795,1.419941018,8.496018474,257.50315035,49.680546955,172.28332690000002,49.680546955,1.2620923605,1.420091043,172.28332690000002,230.20312855,283.54322679999996,1.2618198805,10.204878404999999,170.5285418,163.09490699999998,0.009107920000000002,0.004299967499999999,1.6221419113963806,281.11107569630985,154.6903324147133,1.5720004826047618,941.7682557581148,942.7864545392389,277.80209666021557,943.0258340528733,1.5213058733295006,230.94852863866555,1.5212046588898576,278.0346401254892,125.5454544240348,257.677095688917,125.58130671684236,1.4206425828274392,1.4199521266176167,257.7434006839934,233.06753448332435,271.97465439946916,1.4198021735330668,8.370349103263775,255.74731846739093,50.12937412704329,171.78928452618607,50.09029336653956,1.2619210540789296,1.4199421932311043,171.75945752242296,229.84569502128224,281.1845311118121,1.2616990153658239,10.091014413204736,170.06796594566015,140.0308465274857,0.009837994933968797,0.0032390439009796984
1.622143207,281.0841186,154.7338577,1.572014988,943.2283064,944.8676213,277.820536,944.8676213,1.521315038,233.8611735,1.521205088,277.820536,127.04977650000001,259.36896435,127.04977650000001,1.4207910665,1.420091042,259.36896435,233.5998371,270.83024475,1.419941018,8.4960176865,257.50381225,49.680670925,172.2836678,49.680670925,1.2620924064999999,1.420091042,172.2836678,230.2028648,283.5436246,1.2618199255,10.204923455,170.52885705,163.09678724999998,0.0091080365,0.004300032499999999,1.6221419126356869,281.1111961493578,154.6903767690638,1.572000484316116,941.767953611256,942.7857757737592,277.80236162118547,943.0252462903751,1.5213058940826603,230.94751195293642,1.5212046765220806,278.03486365366615,125.54429909143637,257.67787542745134,125.58016191920147,1.420642592329114,1.4199521383994869,257.7441883790434,233.06612444786992,271.97310931955013,1.4198021858045358,8.370360812521382,255.74814854945458,50.12863642649703,171.78879258118616,50.089537763642866,1.2619210822023013,1.4199422015045955,171.75894993609484,229.84639867578383,281.18699595379803,1.2616990258526084,10.0910355442361,170.06743402571578,140.0330331430073,0.009837620951267206,0.0032394945776017497
1.622143207,281.0841186,154.7338577,1.572014988,943.2283064,944.8676213,277.820536,944.8676213,1.521315038,233.8611735,1.521205088,277.820536,127.04843695,259.3695677,127.04843695,1.420791066,1.420091042,259.3695677,233.59829825,270.8280616,1.419941017,8.496016934,257.5044451,49.680788469999996,172.28399425,49.680788469999996,1.2620924505,1.420091042,172.28399425,230.20261125000002,283.5440036,1.2618199685,10.20496655,170.52915885,163.0986068,0.009108148500000003,0.004300094499999999,1.6221419137805166,281.111307471854,154.69042555884928,1.5720004860108012,941.7676678368869,942.7851295689851,277.80260986976833,943.0246835745743,1.5213059142378897,230.94653063018916,1.5212046935855223,278.03507673660124,125.54319116610262,257.6786166396993,125.57906452882486,1.4206426010389825,1.4199521494220813,257.744938385335,233.0647766493862,271.97163631333,1.4198021971865813,8.370371368594528,255.7489373380958,50.12792002358161,171.7883077000119,50.08880623632866,1.261921107971158,1.4199422092544478,171.75845244094623,229.84708746434524,281.1893739716045,1.2616990348047414,10.091054961940594,170.06691155107885,140.03516628151883,0.009837264855952512,0.003239924460443454
1.622143207,281.0841186,154.7338577,1.572014988,943.2283064,944.8676213,277.820536,944.8676213,1.521315038,233.8611735,1.521205088,277.820536,127.04715605,259.3701446,127.04715605,1.420791066,1.420091041,259.3701446,233.59682675,270.82597405,1.419941016,8.496016214,257.50505024999995,49.68089987,172.28430665000002,49.68089987,1.2620924919999998,1.420091041,172.28430665000002,230.20236764999999,283.54436480000004,1.26182001,10.205007755,170.5294477,163.1003672,0.009108254999999997,0.004300153999999999,1.6221419149753633,281.11141633612476,154.69047730559146,1.5720004876221412,941.7673865277424,942.7845008968986,277.80285219938077,943.0241367216819,1.5213059331474312,230.94558467042378,1.5212047096103196,278.0352849450901,125.54212830693405,257.67932100071687,125.57801161933818,1.4206426090136024,1.4199521596068536,257.7456540529801,233.06348640337004,271.9702387592633,1.4198022076534225,8.370381303722194,255.74968567603744,50.12722399231308,171.7878313963402,50.08809538932249,1.2619211316471128,1.4199422160617508,171.75796453241813,229.84774652102632,281.1916555181003,1.2616990422222232,10.091072552096431,170.06640001311365,140.03723405924032,0.009836929739413549,0.003240331186156992
1.622143207,281.0841186,154.7338577,1.572014988,943.2283064,944.8676213,277.820536,944.8676213,1.521315038,233.8611735,1.521205088,277.820536,127.0459313,259.37069615,127.0459313,1.420791065,1.42009104,259.37069615,233.5954198,270.823978,1.419941015,8.496015525,257.5056289,49.681005405,172.2846053,49.681005405,1.2620925330000001,1.42009104,172.2846053,230.20213375,283.5447093,1.261820049,10.205047125,170.5297239,163.10206995,0.009108356999999997,0.004300210000000002,1.6221419160701762,281.1115195815944,154.69053496624707,1.572000489116798,941.7671208468836,942.7838997761786,277.80308478010073,943.0236165852666,1.5213059513095601,230.94466523289483,1.5212047250416059,278.035482708337,125.5411099286558,257.6799943731998,125.57700143491682,1.4206426163943677,1.4199521691370776,257.74633580074266,233.06225237139188,271.96891102659237,1.4198022176304361,8.370390529197884,255.75040283323153,50.126548950014055,171.78736417473004,50.08740676593093,1.2619211528377465,1.419942222345415,171.7574852013926,229.84837089051365,281.19383094615443,1.2616990478492782,10.091088086260026,170.0658994118202,140.03925133089678,0.009836611360634672,0.0032407184472445696
1.622143207,281.0841186,154.7338577,1.572014988,943.2283064,944.8676213,277.820536,944.8676213,1.521315038,233.8611735,1.521205088,277.820536,127.04476015,259.3712236,127.04476015,1.420791065,1.42009104,259.3712236,233.5940744,270.8220693,1.419941015,8.496014865500001,257.50618225000005,49.681105349999996,172.28489085,49.681105349999996,1.2620925710000002,1.42009104,172.28489085,230.2019093,283.54503784999997,1.2618200865,10.205084750000001,170.5299879,163.10371655,0.009108453999999998,0.004300264499999999,1.62214191712053,281.1116196664885,154.6905970623377,1.5720004906392364,941.7668670732903,942.7833186928158,277.80330761192823,943.0231139815395,1.5213059686993624,230.943776737975,1.5212047397310036,278.0356735080893,125.54013251961862,257.68063173198027,125.57603339028593,1.4206426228702116,1.4199521778687525,257.74698404738666,233.06107187659282,271.9676452322564,1.4198022265633439,8.370398911961852,255.75108038244898,50.12589520534586,171.78690754885832,50.08673913150872,1.2619211725895099,1.419942227948349,171.75701747522345,229.84897543874743,281.19593402072564,1.2616990527090077,10.091102249762129,170.0654082558342,140.04120621270818,0.009836304906448053,0.0032410899383770037
1.622143207,281.0841186,154.7338577,1.572014988,943.2283064,944.8676213,277.820536,944.8676213,1.521315038,233.8611735,1.521205088,277.820536,127.04364035,259.37172795,127.04364035,1.420791065,1.420091039,259.37172795,233.59278795,270.8202442,1.419941014,8.496014235,257.50671124999997,49.68119995,172.28516374999998,49.68119995,1.2620926080000001,1.420091039,172.28516374999998,230.20169385000003,283.5453512,1.2618201225,10.205120685,170.53024025000002,163.10530845,0.009108547500000003,0.004300315500000001,1.622141918165326,281.11171343023136,154.69066359386338,1.5720004920783297,941.7666229743501,942.7827634910396,277.8035179094655,943.02263391984,1.5213059851424422,230.94291476529162,1.521204753629053,278.0358552552986,125.53919373872304,257.6812435461579,125.57510455907116,1.4206426290632674,1.419952186076789,257.7476033993159,233.05993956525498,271.9664357454976,1.4198022351095456,8.370406939899832,255.75173180725628,50.12526028901798,171.78645899593022,50.086091251410615,1.2619211905099839,1.4199422330800078,171.75655832655687,229.84955025510084,281.1979502711173,1.261699056289861,10.091115156824529,170.0649275393985,140.04310761750955,0.009836013812453344,0.003241443298258853
1.622143207,281.0841186,154.7338577,1.572014988,943.2283064,944.8676213,277.820536,944.8676213,1.521315038,233.8611735,1.521205088,277.820536,127.04256945,259.37221020000004,127.04256945,1.420791064,1.420091039,259.37221020000004,233.59155785000002,270.818499,1.419941014,8.496013631499999,257.50721715,49.681289469999996,172.28542455000002,49.681289469999996,1.2620926424999999,1.420091039,172.28542455000002,230.2014871,283.5456501,1.2618201565,10.20515501,170.53048139999999,163.10684725,0.009108636499999996,0.004300365499999999,1.6221419191712203,281.1118036822235,154.69073603930244,1.5720004934896412,941.766389294267,942.7822258219511,277.8037247252554,943.0221705559388,1.5213060009128503,230.9420881555901,1.5212047670572397,278.0360335207606,125.5382947565188,257.6818210216889,125.57421318544792,1.4206426343796807,1.4199521934339123,257.74819008765456,233.0588574450225,271.96529044937694,1.4198022427276529,8.370414080772843,255.75234699497858,50.12464543567566,171.78601952506364,50.085464668943175,1.2619212068607815,1.4199422374785728,171.75610977362876,229.85010029488728,281.1998796973294,1.2616990588476131,10.091126464781853,170.0644572625131,140.04494663246587,0.009835736358978636,0.0032417802038830854
1.622143207,281.0841186,154.7338577,1.572014988,943.2283064,944.8676213,277.820536,944.8676213,1.521315038,233.8611735,1.521205088,277.820536,127.04154555,259.37267135,127.04154555,1.420791064,1.420091038,259.37267135,233.5903816,270.8168302,1.419941013,8.4960130535,257.50770095,49.681374135,172.285674,49.681374135,1.2620926765,1.420091038,172.285674,230.20128855000002,283.5459351,1.2618201894999999,10.205187815,170.530712,163.10833424999998,0.009108721000000002,0.004300412500000001,1.6221419201104255,281.11188831541466,154.6908143986549,1.5720004946675863,941.7661704982658,942.7817215484581,277.8039200512792,943.0217347434046,1.5213060159607596,230.94129690887047,1.5212047794962413,278.036200992806,125.53743440245613,257.6823788153128,125.5733610252408,1.4206426396112577,1.4199522005161256,257.748758769142,233.05782216982175,271.9641980823788,1.4198022501781877,8.370421177292604,255.75294237871256,50.124051262641544,171.7855931727304,50.08486000142902,1.2619212211186768,1.4199422417985919,171.75567282555707,229.85063051342019,281.201731946493,1.2616990601264895,10.091136744743055,170.0640009050281,140.04674108324716,0.009835473117624295,0.0032421016599708786
1.622143207,281.0841186,154.7338577,1.572014988,943.2283064,944.8676213,277.820536,944.8676213,1.521315038,233.8611735,1.521205088,277.820536,127.04056645,259.3731123,127.04056645,1.420791064,1.420091038,259.3731123,233.5892568,270.81523445,1.419941012,8.496012501,257.5081635,49.68145418,172.28591265,49.68145418,1.2620927085,1.420091038,172.28591265,230.20109765,283.54620665,1.2618202205000002,10.205219175,170.5309327,163.10977100000002,0.009108802500000004,0.0043004574999999995,1.6221419210385155,281.1119676809798,154.69089275800738,1.5720004959566585,941.7659554232848,942.7812306332034,277.80410632475997,943.0213147937789,1.521306030560221,230.9405233436418,1.5212047917621356,278.03636150135674,125.53660799433608,257.6829052016381,125.57254164042625,1.420642644220701,1.4199522069961543,257.7492943682749,233.05683039357902,271.9631535768213,1.419802256945542,8.370427386747396,255.7535044748917,50.123475300625095,171.78517438878177,50.08427261894846,1.2619212347225404,1.419942245306971,171.75524546410585,229.8511409106995,281.20350701860815,1.2616990611495904,10.091145882486348,170.06355399285056,140.0484761151284,0.009835224774537275,0.0032424053053585165
1.622143207,281.0841186,154.7338577,1.572014988,943.2283064,944.8676213,277.820536,944.8676213,1.521315038,233.8611735,1.521205088,277.820536,127.03963025,259.3735339,127.03963025,1.420791063,1.420091037,259.3735339,233.5881813,270.8137086,1.419941012,8.4960119715,257.5086058,49.681529815000005,172.28614105,49.681529815000005,1.2620927384999998,1.420091037,172.28614105,230.2009141,283.5464652,1.2618202505,10.205249165,170.53114385,163.1111588,0.009108880000000001,0.004300501000000001,1.6221419219332613,281.11204774889507,154.6909755527949,1.5720004972290613,941.7657515113652,942.780759755306,277.8042866792704,943.0209098721715,1.521306044312615,230.9397895617677,1.5212048033356003,278.0365171354613,125.53581553215864,257.6834135811121,125.57175737210378,1.420642648632193,1.4199522131096358,257.7498098667366,233.0558801086501,271.9621558065529,1.4198022633906413,8.370433330082696,255.7540417107451,50.12291662364237,171.7847656960126,50.08370406480805,1.2619212464951144,1.4199422487368045,171.75482869839314,229.85161166547172,281.20521456080587,1.261699060893815,10.091153763789936,170.06311901158764,140.05016064094463,0.009834985830419923,0.0032426948385304065
1.622143207,281.0841186,154.7338577,1.572014988,943.2283064,944.8676213,277.820536,944.8676213,1.521315038,233.8611735,1.521205088,277.820536,127.03873494999999,259.3739371,127.03873494999999,1.420791063,1.420091037,259.3739371,233.58715285,270.81224944999997,1.419941011,8.4960114655,257.5090287,49.681601255,172.2863597,49.681601255,1.2620927685,1.420091037,172.2863597,230.20073735,283.5467115,1.2618202795000002,10.20527785,170.5313461,163.11249905,0.009108954500000002,0.004300542000000001,1.6221419228002198,281.1121214956591,154.69105686910407,1.572000498418119,941.7655528088743,942.7803039054266,277.80445902576196,943.0205174739128,1.5213060572926824,230.93907346138457,1.521204814117717,278.0366668505954,125.53505467482431,257.68388804070366,125.57100295279953,1.420642652167042,1.4199522185423872,257.75029563295567,233.0549739918939,271.9612104023313,1.4198022688560856,8.370438430706274,255.75454945129673,50.12237399704809,171.784366085305,50.083152795701224,1.2619212572212377,1.4199422515644533,171.75442101474192,229.8520873755573,281.2068593966517,1.2616990603822646,10.091160731319198,170.06269248138926,140.0517946606958,0.009834760408118069,0.0032429709291213935
1.622143207,281.0841186,154.7338577,1.572014988,943.2283064,944.8676213,277.820536,944.8676213,1.521315038,233.8611735,1.521205088,277.820536,127.03787885,259.37432265,127.03787885,1.420791063,1.420091036,259.37432265,233.58616940000002,270.8108542,1.419941011,8.4960109805,257.50943315,49.681668695,172.28656915,49.681668695,1.2620927965000002,1.420091036,172.28656915,230.2005673,283.54694585,1.2618203065,10.20530529,170.5315398,163.11379325000001,0.009109025500000001,0.004300580999999999,1.6221419236616208,281.1121938377229,154.6911470562833,1.5720004994849373,941.7653712230773,942.7798764418035,277.8046247569337,943.0201517921313,1.5213060695751646,230.93839714435606,1.521204824429971,278.0368116912833,125.53432659288285,257.68434868108375,125.5702824794376,1.420642655758449,1.4199522237525921,257.75076381108744,233.0541020050894,271.96030497648957,1.4198022743602003,8.3704436643896,255.75504118011312,50.1218498901328,171.78397807945382,50.0826191202893,1.2619212671625224,1.4199422542350106,171.75402544050613,229.85252344313577,281.208427055449,1.2616990591033885,10.091166899295919,170.06227788210552,140.05338114532694,0.009834546101360976,0.0032432325634814043
1.622143207,281.0841186,154.7338577,1.572014988,943.2283064,944.8676213,277.820536,944.8676213,1.521315038,233.8611735,1.521205088,277.820536,127.03706025,259.37469125,127.03706025,1.420791063,1.420091036,259.37469125,233.585229,270.80952005,1.41994101,8.496010517,257.5098199,49.681732339999996,172.28676969999998,49.681732339999996,1.2620928230000001,1.420091036,172.28676969999998,230.20040360000002,283.547169,1.2618203325000001,10.205331535,170.53172525000002,163.11504259999998,0.009109092499999997,0.004300618499999999,1.6221419244118735,281.11226231686095,154.69123132954917,1.572000500607319,941.765187404668,942.7794539875196,277.804784569135,943.0197911196892,1.521306081533768,230.93772966807302,1.521204834470199,278.03695026482603,125.53362718941014,257.684782520569,125.56958951399444,1.420642658671165,1.4199522283213395,257.7512060258523,233.05327150959866,271.9594457228611,1.419802279129574,8.370448144067698,255.7555046777121,50.12133936431543,171.78359562375132,50.082101495265704,1.261921275534131,1.4199422564866568,171.75363592097798,229.8529496000874,281.20993683145997,1.261699056929299,10.091171810832938,170.06187024252196,140.05492306578307,0.009834341993120846,0.0032434807483970487
1.622143207,281.0841186,154.7338577,1.572014988,943.2283064,944.8676213,277.820536,944.8676213,1.521315038,233.8611735,1.521205088,277.820536,127.03627745,259.37504375000003,127.03627745,1.420791062,1.420091036,259.37504375000003,233.58432975,270.80824425000003,1.41994101,8.496010073,257.51018965000003,49.68179235,172.28696165,49.68179235,1.2620928485,1.420091036,172.28696165,230.20024605,283.54738145,1.261820358,10.205356635,170.5319028,163.11624849999998,0.009109157499999996,0.0043006545,1.6221419251954705,281.11232763542336,154.69132299520678,1.5720005016463554,941.7650177261364,942.7790565799324,277.80493706966695,943.0194538241648,1.5213060930937512,230.93709755477187,1.5212048440900232,278.0370836157478,125.53295587913131,257.6851983532031,125.56892464174493,1.4206426614707655,1.4199522326151768,257.75163149005795,233.05247380563014,271.9586270106883,1.4198022837829356,8.370452401979556,255.7559492140457,50.12084581487047,171.7832237637873,50.081599611969125,1.2619212831209008,1.4199422583455743,171.75325649262936,229.85336089109893,281.2113887246846,1.2616990544994342,10.091176379704585,170.06147453385307,140.05641150922912,0.009834148540904511,0.003243717838290793
1.622143207,281.0841186,154.7338577,1.572014988,943.2283064,944.8676213,277.820536,944.8676213,1.521315038,233.8611735,1.521205088,277.820536,127.0355289,259.37538085,127.0355289,1.420791062,1.420091035,259.37538085,233.58346985,270.80702425000004,1.41994101,8.496009648,257.51054325,49.681848915,172.2871453,49.681848915,1.2620928729999998,1.420091035,172.2871453,230.20009455,283.54758375,1.261820382,10.205380625,170.53207270000001,163.11741215,0.009109219000000002,0.004300688499999999,1.6221419259234935,281.11238733518474,154.691408746951,1.5720005026742792,941.7648532570333,942.7786733654734,277.80508086583063,943.0191248775393,1.5213061037568392,230.93647428221615,1.5212048530421476,278.0372082623013,125.53231266204637,257.68559492269395,125.56828786268906,1.4206426638461842,1.4199522365424668,257.7520360160645,233.05171090082806,271.9578420830618,1.419802287843348,8.370456305065424,255.7563718395837,50.12036492053948,171.7828594722079,50.08111069244773,1.261921289399607,1.419942260021218,171.75288614634226,229.8537325396033,281.21276826442624,1.261699050918581,10.091179463692946,170.06108777337016,140.05785538850017,0.009833964026084182,0.0032439421466713626
1.622143207,281.0841186,154.7338577,1.572014988,943.2283064,944.8676213,277.820536,944.8676213,1.521315038,233.8611735,1.521205088,277.820536,127.03481310000001,259.37570315,127.03481310000001,1.420791062,1.420091035,259.37570315,233.5826476,270.80585765,1.419941009,8.496009241,257.5108814,49.681902195000006,172.287321,49.681902195000006,1.2620928965,1.420091035,172.287321,230.19994874999998,283.5477764,1.2618204044999999,10.20540356,170.53223524999999,163.11853495,0.009109277999999997,0.004300721500000002,1.6221419266904182,281.11244808847135,154.69150336956528,1.572000503668865,941.7647014393998,942.7783093534817,277.8052204838976,943.0188159682718,1.521306114021307,230.93588637264236,1.5212048615244091,278.0373315161559,125.53169636760556,257.68597432286157,125.5676780062771,1.4206426661367664,1.4199522402864835,257.7524254665677,233.05097944911864,271.9570954445878,1.4198022916975175,8.370459897678554,255.75677803202498,50.119899150612994,171.78250426269,50.08063782331466,1.2619212951550878,1.4199422614612245,171.7525248821167,229.85410914342106,281.2140995685126,1.261699047593503,10.091182319237724,170.06071045819468,140.0592576745412,0.009833789822531656,0.0032441550182170293
1.622143207,281.0841186,154.7338577,1.572014988,943.2283064,944.8676213,277.820536,944.8676213,1.521315038,233.8611735,1.521205088,277.820536,127.03412865,259.37601140000004,127.03412865,1.420791062,1.420091035,259.37601140000004,233.58186135,270.80474204999996,1.419941009,8.496008852,257.5112047,49.68195236,172.28748905,49.68195236,1.262092919,1.420091035,172.28748905,230.1998087,283.54795995,1.2618204265,10.20542547,170.5323907,163.11961804999999,0.0091093345,0.004300752500000001,1.622141927351752,281.112504276482,154.69159355674455,1.5720005046023309,941.764547389154,942.7779511857194,277.8053531384699,943.0185120683439,1.5213061239369825,230.93531172418676,1.5212048698088338,278.03744745834115,125.53110348415967,257.68632943471823,125.5670903903101,1.4206426678052153,1.4199522433497698,257.752788116176,233.0502814581462,271.956390473721,1.4198022950876397,8.3704629580527,255.7571576786947,50.11944541847785,171.78215258508496,50.0801782266181,1.2619212992100857,1.419942262429956,171.75216714980394,229.85445106004505,281.21537781337815,1.2616990427337738,10.091183804121009,170.06033612574785,140.06060945451716,0.009833625127993817,0.0032443564506743124
1.622143207,281.0841186,154.7338577,1.572014988,943.2283064,944.8676213,277.820536,944.8676213,1.521315038,233.8611735,1.521205088,277.820536,127.0334741,259.3763061,127.0334741,1.420791062,1.420091034,259.3763061,233.58110944999999,270.80367524999997,1.419941008,8.496008479,257.5115139,49.681999555,172.28764975,49.681999555,1.26209294,1.420091034,172.28764975,230.19967400000002,283.5481347,1.2618204469999998,10.205446405,170.5325393,163.1206627,0.009109388500000003,0.004300782499999998,1.6221419280575453,281.112556601567,154.6916807869671,1.572000505458008,941.764400780949,942.7776122204244,277.8054812667707,943.0182206917646,1.5213061330803312,230.9347547572221,1.521204877376099,278.03756131147804,125.5305375233579,257.68667575253124,125.566529696987,1.4206426696150583,1.4199522465570567,257.7531436467967,233.04961224340752,271.9557119674154,1.41980229834886,8.370466062780096,255.75752805541245,50.11900557610195,171.7818125123363,50.079732211019355,1.2619213031342769,1.419942263581961,171.7518230405835,229.85479297666907,281.21660782258834,1.2616990383855948,10.091185403226085,170.05997670694433,140.0619226122081,0.009833469598410475,0.003244547452532172
1.622143207,281.0841186,154.7338577,1.572014988,943.2283064,944.8676213,277.820536,944.8676213,1.521315038,233.8611735,1.521205088,277.820536,127.0328482,259.37658795,127.0328482,1.420791061,1.420091034,259.37658795,233.58039045,270.8026552,1.419941008,8.496008122500001,257.51180954999995,49.68204392,172.28780335,49.68204392,1.262092961,1.420091034,172.28780335,230.19954445000002,283.5483012,1.2618204670000002,10.20546641,170.53268145,163.12167005,0.0091094395,0.004300811499999999,1.6221419286910919,281.1126082243018,154.6917783665381,1.572000506313685,941.764270545234,942.7772957971565,277.8056034761011,943.0179543618825,1.5213061422735075,230.9342287328666,1.521204884992824,278.03766750477087,125.52999380300129,257.68700615731296,125.56599182938375,1.420642671283507,1.4199522494370693,257.753482845622,233.04896979725837,271.9550638672016,1.419802301455398,8.370468990094498,255.7578811563106,50.118578388840014,171.78148202620818,50.07929946785711,1.2619213064044366,1.419942264445965,171.7514875088656,229.85511011672614,281.2177847725777,1.2616990335258653,10.091186202778623,170.05962573920533,140.06319120572402,0.009833323004295269,0.0032447293695176804
1.622143207,281.0841186,154.7338577,1.572014988,943.2283064,944.8676213,277.820536,944.8676213,1.521315038,233.8611735,1.521205088,277.820536,127.0322497,259.37685745,127.0322497,1.420791061,1.420091034,259.37685745,233.5797029,270.8016797,1.419941008,8.496007780500001,257.51209225,49.68208561,172.2879503,49.68208561,1.2620929799999998,1.420091034,172.2879503,230.1994199,283.54845969999997,1.261820486,10.205485525,170.53281735000002,163.1226413,0.009109489000000002,0.004300838499999999,1.622141929330196,281.11265563293586,154.69186411828233,1.5720005071860312,941.7641365884984,942.7769818785582,277.80572011463585,943.0176905366703,1.5213061509185812,230.93371596962928,1.5212048921644152,278.03777126084054,125.52947173781497,257.6873193927714,125.56547386112598,1.4206426727257255,1.4199522522516272,257.7538040375961,233.04835545812824,271.9544461730795,1.4198023043556927,8.37047160693616,255.7582182454735,50.11816323936942,171.78115759478771,50.07887937980874,1.2619213091513704,1.419942265205241,171.7511585364144,229.8554223014698,281.21891831047736,1.2616990285382483,10.091186545443996,170.05928322253087,140.0644211769549,0.009833185459772822,0.0032448995048170418
1.622143207,281.0841186,154.7338577,1.572014988,943.2283064,944.8676213,277.820536,944.8676213,1.521315038,233.8611735,1.521205088,277.820536,127.03167735,259.37711509999997,127.03167735,1.420791061,1.420091033,259.37711509999997,233.57904545000002,270.80074690000004,1.419941007,8.496007453,257.51236259999996,49.682124744999996,172.2880909,49.682124744999996,1.262092999,1.420091033,172.2880909,230.1993,283.54861055000003,1.2618205045,10.205503795,170.53294745,163.12357755,0.009109536,0.004300864500000001,1.6221419299470703,281.1127030415699,154.69195430546156,1.5720005079805885,941.7640123064161,942.7766813181981,277.80583327142324,943.0174358952471,1.521306158841156,230.93322088788292,1.5212048987424955,278.03787049063874,125.5289719130738,257.6876175527266,125.56497988913779,1.420642673743762,1.4199522545032737,257.7541105728309,233.04776855680242,271.95386282657944,1.4198023067017087,8.370473868951834,255.75853595200954,50.1177607450128,171.7808422454288,50.07847163821293,1.261921310721047,1.4199422656503338,171.75083763690677,229.8557097096465,281.21999878915614,1.2616990226554181,10.091186202778623,170.05894816267806,140.06560955495576,0.009833053299737734,0.0032450622366280253
1.622143207,281.0841186,154.7338577,1.572014988,943.2283064,944.8676213,277.820536,944.8676213,1.521315038,233.8611735,1.521205088,277.820536,127.03113005,259.37736155,127.03113005,1.420791061,1.420091033,259.37736155,233.5784167,270.79985485,1.419941007,8.4960071395,257.5126211,49.682161445,172.28822545,49.682161445,1.262093017,1.420091033,172.28822545,230.19918454999998,283.54875400000003,1.2618205219999998,10.205521265,170.53307189999998,163.12447995,0.009109580999999999,0.004300889500000002,1.6221419305083704,281.1127476408034,154.6920430141625,1.5720005087362514,941.7638887685378,942.7763932811865,277.80594085741495,943.0171912725028,1.521306166738817,230.93274790800024,1.5212049051969279,278.0379662386896,125.52849374350293,257.68790314976223,125.5645058164951,1.420642674846635,1.4199522567549199,257.7544045451462,233.0472077548514,271.95330481848913,1.4198023090992857,8.37047604226101,255.75884312450924,50.117370597108845,171.78053244621861,50.07807747771494,1.2619213120291108,1.419942266016881,171.75052531490172,229.85599216250984,281.22104550287617,1.2616990169004754,10.091185631669667,170.0586220510112,140.0667652525616,0.009832930188651423,0.0032452155421758924
1.622143207,281.0841186,154.7338577,1.572014988,943.2283064,944.8676213,277.820536,944.8676213,1.521315038,233.8611735,1.521205088,277.820536,127.03060665000001,259.37759719999997,127.03060665000001,1.420791061,1.420091033,259.37759719999997,233.57781549999999,270.79900184999997,1.419941007,8.496006839500001,257.5128683,49.68219585,172.2883543,49.68219585,1.2620930339999998,1.420091033,172.2883543,230.19907335,283.54889055,1.261820539,10.205537965,170.5331911,163.1253496,0.009109624,0.004300913,1.6221419310752279,281.1127932935621,154.69212433047164,1.5720005095697032,941.7637689516799,942.7761135930737,277.80604948793086,943.0169533288779,1.5213061741382028,230.93228818923575,1.5212049113051453,278.0380619867405,125.52803313217822,257.68817660264244,125.56405047264816,1.4206426758363928,1.4199522587840199,257.75468679207,233.04666702934253,271.95277552726327,1.4198023113292901,8.370478126863691,255.75913470663514,50.11699125235096,171.78023576554176,50.07769350304031,1.2619213126831428,1.419942266357246,171.75022510231202,229.8562448834928,281.22202951024434,1.2616990108897574,10.091184489451756,170.05830787025903,140.0678793569374,0.009832812347018232,0.003245360767956878
1.622143207,281.0841186,154.7338577,1.572014988,943.2283064,944.8676213,277.820536,944.8676213,1.521315038,233.8611735,1.521205088,277.820536,127.03010615,259.3778225,127.03010615,1.42079106,1.420091033,259.3778225,233.57724059999998,270.79818615,1.419941007,8.496006552,257.51310465,49.682228065000004,172.28847760000002,49.682228065000004,1.2620930499999998,1.420091033,172.28847760000002,230.19896625,283.54902025,1.2618205544999999,10.20555394,170.5333052,163.12618750000001,0.009109665,0.004300935999999999,1.6221419316031833,281.1128354345701,154.69221895308596,1.5720005102698025,941.7636580652711,942.7758489329789,277.80614836955436,943.0167312481612,1.5213061811638822,230.93185499270768,1.5212049171660667,278.038151815821,125.52759242019918,257.68843581754726,125.56361385759698,1.4206426764585263,1.4199522605120274,257.7549543822544,233.04615240320848,271.95227213752287,1.4198023132499296,8.370479856640383,255.7594140692789,50.1166236367231,171.77994009398284,50.07732187481824,1.261921312813949,1.419942266435792,171.74992488972234,229.85651247041594,281.22299904691596,1.261699004367489,10.091182776124889,170.05799468374974,140.06894889713817,0.009832703897317047,0.0032454979128856286
1.622143207,281.0841186,154.7338577,1.572014988,943.2283064,944.8676213,277.820536,944.8676213,1.521315038,233.8611735,1.521205088,277.820536,127.0296276,259.37803799999995,127.0296276,1.42079106,1.420091032,259.37803799999995,233.5766908,270.7974061,1.419941006,8.496006277500001,257.51333075,49.682258195,172.2885957,49.682258195,1.2620930655,1.420091032,172.2885957,230.19886305,283.5491436,1.2618205699999998,10.205569215,170.53341445,163.1269947,0.009109703999999998,0.0043009580000000006,1.622141932158926,281.1128730103023,154.6923032263518,1.5720005108976696,941.7635523882909,942.7755917868931,277.8062423767316,943.016515846564,1.521306187666373,230.9314173758069,1.521204922482936,278.0382360741057,125.5271698517412,257.6886845633525,125.56319597134157,1.4206426768827083,1.4199522620174887,257.7552085719915,233.0456598611608,271.9517907077376,1.4198023148612045,8.370481453357328,255.75967699882597,50.11626744156394,171.77965350448545,50.0769619757261,1.2619213126831428,1.4199422662001544,171.7496357774301,229.8567651913989,281.22392517149774,1.2616989979731081,10.09118094857623,170.05769342815506,140.06999466977894,0.009832600602092994,0.00324562798689515
1.622143207,281.0841186,154.7338577,1.572014988,943.2283064,944.8676213,277.820536,944.8676213,1.521315038,233.8611735,1.521205088,277.820536,127.02916984999999,259.37824405000003,127.02916984999999,1.42079106,1.420091032,259.37824405000003,233.5761651,270.7966602,1.419941006,8.4960060135,257.51354685,49.68228636,172.28870869999997,49.68228636,1.2620930805000001,1.420091032,172.28870869999997,230.1987636,283.54926090000004,1.2618205845000001,10.205583815,170.53351909999998,163.12777215,0.009109741000000005,0.004300978000000001,1.622141932681324,281.11290742545884,154.69238749961767,1.5720005115755435,941.763449688127,942.7753471641555,277.80633255398675,943.0163079589759,1.5213061939197259,230.9310062811425,1.5212049276019686,278.03831615429374,125.52676425625452,257.6889182336544,125.56279447278244,1.4206426774200054,1.4199522635491317,257.75545271139293,233.04518806477003,271.9513306748317,1.4198023164338087,8.370482828308033,255.75992981569814,50.11592112356691,171.77937397881374,50.07661195379601,1.2619213116366916,1.419942266069245,171.7493532244045,229.85698322518812,281.22479823685876,1.261698991067177,10.091178435696825,170.05739813801773,140.07099884918966,0.009832502003118665,0.0032457503151372387
1.622143207,281.0841186,154.7338577,1.572014988,943.2283064,944.8676213,277.820536,944.8676213,1.521315038,233.8611735,1.521205088,277.820536,127.02873220000001,259.37844105,127.02873220000001,1.42079106,1.420091032,259.37844105,233.57566229999998,270.7959469,1.419941006,8.496005761,257.51375355000005,49.682312644999996,172.2888169,49.682312644999996,1.2620930945,1.420091032,172.2888169,230.1986679,283.54937245,1.2618205985,10.20559777,170.5336192,163.12852095,0.009109776499999996,0.004300998000000001,1.6221419331314757,281.1129439476658,154.69247620831857,1.5720005122645304,941.7633521973918,942.7751125600968,277.80642029401884,943.0161117598465,1.5213062001979927,230.93061286796905,1.52120493279519,278.03839623448175,125.52637563373914,257.68914185362075,125.5624093619196,1.420642677589678,1.419952264701137,257.75568386911095,233.04473634482142,271.9508971064871,1.4198023177614991,8.370483937139246,255.7601704130882,50.11558530005464,171.7791020215266,50.07627273501191,1.2619213104594342,1.4199422658074254,171.74907823976355,229.85721116960414,281.22564236082655,1.261698984417021,10.09117580859563,170.05711179606638,140.07197331915035,0.009832410505071125,0.0032458662447785802
1.622143207,281.0841186,154.7338577,1.572014988,943.2283064,944.8676213,277.820536,944.8676213,1.521315038,233.8611735,1.521205088,277.820536,127.02831365,259.3786295,127.02831365,1.42079106,1.420091032,259.3786295,233.57518155,270.79526475,1.4199410055000001,8.496005519,257.51395119999995,49.682337149999995,172.2889204,49.682337149999995,1.2620931085,1.420091032,172.2889204,230.1985756,283.54947845,1.2618206115000001,10.20561111,170.533715,163.12924195,0.009109810500000003,0.004301017000000002,1.622141933631644,281.1129790651725,154.69255752462774,1.5720005128812846,941.7632569392688,942.7748838002672,277.8065052486531,943.0159214049465,1.5213062060527256,230.93022829554107,1.5212049375185484,278.03847248474773,125.52599988727096,257.6893575170714,125.5620382976536,1.4206426778724661,1.419952265840051,257.75590581402133,233.0443000168118,271.950477051961,1.4198023190634093,8.3704852677367,255.76040089780332,50.115258119059234,171.77883864174206,50.07594246740592,1.2619213092821768,1.4199422653623326,171.74881183262514,229.8574192927666,281.2264575434011,1.2616989775110898,10.091173181494431,170.05683390517956,140.07290619588102,0.009832324390039468,0.003245974427044859
1.622143207,281.0841186,154.7338577,1.572014988,943.2283064,944.8676213,277.820536,944.8676213,1.521315038,233.8611735,1.521205088,277.820536,127.02791345,259.3788096,127.02791345,1.42079106,1.420091031,259.3788096,233.5747218,270.79461249999997,1.419941005,8.496005287500001,257.51414020000004,49.68235997,172.28901945,49.68235997,1.2620931215,1.420091031,172.28901945,230.19848675,283.54957920000004,1.2618206244999999,10.20562386,170.5338066,163.12993615,0.009109843499999997,0.004301034999999999,1.6221419340929104,281.11301031975347,154.6926329270235,1.5720005134647008,941.7631683789825,942.774666728896,277.8065853288411,943.0157385640557,1.5213062115337521,230.9298569842313,1.5212049421182587,278.0385435123928,125.52564228432382,257.68955852378275,125.56168362108387,1.4206426777027932,1.4199522666909639,257.75611519601233,233.04388577288856,271.9500828989204,1.4198023199915035,8.370486066095173,255.76061705622902,50.1149417412099,171.77857980298825,50.075623002945925,1.2619213074508875,1.419942264812512,171.7485519847534,229.85762246061563,281.22723896101706,1.2616989706051585,10.091170211727862,170.05656197975006,140.07381530505168,0.009832243772395501,0.003246078568520234
1.622143207,281.0841186,154.7338577,1.572014988,943.2283064,944.8676213,277.820536,944.8676213,1.521315038,233.8611735,1.521205088,277.820536,127.0275307,259.3789819,127.0275307,1.42079106,1.420091031,259.3789819,233.5742822,270.7939887,1.419941005,8.4960050655,257.51432094999996,49.68238119,172.28911415,49.68238119,1.2620931335,1.420091031,172.28911415,230.19840125000002,283.54967505,1.2618206365,10.20563604,170.5338943,163.13060430000002,0.009109874500000002,0.0043010520000000005,1.6221419345263897,281.1130419255095,154.69271720028937,1.572000514048117,941.7630746092676,942.7744529970844,277.80666471267966,943.0155565580549,1.5213062166410722,230.92949451366698,1.5212049462975654,278.03861662908616,125.52529755742388,257.6897528302704,125.56134299111098,1.4206426774765628,1.4199522672276936,257.7563149464317,233.0434889285485,271.94970676430455,1.4198023206875743,8.37048677574715,255.7608243660642,50.11463307989347,171.7783280280601,50.075312181002715,1.2619213049655662,1.4199422639746901,171.7482971824714,229.8578107625245,281.2279817901087,1.2616989631876767,10.091166670852337,170.0562965168993,140.07468876288232,0.009832167735905225,0.0032461742872565463
1.622143207,281.0841186,154.7338577,1.572014988,943.2283064,944.8676213,277.820536,944.8676213,1.521315038,233.8611735,1.521205088,277.820536,127.0271647,259.37914665,127.0271647,1.42079106,1.420091031,259.37914665,233.57386175,270.79339215,1.419941005,8.4960048525,257.51449375,49.682400895,172.28920475,49.682400895,1.2620931455,1.420091031,172.28920475,230.19831885,283.5497661,1.2618206485,10.205647679999998,170.5339781,163.13124745,0.009109903999999997,0.0043010689999999985,1.6221419349376394,281.11307598949094,154.69276746855323,1.5720005147426601,941.7630061424917,942.7742734957583,277.80673678484885,943.0154096174304,1.5213062216487374,230.92921603018465,1.5212049505016019,278.0386806932366,125.52498502064194,257.68993792395037,125.56103513653065,1.4206426790036177,1.4199522695840676,257.7565071590994,233.04311818358326,271.9493435804315,1.4198023228660177,8.370488505523841,255.7610261982005,50.114343864239984,171.77812065432167,50.075018952754405,1.2619213071892748,1.419942265126695,171.7480872859381,229.85808330476107,281.2287149720693,1.2616989601183741,10.09116792729204,170.0560762920999,140.07555330787793,0.009832046811613815,0.003246302703093027
