air,second_air2,COG,burner_input_T_PV,burner_inputP,burner_output_T_PV,burner_output_P_PV,fur_F,fur_inputT,fur_inputP,fur_temp,fur_outputT,fur_outputP_PV,WHB_F,WHB_inputT,WHB_inputP,WHB_outputT,WHB_outputP,SEP1_F,SEP1_P_PV,SEP1_T,HEATER1_F,HEATER1_input_T,HEATER1_input_P,HEATER1_output_T_PV,HEATER1_output_P,cat1_F,cat1_input_temp,cat1_output_temp,cat1_input_P,cat1_output_P_PV,SEP2_F,SEP2_P_PV,SEP2_T,HEATER2_F,HEATER2_input_T,HEATER2_input_P,HEATER2_output_T_PV,cat2_F,cat2_input_temp,cat2_output_temp,cat2_input_P,cat2_output_P_PV,SEP3_F,SEP3_P_PV,SEP3_T,B35_H2S,B35_SO2,air_pred,second_air2_pred,COG_pred,burner_input_T_PV_pred,burner_inputP_pred,burner_output_T_PV_pred,burner_output_P_PV_pred,fur_F_pred,fur_inputT_pred,fur_inputP_pred,fur_temp_pred,fur_outputT_pred,fur_outputP_PV_pred,WHB_F_pred,WHB_inputT_pred,WHB_inputP_pred,WHB_outputT_pred,WHB_outputP_pred,SEP1_F_pred,SEP1_P_PV_pred,SEP1_T_pred,HEATER1_F_pred,HEATER1_input_T_pred,HEATER1_input_P_pred,HEATER1_output_T_PV_pred,HEATER1_output_P_pred,cat1_F_pred,cat1_input_temp_pred,cat1_output_temp_pred,cat1_input_P_pred,cat1_output_P_PV_pred,SEP2_F_pred,SEP2_P_PV_pred,SEP2_T_pred,HEATER2_F_pred,HEATER2_input_T_pred,HEATER2_input_P_pred,HEATER2_output_T_PV_pred,cat2_F_pred,cat2_input_temp_pred,cat2_output_temp_pred,cat2_input_P_pred,cat2_output_P_PV_pred,SEP3_F_pred,SEP3_P_PV_pred,SEP3_T_pred,B35_H2S_pred,B35_SO2_pred
123.24932236894949,330.0008412843878,44.37960926377324,599.998800706353,1.6221202700339048,1219.5041839524315,1.622200596302762,285.2680995990495,170.76654845576735,1.5720606794327865,960.3169602790441,963.6087552049388,1.5713302336024326,281.87852036896595,963.6087552047929,1.5212903415743857,266.30893763363105,1.521175602193325,281.87852036896595,1.5207552215952003,139.96578264568427,264.8821637336564,139.96578264192496,1.4230626010526257,344.6479725273058,1.422311868667808,264.8821637336564,344.6479725273058,371.1605355704985,1.4221218430133105,1.4114487647727456,263.46578139882524,1.361368005541756,64.70370932620267,197.94799959809723,64.70370932385859,1.2636249422771044,190.00058077936455,197.94799959809723,190.00058077936455,238.17071570690467,1.2632897276506405,1.2516166654928729,196.15668070775493,1.2009179852164538,133.02123031083573,0.014147814816011746,0.009558769238560349,118.60574987550112,205.90171312859735,27.380039888786538,600.5902288404797,1.6220549972238283,1220.0456411143662,1.6220966083742867,268.487725854756,132.59835672048632,1.5719725777903508,919.0353988516006,915.7315872002256,1.5713305243275733,265.25869880784273,919.5746104761392,1.5211409172469288,154.09302407634158,1.5210393066289927,265.06066677003037,1.5205138544701309,122.85832901628474,237.58561810148194,123.41135683514126,1.4196330820250538,241.71238355624072,1.4189154901427314,237.76230300073127,241.85364943386017,288.0164140001817,1.4189247092380828,1.41141076561037,234.67768674839553,1.3611187066313586,48.97169572122367,158.67246316414878,49.13309234519049,1.2597761329196817,181.29856591243373,160.31821949872335,180.80168517950307,231.60435515328223,1.2595729829980793,1.2516409770972041,158.01607531102692,1.2007896561755569,132.98009289438238,0.009431880262506326,0.0016883499209809918
123.25787327147705,329.99991668129405,44.38007711876754,600.0003347976381,1.622113484871809,1219.507801806718,1.6221938142123582,285.2864285165749,170.7615504994102,1.572047006365632,960.3114031485882,963.6028350845602,1.571316462633611,281.8966476710443,963.6028350846076,1.5213324048471084,266.35017745563744,1.5212176476952228,281.8966476710443,1.5207972336115743,139.97276422207918,264.95376409530434,139.97276422311347,1.423065581158835,344.5993238170056,1.42231444029201,264.95376409530434,344.5993238170056,371.12841892538756,1.4221243180640797,1.41144649699786,263.53592093772363,1.3613758700463894,64.70234458443812,197.96651238837825,64.70234458311393,1.2636254218333343,189.99914445813351,197.96651238837825,189.99914445813351,238.16686255320755,1.2632901438793298,1.25161521306491,196.17533394916285,1.200916025167578,133.02084546609854,0.0141465432678953,0.00955672403506705,118.60626462943095,205.90034417710245,27.379933533788773,600.5902470496503,1.6220549910106257,1220.0456467040874,1.6220966020736536,268.48925978744825,132.5956296671726,1.5719725985210733,919.0330084680761,915.7289539575156,1.571330541280575,265.2600302280121,919.5718336322915,1.5211409691422846,154.0940009787161,1.5210393758966738,265.06200933179116,1.520513918269478,122.85852244963013,237.58664491076559,123.41162079410653,1.4196331397703514,241.7122135756971,1.4189155398884061,237.76316230442217,241.8534446541501,288.01655364297324,1.4189247753390213,1.4114107853521523,234.67833901592576,1.3611187836775132,48.97181116055601,158.67304643432303,49.13327877662416,1.2597762195135052,181.298306997309,160.31883657434886,180.80168517950307,231.60438650645816,1.2595730440644157,1.2516409969802929,158.0166017626354,1.2007897224266897,132.98086979650043,0.009431909317959184,0.0016883625424459977
123.25878536944798,329.9999122253046,44.379953071815194,599.9999295937411,1.6221146149599186,1219.506196549918,1.6221949441334345,285.2883866237721,170.76080872956032,1.5720455095198678,960.3106596806031,963.6019565658485,1.5713149555045165,281.89857889363014,963.6019565658489,1.5213316726504524,266.35445025836117,1.521216914961819,281.89857889363014,1.520796499976882,139.97804916424883,264.9810249080416,139.97804916610426,1.4230663121348268,344.58331743817007,1.4223150213928513,264.9810249080416,344.5833174381701,371.1118152817033,1.4221248805607098,1.411445555193581,263.56309954001705,1.361375106681867,64.70157294460557,197.96709330921698,64.7015729437887,1.2636254198736956,189.99987876965724,197.96709330921698,189.99987876965724,238.16854508025725,1.2632901374586258,1.2516150103876869,196.17585331106716,1.2009150224190253,133.02046679943567,0.014145901900719248,0.009555266666096202,118.60606016816807,205.90217533915742,27.38008982791209,600.5902944487929,1.6220549954899113,1220.0457157344338,1.6220966068458609,268.48919938533675,132.59579747446514,1.571972576131782,919.0333321968535,915.7291944058036,1.5713305165103375,265.25973706488907,919.5722402236787,1.5211408301235205,154.09391699163413,1.5210392455468176,265.0617607350336,1.5205137834924414,122.85894501808812,237.58683921725319,123.41206150608177,1.4196331112087694,241.71265258056567,1.4189155136017444,237.7634252882028,241.8538127222564,288.01685995619334,1.4189247549209467,1.411410755695425,234.67848902060325,1.3611186360340013,48.97199975262035,158.6731140452256,49.133504716706014,1.2597762011352087,181.2982481529625,160.31883152875912,180.80180039053943,231.60451252210765,1.259573003076435,1.2516409655804759,158.01655851306984,1.2007895901282042,132.9808356306329,0.009431916677955784,0.0016883891880708638
123.25878170754339,329.9999968252982,44.37997798289865,599.9999481886161,1.6221146736514962,1219.5063543242222,1.6221950028812713,285.28838584775895,170.76084208724694,1.572045514518328,960.3106808753818,963.601978716733,1.5713149604967198,281.8985773416422,963.6019787167329,1.5213311293731124,266.35448069063546,1.5212163716424425,281.8985773416422,1.5207959566095361,139.98187889348813,264.9976957678914,139.98187889522762,1.4230671030638793,344.5742861254089,1.4223157286695183,264.9976957678914,344.5742861254089,371.10002062274754,1.4221255711975966,1.411445356173992,263.57984584466533,1.3613750643445905,64.70114237224186,197.9671872780781,64.70114237178872,1.2636255408476071,189.9999208604874,197.9671872780781,189.9999208604874,238.16968946727974,1.263290256598784,1.2516150372455896,196.17590334680654,1.2009149705191455,133.0201050756147,0.014145390846581752,0.009554428224658504,118.60598314294499,205.90335991157644,27.3802125452172,600.590321308307,1.622054995278729,1220.0457560564048,1.6220966068238691,268.4892092182386,132.59607912459052,1.5719725688251887,919.0336708097127,915.7295116639615,1.5713305078617834,265.2596521102548,919.57260841013,1.5211407820399694,154.09430598443487,1.5210392014291656,265.0617050270767,1.5205137388597563,122.85914723055659,237.58701844823744,123.41226752283514,1.41963310838089,241.71280917681452,1.4189155117690089,237.76365644592082,241.85394121148622,288.0169050022551,1.4189247544053387,1.4114107454528266,234.6786676778596,1.3611185837648039,48.97210840140373,158.67322403908196,49.13362509461848,1.259776202639482,181.29827416835778,160.3189137718719,180.80190197446396,231.60462889062606,1.259572998088818,1.2516409543868623,158.0166261215861,1.200789544504133,132.98086831102793,0.009431905253485915,0.0016884179815954542
123.25877201384367,330.0000002134348,44.37998158703723,599.9999580880184,1.6221146722606032,1219.5064005237552,1.6221950014923445,285.2883654828503,170.76085370990836,1.5720455302608054,960.3106900986619,963.6019889047054,1.5713149763460363,281.89855714239025,963.6019889047052,1.521330830249459,266.3544370953276,1.521216072511872,281.89855714239025,1.5207956574824102,139.9846697564697,265.0092630668735,139.98466975790487,1.4230676481927549,344.56821991846243,1.4223162168912113,265.0092630668735,344.56821991846243,371.09129655042955,1.4221260481615818,1.411445241751483,263.5915062173914,1.3613750715649555,64.70093755694708,197.96753045594818,64.70093755676245,1.2636256451500705,189.99993630161168,197.96753045594818,189.99993630161168,238.1707931099322,1.263290358730632,1.2516150411077644,196.1761989345387,1.2009149579797012,133.0197717550306,0.01414504665845435,0.009554102180449749,118.60596247764124,205.9040873249169,27.380295038516753,600.5903369895233,1.6220549942895073,1220.0457795549426,1.6220966059441997,268.489258382748,132.59626245590573,1.5719725664387385,919.0338910941222,915.7297187166539,1.5713305045791124,265.25965350295377,919.5728288210668,1.5211407643761157,154.09470823835377,1.5210391858989607,265.06172939930786,1.5205137233555137,122.85926487080597,237.5871608279913,123.41238662627069,1.419633112226806,241.7128760982884,1.418915515748663,237.76383232679322,241.85399742552428,288.016902749952,1.4189247586333238,1.4114107416999606,234.67881094075383,1.3611185642244639,48.97218155413572,158.67332595999477,49.13370349459224,1.2597762091143978,181.29829956433892,160.3190040879283,180.8019719682656,231.60469943527195,1.2595730023091092,1.2516409501055936,158.01671262071727,1.2007895274318998,132.980939613708,0.009431894762758948,0.0016884398948047088
123.25876708041679,330.0000000899434,44.379981870216824,599.9999587605473,1.6221146715072141,1219.5064045645358,1.622195000739203,285.28835492499957,170.76085727017198,1.5720455382811358,960.3106937630502,963.6019928266521,1.5713149844222072,281.89854669605666,963.601992826652,1.5213306364607861,266.3544129997322,1.5212158787167704,281.89854669605666,1.520795463686311,139.9867167351299,265.01748175442594,139.98671673626183,1.423068032344068,344.56400298854146,1.42231656108698,265.01748175442594,344.56400298854146,371.0849066957075,1.4221263844806136,1.411445168473818,263.5998067515347,1.3613750769965498,64.70089052230759,197.9680161060935,64.70089052233917,1.2636257459342248,189.99994777460176,197.9680161060935,189.99994777460176,238.17180142009965,1.2632904572068142,1.2516150416536822,196.1766399141536,1.2009149545201514,133.0194730663968,0.014144873659884054,0.009554114824115896,118.60596310386256,205.9045899473292,27.380353670118083,600.5903470223418,1.6220549932669408,1220.0457944246868,1.6220966050425383,268.4893131660584,132.59639625819625,1.5719725655913959,919.0340570516333,915.7298740061733,1.5713305030748737,265.25967996423327,919.572978266361,1.521140757475005,154.09507512929082,1.5210391798402025,265.06177396567335,1.520513717544475,122.85934359027632,237.58727975696218,123.4124656383778,1.4196331175997767,241.71290152844847,1.4189155212468691,237.7639747065471,241.85401884039592,288.0168802269211,1.4189247637894034,1.4114107402186387,234.67893903463573,1.3611185558846661,48.97223556986609,158.6734157714922,49.13376028827402,1.259776216374152,181.29831381086493,160.31908885383598,180.80202523788455,231.60474586209017,1.25957300870349,1.251640948213065,158.01679613711974,1.2007895202316743,132.98101537280553,0.009431885480397695,0.0016884573817497234
123.25876410726593,330.00000003978806,44.37998189349332,599.9999587781234,1.6221146712214665,1219.506404848086,1.6221950004534662,285.2883485589776,170.76085921592062,1.5720455431132838,960.3106959229244,963.6019951222152,1.5713149892880454,281.89854039719876,963.6019951222154,1.5213305041114844,266.3543983894557,1.5212157463624278,281.89854039719876,1.5207953313301554,139.98822681216217,265.02337996191636,139.98822681086386,1.4230683066173722,344.5610303544855,1.422316806886569,265.02337996191636,344.5610303544855,371.0802482095878,1.4221266246805857,1.4114451193771416,263.60577055019724,1.3613750800377868,64.70094508357448,197.96859374488523,64.70094508381582,1.2636258434797472,189.9999559076715,197.96859374488523,189.99995590767148,238.1726807047193,1.2632905523767468,1.251615041202466,196.17717734087427,1.200914956417669,133.01921135028073,0.014144856131642045,0.009554322380985254,118.60597625451041,205.90495617974022,27.380398155141187,600.5903534607254,1.6220549923888674,1220.04580370471,1.62209660423984,268.4893707587694,132.59650049091982,1.5719725654997163,919.0341902641647,915.7299925605375,1.5713305024609432,265.25971826345364,919.5730884718295,1.5211407557061283,154.09541549799144,1.5210391787273694,265.0618324590281,1.5205137167387426,122.85940241040102,237.58738696054152,123.41252562905171,1.419633124160457,241.71290955902532,1.4189155273210778,237.76409866068573,241.8540308862612,288.01685319928407,1.4189247692032867,1.411410739830411,234.67904521772206,1.3611185532663577,48.97228032575698,158.67349851916396,49.13380535282586,1.2597762235685028,181.2983187661783,160.3191690787129,180.80206549980588,231.60476756813506,1.259573015673365,1.2516409475322166,158.01687667079358,1.2007895177863146,132.9810851900131,0.00943187850490146,0.0016884718009458832
123.25876216549767,330.0000000221659,44.37998190050105,599.9999587757898,1.6221146710693177,1219.5064049066402,1.6221950003013204,285.2883444022175,170.76086047785253,1.572045546268686,960.3106973334502,963.6019966187736,1.5713149924654473,281.89853628382946,963.6019966187737,1.5213304113954722,266.35438884541844,1.52121565364265,281.89853628382946,1.5207952386086965,139.98934749766926,265.02763640118724,139.98934749673143,1.4230685039528825,344.5589216421166,1.4223169837458882,265.02763640118724,344.5589216421166,371.07686409743474,1.4221267975203364,1.4114450854100453,263.61007767290175,1.3613750812815115,64.70107639885171,197.96922965093665,64.70107639915759,1.2636259372037952,189.99996188916333,197.96922965093665,189.99996188916333,238.17341944904888,1.2632906437005493,1.2516150400139217,196.17777813030781,1.200914961397673,133.01898663073734,0.014144963898657747,0.009554627850164903,118.60599785914614,205.90522895974289,27.38043462945132,600.590355475189,1.6220549918886988,1220.0458064181669,1.6220966038329927,268.48942975618064,132.596581807229,1.5719725658303187,919.0343004063694,915.7300860682051,1.5713305023429636,265.2597628298191,919.5731669514812,1.5211407570514712,154.09572934445566,1.521039180408984,265.06189652317846,1.5205137187896975,122.85945186612776,237.5874757385057,123.41257596269033,1.4196331311170405,241.7129108974548,1.4189155338141974,237.76420251415323,241.85404025526756,288.01683292855625,1.418924774410927,1.4114107401085032,234.67913623179604,1.3611185540906399,48.97231798243758,158.6735742030101,49.1338436268288,1.2597762308936602,181.29830885555154,160.31924072608723,180.80209027637284,231.60477058286352,1.2595730227711277,1.251640947555296,158.01695273037438,1.2007895180806634,132.98115946363814,0.00943187559386913,0.00168848319614242
123.25876084281879,330.00000001401145,44.379981907136916,599.9999587743587,1.622114670974925,1219.5064049652165,1.6221950002069332,285.2883415711927,170.76086134029515,1.5720455484179152,960.3106982953996,963.601997638761,1.57131499462966,281.89853348219197,963.6019976387606,1.5213303454792566,266.35438234572655,1.5212155877236613,281.89853348219197,1.5207951726883435,139.9901849858873,265.03071670763654,139.99018498519789,1.4230686465734113,344.55742388675634,1.4223171115611073,265.03071670763654,344.55742388675634,371.07441228562544,1.4221269224334536,1.4114450614437413,263.6131963611578,1.3613750810139478,64.70125813328835,197.9698979447173,64.70125813363603,1.2636260264787624,189.99996657771806,197.9698979447173,189.99996657771806,238.17401747006608,1.2632907305886354,1.2516150383071742,196.17841657702724,1.200914967620347,133.01879753774915,0.01414516333303725,0.0095549728386353,118.6060244735525,205.90541081307802,27.380461899963564,600.5903537767197,1.6220549917775504,1220.0458036504408,1.6220966038769762,268.4894873488916,132.59663133625367,1.5719725663553934,919.0343889666557,915.7301561989558,1.5713305024718671,265.25980669983517,919.5732245588852,1.5211407599912945,154.09600782793797,1.521039183574376,265.06196476542567,1.5205137223788685,122.85949400591858,237.58755949130207,123.41262044358025,1.4196331380736238,241.7129122358843,1.4189155401502256,237.76429296717333,241.8540496242739,288.0168239193439,1.4189247788451553,1.4114107407280152,234.67920702052024,1.3611185566604613,48.97234946589185,158.6736387865588,49.133874492960196,1.2597762369761567,181.29829151195466,160.319303795959,180.80210638114136,231.6047452591445,1.2595730287818456,1.2516409479591892,158.01701735616203,1.200789520005252,132.98123373726318,0.00943187707684775,0.0016884911728257527
123.25875992029879,330.00000000927116,44.379981913514655,599.9999587737373,1.6221146709131768,1219.5064050266344,1.6221950001451906,285.28833959685903,170.76086194414768,1.5720455499168584,960.3106989669009,963.6019983504527,1.5713149961390522,281.8985315282754,963.6019983504524,1.5213302981669337,266.3543778131275,1.5212155404093033,281.8985315282754,1.5207951253729277,139.99081611662155,265.03294871213063,139.99081611610717,1.4230687499643793,344.55636304709765,1.422317204209219,265.03294871213063,344.55636304709765,371.07264235457103,1.422127012978596,1.4114450443309052,263.61545714602585,1.3613750795390054,64.70147352574159,197.97057878464835,64.70147352611505,1.2636261108146216,189.99997046584735,197.97057878464835,189.99997046584733,238.17448137657556,1.2632908125834414,1.251615036252451,196.17907272201325,1.2009149741745855,133.01864188151575,0.014145424249469504,0.009555325091092947,118.6060573501721,205.9055421515978,27.380483034610556,600.5903514462618,1.6220549915441385,1220.0457997430626,1.6220966037670175,268.4895491557034,132.5966705159299,1.571972567366648,919.0344596660439,915.7302046225693,1.5713305031393254,265.2598610150931,919.5732629638211,1.5211407660453375,154.09629073179303,1.521039189855701,265.06204136386634,1.520513728873559,122.85952678131144,237.58764156904255,123.41265585270975,1.419633145595783,241.71290420530744,1.418915547062256,237.7643800700816,241.85405230113284,288.01681040552535,1.4189247841043564,1.411410742052394,234.67927612379864,1.361118562721361,48.97237601076507,158.67370034275368,49.133899803187944,1.2597762436472821,181.29827354894363,160.31936737038978,180.8021169111823,231.60471872953406,1.259573035687777,1.2516409491362497,158.01708247907112,1.2007895248959712,132.98131098183325,0.009431878449976316,0.0016884984921232825
123.25875926653225,330.0000000063372,44.37998191946375,599.9999587734479,1.6221146708713112,1219.5064050869053,1.6221950001033303,285.2883381978254,170.76086237390308,1.5720455509790907,960.3106994432019,963.6019988551211,1.5713149972086893,281.8985301436723,963.6019988551213,1.521330263998271,266.3543746016051,1.5212155062391504,281.8985301436723,1.520795091201974,139.9912966797517,265.0345661318014,139.99129667936134,1.4230688250492205,344.5556169080479,1.4223172714814352,265.0345661318014,344.55561690804797,371.07137079902554,1.4221270787235891,1.4114450320197651,263.61709604743896,1.361375077182695,64.70171059934913,197.97125764929888,64.70171059973575,1.2636261899306103,189.99997381300005,197.97125764929888,189.99997381300005,238.17482160909287,1.2632908894288644,1.2516150340005787,196.17973174499616,1.2009149805858192,133.01851703167335,0.014145722532477,0.0095556682633862,118.6060961758943,205.90563307826537,27.380498203832996,600.5903493527996,1.6220549910995443,1220.0457961070304,1.6220966033931579,268.489615176616,132.59669269310513,1.5719725688640829,919.0345177139626,915.7302430275042,1.5713305043049193,265.25992507924354,919.5732838360689,1.5211407747900663,154.09656921527537,1.5210391985852587,265.0621263185006,1.5205137381516884,122.85955019230634,237.58772197172706,123.41267984897931,1.4196331539097484,241.7128827904358,1.4189155544979253,237.76447052310166,241.85404159369702,288.01677887328214,1.4189247901885302,1.4114107440651198,234.67934691252285,1.3611185718369536,48.97239946902512,158.67376189894853,49.13392202680256,1.2597762507762298,181.29825868300344,160.31943397217438,180.80212991887996,231.60469762643487,1.2595730438725843,1.251640950971079,158.0171510818303,1.2007895324358302,132.9813807990408,0.009431878999227799,0.0016885049787128822
123.25875879834521,330.000000004429,44.37998192491783,599.9999587733204,1.6221146708422116,1219.506405144038,1.6221950000742358,285.28833719601175,170.76086268315078,1.572045551739781,960.3106997846339,963.6019992168401,1.5713149979746817,281.8985291521792,963.6019992168399,1.521330239223229,266.3543723022788,1.5212154814630177,281.8985291521792,1.5207950664252439,139.99166726899182,265.0357370309048,139.99166726868964,1.4230688796233242,344.5550984689769,1.4223173203658692,265.0357370309048,344.5550984689769,371.07046332909397,1.4221271264976085,1.4114450231217863,263.6182829632408,1.3613750742432011,64.70196079313975,197.97192442205056,64.70196079353177,1.2636262637507123,189.99997675434645,197.97192442205056,189.99997675434645,238.17505052693286,1.2632909610656498,1.2516150316744232,196.18038312591818,1.2009149866122533,133.0184201698778,0.01414604027829795,0.009555994999121247,118.60613531472717,205.9056734901176,27.380508430275086,600.5903473383361,1.622054990510457,1220.0457924167288,1.622096602898344,268.48968119752857,132.59670599941026,1.5719725706171097,919.0345586451873,915.7302697439807,1.571330505800419,265.25999401784014,919.5732896802983,1.5211407851541892,154.0968211765213,1.5210392089469718,265.0622140585327,1.5205137490656984,122.85956482417815,237.5877973492438,123.41269594403818,1.4196331621671563,241.7128573602757,1.4189155620383225,237.7645526008421,241.85402419411383,288.01674959334196,1.4189247965820686,1.4114107463917314,234.67941433035543,1.3611185827465728,48.97241922334937,158.67382042778954,49.1339405464814,1.2597762578397744,181.2982481529625,160.31949653748717,180.802147881891,231.6046897881409,1.2595730524410544,1.2516409532098018,158.0172186903466,1.2007895417644245,132.98144467435836,0.009431879438629007,0.001688510369613738
123.25875846074048,330.0000000031423,44.3799819298774,599.9999587732743,1.6221146708216414,1219.5064051972386,1.62219500005367,285.2883364736807,170.76086290740352,1.5720455522882997,960.3107000311229,963.6019994779399,1.5713149985270234,281.8985284372791,963.6019994779398,1.52133022121281,266.3543706447239,1.5212154634518007,281.8985284372791,1.5207950484135846,139.99195746185643,265.03658293295814,139.99195746161843,1.4230689192937187,344.55474524076055,1.4223173558890982,265.03658293295814,344.55474524076055,371.0698217423001,1.4221271612131117,1.4114450166727353,263.61914082672934,1.3613750709664476,64.70221799977257,197.97257245046006,64.70221800016526,1.2636263323664738,189.99997936249298,197.97257245046006,189.99997936249298,238.17518113345886,1.263291027595239,1.2516150293666657,196.18101975876985,1.200914992138891,133.01834845652002,0.01414636489716635,0.009556302693275048,118.60617821088799,205.9057037990068,27.380517804513673,600.590345244874,1.6220549898324512,1220.0457888349656,1.6220966022605834,268.4897542419425,132.5967222626721,1.5719725726090594,919.0345995764121,915.7302964604571,1.5713305075154915,265.260069223582,919.5732963594176,1.5211407967889137,154.09709523963087,1.5210392203720589,265.0623087620594,1.5205137614446762,122.8595756517633,237.5878693766487,123.41270764953552,1.4196331711598127,241.71282523796827,1.4189155698405387,237.76463802869443,241.85400411767165,288.01671130418947,1.418924803284972,1.4114107489964351,234.67948680452545,1.3611185951108078,48.97243805168967,158.6738819839844,49.133957831514984,1.2597762654919475,181.29824257823492,160.31956213015383,180.802162128417,231.60467833217274,1.2595730617768506,1.2516409557370198,158.01728977871298,1.2007895522477718,132.98150854967588,0.009431879768179928,0.0016885158481891528
123.25875821619644,330.0000000022523,44.37998193437019,599.9999587732707,1.6221146708069334,1219.506405246293,1.6221950000389662,285.2883359505141,170.76086307093593,1.5720455526856159,960.3107002099098,963.6019996673255,1.5713149989271085,281.89852791949255,963.6019996673256,1.5213302080980764,266.35436944452033,1.5212154503364843,281.89852791949255,1.520795035297942,139.99218882842783,265.0371920232294,139.99218882823556,1.4230689481147696,344.5545120760155,1.4223173816858223,265.0371920232294,344.5545120760155,371.0693742573176,1.4221271864223672,1.4114450119912765,263.61975888588074,1.3613750675408431,64.70247788033602,197.9731976917521,64.70247788072516,1.263626395990846,189.99998168043305,197.9731976917521,189.999981680433,238.17522437739632,1.2632910892350546,1.2516150271421003,196.18163713448484,1.200914997121533,133.01829913768495,0.014146687954781646,0.009556591074468749,118.60622298571278,205.9057189534514,27.380527178752256,600.5903424404247,1.6220549891989045,1220.0457841678194,1.6220966016558105,268.4898258816561,132.5967340904989,1.5719725747204705,919.0346397634328,915.730319837374,1.5713305093605603,265.2601486074205,919.5732930198579,1.5211408093952747,154.09736930274047,1.521039232563764,265.06240625098394,1.5205137747026347,122.85958413824895,237.5879347038299,123.41271730657084,1.419633180209027,241.71278910037236,1.4189155777998468,237.76471843137895,241.85398136437055,288.0166775196431,1.4189248102456793,1.4114107518159031,234.67956264958713,1.3611186084447868,48.97245688002997,158.6739445492972,49.13397388190331,1.2597762734057336,181.29823514526484,160.31962671370255,180.80218256908475,231.6046747144986,1.2595730716241968,1.2516409584604145,158.01736285556515,1.2007895635688814,132.98157539593845,0.009431880866683074,0.0016885208446654305
123.2587580385387,330.0000000016251,44.37998193843306,599.9999587732898,1.6221146707963365,1219.506405291261,1.622195000028373,285.2883355704869,170.7608631907055,1.5720455529742587,960.3107003400121,963.601999805142,1.5713149992177622,281.89852754337284,963.6019998051419,1.5213301985379641,266.35436857298333,1.521215440775946,281.89852754337284,1.520795025737164,139.9923771083224,265.0376284424897,139.99237710816504,1.423068969028468,344.55436623151644,1.4223174003935224,265.0376284424897,344.5543662315165,371.06906842005515,1.42212720470308,1.4114450085904178,263.620202073149,1.361375064102429,64.70273737258753,197.97379799854772,64.70273737297029,1.2636264549154455,189.9999837379823,197.97379799854772,189.9999837379823,238.17519803659277,1.2632911462771819,1.2516150250422864,196.1822326511509,1.2009150015563854,133.01826961034163,0.014147004092885747,0.0095568609044941,118.60626901298022,205.90571390196988,27.380533314617512,600.5903388459898,1.6220549885987026,1220.0457784152907,1.6220966011060172,268.4899045448711,132.5967363082164,1.5719725769930155,919.0346687873921,915.7303365351718,1.5713305113727665,265.2602342584042,919.5732788267294,1.521140822599566,154.09764336585008,1.521039245596277,265.0625079180052,1.5205137887419093,122.85959116154741,237.58800505617884,123.41272491514411,1.4196331894844714,241.71275296277648,1.4189155861257017,237.7648055342872,241.853954595781,288.01663923049057,1.4189248173095081,1.411410754800574,234.67963849464877,1.361118622603048,48.972475708370276,158.67400812372796,49.13399054961427,1.2597762819081484,181.2982382423357,160.31969331548714,180.80220920389422,231.6046753174443,1.25957308191915,1.2516409613569062,158.01743642953878,1.200789575637184,132.9816496695635,0.0094318824045877,0.0016885261479590566
123.25875790922692,330.00000000117797,44.37998194210434,599.9999587733207,1.6221146707886622,1219.5064053323285,1.6221950000207022,285.2883352939162,170.76086327874472,1.5720455531843522,960.3107004348999,963.6019999056637,1.5713149994293196,281.8985272696442,963.6019999056634,1.5213301915642032,266.35436793896474,1.5212154338018737,281.8985272696442,1.5207950187629167,139.99253379109206,265.0379389124062,139.99253379095794,1.4230689841745712,344.55428390129754,1.422317413930486,265.0379389124062,344.5542839012976,371.06886590685616,1.4221272179300801,1.411445006119453,263.62051769572,1.3613750607439807,64.70299433628374,197.97437255347737,64.70299433665721,1.2636265094756562,189.99998555946712,197.97437255347737,189.99998555946712,238.1751076665722,1.263291199054706,1.251615023090709,196.18280506366065,1.200915005462771,133.01825745852494,0.014147310142564496,0.009557113320651298,118.60631597957966,205.90568359308068,27.380538598279262,600.5903350145591,1.6220549880540747,1220.0457719029937,1.622096600600207,268.489977589285,132.59673261202053,1.5719725792322223,919.0346918577187,915.7303465538505,1.5713305133958968,265.2603171239901,919.573253780032,1.5211408358038572,154.09790416784148,1.521039258332034,265.06260679962867,1.5205138027079357,122.85959525847153,237.58807373347187,123.41273018261792,1.4196331986468007,241.7127154867511,1.4189155940850098,237.76488258685987,241.85392648876197,288.0166031936412,1.4189248241670938,1.4114107577797386,234.67971265426462,1.3611186368097965,48.97249453671058,158.67406867080487,49.13400721732523,1.2597762902797567,181.29824257823492,160.31975588079996,180.80223212221867,231.60467109682446,1.2595730919583277,1.2516409642995572,158.0175070207837,1.2007895875469912,132.98172097224355,0.009431884217118469,0.0016885317142438373
123.2587578149881,330.0000000008564,44.37998194542075,599.9999587733573,1.6221146707830858,1219.5064053697388,1.6221950000151288,285.2883350923946,170.76086334367795,1.572045553337462,960.3107005042233,963.6019999791258,1.5713149995834952,281.8985270701943,963.6019999791251,1.5213301864748483,266.3543674772483,1.5212154287122917,281.8985270701943,1.5207950136732056,139.992667266033,265.03815749877856,139.9926672659185,1.423068995111736,344.5542477495918,1.4223174236940515,265.03815749877856,344.5542477495919,371.06873872144126,1.4221272274690593,1.4114450043246065,263.62074025047525,1.3613750575246928,64.70324729664046,197.97492143901405,64.7032472970051,1.2636265600243939,189.99998716696854,197.97492143901405,189.99998716696854,238.17496524126133,1.2632912479164533,1.2516150212975632,196.18335406188038,1.2009150088728537,133.018260469704,0.0141476044425183,0.009557349528383403,118.60636231995778,205.90564823270995,27.380543541059605,600.5903305511398,1.6220549875539063,1220.0457646851983,1.6220966001273847,268.4900464195981,132.59672965506383,1.5719725815519963,919.0347126954332,915.730358242309,1.5713305155020496,265.2603972041781,919.5732329077842,1.5211408494316823,154.09816054946012,1.5210392715129244,265.06270289585433,1.520513817089036,122.85959642902127,237.58814408582083,123.41273223107996,1.4196332075828995,241.71267667229628,1.4189156022537732,237.76495963943253,241.85389704331348,288.0165649044887,1.4189248310246794,1.411410760915846,234.67977838665138,1.361118651307468,48.97251151308298,158.67412820876385,49.1340220330683,1.259776298324349,181.2982456753058,160.31981945523071,180.80225875702814,231.60466928798738,1.2595731018056742,1.251640967311447,158.01757612066433,1.200789600022854,132.9817878185061,0.009431885590248074,0.0016885368860839354
123.25875774625567,330.000000000624,44.37998194841638,599.9999587733963,1.6221146707790242,1219.506405403757,1.6221950000110699,285.2883349454479,170.7608633917311,1.572045553449131,960.3107005549359,963.6020000328663,1.5713149996959426,281.89852692475756,963.602000032866,1.5213301827596695,266.3543671407722,1.5212154249969467,281.89852692475756,1.5207950099577663,139.99278365989062,265.0383090549459,139.9927836597889,1.4230690029764692,344.55424513947264,1.4223174307031075,265.0383090549459,344.55424513947264,371.06866641372363,1.4221272343158358,1.4114450030216954,263.6208949072257,1.361375054478828,64.70349525845026,197.97544531964948,64.70349525880563,1.2636266069135371,189.9999885814628,197.97544531964948,189.99998858146273,238.17477973525544,1.263291293209163,1.2516150196637423,196.18387995652273,1.2009150118252478,133.01827663792716,0.014147886336057545,0.009557570674670347,118.60640208501196,205.90559266641313,27.380547461195743,600.590326008722,1.6220549871537715,1220.045757196057,1.622096599775517,268.4901082264099,132.59672300191127,1.571972583671742,919.0347275795149,915.7303649214281,1.571330517490223,265.2604661427747,919.5732086959767,1.521140861963302,154.0983727273514,1.5210392834820632,265.0627864577896,1.5205138302737462,122.85959759957102,237.58820438783422,123.41273486481685,1.4196332153312892,241.71264454998882,1.418915609427623,237.76501994144593,241.85387429001236,288.0165333722454,1.4189248367994884,1.4114107637848747,234.67983232091743,1.36111866493237,48.972526946148804,158.67417866466127,49.134035614166116,1.2597763055841031,181.2982524888617,160.31987394759992,180.80227857828172,231.60466205263907,1.2595731106299197,1.2516409700579212,158.01763776372331,1.200789611185468,132.98185466476863,0.009431888006956662,0.0016885416196463843
123.25875769609902,330.00000000045515,44.379981951122204,599.9999587734358,1.6221146707760612,1219.5064054346503,1.6221950000081096,285.28833483824366,170.76086342742306,1.5720455535306201,960.3107005920821,963.6020000722348,1.5713149997779987,281.89852681865625,963.6020000722347,1.5213301800471681,266.3543668954902,1.5212154222843237,281.89852681865625,1.5207950072450744,139.99288744772593,265.03841172028,139.99288744763425,1.423069008598028,344.5542668533284,1.4223174357011001,265.03841172028,344.5542668533285,371.06863404677597,1.4221272391970272,1.4114450020768066,263.62100003725334,1.361375051622915,64.70373757137239,197.97594521382834,64.70373757171691,1.2636266504817317,189.99998982298501,197.97594521382834,189.99998982298501,238.17455903054088,1.2632913352658242,1.251615018184013,196.18438345173433,1.2009150143610836,133.01830415846248,0.014148155810761346,0.009557777808705103,118.60643684029554,205.905572460487,27.3805537675017,600.5903212688077,1.622054986887015,1220.0457493270314,1.6220965995665955,268.49015879561955,132.59672078419374,1.571972585399765,919.034746184617,915.7303749401067,1.5713305191179034,265.2605197616832,919.5731911632886,1.5211408728007862,154.0985583830063,1.521039293917965,265.0628567890852,1.5205138414563337,122.85960023330794,237.58825966467984,123.41273925437837,1.4196332221747574,241.71261911982873,1.418915615763651,237.7650668430119,241.85385822885863,288.0165108492145,1.4189248414915208,1.4114107662106083,234.67986940072535,1.3611186763753484,48.972541144569355,158.6742210476151,49.13404796061867,1.2597763115357934,181.2982450558916,160.31992238526146,180.80228725008013,231.6046403465942,1.259573117791626,1.2516409723543431,158.01769344132498,1.2007896207404842,132.98192745292118,0.009431890203964998,0.0016885463532221032
123.25875765948612,330.0000000003322,44.37998195356646,599.9999587734744,1.6221146707738974,1219.5064054626769,1.6221950000059477,285.2883347600133,170.76086345404218,1.5720455535901043,960.3107006193254,963.6020001011104,1.5713149998378966,281.8985267412314,963.6020001011104,1.5213301780665378,266.3543667166761,1.521215420303605,281.8985267412314,1.5207950052643053,139.9929818986229,265.03847873713414,139.99298189853647,1.4230690125817378,344.55430616509216,1.4223174392307263,265.03847873713414,344.55430616509216,371.06863071116356,1.422127242643048,1.4114450013924618,263.62106905266074,1.3613750489612386,64.70397383222365,197.9764223333005,64.70397383255789,1.2636266910468068,189.99999091054275,197.9764223333005,189.99999091054275,238.17430998296695,1.2632913743984633,1.251615016849342,196.184865483147,1.2009150165214444,133.018341417243,0.014148413246499899,0.00955797188074125,118.60646627269786,205.9055951921539,27.380565016588,600.5903164498949,1.6220549867758667,1220.0457413494678,1.622096599522612,268.49020655542864,132.5967244803896,1.5719725867638477,919.0347737201682,915.7303966472438,1.571330520355596,265.2605650243982,919.5731936679583,1.521140881744825,154.09873077754298,1.5210393022765785,265.0629173714883,1.5205138507100469,122.85960637869411,237.58830824130175,123.41274715558907,1.4196332281698616,241.71260172024554,1.4189156212618572,237.76511039446603,241.8538488598523,288.016497335396,1.4189248455648233,1.4114107681985535,234.67990648053328,1.3611186858303517,48.97255472566728,158.67426141233304,49.13405907242598,1.259776316898855,181.29823204819397,160.3199647682153,180.8022878694943,231.60460778752687,1.2595731239302317,1.2516409742584114,158.01774265634785,1.20078962834827,132.98201212485375,0.009431891741871146,0.0016885506923448377
123.25875763275455,330.00000000024295,44.37998195577462,599.999958773511,1.6221146707723153,1219.506405488084,1.6221950000043677,285.2883347029193,170.7608634739874,1.5720455536335347,960.3107006393305,963.6020001223205,1.5713149998816291,281.8985266847242,963.6020001223208,1.5213301766202418,266.35436658632875,1.5212154188572442,281.8985266847242,1.5207950038179077,139.99306940101567,265.0385197743699,139.9930694009362,1.4230690153696086,344.5543581657006,1.4223174416882731,265.0385197743699,344.5543581657006,371.0686484394216,1.4221272450412201,1.4114450008976762,263.6211117464682,1.361375046490059,64.7042038141924,197.97687797359004,64.70420381451729,1.2636267289017762,189.99999186188688,197.97687797359004,189.99999186188688,238.17403850815143,1.2632914108943916,1.2516150156486259,196.185327105895,1.2009150183458686,133.01838697742204,0.014148659243249302,0.009558153754709298,118.60648161512034,205.90560024363543,27.380570129809048,600.590313842942,1.6220549866313736,1220.0457372792823,1.6220965993906615,268.49023043533316,132.5967222626721,1.57197258767231,919.0347826506172,915.7304033263629,1.5713305212349804,265.26059009297876,919.5731903283987,1.5211408874749892,154.0988191849977,1.521039307717096,265.06294801086455,1.5205138565210856,122.85960784188129,237.5883300170288,123.41274891141369,1.4196332313370865,241.71258967438024,1.4189156242465977,237.7651271450253,241.85384350613438,288.01649283078984,1.4189248477819376,1.4114107694761249,234.67991996409978,1.3611186919397382,48.972560898893605,158.67428058557405,49.13406339368437,1.2597763198419984,181.29822771229473,160.31998545513324,180.80229158597936,231.60458969915612,1.2595731273192534,1.2516409755162503,158.01776751242002,1.2007896334427692,132.98205520355629,0.009431891906646821,0.0016885536289291746
123.25875761323462,330.0000000001776,44.379981957769616,599.9999587735458,1.6221146707711576,1219.506405511102,1.622195000003212,285.28833466124894,170.76086348901228,1.5720455536652482,960.3107006540354,963.6020001379216,1.5713149999135627,281.89852664348325,963.6020001379214,1.5213301755641149,266.35436649133806,1.5212154178010697,281.89852664348325,1.520795002761706,139.9931517002051,265.0385418923185,139.9931517001305,1.4230690172844496,344.55441927189247,1.422317443363164,265.0385418923185,344.5544192718925,371.0686814130248,1.4221272466744201,1.411445000540726,263.6211352697788,1.3613750442005883,64.70442741559911,197.97731344120407,64.70442741591236,1.2636267643131744,189.9999926933932,197.97731344120407,189.9999926933932,238.1737496756332,1.2632914450146964,1.2516150145698461,196.18576941877373,1.2009150198714311,133.01843956460993,0.014148894506369997,0.009558324223419148,118.60649069532957,205.90559771789466,27.38057404994518,600.5903119864756,1.6220549865757992,1220.0457342944796,1.6220965993356822,268.4902416729353,132.5967222626721,1.571972588233501,919.0347893484541,915.730410005482,1.5713305217768123,265.2606033236185,919.573188658619,1.5211408909878288,154.09887222947052,1.5210393111297844,265.0629654196011,1.5205138603544182,122.85960754924385,237.5883417424203,123.41274891141369,1.4196332332600445,241.71258298223285,1.4189156256604223,237.76513217019308,241.8538408292754,288.01648832618366,1.4189248489678359,1.4114107702856207,234.67992502043722,1.3611186958672012,48.97256460282941,158.67429067675354,49.13406648029751,1.259776321411675,181.29821965991047,160.31999655543066,180.8022878694943,231.60457583140524,1.2595731291736239,1.2516409762663379,158.01778143182042,1.2007896366126798,132.9820834275338,0.009431891961572044,0.0016885554259459905
123.25875759897909,330.0000000001301,44.37998195957216,599.9999587735781,1.6221146707703098,1219.5064055319463,1.6221950000023657,285.28833463083555,170.76086350040129,1.5720455536884086,960.3107006648718,963.6020001494235,1.571314999936884,281.89852661338364,963.6020001494236,1.5213301747929258,266.35436642214586,1.5212154170298462,281.89852661338364,1.5207950019904628,139.99323007178864,265.03855024677665,139.99323007171756,1.423069018562086,344.55448686813793,1.4223174444668445,265.03855024677665,344.554486868138,371.0687253830773,1.4221272477493136,1.411445000283959,263.62114484473364,1.361375042081248,64.70464462284943,197.97773000754174,64.70464462315368,1.2636267975211588,189.99999341990653,197.97773000754174,189.99999341990653,238.17344780376047,1.2632914769944283,1.2516150136009387,196.1861935148359,1.2009150211323458,133.01849805181547,0.014149119772469052,0.009558484021851499,118.6064963313215,205.90559014067236,27.380575243030094,600.5903104855028,1.6220549865757992,1220.0457319609066,1.622096599346678,268.49025010113695,132.59671856647623,1.5719725886113325,919.0347893484541,915.7304083357022,1.5713305221657077,265.2606116798121,919.5731819794996,1.5211408934792046,154.0988987517069,1.521039313479099,265.0629765611925,1.520513862796031,122.85960579341923,237.58834509253217,123.41274774086395,1.419633234278081,241.71257762851494,1.4189156267600633,237.76513552030494,241.85383815241647,288.01648607388057,1.4189248495865654,1.4114107708335446,234.67992502043722,1.3611186986309713,48.97256583747467,158.6742957223433,49.13406709762014,1.2597763223273197,181.29822027932465,160.32000311469733,180.80229158597936,231.6045710078397,1.2595731305803877,1.2516409768202486,158.01778938576354,1.2007896388769017,132.98210719509382,0.009431892510824314,0.0016885561710510844
123.25875758856824,330.0000000000953,44.37998196120088,599.9999587736081,1.6221146707696885,1219.506405550814,1.6221950000017462,285.28833460864166,170.76086350909492,1.5720455537053226,960.3107006728615,963.6020001578918,1.5713149999539153,281.8985265914174,963.6020001578913,1.5213301742298282,266.3543663717362,1.5212154164667235,281.8985265914174,1.5207950014273257,139.99330544830963,265.03854860279216,139.99330544824053,1.4230690193747781,344.5545590454632,1.4223174451537723,265.03854860279216,344.5545590454632,371.06877724717646,1.4221272484168663,1.4114450000999317,263.62114428486433,1.3613750401190519,64.70485548368467,197.97812888091545,64.704855483979,1.2636268287404526,189.9999940547961,197.97812888091545,189.9999940547961,238.1731365510322,1.2632915070435933,1.2516150127302288,196.18660045012183,1.2009150221597424,133.01856144477279,0.014149335763472352,0.009558633837276597,118.60650134109211,205.90558256345005,27.3805760952336,600.5903094585213,1.6220549865646843,1220.0457302785633,1.6220965993246863,268.490255719938,132.5967170879979,1.5719725888697025,919.0347893484541,915.7304066659225,1.5713305224191452,265.26061864330666,919.5731794748299,1.5211408953228227,154.09891643319787,1.521039315185443,265.06298909548275,1.5205138647493215,122.85960462286948,237.5883534678118,123.41274657031421,1.4196332352961178,241.7125736132265,1.4189156273884298,237.76513719536086,241.8538354755575,288.0164815692744,1.4189248501537342,1.411410771227279,234.67992839132887,1.3611187006674337,48.972567072119936,158.6742997588151,49.13406894958803,1.2597763229813517,181.29821594342545,160.320009169405,180.80229158597936,231.60456618427418,1.259573131475601,1.2516409772356818,158.0177948540994,1.2007896405071414,132.98212204981883,0.009431891851721599,0.001688556959986248
123.25875758096359,330.0000000000696,44.379981962672495,599.9999587736361,1.6221146707692333,1219.506405567888,1.622195000001292,285.28833459244527,170.76086351578297,1.5720455537176774,960.3107006787776,963.6020001641707,1.571314999966356,281.898526575388,963.6020001641706,1.521330173818718,266.35436633506765,1.5212154160555948,281.898526575388,1.5207950010161864,139.99337851175392,265.038539709826,139.9933785116871,1.4230690198484042,344.5546344107738,1.4223174455368213,265.038539709826,344.5546344107738,371.0688347402849,1.422127248787404,1.4114449999686802,263.6211363750608,1.3613750383006793,64.70506008792941,197.97851119173396,64.70506008821391,1.2636268581620782,189.9999946099428,197.97851119173396,189.9999946099428,238.1728190010424,1.2632915353488947,1.2516150119467948,196.18699122566383,1.2009150229817158,133.01862886803755,0.014149543159957244,0.009558774316320955,118.60650353286675,205.90556740900547,27.380576265674303,600.5903088265328,1.6220549865757992,1220.0457290846423,1.6220965993246863,268.4902571246383,132.59671560951952,1.5719725890086111,919.0347886042499,915.7304049961427,1.5713305225720817,265.26061933965616,919.5731753003803,1.5211408963692004,154.09891643319787,1.5210393162240874,265.06299118453114,1.5205138657259667,122.85960403759462,237.58835011769995,123.41274657031421,1.419633235409233,241.71257227479703,1.4189156274931576,237.76513552030494,241.85383815241647,288.01648607388057,1.4189248501021734,1.4114107714613167,234.67992502043722,1.3611187018311264,48.972568306765204,158.67430076793303,49.134069566910654,1.2597763233083674,181.29821532401127,160.32001017852298,180.8022878694943,231.60456136070863,1.2595731318592638,1.2516409774433983,158.01779783682807,1.200789641390188,132.98213690454384,0.009431892510824314,0.0016885571353052234
123.25875757540926,330.00000000005093,44.37998196400235,599.9999587736615,1.622114670768899,1219.5064055833345,1.6221950000009588,285.28833458062957,170.76086352097678,1.572045553726701,960.310700683166,963.602000168843,1.571314999975442,281.89852656369465,963.6020001688429,1.521330173518609,266.35436630842617,1.5212154157554727,281.89852656369465,1.5207950007160562,139.99344976109842,265.03852557559065,139.99344976103134,1.423069020074922,344.5547119477385,1.4223174456984538,265.03852557559065,344.5547119477385,371.0688962090021,1.422127248941526,1.4114449998756564,263.6211231489264,1.3613750366130442,64.70525855366463,197.97887798597736,64.70525855394007,1.263626885955262,189.99999509586826,197.97887798597736,189.99999509586826,238.17249773993416,1.263291562075631,1.2516150112405746,196.18736677802877,1.2009150236234056,133.0186995520867,0.014149742587373353,0.009558906069603797,118.60650541153072,205.90555983178317,27.380576776996406,600.5903081550449,1.622054986598029,1220.0457281077977,1.6220965993356822,268.4902571246383,132.59671487028035,1.5719725891114034,919.0347886042499,915.7304083357022,1.5713305226769523,265.26062282140344,919.5731727957105,1.5211408971664406,154.09892527394334,1.5210393170154353,265.0629960589774,1.5205138666293634,122.85960286704487,237.58835011769995,123.41274481448961,1.4196332357485784,241.71257093636757,1.4189156277026131,237.765133845249,241.85383413712805,288.01648607388057,1.418924850205295,1.4114107716347801,234.6799216495456,1.3611187027038958,48.97256892408784,158.67430278616894,49.13407018423328,1.2597763235045771,181.29821656283963,160.3200116921999,180.80228663066598,231.60456136070863,1.259573132178983,1.2516409776280353,158.01780032243528,1.2007896420694546,132.98215027379635,0.009431892400973854,0.0016885575736027409
123.25875757135263,330.00000000003735,44.37998196520409,599.9999587736847,1.622114670768653,1219.5064055973066,1.6221950000007141,285.28833457201245,170.76086352504677,1.5720455537332914,960.3107006864313,963.6020001723386,1.571314999982078,281.89852655516836,963.6020001723385,1.5213301732995737,266.3543662891053,1.5212154155364273,281.89852655516836,1.5207950004970054,139.99351956165026,265.0385076661,139.99351956158506,1.4230690201198872,344.55479091514485,1.4223174456989454,265.0385076661,344.55479091514485,371.06896044663347,1.422127248938149,1.4114449998102916,263.6211060913964,1.3613750350437677,64.70545101733296,197.97923022458934,64.70545101759951,1.2636269122696058,189.99999552178252,197.97923022458934,189.99999552178252,238.17217492566823,1.263291587369852,1.251615010602492,196.18772797602918,1.2009150241072466,133.01877282151094,0.0141499346106476,0.009559029674628097,118.6065057246414,205.9055421515978,27.380574220385885,600.5903076810534,1.6220549866313736,1220.0457273480297,1.6220965993686698,268.4902571246383,132.5967082171278,1.5719725891697451,919.0347826506172,915.7304016565831,1.5713305227610674,265.26062073235505,919.5731677863711,1.521140897639802,154.09891643319787,1.5210393174111094,265.06299536262793,1.5205138670444376,122.85960052594538,237.58834341747624,123.41274364393988,1.4196332355789056,241.71257093636757,1.4189156275455215,237.76513049513716,241.8538354755575,288.01648607388057,1.4189248498959302,1.4114107717146283,234.67991659320816,1.3611187031402805,48.97256923274915,158.67430177705097,49.13407080155591,1.2597763233737707,181.29821656283963,160.32001017852298,180.80228663066598,231.6045583459802,1.259573132115039,1.2516409777088138,158.01779783682807,1.2007896424996567,132.98215770115885,0.00943189295022615,0.001688557485943229
123.25875756839025,330.0000000000278,44.379981966290195,599.9999587737057,1.6221146707684713,1219.5064056099427,1.6221950000005334,285.2883345657311,170.76086352826957,1.572045553738104,960.3107006888772,963.6020001749423,1.571314999986924,281.8985265489524,963.6020001749423,1.5213301731397566,266.35436627508307,1.5212154153766027,281.8985265489524,1.5207950003371766,139.9935881810834,265.0384870517572,139.99358818101993,1.4230690200373906,344.5548707726997,1.422317445582352,265.0384870517572,344.5548707726997,371.0690265727537,1.4221272488203351,1.4114449997649023,263.62108628670353,1.361375033581342,64.70563762667672,197.9795687860697,64.70563762693496,1.26362693723711,189.99999589573616,197.9795687860697,189.99999589573616,238.17185234946197,1.26329161136035,1.251615010024415,196.1880756209218,1.2009150244531455,133.01884808432953,0.014150119734074245,0.009559145677535298,118.60650635086272,205.9055421515978,27.38057370906378,600.5903073255599,1.622054986675833,1220.0457267510692,1.6220965994126533,268.4902571246383,132.59670969560614,1.5719725891891922,919.0347841390254,915.7303999868034,1.5713305227840078,265.26062073235505,919.5731677863711,1.5211408979885945,154.09891643319787,1.5210393176089463,265.06299536262793,1.5205138672397667,122.8595999406705,237.5883417424203,123.41274247339014,1.4196332354657906,241.71256959793809,1.4189156275978854,237.76512882008123,241.85383413712805,288.01648607388057,1.418924849947491,1.4114107717862163,234.67991490776234,1.3611187035281782,48.97256923274915,158.67430076793303,49.13407080155591,1.2597763235045771,181.29821656283963,160.32001017852298,180.80228539183761,231.6045577430345,1.2595731323068704,1.251640977766513,158.01779833394951,1.2007896427034368,132.98216364304886,0.009431892840375693,0.0016885575736027409
123.25875756622509,330.00000000002035,44.379981967271604,599.9999587737251,1.622114670768338,1219.5064056213691,1.622195000000401,285.28833456115035,170.76086353085165,1.5720455537416214,960.3107006907134,963.6020001769054,1.5713149999904652,281.8985265444196,963.6020001769057,1.5213301730231963,266.3543662649329,1.5212154152600377,281.8985265444196,1.5207950002206083,139.99365581574932,265.03846451398255,139.99365581568594,1.4230690198583646,344.5549511268583,1.4223174453808753,265.03846451398255,344.5549511268583,371.0690939452321,1.422127248619562,1.4114449997339098,263.62106452637624,1.3613750322152627,64.70581853576876,197.97989447147606,64.70581853601894,1.2636269609742037,189.9999962247183,197.97989447147606,189.9999962247183,238.17153148951746,1.2632916341606653,1.251615009499139,196.18841044928712,1.2009150246787383,133.0189248223896,0.014150298404373299,0.009559254594193645,118.60650635086272,205.90552447141246,27.380573027300972,600.5903069700663,1.6220549867091774,1220.045726262647,1.622096599434645,268.490255719938,132.5967052601711,1.5719725891808578,919.0347819064132,915.7303983170236,1.5713305228080408,265.2606200360056,919.5731636119216,1.5211408981380772,154.09891201282514,1.521039317707865,265.0629960589774,1.5205138674350958,122.8595981848459,237.58834006736436,123.4127413028404,1.419633235522348,241.7125682595086,1.4189156273884298,237.76512379491345,241.85383413712805,288.01648607388057,1.4189248495865654,1.4114107718247637,234.67991153687072,1.3611187037221268,48.97256861542652,158.67429874969713,49.13407018423328,1.2597763233737707,181.29821718225378,160.32000866484606,180.8022878694943,231.6045571400888,1.259573132178983,1.251640977812672,158.01779783682807,1.2007896428166478,132.98216958493887,0.009431893224852305,0.0016885571791349697
123.25875756464511,330.000000000015,44.379981968158575,599.9999587737428,1.622114670768239,1219.506405631701,1.6221950000003025,285.28833455781694,170.76086353294116,1.5720455537441884,960.3107006920976,963.6020001783662,1.5713149999930498,281.8985265411195,963.6020001783662,1.5213301729382218,266.3543662575792,1.521215415175059,281.8985265411195,1.5207950001356276,139.99372260990899,265.0384406231396,139.9937226098468,1.4230690196106974,344.555031691262,1.422317445118046,265.0384406231396,344.555031691262,371.0691620960015,1.4221272483588292,1.4114449997132557,263.62104138817415,1.3613750309360033,64.70599390148436,197.98020801012154,64.7059939017262,1.2636269835835385,189.99999651480712,197.98020801012154,189.9999965148071,238.1712135578764,1.2632916558708474,1.2516150090202953,196.18873313687214,1.2009150247995817,133.01900258279346,0.014150471015458294,0.009559356910946996,118.60650697708404,205.90551184270862,27.38057166377536,600.5903066935714,1.6220549867202922,1220.045725882763,1.6220965994566368,268.49025431523773,132.59670378169275,1.5719725891725231,919.0347781853927,915.7303966472438,1.5713305227971166,265.26062073235505,919.573159437472,1.521140898262646,154.0989075924524,1.521039317757324,265.06299536262793,1.5205138674106795,122.8595967216587,237.58833839230846,123.4127395470158,1.4196332352961178,241.7125682595086,1.418915627336066,237.76512211985752,241.85383413712805,288.01648607388057,1.4189248494318831,1.4114107718302706,234.6799098514249,1.3611187038675885,48.97256861542652,158.67429874969713,49.13407018423328,1.2597763233737707,181.29821594342545,160.320009169405,180.80228663066598,231.6045583459802,1.259573132115039,1.251640977812672,158.01779634546375,1.2007896428619322,132.98217552682888,0.009431893444553247,0.0016885569161565073
123.25875756349049,330.000000000011,44.37998196896014,599.9999587737589,1.6221146707681657,1219.5064056410417,1.62219500000023,285.28833455538927,170.76086353465277,1.5720455537460638,960.3107006931461,963.6020001794965,1.571314999994938,281.8985265387181,963.6020001794965,1.5213301728763242,266.3543662523084,1.5212154151131587,281.8985265387181,1.5207950000737256,139.99378866976497,265.0384157954901,139.99378866970233,1.4230690193135733,344.5551122577872,1.4223174448110738,265.0384157954901,344.5551122577872,371.06923068408315,1.4221272480549605,1.4114449997000045,263.62101729376656,1.3613750297350413,64.70616388106993,197.98051006612653,64.70616388130435,1.2636270051557354,189.99999677124262,197.98051006612653,189.9999967712426,238.17089954081598,1.2632916765791724,1.2516150085823095,196.18904430352643,1.200915024827788,133.0190809702777,0.014150637913978996,0.00955945308523905,118.60650635086272,205.90549668826404,27.380569959368344,600.5903064565756,1.6220549867980962,1220.0457253943407,1.6220965995006202,268.4902515058372,132.59670082473605,1.571972589136407,919.0347752085764,915.730394977464,1.5713305227872851,265.26061655425826,919.5731577676921,1.5211408982377321,154.09889433133418,1.521039317757324,265.06299327357954,1.5205138673130152,122.85959496583409,237.58833336714065,123.4127377911912,1.4196332350698875,241.71256692107912,1.418915626969519,237.76511876974567,241.85383413712805,288.01648607388057,1.4189248491740791,1.4114107717944766,234.67990310964166,1.3611187038191013,48.972568306765204,158.67429471322535,49.134069566910654,1.2597763228505452,181.29821346576875,160.32000614205117,180.80228291418092,231.60455472830603,1.259573131731376,1.2516409778011324,158.0177938598565,1.20078964283929,132.98217849777387,0.009431893829029883,0.0016885567846672907
123.2587575626471,330.0000000000082,44.37998196968458,599.9999587737732,1.622114670768111,1219.5064056494862,1.622195000000176,285.2883345536236,170.76086353607053,1.5720455537474338,960.3107006939481,963.6020001803572,1.5713149999963174,281.89852653697017,963.6020001803568,1.5213301728312807,266.3543662485153,1.521215415068113,281.89852653697017,1.5207950000286787,139.99385407371875,265.03839033467636,139.9938540736574,1.4230690189810202,344.55519267548993,1.4223174444725455,265.03839033467636,344.55519267549005,371.0692994613554,1.42212724772026,1.4114449996920353,263.62099255075657,1.3613750286047948,64.70632863045782,197.980801244668,64.70632863068502,1.2636270257708857,189.99999699853652,197.980801244668,189.99999699853652,238.1705902336717,1.263291696363616,1.2516150081803221,196.1893445180445,1.2009150247803886,133.01915964045625,0.014150799405042845,0.00955954354625415,118.60650635086272,205.90549416252327,27.38056944804624,600.5903062590792,1.6220549868092111,1220.045725177264,1.622096599522612,268.4902515058372,132.59670156397522,1.5719725891058471,919.0347774411887,915.730394977464,1.5713305227730838,265.26061655425826,919.5731560979124,1.5211408982377321,154.09888991096145,1.5210393176089463,265.062993969929,1.520513867288599,122.85959438055922,237.58833336714065,123.41273691327889,1.4196332349002145,241.71256692107912,1.4189156268647911,237.76511709468974,241.85383413712805,288.01648607388057,1.4189248489678359,1.4114107718027367,234.67990142419583,1.3611187039160757,48.97256768944257,158.67429370410738,49.13407018423328,1.2597763228505452,181.29821780166796,160.3200041238153,180.80228229476674,231.6045577430345,1.259573131731376,1.2516409778011324,158.01779336273506,1.200789642726079,132.98218146871886,0.00943189393888036,0.0016885566970078181
123.25875756203044,330.00000000000614,44.379981970339244,599.9999587737866,1.6221146707680707,1219.5064056571196,1.6221950000001364,285.2883345523393,170.76086353725717,1.5720455537484355,960.31070069457,963.6020001810446,1.5713149999973257,281.89852653570136,963.6020001810446,1.5213301727985509,266.3543662458366,1.5212154150353818,281.89852653570136,1.5207949999959467,139.9939188798632,265.03836446215104,139.99391887980232,1.4230690186232944,344.5552728351478,1.4223174441116644,265.03836446215104,344.5552728351478,371.0693682474757,1.4221272473637256,1.4114449996878151,263.62096738349646,1.3613750275385255,64.70648830314536,197.98108209809413,64.70648830336523,1.2636270454998852,189.99999720058068,197.98108209809413,189.99999720058068,238.17028627068166,1.2632917152931633,1.2516150078100918,196.1896343030835,1.2009150246631453,133.01923829384697,0.014150955757746199,0.009559628695642797,118.60650447219874,205.90547648233792,27.380567402757823,600.5903061800807,1.6220549868647853,1220.0457249601875,1.6220965995775913,268.4902458870361,132.59669712854017,1.571972589039171,919.034771487556,915.7303899681247,1.5713305227097245,265.26061237616153,919.5731519234628,1.521140897938767,154.09887222947052,1.5210393172874612,265.0629883991333,1.520513866922357,122.85959291737204,237.58832666691694,123.41273545009173,1.419633234447754,241.7125682595086,1.4189156264458802,237.76511039446603,241.85383413712805,288.01648832618366,1.4189248486584711,1.4114107717366553,234.67989468241257,1.3611187035766654,48.972566763458616,158.6742896676356,49.134069566910654,1.259776322458126,181.2982140851829,160.3200021055794,180.8022810559384,231.60455291946897,1.2595731313477134,1.2516409777318935,158.01778938576354,1.2007896424770146,132.9821829541914,0.00943189393888036,0.001688556346369978
123.25875756158058,330.00000000000443,44.3799819709309,599.9999587737985,1.62211467076804,1219.5064056640197,1.6221950000001062,285.28833455140864,170.76086353825985,1.5720455537491662,960.3107006950559,963.6020001815319,1.5713149999980613,281.89852653477976,963.6020001815318,1.5213301727748083,266.3543662438759,1.5212154150116384,281.89852653477976,1.5207949999722024,139.99398313144604,265.03833833926285,139.99398313138616,1.423069018247884,344.5553526580503,1.4223174437351505,265.03833833926285,344.5553526580503,371.0694369116485,1.422127246991926,1.4114449996862293,263.62094195546365,1.361375026530268,64.70664304944944,197.98135313159958,64.70664304966176,1.263627064405629,189.9999973807283,197.98135313159958,189.9999973807283,238.16998815045093,1.2632917334289777,1.251615007467926,196.18991413980655,1.2009150244870939,133.01931667059796,0.014151107210294297,0.009559708908362295,118.60650509842006,205.90547143085638,27.38056603923221,600.5903060615827,1.6220549869092449,1220.0457246888418,1.622096599599583,268.49024307763557,132.59669712854017,1.5719725890141674,919.0347692549437,915.7303882983449,1.5713305227009853,265.2606109834626,919.5731510885729,1.521140897839112,154.09886780909778,1.5210393172627317,265.06298909548275,1.520513866897941,122.85959116154741,237.58832666691694,123.41273398690456,1.419633234278081,241.71256692107912,1.4189156262887885,237.76511039446603,241.8538354755575,288.01648832618366,1.4189248483491064,1.4114107717091215,234.67989299696677,1.361118703479691,48.9725664547973,158.67428865851764,49.1340683322654,1.2597763221965133,181.29821532401127,160.3200000873435,180.80228043652423,231.6045571400888,1.2595731313477134,1.2516409777203537,158.0177878943992,1.2007896424770146,132.98218741060887,0.0094318944332075,0.001688556127221363
123.25875756125211,330.00000000000324,44.379981971465654,599.9999587738093,1.622114670768017,1219.5064056702577,1.6221950000000835,285.2883345507347,170.760863539117,1.5720455537496996,960.3107006954344,963.6020001819571,1.5713149999985982,281.898526534113,963.6020001819567,1.5213301727576323,266.3543662425416,1.5212154149944612,281.898526534113,1.520794999955025,139.99404686087485,265.03831208355865,139.99404686081482,1.4230690178602714,344.555432087697,1.4223174433479242,265.03831208355865,344.55543208769706,371.06950535920004,1.4221272466096722,1.4114449996864789,263.62091638576703,1.3613750255747465,64.70679301604679,197.98161480844448,64.70679301625253,1.2636270825440565,189.99999754186592,197.98161480844448,189.99999754186592,238.16969625765455,1.2632917508254262,1.2516150071506145,196.19018447221475,1.2009150242605022,133.01939454583422,0.014151253974623246,0.009559784533639946,118.60650384597741,205.9054562764118,27.380564505265895,600.5903059035857,1.6220549869425893,1220.0457245260345,1.6220965996215748,268.4902402682351,132.59669269310513,1.571972588972495,919.0347670223315,915.7303849587854,1.57133052270317,265.26060819806474,919.5731460792334,1.521140897839112,154.09885454797956,1.5210393171885428,265.062984917386,1.5205138668002764,122.85958999099768,237.58831996669323,123.4127325237174,1.4196332339952933,241.7125682595086,1.4189156259746054,237.76510536929825,241.8538354755575,288.01649057848675,1.4189248480397416,1.4114107717036148,234.6798862551835,1.3611187033827166,48.97256583747467,158.6742856311638,49.13406771494277,1.2597763218040943,181.29821532401127,160.31999705998965,180.80227919769587,231.60455472830603,1.259573131091938,1.2516409777203537,158.01778590591343,1.2007896423638034,132.98218741060887,0.00943189415858131,0.0016885556012648066
123.25875756101219,330.0000000000026,44.379981971948965,599.9999587738189,1.622114670767999,1219.5064056758952,1.6221950000000662,285.28833455024744,170.76086353985372,1.5720455537500893,960.3107006957382,963.6020001822959,1.5713149999989904,281.89852653363175,963.6020001822956,1.521330172745254,266.3543662416166,1.5212154149820822,281.89852653363175,1.5207949999426456,139.99411009262838,265.03828578053447,139.99411009256966,1.4230690174644725,344.55551108385464,1.4223174429535912,265.03828578053447,344.5555110838547,371.0695735218728,1.4221272462204895,1.4114449996879987,263.6208907610529,1.3613750246673382,64.70693834570201,197.98186755475012,64.7069383459013,1.2636270999650951,189.99999768645506,197.98186755475012,189.99999768645506,238.1694108814298,1.263291767531005,1.2516150068553897,196.1904457111898,1.2009150239906727,133.01947172555816,0.014151396240462395,0.009559855896038848,118.60650509842006,205.90544617344872,27.38056348262169,600.5903057060892,1.6220549869537042,1220.045724363227,1.6220965996435666,268.4902416729353,132.5966934323443,1.5719725890030547,919.0347670223315,915.7303882983449,1.5713305227075396,265.26061028711314,919.5731460792334,1.5211408980384222,154.09886338872502,1.5210393173121908,265.0629870064344,1.5205138668735247,122.85958882044793,237.5883233168051,123.41273135316766,1.4196332339952933,241.71256692107912,1.418915626131697,237.76510536929825,241.85383279869856,288.01648607388057,1.4189248480913024,1.411410771733902,234.67988962607512,1.3611187036251526,48.972565220152035,158.67428664028176,49.13406771494277,1.2597763218040943,181.29821346576875,160.31999806910758,180.80227548121084,231.60455472830603,1.2595731309640505,1.2516409777318935,158.01778640303488,1.200789642612868,132.98218443966388,0.009431894817684186,0.001688555382116288
123.25875756083646,330.0000000000019,44.3799819723857,599.9999587738279,1.622114670767986,1219.5064056809915,1.6221950000000538,285.2883345498951,170.76086354049275,1.5720455537503746,960.3107006959829,963.6020001825377,1.5713149999992777,281.8985265332816,963.602000182538,1.5213301727363795,266.35436624093796,1.5212154149732076,281.8985265332816,1.5207949999337707,139.99417284538862,265.038259492277,139.9941728453299,1.4230690170634142,344.555589618152,1.4223174425547798,265.038259492277,344.555589618152,371.06964135070007,1.4221272458269476,1.4114449996903773,263.6208651442553,1.361375023803945,64.7070791771381,197.98211176358217,64.70707917732966,1.26362711671341,189.99999781662345,197.98211176358217,189.99999781662342,238.16913223105837,1.2632917835890702,1.2516150065798404,196.19069823794464,1.2009150236840278,133.01954804303273,0.014151534178875949,0.009559923296618299,118.60650384597741,205.9054411219672,27.380562459977476,600.590305548092,1.6220549869981635,1220.0457241461504,1.622096599698546,268.4902402682351,132.59669269310513,1.571972588941935,919.0347655339233,915.7303849587854,1.5713305226638434,265.26060819806474,919.5731435745637,1.5211408977145433,154.09885012760682,1.5210393170154353,265.0629842210366,1.5205138666049474,122.85958735726075,237.58831996669323,123.41273018261792,1.4196332337125053,241.71256692107912,1.4189156259746054,237.7651020191864,241.85383413712805,288.01648832618366,1.4189248479366199,1.4114107716595605,234.6798862551835,1.3611187032857421,48.972563985506774,158.6742836129279,49.13406709762014,1.2597763216078846,181.29821718225378,160.31999605087168,180.80228043652423,231.60455533125173,1.2595731308361628,1.2516409776626547,158.01778292318477,1.200789642318519,132.98218592513638,0.009431894927534674,0.0016885552944568899
123.25875756070846,330.0000000000014,44.37998197278047,599.9999587738359,1.6221146707679757,1219.5064056855974,1.6221950000000436,285.2883345496426,170.76086354105112,1.5720455537505824,960.3107006961807,963.6020001827671,1.5713149999994869,281.89852653303296,963.6020001827669,1.5213301727300603,266.3543662405238,1.5212154149668882,281.89852653303296,1.520794999927451,139.99423513359955,265.0382332637928,139.99423513354157,1.4230690166592348,344.55566767087714,1.4223174421534088,265.0382332637928,344.55566767087726,371.0697088107815,1.422127245430923,1.4114449996933185,263.62083958101,1.3613750229809423,64.70721564497951,197.98234779865805,64.7072156451666,1.2636271328290878,189.99999793420662,197.98234779865805,189.99999793420662,238.1688604492216,1.2632917990385093,1.2516150063218638,196.19094240717823,1.2009150233462116,133.01962335559853,0.014151667945275904,0.009559987014150001,118.60650321975608,205.90542849326337,27.38056143733327,600.5903055085928,1.6220549870092784,1220.0457239833431,1.6220965997095418,268.49023605413424,132.5966912146268,1.571972588928044,919.0347618129028,915.7303816192258,1.571330522670398,265.2606054126669,919.5731444094536,1.5211408977643708,154.0988457072341,1.5210393170648946,265.0629828283376,1.5205138664584505,122.859586186711,237.5883182916373,123.41272901206818,1.4196332335993902,241.71256558264966,1.4189156258175137,237.76510034413047,241.85383413712805,288.01648607388057,1.4189248477303769,1.4114107716650675,234.67988288429189,1.3611187032857421,48.97256336818414,158.67428260380996,49.134065862974886,1.259776321411675,181.2982147045971,160.3199940326358,180.802276100625,231.60455352241465,1.259573130516444,1.2516409776626547,158.01778242606332,1.2007896422732345,132.98218592513638,0.009431895312011381,0.0016885547246709078
123.25875756061464,330.00000000000125,44.379981973137205,599.9999587738432,1.6221146707679677,1219.5064056897606,1.622195000000036,285.2883345494612,170.76086354154143,1.5720455537507347,960.3107006963452,963.6020001829615,1.57131499999964,281.8985265328546,963.6020001829613,1.5213301727256097,266.3543662402624,1.5212154149624375,281.8985265328546,1.5207949999230002,139.99429696860705,265.0382071276355,139.99429696854867,1.4230690162535053,344.5557452286147,1.4223174417508901,265.0382071276355,344.5557452286148,371.06977587748304,1.422127245033796,1.41144499969662,263.62081410433734,1.3613750221951517,64.70734787979669,197.98257599780638,64.70734787997718,1.2636271483482788,189.9999980407688,197.98257599780638,189.99999804076876,238.1685956231159,1.2632918139143698,1.251615006079652,196.19117855008,1.2009150229822152,133.01969754186132,0.014151797681994047,0.00956004730638005,118.60650415908808,205.90542344178183,27.380559903366954,600.590305390095,1.6220549870315082,1220.0457238748047,1.6220965997095418,268.49023745883454,132.5966912146268,1.5719725889197096,919.0347603244946,915.7303816192258,1.5713305226791372,265.26060680536585,919.5731427396737,1.5211408977892846,154.09884128686136,1.5210393170154353,265.0629828283376,1.5205138666049474,122.85958472352382,237.58831661658138,123.41272725624358,1.419633233486275,241.71256424422018,1.418915625712786,237.76510034413047,241.85383146026908,288.01648607388057,1.4189248477303769,1.411410771698108,234.67988119884606,1.3611187033827166,48.972562750861506,158.67428159469202,49.134065862974886,1.259776321411675,181.29821718225378,160.31999352807682,180.80227919769587,231.60455533125173,1.2595731305803877,1.2516409776972741,158.01778143182042,1.2007896423411613,132.98218592513638,0.009431895147235646,0.0016885547685005916
123.25875756054663,330.00000000000085,44.37998197345966,599.9999587738496,1.6221146707679615,1219.5064056935234,1.6221950000000298,285.2883345493332,170.76086354197378,1.572045553750845,960.3107006964801,963.6020001831033,1.571314999999751,281.8985265327274,963.6020001831034,1.521330172722521,266.35436624007866,1.5212154149593489,281.8985265327274,1.5207949999199113,139.9943583594839,265.03818110722364,139.9943583594269,1.4230690158473673,344.55582228257254,1.4223174413482487,265.03818110722364,344.5558222825726,371.06984253368154,1.4221272446365694,1.4114449997001355,263.62078873800635,1.3613750214437492,64.707476008154,197.9827966756652,64.70747600832925,1.2636271633036613,189.99999813766243,197.9827966756652,189.99999813766243,238.1683377939763,1.2632918282483119,1.2516150058516256,196.1914069766375,1.2009150225964316,133.01977049921496,0.014151923520429493,0.009560104411306896,118.60650321975608,205.90541081307802,27.380558710282045,600.5903053505956,1.6220549870648528,1220.0457237662665,1.6220965997315335,268.490234649434,132.59668677919174,1.571972588864146,919.0347573476784,915.7303749401067,1.571330522651827,265.260604019968,919.5731368954443,1.5211408975899745,154.09882360537043,1.5210393168175984,265.06297934659034,1.5205138664096183,122.85958413824895,237.58831326646953,123.41272667096871,1.4196332333166022,241.71256558264966,1.418915625293875,237.7650953189627,241.85383279869856,288.01649057848675,1.4189248473694513,1.4114107716265198,234.67987614250862,1.3611187031887677,48.97256213353887,158.67427856733815,49.13406462832963,1.2597763210192559,181.29821532401127,160.319989996164,180.80227672003917,231.6045559341974,1.2595731302606685,1.2516409776511148,158.01777844909176,1.20078964222795,132.98218592513638,0.009431895257086138,0.0016885543302038023
123.25879757347332,329.9999150315979,44.379964122612506,599.999973297437,1.6221147978271673,1219.5063596126163,1.622195127000596,285.2884084558147,170.76081051055667,1.5720454854723651,960.3106445401589,963.6020205811062,1.5713149314002954,281.8985882490823,963.602020226725,1.5213290709669742,266.3543791044878,1.5212143133837739,281.8985882490823,1.5207938987280731,139.99442367562546,265.0382470269273,139.99442367568255,1.4230635162864678,344.55584424013045,1.422311944087126,265.0382470269273,344.55584424013017,371.0700504630441,1.4221217477535217,1.4114395270490052,263.62078783405,1.3613884750874479,64.7076197086615,197.98858847051068,64.70761970889183,1.2639605853109033,199.4954202789635,197.98858847051068,199.4954202789635,248.83246605820764,1.2636214226210893,1.2516815147983376,196.16105120339256,1.2008897939423362,133.04491462075146,0.013628655982471446,0.009422356509969953,118.61320817149165,206.07170053359567,27.40706155760971,600.5916871146002,1.6220547594993528,1220.0468554406457,1.6220964563783846,268.5017953326367,132.6551576409163,1.5719725111975584,919.0968373641302,915.7857849122605,1.571330357963341,265.28106137443285,919.64719497021,1.5211407515206172,154.27900683881026,1.5210402713069548,265.076720410504,1.5205142198575134,122.86928155761237,237.62500034139708,123.42388786269248,1.4196350048699358,241.70270001897188,1.4189172356399118,237.79931336145287,241.84229687503304,287.9919539886359,1.418926486126183,1.4114107927862962,234.73118448399453,1.3611190157857207,48.98686056036094,158.71067543350503,49.1505508464336,1.2597928501058369,182.09915501576728,160.36308589183207,181.58910058218527,232.3502936358726,1.2595917586904688,1.2516412050430277,158.04771808513806,1.200789732479835,133.1824944645433,0.009413871205717317,0.0016947448012734172
123.2587509905654,330.00002664338024,44.37998759334786,599.9999597575954,1.6221146410991505,1219.5064305395222,1.6221949703496743,285.2883218626172,170.7608790184448,1.5720455652111085,960.3107152743289,963.6020222521793,1.5713150115188954,281.89851467935296,963.6020222521843,1.5213306238964885,266.3543585903925,1.521215866175185,281.89851467935296,1.5207954511835655,139.99447775265259,265.03811880200647,139.99447775270096,1.4230690433184159,344.5559840789699,1.4223174688768623,265.03811880200647,344.5559840789705,371.0699846564052,1.4221272721848943,1.4114450287027773,263.6207240478643,1.3613729821869784,64.70773405296222,197.98358882000633,64.70773405319025,1.2639106567100848,199.99363647788653,197.98358882000633,199.99363647788653,249.41185611209178,1.2635713048051505,1.2516187073158962,196.1368058087098,1.2009130646391932,133.10094569560493,0.013174288213820749,0.009227280090583549,118.61671939446552,206.0739686488031,27.40905230500377,600.5917927751889,1.6220546264879072,1220.0478579002022,1.6220963253076222,268.5120959996992,132.6600100068559,1.5719730292711478,919.0951554628957,915.7883530335591,1.5713307407839434,265.30505339876174,919.6458424485523,1.5211425961102722,154.29268347205354,1.5210423152352344,265.0815342743278,1.5205162322105157,122.87128319767652,237.62722816578088,123.42550292868943,1.4196371887846446,241.69441915579534,1.4189190604683526,237.81699692688116,241.8401982176125,287.9794334357645,1.4189279435951614,1.4114112593173747,234.75368350017266,1.3611215162704202,48.9900959482797,158.719829142416,49.15333497148598,1.2597955257503373,182.15636039238743,160.37178196575334,181.65950877192296,232.41528394604458,1.2595949072835637,1.2516416610846923,158.05861995839038,1.2007916383206914,133.14078536765822,0.009415018883496143,0.0016895944655990103
123.25876783230373,329.9999957347193,44.37998042519837,599.9999581886366,1.6221146742653012,1219.506398324083,1.6221950034977484,285.2883562613166,170.76085490113633,1.5720455370062687,960.3106917761768,963.6019899671683,1.5713149831412738,281.89854796283544,963.6019899671676,1.5213301640055583,266.3544132420977,1.5212154062251244,281.89854796283544,1.5207949911560878,139.994540053776,265.0381319572437,139.99454005382302,1.4230691043867894,344.5560287305235,1.4223175297834243,265.0381319572437,344.5560287305237,371.07002534211733,1.422127333065418,1.4114450879582994,263.62074138672676,1.3613747492642823,64.70784950370881,197.9836368652683,64.70784950392823,1.2639075774132853,199.99992934174696,197.9836368652683,199.99992934174696,249.41887107012082,1.2635682221562796,1.2516154381627589,196.13666438056077,1.2009194759646742,133.1555101203105,0.013060717250378348,0.0091226012101235,118.61777332495689,206.07729757513198,27.409370176912155,600.5918841370362,1.6220545941992595,1220.0481150273881,1.6220962865801702,268.5148070712158,132.66384444045264,1.5719730959333946,919.0972213734386,915.792580915957,1.571330778275213,265.31022309716013,919.6491294101364,1.521142932221768,154.30370346128288,1.5210426636014691,265.08372847147933,1.5205165363378286,122.87087262735342,237.6299300309922,123.42526911137985,1.4196376419240408,241.6912671543761,1.4189195126827177,237.8217540857157,241.83830300147253,287.97468332854993,1.41892832055613,1.4114113286531569,234.7590229925131,1.361121810054341,48.991084899137526,158.72305327426147,49.15404550983084,1.2597960937116388,182.16717722210694,160.3754263952244,181.67194784736404,232.42702088687108,1.259595554203067,1.2516417160603366,158.06196707706835,1.200791938239524,133.13566345847454,0.009414764599455493,0.0016889669931650264
123.25875726036958,330.0000004649528,44.379981727222216,599.9999584557117,1.6221146715594719,1219.5064049761577,1.622195000792853,285.28833395111883,170.76086384493186,1.5720455542314364,960.3107010400224,963.6020004603664,1.5713150004834004,281.89852595660983,963.6020004603665,1.5213301679387445,266.35436497660885,1.5212154101756745,281.89852595660983,1.520794995136666,139.9945997860644,265.0380789346136,139.99459978610997,1.423069025110578,344.55612510351006,1.4223174506301188,265.0380789346136,344.55612510351,371.07010490733944,1.4221272539410417,1.4114450106479404,263.62068914852387,1.3613749753385131,64.70796159077236,197.983749533713,64.70796159098421,1.2639072469662753,200.00000266085775,197.983749533713,200.00000266085775,249.4187468051319,1.2635678913745356,1.2516151012429333,196.1367814288131,1.2009210284398215,133.20784426411916,0.013030586855238953,0.009066230362789402,118.61806764898002,206.08070985090615,27.409684299125104,600.5918637949042,1.6220545903312906,1220.048146015067,1.622096279102979,268.5163676932131,132.6654315869597,1.571973109974278,919.0979105064223,915.7951924515298,1.5713307792714846,265.3128539054237,919.6512600491922,1.5211430622466657,154.30948088844804,1.52104278504866,265.0849220144555,1.5205166202316505,122.87042752581284,237.630698881663,123.42499842175361,1.4196377832614537,241.6898778645786,1.4189196848551162,237.823529644999,241.83727776449285,287.97280490777376,1.4189284699793125,1.4114113470623,234.76052978107128,1.3611218803122882,48.99168987531772,158.72454475058936,49.154454177410585,1.2597963270702204,182.1725079004879,160.37719285619326,181.67729524992765,232.43137355181645,1.2595958014737716,1.2516417291695583,158.0634907542922,1.2007920465372575,133.13670180375277,0.009414448590654462,0.0016887027001660261
123.25875742683826,330.00000000172844,44.37998168714081,599.9999588560747,1.6221146707729137,1219.5064055003477,1.6221950000061063,285.2883342756924,170.76086366111693,1.5720455539685738,960.3107008440659,963.6020002695419,1.571315000218847,281.89852628052085,963.602000269542,1.52133017220472,266.35436564619386,1.5212154144417043,281.89852628052085,1.5207949994025731,139.99465897270508,265.0380533764154,139.99465897274973,1.4230690156381125,344.5561998064741,1.4223174411583899,265.0380533764154,344.5561998064741,371.0701692381822,1.4221272444737372,1.4114450015271989,263.62066420628594,1.361375004766602,64.70807027911982,197.983891163779,64.70807027932534,1.2639071661762795,200.0000011892663,197.983891163779,200.0000011892663,249.4185270531285,1.2635678102156773,1.2516150133486375,196.13692994453885,1.200921295744851,133.2579961388368,0.013019919825878854,0.00903504719665775,118.61833066193687,206.08409686927266,27.40998257035281,600.5918274160622,1.622054588175009,1220.0481488370624,1.6220962734511022,268.517931124611,132.66653083561175,1.571973123770682,919.0981866061383,915.7973297696458,1.5713307817709026,265.31545059256376,919.6528496795848,1.521143194289578,154.31460410044832,1.5210429043443736,265.0860654202704,1.5205167055660243,122.87000203098049,237.63114444653974,123.4247599222451,1.419637894170884,241.6887000466385,1.4189198314215832,237.8250539458932,241.83635023286504,287.97135892919067,1.41892859960315,1.411411366545264,234.76165565887538,1.361121955515929,48.99230102472424,158.72597467072242,49.15486284499034,1.2597965485908247,182.17761558976622,160.3787933172596,181.6823763043965,232.43533279469827,1.2595960276430198,1.25164174406745,158.06488915691227,1.200792163937163,133.13843535016153,0.009414124478836518,0.0016884677249904107
123.25875754080562,329.99999995714165,44.37998166107632,599.9999587898101,1.6221146708032785,1219.5064052159119,1.6221950000364185,285.28833451596586,170.7608635483757,1.572045553783024,960.3107007401718,963.6020001526686,1.5713150000320373,281.89852651816807,963.6020001526686,1.5213301726428181,266.35436616299455,1.5212154148796513,281.89852651816807,1.5207949998402348,139.99471778941125,265.0380283486774,139.994717789457,1.423069013990188,344.5562737054979,1.422317439513341,265.0380283486774,344.5562737054979,371.0702332145298,1.4221272428337328,1.411445000262331,263.62063980113766,1.3613750117983066,64.70817565652001,197.98404528559456,64.70817565671811,1.2639071450303205,199.99999968658332,197.98404528559456,199.99999968658332,249.41831605534637,1.2635677886569996,1.2516149832821095,196.13709060794116,1.2009211590397926,133.3060875635361,0.01301392673735755,0.009017087084482798,118.61866193301822,206.08701662559753,27.410292090666818,600.5917278778628,1.6220545950328733,1220.0480612466702,1.6220962772996566,268.51947067610433,132.66746005925376,1.5719731387005804,919.0982305141794,915.7992750630872,1.5713307849203002,265.3181336270369,919.6540577652877,1.5211433220473238,154.31963006424846,1.521043025247513,265.08715033273063,1.5205167928292722,122.86961136000305,237.63129185146138,123.42459721583192,1.4196380006688225,241.68764804106928,1.4189199734323934,237.82636718974047,241.8355699284797,287.97026430988944,1.4189287192241933,1.4114113871323357,234.76254725971128,1.361122034889469,48.99293007648711,158.72743990998364,49.15526101808541,1.2597967698498163,182.18298467182592,160.3802888300593,181.68782900736971,232.43947955369006,1.2595962526612792,1.2516417593692353,158.06615184537836,1.2007922850051078,133.13982129600504,0.009413830419514354,0.0016881981201967641
123.2587575536354,329.99999996113183,44.37998166041291,599.9999587842922,1.6221146708139238,1219.5064051985048,1.6221950000470644,285.2883345437792,170.760863539495,1.5720455537620421,960.3107007312115,963.6020001425618,1.5713150000109082,281.89852654560127,963.6020001425617,1.5213301726976796,266.3543662264872,1.5212154149344956,281.89852654560127,1.5207949998950459,139.9947762097974,265.03800334552795,139.99477620984317,1.4230690132786654,344.5563472134178,1.4223174388060453,265.03800334552795,344.5563472134178,371.07029687519486,1.422127242131762,1.4114449999505596,263.6206154184936,1.36137501420713,64.70827778639176,197.9842045129896,64.70827778658423,1.2639071440768284,199.99999887002105,197.9842045129896,199.99999887002105,249.41811375368385,1.2635677872681839,1.251614972369295,196.13725603074798,1.2009208543017436,133.3522588000761,0.013009237314452056,0.009006138396298099,118.619097783061,206.08817088912735,27.410466621945204,600.5914754379294,1.6220546220641958,1220.0477590218288,1.6220963028650528,268.5208823998733,132.66754655023715,1.5719731559919254,919.0974334716032,915.8002786007337,1.5713307913906032,265.3207867184833,919.6542840204539,1.5211434532929957,154.3232326680278,1.5210431637581454,265.0881008497449,1.5205168937167204,122.86922068902562,237.63078263445936,123.42451586262534,1.4196380906519452,241.68690119742092,1.41892010104314,237.8269668597626,241.83519516822605,287.96997826739715,1.4189288031651666,1.411411411268523,234.7626332174478,1.3611221465554815,48.99357857391293,158.72866598829108,49.15563696756588,1.2597969777665572,182.18866655804348,160.38144023363856,181.69385900435302,232.44355637098167,1.259596457665127,1.2516417791600056,158.0670093798681,1.2007924243226813,133.1408804378983,0.009413733827087954,0.0016877375427054662
123.25875755522817,329.999999961954,44.379981660757984,599.9999587846174,1.6221146708149181,1219.506405201769,1.6221950000480594,285.2883345472662,170.76086353900007,1.5720455537594398,960.3107007303224,963.6020001416086,1.571315000008287,281.8985265490396,963.6020001416085,1.5213301727123503,266.35436623480746,1.5212154149491648,281.8985265490396,1.5207949999097112,139.9948342301604,265.03797851631725,139.99483423020504,1.4230690127667405,344.55642021505474,1.4223174382984185,265.03797851631725,344.55642021505474,371.07036009987416,1.4221272416294495,1.4114449998372303,263.62059120563504,1.3613750150369737,64.70837674441077,197.9843642597712,64.70837674459628,1.2639071510523139,199.9999984535517,197.9843642597712,199.9999984535517,249.4179194961992,1.2635677938016747,1.2516149689358202,196.1374216731948,1.2009204960910174,133.39665144885237,0.013005091849358195,0.008998965858231203,118.61957058016199,206.08782738838326,27.4105433202609,600.5911242102828,1.6220546625444905,1220.0473204729074,1.6220963433078601,268.5222252933292,132.66688640965458,1.5719731744917755,919.0960016229416,915.8005290677004,1.5713307995847177,265.32331864512344,919.6538974664246,1.5211435927352939,154.3257567008597,1.521043313421839,265.089026994528,1.5205170006349529,122.86874456791679,237.6297977015739,123.42439207699086,1.419638164855501,241.6863283496046,1.418920211059627,237.82698026021,241.83503723354772,287.9701967407968,1.4189288533338198,1.411411436464764,234.7621107292453,1.3611222801377065,48.99418385875443,158.72953685708066,49.155966617849245,1.25979716501589,182.19436083254453,160.38229798389477,181.69992678560095,232.44733774488455,1.259596632999048,1.25164180172033,158.06756267603453,1.2007925695498738,133.141872733529,0.009413781520159866,0.0016871250362039095
123.25875755559511,329.99999996202905,44.379981660912534,599.9999587847212,1.6221146708150307,1219.5064052035805,1.6221950000481722,285.28833454806534,170.76086353896497,1.5720455537588416,960.310700730118,963.6020001413888,1.571315000007685,281.8985265498276,963.6020001413883,1.5213301727183897,266.3543662367132,1.521215414955204,281.8985265498276,1.5207949999157497,139.9948918515713,265.0379538709751,139.9948918516165,1.423069012322611,344.5564927042533,1.4223174378585246,265.0379538709751,344.5564927042533,371.07042288026787,1.4221272411948283,1.4114449997886256,263.6205671723788,1.3613750151913124,64.7084726125741,197.98452204425166,64.7084726127537,1.2639071613718305,199.99999825283223,197.98452204425166,199.99999825283223,249.41773273407543,1.263567803681686,1.2516149687389917,196.1375850907068,1.2009201282448954,133.43940182855732,0.013001315225548003,0.0089938791216958,118.61988619571021,206.08805217931138,27.410645243800424,600.5908745352993,1.622054692443445,1220.0470168913375,1.6220963719960833,268.5233757428484,132.66667203029405,1.5719731859295114,919.0950006684458,915.8012787988207,1.5713308002456214,265.3255135386245,919.6541354100495,1.5211437011101367,154.3285282745648,1.5210434192646365,265.08986331023067,1.5205170632379097,122.86813851578626,237.62905732685388,123.42409622054532,1.4196382154745424,241.68564039685322,1.4189203029058517,237.82711091457236,241.83461027454445,287.9699354736385,1.418928896902691,1.4114114520489325,234.76178712364893,1.3611223615477088,48.9947582774643,158.73031488701895,49.156303058681516,1.2597973352603933,182.199821587902,160.38319458519203,181.70545505710336,232.4508752272553,1.2595967890219388,1.2516418145525963,158.06821340800386,1.2007926707153083,133.1429764395973,0.009413675499337654,0.0016866441747049323
123.25875755572301,329.99999996203786,44.37998166101797,599.9999587847358,1.6221146708150571,1219.5064052048247,1.6221950000481984,285.2883345483456,170.76086353901115,1.5720455537586335,960.3107007300553,963.6020001413334,1.5713150000074754,281.8985265501056,963.6020001413333,1.5213301727215063,266.3543662374135,1.5212154149583208,281.8985265501056,1.5207949999188664,139.99494907593362,265.0379294051279,139.9949490759784,1.4230690119080962,344.55656468637847,1.4223174374481817,265.0379294051279,344.55656468637847,371.0704852202963,1.422127240789715,1.4114449997665188,263.6205433143969,1.3613750150514956,64.70856547503993,197.98467659672042,64.70856547521305,1.2639071730628122,199.99999816688327,197.98467659672042,199.99999816688327,249.4175530128632,1.263567814940509,1.2516149699913572,196.1377450401862,1.2009197704672172,133.48063836146207,0.012997857740337251,0.008989990831284652,118.6200753145506,206.08959288117833,27.410876020510315,600.5907396452395,1.6220547072373142,1220.0468740549607,1.622096384322453,268.5245500722721,132.6670630878172,1.571973195139153,919.0945124705653,915.8025879061668,1.5713307981809799,265.3276116395504,919.6550571285126,1.5211437991208567,154.33184797448908,1.5210435092557437,265.0906585413151,1.5205171163918243,122.86751461277211,237.6286402379279,123.4237190108932,1.4196382655280078,241.6848252933015,1.418920388625504,237.8275983558473,241.83395845938895,287.9692327550747,1.4189289556819968,1.411411464243682,234.7618528560357,1.3611224239992172,48.995298126106725,158.73118575580853,49.15664567274007,1.2597975000110289,182.204960247889,160.38417797063286,181.71043948296108,232.4542909145964,1.2595969437020098,1.251641823992159,158.06903166989957,1.2007927568689516,133.14437724016582,0.00941342706225373,0.0016863117414549448
123.25875755577712,329.99999996203974,44.379981661108324,599.9999587847394,1.622114670815066,1219.5064052058829,1.6221950000482075,285.28833454846654,170.76086353908596,1.5720455537585454,960.31070073004,963.6020001413181,1.5713150000073868,281.898526550226,963.6020001413176,1.521330172723406,266.35436623772665,1.5212154149602204,281.898526550226,1.5207949999207662,139.99500590544653,265.03790511481697,139.99500590549042,1.4230690115088458,344.556636166612,1.4223174370530476,265.03790511481697,344.55663616661195,371.07054712439935,1.42212724039977,1.4114449997566636,263.62051962776985,1.3613750147540722,64.70865541601009,197.98482729657462,64.70865541617806,1.2639071851992534,199.99999814236529,197.98482729657462,199.99999814236529,249.41737994629443,1.2635678266546042,1.2516149718644103,196.13790092048578,1.200919431458974,133.52048069369823,0.012994694275730398,0.008986831304407998,118.62024032386995,206.09169934897673,27.41116815587277,600.5906578817186,1.6220547145953468,1220.0468033965403,1.6220963884788915,268.5257918273087,132.6676966157895,1.571973203393103,919.0942304172166,915.8041641782772,1.5713307952730031,265.3297668411322,919.6562727282246,1.5211438891840885,154.33562739317784,1.5210435929160668,265.0915206219478,1.5205171678854421,122.8669144133903,237.62844258132844,123.42332190189558,1.419638322085596,241.6839031153916,1.4189204761778915,237.82834375573512,241.83316878599732,287.96831156311134,1.4189290287436427,1.4114114742054347,234.76223039589814,1.3611224826202373,48.99582285034465,158.73218680081345,49.15700248521907,1.2597976712365802,182.21007846720826,160.38526075419162,181.7153068395399,232.4577078078289,1.259597107717877,1.2516418322546614,158.0700035423213,1.2007928364563512,133.14596075385197,0.009413125295665294,0.0016860513213631293
123.25875755580464,329.99999996204053,44.37998166118945,599.999958784741,1.6221146708150687,1219.5064052068242,1.6221950000482104,285.2883345485298,170.7608635391652,1.5720455537585005,960.3107007300416,963.6020001413162,1.5713150000073415,281.8985265502881,963.6020001413153,1.5213301727247162,266.35436623789826,1.521215414961531,281.8985265502881,1.5207949999220762,139.99506234246616,265.03788099696214,139.99506234250924,1.423069011118559,344.5567071495437,1.4223174366668294,265.03788099696214,344.5567071495437,371.0706085967152,1.422127240018701,1.4114449997528569,263.6204961094491,1.3613750143855112,64.7087425186493,197.9849738675255,64.70874251881264,1.2639071973290112,199.9999981495625,197.9849738675255,199.9999981495625,249.41721319780575,1.2635678383730036,1.25161497395601,196.13805247024462,1.2009191146082336,133.55903961812234,0.012991803796525401,0.008984148326452803,118.6204645111046,206.094432200485,27.41151875239585,600.5905806606154,1.622054719808213,1220.046739793108,1.6220963899193503,268.52726816729,132.6683656272422,1.5719732151114343,919.0939840856641,915.8059007492463,1.5713307950840174,265.3322451488638,919.6575451004506,1.521143995740227,154.34021574007716,1.5210436886444472,265.0926403518811,1.5205172402304346,122.86637859424448,237.6285866361382,123.42297512653657,1.4196384044334442,241.68283906395706,1.4189205837856405,237.82951629488448,241.83224794651687,287.96717189774836,1.41892913176211,1.4114114890214082,234.76300401552703,1.3611225649514962,48.9963932564574,158.7334522347209,49.15740559689517,1.2597978747713072,182.21523013489295,160.3865700847298,181.72023365987943,232.4613477909672,1.2595972970554916,1.2516418461024308,158.07119017120655,1.200792934859435,133.14775817557825,0.009412813727016939,0.0016858010496038696
123.2587575558187,329.99999996204076,44.37998166126218,599.9999587847427,1.6221146708150702,1219.5064052076773,1.622195000048212,285.288334548564,170.7608635392439,1.5720455537584779,960.3107007300515,963.6020001413215,1.5713150000073184,281.8985265503216,963.6020001413212,1.5213301727257234,266.35436623798984,1.5212154149625383,281.8985265503216,1.5207949999230839,139.99511838944625,265.03785704915236,139.99511838948993,1.4230690107342001,344.5567776393161,1.4223174362864968,265.03785704915236,344.5567776393161,371.07066964105815,1.422127239643479,1.411444999752169,263.62047275704674,1.3613750139856085,64.70882686452424,197.985116215667,64.70882686468131,1.2639072092305792,199.99999817438044,197.985116215667,199.99999817438044,249.4170524687801,1.263567849874686,1.2516149760690518,196.1381996075918,1.2009188206886532,133.59641737269192,0.012989166030091448,0.008981803141488453,118.6207118685283,206.0971094856964,27.41183952179616,600.590469904619,1.6220547293892162,1220.04662669622,1.622096395252347,268.52878945767986,132.66882099857352,1.5719732289217292,919.0935554241106,915.8075087471725,1.5713307979843474,265.3348627264877,919.6584935353909,1.5211441211560799,154.34458306833972,1.5210437934980594,265.0937412803789,1.5205173223662953,122.86585272477149,237.62854140962816,123.42265702964606,1.4196384867812926,241.6817602897983,1.4189206922312114,237.83055650461554,241.83137796735656,287.96618989360155,1.4189292359664758,1.4114115082841012,234.76364279949073,1.3611226693929164,48.99697662634544,158.73474592393086,49.1578006833771,1.2597980907326403,182.2203861384768,160.3878481326116,181.72528002715453,232.46514574587658,1.2595974894624093,1.251641864393026,158.07233752749775,1.200793049225283,133.14969226077466,0.009412526066879522,0.0016855152014773542
123.2587575558266,329.9999999620409,44.37998166132813,599.9999587847442,1.6221146708150709,1219.5064052084513,1.6221950000482126,285.28833454858443,170.76086353931856,1.572045553758465,960.3107007300625,963.6020001413347,1.5713150000073055,281.89852655034207,963.6020001413344,1.5213301727265605,266.35436623806254,1.5212154149633754,281.89852655034207,1.520794999923921,139.99517404889838,265.0378332693548,139.99517404894226,1.4230690103542125,344.55684763982197,1.4223174359104964,265.0378332693548,344.55684763982197,371.0707302610017,1.4221272392725521,1.4114449997530074,263.62044956855425,1.3613750135749525,64.70890853334161,197.98525434375202,64.70890853349431,1.2639072207988158,199.9999982082525,197.98525434375202,199.9999982082525,249.41689749066583,1.2635678610546273,1.2516149781089485,196.13834234538376,1.2009185492012002,133.632708106445,0.012986761387871049,0.008979716429200302,118.62093229843498,206.09962007201727,27.412122623801427,600.590333355589,1.6220547443609232,1220.046476045087,1.6220964055774683,268.53019696734805,132.66918766120392,1.5719732403400177,919.0930389464748,915.8090499539077,1.571330798788356,265.33740300932135,919.659224064064,1.5211442386742717,154.34885756877486,1.5210438814118783,265.09475446884466,1.5205173887293362,122.86526832781124,237.628313602022,123.42229650032766,1.4196385578176234,241.68067214663319,1.418920786119627,237.83143925908942,241.8304892501836,287.9652056371517,1.418929326249427,1.411411525082513,234.76414506234346,1.3611227589972548,48.99759857889804,158.73596897488446,49.15822478402255,1.2597983049934907,182.22550249955358,160.38908026562672,181.73031400614613,232.46913001100458,1.2595976755388898,1.2516418804102794,158.07338148252876,1.2007931525643705,133.151558014236,0.00941221851924259,0.001685228701926125
123.25875755583145,329.99999996204093,44.37998166138833,599.9999587847451,1.6221146708150709,1219.5064052091357,1.6221950000482126,285.2883345485981,170.7608635393857,1.5720455537584572,960.3107007300741,963.6020001413485,1.5713150000072975,281.89852655035503,963.6020001413482,1.5213301727272976,266.3543662381169,1.5212154149641122,281.89852655035503,1.520794999924658,139.99522932337135,265.03780965581507,139.995229323414,1.4230690099777727,344.5569171547762,1.4223174355380084,265.03780965581507,344.5569171547762,371.07079045993316,1.4221272389051003,1.411444999754694,263.62042654224075,1.3613750131642428,64.7089876028146,197.98538830545795,64.7089876029622,1.2639072319881346,199.99999824675695,197.98538830545795,199.99999824675695,249.41674801944953,1.2635678718671626,1.2516149800331422,196.13848074605323,1.2009182990548088,133.66799840922343,0.012984571258922002,0.008977840243803452,118.62099899100619,206.1015497379621,27.4123291979317,600.5901783603929,1.6220547641120169,1220.0462984764604,1.6220964208727227,268.5312167797423,132.66931554958109,1.571973245965817,919.0923624649606,915.810349042575,1.5713307957940794,265.33949902119895,919.6596974466441,1.5211443356884415,154.3517750147802,1.5210439415048682,265.0954570854508,1.5205174251337856,122.86456043785287,237.6276352043713,123.42183179208286,1.4196385842865746,241.6797553224412,1.4189208455526172,237.8317541696038,241.82971429951618,287.96442634028296,1.4189293758509112,1.4114115367486122,234.76411135342715,1.3611228218851479,48.99816065115525,158.73681057925353,49.158590856340965,1.2597984877954065,182.23064487602562,160.38998393074962,181.7352612671534,232.47307026109712,1.2595978263183887,1.2516418907961064,158.07411523377914,1.2007932307932372,133.15319054851466,0.009411936138959022,0.0016849248442691613
123.2587575558349,329.99999996204104,44.37998166144142,599.9999587847464,1.6221146708150707,1219.5064052097737,1.6221950000482126,285.288334548609,170.76086353945044,1.5720455537584515,960.3107007300887,963.602000141361,1.5713150000072915,281.89852655036566,963.6020001413608,1.5213301727279736,266.3543662381553,1.5212154149647883,281.89852655036566,1.520794999925334,139.99528421543334,265.0377862069554,139.99528421547575,1.4230690096044456,344.5569861877741,1.422317435168599,265.0377862069554,344.5569861877741,371.0708502411021,1.4221272385406913,1.4114449997568022,263.6204036765536,1.3613750127590594,64.7090641486146,197.98551818112819,64.70906414875716,1.263907242783542,199.9999982874516,197.98551818112819,199.9999982874516,249.41660383149545,1.263567882297116,1.2516149818255298,196.13861489769508,1.2009180689132668,133.70236785317206,0.012982578196702853,0.008976143428982347,118.62094450975084,206.10281513408563,27.412465891374342,600.5900225357117,1.6220547848301028,1220.04612242737,1.622096437245572,268.5319387956799,132.66928671925328,1.5719732491968315,919.0914768620983,915.8114210411925,1.5713307920962953,265.34123919850197,919.6599762998749,1.5211444259260694,154.35336192859222,1.5210439927199229,265.0957808879501,1.520517449623164,122.86378582655905,237.62653134251497,123.42130094777801,1.4196385798750828,241.67900580193384,1.4189208813695031,237.83159336423478,241.82906917650809,287.9638632645107,1.418929394258115,1.4114115466773245,234.76360234879118,1.3611228727482165,48.99866315177839,158.73732522940725,49.15888655387979,1.2597986410350805,182.2359340536569,160.39060504284691,181.7402481706678,232.4769631799529,1.2595979510088138,1.2516418985508573,158.07459296748618,1.2007933040408156,133.15467750648824,0.00941168939200592,0.0016846017576485168
123.25875755583644,329.9999999620409,44.379981661489836,599.9999587847474,1.6221146708150704,1219.5064052103398,1.6221950000482126,285.28833454861433,170.76086353950757,1.572045553758449,960.3107007300985,963.602000141376,1.5713150000072893,281.89852655037157,963.6020001413759,1.5213301727286115,266.3543662381938,1.5212154149654262,281.89852655037157,1.520794999925972,139.995338727658,265.0377629213252,139.99533872769993,1.4230690092339753,344.55705474232,1.4223174348020144,265.0377629213252,344.55705474232,371.0709096076535,1.4221272381790715,1.4114449997591114,263.62038097006575,1.361375012362216,64.70913824437397,197.9856440645583,64.70913824451323,1.2639072531855748,199.9999983290104,197.9856440645583,199.9999983290104,249.41646472046472,1.2635678923447873,1.2516149834832546,196.13874490108947,1.2009178573707893,133.73588952046066,0.012980765984219952,0.008974604023849048,118.62081707371104,206.10369661761277,27.412591676612085,600.5898696339775,1.622054806281769,1220.0459522393464,1.6220964547839836,268.532485224084,132.66914330685347,1.5719732468437193,919.0904074408265,915.8123544480884,1.5713307838989035,265.3427495804828,919.6601833525731,1.5211444878367555,154.3541487549391,1.521044017078604,265.0958477374984,1.5205174473280476,122.86300331405444,237.62523484922696,123.42075898325068,1.419638554989744,241.67836737107314,1.4189209014772284,237.83116622497323,241.8285123898455,287.9634263177114,1.4189293897723259,1.4114115500832638,234.762840527283,1.3611228950038397,48.99912058784933,158.7376673203918,49.15912607505946,1.2597987785125857,182.24125915731028,160.391073778134,181.74524870129403,232.48058839092172,1.2595980556848272,1.2516419000394925,158.07493946113217,1.200793356185846,133.15602037362922,0.00941146314904095,0.0016842700329829392
123.25875755583786,329.99999996204093,44.37998166153412,599.9999587847483,1.6221146708150702,1219.5064052108555,1.6221950000482122,285.2883345486201,170.76086353955975,1.5720455537584463,960.3107007301089,963.6020001413859,1.5713150000072869,281.8985265503767,963.6020001413859,1.52133017272922,266.35436623821744,1.5212154149660346,281.8985265503767,1.5207949999265806,139.99539286262655,265.03773979757807,139.99539286266787,1.4230690088662228,344.55712282184635,1.422317434438117,265.03773979757807,344.55712282184635,371.0709685626308,1.4221272378201038,1.411444999761513,263.62035842145804,1.36137501197513,64.70920996169987,197.9857660560956,64.70920996183389,1.2639072632025927,199.99999837065826,197.9857660560956,199.99999837065826,249.41633049475365,1.2635679020182726,1.2516149850099945,196.13887086294548,1.2009176630393599,133.76863050527857,0.012979119623576599,0.008973205294204954,118.62052243657723,206.10459072984375,27.412769275823095,600.5896796029151,1.6220548370476822,1220.0457300072176,1.6220964818338224,268.53276195003673,132.66871898356746,1.571973237506282,919.0890336400837,915.8131141978873,1.571330769608088,265.3438832374053,919.660174168784,1.521144495684589,154.35372881952924,1.521043996602474,265.0954508183056,1.520517393807891,122.86231064124276,237.62364689620753,123.420326757761,1.419638494982143,241.67803276370378,1.4189208892240832,237.83034042240087,241.82820187420674,287.9633362255879,1.4189293580624371,1.411411544124935,234.76160678094678,1.3611228743967811,48.999521847560686,158.7378126333764,49.159285344297494,1.2597988766173707,182.24633525646573,160.39122716406217,181.74999527210892,232.48373335564744,1.2595981132342542,1.2516418937156777,158.07494492946805,1.2007933718769037,133.15700672736992,0.00941136559440186,0.0016839088697439928
123.25875755583874,329.999999962041,44.379981661573645,599.9999587847491,1.6221146708150698,1219.5064052113162,1.622195000048212,285.288334548624,170.76086353960585,1.572045553758445,960.3107007301194,963.6020001413958,1.5713150000072853,281.8985265503803,963.6020001413963,1.521330172729813,266.3543662382398,1.5212154149666277,281.8985265503803,1.5207949999271737,139.9954466229119,265.03771683443415,139.99544662295364,1.4230690085011046,344.5571904297274,1.4223174340768248,265.03771683443415,344.5571904297274,371.0710271090146,1.4221272374637064,1.4114449997639507,263.620336029475,1.361375011598437,64.70927937021216,197.98588425865995,64.70927937034132,1.2639072728466785,199.99999841195273,197.98588425865995,199.99999841195273,249.4162009755014,1.2635679113293787,1.2516149864124375,196.13899289203988,1.2009174845903654,133.8006523851367,0.012977625286125501,0.0089719336436451,118.62007969809989,206.10608596837693,27.412981815377922,600.5894889003648,1.622054872893083,1220.0455111397755,1.6220965142936286,268.5330021537825,132.6683656272422,1.5719732167561122,919.0877610510964,915.8139874927112,1.5713307440808155,265.34483584346793,919.6602626671147,1.5211444450100073,154.35303040063707,1.5210439203610384,265.0948651884089,1.5205172770987907,122.86177189572257,237.6219601148884,123.4200736263808,1.4196384111637974,241.67794710421725,1.4189208598479532,237.82941914164067,241.82816573661086,287.96359298814,1.4189293082547096,1.411411524848475,234.7601943773542,1.361122792695856,49.000029286764885,158.73795996459688,49.15954955838229,1.2597989575865198,182.25127198743203,160.39128872025705,181.75468547623402,232.4866009653552,1.259598145206158,1.251641874190323,158.07487284685877,1.200793335015371,133.1579366331556,0.009411360059028494,0.0016835041721959502
123.25875755583942,329.999999962041,44.379981661610074,599.9999587847497,1.6221146708150695,1219.506405211733,1.6221950000482117,285.28833454862706,170.7608635396487,1.572045553758444,960.3107007301273,963.6020001414056,1.5713150000072842,281.89852655038374,963.6020001414051,1.5213301727303912,266.3543662382589,1.5212154149672061,281.89852655038374,1.5207949999277521,139.99550001107872,265.0376940306533,139.99550001112016,1.4230690081385586,344.5572575693003,1.422317433718076,265.0376940306533,344.5572575693003,371.07108524974063,1.422127237109818,1.411444999766388,263.62031379290397,1.3613750112323504,64.70934653758545,197.98599877562685,64.70934653771047,1.2639072821315227,199.99999845264057,197.98599877562685,199.99999845264057,249.41607599496524,1.2635679202915142,1.2516149876984841,196.1391110971781,1.200917320772764,133.83201166006342,0.012976270244622747,0.008970777499909353,118.62006310323474,206.1055378826308,27.41290290133311,600.5894857799212,1.6220548733599067,1220.0455063640911,1.6220965150523436,268.53294456107153,132.66825991604028,1.5719732167700031,919.0876561183203,915.8138355427515,1.5713307441572837,265.3447613340756,919.6601633152152,1.5211444434653543,154.35266350970002,1.5210439202868495,265.0948066950542,1.5205172742909356,122.86175258165177,237.62187301198014,123.4200607503337,1.4196384034154077,241.67800465668478,1.4189208540879277,237.8292633614394,241.82820321263623,287.9636853325667,1.4189292990768883,1.4114115247108059,234.76005785624324,1.3611227922109839,49.00003484266858,158.73785804368407,49.159564991447986,1.2597989488878956,182.25126889036116,160.39119689052373,181.7546384007568,232.48652921481792,1.2595981342717668,1.2516418733709966,158.07477938802742,1.2007933324568003,133.1578029406305,0.009411377048798662,0.0016834685145268014
123.2587575558399,329.9999999620409,44.37998166164223,599.9999587847503,1.6221146708150695,1219.5064052121156,1.6221950000482117,285.2883345486298,170.76086353968805,1.5720455537584432,960.3107007301362,963.6020001414141,1.5713150000072833,281.89852655038646,963.6020001414141,1.5213301727309567,266.35436623828014,1.521215414967772,281.89852655038646,1.520794999928318,139.9955530296832,265.03767138504304,139.99555302972368,1.4230690077785417,344.5573242438576,1.4223174333618274,265.03767138504304,344.5573242438576,371.0711429876882,1.4221272367583961,1.4114449997688046,263.62029171057816,1.3613750108768523,64.70941152958827,197.98610970958617,64.70941152970926,1.263907291071329,199.99999849257483,197.98610970958617,199.99999849257483,249.41595539515097,1.2635679289186017,1.2516149888763493,196.13922558601303,1.2009171704192552,133.86276016009262,0.012975042798953599,0.008969726707959851,118.6200533968042,206.10527267985043,27.412853132648255,600.5894900063448,1.6220548729264275,1220.0455130934645,1.6220965145795212,268.5329305140688,132.66821482245064,1.571973216686658,919.0876040240344,915.813763742221,1.5713307440119941,265.3447327837477,919.6601199009397,1.5211444425435452,154.35250879665426,1.5210439191740164,265.09478650091984,1.520517273411955,122.86174321725382,237.62184788614124,123.42005255648556,1.4196383995129342,241.67803008684484,1.4189208509460958,237.8292097596497,241.82821525850153,287.9637123602037,1.4189292945395384,1.4114115246337111,234.7600005510855,1.3611227901260345,49.000050893057036,158.73782070631998,49.15958968435311,1.2597989434594308,182.25126145739108,160.39116358963142,181.75457707875358,232.48647193497726,1.2595981283249928,1.2516418727016878,158.07473862406908,1.2007933314605428,133.15787572878304,0.009411379350640845,0.0016834558859500886
123.25875755584039,329.99999996204093,44.37998166167131,599.999958784751,1.622114670815069,1219.5064052124621,1.6221950000482117,285.2883345486327,170.7608635397238,1.5720455537584423,960.3107007301442,963.6020001414245,1.5713150000072826,281.8985265503896,963.602000141424,1.5213301727315163,266.35436623829855,1.5212154149683315,281.8985265503896,1.5207949999288775,139.99560568127006,265.03764889645817,139.9956056813108,1.4230690074210304,344.55739045664666,1.4223174330080577,265.03764889645817,344.55739045664666,371.0712003256965,1.4221272364094186,1.4114449997711986,263.620269781379,1.3613750105318323,64.70947441012392,197.98621716170894,64.70947441024113,1.263907299680278,199.99999853164883,197.98621716170894,199.99999853164883,249.41583902663842,1.2635679372245432,1.2516149899541325,196.1393364644648,1.2009170324464375,133.89294542230658,0.012973932201382295,0.008968772187220251,118.62004306415233,206.10505041466308,27.41280949982866,600.5894950622534,1.6220548724040293,1220.0455215594504,1.6220965139857442,268.5329248952678,132.6681815566878,1.5719732165810874,919.0875601159933,915.8137052999288,1.5713307438656121,265.34471607136066,919.6600814960037,1.5211444417961326,154.3523850262177,1.521043917813887,265.09476978853274,1.5205172727038874,122.86173326758099,237.62182946052604,123.42004319208769,1.4196383961760364,241.67805150171648,1.4189208480660829,237.82917123336338,241.82821927378995,287.96372587402226,1.4189292908787219,1.4114115245400958,234.75995841494017,1.361122787750162,49.000065091477595,158.7377924510174,49.1596137599356,1.2597989382271757,182.25126393504777,160.39113634344682,181.7545194732354,232.4864246037405,1.2595981231455442,1.2516418721131575,158.07470531693235,1.2007933305322118,133.15797228449563,0.00941138061117371,0.001683445398622744
123.2587575558409,329.9999999620409,44.37998166169834,599.9999587847517,1.622114670815069,1219.506405212764,1.6221950000482113,285.28833454863536,170.7608635397542,1.5720455537584415,960.3107007301508,963.6020001414306,1.5713150000072817,281.8985265503918,963.6020001414302,1.5213301727320672,266.3543662383146,1.5212154149688821,281.8985265503918,1.5207949999294281,139.99565796836805,265.0376265637491,139.99565796840858,1.4230690070659937,344.55745621089943,1.4223174326567347,265.0376265637491,344.55745621089943,371.07125726657847,1.4221272360628554,1.4114449997735596,263.6202480041833,1.3613750101970774,64.70953524128598,197.98632123123306,64.70953524139895,1.263907307972178,199.99999856981844,197.98632123123306,199.99999856981844,249.41572674770487,1.2635679452228734,1.2516149909395557,196.13944383624465,1.2009169058518996,133.92261103909038,0.01297292858427825,0.0089679057274256,118.62003492327509,206.1048433039203,27.412766889653273,600.5895001576612,1.6220548719260908,1220.045529916898,1.6220965134359508,268.5329234905675,132.66814976940333,1.5719732164588478,919.0875214173808,915.8136485274164,1.571330743713768,265.3447028407209,919.6600380817283,1.5211444410487198,154.35227009652658,1.5210439164537577,265.0947572542425,1.5205172720202356,122.86172419582046,237.62181103491082,123.42003441296467,1.4196383930088115,241.6780675628702,1.418920845290798,237.8291427574126,241.82822195064892,287.9637371355377,1.418929287321027,1.4114115244382206,234.75992470602387,1.3611227853742893,49.00007990722078,158.7377712595405,49.15963721819546,1.2597989336489523,182.25126765153283,160.39111363829298,181.7544668230306,232.48638691963478,1.2595981187334215,1.2516418715246274,158.07467747813155,1.200793329626523,133.15806586926317,0.009411382584182013,0.0016834349987543112
123.25875755584119,329.999999962041,44.37998166172257,599.9999587847522,1.6221146708150689,1219.5064052130501,1.622195000048211,285.2883345486373,170.76086353978366,1.572045553758441,960.3107007301571,963.6020001414369,1.5713150000072813,281.8985265503939,963.6020001414365,1.5213301727326116,266.354366238325,1.5212154149694266,281.8985265503939,1.5207949999299726,139.99570989349348,265.0376043858133,139.99570989353322,1.4230690067134133,344.5575215098062,1.4223174323078416,265.0376043858133,344.5575215098062,371.07131381310967,1.4221272357186883,1.411444999775889,263.6202263779161,1.3613750098723694,64.70959408340661,197.9864220153813,64.70959408351595,1.2639073159603895,199.9999986070432,197.9864220153813,199.9999986070432,249.41561842345124,1.263567952926684,1.2516149918399162,196.13954780280721,1.2009167897100719,133.95179697940338,0.012972022891642503,0.008967119858051653,118.62002709550852,206.104631141696,27.412725472562798,600.589504700079,1.6220548715370708,1220.0455377859232,1.6220965129851201,268.5329178717664,132.6681157644013,1.571973216347721,919.0874767651356,915.8135934246836,1.5713307435619241,265.34469100278005,919.659993832563,1.521144440226566,154.35215958720818,1.521043914772143,265.09474332725324,1.5205172710435904,122.8617148314225,237.6217909342397,123.42002563384166,1.4196383896719138,241.67808496245343,1.4189208426202407,237.82911428146184,241.82822462750786,287.9637461447501,1.4189292839695755,1.411411524306058,234.75989268255339,1.361122783046904,49.00009256233476,158.73774704070973,49.159658824487444,1.2597989292015355,182.25127446508873,160.39108891490324,181.75441850872505,232.48634953700193,1.2595981144491863,1.2516418709707167,158.0746506335736,1.200793328698192,133.15814311383323,0.009411385543695243,0.0016834240745919537
123.25875755584184,329.999999962041,44.37998166174374,599.9999587847526,1.6221146708150684,1219.5064052132993,1.6221950000482106,285.28833454863945,170.76086353980918,1.57204555375844,960.3107007301627,963.6020001414404,1.5713150000072802,281.8985265503959,963.6020001414402,1.5213301727331494,266.35436623833226,1.5212154149699646,281.8985265503959,1.5207949999305106,139.99576145914284,265.03758236152726,139.99576145918343,1.423069006363265,344.5575863565511,1.4223174319613539,265.03758236152726,344.55758635655104,371.0713699680552,1.4221272353768937,1.4114449997781828,263.6202049014788,1.3613750095574373,64.70965099509064,197.9865196089904,64.70965099519603,1.2639073236576888,199.99999864331983,197.9865196089904,199.99999864331983,249.415513925195,1.2635679603484875,1.2516149926620113,196.13964846300468,1.2009166831674123,133.9805398848905,0.012971206814973145,0.008966407757619598,118.6200205201846,206.1044341339163,27.412686612082844,600.5895086500076,1.6220548712258551,1220.0455447866423,1.6220965126002647,268.5329178717664,132.66808619483433,1.5719732162782667,919.087437322319,915.8135416615105,1.5713307434821786,265.34468264658653,919.659946243838,1.5211444395538944,154.35206675938073,1.5210439134120137,265.0947342747103,1.520517270408771,122.86170634493685,237.62177418368043,123.42001685471865,1.419638386787477,241.67809968517767,1.4189208403162306,237.82909083067884,241.82822596593735,287.96375290165935,1.4189292809790495,1.4114115242509904,234.75986065908293,1.3611227808649802,49.000104908787414,158.73772887658666,49.1596798134568,1.2597989247541184,182.25128065923047,160.39106772342632,181.75437514973288,232.48631486762469,1.2595981106765017,1.251641870462965,158.0746262746229,1.2007933279283565,133.1582173874583,0.009411389380102664,0.0016834137622477334
123.25875755584156,329.999999962041,44.37998166176352,599.9999587847528,1.6221146708150687,1219.506405213484,1.6221950000482108,285.28833454864,170.76086353982828,1.5720455537584406,960.3107007301668,963.6020001414446,1.5713150000072806,281.89852655039664,963.6020001414448,1.5213301727336277,266.3543662383439,1.5212154149704427,281.89852655039664,1.520794999930989,139.9958126678029,265.0375604898397,139.9958126678428,1.4230690060155333,344.5576507542528,1.422317431617257,265.0375604898397,344.5576507542528,371.07142573412557,1.4221272350374576,1.411444999780215,263.62018357384693,1.3613750092520178,64.70970603326714,197.98661410461028,64.70970603336936,1.2639073303466364,199.99999867515905,197.98661410461028,199.99999867515905,249.41541312985163,1.263567966796891,1.2516149933402168,196.1397459132101,1.2009165854375783,134.00887334261577,0.012970472733585047,0.008965763185345447,118.62001394486067,206.1042497548404,27.412648774247103,600.5895123629404,1.6220548708924094,1220.0455511904008,1.6220965122483968,268.53291365766563,132.6680521898323,1.5719732162393723,919.0874016005229,915.8134915681172,1.5713307434570534,265.34467289769407,919.6599028295625,1.5211444391303606,154.35196951118056,1.5210439122249917,265.09472382946836,1.5205172697495355,122.86169756581376,237.62175743312116,123.42000895350793,1.4196383839030398,241.67811306947243,1.418920838116948,237.8290690549518,241.82822730436683,287.9637596585686,1.4189292781432057,1.411411524193169,234.7598336919499,1.3611227790224667,49.000116329256116,158.73771071246358,49.15969833313564,1.2597989210261367,182.2512874727864,160.39104804562632,181.7543386042966,232.4862871321229,1.2595981072235363,1.2516418700706116,158.07460290991503,1.2007933274755123,133.15828720466584,0.009411392558841429,0.0016834048482383798
123.25875759748942,330.0000000508448,44.37997278504348,599.9999630005875,1.6221146707372318,1219.506480203217,1.6221949999636154,285.28833407804836,170.7608672980763,1.572045553690321,960.3106989769294,963.6019976072312,1.5713149999422336,281.8985261511346,963.6019957038197,1.5213301726235158,266.35436216822177,1.5212154148610186,281.8985261511346,1.5207949998233268,139.99586351020753,265.03753836165225,139.99586351024777,1.4230690054255895,344.55771499175,1.4223174310354396,265.03753836165225,344.55771499175,371.07148135274747,1.422127234461976,1.4114449996875063,263.62016199309437,1.3613750086656407,64.70975925295053,197.98670539226742,64.70975925305561,1.2639073393660443,199.99999881647614,197.98670539226742,199.99999881647614,249.41531617354562,1.26356797548249,1.2516149942780994,196.1398400595682,1.200916497934053,134.03682775321246,0.012969809548726204,0.008965170742399855,118.6200086219794,206.10408558169064,27.412615879191705,600.589515917876,1.6220548705811935,1220.0455568886607,1.6220965118855333,268.5329150623659,132.6680240987437,1.5719732162338158,919.0873673671349,915.813448153843,1.5713307433980637,265.34466454150055,919.6598677641863,1.521144438781568,154.35189436484404,1.5210439112852658,265.09471895502213,1.520517269285629,122.86169112779015,237.62174738278557,123.42000280812182,1.4196383817538514,241.67812511533774,1.4189208362842125,237.82905230439252,241.82822596593735,287.9637641631748,1.4189292758745307,1.4114115242151963,234.7598117811543,1.3611227773739019,49.000128058386146,158.73769759393025,49.15971685281448,1.2597989177559772,182.25128623395804,160.39103341341607,181.75429772296113,232.4862542715827,1.2595981040902895,1.2516418697359573,158.07458451642162,1.2007933270679523,133.1583555364009,0.009411395079910862,0.0016833978568915212
123.2587575737828,329.999999792645,44.379959250344676,599.9999580496653,1.622114670755996,1219.506387834586,1.6221949999722063,285.2883333491035,170.76085724995326,1.5720455537319142,960.3106944755325,963.6019915806946,1.571314999987497,281.89852563401513,963.6019900395682,1.521330172684113,266.35435400386183,1.5212154149221204,281.89852563401513,1.5207949998858172,139.9959138031178,265.03751575794394,139.99591379947606,1.4230690052667279,344.5577790409111,1.4223174308835076,265.03751575794394,344.5577790409111,371.07153717045526,1.4221272343135736,1.4114449997928848,263.62013991808885,1.361375008658791,64.70981069871227,197.98679372193425,64.70981069833694,1.2639073450255132,199.99999875661155,197.98679372193425,199.99999875661155,249.41522227249357,1.2635679809419078,1.2516149947590733,196.1399311236325,1.200916413699591,134.06443255609244,0.012969224624107845,0.00896465035166325,118.62000329909813,206.10392140854088,27.41258366589911,600.5895191568175,1.6220548702810926,1220.0455621527672,1.6220965115556572,268.53290944356485,132.66799452917672,1.5719732161421363,919.0873338779511,915.8134047395688,1.5713307433139485,265.3446513108608,919.65983269881,1.5211444382085515,154.35180153701663,1.5210439101724327,265.09470711708127,1.5205172686508097,122.86168468976656,237.62173733245,123.41999695537315,1.4196383793784328,241.6781384996325,1.4189208343991133,237.82903052866544,241.82822998122577,287.96377317238716,1.4189292733996126,1.411411524149115,234.75978312857546,1.3611227756283628,49.00013793554827,158.73767942980717,49.15973228588018,1.259798914224205,182.25128313688717,160.391014744734,181.75425931928234,232.48622291840675,1.259598100637324,1.2516418693897629,158.07456264307814,1.200793326524539,133.15842238266345,0.009411396998116325,0.0016833920890522234
123.25875754872908,329.99999996759084,44.379967725562864,599.9999568853435,1.6221146709089722,1219.5063735097851,1.6221950001315761,285.2883337759908,170.76085760985197,1.572045553771968,960.3106974079146,963.6019954162646,1.5713150000255838,281.8985258926847,963.6019940439505,1.521330172739674,266.3543588832749,1.5212154149772283,281.8985258926847,1.5207949999397323,139.99596384194115,265.0374940729357,139.99596383209837,1.4230690049045633,344.55784220957526,1.42231743052475,265.0374940729357,344.5578422095752,371.0715919607296,1.4221272339602526,1.4114449997943637,263.62011875862015,1.3613750084105856,64.70986042478233,197.98687939166302,64.70986042394296,1.2639073517236414,199.99999876191686,197.98687939166302,199.99999876191686,249.41513195106535,1.263567987397896,1.2516149952841797,196.1400194314692,1.2009163383496904,134.0917127789138,0.012968697954961198,0.0089641789978523,118.61999954177017,206.10379259576186,27.412556906708968,600.5895220797646,1.622054870014336,1220.045566711375,1.6220965112587686,268.5329108482651,132.66797161276233,1.5719732160976854,919.0873063423999,915.8133680044136,1.571330743258236,265.3446422583178,919.6598068172227,1.5211444378099315,154.35174407217104,1.5210439094800032,265.0947015462856,1.5205172682357355,122.86167912965527,237.62172895717038,123.4199913952619,1.4196383777948203,241.67814786863886,1.4189208330900167,237.82901880327395,241.82822730436683,287.96377542469025,1.4189292713887416,1.4114115241160743,234.75976795956313,1.361122774173747,49.00014719538776,158.7376673203918,49.159746484300626,1.2597989116734805,182.25128499512968,160.39100364443658,181.7542271097453,232.48619518290496,1.2595980981435155,1.251641869089728,158.07454822655626,1.200793326116979,133.158486257981,0.009411398642292741,0.0016833869329701849
123.2587575552682,329.9999999681805,44.379972275325244,599.9999579203653,1.6221146707532492,1219.5063872721187,1.6221949999784027,285.28833403202924,170.76085961301678,1.5720455537606406,960.3106991187472,963.6019971086388,1.5713150000126404,281.8985261272769,963.6019961519313,1.5213301727466264,266.3543614531567,1.5212154149839394,281.8985261272769,1.5207949999457941,139.99601362627308,265.03747310813367,139.99601361755248,1.423069004561551,344.5579045847884,1.4223174301844612,265.03747310813367,344.5579045847884,371.0716460456033,1.4221272336247073,1.411444999786954,263.62009831129933,1.361375008128312,64.70990848904513,197.9869623841696,64.70990848800724,1.263907358391748,199.99999880832962,197.9869623841696,199.99999880832962,249.41504481706846,1.2635679938314142,1.251614995993726,196.14010496019546,1.2009162693280844,134.11869202328847,0.012968227518717856,0.00896375338804855,118.61999515822089,206.10366630872358,27.41252963619672,600.5895246077189,1.6220548698031538,1220.0455707272913,1.6220965110278553,268.53290803886455,132.6679464786304,1.571973216025453,919.0872825278691,915.8133312692585,1.5713307431915995,265.34463390212426,919.6597792658556,1.5211444373614837,154.35167776658002,1.521043908639196,265.09469527914047,1.520517267747413,122.86167386218142,237.62172058189074,123.4199861277881,1.41963837592842,241.67815857607468,1.4189208314667368,237.8290037277706,241.82822998122577,287.96378443390256,1.4189292693778706,1.4114115240940472,234.75974604876754,1.3611227728645927,49.00015522058199,158.73765622009438,49.15975944807582,1.2597989089265464,182.25128127864465,160.3909895167853,181.75419428079408,232.4861650356204,1.2595980953939316,1.2516418687666133,158.07453182154865,1.2007933256188503,133.15854270593604,0.009411401163363814,0.0016833814273406987
123.25875755586839,329.9999999556401,44.3799789318886,599.99995738874,1.622114670885346,1219.5063865870027,1.6221950001132983,285.2883343642819,170.7608604377872,1.572045553759426,960.3106995794672,963.6019985720013,1.5713150000101228,281.89852641026755,963.6019985690249,1.5213301727540123,266.35436445923625,1.5212154149909662,281.89852641026755,1.5207949999518546,139.99606309387337,265.0374522521176,139.9960630939126,1.4230690042887137,344.5579666036523,1.4223174299132089,265.0374522521176,344.5579666036523,371.07169971639996,1.4221272333569943,1.4114449997872867,263.6200779844597,1.3613750079020719,64.70995494182921,197.98704286817969,64.70995494192121,1.2639073645790893,199.9999988245759,197.98704286817969,199.9999988245759,249.41496082879183,1.2635679997909213,1.2516149962983363,196.14018788903857,1.2009162057499292,134.14539212608165,0.012967809429051897,0.008963370533200697,118.61999296644626,206.10355012464836,27.412505944939205,600.5895265431839,1.6220548696808905,1220.0455739834397,1.6220965108739132,268.53290803886455,132.6679265191727,1.5719732159837803,919.0872572249302,915.8133012132225,1.5713307431610122,265.34462972402747,919.6597533842682,1.52114443713726,154.3516247221072,1.5210439078725775,265.0946917973931,1.5205172674300031,122.86166830207013,237.6217122066111,123.41998056767686,1.4196383742316923,241.67816660665153,1.4189208301576401,237.8289903273232,241.8282286427963,287.96378668620565,1.418929267779486,1.4114115240720202,234.7597308797552,1.3611227716039256,49.00016231979227,158.73764511979692,49.15977055988312,1.259798906310419,182.2512775621596,160.39097639825198,181.75416207125704,232.48614242515697,1.2595980928361794,1.251641868535817,158.07451790214822,1.2007933253471437,133.15858727011107,0.009411404506524307,0.001683375965424477
123.25875755891408,330.0000000154406,44.37998166011229,599.9999584616738,1.6221146708633374,1219.5064026428013,1.622195000095561,285.28833454128414,170.76086326262725,1.5720455537535019,960.3107006465824,963.6020000946786,1.5713150000023957,281.89852653407905,963.6020000946786,1.5213301727470827,266.3543661333921,1.5212154149839159,281.89852653407905,1.5207949999445005,139.99611227211085,265.0374316754603,139.99611227215064,1.42306900394106,344.55802813329944,1.4223174295673355,265.0374316754603,344.55802813329944,371.0717529199371,1.4221272330154475,1.4114449997936016,263.6200579302964,1.3613750075988245,64.70999983471341,197.98712073171436,64.70999983480255,1.263907370348814,199.9999988704222,197.98712073171436,199.9999988704222,249.4148799293545,1.2635680053401548,1.2516149967102994,196.14026811298808,1.2009161475550578,134.17183294787984,0.0129674392753523,0.0089630270040095,118.6199892091183,206.103446569277,27.412484639851513,600.5895278071611,1.6220548696142014,1220.0455764798203,1.622096510807938,268.53290242006346,132.667906559715,1.5719732159587767,919.0872348988077,915.8132744967461,1.5713307431610122,265.3446241532318,919.6597266677911,1.521144437037605,154.35156725726165,1.5210439072296074,265.0946876192964,1.5205172670881775,122.86166332723371,237.6217004812196,123.41997559284049,1.419638372761195,241.67817597565787,1.4189208287961794,237.82897860193168,241.82822730436683,287.9637934431149,1.4189292662326622,1.4114115240830336,234.75971233985123,1.3611227707311562,49.00016725837333,158.7376340194995,49.15977981972254,1.259798903955904,182.2512750845029,160.39096479339557,181.7541391529326,232.48611860880217,1.2595980905342024,1.2516418683857997,158.0745039827478,1.2007933250980791,133.1586258923961,0.009411407904491935,0.0016833707220015768
123.25875755906856,329.9999999943535,44.37998190981375,599.9999587518048,1.6221146707902436,1219.506405925083,1.6221950000226966,285.28833455155365,170.76086358306424,1.5720455537532203,960.3107007169178,963.6020001803739,1.571315000002087,281.89852654085655,963.6020001803744,1.521330172742049,266.35436625858426,1.5212154149788712,281.89852654085655,1.5207949999394241,139.99616110479303,265.0374110431916,139.99616110483086,1.423069003622519,344.5580893848392,1.4223174292514649,265.0374110431916,344.5580893848392,371.0718058523272,1.4221272327038688,1.4114449997961045,263.6200378207033,1.3613750073566377,64.7100432135135,197.98719592363489,64.71004321359956,1.263907376100693,199.99999890025003,197.98719592363489,199.99999890025003,249.41480201489045,1.263568010879109,1.2516149970866972,196.14034556827565,1.2009160941391923,134.19803266175418,0.012967112795018653,0.008962719488982047,118.61998764356498,206.10336069409095,27.412467425340658,600.5895287156446,1.6220548695919716,1220.0455783249708,1.622096510796942,268.53290382476376,132.66788955721398,1.5719732159754458,919.0872177821136,915.8132494500494,1.5713307431828603,265.34461997513506,919.6597041257635,1.5211444370126912,154.35152747390703,1.521043906784474,265.0946834411996,1.5205172669416807,122.86165805975986,237.62169210593996,123.41997091064155,1.41963837123414,241.67818132937578,1.418920827801266,237.82896855159612,241.82822730436683,287.9637979477211,1.418929264995203,1.411411524091294,234.75970222717635,1.361122769955361,49.00017127097044,158.73762695567387,49.15978722759407,1.2597989021246148,182.25127818157378,160.39095520677506,181.75412180933571,232.48610323368703,1.259598088999551,1.251641868247322,158.07449503456183,1.2007933249622258,133.1586541163736,0.009411411302460789,0.0016833658718499347
123.25875755901207,329.99999998867133,44.37998192681661,599.9999587763389,1.6221146707830703,1219.5064061612538,1.6221950000155378,285.2883345518677,170.76086360500125,1.5720455537533042,960.3107007210128,963.6020001854979,1.571315000002171,281.89852654106346,963.6020001854974,1.5213301727404365,266.3543662652647,1.5212154149772585,281.89852654106346,1.5207949999378099,139.99620958660765,265.03739049849025,139.99620958664582,1.4230690032983309,344.5581502385476,1.4223174289301177,265.03739049849025,344.55815023854757,371.0718584636226,1.4221272323868175,1.4114449997970442,263.6200177942425,1.3613750071181836,64.71008512194729,197.98726868763225,64.71008512202961,1.2639073816672122,199.99999892892043,197.98726868763225,199.99999892892043,249.41472697358068,1.2635680162394811,1.2516149974401112,196.14042050947975,1.2009160451859966,134.22400790500316,0.012966826259813304,0.008962444946139752,118.61998607801166,206.10328744760875,27.41245242655892,600.5895293476332,1.6220548695919716,1220.0455796274302,1.622096510807938,268.53290382476376,132.6678747724305,1.571973215992115,919.0871999212155,915.8132310824718,1.5713307432101704,265.3446185824361,919.6596815837358,1.5211444369628637,154.35149653129787,1.5210439064877186,265.0946792631028,1.5205172667463516,122.86165308492345,237.62168540571625,123.41996652108004,1.4196383701595459,241.67818534466423,1.4189208271728995,237.82896017631649,241.82822730436683,287.9638002000242,1.418929264015548,1.411411524127088,234.75969211450146,1.361122769470489,49.000174666244924,158.73762191008413,49.15979278349773,1.2597989005549382,182.2512800398163,160.3909481429494,181.75410942105225,232.48608996888183,1.2595980874648995,1.251641868131924,158.07448608637586,1.200793324871657,133.1586719420436,0.00941141486484881,0.0016833611091020106
123.25875755900407,329.999999988112,44.37998192414615,599.9999587782384,1.6221146707824636,1219.5064061325925,1.6221950000149281,285.28833455163857,170.7608636018694,1.5720455537533187,960.3107007202291,963.6020001846854,1.571315000002187,281.89852654082483,963.602000184685,1.52133017273957,266.3543662636895,1.521215414976392,281.89852654082483,1.520794999936944,139.99625772254666,265.03737006340185,139.99625772258466,1.4230690029761206,344.5582106829059,1.4223174286108398,265.03737006340185,344.5582106829059,371.0719107459196,1.4221272320718255,1.4114449997986132,263.6199978726754,1.3613750068860089,64.71012560313127,197.98733907831513,64.71012560321111,1.2639073870393915,199.99999895700824,197.98733907831513,199.99999895700824,249.41465471625582,1.263568021412155,1.2516149977591997,196.14049299360323,1.2009160002845514,134.2497739571916,0.012966576231175949,0.008962200631574947,118.61998482556902,206.10323693279346,27.412441859235425,600.5895297821253,1.6220548695919716,1220.045580712813,1.622096510807938,268.532899610663,132.6678666407996,1.5719732159559987,919.0871880139503,915.8132127148942,1.5713307432079855,265.3446164933877,919.6596657208275,1.5211444368133813,154.35146116831598,1.5210439058942076,265.094676477705,1.5205172665510225,122.86165132909882,237.62167870549254,123.4199635947057,1.4196383693677397,241.67819069838214,1.4189208263874415,237.82895347609278,241.82822730436683,287.9638047046304,1.418929263293697,1.411411524113321,234.75968200182658,1.36112276893713,49.00017682687414,158.73761585537642,49.159796487433496,1.2597988992468745,182.25128375630135,160.3909390608879,181.75410012983963,232.4860797188051,1.2595980863778549,1.251641868062685,158.0744796237971,1.200793324667877,133.15868531129613,0.009411417550342206,0.0016833576135157798
123.25875755899911,329.99999998806186,44.37998191967894,599.9999587783186,1.6221146707824403,1219.506406080735,1.622195000014901,285.2883345513818,170.76086359650398,1.5720455537533282,960.310700719037,963.6020001833531,1.5713150000021978,281.8985265405655,963.6020001833532,1.5213301727388162,266.354366261421,1.5212154149756385,281.8985265405655,1.5207949999361907,139.99630551748504,265.03734974419154,139.9963055175229,1.4230690026552546,344.5582707190472,1.4223174282929838,265.03734974419154,344.5582707190472,371.07196269342654,1.4221272317582438,1.4114449998001837,263.61997806261786,1.3613750066609707,64.71016469909127,197.9874071654688,64.71016469916857,1.2639073922260682,199.99999898418122,197.9874071654688,199.99999898418122,249.41458515591535,1.263568026405771,1.2516149980481357,196.14056309308154,1.200915959094575,134.27534481255321,0.012966359531105752,0.008961983996189448,118.6199832600157,206.1031965209412,27.412433507641047,600.5895299796217,1.622054869625316,1220.0455813097738,1.6220965108409255,268.532899610663,132.66785924840784,1.5719732159421078,919.0871783392971,915.8132043659954,1.5713307432101704,265.3446171897372,919.6596540323687,1.5211444366389848,154.35143906645231,1.5210439055479927,265.0946729959577,1.5205172662091968,122.8616478174496,237.6216703302129,123.41996125360623,1.4196383685759335,241.6781920368116,1.4189208259685306,237.828948450925,241.82822730436683,287.9638047046304,1.4189292626749672,1.4114115240830336,234.75967694548913,1.3611227685977194,49.00017806151941,158.73761282802258,49.15979957404664,1.2597988985274393,182.25128685337222,160.39093451985713,181.75409455511206,232.48607338787534,1.2595980856744728,1.2516418679703665,158.0744751497041,1.2007933244640971,133.15868828224114,0.009411420126224349,0.0016833550355255843
123.25875755899091,329.99999998805816,44.37998191548681,599.9999587782481,1.6221146707824654,1219.5064060318266,1.6221950000149223,285.2883345511362,170.76086359146348,1.5720455537533429,960.3107007179283,963.6020001821262,1.5713150000022142,281.89852654031927,963.602000182126,1.521330172738236,266.35436625930856,1.5212154149750585,281.89852654031927,1.5207949999356116,139.99635297573664,265.03732954523457,139.99635297577424,1.4230690023357582,344.55833034852117,1.4223174279765622,265.03732954523457,344.55833034852117,371.07201430143994,1.4221272314460824,1.4114449998017449,263.61995836876747,1.3613750064427856,64.71020245071537,197.98747301710875,64.71020245078999,1.2639073972344683,199.99999901052354,197.98747301710875,199.99999901052354,249.4145182098419,1.2635680312273636,1.2516149983095626,196.14063087844187,1.2009159213052514,134.30073328764763,0.012966173246565555,0.008961792685436152,118.61998482556902,206.10317631501508,27.41242839442,600.5895300981196,1.6220548696586607,1220.0455817439267,1.6220965108519214,268.5329010153632,132.66785703069033,1.5719732159587767,919.0871753624807,915.813199356656,1.5713307432287411,265.34461997513506,919.6596506928091,1.5211444367884674,154.35144348682505,1.5210439054985334,265.094676477705,1.5205172661603645,122.86164606162497,237.62167200526883,123.41995949778163,1.419638368632491,241.67818935995265,1.4189208259685306,237.828948450925,241.82822328907838,287.9638002000242,1.4189292628296497,1.411411524113321,234.75968200182658,1.3611227684037708,49.00017929616467,158.73761484625848,49.15980080869189,1.2597988983312298,182.25128375630135,160.39093451985713,181.7540939356979,232.4860712775654,1.2595980855465854,1.251641867935747,158.07447614394698,1.2007933245773081,133.15868828224114,0.009411421277150642,0.0016833533751272097
123.25875755898059,329.999999988058,44.379981911683736,599.9999587781722,1.6221146707824925,1219.506405987439,1.6221950000149459,285.2883345509072,170.76086358689224,1.572045553753361,960.3107007169226,963.6020001809966,1.5713150000022336,281.89852654009024,963.6020001809967,1.5213301727378647,266.3543662573578,1.5212154149746873,281.89852654009024,1.5207949999352413,139.99640010112884,265.03730947028714,139.99640010116707,1.4230690020177699,344.55838957251433,1.4223174276616966,265.03730947028714,344.55838957251433,371.0720655668712,1.4221272311354616,1.4114449998033205,263.61993879509544,1.3613750062311434,64.71023889780233,197.987536698851,64.71023889787381,1.2639074020713121,199.99999903613912,197.987536698851,199.99999903613912,249.4144537983044,1.2635680358834702,1.2516149985458274,196.14069641772244,1.2009158866317478,134.32595112002036,0.012966014711444547,0.008961624532033701,118.61998388623704,206.10316368631126,27.41242703089439,600.5895300586203,1.6220548696586607,1220.0455815811194,1.622096510884909,268.532899610663,132.66785333449445,1.5719732159309951,919.0871716414603,915.8131943473167,1.5713307432178172,265.3446185824361,919.6596448485797,1.5211444365642437,154.35143022570685,1.5210439052512372,265.0946750850061,1.5205172660382837,122.86164489107523,237.62166698010105,123.4199583272319,1.4196383684062606,241.67819069838214,1.418920825759075,237.82894677586907,241.82822462750786,287.9638047046304,1.4189292626749672,1.4114115240720202,234.75967863093496,1.361122768209822,49.00017960482599,158.73761282802258,49.15980080869189,1.2597988982004233,182.2512874727864,160.39093300618018,181.75409703276875,232.48607097609255,1.2595980854186977,1.251641867947287,158.07447465258267,1.200793324350886,133.15868679676862,0.009411422154046957,0.0016833530255698657
123.25875755897235,329.99999998805845,44.37998190824541,599.9999587781019,1.6221146707825165,1219.5064059473043,1.6221950000149667,285.28833455070264,170.7608635827582,1.5720455537533753,960.3107007160095,963.602000179969,1.5713150000022498,281.89852653988464,963.602000179969,1.521330172737681,266.35436625559043,1.5212154149745034,281.89852653988464,1.5207949999350574,139.99644689709106,265.03728952228994,139.99644689712864,1.4230690017014416,344.5584483922481,1.422317427348524,265.03728952228994,344.5584483922481,371.0721164880881,1.422127230826515,1.411444999804928,263.6199193446863,1.3613750060258256,64.7102740790526,197.98759827407812,64.71027407912209,1.2639074067429883,199.999999061062,197.98759827407812,199.999999061062,249.41439184411195,1.263568040380302,1.2516149987591283,196.14075977665067,1.2009158548130268,134.3510090586708,0.012965881486201246,0.008961477545376347,118.61998451245836,206.10315105760742,27.412424133402464,600.5895300586203,1.6220548696808905,1220.045581418312,1.6220965109069008,268.5328982059627,132.66785037753775,1.5719732158726534,919.087168664644,915.8131893379774,1.5713307431719363,265.3446171897372,919.6596390043503,1.5211444363400197,154.35142138496138,1.5210439049544817,265.09467369230714,1.5205172657697064,122.86164372052548,237.62166865515698,123.4199574493196,1.4196383684062606,241.67818935995265,1.4189208255496197,237.82894342575722,241.82822328907838,287.9638047046304,1.4189292623656025,1.4114115240362262,234.75968031638075,1.3611227679188986,49.00017929616467,158.73761181890464,49.15980080869189,1.2597988980696169,182.25128499512968,160.39093149250326,181.75409579394042,232.48607037314687,1.2595980851629225,1.251641867878048,158.07447415546122,1.2007933241923905,133.15868679676862,0.009411422482883099,0.0016833526760125944
123.25875755896486,329.9999999880587,44.37998190513766,599.9999587780387,1.6221146707825387,1219.5064059110296,1.6221950000149858,285.28833455051756,170.76086357902162,1.5720455537533886,960.3107007151843,963.6020001790498,1.5713150000022642,281.89852653969945,963.6020001790497,1.521330172737657,266.35436625400627,1.5212154149744799,281.89852653969945,1.5207949999350348,139.9964933667418,265.03726970341427,139.9964933667792,1.423069001386886,344.5585068091374,1.4223174270371433,265.03726970341427,344.5585068091374,371.0721670645464,1.4221272305193389,1.4114449998065572,263.61990001980735,1.361375005826581,64.71030803210648,197.98765780401743,64.71030803217317,1.2639074112554867,199.99999908535818,197.98765780401743,199.99999908535818,249.41433227255436,1.263568044723679,1.2516149989514314,196.14082101872492,1.2009158256097163,134.37591694700984,0.012965771338715954,0.008961349899580001,118.61998357312636,206.1031535833482,27.41242396296176,600.5895300586203,1.62205486970312,1220.0455813640428,1.6220965109398884,268.532899610663,132.66785259525528,1.5719732158420936,919.087168664644,915.8131893379774,1.5713307431402566,265.3446157970383,919.6596423439099,1.5211444361656234,154.35143022570685,1.521043904806104,265.09467369230714,1.520517265525545,122.86164284261318,237.6216703302129,123.41995686404472,1.4196383681234728,241.67819069838214,1.4189208256543473,237.82894677586907,241.82822195064892,287.9638002000242,1.4189292623656025,1.4114115239728982,234.75967863093496,1.3611227676279756,49.0001799134873,158.73761282802258,49.15980080869189,1.2597988983312298,182.2512924280998,160.39093351073916,181.75409827159712,232.48607459376672,1.259598085354754,1.2516418678434287,158.07447465258267,1.2007933240565372,133.15868828224114,0.009411422154046957,0.001683352850791221
123.25875755895916,329.9999999880589,44.37998190232887,599.9999587779816,1.6221146707825587,1219.5064058782455,1.6221950000150036,285.2883345503526,170.7608635756447,1.5720455537533988,960.3107007144442,963.602000178229,1.5713150000022755,281.89852653953596,963.6020001782294,1.5213301727377573,266.35436625259774,1.5212154149745802,281.89852653953596,1.5207949999351356,139.99653951295826,265.0372500150922,139.9965395129946,1.423069001074198,344.55856482486615,1.422317426727639,265.0372500150922,344.55856482486615,371.0722172965063,1.422127230214016,1.411444999808205,263.6198808219612,1.3613750056332257,64.71034079355832,197.98771534809936,64.71034079362273,1.2639074156145476,199.99999910904688,197.98771534809936,199.99999910904688,249.4142750111388,1.2635680489191763,1.2516149991245786,196.1408802055795,1.200915798802413,134.4006837989229,0.012965682226749793,0.008961239921249548,118.61998357312636,206.10313590316284,27.412421747232642,600.5895300586203,1.6220548697253498,1220.0455813097738,1.6220965109398884,268.5328982059627,132.6678459421027,1.5719732158087554,919.0871641994195,915.8131859984178,1.5713307431260553,265.3446157970383,919.6596356647907,1.5211444360908821,154.3514125442159,1.521043904682456,265.0946729959577,1.5205172653302161,122.86164254997574,237.62166865515698,123.4199565714073,1.4196383682365878,241.67819069838214,1.4189208254972558,237.82894342575722,241.82822195064892,287.9638002000242,1.4189292622109202,1.4114115239591314,234.75967694548913,1.3611227676279756,49.0001799134873,158.73761181890464,49.15980142601452,1.2597988980696169,182.25128933102891,160.3909309879443,181.7540988910113,232.48607218198393,1.2595980852268662,1.2516418678203491,158.07447415546122,1.2007933238980415,133.15868976771364,0.009411422811719245,0.0016833523701500425
123.25875755895564,329.9999999880592,44.379981899790536,599.9999587779295,1.622114670782576,1219.506405848615,1.6221950000150187,285.2883345502071,170.7608635725909,1.5720455537534057,960.3107007137696,963.6020001774837,1.571315000002283,281.89852653938954,963.602000177484,1.5213301727379491,266.3543662513242,1.5212154149747723,281.89852653938954,1.5207949999353279,139.99658533843325,265.03723045817947,139.99658533846906,1.4230690007634346,344.55862244135704,1.4223174264200602,265.03723045817947,344.55862244135704,371.0722671848081,1.4221272299105943,1.4114449998098542,263.6198617520582,1.36137500544555,64.71037239897552,197.9877709638693,64.71037239903751,1.2639074198255948,199.999999132171,197.9877709638693,199.999999132171,249.4142199895981,1.2635680529720577,1.2516149992802292,196.14093739689852,1.200915774189947,134.42531786850145,0.012965612281930902,0.008961146077558602,118.6199832600157,206.10312580019976,27.412420213266326,600.5895299401225,1.6220548697586945,1220.0455810926971,1.6220965109838719,268.53289539656214,132.6678459421027,1.5719732157476356,919.0871627110113,915.813184328638,1.571330743084544,265.34461301164043,919.6596339950108,1.5211444358915722,154.3514125442159,1.5210439044598894,265.09467021055985,1.5205172651104708,122.86164196470087,237.62166530504513,123.41995540085756,1.4196383678972424,241.67819069838214,1.4189208253401642,237.82894007564536,241.82822195064892,287.9638024523273,1.418929262004677,1.4114115239260907,234.7596718891517,1.3611227672885653,49.0001799134873,158.73760980066874,49.15980142601452,1.2597988978080041,182.25129056985725,160.39092997882634,181.7540988910113,232.48606886578264,1.2595980849071473,1.2516418677857297,158.074471669854,1.2007933237621882,133.15868828224114,0.00941142368861571,0.001683352151676825
123.2587575589528,329.99999998805936,44.37998189749621,599.9999587778827,1.6221146707825929,1219.506405821836,1.6221950000150331,285.28833455007594,170.76086356983149,1.5720455537534113,960.3107007131592,963.602000176816,1.5713150000022895,281.8985265392596,963.6020001768162,1.5213301727382142,266.3543662501865,1.5212154149750376,281.8985265392596,1.5207949999355934,139.9966308457237,265.03721103310147,139.9966308457602,1.4230690004546522,344.5586796607099,1.422317426114457,265.03721103310147,344.5586796607099,371.0723167306878,1.4221272296091225,1.4114449998115057,263.6198428105677,1.3613750052633793,64.71040288291985,197.987824707152,64.71040288297955,1.2639074238938166,199.9999991547491,197.987824707152,199.9999991547491,249.4141671397277,1.2635680568873564,1.2516149994199248,196.14099265057723,1.2009157515879263,134.44982671396917,0.012965559795115354,0.00896106696493175,118.61998294690504,206.10312074871825,27.412419020181417,600.5895299401225,1.6220548697698094,1220.045581038428,1.6220965110058636,268.5328939918619,132.66784446362436,1.5719732157420794,919.087159734195,915.8131809890784,1.5713307430801744,265.34461301164043,919.6596339950108,1.5211444358417447,154.35140370347042,1.5210439044351596,265.0946695142104,1.5205172650372225,122.86164079415111,237.6216636299892,123.41995423030782,1.419638367784127,241.67819069838214,1.4189208252878003,237.82893840058944,241.82822195064892,287.9638002000242,1.4189292618499947,1.41141152390131,234.7596718891517,1.361122767240078,49.00017929616467,158.73760778243283,49.159800191369264,1.2597988978080041,182.2512874727864,160.3909289697084,181.75409579394042,232.48606886578264,1.2595980847792596,1.2516418677511103,158.074471669854,1.2007933236942616,133.15868828224114,0.009411423798227769,0.0016833518021197348
123.25875755895127,329.9999999899046,44.37998191405953,599.9999587653124,1.6221146707799374,1219.5064057353666,1.6221950000123777,285.2883345500038,170.7608635481967,1.572045553753414,960.3107007066642,963.6020001763566,1.571315000002293,281.89852653918626,963.602000176357,1.5213301727384008,266.35436624941497,1.5212154149752242,281.89852653918626,1.52079499993578,139.9966760372125,265.03719175014044,139.9966760372484,1.4230690002090745,344.55873647701446,1.4223174258714157,265.03719175014044,344.55873647701446,371.0723659242743,1.4221272293693676,1.4114449998126615,263.6198240093746,1.3613750051566496,64.71043227860747,197.98787685553543,64.71043227866531,1.2639074270488981,199.9999991680403,197.98787685553543,199.9999991680403,249.41411635065919,1.263568059923773,1.2516149995211525,196.14104627448575,1.2009157277132738,134.47421716336368,0.01296552299713775,0.008961000712872251,118.61998357312636,206.10312580019976,27.412419020181417,600.5895299006231,1.622054869780924,1220.0455809841587,1.6220965110058636,268.5328982059627,132.66784668134187,1.5719732157170758,919.0871634552153,915.813184328638,1.5713307430779895,265.3446157970383,919.6596356647907,1.521144435791917,154.3514125442159,1.5210439043115116,265.09467369230714,1.520517264915142,122.86163991623881,237.62166865515698,123.41995364503295,1.4196383680103575,241.67818802152317,1.418920825392528,237.82894007564536,241.82821927378995,287.9637979477211,1.4189292621593594,1.4114115238958034,234.7596735745975,1.3611227671915909,49.00017867884203,158.73761181890464,49.159800191369264,1.2597988979388106,182.25128933102891,160.3909309879443,181.75409331628373,232.48606977020117,1.2595980849071473,1.2516418677511103,158.07447266409687,1.2007933236716193,133.15868828224114,0.009411423579003644,0.0016833518895089997
123.25875755959407,329.999999999947,44.37998198689762,599.9999587669392,1.622114670770138,1219.506405864754,1.6221950000022258,285.2883345481386,170.76086356147118,1.5720455537523914,960.3107007016354,963.6020001885875,1.5713150000013014,281.89852653156686,963.6020001885868,1.5213301727411026,266.35436624101743,1.5212154149779331,281.89852653156686,1.5207949999385,139.9967209157213,265.0371725685161,139.996720915757,1.42306899983025,344.5587929248578,1.4223174254964324,265.0371725685161,344.5587929248578,371.0724148068565,1.4221272289992921,1.4114449998025964,263.6198053033486,1.361375004837353,64.71046061977201,197.9879267757634,64.71046061982821,1.2639074315886685,199.99999920761348,197.9879267757634,199.99999920761348,249.41406770772696,1.2635680642915337,1.2516149996560362,196.14109755263837,1.2009157121414975,134.49849566477522,0.0129655021623818,0.008960947858916503,118.61998357312636,206.10310559427364,27.412416634011596,600.5895298216246,1.6220548698031538,1220.0455809298896,1.6220965110168595,268.5328939918619,132.6678407674285,1.5719732156837378,919.0871560131745,915.8131759797392,1.5713307430539567,265.34461301164043,919.6596289856714,1.5211444355926071,154.3513992830977,1.5210439040642152,265.094667425162,1.5205172646953966,122.8616390383265,237.6216636299892,123.41995247448322,1.4196383677275697,241.67818802152317,1.418920825025981,237.8289367255335,241.82821927378995,287.9638002000242,1.4189292617984337,1.4114115238517493,234.7596718891517,1.361122766997642,49.00017837018072,158.73760778243283,49.15979957404664,1.2597988975463914,182.25128623395804,160.3909269514725,181.75409455511206,232.4860673584184,1.2595980846513721,1.2516418677164909,158.07447117273256,1.2007933236036927,133.15868679676862,0.009411424236676033,0.0016833515399519642
123.25875756057496,330.00000000003877,44.37998199094824,599.9999587737849,1.6221146707679144,1219.5064059211875,1.6221950000000056,285.28833455039,170.7608635651606,1.572045553750797,960.3107007013398,963.6020001884723,1.5713149999996956,281.8985265338117,963.602000188472,1.5213301727370432,266.35436624937154,1.5212154149738708,281.8985265338117,1.5207949999344323,139.99676548329444,265.037153549557,139.99676548333017,1.4230689995416048,344.5588489587824,1.4223174252108741,265.037153549557,344.5588489587824,371.07246332867646,1.4221272287177746,1.4114449998175753,263.61978675809814,1.3613750047469395,64.71048793701772,197.98797523595334,64.71048793707128,1.263907435279688,199.99999921967856,197.98797523595334,199.99999921967856,249.4140209681564,1.2635680678444339,1.251614999746512,196.14114733960741,1.200915694408782,134.5226686332398,0.012965493479989747,0.00896090620042635,118.61998200757306,206.10311064575518,27.41241510004528,600.589529742626,1.6220548698364985,1220.045580712813,1.622096511049847,268.53289118246136,132.66784224590685,1.571973215639287,919.0871560131745,915.8131776495189,1.5713307430080758,265.34460952989315,919.6596314903411,1.5211444355178658,154.35139044235223,1.521043904014756,265.09466672881257,1.520517264573316,122.86163816041419,237.62165860482142,123.41995130393349,1.4196383674447817,241.67818935995265,1.4189208249212533,237.82893337542166,241.82821927378995,287.9638002000242,1.4189292615921907,1.4114115238324756,234.75966683281425,1.3611227668036932,49.00017837018072,158.7376067733149,49.15979957404664,1.2597988974155852,182.25128685337222,160.3909264469135,181.75409703276875,232.48606886578264,1.2595980845234844,1.2516418676703316,158.0744691842468,1.200793323422555,133.15868531129613,0.009411424127063969,0.001683351277784236
123.25875756035617,330.0000000000204,44.37998198950085,599.9999587742539,1.6221146707678389,1219.5064059106724,1.6221949999999303,285.28833454982123,170.76086356411565,1.5720455537511482,960.3107007011586,963.6020001882662,1.5713150000000504,281.89852653324556,963.6020001882662,1.5213301727375896,266.35436624754186,1.5212154149744177,281.89852653324556,1.5207949999349797,139.99680974196576,265.037134650454,139.99680974200066,1.423068999238669,344.5589046133868,1.4223174249110604,265.037134650454,344.55890461338674,371.0725115216991,1.422127228421985,1.4114449998169096,263.61976832925654,1.3613750045860327,64.71051426147999,197.98802201495738,64.7105142615319,1.2639074388309657,199.99999924057408,197.98802201495738,199.99999924057408,249.41397616262472,1.2635680712623047,1.251614999842525,196.14119538797337,1.2009156782587809,134.54674070271736,0.012965496404918451,0.008960874437857355,118.61998200757306,206.10310306853287,27.412415270485983,600.589529742626,1.6220548698364985,1220.045580712813,1.622096511049847,268.53289118246136,132.6678407674285,1.5719732156115052,919.0871552689704,915.8131776495189,1.5713307429971517,265.34461092259204,919.6596289856714,1.521144435393297,154.35139044235223,1.521043903816919,265.0946653361136,1.5205172644512355,122.86163728250189,237.62166027987735,123.41995130393349,1.4196383675013393,241.67818802152317,1.4189208249212533,237.82893505047758,241.82821927378995,287.9638002000242,1.4189292615921907,1.411411523785668,234.75966851826007,1.361122766706719,49.00017744419677,158.7376067733149,49.15979895672401,1.2597988972847787,182.25128685337222,160.39092594235456,181.7540939356979,232.4860673584184,1.2595980844595407,1.2516418676703316,158.0744691842468,1.2007933233546284,133.15868531129613,0.009411424620318283,0.0016833509282273276
123.25875756036629,330.000000000001,44.379981987511265,599.9999587743064,1.622114670767814,1219.506405894178,1.6221949999999052,285.2883345497498,170.76086356231093,1.5720455537511322,960.3107007006697,963.6020001877391,1.5713150000000349,281.898526533179,963.6020001877389,1.5213301727380828,266.354366246743,1.5212154149749109,281.898526533179,1.5207949999354733,139.99685369393362,265.0371158819121,139.9968536939696,1.4230689989400727,344.5589598825809,1.4223174246155659,265.0371158819121,344.5589598825809,371.0725593814745,1.4221272281304873,1.4114449998185008,263.61975002770725,1.361375004428552,64.71053962303665,197.988067175902,64.71053962308649,1.2639074422557575,199.99999926077118,197.988067175902,199.99999926077118,249.41393321643932,1.2635680745582256,1.2516149999223316,196.14124176260154,1.2009156634212583,134.5707167440895,0.012965510170547555,0.008960851828937652,118.61998200757306,206.10309801705137,27.412414247841774,600.5895297821253,1.6220548698253836,1220.045580712813,1.622096511049847,268.5328925871616,132.66784002818932,1.5719732156226178,919.0871537805623,915.8131776495189,1.5713307430179073,265.34460952989315,919.6596306554512,1.5211444355427797,154.3513860219795,1.5210439038911079,265.09466672881257,1.5205172644756515,122.86163669722701,237.62165860482142,123.41995071865861,1.4196383675578967,241.67818802152317,1.418920825025981,237.82893337542166,241.82821793536047,287.9638002000242,1.41892926154063,1.4114115238021883,234.75966851826007,1.361122766755206,49.00017744419677,158.73760576419693,49.15979895672401,1.2597988974155852,182.2512874727864,160.39092594235456,181.75409455511206,232.48606946872832,1.2595980845234844,1.251641867704951,158.07446868712535,1.2007933233546284,133.15868828224114,0.009411424894348475,0.0016833509719219367
123.25875756036919,329.99999999999966,44.37998198550709,599.999958774305,1.6221146707678207,1219.5064058787466,1.6221949999999121,285.2883345496555,170.76086356061336,1.5720455537511282,960.3107007002011,963.6020001871705,1.5713150000000309,281.8985265330891,963.6020001871702,1.5213301727384867,266.35436624582974,1.521215414975315,281.8985265330891,1.5207949999358776,139.99689734139292,265.03709724257374,139.9968973414285,1.423068998643505,344.5590147694603,1.4223174243220824,265.03709724257374,344.5590147694603,371.07260691052824,1.422127227840973,1.4114449998200773,263.6197318521163,1.3613750042758257,64.71056405071508,197.98811076531814,64.71056405076334,1.263907445563441,199.99999928055357,197.98811076531814,199.99999928055357,249.41389207274915,1.2635680777414473,1.2516149999923292,196.1412865117879,1.2009156497743927,134.59460121703785,0.012965533802251298,0.008960837628313904,118.61998138135172,206.10309043982906,27.412413225197565,600.5895297031267,1.622054869858728,1220.045580658544,1.6220965110718388,268.53288977776106,132.66784002818932,1.571973215605949,919.0871515479499,915.8131759797392,1.5713307429971517,265.34460952989315,919.6596239763319,1.5211444354182109,154.351377181234,1.5210439037674597,265.09466394341473,1.5205172643291547,122.86163611195214,237.62165525470957,123.41994954810887,1.4196383673316666,241.67818802152317,1.4189208247117977,237.8289300253098,241.82821793536047,287.9638002000242,1.4189292613859474,1.4114115237911746,234.75966514736842,1.3611227666582317,49.00017744419677,158.737604755079,49.15979833940138,1.259798897023166,182.25128437571553,160.39092341955967,181.7540889803845,232.4860679613641,1.2595980842037653,1.2516418676818715,158.0744657043967,1.200793323309344,133.15868531129613,0.00941142472993036,0.0016833507534489004
123.2587575603691,329.9999999999999,44.3799819834981,599.9999587743073,1.622114670767826,1219.5064058648363,1.6221949999999188,285.2883345495552,170.76086355905537,1.5720455537511286,960.3107006997486,963.6020001866773,1.5713150000000322,281.89852653299727,963.6020001866765,1.521330172738904,266.3543662450004,1.5212154149757322,281.89852653299727,1.520794999936295,139.9969406865008,265.0370787317678,139.99694068653534,1.4230689983489535,344.55906927655667,1.4223174240305956,265.0370787317678,344.55906927655667,371.07265411096057,1.4221272275534285,1.4114449998216303,263.61971380183644,1.3613750041275412,64.71058757270114,197.98815282828696,64.71058757274737,1.263907448758303,199.9999992999232,197.98815282828696,199.9999992999232,249.41385267615254,1.2635680808161318,1.2516150000538846,196.14132968229916,1.2009156372158782,134.61839820526535,0.012965566397088353,0.008960831121669198,118.61998106824106,206.10307528538448,27.412412032112655,600.5895296241282,1.6220548698809578,1220.0455804957367,1.6220965110938306,268.5328869683606,132.66783633199344,1.5719732155948363,919.0871493153377,915.8131743099593,1.5713307429862278,265.3446067444953,919.6596239763319,1.5211444353185557,154.351377181234,1.5210439037180006,265.0946632470652,1.5205172642314901,122.86163464876496,237.62165357965364,123.41994837755915,1.4196383671619937,241.67818802152317,1.4189208247117977,237.82892835025388,241.82821793536047,287.9638002000242,1.4189292613343867,1.411411523785668,234.75966514736842,1.361122766706719,49.000176209551505,158.7376027368431,49.15979772207875,1.259798897023166,182.25128499512968,160.39092291500071,181.75408959979868,232.4860691672555,1.2595980840119338,1.251641867647252,158.07446520727524,1.2007933232414172,133.15868085487864,0.009411425003960548,0.0016833503601975065
123.25875756036956,330.00000000000006,44.37998198144861,599.9999587743173,1.6221146707678296,1219.5064058523633,1.6221949999999237,285.2883345494568,170.76086355762038,1.5720455537511284,960.3107006993016,963.6020001861705,1.5713150000000329,281.898526532908,963.6020001861702,1.5213301727393225,266.35436624416366,1.521215414976151,281.898526532908,1.520794999936714,139.99698373138995,265.03706034873596,139.99698373142425,1.4230689980564133,344.55912340644255,1.4223174237411007,265.03706034873596,344.55912340644255,371.0727009849172,1.4221272272678491,1.4114449998231642,263.61969587613635,1.3613750039835217,64.71061021636882,197.98819340843514,64.71061021641304,1.2639074518440159,199.99999931890216,197.98819340843514,199.99999931890216,249.41381497287495,1.26356808378583,1.2516150001078474,196.14137131940169,1.2009156256532219,134.64211144840795,0.012965607122039946,0.008960831639184002,118.61998200757306,206.10308286260675,27.412412032112655,600.5895296241282,1.622054869869843,1220.0455804957367,1.6220965110828347,268.53288977776106,132.66783928895015,1.5719732155698327,919.0871493153377,915.8131726401796,1.5713307429687493,265.3446081371942,919.6596239763319,1.521144435293642,154.35138160160676,1.5210439036438117,265.09466394341473,1.5205172642070741,122.86163464876496,237.6216569297655,123.41994779228428,1.4196383673316666,241.67818668309368,1.4189208247117977,237.8289300253098,241.82821659693101,287.9638002000242,1.4189292614375082,1.4114115237553806,234.75966683281425,1.3611227664642829,49.000176518212825,158.73760374596105,49.15979772207875,1.2597988970885692,182.25128313688717,160.39092392411865,181.75408712214198,232.48606615252703,1.2595980841398215,1.2516418676357122,158.07446669863955,1.2007933232414172,133.15867936940612,0.009411424784736395,0.001683350272808321
123.25875756036999,330.00000000000034,44.379981979315204,599.9999587743359,1.6221146707678316,1219.5064058412145,1.622194999999927,285.2883345493564,170.76086355629218,1.572045553751128,960.31070069885,963.6020001856696,1.5713150000000329,281.89852653281906,963.6020001856702,1.5213301727397446,266.35436624333437,1.521215414976573,281.89852653281906,1.5207949999371364,139.99702647816397,265.03704209269915,139.99702647819734,1.423068997765877,344.5591771616757,1.4223174234535902,265.03704209269915,344.5591771616757,371.0727475345668,1.4221272269842276,1.4114449998246799,263.61967807426004,1.3613750038436243,64.71063200829471,197.98823254804827,64.71063200833783,1.2639074548240326,199.99999933750854,197.98823254804827,199.99999933750854,249.4137789107083,1.263568086653879,1.2516150001549395,196.14141146697273,1.2009156150020832,134.6657443711947,0.012965655214370604,0.008960838559863902,118.61998138135172,206.10307528538448,27.412410668587043,600.5895295846288,1.6220548699031876,1220.0455804957367,1.6220965111048264,268.53288977776106,132.6678370712326,1.571973215561498,919.0871493153377,915.8131726401796,1.5713307429654721,265.34460744084475,919.6596239763319,1.521144435293642,154.3513727608613,1.5210439037427301,265.0946625507158,1.5205172640605773,122.86163377085265,237.62165525470957,123.41994691437198,1.419638367275109,241.67818534466423,1.4189208247117977,237.82892835025388,241.82821525850153,287.963795695418,1.4189292613343867,1.4114115237278468,234.75966514736842,1.3611227664157957,49.00017559222887,158.7376027368431,49.15979710475612,1.2597988968923595,182.2512874727864,160.39092291500071,181.75409083862704,232.4860679613641,1.2595980841398215,1.2516418676241723,158.074467195761,1.2007933231508483,133.15868085487864,0.009411425168378668,0.0016833498795570377
123.25875756037074,330.0000000000007,44.379981977048374,599.9999587743647,1.6221146707678318,1219.5064058312887,1.62219499999993,285.2883345492513,170.76086355505328,1.5720455537511273,960.3107006983822,963.6020001851073,1.571315000000033,281.89852653272476,963.6020001851072,1.5213301727401678,266.3543662424156,1.5212154149769963,281.89852653272476,1.5207949999375603,139.99706892890663,265.0370239628486,139.99706892894108,1.4230689974773347,344.5592305448211,1.4223174231680533,265.0370239628486,344.55923054482105,371.0727937620946,1.4221272267025524,1.4114449998261782,263.6196603954221,1.3613750037077157,64.71065297429209,197.98827028816183,64.71065297433415,1.263907457701647,199.9999993557596,197.98827028816183,199.9999993557596,249.4137444389654,1.2635680894234582,1.2516150001958048,196.14145016759306,1.2009156051853616,134.6893001101333,0.012965709977001404,0.008960851311523148,118.6199807551304,206.10307023390294,27.412409986824237,600.5895295451296,1.6220548699143025,1220.0455803871982,1.6220965111268182,268.5328883730608,132.66783633199344,1.5719732155503854,919.0871493153377,915.8131709703998,1.571330742970934,265.34460744084475,919.6596248112218,1.5211444352438146,154.35136834048853,1.5210439035696228,265.09466185436634,1.5205172640849935,122.8616326003029,237.62165525470957,123.41994574382224,1.4196383670488786,241.67818534466423,1.4189208245023424,237.82892667519795,241.82821525850153,287.963795695418,1.4189292611797042,1.4114115237443672,234.75966514736842,1.3611227663188212,49.00017497490624,158.7376007186072,49.15979587011087,1.2597988968269564,182.25128623395804,160.39092190588275,181.75408836097034,232.48606675547273,1.2595980838840464,1.2516418676010928,158.07446520727524,1.2007933230829217,133.15867936940612,0.009411425003960548,0.001683349792167877
123.25875756037152,330.0000000000011,44.379981974591836,599.9999587744051,1.62211467076783,1219.506405822499,1.6221949999999317,285.28833454914013,170.76086355388867,1.5720455537511264,960.3107006978942,963.6020001845367,1.5713150000000327,281.8985265326289,963.6020001845372,1.521330172740591,266.3543662414839,1.52121541497742,281.8985265326289,1.520794999937984,139.99711108568368,265.0370059583944,139.99711108571768,1.4230689971907697,344.5592835584038,1.4223174228844742,265.0370059583944,344.5592835584038,371.07283966965736,1.4221272264228086,1.4114449998276517,263.61964283885544,1.3613750035756593,64.71067313942373,197.9883066685627,64.71067313946318,1.2639074604800018,199.99999937367727,197.9883066685627,199.99999937367727,249.41371150844049,1.2635680920976007,1.2516150002310193,196.14148746255375,1.2009155961325115,134.71278153793673,0.012965770773195197,0.0089608693687475,118.6199807551304,206.10307023390294,27.41240964594283,600.5895295846288,1.6220548698920727,1220.0455803871982,1.6220965111048264,268.5328855636603,132.66783633199344,1.57197321555872,919.0871485711336,915.8131709703998,1.5713307429873202,265.3446060481458,919.6596239763319,1.521144435393297,154.3513639201158,1.5210439036685413,265.09466115801683,1.5205172641582418,122.86163201502804,237.62165357965364,123.4199454511848,1.4196383671054362,241.67818534466423,1.41892082460707,237.82892667519795,241.82821659693101,287.9638002000242,1.4189292611281434,1.411411523785668,234.75966346192263,1.36112276651277,49.00017497490624,158.7376007186072,49.15979587011087,1.2597988967615532,182.251282517473,160.3909208967648,181.75408588331365,232.48606494663565,1.2595980838840464,1.2516418676241723,158.0744637159109,1.2007933231282062,133.15867639846113,0.009411425277990753,0.0016833497047787208
123.25875756037223,330.00000000000136,44.3799819718803,599.9999587744587,1.6221146707678264,1219.5064058147723,1.622194999999932,285.2883345490172,170.76086355278193,1.5720455537511255,960.3107006973751,963.6020001839549,1.5713150000000327,281.89852653252575,963.6020001839549,1.5213301727410167,266.3543662405215,1.5212154149778456,281.89852653252575,1.5207949999384098,139.99715295053613,265.0369880784782,139.99715295057007,1.4230689969061852,344.55933620498433,1.422317422602855,265.0369880784782,344.55933620498433,371.072885259458,1.422127226144998,1.4114449998291174,263.61962540372383,1.361375003447371,64.71069252802572,197.9883417279228,64.71069252806433,1.2639074631621492,199.99999939124848,197.9883417279228,199.99999939124848,249.41368007132314,1.2635680946792514,1.2516150002611393,196.14152339197818,1.200915587778978,134.73619128588535,0.012965837021467655,0.008960892250000598,118.61998106824106,206.10306013093987,27.412408964180024,600.5895295451296,1.6220548698809578,1220.0455803871982,1.6220965111048264,268.5328869683606,132.66783263579757,1.571973215561498,919.0871448501132,915.8131693006201,1.5713307429818582,265.3446060481458,919.6596189669924,1.5211444353185557,154.3513639201158,1.5210439036438117,265.09466185436634,1.5205172641338258,122.8616317223906,237.6216519045977,123.41994486590994,1.419638366992321,241.67818534466423,1.4189208244499785,237.82892500014202,241.82821525850153,287.9637979477211,1.4189292611281434,1.4114115237663942,234.75966346192263,1.3611227664642829,49.000174666244924,158.7376007186072,49.15979587011087,1.25979889669615,182.25128623395804,160.3909193830879,181.7540865027278,232.48606554958133,1.2595980838840464,1.2516418676357122,158.07446272166803,1.2007933231734906,133.15867639846113,0.009411425442408868,0.0016833496173895679
123.25875756037343,330.0000000000021,44.379981968838166,599.9999587745275,1.6221146707678205,1219.506405808052,1.622194999999931,285.2883345488864,170.76086355171384,1.5720455537511238,960.3107006968097,963.6020001832812,1.5713150000000313,281.8985265324159,963.6020001832812,1.5213301727414337,266.35436623943065,1.521215414978263,281.8985265324159,1.5207949999388277,139.9971945254951,265.03697032227814,139.99719452552858,1.4230689966235486,344.55938848708115,1.4223174223231632,265.03697032227814,344.5593884870811,371.07293053365936,1.4221272258690894,1.4114449998305543,263.61960808922845,1.3613750033226952,64.71071116372488,197.9883755036325,64.71071116376089,1.2639074657509504,199.99999940851546,197.9883755036325,199.99999940851546,249.41365008125746,1.2635680971711687,1.2516150002866202,196.14155799467852,1.200915580065621,134.75953176430636,0.012965908190892553,0.008960919514452496,118.6199807551304,206.10305507945833,27.412407941535818,600.5895295056303,1.6220548699143025,1220.045580224391,1.6220965111268182,268.53288415896003,132.66783337503674,1.571973215542051,919.087143361705,915.8131676308402,1.5713307429578252,265.3446060481458,919.6596181321025,1.521144435193987,154.35135949974307,1.5210439034707042,265.09466115801683,1.520517263987329,122.86163025920341,237.62165357965364,123.41994340272277,1.4196383668792059,241.67818534466423,1.4189208242928868,237.8289233250861,241.82821392007205,287.963795695418,1.4189292611281434,1.411411523736107,234.7596617764768,1.3611227663673084,49.000173740260976,158.73759970948925,49.159794635465616,1.2597988964999405,182.25128313688717,160.3909193830879,181.75408526389947,232.4860640422171,1.2595980836282712,1.2516418676241723,158.07446272166803,1.2007933230602794,133.15867342751613,0.009411425497214916,0.0016833492678330043
123.25875756524664,330.0000000004065,44.37998197956664,599.9999587723466,1.6221146707661669,1219.5064057671127,1.6221949999982614,285.28833455951457,170.76086354693547,1.5720455537432358,960.3107006952077,963.6020001821996,1.571314999992087,281.89852654307805,963.6020001821992,1.521330172717803,266.3543662656434,1.521215414954625,281.89852654307805,1.520794999915179,139.9972358125067,265.03695274452446,139.99723581253969,1.4230689962365033,344.55944036539285,1.4223174219390877,265.03695274452446,344.55944036539285,371.07297546175266,1.4221272254890902,1.411444999767967,263.61959095182476,1.3613750031320708,64.71072906944534,197.98840834256742,64.71072906948106,1.2639074692474241,199.99999941743494,197.98840834256742,199.99999941743494,249.41362130159854,1.2635681005556831,1.2516150006494011,196.14159163387964,1.2009155724101164,134.7828046365936,0.012965984238656145,0.008960950229515098,118.61998012890908,206.10305002797682,27.412407771095115,600.5895294266318,1.6220548699254171,1220.04558027866,1.6220965111158223,268.53288415896003,132.6678318965584,1.5719732155031565,919.087143361705,915.8131659610605,1.571330742943624,265.3446039590974,919.6596189669924,1.521144435193987,154.3513506589976,1.5210439033223264,265.09465976531794,1.5205172639140805,122.86162938129111,237.6216519045977,123.41994311008534,1.4196383668792059,241.67818534466423,1.4189208242928868,237.8289233250861,241.82821525850153,287.963795695418,1.4189292609219004,1.4114115237306002,234.75966009103098,1.3611227663188212,49.00017312293834,158.7375987003713,49.159794635465616,1.259798896369134,182.251282517473,160.39091786941097,181.7540821668286,232.4860625348529,1.2595980836282712,1.2516418675780132,158.07446123030368,1.200793322924426,133.15867342751613,0.00941142538760283,0.0016833491367493126
123.25875756005803,330.00000000025864,44.37998198134597,599.9999587732691,1.6221146707676952,1219.5064057845498,1.622194999999771,285.28833454875144,170.76086355184987,1.5720455537516438,960.3107006990826,963.6020001860591,1.5713150000005518,281.8985265321761,963.6020001860588,1.521330172745833,266.3543662420063,1.5212154149826644,281.8985265321761,1.5207949999432326,139.99727681381884,265.0369351781277,139.99727681385178,1.4230689960725278,344.55949196761884,1.4223174217779748,265.0369351781277,344.55949196761884,371.07302014385294,1.4221272253313884,1.4114449998391594,263.61957381929335,1.361375003055996,64.71074626752966,197.98843934377751,64.71074626756374,1.2639074706339057,199.9999994446681,197.98843934377751,199.9999994446681,249.41359426482705,1.2635681018708025,1.2516150003011863,196.14162336490688,1.2009155666021598,134.80601360887883,0.012966064673108105,0.008960985904991803,118.61998012890908,206.10305507945833,27.41240743021371,600.589529466131,1.6220548699143025,1220.04558027866,1.6220965111268182,268.53288415896003,132.66783263579757,1.5719732155059347,919.0871411290927,915.8131659610605,1.5713307429643797,265.3446046554469,919.6596181321025,1.5211444352189007,154.3513506589976,1.5210439033717857,265.0946590689685,1.5205172638652482,122.86162908865367,237.62164855448586,123.41994223217304,1.419638366709533,241.67818534466423,1.418920824188159,237.8289233250861,241.82821392007205,287.963795695418,1.4189292608187787,1.4114115237085731,234.75965840558518,1.3611227663673084,49.00017312293834,158.73759769125334,49.15979401814298,1.259798896369134,182.25128437571553,160.390916860293,181.7540846444853,232.48606554958133,1.2595980835643272,1.2516418676126326,158.07446123030368,1.2007933230829217,133.15867045657112,0.009411425168378668,0.0016833492678330043
123.25875756042196,329.9999999999618,44.379981981122654,599.9999587739771,1.6221146707679397,1219.5064057830114,1.622195000000015,285.2883345494816,170.76086355127507,1.5720455537510443,960.3107006986037,963.6020001854414,1.5713149999999487,281.8985265328786,963.6020001854414,1.5213301727423154,266.3543662432303,1.5212154149791437,281.8985265328786,1.5207949999397072,139.99731753121478,265.03691778893227,139.99731753124794,1.4230689957878948,344.55954317069893,1.4223174214962182,265.03691778893227,344.55954317069893,371.0730644835995,1.4221272250533343,1.4114449998353948,263.61955686271665,1.3613750029698766,64.71076277956108,197.98846948786138,64.71076277959389,1.2639074729798587,199.99999945841134,197.98846948786138,199.99999945841134,249.41356834934328,1.2635681041301048,1.2516150003346076,196.14165421494567,1.20091556041741,134.82915934026187,0.012966147931181301,0.008961024393052746,118.6199807551304,206.10305002797682,27.412406578010206,600.589529466131,1.6220548699143025,1220.04558027866,1.6220965111048264,268.5328855636603,132.66783337503674,1.5719732155392727,919.0871418732969,915.8131659610605,1.5713307429862278,265.3446060481458,919.6596198018823,1.5211444353185557,154.35135949974307,1.5210439034707042,265.09465976531794,1.5205172640361613,122.86162791810392,237.6216519045977,123.41994135426073,1.4196383668792059,241.67818266780526,1.4189208242928868,237.8289233250861,241.82821258164256,287.963795695418,1.418929261025022,1.4114115237526272,234.75966009103098,1.36112276651277,49.000172196954395,158.73759769125334,49.159793400820355,1.259798896369134,182.25128375630135,160.39091786941097,181.75408092800023,232.48606343927142,1.2595980836282712,1.2516418676587917,158.07446073318224,1.200793323218775,133.1586719420436,0.009411425332796791,0.0016833490493601891
123.25875756035906,330.0000000000057,44.37998198071671,599.9999587739934,1.6221146707679004,1219.5064057782176,1.6221949999999756,285.2883345493268,170.76086355083163,1.5720455537511473,960.310700698553,963.602000185381,1.5713150000000529,281.89852653272544,963.602000185381,1.5213301727431041,266.3543662427427,1.521215414979933,281.89852653272544,1.5207949999404966,139.9973579666521,265.0369005195039,139.99735796668483,1.423068995512431,344.55959401974565,1.422317421223618,265.0369005195039,344.55959401974565,371.0731085167787,1.422127224784413,1.4114449998361276,263.6195400228825,1.3613750028584202,64.7107786265492,197.98849848264427,64.71077862658137,1.2639074752251267,199.99999947455055,197.98849848264427,199.99999947455055,249.41354371003587,1.2635681062919604,1.251615000348596,196.1416838777632,1.2009155547429502,134.85224353688196,0.0129662342637662,0.008961065626296899,118.61998012890908,206.10303992501375,27.412405555365996,600.5895293476332,1.622054869947647,1220.0455801158525,1.6220965111268182,268.5328813495595,132.6678289396017,1.571973215494822,919.0871381522765,915.8131609517211,1.5713307429447163,265.34460326274797,919.6596172972127,1.5211444351441594,154.35134181825214,1.5210439033470562,265.094658372619,1.5205172638408322,122.86162791810392,237.62164687942993,123.41994047634843,1.4196383665398602,241.67818400623474,1.4189208239787037,237.82892165003017,241.82821258164256,287.963795695418,1.4189292608187787,1.4114115237085731,234.75965672013936,1.3611227663188212,49.000171888293075,158.73759567301747,49.15979278349773,1.2597988961075213,182.25128065923047,160.39091484205713,181.75408154741442,232.48606374074427,1.259598083308552,1.2516418676241723,158.07445824757502,1.2007933230376373,133.15866748562613,0.009411425332796791,0.0016833488308874024
123.25875756036933,329.9999999999994,44.37998198031126,599.9999587739898,1.6221146707679008,1219.5064057734999,1.6221949999999756,285.28833454932635,170.76086355033618,1.5720455537511306,960.3107006984367,963.6020001852633,1.5713150000000362,281.89852653272527,963.6020001852636,1.521330172743537,266.3543662426003,1.521215414980366,281.89852653272527,1.52079499994093,139.9973981221012,265.0368833697985,139.99739812213463,1.4230689952394466,344.55964451658144,1.4223174209534775,265.0368833697985,344.55964451658144,371.0731522449943,1.4221272245179255,1.411444999837503,263.619523299799,1.3613750027501879,64.71079382888573,197.9885263652254,64.7107938289159,1.2639074773876167,199.9999994903688,197.9885263652254,199.9999994903688,249.41352030527946,1.2635681083741757,1.251615000357452,196.14171239177773,1.2009155494886175,134.87526776051197,0.012966323459908655,0.008961109435949102,118.61998044201974,206.10303992501375,27.412405555365996,600.5895293476332,1.622054869947647,1220.0455801701216,1.6220965111268182,268.53288275425973,132.66783337503674,1.5719732155337165,919.0871388964805,915.8131642912807,1.5713307429687493,265.3446046554469,919.6596198018823,1.5211444351441594,154.3513506589976,1.5210439034707042,265.094658372619,1.5205172638896645,122.86162704019162,237.62164855448586,123.419940183711,1.4196383665964178,241.67818266780526,1.4189208240834312,237.82892165003017,241.82821258164256,287.963795695418,1.4189292609219004,1.4114115236975595,234.75965840558518,1.3611227663673084,49.00017127097044,158.73759567301747,49.15979278349773,1.2597988962383277,182.25128127864465,160.390916860293,181.75408154741442,232.48606374074427,1.259598083308552,1.2516418676126326,158.07445874469647,1.2007933231282062,133.15866897109862,0.009411425332796791,0.0016833490493601891
123.25875756037057,329.9999999999995,44.37998197994358,599.9999587739819,1.622114670767904,1219.5064057692075,1.6221949999999783,285.28833454930907,170.76086354989317,1.572045553751129,960.3107006983414,963.6020001851655,1.5713150000000344,281.89852653270907,963.6020001851655,1.5213301727439443,266.3543662424403,1.5212154149807733,281.89852653270907,1.5207949999413373,139.9974379995056,265.0368663388232,139.9974379995375,1.423068994968332,344.55969466377957,1.4223174206851867,265.0368663388232,344.55969466377957,371.0731956704485,1.422127224253262,1.411444999838848,263.6195066924904,1.3613750026451088,64.71080840637313,197.98855316715105,64.71080840640208,1.2639074794716714,199.99999950591203,197.98855316715105,199.99999950591203,249.4134980962595,1.2635681103810066,1.251615000363492,196.1417397897244,1.200915544614283,134.89823344246173,0.012966415239024946,0.008961155621087548,118.61998012890908,206.1030348735322,27.412404532721787,600.5895293476332,1.6220548699587618,1220.0455800615835,1.622096511137814,268.5328813495595,132.66783041808006,1.5719732155059347,919.0871381522765,915.8131609517211,1.571330742970934,265.34460326274797,919.6596172972127,1.5211444352438146,154.35134181825214,1.5210439033965153,265.0946569799201,1.520517263816416,122.86162616227931,237.62164687942993,123.41993901316127,1.4196383665964178,241.67818266780526,1.4189208239787037,237.8289199749742,241.82821258164256,287.963795695418,1.418929260767218,1.4114115237306002,234.75965672013936,1.3611227663188212,49.00017065364781,158.7375946638995,49.159791548852475,1.2597988961075213,182.25128189805883,160.39091484205713,181.7540796891719,232.4860619319072,1.2595980832446083,1.2516418676126326,158.07445725333216,1.2007933231282062,133.15866748562613,0.009411425168378668,0.0016833486998037435
123.25875756037087,329.99999999999966,44.37998197961116,599.9999587739751,1.6221146707679066,1219.5064057653274,1.6221949999999805,285.28833454929156,170.760863549493,1.5720455537511286,960.3107006982455,963.6020001850413,1.5713150000000344,281.8985265326896,963.6020001850413,1.521330172744347,266.3543662422412,1.521215414981176,281.8985265326896,1.5207949999417405,139.99747760078884,265.036849425744,139.99747760082124,1.4230689946990833,344.5597444637691,1.4223174204187425,265.036849425744,344.5597444637691,371.07323879524427,1.422127223990421,1.4114449998401746,263.61949020014447,1.3613750025430005,64.71082237823177,197.9885789189316,64.71082237825905,1.263907481479745,199.99999952118736,197.9885789189316,199.99999952118736,249.41347704527033,1.263568112314823,1.2516150003672024,196.1417661032645,1.2009155400866751,134.92114189489368,0.012966509326473844,0.008961203974904299,118.61997950268776,206.1030222448284,27.41240282831477,600.5895292686346,1.6220548699698767,1220.0455799530453,1.62209651114881,268.5328799448592,132.667825982645,1.5719732154475932,919.087134431256,915.8131576121616,1.5713307429469012,265.3446018700491,919.6596131227631,1.521144435094332,154.3513285571339,1.5210439032728673,265.09465419452226,1.5205172637187514,122.86162557700443,237.62164185426212,123.41993813524897,1.4196383663136298,241.67818266780526,1.4189208236645203,237.82891494980646,241.82821392007205,287.963795695418,1.4189292604578532,1.411411523686546,234.75965503469354,1.3611227661248726,49.00016972766386,158.7375926456636,49.15979093152984,1.259798895649699,182.2512800398163,160.39091282382122,181.75407783092936,232.4860601230701,1.2595980829888331,1.2516418675664733,158.0744542706035,1.200793322924426,133.15866600015363,0.009411425606826996,0.0016833482191637502
123.25875756037087,329.99999999999966,44.37998197931071,599.999958773969,1.6221146707679088,1219.5064057618204,1.6221949999999825,285.2883345492751,170.76086354913082,1.5720455537511286,960.3107006981647,963.602000184954,1.5713150000000344,281.8985265326734,963.6020001849542,1.5213301727447521,266.3543662420947,1.521215414981581,281.8985265326734,1.5207949999421455,139.99751692786586,265.0368326297948,139.99751692789687,1.4230689944316965,344.5597939189207,1.4223174201541404,265.0368326297948,344.5597939189207,371.073281621428,1.4221272237293965,1.4114449998414873,263.6194738220144,1.3613750024437596,64.71083576312333,197.9886036502226,64.71083576315068,1.2639074834140378,199.9999995362046,197.9886036502226,199.9999995362046,249.41345711570736,1.2635681141777426,1.2516150003688675,196.14179136316886,1.2009155358760184,134.94399432103032,0.012966605467982947,0.008961254296731154,118.61997950268776,206.1030222448284,27.41240299875547,600.5895293476332,1.6220548699698767,1220.0455800073144,1.62209651114881,268.5328799448592,132.66782672188418,1.571973215478153,919.087133687052,915.8131576121616,1.5713307429632872,265.3446018700491,919.6596147925429,1.5211444352189007,154.3513285571339,1.5210439033717857,265.09465419452226,1.5205172637675837,122.86162499172956,237.62164352931808,123.41993784261153,1.4196383663701875,241.67818132937578,1.4189208237168842,237.82891494980646,241.82821258164256,287.9637979477211,1.418929260509414,1.4114115236948062,234.75965166380192,1.361122766270334,49.00016972766386,158.73759163654566,49.15979093152984,1.2597988957805053,182.25128189805883,160.39091282382122,181.75407906975772,232.4860625348529,1.2595980829248892,1.2516418676010928,158.07445377348205,1.2007933229923529,133.1586645146811,0.009411425497214916,0.0016833483502473703
123.2587575603709,329.99999999999966,44.379981979039144,599.9999587739635,1.6221146707679108,1219.50640575865,1.6221949999999843,285.2883345492608,170.76086354880374,1.5720455537511286,960.310700698093,963.6020001848767,1.5713150000000344,281.89852653265865,963.6020001848767,1.5213301727451527,266.3543662419637,1.5212154149819819,281.89852653265865,1.520794999942546,139.99755598263596,265.03681595014734,139.9975559826669,1.4230689941661545,344.5598430316337,1.422317419891364,265.03681595014734,344.5598430316337,371.07332415107635,1.4221272234701732,1.4114449998427836,263.619457557293,1.361375002347303,64.7108485791686,197.98862738985645,64.71084857919361,1.2639074852766528,199.99999955096746,197.98862738985645,199.99999955096746,249.41343827202857,1.2635681159717895,1.2516150003687248,196.14181559935471,1.2009155319553093,134.96679182446113,0.012966703431100199,0.008961306397325501,118.61998044201974,206.10302477056916,27.41240385095898,600.5895293476332,1.622054869936532,1220.0455800615835,1.6220965111268182,268.5328799448592,132.66782746112335,1.571973215508713,919.087134431256,915.8131592819414,1.5713307429840428,265.34460326274797,919.6596106180933,1.521144435293642,154.35133297750667,1.521043903421245,265.09465628357066,1.5205172638896645,122.86162469909212,237.62164520437398,123.4199375499741,1.4196383665398602,241.67818132937578,1.4189208239263398,237.82891662486236,241.82821258164256,287.963795695418,1.4189292606125354,1.4114115237333535,234.75965503469354,1.3611227664642829,49.00016972766386,158.73759365478156,49.15979093152984,1.2597988958459085,182.2512800398163,160.39091383293916,181.7540796891719,232.4860625348529,1.2595980831167206,1.251641867647252,158.07445526484636,1.2007933231282062,133.1586645146811,0.009411425552020956,0.0016833484376364575
123.25875756037152,329.9999999999998,44.379981978793744,599.9999587739585,1.6221146707679124,1219.5064057557852,1.6221949999999858,285.28833454924813,170.76086354850804,1.5720455537511278,960.3107006980264,963.6020001847974,1.571315000000034,281.898526532646,963.6020001847974,1.521330172745551,266.35436624183774,1.5212154149823802,281.898526532646,1.5207949999429444,139.99759476698372,265.0367993860068,139.9975947670147,1.4230689939024448,344.5598918042717,1.4223174196304007,265.0367993860068,344.5598918042716,371.07336638623383,1.4221272232127382,1.411444999844064,263.61944140520535,1.3613750022535442,64.7108608439581,197.9886501658399,64.71086084398269,1.2639074870696012,199.9999995654864,197.9886501658399,199.9999995654864,249.41342047973495,1.2635681176988967,1.2516150003669706,196.1418388408802,1.2009155282999209,134.98953541763927,0.012966803003976846,0.008961360100839349,118.6199791895771,206.10301971908763,27.412402146551965,600.5895292291353,1.6220548699698767,1220.0455799530453,1.62209651114881,268.53287854015895,132.66782524340584,1.5719732154531494,919.0871321986438,915.8131559423819,1.571330742954548,265.3446018700491,919.6596097832035,1.521144435094332,154.35131971638845,1.521043903223408,265.09465419452226,1.5205172636699194,122.86162382117982,237.62164185426212,123.4199366720618,1.4196383662570724,241.67818266780526,1.4189208236645203,237.8289132747505,241.82821258164256,287.963795695418,1.418929260509414,1.411411523686546,234.75965166380192,1.361122766270334,49.00016880167991,158.73758961830976,49.15978969688459,1.2597988955842958,182.25127880098796,160.39091030102634,181.7540772115152,232.48606042454296,1.2595980829888331,1.2516418676126326,158.0744532763606,1.200793323014995,133.1586630292086,0.009411425716439084,0.0016833480006910697
123.25875756037152,329.99999999999966,44.37998197857189,599.999958773954,1.622114670767914,1219.5064057531958,1.6221949999999872,285.2883345492364,170.76086354824082,1.5720455537511278,960.3107006979678,963.6020001847457,1.571315000000034,281.89852653263506,963.6020001847456,1.5213301727459458,266.3543662417462,1.521215414982775,281.89852653263506,1.5207949999433397,139.99763328278215,265.03678293656674,139.9976332828133,1.4230689936405585,344.559940239195,1.4223174193712413,265.03678293656674,344.55994023919493,371.0734083289442,1.4221272229570827,1.4114449998453316,263.61942536496497,1.361375002162419,64.7108725745704,197.9886720054473,64.71087257459362,1.263907488794843,199.99999957975592,197.9886720054473,199.99999957975592,249.41340370533214,1.2635681193609485,1.2516150003637951,196.14186111603644,1.2009155248873653,135.01222602965652,0.012966903993712293,0.008961415245168749,118.61997887646642,206.10300961612455,27.412401805670562,600.5895292686346,1.6220548699809916,1220.0455799530453,1.62209651114881,268.53287713545865,132.66782450416665,1.5719732154614838,919.0871314544397,915.8131559423819,1.5713307429578252,265.3446004773501,919.6596106180933,1.521144435193987,154.3513152960157,1.5210439032728673,265.0946514091244,1.5205172636699194,122.8616229432675,237.62164185426212,123.41993608678693,1.419638366143957,241.67818266780526,1.4189208236645203,237.8289132747505,241.8282112432131,287.963795695418,1.4189292604578532,1.4114115236892995,234.75965166380192,1.361122766270334,49.00016880167991,158.73758961830976,49.15978969688459,1.2597988955842958,182.25127880098796,160.39091030102634,181.75407535327267,232.48606042454296,1.2595980827330577,1.2516418676010928,158.0744532763606,1.2007933229923529,133.15866154373612,0.009411425880857218,0.0016833478696074767
123.25875756037152,329.99999999999966,44.37998197837142,599.9999587739499,1.6221146707679155,1219.5064057508557,1.6221949999999885,285.2883345492255,170.7608635479994,1.5720455537511278,960.3107006979137,963.6020001846737,1.571315000000034,281.898526532623,963.6020001846732,1.5213301727463393,266.3543662416272,1.521215414983169,281.898526532623,1.5207949999437333,139.99767153188975,265.036766601044,139.99767153192116,1.4230689933804808,344.5599883387326,1.4223174191138719,265.036766601044,344.5599883387325,371.0734499812221,1.4221272227031931,1.411444999846585,263.619409435808,1.3613750020738455,64.71088378758576,197.98869293517632,64.71088378760837,1.2639074904542578,199.99999959378692,197.98869293517632,199.99999959378692,249.4133879163084,1.2635681209597514,1.251615000359355,196.14188245231253,1.200915521697076,135.0348645133525,0.012967006224739152,0.008961471681539854,118.6199791895771,206.10300456464302,27.41240044214495,600.5895292291353,1.6220548699809916,1220.045579898776,1.6220965111598058,268.53287713545865,132.66782228644914,1.571973215444815,919.0871292218274,915.813154272602,1.5713307429556405,265.3446011736996,919.6596089483135,1.5211444351192458,154.3513152960157,1.5210439031244896,265.09465349817276,1.520517263621087,122.86162206535519,237.62164185426212,123.41993462359976,1.4196383660873995,241.67817999094632,1.4189208236121564,237.82890992463865,241.8282112432131,287.963795695418,1.4189292604062924,1.411411523686546,234.75965166380192,1.3611227662218468,49.000167567034644,158.73758961830976,49.159788462239334,1.2597988954534893,182.25127880098796,160.39091080558532,181.75407411444434,232.48605952012443,1.2595980827970017,1.2516418676010928,158.0744522821177,1.2007933230602794,133.15866154373612,0.009411425880857218,0.0016833478696074767
123.25875756037219,329.9999999999997,44.379981978190195,599.9999587739462,1.6221146707679166,1219.5064057487407,1.6221949999999894,285.2883345492164,170.76086354778096,1.5720455537511269,960.3107006978641,963.60200018462,1.571315000000033,281.8985265326142,963.60200018462,1.5213301727467292,266.35436624154227,1.5212154149835586,281.8985265326142,1.5207949999441233,139.99770951615233,265.03675037864025,139.99770951618234,1.4230689931222027,344.56003610521134,1.422317418858283,265.03675037864025,344.56003610521134,371.0734913450827,1.4221272224510597,1.4114449998478276,263.6193936169569,1.361375001987772,64.71089449910178,197.98871298086863,64.71089449912279,1.263907492049691,199.9999996075686,197.98871298086863,199.9999996075686,249.413373081082,1.2635681224970785,1.25161500035381,196.14190287650945,1.2009155187102525,135.05745165182026,0.012967109537322198,0.0089615292737543,118.61997950268776,206.10300456464302,27.412399760382144,600.589529189636,1.622054870014336,1220.0455798445068,1.6220965111817975,268.5328757307584,132.6678230256883,1.5719732154281458,919.0871284776233,915.813154272602,1.5713307429425316,265.3445997810007,919.6596072785337,1.521144435094332,154.3513152960157,1.5210439031739487,265.09465210547387,1.5205172635478386,122.86162148008033,237.62164017920622,123.41993374568746,1.4196383660873995,241.67817999094632,1.418920823402701,237.82890992463865,241.82820990478362,287.963795695418,1.41892926025161,1.4114115236755325,234.7596499783561,1.3611227661248726,49.00016694971201,158.73758860919182,49.15978784491671,1.259798895322683,182.25127818157378,160.3909092919084,181.75407473385852,232.4860580127602,1.2595980824772826,1.2516418676010928,158.0744512878748,1.2007933229470684,133.15866005826362,0.009411425771245126,0.0016833476074403187
123.25875756037186,329.9999999999999,44.37998197809,599.9999587739437,1.6221146707669736,1219.5064057473828,1.6221949999990461,285.28833454921016,170.76086354764055,1.5720455537511273,960.310700697834,963.6020001845869,1.5713150000000338,281.8985265326081,963.602000184587,1.5213301727469641,266.35436624199144,1.5212154149837933,281.8985265326081,1.520794999944358,139.99774723736948,265.0367341390639,139.99774723739995,1.4230689929424698,344.5600836384408,1.4223174186804215,265.0367341390639,344.5600836384408,371.0735324974074,1.422127222275603,1.4114449998486882,263.61937777431103,1.361375001937289,64.71090472539296,197.9887318220109,64.71090472541292,1.2639074940588704,199.99999961572703,197.9887318220109,199.99999961572703,249.41335960880554,1.263568124443077,1.2516150006408227,196.14192208406118,1.2009155166035368,135.07998747532736,0.012967213737439804,0.00896158712132355,118.61997887646642,206.1029995131615,27.41239941950074,600.5895290711381,1.622054870014336,1220.0455797359687,1.6220965111598058,268.5328757307584,132.66782450416665,1.5719732154420367,919.0871269892151,915.813154272602,1.5713307429512708,265.34459908465124,919.6596106180933,1.5211444351690733,154.35131087564298,1.521043903223408,265.0946500164255,1.5205172635966708,122.86162060216802,237.62163850415027,123.4199331604126,1.4196383659742844,241.67817999094632,1.418920823455065,237.82890992463865,241.82820990478362,287.963795695418,1.4189292603031707,1.4114115236727791,234.75965166380192,1.3611227661248726,49.0001666410507,158.73758860919182,49.15978784491671,1.259798895322683,182.25127818157378,160.39090979646738,181.75407287561598,232.48605710834167,1.2595980824772826,1.2516418676241723,158.07445029363194,1.2007933229923529,133.15865857279113,0.009411425880857218,0.0016833473452732028
123.25875755930431,329.9999999999013,44.37998197776146,599.9999587733927,1.6221146707690104,1219.506405744756,1.6221950000010823,285.28833454687253,170.76086354786668,1.5720455537528388,960.3107006982902,963.6020001460977,1.5713150000017844,281.89852652789506,963.6020001460975,1.5213301727480557,266.3543661885649,1.5212154149848927,281.89852652789506,1.5207949999454808,139.99778469738322,265.0367182603546,139.99778469741378,1.4230689926121902,344.56013065544334,1.4223174183536478,265.0367182603546,344.56013065544334,371.07357322129735,1.4221272219532755,1.4114449998342355,263.61936229747243,1.3613750017548956,64.71091447968107,197.98875050455342,64.71091447970014,1.2639074948829196,199.9999996430081,197.98875050455342,199.9999996430081,249.41334615920485,1.263568125226604,1.2516150003096176,196.14194107668067,1.2009155135948673,135.10247463893037,0.012967320040382145,0.008961647612270647,118.6199782502451,206.10298941019843,27.412399078619337,600.5895291501367,1.6220548699921062,1220.0455798445068,1.6220965111598058,268.53287432605816,132.6678208079708,1.571973215430924,919.0871247566029,915.8131526028222,1.5713307429687493,265.34459838830173,919.6596072785337,1.5211444350445045,154.35130645527025,1.5210439031739487,265.0946507127749,1.520517263621087,122.86162030953058,237.62163850415027,123.4199331604126,1.4196383659177267,241.67817999094632,1.4189208233503372,237.8289065745268,241.8282112432131,287.9637979477211,1.4189292602000492,1.4114115236617655,234.75964660746448,1.3611227662218468,49.00016633238938,158.73758558183798,49.15978784491671,1.2597988950610701,182.25127880098796,160.3909072736725,181.75407287561598,232.48605710834167,1.2595980823493949,1.2516418675780132,158.0744488022676,1.2007933229470684,133.15865857279113,0.009411426319305579,0.0016833474326622365
123.25875756099958,329.9999999998589,44.379981977777675,599.9999587739716,1.6221146707678753,1219.5064057435302,1.6221949999999474,285.2883345504862,170.76086354662897,1.5720455537500997,960.3107006970771,963.602000183464,1.5713149999989993,281.8985265354977,963.6020001834645,1.5213301727463757,266.3543662450013,1.5212154149832047,281.8985265354977,1.520794999943769,139.99782189335954,265.03670238343886,139.99782189339032,1.4230689923453266,344.5601774218219,1.4223174180893166,265.03670238343886,344.5601774218219,371.0736137311748,1.422127221692305,1.4114449998480447,263.61934681514845,1.3613750017420996,64.71092377847935,197.98876809082108,64.71092377849772,1.263907496511418,199.99999964968538,197.98876809082108,199.99999964968538,249.4133339896398,1.2635681267987335,1.2516150003698816,196.14195896393736,1.2009155110898,135.12491233113644,0.012967426017864754,0.0089617083616298,118.6199782502451,206.10298941019843,27.41239856729723,600.5895290711381,1.622054870025451,1220.0455796816996,1.6220965111817975,268.53287292135786,132.66781932949243,1.5719732154114767,919.087125500807,915.8131526028222,1.5713307429348848,265.34459838830173,919.6596072785337,1.5211444350195906,154.35130645527025,1.5210439031244896,265.0946500164255,1.520517263425758,122.8616188463434,237.62163515403842,123.41993169722542,1.4196383658046117,241.67817865251683,1.4189208232456094,237.8289065745268,241.82820990478362,287.963795695418,1.4189292600969277,1.4114115236342317,234.7596482929103,1.3611227660763854,49.000165097744116,158.73758558183798,49.15978599294882,1.2597988950610701,182.2512775621596,160.3909072736725,181.75407225620182,232.48605529950459,1.2595980824772826,1.2516418675780132,158.0744488022676,1.200793322901784,133.1586556018461,0.009411425552020956,0.0016833471268006372
123.25875756036899,330.00000000004013,44.3799819776295,599.9999587738795,1.6221146707679304,1219.5064057420866,1.6221950000000027,285.2883345491842,170.76086354711504,1.5720455537511322,960.3107006977315,963.6020001845017,1.5713150000000389,281.8985265325841,963.6020001845015,1.5213301727483939,266.3543662412917,1.5212154149852235,281.8985265325841,1.5207949999457884,139.9978588373953,265.03668659855055,139.9978588374252,1.4230689921075257,344.560223885946,1.4223174178541895,265.03668659855055,344.560223885946,371.07365396050767,1.4221272214605523,1.4114449998533698,263.61933142307817,1.3613750016658175,64.71093263562378,197.98878481993552,64.71093263564097,1.2639074978225837,199.9999996604896,197.98878481993552,199.9999996604896,249.41332267939393,1.263568128061217,1.2516150003183901,196.1419759672873,1.2009155086519376,135.14730129214928,0.012967532332649053,0.008961769687879699,118.6199782502451,206.1029843587169,27.412397374212322,600.5895290316389,1.6220548700365658,1220.0455796274302,1.6220965112037893,268.5328701119573,132.66781932949243,1.5719732153920296,919.0871240123988,915.8131509330425,1.5713307429294228,265.34459629925334,919.6596064436437,1.5211444349448495,154.35129761452478,1.5210439029761118,265.09464723102764,1.5205172633280934,122.86161796843109,237.62163515403842,123.41993081931312,1.419638365634939,241.67817999094632,1.4189208231932455,237.82890322441494,241.82820856635414,287.963795695418,1.418929259993806,1.4114115236314784,234.75964660746448,1.3611227660278982,49.00016448042148,158.73758457272004,49.15978599294882,1.2597988949302639,182.2512750845029,160.3909052554366,181.75407039795928,232.48605710834167,1.2595980820936197,1.2516418675780132,158.07444731090328,1.200793322811215,133.1586541163736,0.009411425771245126,0.0016833467335500905
123.25875756036946,330.00000000000074,44.379981977515286,599.9999587739351,1.622114670767923,1219.5064057408645,1.6221949999999952,285.2883345491731,170.76086354697094,1.5720455537511313,960.310700697686,963.6020001844286,1.5713150000000382,281.8985265325709,963.6020001844283,1.5213301727486765,266.35436624119774,1.5212154149855062,281.8985265325709,1.5207949999460708,139.99789552540818,265.0366709317012,139.99789552543768,1.423068991857371,344.5602700211509,1.4223174176066276,265.0366709317012,344.5602700211509,371.0736939098543,1.4221272212163272,1.4114449998538743,263.61931614609693,1.3613750015923929,64.71094106499376,197.9888008080872,64.71094106501069,1.263907499126038,199.99999967305274,197.9888008080872,199.99999967305274,249.41331217066931,1.263568129318092,1.251615000311617,196.14199220719524,1.2009155064275032,135.1696419163639,0.012967639020507496,0.008961831475113752,118.6199782502451,206.10298183297613,27.41239703333092,600.5895289131411,1.6220548700476807,1220.045579518892,1.6220965112147852,268.5328715166576,132.6678200687316,1.5719732153698043,919.0871232681947,915.8131509330425,1.5713307429184988,265.34459629925334,919.659604773864,1.5211444349448495,154.35128877377932,1.521043902951382,265.0946479273771,1.5205172633036772,122.86161796843109,237.6216334789825,123.41993023403825,1.419638365748054,241.67817865251683,1.4189208230885177,237.82890489947087,241.82820856635414,287.963795695418,1.4189292599422452,1.411411523636985,234.75964492201865,1.361122765979411,49.00016386309885,158.73758356360207,49.159784758303566,1.2597988947994574,182.2512750845029,160.39090475087764,181.7540697785451,232.48605529950459,1.2595980820936197,1.2516418675549335,158.07444631666039,1.2007933228338572,133.15865114542862,0.009411426100081395,0.0016833466461610917
123.25875756037286,330.00000000000017,44.379981977416016,599.9999587739306,1.6221146707679217,1219.506405739703,1.6221949999999936,285.28833454917617,170.760863546848,1.572045553751126,960.3107006976585,963.6020001843946,1.5713150000000327,281.8985265325738,963.6020001843947,1.5213301727490844,266.3543662411662,1.521215414985914,281.8985265325738,1.520794999946479,139.99793195920665,265.0366553734598,139.99793195923576,1.4230689916096555,344.56031583654243,1.4223174173614852,265.0366553734598,344.5603158365424,371.0737335832784,1.422127220974498,1.4114449998550196,263.61930097496474,1.3613750015198898,64.71094908008163,197.98881605330482,64.71094908009758,1.26390750037345,199.99999968541024,197.98881605330482,199.99999968541024,249.41330244499756,1.2635681305210373,1.2516150003023747,196.1420076812937,1.2009155043310482,135.19193468210187,0.012967746082673402,0.008961893734272149,118.61997762402378,206.10297678149462,27.412396692449516,600.5895290316389,1.6220548700365658,1220.0455795731611,1.6220965112037893,268.5328701119573,132.66781932949243,1.5719732153753605,919.0871232681947,915.8131509330425,1.5713307429283303,265.34459629925334,919.659603938974,1.5211444349697631,154.35129319415205,1.5210439029761118,265.0946465346782,1.5205172633280934,122.86161738315622,237.6216334789825,123.41992964876339,1.4196383655783813,241.67817731408735,1.418920823036154,237.82890154935902,241.82820990478362,287.963795695418,1.4189292598906844,1.4114115236314784,234.75964492201865,1.361122765979411,49.00016386309885,158.73758356360207,49.159784758303566,1.2597988946686511,182.2512750845029,160.39090424631866,181.75407039795928,232.4860540936132,1.259598082029676,1.2516418675664733,158.07444581953894,1.2007933227432883,133.1586496599561,0.009411426154887438,0.0016833467335500905
123.25875756037433,329.9999999999998,44.37998197732658,599.9999587739285,1.6221146707679226,1219.5064057386594,1.6221949999999947,285.28833454917503,170.76086354673978,1.5720455537511238,960.3107006976315,963.602000184356,1.5713150000000302,281.8985265325718,963.6020001843563,1.5213301727494368,266.3543662411116,1.5212154149862667,281.8985265325718,1.5207949999468315,139.9979681405933,265.03663992259203,139.99796814062296,1.4230689913636576,344.56036133480313,1.4223174171180444,265.03663992259203,344.56036133480313,371.0737729823826,1.4221272207343474,1.4114449998561702,263.61928590851244,1.3613750014495114,64.71095669396078,197.9888305773361,64.71095669397599,1.263907501568044,199.99999969752648,197.9888305773361,199.99999969752648,249.41329347665842,1.2635681316732175,1.2516150002924415,196.1420224121149,1.2009155023471498,135.21418002963065,0.012967853455863551,0.008961956437873002,118.61997699780244,206.10297173001308,27.41239601068671,600.5895290711381,1.6220548700587956,1220.045579518892,1.6220965112147852,268.5328687072571,132.66781563329656,1.571973215347579,919.0871202913784,915.8131475934829,1.571330742903205,265.34459490655445,919.6596022691942,1.521144434770453,154.35127551266112,1.5210439028030043,265.0946444456298,1.5205172631083483,122.86161738315622,237.62163012887063,123.41992964876339,1.4196383654087086,241.67817999094632,1.4189208228790624,237.8288998743031,241.8282112432131,287.9637979477211,1.4189292598391237,1.411411523609451,234.75964155112703,1.3611227659309237,49.000163554437535,158.73758053624823,49.159784758303566,1.259798894276232,182.25127136801785,160.3909012189648,181.75406606206008,232.48605288772183,1.2595980818378445,1.251641867531854,158.07444432817462,1.2007933227659306,133.1586496599561,0.009411425990469301,0.001683346558772099
123.25875756037412,329.9999999999998,44.379981977245905,599.9999587739267,1.6221146707679237,1219.5064057377178,1.6221949999999956,285.2883345491699,170.76086354664227,1.5720455537511242,960.31070069761,963.6020001843367,1.5713150000000307,281.8985265325674,963.6020001843367,1.521330172749786,266.3543662410813,1.5212154149866155,281.8985265325674,1.5207949999471806,139.99800407134757,265.03662457836623,139.99800407137684,1.4230689911193384,344.5604065181682,1.4223174168762651,265.03662457836623,344.5604065181682,371.07381210894766,1.4221272204958362,1.4114449998573033,263.6192709460347,1.3613750013811559,64.71096391931962,197.98884440104183,64.7109639193338,1.2639075027114797,199.99999970941673,197.98884440104183,199.99999970941673,249.41328524076107,1.2635681327762343,1.2516150002820914,196.1420364212727,1.200915500465387,135.2363783646286,0.012967961069296803,0.008962019542551446,118.6199782502451,206.10296162705,27.4123951584832,600.5895289131411,1.6220548700476807,1220.045579518892,1.6220965112147852,268.5328701119573,132.6678148940574,1.5719732153781387,919.0871180587661,915.8131442539234,1.571330742938162,265.3445956029039,919.6596005994144,1.521144434994677,154.35127993303382,1.5210439029266525,265.0946458383287,1.5205172633280934,122.86161621260648,237.6216334789825,123.41992847821365,1.4196383655218237,241.67817865251683,1.418920823036154,237.82890154935902,241.82820856635414,287.963795695418,1.4189292598906844,1.4114115236287248,234.75964323657286,1.3611227660278982,49.00016262845358,158.73758154536617,49.159783523658305,1.2597988945378447,182.25127446508873,160.3909017235238,181.7540654426459,232.48605198330327,1.2595980819017882,1.2516418675664733,158.07444432817462,1.200793322924426,133.1586496599561,0.009411426100081395,0.001683346296605145
123.25875756037424,329.9999999999998,44.37998197717299,599.9999587739255,1.622114670767924,1219.506405736867,1.6221949999999958,285.28833454916594,170.76086354655536,1.5720455537511238,960.3107006975918,963.6020001843189,1.5713150000000307,281.8985265325633,963.6020001843187,1.5213301727501432,266.35436624105216,1.5212154149869725,281.8985265325633,1.5207949999475379,139.9980397532313,265.0366093401474,139.99803975326154,1.4230689908767062,344.5604513887703,1.422317416636157,265.0366093401474,344.5604513887703,371.07385096477526,1.4221272202589736,1.411444999858435,263.6192560869167,1.3613750013147854,64.7109707684738,197.98885754480239,64.71097076848737,1.263907503805249,199.99999972106343,197.98885754480239,199.99999972106343,249.413277713103,1.2635681338315226,1.2516150002714532,196.142049729878,1.200915498676832,135.2585300612015,0.0129680688560862,0.008962082999590447,118.61997762402378,206.10296415279078,27.4123949880425,600.5895288736417,1.6220548700699102,1220.0455794103539,1.6220965112147852,268.5328687072571,132.66781563329656,1.5719732153448007,919.0871195471743,915.8131459237031,1.571330742916314,265.344594210205,919.6596022691942,1.5211444349448495,154.35127551266112,1.5210439027782747,265.09464514197924,1.520517263230429,122.8616156273316,237.62163012887063,123.41992760030135,1.4196383655783813,241.67817731408735,1.4189208229314263,237.8288998743031,241.82820856635414,287.96379119081183,1.4189292596328804,1.4114115236122045,234.75964155112703,1.3611227659309237,49.00016231979227,158.73758053624823,49.15978414098094,1.259798894276232,182.25127446508873,160.39090071440583,181.75406358440338,232.48605228477612,1.2595980818378445,1.2516418675549335,158.07444333393173,1.2007933227432883,133.1586481744836,0.009411426154887438,0.0016833461655216847
123.25875756037408,329.9999999999999,44.379981977107164,599.9999587739239,1.6221146707679246,1219.5064057360978,1.6221949999999965,285.28833454916185,170.760863546476,1.5720455537511242,960.3107006975733,963.602000184296,1.5713150000000307,281.89852653255923,963.6020001842965,1.5213301727504935,266.3543662410103,1.5212154149873232,281.89852653255923,1.520794999947888,139.9980751879864,265.0365942072523,139.99807518801612,1.4230689906357317,344.56049594875464,1.4223174163976895,265.0365942072523,344.56049594875464,371.073889551693,1.4221272200237296,1.411444999859545,263.6192413304957,1.361375001250313,64.71097725338251,197.9888700284095,64.71097725339563,1.2639075048507218,199.99999973249487,197.9888700284095,199.99999973249487,249.41327087024555,1.2635681348403964,1.2516150002605708,196.14206235843284,1.2009154969734523,135.28063546461226,0.012968176755185202,0.008962146759973196,118.61997699780244,206.10296667853154,27.412394647161097,600.5895289131411,1.6220548700699102,1220.045579464623,1.622096511225781,268.5328673025568,132.6678148940574,1.571973215347579,919.087117314562,915.8131442539234,1.5713307429316075,265.34459490655445,919.6596005994144,1.5211444348701082,154.35127993303382,1.5210439028030043,265.09464305293085,1.520517263083932,122.86161504205673,237.6216284538147,123.41992760030135,1.4196383652955933,241.67817731408735,1.4189208228266985,237.82889819924716,241.82820990478362,287.963795695418,1.4189292595813197,1.4114115235901774,234.75964155112703,1.3611227659309237,49.000162011130946,158.7375795271303,49.159783523658305,1.2597988944070384,182.25127632333127,160.39090020984685,181.7540673008884,232.48605560097744,1.2595980817099568,1.2516418675664733,158.07444333393173,1.2007933227659306,133.1586496599561,0.009411425990469301,0.0016833460344382334
123.25875756037424,329.9999999999999,44.37998197704758,599.9999587739229,1.6221146707679248,1219.506405735403,1.6221949999999965,285.28833454915923,170.7608635464045,1.5720455537511238,960.3107006975576,963.6020001842791,1.5713150000000304,281.89852653255696,963.6020001842787,1.5213301727508517,266.35436624098224,1.5212154149876813,281.89852653255696,1.520794999948246,139.9981103773382,265.0365791790372,139.99811037736686,1.4230689903964295,344.5605402002235,1.4223174161608776,265.0365791790372,344.5605402002235,371.07392787150326,1.4221272197901187,1.4114449998606549,263.6192266761448,1.3613750011877332,64.7109833856566,197.98888187133747,64.71098338566844,1.2639075058493043,199.99999974367745,197.98888187133747,199.99999974367745,249.41326468937513,1.2635681358042081,1.2516150002495339,196.14207432709185,1.200915495348033,135.3026948937664,0.012968284711335255,0.008962210776723949,118.6199782502451,206.10295152408696,27.41239396539829,600.5895289131411,1.6220548700587956,1220.045579464623,1.6220965112147852,268.5328687072571,132.66781415481822,1.5719732153698043,919.0871158261539,915.8131425841436,1.571330742927238,265.3445956029039,919.6595989296345,1.521144434994677,154.35127551266112,1.5210439029266525,265.0946444456298,1.5205172633280934,122.86161416414441,237.62163012887063,123.41992672238905,1.4196383654087086,241.67817865251683,1.4189208228790624,237.8288998743031,241.82820856635414,287.96379119081183,1.418929259736002,1.4114115236287248,234.75964155112703,1.361122765979411,49.00016170246963,158.7375795271303,49.159783523658305,1.2597988944070384,182.2512750845029,160.39090020984685,181.75406482323172,232.48605529950459,1.2595980817739008,1.2516418675895529,158.07444333393173,1.200793322811215,133.1586496599561,0.009411426100081395,0.0016833458596603144
123.2587575603742,329.9999999999999,44.379981976993776,599.9999587739217,1.6221146707679253,1219.5064057347747,1.622194999999997,285.2883345491565,170.76086354633944,1.5720455537511242,960.3107006975445,963.6020001842658,1.5713150000000309,281.89852653255383,963.6020001842655,1.5213301727512054,266.35436624096076,1.5212154149880353,281.89852653255383,1.5207949999486006,139.9981453229961,265.0365642548057,139.9981453230252,1.4230689901587712,344.5605841453043,1.4223174159256922,265.0365642548057,344.56058414530423,371.07396592603527,1.4221272195581123,1.411444999861746,263.61921212318737,1.361375001126967,64.71098917656292,197.98889309243634,64.7109891765746,1.2639075068022962,199.99999975463822,197.98889309243634,199.99999975463822,249.41325914841119,1.2635681367242044,1.2516150002383664,196.14208565537388,1.2009154937939583,135.3247086434789,0.012968392674638852,0.008962275005902449,118.61997699780244,206.10295404982773,27.41239396539829,600.5895288736417,1.6220548700476807,1220.0455794103539,1.622096511225781,268.53286589785654,132.66781267633988,1.5719732153448007,919.0871135935416,915.8131425841436,1.5713307429206835,265.3445935138555,919.6595980947446,1.5211444348701082,154.35127109228836,1.5210439027288154,265.0946423565814,1.5205172631327644,122.86161328623211,237.6216284538147,123.41992642975161,1.4196383652390356,241.67817865251683,1.4189208227219707,237.82889652419124,241.82820856635414,287.963795695418,1.4189292595813197,1.4114115236122045,234.7596381802354,1.3611227658339493,49.00016139380832,158.73757851801233,49.15978228901305,1.2597988941454257,182.2512732262604,160.39089869616993,181.7540654426459,232.4860540936132,1.2595980815820693,1.2516418675664733,158.07444134544596,1.2007933227432883,133.1586466890111,0.009411426319305579,0.0016833457722713625
123.25875756037436,329.99999999999994,44.379981976945174,599.9999587739205,1.6221146707679257,1219.506405734207,1.6221949999999972,285.28833454915406,170.76086354628103,1.5720455537511238,960.3107006975307,963.6020001842542,1.5713150000000307,281.8985265325517,963.6020001842544,1.5213301727515596,266.3543662409441,1.5212154149883896,281.8985265325517,1.5207949999489547,139.99818002665384,265.03654943385834,139.99818002668243,1.4230689899227642,344.5606277861048,1.4223174156921419,265.03654943385834,344.5606277861048,371.074003717101,1.4221272193277188,1.4114449998628373,263.6191976709422,1.3613750010680152,64.71099463704206,197.9889037102742,64.71099463705207,1.2639075077110429,199.99999976534178,197.9889037102742,199.99999976534178,249.41325422586286,1.2635681376016785,1.2516150002271456,196.14209636248611,1.2009154923052412,135.3466769865477,0.0129685006000943,0.008962339406933702,118.61997762402378,206.10295404982773,27.412392260991275,600.5895288736417,1.62205487009214,1220.0455793018155,1.6220965112477728,268.5328673025568,132.66781415481822,1.5719732153392443,919.0871158261539,915.8131425841436,1.5713307429184988,265.34459490655445,919.6596005994144,1.5211444348451943,154.35127109228836,1.5210439027288154,265.09464166023196,1.5205172631571806,122.86161270095724,237.62163012887063,123.41992496656445,1.4196383651824782,241.67817597565787,1.4189208228266985,237.82889652419124,241.82820722792465,287.9637934431149,1.4189292596844412,1.4114115236039444,234.75964155112703,1.3611227658339493,49.000160467824365,158.73757851801233,49.159781671690425,1.2597988943416352,182.2512732262604,160.3908997052879,181.7540654426459,232.4860540936132,1.259598081646013,1.2516418675664733,158.07444134544596,1.2007933228338572,133.1586407471211,0.009411426154887438,0.001683345728576887
123.25875756037442,329.99999999999983,44.37998197690116,599.9999587739198,1.622114670767926,1219.5064057336936,1.6221949999999976,285.2883345491519,170.76086354622765,1.5720455537511238,960.3107006975192,963.602000184247,1.5713150000000304,281.89852653255014,963.6020001842469,1.5213301727519142,266.354366240928,1.521215414988744,281.89852653255014,1.5207949999493091,139.99821448999157,265.0365347155117,139.9982144900196,1.4230689896883857,344.56067112471874,1.4223174154602023,265.0365347155117,344.56067112471874,371.07404124650543,1.4221272190989147,1.411444999863915,263.61918331874335,1.3613750010108006,64.71099977771362,197.98891374283266,64.7109997777231,1.2639075085767857,199.9999997758153,197.98891374283266,199.9999997758153,249.4132499009332,1.263568138437821,1.251615000215884,196.14210646703745,1.2009154908763602,135.36860017564658,0.012968608447162503,0.008962403942617898,118.61997699780244,206.10294394686466,27.41239157922847,600.5895288341425,1.62205487009214,1220.0455793018155,1.622096511236777,268.53286589785654,132.66780824090483,1.5719732153392443,919.0871143377457,915.813139244584,1.5713307429228685,265.3445935138555,919.6595989296345,1.5211444348451943,154.35125783117016,1.5210439027782747,265.09464166023196,1.5205172631083483,122.86161211568236,237.62162677875878,123.41992467392701,1.419638365069363,241.67817731408735,1.418920822564879,237.82889317407938,241.82820722792465,287.963795695418,1.4189292596328804,1.411411523609451,234.7596381802354,1.3611227658824365,49.000160467824365,158.73757649977642,49.1597810543678,1.259798893949216,182.25127198743203,160.390897687052,181.75406234557502,232.48605288772183,1.2595980814541816,1.2516418675664733,158.07443985408162,1.2007933227206462,133.1586437180661,0.009411426538529766,0.0016833456411879417
123.25875756037442,329.99999999999994,44.37998197686143,599.9999587739192,1.622114670767926,1219.5064057332302,1.6221949999999978,285.28833454915,170.7608635461799,1.5720455537511238,960.3107006975079,963.6020001842367,1.5713150000000304,281.8985265325475,963.6020001842364,1.5213301727522626,266.35436624091057,1.5212154149890926,281.8985265325475,1.5207949999496577,139.99824871467598,265.0365200990519,139.99824871470423,1.4230689894556234,344.5607141632406,1.422317415229863,265.0365200990519,344.56071416324056,371.0740785160573,1.4221272188716882,1.4114449998649792,263.6191690658953,1.3613750009552938,64.7110046088837,197.9889232077603,64.71100460889357,1.2639075094007826,199.9999997860479,197.9889232077603,199.9999997860479,249.41324615339573,1.2635681392338407,1.2516150002046236,196.14211598728002,1.2009154895022978,135.39047844505603,0.012968716179362056,0.008962468578987552,118.61997699780244,206.1029414211239,27.412391408787766,600.5895287156446,1.6220548701032549,1220.0455791932773,1.6220965112477728,268.53286589785654,132.66781415481822,1.5719732153448007,919.0871150819497,915.8131425841436,1.571330742935977,265.34459281750605,919.6595989296345,1.5211444349448495,154.3512622515429,1.5210439028771932,265.0946409638825,1.520517263230429,122.86161153040749,237.62162677875878,123.41992379601471,1.4196383651824782,241.6781746372284,1.418920822617243,237.8288948491353,241.8282058894952,287.96379119081183,1.4189292596328804,1.4114115236342317,234.7596398656812,1.361122765979411,49.00015985050173,158.7375775088944,49.1597810543678,1.2597988940146192,182.25126950977534,160.39089869616993,181.75406172616084,232.48605107888474,1.2595980813902379,1.2516418675780132,158.07444035120307,1.200793322924426,133.1586407471211,0.009411426538529766,0.0016833453353266665
123.25875756037452,329.99999999999983,44.379981976825505,599.9999587739183,1.6221146707679266,1219.506405732811,1.6221949999999983,285.2883345491476,170.76086354613642,1.5720455537511233,960.3107006974988,963.6020001842317,1.5713150000000304,281.89852653254604,963.6020001842322,1.5213301727526132,266.35436624090016,1.521215414989443,281.89852653254604,1.520794999950008,139.99828270236446,265.03650558380855,139.9982827023917,1.4230689892244779,344.56075690372893,1.4223174150011226,265.03650558380855,344.56075690372893,371.07411552753337,1.42212721864604,1.4114449998660392,263.61915491174517,1.36137500090146,64.71100914055378,197.9889321222499,64.71100914056248,1.2639075101842587,199.99999979603575,197.9889321222499,199.99999979603575,249.41324296363524,1.263568139990914,1.2516150001934023,196.14212494099093,1.2009154881784596,135.41231201225133,0.012968823763910444,0.008962533285106551,118.61997637158112,206.1029338439016,27.412390897465663,600.5895287551439,1.62205487009214,1220.0455792475464,1.6220965112477728,268.53286449315624,132.66780971938317,1.5719732153225754,919.0871128493375,915.813139244584,1.571330742903205,265.3445921211566,919.659594755185,1.5211444347953669,154.35125341079743,1.5210439027288154,265.0946381784847,1.5205172629618515,122.86161123777005,237.62162342864693,123.41992321073984,1.4196383648996902,241.67817731408735,1.4189208224601515,237.82889149902346,241.82820722792465,287.963795695418,1.4189292594781981,1.4114115235709037,234.75963480934377,1.3611227658339493,49.00015954184042,158.73757448154055,49.15978043704517,1.2597988938838127,182.25127260684621,160.39089667793405,181.7540629649892,232.48605047593907,1.2595980811344627,1.2516418675433938,158.0744383627173,1.2007933226527194,133.1586407471211,0.009411426428917668,0.0016833452916322038
123.25875756201265,329.9999999968935,44.379981954283416,599.9999587815689,1.6221146707694531,1219.5064057688526,1.622195000001589,285.28833455419334,170.7608635504323,1.572045553748498,960.3107006997782,963.6020001799601,1.5713149999973681,281.8985265398813,963.6020001799601,1.5213301727398683,266.35436625538273,1.5212154149766968,281.8985265398813,1.5207949999372607,139.9983164546486,265.03649122771367,139.998316454677,1.4230689889055061,344.56079930425784,1.4223174146845032,265.03649122771367,344.56079930425784,371.07415224893623,1.422127218332737,1.4114449998248868,263.61914091583634,1.3613750008710923,64.7110133824201,197.98894082092283,64.71101338242832,1.2639075114788432,199.9999997849473,197.98894082092283,199.9999997849473,249.41324010596514,1.2635681412554896,1.2516150005739792,196.142133677701,1.2009154874023538,135.43410056312217,0.012968931620779101,0.008962597535087654,118.61997699780244,206.1029338439016,27.412390897465663,600.5895287946431,1.6220548701143698,1220.0455791932773,1.6220965112587686,268.532863088456,132.66780824090483,1.5719732153003498,919.0871106167252,915.813139244584,1.571330742899928,265.34459072845766,919.6595964249648,1.5211444347953669,154.3512489904247,1.521043902629897,265.0946388748341,1.5205172629862675,122.86161035985775,237.62162510370285,123.41992262546498,1.4196383648996902,241.6781746372284,1.4189208224077876,237.82888982396753,241.82820722792465,287.9637934431149,1.4189292593750764,1.4114115235901774,234.7596364947896,1.361122765785462,49.00015830719515,158.7375754906585,49.15977981972254,1.2597988937530065,182.25126950977534,160.39089667793405,181.75405862909,232.48604896857483,1.2595980811984064,1.2516418675433938,158.07443885983875,1.200793322607435,133.1586377761761,0.009411426428917668,0.001683344985770992
123.25875755948823,329.99999999602085,44.37998194244244,599.9999587760153,1.6221146707726046,1219.5064056872732,1.6221950000048009,285.2883345482431,170.76086354663974,1.5720455537525653,960.3107007014466,963.6020001801842,1.5713150000014688,281.8985265336505,963.6020001801846,1.5213301727574653,266.354366239024,1.5212154149942942,281.8985265336505,1.520794999954858,139.9983499731401,265.0364768534609,139.99834997316776,1.4230689887756245,344.5608414992885,1.4223174145570372,265.0364768534609,344.5608414992885,371.074188784189,1.4221272182080757,1.411444999874392,263.61912689591,1.3613750007741015,64.71101734393255,197.98894836074538,64.71101734394004,1.2639075116090797,199.99999981740464,197.98894836074538,199.99999981740464,249.41323818348116,1.263568141367477,1.2516150001494988,196.14214121173507,1.2009154859256377,135.45584592010604,0.012969039668953145,0.0089626631141354,118.61997762402378,206.10292879242007,27.412389193058647,600.5895287156446,1.6220548701254847,1220.045579139008,1.6220965112477728,268.532863088456,132.66780750166566,1.571973215317019,919.087108384113,915.8131375748043,1.5713307429141292,265.3445921211566,919.6595922505153,1.5211444347953669,154.3512489904247,1.5210439027288154,265.09463957118356,1.5205172630350998,122.86160977458287,237.62162342864693,123.4199220401901,1.4196383649562478,241.6781746372284,1.4189208223554237,237.82889149902346,241.8282058894952,287.963795695418,1.4189292594266372,1.4114115235929308,234.75963480934377,1.361122765785462,49.00015830719515,158.73757448154055,49.15977920239991,1.2597988936222,182.2512707486037,160.39089516425713,181.7540611067467,232.48604987299336,1.2595980810705187,1.2516418675549335,158.0744373684744,1.2007933227432883,133.15863629070358,0.009411426757753959,0.0016833448983820855
123.25875755994707,329.99999999582275,44.379981941332105,599.9999587752687,1.6221146707730345,1219.5064056743522,1.6221950000052296,285.28833454914695,170.7608635449232,1.5720455537518123,960.3107007006686,963.6020001792087,1.5713150000007117,281.8985265345313,963.6020001792078,1.5213301727539605,266.35436624031456,1.521215414990789,281.8985265345313,1.520794999951352,139.99838325951077,265.0364626378837,139.9983832595388,1.423068988541541,344.56088335765986,1.422317414325304,265.0364626378837,344.5608833576598,371.0742250319979,1.422127217979369,1.4114449998701195,263.6191130339978,1.361375000750238,64.711021034212,197.98895572875443,64.71102103421902,1.2639075122984713,199.99999982427238,197.98895572875443,199.99999982427238,249.41323655314406,1.2635681420348959,1.2516150001550472,196.1421485741359,1.200915484641774,135.4775470823767,0.012969146709824145,0.008962728222420653,118.6199757453598,206.10292879242007,27.41238953394005,600.5895286761453,1.6220548701143698,1220.0455790847388,1.6220965112477728,268.53286168375575,132.66780971938317,1.5719732152975718,919.087109128317,915.8131375748043,1.571330742899928,265.34458933575877,919.659594755185,1.521144434695712,154.3512489904247,1.521043902555708,265.09463748213517,1.5205172629374353,122.861609189308,237.621621753591,123.41992174755268,1.4196383648431325,241.67817597565787,1.418920822250696,237.82888982396753,241.8282058894952,287.9637934431149,1.418929259271955,1.4114115235709037,234.75963480934377,1.361122765785462,49.00015830719515,158.73757347242258,49.15977920239991,1.2597988936222,182.2512732262604,160.3908936505802,181.75405986791833,232.4860507774119,1.2595980809426313,1.2516418675433938,158.0744363742315,1.2007933226527194,133.1586348052311,0.009411426702947912,0.0016833448983820855
123.25875755987711,329.99999999589977,44.37998194127565,599.999958775166,1.6221146707730174,1219.506405673435,1.6221950000052128,285.2883345489986,170.7608635448965,1.5720455537519267,960.3107007007197,963.602000179269,1.5713150000008267,281.8985265343859,963.602000179269,1.5213301727546429,266.3543662399842,1.5212154149914714,281.8985265343859,1.5207949999520354,139.9984163153968,265.0364485200853,139.99841631542378,1.423068988316085,344.56092492673827,1.4223174141021893,265.0364485200853,344.56092492673827,371.0742610292674,1.4221272177592614,1.4114449998705194,263.61909926738224,1.3613750007025196,64.71102446214003,197.98896260585644,64.71102446214617,1.2639075129345425,199.99999983335687,197.98896260585644,199.99999983335687,249.41323540963333,1.2635681426503982,1.251615000147473,196.14215543159992,1.200915483455198,135.4992042210585,0.012969253354923896,0.0089627930830263,118.61997699780244,206.10292374093854,27.412389193058647,600.5895287156446,1.6220548701143698,1220.0455791932773,1.6220965112477728,268.53286168375575,132.66780528394813,1.5719732153142407,919.0871076399089,915.8131359050245,1.5713307429250531,265.34459072845766,919.6595914156253,1.521144434770453,154.35124457005196,1.5210439025309785,265.09463748213517,1.5205172629862675,122.86160860403312,237.621621753591,123.41992057700294,1.4196383648431325,241.6781746372284,1.4189208223554237,237.82888982396753,241.8282058894952,287.9637934431149,1.4189292594266372,1.411411523609451,234.75963480934377,1.3611227658339493,49.0001573812112,158.73757347242258,49.159778585077284,1.2597988934913937,182.2512707486037,160.39089465969815,181.7540611067467,232.48604987299336,1.2595980810705187,1.2516418675664733,158.0744363742315,1.2007933227206462,133.15863629070358,0.009411426757753959,0.0016833448983820855
123.25875755988773,329.9999999958972,44.379981941281855,599.9999587751611,1.6221146707730179,1219.5064056735068,1.622195000005213,285.28833454902167,170.76086354489763,1.5720455537519094,960.3107007007125,963.6020001792635,1.5713150000008094,281.8985265344089,963.6020001792632,1.5213301727550097,266.35436624004166,1.5212154149918384,281.8985265344089,1.520794999952402,139.99844914240575,265.0364345003285,139.99844914243386,1.4230689880928376,344.5609662077748,1.422317413881266,265.0364345003285,344.5609662077748,371.07429677707023,1.4221272175413247,1.4114449998715508,263.619085596381,1.3613750006563554,64.71102763633581,197.9889690127547,64.71102763634153,1.263907513533475,199.99999984211613,197.9889690127547,199.99999984211613,249.4132347340739,1.2635681432301085,1.251615000137397,196.14216180542243,1.2009154823098198,135.52081749392485,0.012969359711304505,0.00896285779025725,118.61997637158112,206.102918689457,27.412388170414438,600.5895286761453,1.6220548701254847,1220.0455790847388,1.6220965112587686,268.53286027905546,132.66780676242647,1.5719732152781245,919.0871061515007,915.8131325654649,1.5713307428966508,265.34458863940927,919.6595905807354,1.5211444346458842,154.35124014967923,1.5210439025062488,265.09463748213517,1.5205172628397707,122.86160860403312,237.621621753591,123.4199202843655,1.4196383647300175,241.6781746372284,1.418920822198332,237.82888982396753,241.8282058894952,287.9637934431149,1.418929259271955,1.4114115235681504,234.75963143845215,1.3611227656400005,49.00015707254989,158.7375714541867,49.15977796775466,1.2597988934259905,182.25126889036116,160.39089264146224,181.75405862909,232.48604866710198,1.2595980807507998,1.251641867520314,158.0744358771101,1.2007933226300773,133.1586348052311,0.009411426593335812,0.0016833446799098377
123.25875755988869,329.9999999958974,44.379981941295654,599.9999587751602,1.6221146707730187,1219.506405673666,1.622195000005214,285.2883345490243,170.76086354491264,1.572045553751908,960.3107007007154,963.6020001792674,1.5713150000008078,281.8985265344114,963.602000179267,1.5213301727553443,266.35436624005166,1.5212154149921728,281.8985265344114,1.5207949999527366,139.99848174211502,265.0364205776933,139.9984817421416,1.4230689878711185,344.5610072029423,1.4223174136618546,265.0364205776933,344.5610072029423,371.0743322772815,1.4221272173248787,1.4114449998725558,263.6190720200883,1.361375000611756,64.71103056515963,197.9889749644342,64.71103056516519,1.2639075140983755,199.99999985063027,197.9889749644342,199.99999985063027,249.41323452321438,1.2635681437770918,1.2516150001271469,196.14216771108198,1.2009154811975227,135.54238704821205,0.012969465787873651,0.008962922383112854,118.61997762402378,206.102918689457,27.412388852177244,600.589528636646,1.6220548701254847,1220.0455790847388,1.6220965112587686,268.53286168375575,132.6678060231873,1.5719732153114627,919.0871061515007,915.8131359050245,1.5713307429152215,265.3445921211566,919.6595922505153,1.5211444347953669,154.35124014967923,1.5210439027535452,265.09463748213517,1.520517263083932,122.86160772612082,237.621621753591,123.41991999172807,1.4196383648996902,241.67817329879892,1.4189208223554237,237.8288881489116,241.8282045510657,287.96379119081183,1.418929259271955,1.4114115235929308,234.75963480934377,1.361122765785462,49.00015676388857,158.73757246330464,49.15977796775466,1.2597988934913937,182.2512707486037,160.3908936505802,181.75405986791833,232.48604927004766,1.259598081006575,1.2516418675664733,158.0744363742315,1.200793322811215,133.1586333197586,0.009411426593335812,0.0016833446362153916
123.25875755988847,329.9999999958974,44.37998194130875,599.9999587751604,1.622114670773019,1219.5064056738192,1.6221950000052143,285.2883345490246,170.76086354492887,1.5720455537519082,960.3107007007184,963.6020001792685,1.5713150000008083,281.89852653441204,963.6020001792684,1.5213301727556812,266.35436624005246,1.52121541499251,281.89852653441204,1.5207949999530737,139.99851411609535,265.03640675153275,139.99851411612195,1.4230689876509357,344.5610479141974,1.422317413443963,265.03640675153275,344.5610479141974,371.0743675316082,1.4221272171099317,1.4114449998735514,263.61905853787226,1.361375000568612,64.71103325673053,197.9889804756017,64.71103325673621,1.2639075146305534,199.9999998588895,197.9889804756017,199.9999998588895,249.41323472192937,1.2635681442926154,1.251615000116978,196.14217316375255,1.200915480114444,135.56391302175064,0.012969571574377852,0.008962986874002854,118.6199757453598,206.102918689457,27.412388170414438,600.5895286761453,1.6220548701477142,1220.0455790304698,1.6220965112807604,268.53286027905546,132.667808980144,1.5719732152642336,919.0871068957048,915.8131342352447,1.571330742881357,265.3445879430598,919.659593920295,1.5211444346209706,154.35124014967923,1.5210439025309785,265.0946353930868,1.5205172628397707,122.86160743348339,237.62162007853507,123.4199194064532,1.4196383645603448,241.6781746372284,1.418920822198332,237.8288881489116,241.8282045510657,287.96379119081183,1.4189292591688334,1.4114115235323563,234.75963480934377,1.3611227655430262,49.00015676388857,158.7375714541867,49.15977735043203,1.2597988936222,182.2512707486037,160.39089264146224,181.7540611067467,232.48604987299336,1.2595980809426313,1.2516418675087742,158.07443438574575,1.200793322607435,133.1586318342861,0.009411426319305579,0.0016833447672987328
123.25875755988868,329.9999999958974,44.37998194132071,599.9999587751606,1.622114670773019,1219.5064056739586,1.622195000005214,285.2883345490259,170.76086354494308,1.572045553751908,960.3107007007216,963.6020001792715,1.5713150000008076,281.8985265344129,963.6020001792716,1.521330172756014,266.35436624005956,1.521215414992843,281.8985265344129,1.5207949999534067,139.99854626590832,265.03639302117284,139.99854626593446,1.423068987432275,344.56108834350584,1.4223174132275775,265.03639302117284,344.5610883435058,371.0744025417591,1.4221272168964711,1.4114449998745342,263.61904514907627,1.3613750005268623,64.71103571891815,197.9889855605086,64.71103571892331,1.2639075151310921,199.9999998669042,197.9889855605086,199.9999998669042,249.4132353539904,1.2635681447777225,1.2516150001069493,196.14217817814085,1.2009154790577221,135.58539554385055,0.012969677057984595,0.008963051262684346,118.6199757453598,206.10290353501242,27.41238612512602,600.589528636646,1.6220548701477142,1220.0455789762007,1.6220965112807604,268.53286027905546,132.66780454470896,1.5719732152447865,919.0871039188885,915.8131308956852,1.571330742881357,265.34458863940927,919.6595872411758,1.5211444346458842,154.3512357293065,1.5210439025309785,265.0946353930868,1.5205172626444419,122.86160626293363,237.62161672842322,123.41991823590347,1.4196383644472295,241.6781746372284,1.4189208220936043,237.82888479879975,241.8282045510657,287.9637934431149,1.4189292590657117,1.4114115235323563,234.75963143845215,1.3611227655430262,49.00015583790462,158.73757044506874,49.159776733109396,1.2597988933605873,182.251268270947,160.39089112778532,181.75405739026164,232.48604866710198,1.2595980806229121,1.251641867531854,158.07443438574575,1.2007933225847929,133.1586303488136,0.009411426757753959,0.0016833442866598623
123.25875755988883,329.9999999958975,44.37998194133148,599.9999587751608,1.6221146707730187,1219.5064056740844,1.622195000005214,285.28833454902644,170.76086354495624,1.5720455537519076,960.3107007007239,963.6020001792747,1.5713150000008076,281.8985265344135,963.6020001792742,1.5213301727563449,266.3543662400669,1.5212154149931734,281.8985265344135,1.5207949999537376,139.99857819309932,265.0363793859214,139.9985781931249,1.4230689872151299,344.56112849283863,1.4223174130126917,265.0363793859214,344.56112849283863,371.0744373094477,1.4221272166844896,1.4114449998755094,263.61903185302367,1.3613750004864815,64.71103795936384,197.98899023314004,64.71103795936821,1.2639075156010446,199.99999987466762,197.98899023314004,199.99999987466762,249.41323639133145,1.2635681452334258,1.251615000097102,196.14218276867246,1.2009154780249978,135.60683473607236,0.012969782226661395,0.0089631155431798,118.61997637158112,206.10290606075318,27.412385784244616,600.5895285576474,1.6220548701365993,1220.0455788676622,1.6220965112697645,268.53286027905546,132.6678060231873,1.5719732152892372,919.0871039188885,915.8131308956852,1.5713307429228685,265.34458933575877,919.6595897458456,1.5211444348451943,154.3512357293065,1.5210439026793563,265.0946360894363,1.5205172628397707,122.8616050923839,237.62161840347915,123.41991794326603,1.419638364503787,241.67817329879892,1.4189208221459682,237.82888647385568,241.8282045510657,287.96379119081183,1.418929259014151,1.4114115235681504,234.75963312389797,1.3611227658824365,49.00015583790462,158.7375714541867,49.159776733109396,1.2597988934913937,182.25127012918952,160.39089112778532,181.75405862909,232.48604806415628,1.2595980808147436,1.2516418675664733,158.07443438574575,1.2007933227659306,133.15862886334108,0.009411426757753959,0.0016833441992709906
123.25875755988889,329.9999999958974,44.37998194134123,599.9999587751611,1.622114670773019,1219.506405674198,1.6221950000052143,285.28833454902724,170.760863544968,1.5720455537519076,960.3107007007266,963.6020001792749,1.5713150000008076,281.89852653441426,963.6020001792747,1.5213301727566706,266.354366240069,1.5212154149934993,281.89852653441426,1.5207949999540633,139.99860989920953,265.03636584511935,139.99860989923627,1.423068986999489,344.5611683641328,1.422317412799294,265.03636584511935,344.56116836413275,371.0744718363559,1.4221272164739758,1.4114449998764762,263.6190186490723,1.3613750004474485,64.71103998548702,197.98899450721802,64.711039985491,1.2639075160414328,199.99999988217343,197.98899450721802,199.99999988217343,249.4132378194027,1.263568145660708,1.2516150000874577,196.1421869494928,1.2009154770142088,135.62823071291461,0.012969887069739556,0.0089631797072015,118.61997668469178,206.10290353501242,27.412385784244616,600.589528636646,1.6220548701254847,1220.0455789762007,1.6220965112587686,268.5328588743552,132.66780084851308,1.571973215303128,919.0871009420721,915.8131275561256,1.5713307429337924,265.34458933575877,919.659585571396,1.5211444348950218,154.35122688856103,1.5210439026793563,265.0946360894363,1.5205172629130193,122.86160538502133,237.62161840347915,123.41991735799117,1.4196383645603448,241.67817196036944,1.4189208219888767,237.82888479879975,241.8282045510657,287.96379119081183,1.4189292591172724,1.4114115235929308,234.75962975300632,1.3611227658339493,49.00015522058199,158.73757044506874,49.15977611578677,1.2597988933605873,182.251268270947,160.3908901186674,181.75405553201912,232.48604987299336,1.2595980808147436,1.2516418675664733,158.07443339150285,1.2007933228338572,133.1586303488136,0.009411426757753959,0.001683344111882125
123.25875755988926,329.99999999589755,44.37998194135012,599.9999587751611,1.6221146707730183,1219.5064056743013,1.622195000005214,285.2883345490286,170.76086354497806,1.5720455537519071,960.3107007007292,963.6020001792799,1.5713150000008067,281.8985265344156,963.6020001792792,1.5213301727569934,266.35436624007724,1.5212154149938224,281.8985265344156,1.520794999954386,139.99864138576964,265.036352398119,139.99864138579625,1.4230689867853414,344.561207959306,1.4223174125873745,265.036352398119,344.561207959306,371.0745061241462,1.4221272162649203,1.4114449998774348,263.6190055365904,1.3613750004097216,64.7110418044787,197.98899839603803,64.71104180448185,1.2639075164532343,199.99999988942966,197.98899839603803,199.99999988942966,249.4132396241012,1.2635681460605088,1.251615000078024,196.14219073431093,1.2009154760235017,135.6495835824393,0.0129699915778983,0.008963243745826148,118.6199757453598,206.10290100927165,27.412385784244616,600.5895285576474,1.622054870158829,1220.0455789219316,1.6220965112917562,268.5328560649547,132.66780158775225,1.5719732152558992,919.087100197868,915.8131275561256,1.5713307428900962,265.3445872467104,919.659585571396,1.521144434670798,154.35121804781554,1.52104390243206,265.09463330403844,1.5205172627421064,122.86160450710902,237.6216150533673,123.4199167727163,1.4196383643906718,241.6781746372284,1.418920821884149,237.8288814486879,241.8282058894952,287.963795695418,1.4189292588079077,1.4114115235543834,234.75962806756053,1.3611227656400005,49.000154603259354,158.7375674177149,49.15977549846414,1.2597988930335713,182.2512707486037,160.39088860499047,181.75405677084746,232.48604927004766,1.2595980804310807,1.2516418675433938,158.0744304087742,1.200793322607435,133.15862886334108,0.009411426757753959,0.0016833439371044057
123.25875755988946,329.99999999589744,44.379981941358025,599.9999587751613,1.6221146707730185,1219.5064056743936,1.622195000005214,285.2883345490295,170.76086354498804,1.5720455537519067,960.3107007007309,963.6020001792782,1.5713150000008067,281.89852653441636,963.6020001792781,1.521330172757318,266.35436624007843,1.5212154149941468,281.89852653441636,1.5207949999547108,139.99867265429606,265.03633904427085,139.9986726543217,1.4230689865726753,344.56124728026975,1.4223174123769204,265.03633904427085,344.56124728026975,371.07454017447935,1.4221272160573104,1.4114449998783822,263.61899251494316,1.361375000373262,64.71104342332059,197.9890019126291,64.71104342332367,1.2639075168374065,199.99999989644328,197.9890019126291,199.99999989644328,249.41324179174404,1.2635681464337485,1.2516150000688022,196.1421941365558,1.200915475051201,135.6708934468367,0.012970095743053902,0.008963307650292303,118.6199757453598,206.10289343204934,27.412384761600407,600.5895284786488,1.622054870158829,1220.0455788133931,1.6220965112917562,268.5328546602544,132.66780306623062,1.5719732152475647,919.087100197868,915.8131275561256,1.5713307428966508,265.3445858540114,919.6595839016161,1.5211444346458842,154.35121804781554,1.521043902357871,265.09463260768894,1.520517262668858,122.86160392183415,237.62161337831137,123.41991618744143,1.4196383642775567,241.6781746372284,1.418920821884149,237.82887977363197,241.8282045510657,287.96379119081183,1.4189292588594686,1.4114115235461233,234.7596263821147,1.3611227655430262,49.000154603259354,158.73756640859696,49.159774881141516,1.259798892968168,182.251268270947,160.39088810043148,181.75405367377658,232.4860474612106,1.259598080367137,1.2516418675087742,158.07443090589564,1.2007933226527194,133.15862886334108,0.009411426867366054,0.0016833437623267045
123.2587575598893,329.99999999589744,44.379981941365266,599.9999587751615,1.6221146707730183,1219.5064056744782,1.622195000005214,285.2883345490295,170.76086354499648,1.5720455537519071,960.3107007007333,963.6020001792824,1.5713150000008067,281.8985265344164,963.6020001792822,1.5213301727576374,266.3543662400845,1.5212154149944663,281.8985265344164,1.5207949999550299,139.998703706299,265.0363257829092,139.99870370632522,1.4230689863614834,344.56128632893797,1.4223174121679252,265.0363257829092,344.56128632893797,371.0745739890105,1.42212721585114,1.4114449998793237,263.61897958348277,1.3613750003380591,64.71104484878956,197.98900506978566,64.71104484879206,1.2639075171949172,199.99999990320248,197.98900506978566,199.99999990320248,249.41324430902063,1.263568146781358,1.251615000059814,196.14219716940642,1.2009154740958028,135.6921604029426,0.012970199558241547,0.008963371412360852,118.61997637158112,206.10289090630857,27.4123842502783,600.5895284786488,1.622054870158829,1220.045578759124,1.6220965112917562,268.5328560649547,132.66780232699142,1.5719732152614556,919.0870987094598,915.8131275561256,1.5713307429010204,265.3445879430598,919.6595847365061,1.521144434695712,154.35121804781554,1.5210439025309785,265.09463260768894,1.5205172627909387,122.86160333655927,237.6216150533673,123.41991560216657,1.4196383644472295,241.67817196036944,1.418920821884149,237.82887977363197,241.8282045510657,287.9637934431149,1.4189292589110294,1.4114115235681504,234.75962806756053,1.3611227656884877,49.00015398593672,158.73756640859696,49.159774881141516,1.2597988928373618,182.251268270947,160.3908875958725,181.75405429319076,232.4860468582649,1.2595980803031932,1.251641867531854,158.0744304087742,1.2007933226753618,133.15862886334108,0.009411427031784207,0.0016833437186322823
123.2587575598894,329.9999999958974,44.37998194137175,599.9999587751616,1.6221146707730183,1219.5064056745541,1.622195000005214,285.28833454902997,170.7608635450039,1.572045553751907,960.3107007007346,963.6020001792851,1.5713150000008065,281.8985265344176,963.6020001792845,1.5213301727579531,266.3543662400898,1.5212154149947823,281.8985265344176,1.520794999955346,139.99873454327548,265.03631261339933,139.9987345433011,1.4230689861517472,344.56132510719,1.4223174119603703,265.03631261339933,344.56132510719,371.074607569367,1.4221272156463898,1.4114449998802507,263.61896674158936,1.3613750003040652,64.71104608745448,197.9890078799139,64.71104608745668,1.2639075175266734,199.999999909723,197.9890078799139,199.999999909723,249.41324716306104,1.2635681471042082,1.2516150000510482,196.14219984564625,1.2009154731559102,135.71338454271068,0.012970303017499149,0.008963435024454949,118.61997605847046,206.10288838056783,27.4123840798376,600.5895284786488,1.622054870169944,1220.045578759124,1.6220965113027521,268.5328546602544,132.66780084851308,1.571973215253121,919.0870979652558,915.8131275561256,1.571330742903205,265.34458655036093,919.6595847365061,1.521144434695712,154.35122246818827,1.52104390243206,265.0946319113395,1.5205172627421064,122.86160275128441,237.62161170325544,123.4199150168917,1.419638364220999,241.67817329879892,1.4189208217794211,237.82887977363197,241.82820321263623,287.9637934431149,1.418929258756347,1.4114115235406166,234.7596263821147,1.3611227655915132,49.00015336861409,158.737565399479,49.15977426381889,1.2597988927719586,182.2512657932903,160.39088810043148,181.75405367377658,232.48604324059076,1.2595980801753055,1.2516418675433938,158.07442941453132,1.2007933226753618,133.1586244069236,0.009411426867366054,0.0016833436749378598
123.25875755988949,329.99999999589744,44.37998194137761,599.9999587751618,1.6221146707730183,1219.5064056746223,1.622195000005214,285.28833454903076,170.76086354501126,1.5720455537519067,960.3107007007361,963.6020001792879,1.5713150000008067,281.898526534418,963.6020001792879,1.521330172758272,266.35436624009435,1.5212154149951007,281.898526534418,1.520794999955665,139.9987651667156,265.0362995351196,139.99876516674058,1.4230689859434724,344.561363616886,1.4223174117542616,265.0362995351196,344.561363616886,371.07464091716565,1.4221272154430666,1.4114449998811776,263.61895398865715,1.3613750002712814,64.71104714569495,197.98901035524935,64.71104714569678,1.2639075178336154,199.99999991598395,197.98901035524935,199.99999991598395,249.41325034133257,1.2635681474032052,1.251615000042532,196.14220217786962,1.2009154722302775,135.73456595364232,0.012970406115778448,0.008963498479698746,118.61997605847046,206.10288585482704,27.412383398074795,600.5895283996502,1.6220548701921738,1220.0455786505859,1.622096511313748,268.5328546602544,132.6678001092739,1.5719732152447865,919.0870979652558,915.8131292259054,1.5713307428955583,265.3445858540114,919.659585571396,1.5211444347206255,154.35121804781554,1.52104390243206,265.0946319113395,1.520517262668858,122.86160216600953,237.62161337831137,123.41991384634196,1.4196383641644417,241.67817196036944,1.4189208217794211,237.82887809857604,241.82820321263623,287.96379119081183,1.4189292587047861,1.41141152354337,234.7596263821147,1.3611227656400005,49.00015275129146,158.737565399479,49.15977364649626,1.2597988927065553,182.25126641270447,160.39088658675456,181.75405181553407,232.4860441450093,1.2595980801753055,1.251641867531854,158.07442842028843,1.2007933226753618,133.1586244069236,0.00941142741542657,0.0016833433253825318
123.25875755988997,329.99999999649265,44.37998195719912,599.9999587719492,1.6221146707730183,1219.506405643535,1.6221950000052137,285.2883345490318,170.7608635401274,1.5720455537519058,960.3107007007363,963.6020001792881,1.5713150000008056,281.89852653441926,963.6020001792874,1.5213301727584883,266.3543662401016,1.5212154149953174,281.89852653441926,1.5207949999558816,139.99879557806815,265.03628651718145,139.99879557779883,1.423068985798531,344.56140188235753,1.4223174116108277,265.03628651718145,344.56140188235753,371.07467405065154,1.4221272153015712,1.4114449998818155,263.6189412931551,1.3613750002541842,64.71104802944947,197.98901240954908,64.7110480294069,1.2639075184352313,199.99999990227371,197.98901240954908,199.99999990227371,249.41325382478644,1.2635681479966319,1.251615000305044,196.14220406465017,1.2009154716812485,135.7557045253604,0.012970508741916149,0.008963561039238548,118.6199757453598,206.10287827760476,27.41238271631199,600.5895284391496,1.6220548701921738,1220.0455786505859,1.622096511313748,268.5328546602544,132.66780232699142,1.5719732152447865,919.0870979652558,915.8131258863458,1.5713307429010204,265.34458655036093,919.6595813969464,1.5211444347455394,154.35120920707007,1.5210439024567897,265.0946319113395,1.5205172626444419,122.86160158073466,237.62161337831137,123.41991355370453,1.419638364107884,241.67817196036944,1.4189208217794211,237.82887977363197,241.82820321263623,287.96379119081183,1.418929258756347,1.4114115235351097,234.75962806756053,1.3611227655915132,49.000152133968825,158.73756640859696,49.15977364649626,1.2597988927065553,182.25126641270447,160.39088608219558,181.75405243494825,232.48604504942784,1.2595980801753055,1.251641867531854,158.07442891740988,1.2007933226300773,133.15862292145107,0.009411427141396313,0.0016833433253825318
123.25875756954876,330.00000000001273,44.37997932396652,599.9999600714249,1.6221146707683343,1219.5064211392896,1.6221950000004008,285.28833438301643,170.76086354385245,1.5720455537358817,960.3107006808151,963.6019976914824,1.5713149999867269,281.8985263133841,963.6019965230104,1.5213301727333342,266.354363700189,1.5212154149704509,281.8985263133841,1.5207949999317658,139.99882569148411,265.03627331197083,139.99882569151222,1.4230689854469771,344.56143983063816,1.4223174112636592,265.03627331197083,344.56143983063816,371.0747066728983,1.4221272149591897,1.4114449998127705,263.6189284513122,1.3613750001179423,64.7110487441885,197.98901463934092,64.71104874419095,1.2639075183930644,199.9999999383848,197.98901463934092,199.9999999383848,249.41325739738696,1.26356814794994,1.2516149999963688,196.1422061098188,1.2009154704560197,135.77680085171573,0.012970612419723254,0.008963625000104098,118.61997637158112,206.10287322612322,27.412382375430585,600.5895284391496,1.6220548701810589,1220.0455786505859,1.6220965113027521,268.5328560649547,132.66780158775225,1.5719732152642336,919.0870957326435,915.8131258863458,1.5713307429075747,265.34458655036093,919.6595822318363,1.5211444347455394,154.3512136274428,1.5210439024815192,265.0946305186406,1.5205172626932741,122.86160158073466,237.62161337831137,123.41991355370453,1.4196383642775567,241.67817062193996,1.418920821831785,237.82887977363197,241.82820321263623,287.96379119081183,1.418929258756347,1.4114115235709037,234.7596263821147,1.3611227656400005,49.00015275129146,158.73756640859696,49.15977302917363,1.2597988927065553,182.25126641270447,160.3908875958725,181.75405181553407,232.48604263764506,1.2595980802392492,1.2516418675433938,158.07442891740988,1.2007933226527194,133.15862143597857,0.00941142730581447,0.0016833431506048941
123.25875755414071,329.9999998947785,44.379979764681956,599.999957101298,1.6221146709348253,1219.50637813312,1.6221950001653336,285.2883344112299,170.7608607297426,1.5720455537619866,960.3106993006245,963.6019989451743,1.5713150000116791,281.8985264020679,963.601998945174,1.5213301727500808,266.35436456904097,1.5212154149870698,281.8985264020679,1.5207949999480466,139.99885564045883,265.0362602884635,139.99885564048333,1.423068985309825,344.56147782566603,1.422317411129447,265.0362602884635,344.56147782566603,371.07474005203176,1.422127214826963,1.4114449998920815,263.61891569623276,1.3613750001715914,64.71104929181399,197.9890157231269,64.71104929181533,1.2639075186095945,199.9999999433358,197.9890157231269,199.9999999433358,249.4132616701748,1.2635681481618755,1.2516150000447384,196.14220706719038,1.2009154697824345,135.79785511911086,0.012970714647349847,0.008963688470373751,118.61997480602781,206.10287070038245,27.41238169366778,600.589528360151,1.6220548702032886,1220.0455785963165,1.622096511313748,268.53285185085383,132.66779937003474,1.5719732152031138,919.0870942442353,915.8131258863458,1.5713307428824494,265.3445837649631,919.6595830667262,1.5211444345711431,154.3512003663246,1.521043902234223,265.09462773324276,1.520517262497945,122.86160099545978,237.6216100281995,123.41991267579223,1.4196383640513264,241.67817196036944,1.4189208216223295,237.82887642352011,241.82820321263623,287.9637934431149,1.4189292585501037,1.4114115235185893,234.75962301122308,1.361122765494539,49.000152133968825,158.73756237212515,49.15977302917363,1.2597988924449426,182.25126703211865,160.39088406395967,181.75405367377658,232.48604444648214,1.2595980799195303,1.2516418674972345,158.0744269289241,1.2007933225395084,133.15862143597857,0.009411427196202362,0.0016833431506048941
123.25875756026443,330.00000002344893,44.37998177616288,599.9999585328239,1.6221146708303058,1219.5064030781568,1.6221950000621939,285.28833453595007,170.76086328878574,1.5720455537514755,960.3107006393128,963.6019998297782,1.571315000000548,281.89852649054944,963.6019986032932,1.5213301727807185,266.3543657831988,1.521215415017598,281.89852649054944,1.5207949999782846,139.99888543548695,265.0362481900134,139.99888542510817,1.4230689851788112,344.56151477623416,1.422317410998466,265.0362481900134,344.5615147762341,371.07477208402656,1.422127214697813,1.41144499989989,263.6189038988635,1.3613750001983795,64.71104968326239,197.98901739709345,64.71104968326355,1.2639075188303763,199.99999991391587,197.98901739709345,199.99999991391587,249.41326591781586,1.263568148378385,1.251615000057052,196.14220855740322,1.2009154689656922,135.81886697655676,0.012970816243054946,0.0089637515105074,118.6199757453598,206.10287070038245,27.41238169366778,600.5895282416532,1.6220548702144033,1220.0455784877784,1.6220965113357397,268.53285325555413,132.66779863079557,1.571973215205892,919.0870949884394,915.813124216566,1.5713307428890038,265.344585157662,919.6595813969464,1.5211444347206255,154.3512003663246,1.521043902357871,265.09462773324276,1.5205172625711934,122.86159982491004,237.62161170325544,123.41991179787992,1.4196383641644417,241.67817062193996,1.4189208215699656,237.82887642352011,241.82820187420674,287.96379119081183,1.4189292584469821,1.411411523521343,234.75962469666888,1.3611227655915132,49.00015120798488,158.7375633812431,49.159771794528375,1.2597988924449426,182.25126889036116,160.39088456851866,181.75405367377658,232.48604625531922,1.2595980800474178,1.2516418675433938,158.0744269289241,1.2007933225395084,133.15861995050608,0.009411427525038681,0.0016833430632160814
