air,second_air2,COG,burner_input_T_PV,burner_inputP,burner_output_T_PV,burner_output_P_PV,fur_F,fur_inputT,fur_inputP,fur_temp,fur_outputT,fur_outputP_PV,WHB_F,WHB_inputT,WHB_inputP,WHB_outputT,WHB_outputP,SEP1_F,SEP1_P_PV,SEP1_T,HEATER1_F,HEATER1_input_T,HEATER1_input_P,HEATER1_output_T_PV,HEATER1_output_P,cat1_F,cat1_input_temp,cat1_output_temp,cat1_input_P,cat1_output_P_PV,SEP2_F,SEP2_P_PV,SEP2_T,HEATER2_F,HEATER2_input_T,HEATER2_input_P,HEATER2_output_T_PV,cat2_F,cat2_input_temp,cat2_output_temp,cat2_input_P,cat2_output_P_PV,SEP3_F,SEP3_P_PV,SEP3_T,B35_H2S,B35_SO2,air_pred,second_air2_pred,COG_pred,burner_input_T_PV_pred,burner_inputP_pred,burner_output_T_PV_pred,burner_output_P_PV_pred,fur_F_pred,fur_inputT_pred,fur_inputP_pred,fur_temp_pred,fur_outputT_pred,fur_outputP_PV_pred,WHB_F_pred,WHB_inputT_pred,WHB_inputP_pred,WHB_outputT_pred,WHB_outputP_pred,SEP1_F_pred,SEP1_P_PV_pred,SEP1_T_pred,HEATER1_F_pred,HEATER1_input_T_pred,HEATER1_input_P_pred,HEATER1_output_T_PV_pred,HEATER1_output_P_pred,cat1_F_pred,cat1_input_temp_pred,cat1_output_temp_pred,cat1_input_P_pred,cat1_output_P_PV_pred,SEP2_F_pred,SEP2_P_PV_pred,SEP2_T_pred,HEATER2_F_pred,HEATER2_input_T_pred,HEATER2_input_P_pred,HEATER2_output_T_PV_pred,cat2_F_pred,cat2_input_temp_pred,cat2_output_temp_pred,cat2_input_P_pred,cat2_output_P_PV_pred,SEP3_F_pred,SEP3_P_PV_pred,SEP3_T_pred,B35_H2S_pred,B35_SO2_pred
123.3085781,190.0,25.50727255,599.9999588,1.622168383,1219.506406,1.622195,276.2319733,135.5788464,1.571980399,923.2876913,922.5406806,1.571315,273.1139313,922.5406806,1.521297889,194.8069316,1.521193381,273.1139313,1.520795,114.00003770000001,251.88078185,114.00003770000001,1.420144389,223.97513455,1.419502153,251.88078185,223.97513455,262.7290375,1.419362583,1.411445,249.99957575,1.361375,42.813902825,163.77567299999998,42.813902825,1.259985522,154.9999999,163.77567299999998,154.9999999,217.57918869999997,1.259759659,1.251615,161.87700510000002,1.200915001,91.04734905000001,0.009200768499999998,0.0006699269999999997,123.40271523097871,190.973323597099,25.693387510761582,600.0055142539018,1.6221610308632446,1219.5089749184945,1.6221896795034128,276.52091942417167,134.36358224842422,1.5719909596027692,922.4120492599833,921.3476735773346,1.5713195661849189,273.4998554957797,921.6621141096971,1.521289010504455,194.7046592972351,1.521188570025784,273.3323100725878,1.5208203512035603,114.09948687279294,251.81741001761657,114.11010689388416,1.4201720942778993,224.0371420996574,1.4195205838057123,251.6073550729404,224.0993355713975,263.16721827594824,1.4193587601745963,1.4114401032392567,249.68362777230877,1.3613914010765342,42.04396100314684,163.68466018466728,42.107506180177694,1.259980419848864,155.28189523313182,163.3709892411856,154.94611576475182,218.0413812418073,1.2597438414918933,1.25161235856714,161.68226716187175,1.2009094581770272,87.03121090281994,0.009375138400582492,0.0005714453704069424
123.3085781,190.0,25.50727255,599.9999588,1.622168383,1219.506406,1.622195,276.2319733,135.5788464,1.571980399,923.2876913,922.5406806,1.571315,273.1139313,922.5406806,1.521297889,194.8069316,1.521193381,273.1139313,1.520795,114.0000318,251.88078455,114.0000318,1.420144389,223.9751276,1.419502153,251.88078455,223.9751276,262.7290271,1.419362583,1.411445,249.99957865,1.361375,42.813903395,163.7756746,42.813903395,1.259985522,154.9999999,163.7756746,154.9999999,217.5791924,1.259759659,1.251615,161.87700654999998,1.200915001,91.04743085999999,0.009200769000000001,0.0006699280000000001,123.40290149268432,190.96726181926186,25.692720064974324,600.0055026016125,1.6221610481520512,1219.5090822425027,1.6221896973799474,276.51970857254094,134.36160774058987,1.5719909100033629,922.4114464546735,921.3467869242725,1.5713195226078722,273.49891385722105,921.6622226453857,1.5212888098241422,194.70130975979487,1.5211884128813784,273.3305779033036,1.5208200931983167,114.09974556428661,251.81704192407648,114.11013089015374,1.4201720312727462,224.03753425949427,1.419520550934294,251.60659752889714,224.10005899253002,263.16797645747556,1.419358693893195,1.4114400743218136,249.68362208392915,1.3613911632468376,42.036962725119544,163.6801267222836,42.10047425812189,1.2599801706627103,155.28104539688516,163.36693561438645,154.94651962279326,218.039977584238,1.2597435102629693,1.2516123246992465,161.6782720453924,1.2009093026815882,86.99904448128174,0.009375201403111773,0.0005706227336520863
123.3085781,190.0,25.50727255,599.9999588,1.622168383,1219.506406,1.622195,276.2319733,135.5788464,1.571980399,923.2876913,922.5406806,1.571315,273.1139313,922.5406806,1.521297889,194.8069316,1.521193381,273.1139313,1.520795,114.0000258,251.8807873,114.0000258,1.420144389,223.97512065,1.419502153,251.8807873,223.97512065,262.7290167,1.419362583,1.411445,249.99958155000002,1.361375,42.813903960000005,163.77567625,42.813903960000005,1.259985522,154.9999999,163.77567625,154.9999999,217.57919605,1.25975966,1.251615,161.87700805,1.200915001,91.047512605,0.009200769999999997,0.0006699280000000001,123.40308620840602,190.96131622549993,25.692058414170923,600.0054912554427,1.622161065245653,1219.5091898005464,1.6221897150193836,276.5185135237882,134.35965245297405,1.5719908609658417,922.410861510262,921.3459161341182,1.5713194796436638,273.4979875383506,921.6623261717348,1.5212886120836528,194.69797790384558,1.5211882579626395,273.3288652318043,1.520819837830015,114.09999898830642,251.8166872309838,114.11015605697304,1.4201719698512054,224.03792708854587,1.419520519188699,251.60584668507755,224.10077438308568,263.16871971749487,1.4193586299320293,1.4114400458270153,249.68362503345932,1.3613909290173154,42.03001290691892,163.67563312005888,42.09349203053764,1.2599799239618779,155.28023768080234,163.36291579303855,154.94692348083467,218.03861975054122,1.2597431826148981,1.2516122916275998,161.67430377347097,1.2009091496371698,86.96744551023896,0.009375256981084398,0.000569808912981527
123.3085781,190.0,25.50727255,599.9999588,1.622168383,1219.506406,1.622195,276.2319733,135.5788464,1.571980399,923.2876913,922.5406806,1.571315,273.1139313,922.5406806,1.521297889,194.8069316,1.521193381,273.1139313,1.520795,114.00001985,251.88079005,114.00001985,1.420144389,223.97511375,1.419502153,251.88079005,223.97511375,262.7290064,1.419362583,1.411445,249.99958445,1.361375,42.813904519999994,163.77567785000002,42.813904519999994,1.259985522,154.9999999,163.77567785000002,154.9999999,217.5791997,1.25975966,1.251615,161.87700955000003,1.200915001,91.04759428,0.009200771000000003,0.0006699280000000001,123.40326832139533,190.95550197025779,25.691399831300146,600.005478946478,1.6221610823125097,1219.5092954829133,1.6221897325667294,276.5173423549401,134.35770677546748,1.5719908124943733,922.4102907057279,921.3450403346246,1.5713194371688517,273.4970789763914,921.6624180096251,1.521288416336264,194.69467699050543,1.5211881046513258,273.32716979495416,1.5208195846835812,114.10025065650163,251.81634845092242,114.11018005324262,1.4201719091366345,224.03830854094693,1.4195204890532929,251.60511217305327,224.10147806238342,263.16943088219523,1.4193585677239309,1.4114400176488564,249.6836475762971,1.3613906975879286,42.02311370917419,163.67118240534697,42.086563818683345,1.2599796793539475,155.27942996471953,163.3589343181727,154.94728769636893,218.03725950506168,1.259742858675568,1.2516122590968817,161.67037228853636,1.200908998562624,86.93641101874658,0.009375313542109943,0.0005690041103504078
123.3085781,190.0,25.50727255,599.9999588,1.622168383,1219.506406,1.622195,276.2319733,135.5788464,1.571980399,923.2876913,922.5406806,1.571315,273.1139313,922.5406806,1.521297889,194.8069316,1.521193381,273.1139313,1.520795,114.0000139,251.88079275,114.0000139,1.420144389,223.97510685,1.419502153,251.88079275,223.97510685,262.72899605,1.419362583,1.411445,249.9995873,1.361375,42.813905070000004,163.77567944999998,42.813905070000004,1.259985522,154.9999999,163.77567944999998,154.9999999,217.57920335,1.25975966,1.251615,161.87701099999998,1.200915001,91.04767588,0.009200771500000003,0.0006699280000000001,123.4034481251935,190.9497735902017,25.69075249751567,600.0054675459967,1.6221610991549853,1219.5094011144026,1.6221897498728532,276.5161933101212,134.35578327513616,1.5719907644799143,922.4097407389083,921.3441862422682,1.5713193951353703,273.4961864304698,921.6625081777356,1.5212882217847357,194.6914291216381,1.5211879523910214,273.32549368180156,1.5208193332951088,114.10050027623477,251.81603312164404,114.11020609797421,1.420171849468379,224.03868263198586,1.4195204592975248,251.60439189900438,224.10217203806744,263.1701153007964,1.4193585070884365,1.4114399896372776,249.683686973593,1.3613904684010747,42.01628149093513,163.6667841647684,42.07970382097945,1.2599794375583544,155.27866436880055,163.35500027185043,154.9476568672166,218.03594990702024,1.2597425388286414,1.2516122268142693,161.66648678733523,1.2009088486484922,86.90594991963962,0.009375369557515943,0.0005682102376731496
123.3085781,190.0,25.50727255,599.9999588,1.622168383,1219.506406,1.622195,276.2319733,135.5788464,1.571980399,923.2876913,922.5406806,1.571315,273.1139313,922.5406806,1.521297889,194.8069316,1.521193381,273.1139313,1.520795,114.00000800000001,251.88079545,114.00000800000001,1.420144389,223.9751,1.419502153,251.88079545,223.9751,262.7289858,1.419362583,1.411445,249.99959015000002,1.361375,42.81390562,163.77568105,42.81390562,1.259985523,154.9999999,163.77568105,154.9999999,217.579207,1.25975966,1.251615,161.87701245,1.200915001,91.047757415,0.009200771999999996,0.0006699285000000001,123.40362458262148,190.9441613942208,25.69011709458031,600.0054560714542,1.6221611158696403,1219.509505080508,1.622189767016788,276.5150702522572,134.3538863874151,1.5719907170141443,922.4091997025378,921.3433480128197,1.5713193536120413,273.4953111191973,921.6625866573874,1.521288028877515,194.68824645326862,1.5211878012188207,273.3238422890548,1.5208190842017524,114.10074609168124,251.8157282614652,114.11023185006839,1.4201717907050448,224.03904601558898,1.419520430209396,251.60368753798681,224.102849283383,263.170776351753,1.4193584474583776,1.4114399618652431,249.68373732628672,1.3613902417840422,42.00953322857413,163.66244546214878,42.07293024844346,1.2599791996215493,155.2779210717918,163.35112122245636,154.94803099337767,218.03466201502366,1.259742223585669,1.251612194856214,161.66265621805363,1.2009086998891134,86.87610677709311,0.009375422297473101,0.0005674295500301457
123.3085781,190.0,25.50727255,599.9999588,1.622168383,1219.506406,1.622195,276.2319733,135.5788464,1.571980399,923.2876913,922.5406806,1.571315,273.1139313,922.5406806,1.521297889,194.8069316,1.521193381,273.1139313,1.520795,114.0000021,251.88079815,114.0000021,1.420144389,223.97509315000002,1.419502153,251.88079815,223.97509315000002,262.7289755,1.419362583,1.411445,249.99959305,1.361375,42.813906165,163.77568265000002,42.813906165,1.259985523,154.9999999,163.77568265000002,154.9999999,217.57921065,1.25975966,1.251615,161.87701395,1.200915001,91.047838875,0.009200773,0.0006699289999999998,123.40379628468125,190.93867043379663,25.689498053952292,600.0054440537966,1.6221611323915217,1219.5096052443814,1.6221897840603854,276.5139686160723,134.35202572241357,1.5719906702963973,922.4086705734326,921.3425273160587,1.5713193127528933,273.4944542611855,921.662666806819,1.5212878389848592,194.68511682937196,1.5211876523712047,273.3222128313161,1.520818839014977,114.10098488382926,251.81542130746647,114.11025350523849,1.4201717325355654,224.03940203782994,1.419520401173631,251.60299029595691,224.10351414822588,263.1714185396712,1.4193583881119032,1.4114399344690463,249.6837866255768,1.3613900186459662,42.002878799253324,163.65816528837016,42.06625112626958,1.2599789646278878,155.27717281946968,163.34729767454945,154.94840264188204,218.03340065263748,1.2597419128187632,1.2516121633842732,161.6588793378879,1.20090855322414,86.84691724244706,0.009375466302260676,0.0005666632316356968
123.3085781,190.0,25.50727255,599.9999588,1.622168383,1219.506406,1.622195,276.2319733,135.5788464,1.571980399,923.2876913,922.5406806,1.571315,273.1139313,922.5406806,1.521297889,194.8069316,1.521193381,273.1139313,1.520795,113.9999962,251.88080085,113.9999962,1.420144389,223.97508635,1.419502153,251.88080085,223.97508635,262.7289653,1.419362583,1.411445,249.99959585,1.361375,42.813906700000004,163.77568424999998,42.813906700000004,1.259985523,154.9999999,163.77568424999998,154.9999999,217.5792143,1.259759661,1.251615,161.8770154,1.200915001,91.04792026999999,0.009200773999999998,0.0006699289999999998,123.4039664211877,190.93325524559546,25.688886853596543,600.0054315621476,1.6221611488001708,1219.5097017009944,1.6221898010036457,276.5128876992164,134.35018723458725,1.5719906243773747,922.4081444211437,921.3417116286372,1.571319272589606,273.4936156823472,921.6627352677917,1.5212876520071128,194.68205351106636,1.5211875061201992,273.32061279434214,1.5208185981010243,114.1012143115793,251.81510974706393,114.1102693076599,1.420171674931662,224.0397453449909,1.419520372308049,251.60230184797064,224.104156594375,263.1720463691573,1.4193583292810366,1.411439907545055,249.68384308801157,1.3613897990838206,41.99632931478011,163.6539529777736,42.05967756626507,1.2599787327081764,155.27643695543105,163.34353517827842,154.948769335073,218.0321344666858,1.2597416070394745,1.2516121325484644,161.65516981767772,1.2009084087441406,86.81839914137151,0.009375508450960546,0.0005659121085039704
123.3085781,190.0,25.50727255,599.9999588,1.622168383,1219.506406,1.622195,276.2319733,135.5788464,1.571980399,923.2876913,922.5406806,1.571315,273.1139313,922.5406806,1.521297889,194.8069316,1.521193381,273.1139313,1.520795,113.9999904,251.88080355,113.9999904,1.420144389,223.9750795,1.419502153,251.88080355,223.9750795,262.7289551,1.419362583,1.411445,249.99959875000002,1.361375,42.813907235,163.77568580000002,42.813907235,1.259985523,154.9999999,163.77568580000002,154.9999999,217.5792179,1.259759661,1.251615,161.87701685000002,1.200915001,91.048001595,0.009200774499999996,0.0006699289999999998,123.40413507041852,190.927961292951,25.688290992903937,600.005418522446,1.6221611649715872,1219.509794107773,1.6221898178451941,276.51183312049045,134.34838644795886,1.5719905791508115,922.4076123152221,921.340907629674,1.571319233107978,273.492801998002,921.6628003892049,1.5212874684176374,194.67906091872447,1.5211873621566843,273.3190475748412,1.5208183618993845,114.10143525284369,251.81478939261777,114.110282183707,1.420171617780219,224.04007995236023,1.4195203431806471,251.60161172492846,224.10478264476305,263.1726663155825,1.4193582701923662,1.411439881135947,249.6838951261511,1.3613895832430676,41.9898928003487,163.64981080087446,42.05321574165625,1.259978504647253,155.2757134796759,163.33983423820226,154.94914593889075,218.03088033964792,1.2597413056083646,1.251612102159823,161.6515239290123,1.20090826598495,86.79056435764645,0.009375539571236192,0.0005651787048947162
123.3085781,190.0,25.50727255,599.9999588,1.622168383,1219.506406,1.622195,276.2319733,135.5788464,1.571980399,923.2876913,922.5406806,1.571315,273.1139313,922.5406806,1.521297889,194.8069316,1.521193381,273.1139313,1.520795,113.9999845,251.88080625,113.9999845,1.420144389,223.9750727,1.419502153,251.88080625,223.9750727,262.7289449,1.419362583,1.411445,249.99960155,1.361375,42.81390776,163.77568739999998,42.81390776,1.259985523,154.9999999,163.77568739999998,154.9999999,217.57922150000002,1.259759661,1.251615,161.8770183,1.200915001,91.04808285,0.009200774999999998,0.0006699289999999998,123.40430315213625,190.92271785512187,25.687705699534828,600.0054048063191,1.6221611809721128,1219.5098822238972,1.6221898344833188,276.51079293994223,134.34661670937575,1.5719905349160561,922.4070764882802,921.3401136493895,1.5713191945581697,273.4920071150923,921.6628521523794,1.5212872894372071,194.6761058995509,1.5211872218284241,273.3175176950754,1.5208181315087836,114.1016482928973,251.81446191918388,114.11028949964283,1.420171560657055,224.04040954061904,1.4195203140663366,251.6009249519981,224.10539296860475,263.1732842912425,1.419358211335719,1.4114398554124323,249.68394590020625,1.3613893722631558,41.98356431737804,163.64573245068556,42.04686318315258,1.2599782795294732,155.27498009329395,163.33619283608508,154.94952997567862,218.02963827152388,1.2597410087812089,1.251612072666959,161.64794042908804,1.2009081266334132,86.76340397843686,0.00937556070032432,0.0005644617237241432
123.3085781,190.0,25.50727255,599.9999588,1.622168383,1219.506406,1.622195,276.2319733,135.5788464,1.571980399,923.2876913,922.5406806,1.571315,273.1139313,922.5406806,1.521297889,194.8069316,1.521193381,273.1139313,1.520795,113.9999787,251.88080895000002,113.9999787,1.420144389,223.97506595,1.419502153,251.88080895000002,223.97506595,262.7289347,1.419362583,1.411445,249.99960435,1.361375,42.813908285,163.77568895000002,42.813908285,1.259985524,154.9999999,163.77568895000002,154.9999999,217.5792251,1.259759661,1.251615,161.8770197,1.200915001,91.048164035,0.009200776,0.0006699299999999998,123.40447463893244,190.91759060136795,25.687130973489214,600.0053907544483,1.622161196780907,1219.509967429839,1.622189850832802,276.50976821109697,134.34487801883796,1.5719904916571337,922.4065548012159,921.3393397064625,1.5713191569063167,273.4912270296086,921.6629181086824,1.5212871143433229,194.67323265727288,1.5211870853579856,273.3160238513942,1.5208179063432345,114.10185577283961,251.81413905215385,114.11029505975408,1.420171505032667,224.04072909065678,1.4195202857636657,251.6002519982792,224.10598254678953,263.1738890346219,1.419358153561849,1.4114398304075515,249.68400531217122,1.361389165925893,41.97733306272206,163.6417232250761,42.040609704930716,1.2599780591207232,155.27426900582225,163.3326134947217,154.94993631137672,218.02843479192407,1.2597407169416703,1.2516120440742005,161.6444160866155,1.200907990768778,86.73686749767772,0.009375572766310743,0.0005637600512663926
123.3085781,190.0,25.50727255,599.9999588,1.622168383,1219.506406,1.622195,276.2319733,135.5788464,1.571980399,923.2876913,922.5406806,1.571315,273.1139313,922.5406806,1.521297889,194.8069316,1.521193381,273.1139313,1.520795,113.9999729,251.88081160000002,113.9999729,1.420144389,223.97505915,1.419502153,251.88081160000002,223.97505915,262.7289246,1.419362583,1.411445,249.9996072,1.361375,42.813908795,163.7756905,42.813908795,1.259985524,154.9999999,163.7756905,154.9999999,217.5792287,1.259759661,1.251615,161.87702115000002,1.200915001,91.04824515499999,0.009200776999999999,0.0006699299999999998,123.40464242710893,190.91256942872616,25.686567155648497,600.0053758977796,1.6221612123851188,1219.5100493151879,1.6221898669554955,276.5087599874799,134.3431622447146,1.5719904492858372,922.4060435330086,921.3385799566635,1.5713191201884684,273.4904685309582,921.6629815603158,1.5212869435346048,194.67041024928133,1.5211869529061113,273.3145562949052,1.5208176862074083,114.10205681475834,251.81382204781954,114.11029857140329,1.4201714503697582,224.04104228315447,1.4195202580893616,251.59958030085218,224.10656175214586,263.17448420571316,1.4193580969738768,1.4114398061887627,249.6840704125158,1.3613889642676447,41.97119162850915,163.63777353742563,42.03444697313516,1.259977842178342,155.27358269491754,163.32908284329935,154.95035999067167,218.02726748906576,1.2597404298339734,1.2516120163397149,161.6409377278765,1.2009078582834942,86.710904409304,0.00937558106509774,0.0005630700664602336
123.3085781,190.0,25.50727255,599.9999588,1.622168383,1219.506406,1.622195,276.2319733,135.5788464,1.571980399,923.2876913,922.5406806,1.571315,273.1139313,922.5406806,1.521297889,194.8069316,1.521193381,273.1139313,1.520795,113.99996709999999,251.88081425000001,113.99996709999999,1.420144389,223.97505245,1.419502153,251.88081425000001,223.97505245,262.7289145,1.419362583,1.411445,249.99961005,1.361375,42.813909315000004,163.77569210000001,42.813909315000004,1.259985524,154.9999999,163.77569210000001,154.9999999,217.5792323,1.259759662,1.251615,161.87702255,1.200915001,91.0483262,0.009200777499999997,0.0006699299999999998,123.40481033270191,190.90761897682583,25.68601288248707,600.0053604584963,1.6221612278941593,1219.5101287584255,1.6221898829146255,276.50776897144107,134.3414664300489,1.5719904076049167,922.4055322648015,921.3378293906533,1.5713190841500946,273.4897203034624,921.6630441770592,1.5212867755162276,194.66763646538988,1.5211868231126717,273.3131136329094,1.520817469685169,114.10225288184066,251.8135150938208,114.11029944931559,1.420171396979395,224.04134945271954,1.419520231292152,251.59892200387262,224.1071245617411,263.17506192145544,1.4193580413397797,1.4114397824022555,249.68414099055929,1.3613887657246988,41.96512766828667,163.63387380111362,42.02835955470023,1.2599776283753141,155.27292363823645,163.3255991158616,154.95079605825015,218.02613153938339,1.2597401464350173,1.2516119892009718,161.63750609855316,1.2009077281756435,86.68545529441566,0.009375589363892092,0.0005623903854999527
123.3085781,190.0,25.50727255,599.9999588,1.622168383,1219.506406,1.622195,276.2319733,135.5788464,1.571980399,923.2876913,922.5406806,1.571315,273.1139313,922.5406806,1.521297889,194.8069316,1.521193381,273.1139313,1.520795,113.9999613,251.8808169,113.9999613,1.420144389,223.9750457,1.419502153,251.8808169,223.9750457,262.72890444999996,1.419362583,1.411445,249.99961285,1.361375,42.813909815,163.77569365,42.813909815,1.259985524,154.9999999,163.77569365,154.9999999,217.57923590000001,1.259759662,1.251615,161.877024,1.200915001,91.04840718,0.009200777999999998,0.0006699299999999998,123.4049775142265,190.9027645030746,25.685463381665283,600.0053443230382,1.6221612431538104,1219.5102061801374,1.622189898600233,276.5067862080163,134.33978761788424,1.5719903666664627,922.4050232292067,921.3370829990924,1.5713190489572408,273.48898461025686,921.6630984449035,1.5212866114840515,194.66489362410758,1.5211866967195558,273.3116848979028,1.520817257484585,114.10244397408654,251.8132043709462,114.11029769349098,1.4201713444373956,224.04165461464038,1.4195202051494908,251.5982578441973,224.10768369065528,263.1756351325916,1.4193579869173611,1.4114397593509027,249.68420946179552,1.3613885717395493,41.95912852694064,163.63001165444518,42.022337263802555,1.259977417580833,155.27227449218216,163.32214969843412,154.9512271705152,218.02502211931142,1.2597398663611392,1.2516119629839708,161.63411051053447,1.2009076012320428,86.66051124017767,0.009375594332252742,0.0005617198066542235
123.3085781,190.0,25.50727255,599.9999588,1.622168383,1219.506406,1.622195,276.2319733,135.5788464,1.571980399,923.2876913,922.5406806,1.571315,273.1139313,922.5406806,1.521297889,194.8069316,1.521193381,273.1139313,1.520795,113.9999555,251.88081955,113.9999555,1.420144389,223.97503899999998,1.419502153,251.88081955,223.97503899999998,262.7288944,1.419362583,1.411445,249.99961565,1.361375,42.813910315,163.77569515,42.813910315,1.259985524,154.9999999,163.77569515,154.9999999,217.5792395,1.259759662,1.251615,161.8770254,1.200915001,91.048488085,0.009200779,0.0006699310000000001,123.40512481322398,190.89802621339854,25.68492103935296,600.0053288738802,1.6221612576913436,1219.510284805946,1.6221899136625124,276.50580695634227,134.33814133224325,1.5719903272532254,922.4044844254483,921.3363432866508,1.5713190153549255,273.4882511801871,921.6630942704539,1.5212864515128177,194.66210657909792,1.5211865762244554,273.31025006983845,1.5208170514856978,114.10262043446062,251.8128312522383,114.1102839395316,1.420171290679408,224.0419644610644,1.4195201759697254,251.59754845801194,224.1082391388884,263.17621791601584,1.4193579308707773,1.411439737577121,249.68422526285002,1.3613883856456908,41.95317043754969,163.6261389120383,42.01635633352096,1.2599772047588529,155.27163773441134,163.3187103721861,154.95163102855662,218.02394164063264,1.2597395844968347,1.2516119379151809,161.63073306744843,1.2009074809565754,86.63603659525003,0.009375608745973285,0.0005610531730335935
123.3085781,190.0,25.50727255,599.9999588,1.622168383,1219.506406,1.622195,276.2319733,135.5788464,1.571980399,923.2876913,922.5406806,1.571315,273.1139313,922.5406806,1.521297889,194.8069316,1.521193381,273.1139313,1.520795,113.99994975,251.8808222,113.99994975,1.420144389,223.9750323,1.419502153,251.8808222,223.9750323,262.7288844,1.419362583,1.411445,249.9996184,1.361375,42.813910815,163.7756967,42.813910815,1.259985525,154.9999999,163.7756967,154.9999999,217.57924305,1.259759662,1.251615,161.8770268,1.200915001,91.04856892999999,0.009200780000000004,0.0006699310000000001,123.40526884412891,190.89336369594548,25.68438312849888,600.0053136074064,1.6221612721083498,1219.5103623701145,1.6221899285735983,276.50483736198254,134.33651130986408,1.5719902881421144,922.4039582731596,921.3356102533282,1.571318982141506,273.48752488769924,921.6630809122154,1.5212862933602882,194.65933500539282,1.5211864568792826,273.308827601977,1.520816847977256,114.10278957889878,251.81245645847451,114.11026608864813,1.420171237147651,224.04227163062944,1.4195201468815966,251.59683781553463,224.10878889879623,263.1767973209855,1.419357875417143,1.4114397160346241,249.68423748233218,1.3613882017095127,41.947265437905166,163.6222974522878,42.010431270937204,1.2599769936373557,155.2710183202374,163.31530106719705,154.95203736425472,218.0228925151298,1.259739304934507,1.2516119131651782,161.62738072899532,1.2009073619094486,86.61202541774271,0.009375619337888112,0.00056039431264546
123.3085781,190.0,25.50727255,599.9999588,1.622168383,1219.506406,1.622195,276.2319733,135.5788464,1.571980399,923.2876913,922.5406806,1.571315,273.1139313,922.5406806,1.521297889,194.8069316,1.521193381,273.1139313,1.520795,113.999944,251.88082485,113.999944,1.420144389,223.97502565000002,1.419502153,251.88082485,223.97502565000002,262.7288744,1.419362583,1.411445,249.99962115,1.361375,42.813911305000005,163.77569825,42.813911305000005,1.259985525,154.9999999,163.77569825,154.9999999,217.57924659999998,1.259759662,1.251615,161.87702819999998,1.200915001,91.048649705,0.009200780000000004,0.0006699310000000001,123.40541119206404,190.88878200219688,25.683852376154267,600.0052979953138,1.6221612863186894,1219.5104386216483,1.6221899432743885,276.5038863799013,134.33489828998592,1.571990249676234,922.4034388187074,921.3348864037945,1.5713189495551254,273.48681217402594,921.6630608748575,1.5212861386209435,194.6566065303219,1.5211863401801797,273.30742428372577,1.5208166481312335,114.10295579696259,251.81209255257423,114.1102467745775,1.4201711847187666,224.0425734464766,1.419520118853836,251.59613638586492,224.1093326357714,263.1773663090533,1.419357821871258,1.4114396949684629,249.68425138726016,1.361388021361387,41.94142217052393,163.61849988916808,42.004567323293614,1.2599767861784372,155.27042616028712,163.31192506310032,154.95244617760952,218.02186509567187,1.2597390290809203,1.2516118890527497,161.62406120055746,1.2009072451491858,86.58850147521576,0.009375625944191562,0.0005597443041742294
123.3085781,190.0,25.50727255,599.9999588,1.622168383,1219.506406,1.622195,276.2319733,135.5788464,1.571980399,923.2876913,922.5406806,1.571315,273.1139313,922.5406806,1.521297889,194.8069316,1.521193381,273.1139313,1.520795,113.9999383,251.88082745,113.9999383,1.420144389,223.97501895,1.419502153,251.88082745,223.97501895,262.7288645,1.419362583,1.411445,249.99962395,1.361375,42.813911794999996,163.77569975,42.813911794999996,1.259985525,154.9999999,163.77569975,154.9999999,217.5792502,1.259759663,1.251615,161.87702960000001,1.200915001,91.048730405,0.009200781000000003,0.0006699310000000001,123.40555044803138,190.88428618363434,25.68333048672613,600.0052823289096,1.6221613003814097,1219.5105131297857,1.6221899578019936,276.5029520786358,134.3333067080438,1.5719902116902826,922.4029312715207,921.3341750776091,1.571318917407891,273.4861090351577,921.6630324886005,1.5212859863480606,194.65390678767378,1.5211862249648544,273.30603645925,1.52081645106865,114.10311586964023,251.8117345093697,114.1102198519336,1.4201711326575068,224.04286656253214,1.4195200913235324,251.59543663125115,224.109867672955,263.1779237540678,1.4193577691761259,1.4114396741914073,249.68426487082667,1.3613878437043008,41.93563909209939,163.61473739289704,41.99876387326757,1.259976580877824,155.26986125456048,163.30858336901383,154.9528624239344,218.02087144117263,1.2597387568081868,1.2516118653903738,161.62077473069556,1.2009071300361445,86.56546179672415,0.009375627855106655,0.000559103466903704
123.3085781,190.0,25.50727255,599.9999588,1.622168383,1219.506406,1.622195,276.2319733,135.5788464,1.571980399,923.2876913,922.5406806,1.571315,273.1139313,922.5406806,1.521297889,194.8069316,1.521193381,273.1139313,1.520795,113.9999326,251.88083005,113.9999326,1.420144389,223.97501235,1.419502153,251.88083005,223.97501235,262.7288545,1.419362583,1.411445,249.99962675,1.361375,42.813912275,163.77570129999998,42.813912275,1.259985525,154.9999999,163.77570129999998,154.9999999,217.57925375,1.259759663,1.251615,161.877031,1.200915001,91.04881104,0.009200781999999996,0.0006699315000000002,123.40568747308522,190.87983077692402,25.682811665230624,600.0052665637573,1.622161314419469,1219.5105856096143,1.6221899723350968,276.50203041967274,134.3317269539285,1.5719901740474358,922.4024207475177,921.333460411864,1.5713188855719915,273.4854126856967,921.6629823952057,1.5212858354454344,194.65122362142338,1.521186110479053,273.30466482489925,1.5208162558861082,114.10326745583222,251.81138442268082,114.11018678390359,1.4201710807659196,224.04315030958134,1.4195200634790455,251.59474399562507,224.11038999505854,263.1784640252713,1.4193577171512841,1.4114396534776796,249.68428341073061,1.36138766776851,41.92991681995419,163.61101349538757,41.993022155504335,1.2599763781279354,155.26930873711734,163.3052739667017,154.9532786702593,218.01989708093552,1.2597384878605313,1.251611842003511,161.61751634819524,1.200907015511801,86.54290935321289,0.009375625944191562,0.0005584718870189548
123.3085781,190.0,25.50727255,599.9999588,1.622168383,1219.506406,1.622195,276.2319733,135.5788464,1.571980399,923.2876913,922.5406806,1.571315,273.1139313,922.5406806,1.521297889,194.8069316,1.521193381,273.1139313,1.520795,113.99992689999999,251.88083269999998,113.99992689999999,1.420144389,223.97500574999998,1.419502153,251.88083269999998,223.97500574999998,262.7288446,1.419362583,1.411445,249.9996295,1.361375,42.813912755000004,163.7757028,42.813912755000004,1.259985525,154.9999999,163.7757028,154.9999999,217.57925725,1.259759663,1.251615,161.87703240000002,1.200915001,91.04889161,0.009200783,0.0006699319999999997,123.40581306959989,190.8754865028074,25.68230307017721,600.0052523835138,1.6221613281289455,1219.5106606265251,1.6221899865809326,276.50113369413936,134.33015015676986,1.5719901369386924,922.4019273402087,921.3327774719348,1.5713188538453322,273.4847316559239,921.6628938968751,1.5212856879310792,194.6486023403913,1.5211859988247938,273.3033114697218,1.5208160632916763,114.10341611564986,251.81105024902325,114.110145229388,1.4201710306558966,224.04342435301683,1.4195200337756413,251.59405010370702,224.11089056768307,263.17898599651215,1.4193576664154623,1.411439633141166,249.68431058854438,1.3613874943904187,41.92424887220068,163.60732743980114,41.987343713310466,1.2599761787790122,155.268798339838,163.30199584704593,154.9536825283007,218.01892030891563,1.2597382239004928,1.251611818916683,161.61428431313138,1.2009069020346599,86.52085305751699,0.009375615133879248,0.0005578487818316619
123.3085781,190.0,25.50727255,599.9999588,1.622168383,1219.506406,1.622195,276.2319733,135.5788464,1.571980399,923.2876913,922.5406806,1.571315,273.1139313,922.5406806,1.521297889,194.8069316,1.521193381,273.1139313,1.520795,113.9999212,251.8808353,113.9999212,1.420144389,223.97499915,1.419502153,251.8808353,223.97499915,262.7288347,1.419362582,1.411445,249.99963225,1.361375,42.81391323,163.7757043,42.81391323,1.259985526,154.9999999,163.7757043,154.9999999,217.5792608,1.259759663,1.251615,161.87703375,1.200915001,91.04897211,0.009200783,0.0006699319999999997,123.40591402821926,190.87123315535834,25.681809814786934,600.0052414224622,1.622161341300741,1219.5107435599466,1.6221900004604688,276.5002834993024,134.32856227102363,1.571990100466845,922.401455514818,921.3321429556192,1.571318821617806,273.4840748242948,921.6627269188926,1.5212855448513727,194.64612803675266,1.5211858915476781,273.3019758714556,1.5208158733586026,114.10356038590595,251.8107571142359,114.11008084915257,1.4201709856077775,224.04367095864805,1.4195199991369425,251.59336626212456,224.11133492626956,263.1794530678652,1.4193576174842684,1.4114396131033948,249.68437021119007,1.3613873238245848,41.91861642049856,163.60368200121215,41.98171558291079,1.2599759838775064,155.26830528615554,163.29874497357483,154.95400214601446,218.01784947736792,1.2597379665906103,1.2516117958529345,161.61107266004672,1.2009067891122531,86.49929588058144,0.009375593131110364,0.0005572311738923925
123.3085781,190.0,25.50727255,599.9999588,1.622168383,1219.506406,1.622195,276.2319733,135.5788464,1.571980399,923.2876913,922.5406806,1.571315,273.1139313,922.5406806,1.521297889,194.8069316,1.521193381,273.1139313,1.520795,113.99991555,251.88083790000002,113.99991555,1.420144389,223.97499255,1.419502153,251.88083790000002,223.97499255,262.7288249,1.419362582,1.411445,249.99963495,1.361375,42.8139137,163.7757058,42.8139137,1.259985526,154.9999999,163.7757058,154.9999999,217.57926435000002,1.259759663,1.251615,161.87703514999998,1.200915001,91.04905253999999,0.009200783999999998,0.0006699319999999997,123.40601126864951,190.8670656830953,25.681325763194543,600.0052301059168,1.6221613542328723,1219.5108245328956,1.6221900140664827,276.4994550773195,134.32699582321345,1.5719900647423262,922.4009829452234,921.3315134486429,1.5713187901210977,273.4834312233055,921.6625507571212,1.5212854051350233,194.64369351646866,1.5211857869166325,273.30065820418804,1.5208156872588612,114.103697925501,251.81047067967228,114.11001090880589,1.4201709421715498,224.04391455281294,1.4195199652837018,251.5926891207658,224.11176623516866,263.1799046546345,1.4193575695327294,1.4114395935584796,249.6844287804321,1.361387156628611,41.913051565624734,163.60008096381287,41.976156592645445,1.2599757911997087,155.2678122324731,163.29553597849855,154.95428459887776,218.0167714104719,1.2597377123500306,1.2516117733849286,161.60789605402383,1.200906678765399,86.47820217106624,0.009375572220338168,0.0005566225140350806
123.3085781,190.0,25.50727255,599.9999588,1.622168383,1219.506406,1.622195,276.2319733,135.5788464,1.571980399,923.2876913,922.5406806,1.571315,273.1139313,922.5406806,1.521297889,194.8069316,1.521193381,273.1139313,1.520795,113.9999099,251.88084045,113.9999099,1.420144389,223.974986,1.419502153,251.88084045,223.974986,262.7288151,1.419362582,1.411445,249.99963775,1.361375,42.813914165,163.7757073,42.813914165,1.259985526,154.9999999,163.7757073,154.9999999,217.57926785,1.259759663,1.251615,161.8770365,1.200915001,91.049132905,0.009200784999999998,0.0006699319999999997,123.40610655213811,190.86297903453675,25.680849892755823,600.0052177722649,1.622161367114987,1219.510902402328,1.6221900276876158,276.4986366638261,134.32545229181767,1.5719900295664964,922.4005163292614,921.3308947952352,1.5713187590750053,273.4827966748592,921.6623779349093,1.5212852675114297,194.64129767444607,1.5211856836333515,273.299361253317,1.5208155037716458,114.10382814916014,251.81018382634466,114.10993862735975,1.4201708992443405,224.0441487779715,1.419519931862463,251.5920199359227,224.1121891788835,263.1803455429642,1.4193575221999202,1.4114395742283288,249.68448692831274,1.3613869917357793,41.90755986348291,163.59652634583924,41.97067013778889,1.259975601203442,155.26731670113395,163.29236835725817,154.9545670517411,218.01571022605526,1.2597374619460793,1.2516117512674445,161.60476543173442,1.2009065697600962,86.45758381275138,0.009375549671698733,0.0005560236403806175
123.3085781,190.0,25.50727255,599.9999588,1.622168383,1219.506406,1.622195,276.2319733,135.5788464,1.571980399,923.2876913,922.5406806,1.571315,273.1139313,922.5406806,1.521297889,194.8069316,1.521193381,273.1139313,1.520795,113.9999043,251.88084305,113.9999043,1.420144389,223.97497945,1.419502153,251.88084305,223.97497945,262.7288053,1.419362582,1.411445,249.99964045000002,1.361375,42.813914624999995,163.77570880000002,42.813914624999995,1.259985526,154.9999999,163.77570880000002,154.9999999,217.57927135,1.259759664,1.251615,161.87703785000002,1.200915001,91.049213195,0.009200785499999998,0.0006699330000000003,123.40582340225177,190.85723550003604,25.680262554098295,600.0051531958705,1.622161366537362,1219.510914507738,1.622190020654383,276.4976856817449,134.3220377460719,1.5719900343088367,922.3999224544008,921.3279401199179,1.571318770964173,273.48325939907596,921.6631159775917,1.521285275782797,194.63859019614566,1.5211858456989524,273.2980272218371,1.520815564958467,114.10384278103196,251.81077428355917,114.10975075412728,1.4201708539982698,224.04432812752145,1.4195200159457442,251.5896794640278,224.11252211321602,263.1798607347243,1.4193575129963183,1.4114396086415317,249.68638937527587,1.3613869847415012,41.90212958494304,163.59407065731156,41.96512040736297,1.2599753783093706,155.2574011190375,163.29042630976627,154.94758005985904,218.00746434078127,1.2597370620415054,1.25161176790929,161.60210632913402,1.2009066617158082,86.43248229842828,0.009375745786620163,0.0005555316466610263
123.3085781,190.0,25.50727255,599.9999588,1.622168383,1219.506406,1.622195,276.2319733,135.5788464,1.571980399,923.2876913,922.5406806,1.571315,273.1139313,922.5406806,1.521297889,194.8069316,1.521193381,273.1139313,1.520795,113.99989865,251.88084565,113.99989865,1.420144389,223.9749729,1.419502153,251.88084565,223.9749729,262.7287955,1.419362582,1.411445,249.99964315,1.361375,42.81391508,163.77571030000001,42.81391508,1.259985526,154.9999999,163.77571030000001,154.9999999,217.57927485,1.259759664,1.251615,161.87703925,1.200915001,91.04929342,0.009200786,0.0006699330000000003,123.40561011518207,190.85139598738624,25.67960056241349,600.0050933001415,1.6221613751440789,1219.5109146298437,1.6221900251228292,276.49664128709594,134.3191074019853,1.5719900218369263,922.3993308121524,921.325539811487,1.5713187645097102,273.483261314037,921.6634774849236,1.5212852128755605,194.63551251162863,1.5211858962586717,273.2965955273453,1.5208155314351208,114.1038383914704,251.81073910738468,114.10952220429151,1.4201707792008595,224.04451216157457,1.4195200423371337,251.58751026660147,224.11290189258023,263.17975459494124,1.4193574661791168,1.4114396203888557,249.6874524702234,1.3613869064468014,41.896814437074205,163.5913220722993,41.95974661388603,1.2599751429232902,155.2495717238789,163.28812703452058,154.9421713352922,218.00057146563853,1.2597366760766817,1.2516117664163273,161.59932294617278,1.2009066716331,86.40928515985155,0.009375824736045627,0.0005550322508540452
123.3085781,190.0,25.50727255,599.9999588,1.622168383,1219.506406,1.622195,276.2319733,135.5788464,1.571980399,923.2876913,922.5406806,1.571315,273.1139313,922.5406806,1.521297889,194.8069316,1.521193381,273.1139313,1.520795,113.99989305,251.8808482,113.99989305,1.420144389,223.9749664,1.419502153,251.8808482,223.9749664,262.72878575000004,1.419362582,1.411445,249.99964590000002,1.361375,42.81391553,163.77571175,42.81391553,1.2599855265,154.9999999,163.77571175,154.9999999,217.57927834999998,1.259759664,1.251615,161.87704055,1.200915001,91.04937358500001,0.009200786999999998,0.0006699330000000003,123.4053833839233,190.84517761362164,25.67889766496031,600.004992557214,1.6221613901258587,1219.5108271513816,1.6221900365021795,276.49557459283017,134.3162531995336,1.5719900108305016,922.3987012154955,921.3230827305437,1.5713187571704008,273.4832014279834,921.6638364875859,1.5212851511890981,194.63246797990715,1.521185940685444,273.29512657815735,1.5208154981071036,114.10380327497806,251.81045727922486,114.10923278586951,1.4201706947038228,224.04466942703817,1.419520058543751,251.58516602583072,224.11331780954032,263.1797574103201,1.4193574107254825,1.4114396308751287,249.68826232693726,1.361386822030593,41.89159620885873,163.58861839303574,41.95447961722375,1.259974892952298,155.24088753716023,163.28586358296207,154.9358359671211,217.9927838190899,1.2597362777067593,1.2516117643204097,161.5966742831227,1.2009066860675146,86.38693474060044,0.009375854710794137,0.0005545475829893105
123.3085781,190.0,25.50727255,599.9999588,1.622168383,1219.506406,1.622195,276.2319733,135.5788464,1.571980399,923.2876913,922.5406806,1.571315,273.1139313,922.5406806,1.521297889,194.8069316,1.521193381,273.1139313,1.520795,113.9998875,251.88085075,113.9998875,1.420144389,223.9749599,1.419502153,251.88085075,223.9749599,262.728776,1.419362582,1.411445,249.9996486,1.361375,42.813915975,163.77571325000002,42.813915975,1.259985527,154.9999999,163.77571325000002,154.9999999,217.57928185,1.259759664,1.251615,161.87704194999998,1.200915001,91.049453675,0.009200787999999998,0.0006699330000000003,123.4049377491723,190.8372922509518,25.678063187285538,600.0048657003213,1.6221614027384381,1219.5106693502894,1.6221900446576785,276.49436567266235,134.3128083449817,1.5719900118153638,922.3978811025927,921.3195486416435,1.571318759686751,273.4833969280945,921.6644835272677,1.521285125876721,194.62915933091472,1.5211860553567176,273.29354133860943,1.5208155273087949,114.10362096185526,251.8099815633414,114.1087385212439,1.42017057095582,224.04476077485,1.4195200838878632,251.58173257994298,224.1137882675016,263.179663658204,1.4193573417371395,1.4114396540049532,249.6893412229393,1.3613867583062957,41.88637859796589,163.58616119083112,41.94916014813807,1.2599745676368315,155.2264551869074,163.28382314647018,154.9244337910072,217.97978430998586,1.2597357541348613,1.2516117688324746,161.5942296884251,1.2009067566772744,86.36446251260423,0.00937591668075112,0.0005541193150596169
123.3085781,190.0,25.50727255,599.9999588,1.622168383,1219.506406,1.622195,276.2319733,135.5788464,1.571980399,923.2876913,922.5406806,1.571315,273.1139313,922.5406806,1.521297889,194.8069316,1.521193381,273.1139313,1.520795,113.99988189999999,251.88085335,113.99988189999999,1.420144389,223.97495345,1.419502153,251.88085335,223.97495345,262.72876635,1.419362582,1.411445,249.99965129999998,1.361375,42.81391642,163.77571469999998,42.81391642,1.259985527,154.9999999,163.77571469999998,154.9999999,217.57928535,1.259759664,1.251615,161.87704324999999,1.200915001,91.0495337,0.009200787999999998,0.0006699335000000001,123.4040147772157,190.8265224923278,25.677052133043965,600.0047775823527,1.6221613962977282,1219.510522898231,1.6221900322783913,276.4929927537383,134.3080794319842,1.5719900305430239,922.3967640522595,921.3137311288968,1.5713187774492232,273.4843171539072,921.6657717624022,1.5212851698495022,194.62622862379115,1.5211863094907143,273.29179402372444,1.520815665235512,114.10311850337716,251.80953013576888,114.10786763224101,1.4201703779247716,224.04461053614116,1.4195201392364718,251.57625724087947,224.11435408856318,263.1790721471053,1.4193572724394317,1.4114397031212407,249.69147626142487,1.3613867120979979,41.8810119036572,163.58409376043411,41.94360362716324,1.2599740667792028,155.19918361965713,163.2820375122603,154.9016319164361,217.95468247496638,1.2597349410254015,1.251611779643832,161.59199661890165,1.2009069041856706,86.3425042580934,0.009376099590061172,0.0005538078043174611
123.3085781,190.0,25.50727255,599.9999588,1.622168383,1219.506406,1.622195,276.2319733,135.5788464,1.571980399,923.2876913,922.5406806,1.571315,273.1139313,922.5406806,1.521297889,194.8069316,1.521193381,273.1139313,1.520795,113.99987635,251.88085585,113.99987635,1.420144389,223.974947,1.419502153,251.88085585,223.974947,262.7287567,1.419362582,1.411445,249.999654,1.361375,42.813916855,163.77571615,42.813916855,1.259985527,154.9999999,163.77571615,154.9999999,217.5792888,1.259759665,1.251615,161.8770446,1.200915001,91.049613655,0.009200789,0.0006699340000000001,123.402574076778,190.8109891866201,25.675665427496185,600.0048565759863,1.6221613552255676,1219.510558139254,1.6221899886522797,276.49175398368976,134.30182768628777,1.5719900521884598,922.3950032653918,921.3052052333503,1.57131879040403,273.48580281548226,921.6671668634453,1.5212852431956028,194.62466160165644,1.5211866460238235,273.2900635953139,1.5208158531908793,114.10215133665027,251.80885676328597,114.10645682717283,1.420170136310755,224.04413037456615,1.4195202136324374,251.56887108176645,224.1148810951699,263.1782345718941,1.4193571876992659,1.411439764318012,249.69441209735305,1.3613865970863688,41.875179748083355,163.58202910511147,41.93753287643926,1.2599732629739984,155.15701142503855,163.28002533107096,154.86550768181186,217.91404875893943,1.2597337617736986,1.2516117736503443,161.5895149886565,1.2009070485354771,86.3244706219304,0.009376440138482664,0.000553599288962502
123.3085781,190.0,25.50727255,599.9999588,1.622168383,1219.506406,1.622195,276.2319733,135.5788464,1.571980399,923.2876913,922.5406806,1.571315,273.1139313,922.5406806,1.521297889,194.8069316,1.521193381,273.1139313,1.520795,113.9998708,251.8808584,113.9998708,1.420144389,223.97494054999999,1.419502153,251.8808584,223.97494054999999,262.728747,1.419362582,1.411445,249.99965665,1.361375,42.81391729,163.7757176,42.81391729,1.259985527,154.9999999,163.7757176,154.9999999,217.57929225,1.259759665,1.251615,161.87704595000002,1.200915001,91.049693545,0.009200790000000004,0.0006699340000000001,123.40100136105703,190.7945213568292,25.673819213817033,600.005005710476,1.6221613024584978,1219.5106785692594,1.6221899429135866,276.49124899394354,134.29429557834158,1.5719900510244054,922.3924967860299,921.2946146551083,1.5713187754528568,273.4875856441897,921.6675442336856,1.5212853242649682,194.62564071421733,1.521186981592477,273.28860596180465,1.520816013946678,114.1007343861838,251.80710884242546,114.10462169782569,1.4201699152837006,224.04369337734178,1.419520322968194,251.56030191440453,224.1152652244299,263.1782683564404,1.4193571211084997,1.4114398208532999,249.69705424434804,1.36138637844548,41.8687027990195,163.57971671133245,41.9308080723909,1.259972139608808,155.10576109628667,163.27751262737917,154.8207413806328,217.86237390141372,1.2597323822499895,1.2516117410417325,161.58659688578413,1.2009071065561634,86.3121144616665,0.009376985303791134,0.0005532753750071163
123.3085781,190.0,25.50727255,599.9999588,1.622168383,1219.506406,1.622195,276.2319733,135.5788464,1.571980399,923.2876913,922.5406806,1.571315,273.1139313,922.5406806,1.521297889,194.8069316,1.521193381,273.1139313,1.520795,113.99986530000001,251.88086095,113.99986530000001,1.420144389,223.97493415,1.419502153,251.88086095,223.97493415,262.7287374,1.419362582,1.411445,249.99965935,1.361375,42.81391772,163.77571905000002,42.81391772,1.259985527,154.9999999,163.77571905000002,154.9999999,217.57929575,1.259759665,1.251615,161.87704724999998,1.200915001,91.04977336,0.009200790499999998,0.0006699340000000001,123.39896880318875,190.7761036551673,25.67231422242238,600.005070064687,1.6221612490867106,1219.5105576610072,1.622189900822086,276.49106690967136,134.28698450290847,1.5719900768273762,922.3895720639717,921.2839088620615,1.571318767375083,273.48934880102496,921.6682664134596,1.5212854449970346,194.62881343674815,1.521187369575572,273.2874871023082,1.5208162154529972,114.09874386634223,251.80583998756026,114.10225543153628,1.42016971433459,224.04245700311208,1.4195204309555811,251.55169087064442,224.1156353001804,263.17757746246787,1.419357030206819,1.4114398840325098,249.69871841140917,1.36138620271576,41.862287582218926,163.57713513534068,41.92403696914543,1.2599708957055384,155.04469676936287,163.27503070178483,154.76579438809085,217.80303439826045,1.259730858596938,1.2516117100573485,161.5840041488964,1.2009072757048602,86.30237867489447,0.009377285802586875,0.0005530283004961887
123.3085781,190.0,25.50727255,599.9999588,1.622168383,1219.506406,1.622195,276.2319733,135.5788464,1.571980399,923.2876913,922.5406806,1.571315,273.1139313,922.5406806,1.521297889,194.8069316,1.521193381,273.1139313,1.520795,113.99985975,251.8808635,113.99985975,1.420144389,223.97492770000002,1.419502153,251.8808635,223.97492770000002,262.72872785000004,1.419362582,1.411445,249.99966204999998,1.361375,42.81391814,163.7757205,42.81391814,1.259985528,154.9999999,163.7757205,154.9999999,217.57929919999998,1.259759665,1.251615,161.87704854999998,1.200915001,91.04985311499999,0.009200791000000003,0.0006699340000000001,123.39686227292636,190.75559969163314,25.670976603796642,600.0050341400868,1.6221612175507467,1219.5101776718798,1.622189870329853,276.4906902744121,134.27967120975785,1.5719901087159336,922.3867396232201,921.2733124395901,1.571318768353876,273.49117602201056,921.669240729987,1.5212855222545951,194.62953064222447,1.5211877305168213,273.28626013455795,1.5208164329274654,114.09701203799432,251.80473151930013,114.100074112105,1.4201694978321424,224.0411828182496,1.419520531101479,251.54325696404868,224.11613453437545,263.1764110510057,1.4193569248423354,1.4114399394444157,249.70118232250928,1.3613859928631753,41.85656561873504,163.57485604245397,41.917863434203895,1.259969707198771,154.9796582810991,163.27338987600055,154.7075843216806,217.74104193406552,1.259729286858143,1.2516116809698203,161.58159882679286,1.2009074577426404,86.2914693648466,0.009377510841699885,0.0005529056083157236
123.3085781,190.0,25.50727255,599.9999588,1.622168383,1219.506406,1.622195,276.2319733,135.5788464,1.571980399,923.2876913,922.5406806,1.571315,273.1139313,922.5406806,1.521297889,194.8069316,1.521193381,273.1139313,1.520795,113.99985430000001,251.880866,113.99985430000001,1.420144389,223.97492135,1.419502153,251.880866,223.97492135,262.72871825000004,1.419362582,1.411445,249.99966469999998,1.361375,42.813918565,163.77572195,42.813918565,1.259985528,154.9999999,163.77572195,154.9999999,217.57930265,1.259759665,1.251615,161.8770499,1.200915001,91.049932805,0.009200791999999996,0.0006699350000000002,123.39479098718294,190.73515634587733,25.66960660143761,600.0050206165189,1.6221611750993024,1219.5098704101838,1.6221898227658456,276.48949452330925,134.2722936027991,1.5719901619686367,922.3839682072036,921.2628696368583,1.5713187993366091,273.49299714993845,921.67092386805,1.5212856732319626,194.62908860495094,1.52118818297005,273.2847957116415,1.5208167815653828,114.09560532983814,251.80369591597287,114.09820181780378,1.4201692747972936,224.0402930972545,1.4195206733479269,251.53474600488025,224.11673615842554,263.17491129868637,1.4193568337859723,1.4114400208772022,249.70458544828955,1.3613859065680882,41.8513066472258,163.5732581041825,41.91205350229026,1.2599686274575082,154.91603205715188,163.27249024734945,154.65188164384642,217.68122248614196,1.2597278233122704,1.2516116920191864,161.5796836664324,1.2009077357268234,86.27723259639635,0.00937788884966579,0.0005528406275108653
123.3085781,190.0,25.50727255,599.9999588,1.622168383,1219.506406,1.622195,276.2319733,135.5788464,1.571980399,923.2876913,922.5406806,1.571315,273.1139313,922.5406806,1.521297889,194.8069316,1.521193381,273.1139313,1.520795,113.9998488,251.88086850000002,113.9998488,1.420144389,223.974915,1.419502153,251.88086850000002,223.974915,262.72870875,1.419362582,1.411445,249.99966734999998,1.361375,42.81391898,163.7757234,42.81391898,1.259985528,154.9999999,163.7757234,154.9999999,217.57930605,1.259759666,1.251615,161.87705119999998,1.200915001,91.050012425,0.009200792999999999,0.0006699350000000002,123.39254226554075,190.7150969127179,25.6682608016582,600.0051332783559,1.6221611116077888,1219.5097865575788,1.6221897529269558,276.4879707746939,134.2644665384224,1.5719902191274502,922.38087678343,921.2521621740318,1.5713188314051905,273.4946918904391,921.6724358536808,1.5212858286439788,194.62818242854019,1.5211886663476752,273.28302628766113,1.5208171337924714,114.0942015480563,251.80305018191274,114.09626719172917,1.4201690508575233,224.03926016430535,1.4195208152409184,251.52675682563327,224.11718988601837,263.17268264477985,1.4193567432194367,1.4114401054350827,249.70852707400755,1.3613858229519187,41.846028847376246,163.57167126620845,41.906242644392684,1.2599675612547059,154.85241078851806,163.27136205348302,154.59601791832705,217.62144645030818,1.2597263306080217,1.2516117045644,161.57779385926557,1.2009080160091916,86.26230062681557,0.00937862027991095,0.0005527724403208508
123.3085781,190.0,25.50727255,599.9999588,1.622168383,1219.506406,1.622195,276.2319733,135.5788464,1.571980399,923.2876913,922.5406806,1.571315,273.1139313,922.5406806,1.521297889,194.8069316,1.521193381,273.1139313,1.520795,113.99984335,251.880871,113.99984335,1.420144389,223.9749086,1.419502153,251.880871,223.9749086,262.7286992,1.419362582,1.411445,249.99966999999998,1.361375,42.813919389999995,163.7757248,42.813919389999995,1.259985528,154.9999999,163.7757248,154.9999999,217.57930950000002,1.259759666,1.251615,161.8770525,1.200915001,91.050091975,0.009200792999999999,0.0006699350000000002,123.39059818100417,190.69642663697948,25.667072829968422,600.0052789566581,1.6221610574009981,1219.5097303211821,1.6221897010498187,276.4873860682075,134.25763892540922,1.5719902418744311,922.3777779176156,921.2424599186317,1.5713188276729957,273.49581893204174,921.6731588683447,1.5212858753323595,194.62892947153247,1.5211889798327733,273.28156760962776,1.5208172847818182,114.09233305802566,251.80165486032502,114.09380581827378,1.4201688457231512,224.03780529146343,1.4195208714535308,251.51952477166563,224.11722368136267,263.1708954422788,1.4193566234694914,1.4114401543021886,249.71143299327252,1.361385612153834,41.84014205874939,163.5690210701962,41.89995953468467,1.2599664232392007,154.7932071817728,163.2690027357194,154.54321657648364,217.56452114170278,1.2597248575984659,1.2516116743820325,161.57509051285672,1.2009081472604746,86.25356901945429,0.009379209539715973,0.0005526226072867678
123.3085781,190.0,25.50727255,599.9999588,1.622168383,1219.506406,1.622195,276.2319733,135.5788464,1.571980399,923.2876913,922.5406806,1.571315,273.1139313,922.5406806,1.521297889,194.8069316,1.521193381,273.1139313,1.520795,113.9998379,251.8808735,113.9998379,1.420144389,223.9749023,1.419502153,251.8808735,223.9749023,262.72868975,1.419362582,1.411445,249.99967265,1.361375,42.8139198,163.77572625,42.8139198,1.259985528,154.9999999,163.77572625,154.9999999,217.5793129,1.259759666,1.251615,161.8770538,1.200915001,91.050171465,0.009200793999999997,0.0006699350000000002,123.3889155438711,190.6743567141707,25.665119238647296,600.005205497862,1.6221610434414375,1219.5092787510591,1.622189692246938,276.4867943382198,134.25012086300737,1.57199024658899,922.3733528801199,921.2318351099041,1.5713188073679556,273.49668606120804,921.672167854019,1.5212859426493308,194.62949306905622,1.5211892119450385,273.28006906558767,1.5208173934335958,114.09044437601192,251.7990455419537,114.09141087351584,1.4201686325576013,224.03665993043816,1.4195208703538897,251.5121134867137,224.11740604237897,263.1706079920971,1.4193564974291293,1.4114401947563218,249.7129254555413,1.3613853110362246,41.8339388922732,163.56552119687126,41.89347826441306,1.2599651614154572,154.73537124152358,163.2657624579867,154.49062088014597,217.50673000308473,1.2597233494198157,1.2516116325386895,161.57181373686296,1.2009082043698114,86.24951962141637,0.009379882353753213,0.0005523404966365709
123.3085781,190.0,25.50727255,599.9999588,1.622168383,1219.506406,1.622195,276.2319733,135.5788464,1.571980399,923.2876913,922.5406806,1.571315,273.1139313,922.5406806,1.521297889,194.8069316,1.521193381,273.1139313,1.520795,113.99983245,251.880876,113.99983245,1.420144389,223.974896,1.419502153,251.880876,223.974896,262.7286803,1.419362582,1.411445,249.99967525,1.361375,42.81392021,163.77572765000002,42.81392021,1.259985529,154.9999999,163.77572765000002,154.9999999,217.57931635,1.259759666,1.251615,161.8770551,1.200915001,91.05025088,0.009200794999999998,0.0006699350000000002,123.38713789722125,190.65236256358492,25.663296886666362,600.0051460218128,1.6221610247889775,1219.5087756252526,1.622189680163165,276.48660487927117,134.24240320602843,1.5719902565931887,922.3690350080125,921.2211226377382,1.5713187832520679,273.49811758161246,921.6713496619051,1.5212859824366007,194.63224143580445,1.5211894500047787,273.2787641066978,1.5208175081405737,114.08858700620385,251.79750700308415,114.08905455689919,1.420168434719158,224.0352656215301,1.4195209077809645,251.5048517005033,224.11753486621615,263.1694717051887,1.419356411941332,1.411440237180503,249.71521555504177,1.3613849717228268,41.827909810779474,163.5624842564052,41.887187129510885,1.2599638967793767,154.67200021621602,163.2628799125668,154.43254956251064,217.4435412946383,1.2597217875283668,1.2516115824097644,161.56895006878864,1.200908225568589,86.24956121464639,0.009380396364196788,0.0005521593632623442
123.3085781,190.0,25.50727255,599.9999588,1.622168383,1219.506406,1.622195,276.2319733,135.5788464,1.571980399,923.2876913,922.5406806,1.571315,273.1139313,922.5406806,1.521297889,194.8069316,1.521193381,273.1139313,1.520795,113.99982705,251.8808785,113.99982705,1.420144389,223.9748897,1.419502153,251.8808785,223.9748897,262.72867084999996,1.419362582,1.411445,249.9996779,1.361375,42.81392061,163.77572905,42.81392061,1.259985529,154.9999999,163.77572905,154.9999999,217.57931975,1.259759666,1.251615,161.87705640000001,1.200915001,91.05033023499999,0.009200794999999998,0.0006699360000000001,123.38475379435619,190.62398334034398,25.66150112343487,600.0051255266211,1.6221609812270898,1219.5081698324088,1.6221896463701095,276.4859304475552,134.23336231092765,1.5719902969454482,922.3634438027138,921.2083029034925,1.5713187728502067,273.49963771248576,921.6711860234823,1.521286148910325,194.63618772356398,1.521189845555139,273.2773479059815,1.5208177798676823,114.08616982098017,251.7956673729116,114.08605151155389,1.4201681971207303,224.03333426779426,1.4195209300748812,251.49555639639675,224.11777712195158,263.16821576467873,1.4193562839158793,1.4114403124773676,249.7171993247655,1.3613846369672253,41.821667135654785,163.55901440433928,41.880563257712204,1.2599623575153014,154.59162255534878,163.25975871075207,154.3587847673644,217.36403687578573,1.2597198311036242,1.251611531010018,161.56601009257275,1.2009083681919264,86.25285896359877,0.009380651031027204,0.0005521667014782014
123.3085781,190.0,25.50727255,599.9999588,1.622168383,1219.506406,1.622195,276.2319733,135.5788464,1.571980399,923.2876913,922.5406806,1.571315,273.1139313,922.5406806,1.521297889,194.8069316,1.521193381,273.1139313,1.520795,113.99982159999999,251.880881,113.99982159999999,1.420144389,223.9748834,1.419502153,251.880881,223.9748834,262.72866145,1.419362582,1.411445,249.9996805,1.361375,42.81392101,163.7757305,42.81392101,1.259985529,154.9999999,163.7757305,154.9999999,217.57932315,1.259759666,1.251615,161.87705764999998,1.200915001,91.05040952,0.009200796,0.0006699360000000001,123.3814092832409,190.58560218367174,25.659417656299166,600.0050071472625,1.6221609527980747,1219.5071561391403,1.6221896287313604,276.4851771770367,134.22220571331025,1.571990317367099,922.3572185355339,921.1923873975383,1.5713187195606053,273.5014248933774,921.672433349011,1.5212862073330853,194.64153747966697,1.5211902282213645,273.27558892724306,1.5208180322327998,114.08276059484753,251.79272764975855,114.08183870305743,1.420167814961107,224.03052891960968,1.4195209193141063,251.48294615660936,224.11814652848733,263.16662535716006,1.4193560508095273,1.4114403719808062,249.71909123769228,1.3613840263800876,41.81495652997439,163.5548921575196,41.873352003432956,1.259960300323365,154.4819540370242,163.25648563668608,154.2577261060576,217.25597212542849,1.2597171205256126,1.251611416203355,161.5627638895478,1.2009084111215735,86.26075276446946,0.00938067086058791,0.0005523737022639351
123.3085781,190.0,25.50727255,599.9999588,1.622168383,1219.506406,1.622195,276.2319733,135.5788464,1.571980399,923.2876913,922.5406806,1.571315,273.1139313,922.5406806,1.521297889,194.8069316,1.521193381,273.1139313,1.520795,113.99981625,251.88088345,113.99981625,1.420144389,223.97487710000001,1.419502153,251.88088345,223.97487710000001,262.72865205,1.419362582,1.411445,249.99968315,1.361375,42.8139214,163.77573189999998,42.8139214,1.259985529,154.9999999,163.77573189999998,154.9999999,217.57932655000002,1.259759667,1.251615,161.87705895,1.200915001,91.05048874,0.009200796999999997,0.0006699360000000001,123.37765939166422,190.52531275159976,25.65537752990971,600.0045960683237,1.6221609629195377,1219.505457518446,1.6221896443839805,276.48413225562507,134.20608142844202,1.5719903490577116,922.3487576792793,921.1683818085596,1.571318669475568,273.50380606035924,921.6745506298282,1.5212862812272885,194.64327800143153,1.521190818443337,273.27307823926145,1.52081849535795,114.07801664936801,251.78721629699257,114.07588821347926,1.4201672160162486,224.02699713882623,1.4195209348138114,251.4640954959635,224.11820508477695,263.1657542789404,1.4193556741579234,1.4114404756884904,249.72236732299427,1.361383247566623,41.806840280659,163.5503001662949,41.86477183622607,1.2599575960322673,154.33973158737396,163.25384174766097,154.12933889139651,217.1151818947312,1.2597134812277369,1.2516112640668564,161.5586698459012,1.2009085212080424,86.27200373319258,0.009381367707802,0.000552713099056594
123.30864374999999,190.00002460000002,25.507276425,599.9999746999999,1.622168357,1219.5064200000002,1.6221949740000001,276.23211545000004,135.57882845,1.571980293,923.28767525,922.5406678,1.5713148935,273.11407345,922.5406678,1.5212981179999998,194.80733625,1.5211936095,273.11407345,1.5207952279999999,113.99980965,251.88107395,113.99980965,1.420145944,223.97478975,1.4195037065,251.88107395,223.97478975,262.72852215,1.419364136,1.4114465385,249.99988035,1.3613753095,42.81391918,163.77415865,42.81391918,1.2598705620000001,150.1358214,163.77415865,150.1358214,212.70375760000002,1.2596461265,1.2515950485,161.8757936,1.2009197735,91.043402805,0.009228567000000003,0.0006756965,123.3826982424236,190.92331392994254,25.716472681141834,600.0062727636182,1.6221611871175845,1219.5149574302125,1.6221894223437034,276.5082841452642,134.40948974038284,1.571990853997491,922.4777312242118,921.3895600030662,1.5713191032813478,273.51434966163544,921.6263657934395,1.5212903837258274,194.59717461889463,1.5211846847543173,273.2816154836532,1.5208190797091845,114.08487636351182,251.80749243023288,114.11091340265162,1.4201671433963055,224.02995841404493,1.4195167358992262,251.60095468424083,224.108151806365,263.1738803069474,1.4193590190097847,1.4114393415372148,249.68301469139374,1.36139003747112,41.804947569466684,163.54273052028364,41.876469791365786,1.2598739607874863,150.47874960523163,163.16456255996138,150.04260769707636,213.24681016394726,1.2596434775931862,1.2516108438361002,161.5100896470942,1.2009068729733718,85.58792582077939,0.009413034575721213,0.000575705953615693
123.3085685,189.99999295,25.507271515,599.9999566,1.6221683905000002,1219.5064035,1.6221950075,276.2319524,135.5788495,1.571980414,923.2876943,922.5406837,1.5713150155,273.11391055,922.5406837,1.521297827,194.8068723,1.5211933185,273.11391055,1.520794938,113.99980579999999,251.88085999999998,113.99980579999999,1.4201442825,223.97487565,1.4195020465,251.88085999999998,223.97487565,262.72864925,1.4193624765,1.4114448955,249.99965935,1.361375496,42.813920955,163.7757239,42.813920955,1.2598876635,150.00063535,163.7757239,150.00063535,212.5543845,1.2596632665,1.2516146275,161.8823468,1.2009145445,91.027793225,0.0092727685,0.0006872359999999998,123.39030015836133,190.85768003041076,25.701068250536068,600.0050025752203,1.622160725132194,1219.513975236788,1.6221889074009566,276.5111981959694,134.41451508828922,1.5719924122382742,922.4831118197541,921.3856485439362,1.5713207054727258,273.5259776531097,921.6190488182496,1.5212988993476275,194.56311343678212,1.521192672077148,273.2973157267753,1.5208270707666436,114.08085698832453,251.78769410669594,114.10460969969091,1.4201683390519977,224.03444784111943,1.4195175196030587,251.5914064466892,224.1103772799785,263.1981018559037,1.4193597609180568,1.4114411623679741,249.66457970643586,1.3613988090109537,41.794270357208916,163.5459844211086,41.869129825318595,1.2598730438347632,150.39187800616477,163.17001532879615,149.96163044328873,213.18783242820874,1.2596427815008946,1.2516127593374526,161.51585203030461,1.200915467167221,85.55435711320018,0.009413976954639157,0.000575489790859378
123.3085777,190.0000008,25.507272735,599.9999589500001,1.622168382,1219.506406,1.622194999,276.23197245,135.5788468,1.5719803995000001,923.2876917,922.54068115,1.5713150005,273.11393045,922.54068115,1.521297896,194.80693000000002,1.5211933874999999,273.11393045,1.5207950065,113.9998001,251.88088950000002,113.9998001,1.420144376,223.97485905000002,1.41950214,251.88088950000002,223.97485905000002,262.72862485,1.41936257,1.4114449875,249.99968945,1.3613750224999999,42.813921315,163.7756942,42.813921315,1.2598880060000002,150.00000265,163.7756942,150.00000265,212.55370664999998,1.2596636095,1.2516149859999999,161.8823457,1.2009143089999998,91.01235849,0.009298143999999998,0.0006966175000000002,123.39167332474294,190.8328368442415,25.697379231991796,600.0048290746088,1.6221607917282248,1219.5136816102136,1.6221889866151993,276.5075726645787,134.40980169931436,1.571992303715915,922.4815408049284,921.3847017788021,1.571320668241448,273.52368840425675,921.6202518946129,1.5212987774197007,194.5525222237081,1.5211924844040199,273.29838897538207,1.5208268312688265,114.07891241256046,251.78387079154106,114.10185890781352,1.420167999960978,224.03367891338468,1.4195171807695588,251.58944495619792,224.11018153466745,263.2021295369025,1.4193592968966866,1.4114411428340727,249.65966831733232,1.3613988080896968,41.7878168664051,163.54271437439647,41.863183465104164,1.2598722781596186,150.36476996425642,163.16800516584271,149.94716836115555,213.17448079882098,1.2596415571048634,1.2516127282492104,161.5127420385551,1.2009153575647298,85.53240480057936,0.00941193750918451,0.0005757244839216345
123.3085783,190.0,25.5072726,599.9999588,1.622168383,1219.506406,1.622195,276.2319736,135.5788463,1.571980398,923.2876912,922.5406805,1.571315,273.1139316,922.5406805,1.5212978895,194.80693250000002,1.521193381,273.1139316,1.520795,113.99979479999999,251.8808936,113.99979479999999,1.420144388,223.97485210000002,1.419502152,251.8808936,223.97485210000002,262.72861455,1.419362582,1.4114449995,249.9996938,1.361375002,42.81392178,163.77570355,42.81392178,1.2598880145,149.9999992,163.77570355,149.9999992,212.55370785,1.259663618,1.251614993,161.88235515000002,1.200914194,90.997190045,0.009312659000000001,0.0007041854999999997,123.39277758777335,190.8179400252067,25.696044681298687,600.0048709537263,1.6221607910550815,1219.5137119670137,1.6221889844503876,276.50550301432185,134.40481922728006,1.5719922917878317,922.4789472536884,921.382941830916,1.5713207044283886,273.52176700200647,921.6215384599675,1.5212987898267518,194.54773496003568,1.5211925787846357,273.30012793407354,1.5208267682507954,114.07821183853801,251.78383896547845,114.10030675886485,1.420167958617381,224.0325880933606,1.4195170490613396,251.5879935202366,224.10960734842163,263.2022587627922,1.4193590891066847,1.411441166579279,249.65847291488836,1.3613989315623416,41.78289310108549,163.54062348200716,41.8576547236476,1.2598720663840897,150.34681438618222,163.16727961003772,149.94027552022794,213.16697291907312,1.259640973809449,1.25161277691258,161.51060292498445,1.200915435666234,85.51586852069744,0.009410362210460481,0.0005762094127722315
123.3085781,190.0,25.50727261,599.9999588,1.622168383,1219.506406,1.622195,276.2319733,135.5788464,1.571980399,923.2876913,922.5406806,1.571315,273.1139313,922.5406806,1.521297889,194.8069317,1.521193381,273.1139313,1.520795,113.99978945,251.8808957,113.99978945,1.420144389,223.97484605,1.419502153,251.8808957,223.97484605,262.7286055,1.419362582,1.411445,249.9996961,1.361375001,42.813922225,163.7757139,42.813922225,1.259888019,149.9999993,163.7757139,149.9999993,212.55371225,1.2596636225,1.251614996,161.8823652,1.2009141265,90.98229108999999,0.009321077999999997,0.000710293,123.39368095117469,190.80424040729474,25.695067715197425,600.0048730965625,1.6221608050632697,1219.5136636437362,1.6221889905737124,276.5036163262749,134.40019454700612,1.5719922803625976,922.4768850641659,921.3821002619079,1.5713207341788908,273.5193414427465,921.6227398665511,1.5212986749494182,194.5420161028093,1.521192568126167,273.30177532281084,1.520826598290116,114.07809127191426,251.78494282733476,114.09935451665537,1.4201679489460333,224.0316669192728,1.4195169389401248,251.58709820284326,224.10886820074276,263.2010717990643,1.4193588734536617,1.411441164784071,249.65853064140754,1.3613989562908115,41.77818478136475,163.53867865944088,41.8523324766101,1.2598719148448985,150.33106887788065,163.1668199568122,149.93421269429342,213.16093140324648,1.259640501392597,1.2516128264616297,161.50921794464332,1.2009154839988805,85.4991866645104,0.009409292632978485,0.0005766953488442693
123.3085781,190.0,25.50727261,599.9999588,1.622168383,1219.506406,1.622195,276.2319733,135.5788464,1.571980399,923.2876913,922.5406806,1.571315,273.1139313,922.5406806,1.521297889,194.8069317,1.521193381,273.1139313,1.520795,113.99978415,251.88089815,113.99978415,1.420144389,223.9748399,1.419502153,251.88089815,223.9748399,262.7285963,1.419362582,1.411445,249.99969865,1.361375001,42.813922649999995,163.77572185,42.813922649999995,1.259888022,149.9999995,163.77572185,149.9999995,212.5537167,1.2596636255,1.251614998,161.8823729,1.2009140915,90.96766108,0.009326074499999996,0.0007152255000000001,123.39477206355726,190.7928493164424,25.694773193665153,600.0047813347849,1.6221608460194188,1219.5134198430162,1.6221890170648234,276.50184218983685,134.3969618540972,1.571992252931618,922.4765211483677,921.3834511137483,1.5713207439930392,273.5167341362772,921.6254090096002,1.52129844120855,194.53645085353543,1.5211924071981289,273.30384957376776,1.5208263717572634,114.07859431566722,251.78626612151763,114.09901973943114,1.4201679693633227,224.03093513295605,1.419516866193621,251.58706386419675,224.10811667259122,263.19896617721406,1.4193586602497765,1.4114411364572292,249.66039137358678,1.3613988878632561,41.7738916111146,163.53672727760795,41.847421366442866,1.2598717615398212,150.3154249535036,163.1668002790122,149.92811518116514,213.1545329435706,1.2596401457371382,1.2516128820272467,161.5090792477606,1.200915482023347,85.47848511973548,0.009408655459530235,0.0005772326352948352
123.3085781,190.0,25.50727261,599.9999588,1.622168383,1219.506406,1.622195,276.2319733,135.5788464,1.571980399,923.2876913,922.5406806,1.571315,273.1139313,922.5406806,1.521297889,194.8069316,1.521193381,273.1139313,1.520795,113.9997789,251.88090060000002,113.9997789,1.420144389,223.97483369999998,1.419502153,251.88090060000002,223.97483369999998,262.7285871,1.419362582,1.411445,249.9997012,1.361375001,42.81392307,163.77572785,42.81392307,1.259888024,149.9999996,163.77572785,149.9999996,212.55372110000002,1.2596636275,1.2516149995,161.88237875,1.2009140765000001,90.95329745,0.0093291485,0.000719211,123.3955550359087,190.78379706153896,25.695211567149528,600.004699403392,1.6221608798130873,1219.513123323218,1.622189034992214,276.49990668845555,134.39499695637213,1.5719922528281312,922.4781144893161,921.3867906733044,1.5713207694045168,273.5139015607573,921.6297829978498,1.5212982781480102,194.5300435232555,1.5211922875562005,273.3056061152831,1.5208262833220414,114.07958811240083,251.78783188004599,114.09924624080489,1.420168027136899,224.03046132892106,1.4195168774387616,251.58767735343025,224.1077609849576,263.1961564291106,1.4193585168334266,1.4114411276312484,249.6636019371827,1.3613988868329032,41.76997222971863,163.53490506287244,41.84285657426995,1.259871650616011,150.29940938062217,163.16726699606338,149.92157912280172,213.1470395345193,1.2596399143884416,1.2516129809407093,161.50937528358014,1.2009156028535486,85.45369852558261,0.009408350339464008,0.0005778286741513559
123.3085781,190.0,25.50727261,599.9999588,1.622168383,1219.506406,1.622195,276.2319733,135.5788464,1.571980399,923.2876913,922.5406806,1.571315,273.1139313,922.5406806,1.521297889,194.8069316,1.521193381,273.1139313,1.520795,113.99977365,251.880903,113.99977365,1.420144389,223.9748276,1.419502153,251.880903,223.9748276,262.72857795,1.419362582,1.411445,249.99970374999998,1.361375001,42.81392347,163.7757326,42.81392347,1.259888025,149.9999997,163.7757326,149.9999997,212.55372545,1.259663629,1.251615,161.8823832,1.200914073,90.93919643000001,0.009331139499999997,0.0007224344999999997,123.3960136647522,190.77382543699684,25.69518497840009,600.0044660070515,1.6221609447533525,1219.5125430436535,1.622189080898594,276.4968054614397,134.39298326886154,1.5719922420349313,922.4796430845089,921.3902788432606,1.5713207737413566,273.5106334186495,921.6342722009074,1.5212980087057282,194.52205590972264,1.5211920856140786,273.3063177844322,1.5208261215651815,114.08078909643932,251.78885659550974,114.09981981017506,1.4201680756350308,224.0304619981358,1.4195168958708433,251.5884843116234,224.10818861317563,263.19362230659766,1.419358393422665,1.4114411013873436,249.66641979190388,1.3613987843430926,41.76718162275684,163.53342821875478,41.83937888724499,1.259871574813714,150.28545274045493,163.16808740895553,149.91610845681745,213.14169261212902,1.2596397269051973,1.2516130718469878,161.50962881551624,1.200915610124531,85.42374842901602,0.009409015162171028,0.0005781802295109462
123.3085781,190.0,25.50727261,599.9999588,1.622168383,1219.506406,1.622195,276.2319733,135.5788464,1.571980399,923.2876913,922.5406806,1.571315,273.1139313,922.5406806,1.521297889,194.8069316,1.521193381,273.1139313,1.520795,113.99976835,251.88090540000002,113.99976835,1.420144389,223.97482150000002,1.419502153,251.88090540000002,223.97482150000002,262.72856875,1.419362582,1.411445,249.99970635,1.361375,42.813923869999996,163.7757363,42.813923869999996,1.259888026,149.9999998,163.7757363,149.9999998,212.55372970000002,1.25966363,1.251615001,161.88238675,1.2009140775,90.92535353,0.009332518500000003,0.0007250434999999998,123.39612022022467,190.7677687106412,25.695573583199614,600.0042987226401,1.622160995319334,1219.5121154978003,1.6221891188590838,276.4937381228178,134.39126232006393,1.5719922189649878,922.4808903705571,921.3941318600985,1.571320771023458,273.50736196888175,921.6386704009644,1.5212977187095966,194.51654259982843,1.5211918905962516,273.3063078614524,1.5208259355875207,114.08159736103832,251.78964638437964,114.10000446439577,1.4201680889826216,224.0304305450431,1.4195168640990663,251.58849687454287,224.1087029047023,263.1911661700792,1.4193582841653414,1.4114410801724995,249.66849752523174,1.3613986629069101,41.764395645714785,163.5318206938628,41.83569902705934,1.2598715743558917,150.27633744147124,163.16850871569903,149.91424773663894,213.1398114215722,1.259639596204054,1.2516131381027944,161.50928107906662,1.2009155243133514,85.39260698350355,0.00940949323456471,0.0005785187239633045
123.3085781,190.0,25.50727261,599.9999588,1.622168383,1219.506406,1.622195,276.2319733,135.5788464,1.571980399,923.2876913,922.5406806,1.571315,273.1139313,922.5406806,1.521297889,194.8069316,1.521193381,273.1139313,1.520795,113.9997631,251.8809078,113.9997631,1.420144389,223.9748154,1.419502153,251.8809078,223.9748154,262.72855964999997,1.419362582,1.411445,249.99970885,1.361375,42.81392426,163.77573934999998,42.81392426,1.259888027,149.9999998,163.77573934999998,149.9999998,212.5537339,1.25966363,1.251615001,161.88238965,1.200914086,90.911763885,0.00933355,0.0007271580000000001,123.39611593452247,190.7635103117106,25.696001048479093,600.0041735494044,1.6221610426262325,1219.5118328064577,1.6221891532204884,276.49084707407945,134.38889527622808,1.5719921849615466,922.4811374463137,921.3971833826428,1.571320761499889,273.50404038195285,921.6417778612174,1.5212973812527582,194.50993303749584,1.5211916957144376,273.3062013199849,1.5208256754336575,114.08223238427504,251.79023851665005,114.09992545228864,1.4201680636448222,224.03045932127685,1.419516807048632,251.58761495759694,224.10928445231022,263.18909010970697,1.4193581510095896,1.4114410524348826,249.66944474577951,1.361398483855817,41.76138064197595,163.53012184379648,41.83175865672467,1.259871615756111,150.26999464033008,163.16852587070414,149.9150257208414,213.13917953448774,1.2596394419715897,1.2516131866767304,161.50828832754428,1.2009153563363895,85.36180125477635,0.009410190743292282,0.0005786760588939471
123.3085781,190.0,25.50727261,599.9999588,1.622168383,1219.506406,1.622195,276.2319733,135.5788464,1.571980399,923.2876913,922.5406806,1.571315,273.1139313,922.5406806,1.521297889,194.8069316,1.521193381,273.1139313,1.520795,113.99975785,251.88091020000002,113.99975785,1.420144389,223.9748093,1.419502153,251.88091020000002,223.9748093,262.72855055,1.419362582,1.411445,249.9997114,1.361375,42.813924639999996,163.77574195,42.813924639999996,1.259888027,149.9999999,163.77574195,149.9999999,212.553738,1.259663631,1.251615001,161.8823921,1.2009140975,90.898422395,0.009334381000000001,0.0007288730000000003,123.39642726436848,190.75757987239325,25.696545776961237,600.0039870436532,1.6221611030281642,1219.5114279514646,1.622189203738261,276.4884887579176,134.38710853514397,1.5719921415380174,922.4811329810892,921.3998049368943,1.57132074240687,273.50064759329155,921.6445797517625,1.5212970162413042,194.5053049072419,1.5211914329127072,273.30657926365484,1.5208253530674958,114.08265027053405,251.79069078175053,114.09966705343463,1.4201680082749433,224.02999522085557,1.4195167525247543,251.58660950527636,224.1091569669025,263.1867657329192,1.4193579796988498,1.4114410167399782,249.67084682601646,1.3613982560266047,41.75832983352441,163.52876659839163,41.827893599750624,1.2598717386487048,150.26713790215985,163.1684168859657,149.9181822554718,213.14091842986142,1.2596394110227869,1.2516132183044586,161.508047472205,1.2009151799563338,85.32785820812688,0.009410474989227396,0.0005788727426534829
123.3085781,190.0,25.50727261,599.9999588,1.622168383,1219.506406,1.622195,276.2319733,135.5788464,1.571980399,923.2876913,922.5406806,1.571315,273.1139313,922.5406806,1.521297889,194.8069316,1.521193381,273.1139313,1.520795,113.99975265,251.8809126,113.99975265,1.420144389,223.97480324999998,1.419502153,251.8809126,223.97480324999998,262.72854144999997,1.419362582,1.411445,249.99971395,1.361375,42.81392501,163.77574420000002,42.81392501,1.259888028,149.9999999,163.77574420000002,149.9999999,212.55374210000002,1.259663631,1.251615001,161.8823942,1.2009141115,90.88532384999999,0.009335095,0.0007302660000000001,123.39697632348532,190.7494469871284,25.697139592365424,600.0037691310326,1.6221611611706548,1219.5109299507003,1.6221892582049255,276.486118326216,134.38549403678746,1.5719920950765567,922.4801603063487,921.401814516857,1.5713207249677492,273.49673950602914,921.6471462033525,1.5212967187959592,194.50154427513726,1.5211912054372467,273.3069340537052,1.5208250797533387,114.08275005989982,251.79042361033007,114.09929803763066,1.4201679395574738,224.0296248104977,1.419516676780419,251.58481091397405,224.1087979331952,263.1850354010711,1.4193577963486645,1.4114410020492838,249.6717946786064,1.3613980518106568,41.75480584727478,163.52681193692538,41.82361555393843,1.259871894700716,150.26509879069926,163.16723470428903,149.9217525587704,213.1422545575133,1.2596393812249724,1.251613254066323,161.50711238677007,1.2009150294987885,85.29242968897634,0.00941022219788556,0.0005791465165207337
123.3085781,190.0,25.50727261,599.9999588,1.622168383,1219.506406,1.622195,276.2319733,135.5788464,1.571980399,923.2876913,922.5406806,1.571315,273.1139313,922.5406806,1.521297889,194.8069316,1.521193381,273.1139313,1.520795,113.99974745,251.88091500000002,113.99974745,1.420144389,223.9747972,1.419502153,251.88091500000002,223.9747972,262.72853235,1.419362582,1.411445,249.99971645,1.361375,42.81392538,163.77574620000001,42.81392538,1.259888028,149.9999999,163.77574620000001,149.9999999,212.553746,1.259663632,1.251615001,161.88239605,1.2009141265,90.87246300999999,0.009335738000000001,0.0007314000000000002,123.3972439156856,190.73697487922848,25.696806892116005,600.0037132099193,1.6221611920088144,1219.5107263566292,1.6221892839545025,276.4833303473598,134.38176531439265,1.5719920409174748,922.4771246978815,921.4001121763733,1.571320695144056,273.49229871142904,921.6479844328242,1.521296363774922,194.49604422636128,1.52119098629567,273.3060771956935,1.520824807611156,114.08245742246355,251.78959864528568,114.09879411596971,1.4201677574985976,224.0296268181419,1.4195165601791757,251.5820474904574,224.1085804384051,263.184088870698,1.4193575481349998,1.4114409873902534,249.67275032638327,1.3613977849613734,41.749696576504,163.5234230665748,41.81796334795625,1.259871811377052,150.26030452499293,163.1639505299256,149.92225552307966,213.1393845360228,1.2596391053713858,1.251613264713238,161.5053749473256,1.2009148915397483,85.25747652102613,0.009409924260251211,0.0005794009283932267
123.3085781,190.0,25.50727261,599.9999588,1.622168383,1219.506406,1.622195,276.2319733,135.5788464,1.571980399,923.2876913,922.5406806,1.571315,273.1139313,922.5406806,1.521297889,194.8069316,1.521193381,273.1139313,1.520795,113.99974225,251.8809174,113.99974225,1.420144389,223.9747912,1.419502153,251.8809174,223.9747912,262.72852335,1.419362582,1.411445,249.99971895,1.361375,42.813925749999996,163.7757481,42.813925749999996,1.259888028,149.9999999,163.7757481,149.9999999,212.55374999999998,1.259663632,1.251615001,161.88239775,1.2009141425,90.859834635,0.009336336000000002,0.0007323249999999998,123.39755301461814,190.71553134012956,25.695096008353882,600.0035226011797,1.6221612405703019,1219.5101867483934,1.6221893371298395,276.48173039375496,134.3739833436056,1.571991973802386,922.4697287976742,921.3926599492241,1.5713206485836566,273.48816831460124,921.645544884501,1.5212959764905691,194.4936550148978,1.5211907644585643,273.30496129568223,1.5208244793118746,114.0810454468335,251.7886815521653,114.09737219067905,1.420167489359072,224.02822213640542,1.4195165134706054,251.57832467865816,224.10782355653566,263.18264373672855,1.4193573152864518,1.4114409772894545,249.67447221996352,1.3613974481571878,41.74347643365541,163.51970976480376,41.811577454030676,1.2598715306011576,150.247705640695,163.15932574236757,149.91505793037845,213.1271471502725,1.2596385577566158,1.251613239895439,161.50371406458342,1.2009147008186771,85.22143598720515,0.009410174961236317,0.000579731770723758
123.3085781,190.0,25.50727261,599.9999588,1.622168383,1219.506406,1.622195,276.2319733,135.5788464,1.571980399,923.2876913,922.5406806,1.571315,273.1139313,922.5406806,1.521297889,194.8069316,1.521193381,273.1139313,1.520795,113.99973705,251.88091975,113.99973705,1.420144389,223.97478519999999,1.419502153,251.88091975,223.97478519999999,262.72851435,1.419362582,1.411445,249.9997215,1.361375,42.813926105,163.7757498,42.813926105,1.2598880285,149.9999999,163.7757498,149.9999999,212.55375379999998,1.259663632,1.251615001,161.88239935000001,1.2009141589999999,90.84743351,0.0093369035,0.0007330809999999998,123.39802735770304,190.68657624799408,25.692413953474347,600.0032947396767,1.622161298320299,1219.5095602552644,1.6221893967528793,276.4812668426666,134.36147024210348,1.571991892199128,922.4585091768727,921.3804797406333,1.571320584061968,273.4852029104216,921.638950089085,1.5212954086562196,194.49666307854423,1.5211904988252918,273.30421829080734,1.5208240767631425,114.07960742647163,251.7884822205099,114.09576853754203,1.4201672003215178,224.02603581185411,1.419516554471514,251.57629283581792,224.10747355722734,263.18006822814635,1.4193571706326429,1.4114409856625032,249.67798574244463,1.3613970535320212,41.73695997594305,163.51602597973272,41.805041550706484,1.259871351396417,150.23247548498614,163.15499359901463,149.90580388261978,213.10880313056091,1.2596379267591207,1.2516131887784179,161.5027282727613,1.2009143750084672,85.1827869636723,0.00941139107908359,0.0005799612688410559
123.3085781,190.0,25.50727261,599.9999588,1.622168383,1219.506406,1.622195,276.2319733,135.5788464,1.571980399,923.2876913,922.5406806,1.571315,273.1139313,922.5406806,1.521297889,194.8069316,1.521193381,273.1139313,1.520795,113.99973195,251.8809221,113.99973195,1.420144389,223.9747792,1.419502153,251.8809221,223.9747792,262.72850535,1.419362582,1.411445,249.99972400000001,1.361375,42.813926460000005,163.77575145,42.813926460000005,1.259888029,149.9999999,163.77575145,149.9999999,212.55375765,1.259663632,1.251615001,161.88240085,1.2009141755,90.83525451,0.009337448500000003,0.0007337004999999998,123.39804637917581,190.6522817398804,25.68869561912941,600.0031080413664,1.6221613775817052,1219.5090240829436,1.6221894944621744,276.48027459751506,134.34616281652276,1.571991733387681,922.4456694237756,921.3650718477317,1.57132045848697,273.4814729145338,921.6306320808905,1.5212943792446938,194.5002413702735,1.5211898772337893,273.30360776641743,1.5208232553801198,114.07870493261814,251.78890475336766,114.0943910931413,1.4201667778080556,224.02455417042265,1.419516521155003,251.57251977234088,224.10876714931723,263.1785997265324,1.4193569844208334,1.4114409340557774,249.6821125565215,1.3613963803721567,41.729159795815676,163.51126748404653,41.797301868257655,1.2598710278468366,150.21356105377066,163.15029514584634,149.89616827572996,213.08336123417155,1.2596371023955508,1.2516130686331512,161.50112605034943,1.200913759162753,85.13667492629405,0.009412791856206089,0.0005801588110808536
123.3085781,190.0,25.50727261,599.9999588,1.622168383,1219.506406,1.622195,276.2319733,135.5788464,1.571980399,923.2876913,922.5406806,1.571315,273.1139313,922.5406806,1.521297889,194.8069316,1.521193381,273.1139313,1.520795,113.99972675,251.8809245,113.99972675,1.420144389,223.97477320000002,1.419502153,251.8809245,223.97477320000002,262.72849644999997,1.419362582,1.411445,249.9997265,1.361375,42.813926815,163.775753,42.813926815,1.259888029,149.9999999,163.775753,149.9999999,212.55376139999998,1.2596636325000001,1.251615001,161.88240224999998,1.200914192,90.823292545,0.009337976,0.0007342099999999997,123.39732839685634,190.6271859796346,25.68532396117142,600.0028756275707,1.6221614501887875,1219.508449973102,1.6221896045651887,276.48063121579554,134.3330139693308,1.5719915783642717,922.4346083184444,921.3497056993244,1.5713203380386194,273.4774748241036,921.6233384826181,1.5212933985644765,194.51030213861927,1.521189092253651,273.3017018579427,1.5208225035098186,114.07845502024756,251.7902745303525,114.09378650420314,1.4201664535634027,224.0232087141905,1.419516541315092,251.56975509253226,224.1103033317499,263.1761942668334,1.4193568931582272,1.4114408854474898,249.68567727441925,1.3613956927873516,41.72039227112263,163.5071285867807,41.788967704118036,1.2598705269892079,150.18667104565154,163.14635403569844,149.8745655869996,213.04571571699063,1.259636180325843,1.2516129729594898,161.50042312062857,1.2009131724971984,85.0855687303672,0.009414863121370359,0.0005805075650050313
123.3085781,190.0,25.50727261,599.9999588,1.622168383,1219.506406,1.622195,276.2319733,135.5788464,1.571980399,923.2876913,922.5406806,1.571315,273.1139313,922.5406806,1.521297889,194.8069316,1.521193381,273.1139313,1.520795,113.99972165,251.88092685,113.99972165,1.420144389,223.9747672,1.419502153,251.88092685,223.9747672,262.72848745,1.419362582,1.411445,249.99972895000002,1.361375,42.81392716,163.7757545,42.81392716,1.259888029,149.9999999,163.7757545,149.9999999,212.55376510000002,1.259663633,1.251615001,161.88240365000001,1.200914209,90.811542635,0.009338488999999997,0.00073463,123.39667080575597,190.60615666202122,25.68331480618159,600.0026503483334,1.6221615127765245,1219.507780207117,1.6221896992746732,276.481662616967,134.3233632019113,1.5719914810678126,922.4247468700999,921.3357755615262,1.5713202410922258,273.4732981200366,921.6191239583417,1.5212926556611563,194.52321404737933,1.5211883438733584,273.3016115066002,1.5208219245545487,114.07773044995533,251.79199565031817,114.09275466461169,1.4201664236444385,224.02051345183045,1.419516675157139,251.5687931916658,224.10918072402572,263.1709165576203,1.419356831955564,1.4114408434500834,249.69074456726062,1.3613950456408679,41.71199452268666,163.50464312927352,41.78043321878562,1.259870050853985,150.15369095737424,163.1439346754169,149.84561912382298,213.00592612493148,1.2596356048315729,1.2516129383256416,161.50128935474356,1.200912767756213,85.03473289043555,0.009416593645681868,0.0005815915567533028
123.3085781,190.0,25.50727261,599.9999588,1.622168383,1219.506406,1.622195,276.2319733,135.5788464,1.571980399,923.2876913,922.5406806,1.571315,273.1139313,922.5406806,1.521297889,194.8069316,1.521193381,273.1139313,1.520795,113.99971655,251.8809292,113.99971655,1.420144389,223.9747613,1.419502153,251.8809292,223.9747613,262.72847855,1.419362582,1.411445,249.99973145,1.361375,42.813927504999995,163.775756,42.813927504999995,1.259888029,149.9999999,163.775756,149.9999999,212.5537688,1.259663633,1.251615001,161.882405,1.2009142255,90.79999987,0.009338988000000001,0.0007349784999999997,123.39622571894866,190.58949687593213,25.682503508442228,600.0024628254755,1.6221615889365393,1219.5069373598856,1.6221898162989,276.4822701498328,134.31964482886494,1.5719913804187937,922.4190261732901,921.3271144138178,1.571320133938419,273.4689269603826,921.6185662518803,1.5212919729245593,194.53694262000224,1.521187465711991,273.3026401888414,1.5208213107086292,114.078303726693,251.79347304964637,114.09308212590007,1.4201664845004034,224.01897291950198,1.4195167247719043,251.56962611322584,224.10833048670023,263.16783822237346,1.41935675706351,1.4114407799156867,249.69581438827072,1.3613943379096327,41.704919387991566,163.50333001454302,41.773358084145855,1.2598695383545888,150.12182085929663,163.14299115013503,149.81767858926486,212.97080574430564,1.2596351492958862,1.2516129206206914,161.50248294332903,1.2009124201358854,84.9855607797051,0.009417460809453776,0.0005828989166125953
123.3085781,190.0,25.50727261,599.9999588,1.622168383,1219.506406,1.622195,276.2319733,135.5788464,1.571980399,923.2876913,922.5406806,1.571315,273.1139313,922.5406806,1.521297889,194.8069316,1.521193381,273.1139313,1.520795,113.99971145,251.88093155,113.99971145,1.420144389,223.9747553,1.419502153,251.88093155,223.9747553,262.72846964999997,1.419362582,1.411445,249.9997339,1.361375,42.813927840000005,163.77575745000001,42.813927840000005,1.2598880295,149.9999999,163.77575745000001,149.9999999,212.55377245,1.259663633,1.251615001,161.8824063,1.200914242,90.78865944,0.009339474000000002,0.0007352684999999998,123.39642160880713,190.5911588133558,25.682684857348672,600.0024984933303,1.6221615973306847,1219.5070962463606,1.6221898257003682,276.4818450524143,134.3185707143448,1.571991338162097,922.4192003170464,921.3279409548078,1.5713201009696975,273.46871056978756,921.6195522568665,1.521291803486098,194.53728630398243,1.5211873643576208,273.3016492835584,1.5208211614284117,114.07880150297211,251.79332480719677,114.09361706712899,1.4201664624995016,224.01951029893715,1.4195167263166384,251.56938532393625,224.10878421429305,263.16852996095963,1.4193567086221437,1.4114407657742931,249.6960364457568,1.361394176992751,41.70055769492917,163.50066089756922,41.76915226508113,1.259869390412573,150.1224898266045,163.14068834297655,149.81950957756303,212.96955644083332,1.2596348574563476,1.2516128774603679,161.50021756091175,1.200912263502675,84.96058107412709,0.009417462180483565,0.0005825894336433147
123.3085781,190.0,25.50727261,599.9999588,1.622168383,1219.506406,1.622195,276.2319733,135.5788464,1.571980399,923.2876913,922.5406806,1.571315,273.1139313,922.5406806,1.521297889,194.8069316,1.521193381,273.1139313,1.520795,113.99970635,251.8809339,113.99970635,1.420144389,223.9747494,1.419502153,251.8809339,223.9747494,262.72846085000003,1.419362582,1.411445,249.99973640000002,1.361375,42.813928175,163.77575885,42.813928175,1.25988803,149.9999999,163.77575885,149.9999999,212.553776,1.259663633,1.251615001,161.8824076,1.200914258,90.77751664499999,0.009339949,0.0007355115000000001,123.396474798481,190.59041119408923,25.68263372513821,600.0025255256538,1.6221616071298168,1219.5072022136403,1.6221898385311733,276.4813033648736,134.317549085806,1.5719912961450175,922.4192933425571,921.3281889171049,1.5713200658871764,273.46833645603965,921.6200874213002,1.5212916222385158,194.53703876310925,1.5211872268979973,273.3010166500731,1.5208209859496868,114.07916466603054,251.79380889835986,114.09391058247506,1.4201664571830883,224.01965786078702,1.4195167229653507,251.56916924172157,224.1089408105419,263.16855614398304,1.4193566601549967,1.4114407399062256,249.69647297622276,1.3613939943899707,41.696433979741734,163.49829275002355,41.765019907409155,1.2598692838707768,150.12320586938955,163.13884821639743,149.82170478139548,212.9695443819195,1.2596346933765368,1.2516128433414835,161.49841201582956,1.2009121012258916,84.93782957730068,0.009417284551526432,0.0005823490398194492
123.3085781,190.0,25.50727261,599.9999588,1.622168383,1219.506406,1.622195,276.2319733,135.5788464,1.571980399,923.2876913,922.5406806,1.571315,273.1139313,922.5406806,1.521297889,194.8069316,1.521193381,273.1139313,1.520795,113.99970125,251.8809362,113.99970125,1.420144389,223.9747435,1.419502153,251.8809362,223.9747435,262.72845195,1.419362582,1.411445,249.99973885,1.361375,42.813928505,163.77576025000002,42.813928505,1.25988803,149.9999999,163.77576025000002,149.9999999,212.55377959999998,1.259663633,1.251615001,161.88240885,1.2009142745,90.76656687,0.009340412000000003,0.0007357159999999998,123.39652473963173,190.58954739074744,25.682562821806364,600.0025446235584,1.6221616177966023,1219.5072906384205,1.6221898525990137,276.48070706961,134.31649862693945,1.5719912544571517,922.4192457134956,921.3283625742017,1.5713200305938215,273.46796930578637,921.6206275950734,1.5212914401687796,194.5367271268314,1.5211870878927722,273.3004395504573,1.520820810715123,114.07953602293716,251.7943315158093,114.09421697386821,1.4201664586535856,224.01981345321377,1.4195167175718724,251.56895692838273,224.1091014220792,263.1685572701346,1.4193566098832222,1.4114407130744728,249.69687053075427,1.3613938122720624,41.692469842454884,163.49598414043683,41.7610249040219,1.2598691812531717,150.12396155468176,163.1371221201465,149.82394953836183,212.96973973632345,1.2596345376094211,1.2516128093019354,161.4966795475995,1.2009119397868702,84.91512561559432,0.009417074187017904,0.0005821290530493525
123.3085781,190.0,25.50727261,599.9999588,1.622168383,1219.506406,1.622195,276.2319733,135.5788464,1.571980399,923.2876913,922.5406806,1.571315,273.1139313,922.5406806,1.521297889,194.8069316,1.521193381,273.1139313,1.520795,113.99969615,251.8809385,113.99969615,1.420144389,223.9747376,1.419502153,251.8809385,223.9747376,262.72844315,1.419362582,1.411445,249.99974129999998,1.361375,42.813928835,163.77576165,42.813928835,1.25988803,149.9999999,163.77576165,149.9999999,212.55378309999998,1.259663634,1.251615001,161.88241015,1.20091429,90.755805595,0.009340863500000005,0.0007358900000000001,123.39654904484694,190.58844111629213,25.68246055738544,600.0025614305043,1.622161629058727,1219.5073781168826,1.6221898669499977,276.4800644192375,134.31541120611416,1.5719912121219715,922.4191177103928,921.3284744494468,1.5713199946384704,273.4676030259699,921.6211660990667,1.5212912500768137,194.53625967241464,1.5211869444485795,273.29984922020174,1.5208206289370367,114.07992610863973,251.79486543988622,114.09454063086996,1.4201664602937556,224.02000819470274,1.419516709324563,251.56871362650926,224.1092901406355,263.16856008551343,1.4193565542491249,1.4114406842740486,249.6972133082968,1.3613936237417223,41.688602316160086,163.49369546092962,41.75711107856024,1.2598690753654072,150.12465282089988,163.13545707553146,149.82610014437375,212.96992544359637,1.259634378645115,1.2516127733539917,161.49495702179837,1.2009117758741865,84.89188391284256,0.009416919816678027,0.0005819003887959888
123.3085781,190.0,25.50727261,599.9999588,1.622168383,1219.506406,1.622195,276.2319733,135.5788464,1.571980399,923.2876913,922.5406806,1.571315,273.1139313,922.5406806,1.521297889,194.8069316,1.521193381,273.1139313,1.520795,113.99969115,251.88094085,113.99969115,1.420144389,223.97473175,1.419502153,251.88094085,223.97473175,262.72843435000004,1.419362582,1.411445,249.99974375,1.361375,42.813929155,163.77576305000002,42.813929155,1.25988803,149.9999999,163.77576305000002,149.9999999,212.55378660000002,1.259663634,1.251615001,161.88241134999998,1.2009143055,90.74522841000001,0.009341304500000003,0.0007360380000000001,123.39655002331776,190.5869307233144,25.682318068958946,600.0025766624163,1.6221616405417596,1219.5074642928853,1.6221898809711055,276.4793462662257,134.3142712993075,1.5719911702639424,922.4188974259833,921.3285145241616,1.5713199589201705,273.4672156815822,921.6216845657021,1.5212910569204554,194.53556898917472,1.5211868020553956,273.29922755422047,1.520820445986976,114.08033492313821,251.79536795666453,114.09488126084285,1.4201664604917072,224.02025045043814,1.4195166976605114,251.56842384183378,224.10952101972035,263.1686079469541,1.4193564930464617,1.411440654922947,249.6974947777478,1.3613934325567083,41.68483541345444,163.49141611576343,41.75328460425044,1.2598689646378067,150.12521524896982,163.1338354229882,149.82814173349107,212.97003879738634,1.2596342137979786,1.2516127365319074,161.49321759386814,1.2009116143502567,84.86798563124533,0.009416848911362925,0.0005816515828459469
123.3085781,190.0,25.50727261,599.9999588,1.622168383,1219.506406,1.622195,276.2319733,135.5788464,1.571980399,923.2876913,922.5406806,1.571315,273.1139313,922.5406806,1.521297889,194.8069316,1.521193381,273.1139313,1.520795,113.99968605,251.88094315,113.99968605,1.420144389,223.9747259,1.419502153,251.88094315,223.9747259,262.72842564999996,1.419362582,1.411445,249.9997462,1.361375,42.813929474999995,163.7757644,42.813929474999995,1.25988803,149.9999999,163.7757644,149.9999999,212.55379005,1.259663634,1.251615001,161.88241265,1.200914321,90.73483101,0.009341734500000002,0.0007361655000000001,123.39654630512864,190.58500610885108,25.68213433388268,600.0025897712417,1.6221616516875257,1219.507546954961,1.6221898939929638,276.4785466405983,134.31307594956277,1.5719911302881253,922.4185774182263,921.3284594214289,1.571319924996689,273.46680431313814,921.6221629576218,1.5212908707399495,194.53462523959573,1.5211866700733843,273.2985715930282,1.5208202709721577,114.08074724928593,251.7958151965972,114.09521984235371,1.4201664603220345,224.0205335282726,1.4195166834829942,251.5680846430084,224.10978201346845,263.16872450363894,1.419356429265759,1.4114406273753137,249.6977130429808,1.3613932479901967,41.68114135481946,163.48913853655364,41.74952480078447,1.2598688516210945,150.12567609311523,163.132231934568,149.83009164931065,212.97009426838991,1.259634043579562,1.251612701136432,161.49144262175471,1.200911463122876,84.84369221396281,0.009416839369621134,0.0005813843512991392
123.3085781,190.0,25.50727261,599.9999588,1.622168383,1219.506406,1.622195,276.2319733,135.5788464,1.571980399,923.2876913,922.5406806,1.571315,273.1139313,922.5406806,1.521297889,194.8069316,1.521193381,273.1139313,1.520795,113.99968104999999,251.88094545,113.99968104999999,1.420144389,223.97472005,1.419502153,251.88094545,223.97472005,262.72841685000003,1.419362582,1.411445,249.9997486,1.361375,42.813929795,163.77576575,42.813929795,1.25988803,149.9999999,163.77576575,149.9999999,212.55379349999998,1.259663634,1.251615001,161.88241384999998,1.2009143359999999,90.72460917000001,0.009342154500000003,0.0007362764999999997,123.39655174542641,190.58260160364236,25.681895716900513,600.0026002286775,1.6221616625752189,1219.507625309424,1.6221899058478855,276.47767572643244,134.31178819492126,1.5719910922334142,922.4181554545095,921.3282765805432,1.571319893282046,273.46637083559864,921.6225570256603,1.5212906958952028,194.53340742690713,1.521186551618478,273.29788272932393,1.5208201056505428,114.08114757729876,251.7962000406966,114.09554086561856,1.4201664595019494,224.02084002862293,1.419516667210922,251.56769477374127,224.11006910659134,263.16892298784865,1.4193563658975425,1.4114406024750616,249.69786810399575,1.3613930733756818,41.6774982253017,163.48687230992076,41.74581777840319,1.2598687391276078,150.12600809911245,163.1306294552658,149.8319821013695,212.97012803334863,1.2596338700360679,1.2516126682047055,161.48962216302922,1.2009113240543672,84.81924133659518,0.009416868927117046,0.0005810964872940466
123.3085781,190.0,25.50727261,599.9999588,1.622168383,1219.506406,1.622195,276.2319733,135.5788464,1.571980399,923.2876913,922.5406806,1.571315,273.1139313,922.5406806,1.521297889,194.8069316,1.521193381,273.1139313,1.520795,113.99967605,251.88094775000002,113.99967605,1.420144389,223.9747142,1.419502153,251.88094775000002,223.9747142,262.72840815,1.419362582,1.411445,249.99975105,1.361375,42.813930105,163.7757671,42.813930105,1.259888031,149.9999999,163.7757671,149.9999999,212.5537969,1.259663634,1.251615001,161.88241505000002,1.2009143505,90.71455877,0.0093425635,0.0007363735,123.3965732913539,190.57974751657736,25.681602899775257,600.0026046279104,1.6221616738533213,1219.5076892859565,1.6221899174004206,276.47674476133005,134.31036589875006,1.5719910551024456,922.4176069760981,921.3279651666146,1.5713198634922172,273.46589087673266,921.622807492634,1.521290534180006,194.53186250663612,1.5211864472470935,273.2971499956036,1.5208199483374185,114.08152566486643,251.79654803356556,114.09583613678923,1.4201664578900581,224.02114251368482,1.419516650991214,251.56724083358486,224.11037661076378,263.1691856626964,1.4193563050042441,1.4114405807054102,249.69797133755188,1.3613929103253635,41.673816821780704,163.48457782798533,41.74207896390658,1.2598686289886358,150.12629055197579,163.12899972977894,149.83386759811498,212.970267916749,1.2596336924001699,1.2516126378838606,161.48772067350848,1.2009111956050589,84.79501030915772,0.009416868214226439,0.0005807954387825291
123.3085781,190.0,25.50727261,599.9999588,1.622168383,1219.506406,1.622195,276.2319733,135.5788464,1.571980399,923.2876913,922.5406806,1.571315,273.1139313,922.5406806,1.521297889,194.8069316,1.521193381,273.1139313,1.520795,113.99967105,251.88095005,113.99967105,1.420144389,223.9747084,1.419502153,251.88095005,223.9747084,262.72839945,1.419362582,1.411445,249.9997535,1.361375,42.813930415,163.77576845,42.813930415,1.259888031,149.9999999,163.77576845,149.9999999,212.55380029999998,1.259663634,1.251615001,161.88241625,1.200914365,90.70467579999999,0.009342963000000001,0.0007364595000000004,123.39659755743027,190.57638828135927,25.681233384334305,600.0026011322236,1.6221616863071666,1219.507740702575,1.62218992969449,276.4757216127726,134.30880610409244,1.5719910172345666,922.4169386808288,921.3275351983218,1.5713198345369843,273.465341457008,921.6229068445335,1.521290380287729,194.52991754263255,1.521186351197228,273.29633665943317,1.5208197918300264,114.08186688011713,251.7968432621728,114.09609277981863,1.4201664529412692,224.0214439949246,1.4195166337504104,251.56668052737706,224.11071322577732,263.1695198481672,1.4193562450390402,1.411440560985655,249.69797428708205,1.3613927539541562,41.670036955299764,163.48220211205506,41.73825434156466,1.2598685183264384,150.12662008031631,163.12729633868184,149.83585467878498,212.97058386029124,1.2596335061958017,1.251612609130987,161.4856862040016,1.2009110709709645,84.77099616070541,0.009416867281984967,0.000580471161400262
123.3085781,190.0,25.50727261,599.9999588,1.622168383,1219.506406,1.622195,276.2319733,135.5788464,1.571980399,923.2876913,922.5406806,1.571315,273.1139313,922.5406806,1.521297889,194.8069316,1.521193381,273.1139313,1.520795,113.99966605,251.8809523,113.99966605,1.420144389,223.9747026,1.419502153,251.8809523,223.9747026,262.7283908,1.419362582,1.411445,249.9997559,1.361375,42.813930725000006,163.77576975,42.813930725000006,1.259888031,149.9999999,163.77576975,149.9999999,212.55380365,1.259663634,1.251615001,161.88241745,1.2009143789999999,90.69495631999999,0.009343352499999999,0.000736536,123.39660272375622,190.57257946428493,25.680786829696252,600.0025892676258,1.6221617000228952,1219.5077807972941,1.6221899430180473,276.4746236639259,134.3071243349711,1.571990978484618,922.4161736390283,921.3269883454444,1.571319806082072,273.4647225764245,921.6228342091111,1.5212902310294107,194.52759463676009,1.5211862617501724,273.2954359314054,1.5208196329054375,114.08215922491597,251.79710457089752,114.09629938184688,1.4201664436092671,224.02172473050746,1.4195166155016024,251.56596988489974,224.11107426712886,263.16988866279803,1.4193561846355693,1.4114405423851517,249.69785419906776,1.361392602346816,41.66613362429226,163.4797121135171,41.73431211926211,1.2598684060291614,150.12704871492468,163.1255001087335,149.83794582103621,212.97109998180298,1.2596333115508507,1.2516125814340056,161.48351527465857,1.2009109486463765,84.74709193721817,0.009416873149624035,0.0005801235135373183
123.3085781,190.0,25.50727261,599.9999588,1.622168383,1219.506406,1.622195,276.2319733,135.5788464,1.571980399,923.2876913,922.5406806,1.571315,273.1139313,922.5406806,1.521297889,194.8069316,1.521193381,273.1139313,1.520795,113.99966105,251.8809546,113.99966105,1.420144389,223.97469685,1.419502153,251.8809546,223.97469685,262.72838215,1.419362582,1.411445,249.9997583,1.361375,42.813931034999996,163.77577105,42.813931034999996,1.259888031,149.9999999,163.77577105,149.9999999,212.553807,1.259663635,1.251615001,161.88241864999998,1.2009143925,90.68539651500001,0.009343732499999997,0.000736605,123.39658470032369,190.56841704350342,25.68028300698248,600.0025723520567,1.6221617146198233,1219.5078147765594,1.622189957305805,276.4734633815048,134.3053597710622,1.571990938806065,922.4153475724928,921.3263087450748,1.5713197776380834,273.4640331904581,921.6225870816971,1.5212900836147105,194.52492473162792,1.5211861745287831,273.29446139033473,1.5208194683163065,114.08240416245015,251.79736504209427,114.09645886924828,1.4201664302333976,224.02197233996077,1.4195165964935181,251.56511016244488,224.11145438110043,263.17027521431567,1.4193561247477067,1.4114405239581116,249.69764183289513,1.3613924524001622,41.66207195002942,163.47708260442278,41.73022297417409,1.2598682923584172,150.12759875471116,163.12358984845696,149.84015093549544,212.9718403991119,1.259633112557721,1.251612554968899,161.481215342301,1.2009108278501381,84.72324119074098,0.009416891904158477,0.0005797532597409033
123.3085781,190.0,25.50727261,599.9999588,1.622168383,1219.506406,1.622195,276.2319733,135.5788464,1.571980399,923.2876913,922.5406806,1.571315,273.1139313,922.5406806,1.521297889,194.8069316,1.521193381,273.1139313,1.520795,113.99965614999999,251.8809569,113.99965614999999,1.420144389,223.9746911,1.419502153,251.8809569,223.9746911,262.7283735,1.419362582,1.411445,249.9997607,1.361375,42.813931335,163.77577235,42.813931335,1.259888031,149.9999999,163.77577235,149.9999999,212.5538103,1.259663635,1.251615001,161.88241985000002,1.2009144059999999,90.675992625,0.009344103500000003,0.0007366679999999997,123.39654560062965,190.56384545271789,25.67971339415791,600.0025542268221,1.6221617302955866,1219.5078475415528,1.6221899730532645,276.4722686839272,134.3035441996503,1.5719908963375329,922.4144895051816,921.325479699415,1.5713197474440657,273.4632884447096,921.6221562785025,1.521289929473296,194.5218879355587,1.5211860786149305,273.29341669205587,1.5208192878078588,114.08261632459144,251.79769712193195,114.09658060642073,1.4201664122763633,224.02218247338874,1.4195165755872439,251.56412983596323,224.11186025983943,263.17066683351527,1.4193560663808873,1.411440503298075,249.69737932470952,1.361392295847128,41.65783804275202,163.47430601638746,41.725975794493294,1.2598681766601743,150.1282751549891,163.12156353961637,149.84249232107294,212.97281717113177,1.2596329098558503,1.2516125281648103,161.47878715261103,1.200910701699015,84.6992775483537,0.009416929961720362,0.000579360804490526
123.3085781,190.0,25.50727261,599.9999588,1.622168383,1219.506406,1.622195,276.2319733,135.5788464,1.571980399,923.2876913,922.5406806,1.571315,273.1139313,922.5406806,1.521297889,194.8069316,1.521193381,273.1139313,1.520795,113.99965115,251.88095915,113.99965115,1.420144389,223.97468535,1.419502153,251.88095915,223.97468535,262.7283649,1.419362582,1.411445,249.9997631,1.361375,42.813931624999995,163.77577365000002,42.813931624999995,1.259888031,149.9999999,163.77577365000002,149.9999999,212.5538136,1.259663635,1.251615001,161.88242105,1.200914419,90.666741005,0.009344465000000001,0.0007367250000000001,123.39647834054537,190.55891015526214,25.679072196238693,600.0025346351765,1.6221617471995413,1219.5078813410516,1.622189990392376,276.47106450462275,134.30172419280336,1.5719908506706295,922.4136336704826,921.3245128969236,1.5713197147702929,273.4625078369638,921.6215559926557,1.5212897627255202,194.51852513700027,1.5211859702991706,273.29231141137393,1.520819087473514,114.08281151376144,251.7981422680447,114.0966783473236,1.420166388720128,224.022358476865,1.4195165527042335,251.5630418871382,224.11230528764068,263.1710525404192,1.4193560109788135,1.4114404786456278,249.69708479305342,1.3613921293057314,41.65352264888708,163.47144138281112,41.72166564790444,1.2598680604387058,150.12907791575853,163.119473656345,149.84489069275443,212.97395312081414,1.259632706386654,1.2516124995576268,161.47628290334023,1.2009105656419212,84.67504652091623,0.0094170268062963,0.000578941985472186
123.3085781,190.0,25.50727261,599.9999588,1.622168383,1219.506406,1.622195,276.2319733,135.5788464,1.571980399,923.2876913,922.5406806,1.571315,273.1139313,922.5406806,1.521297889,194.8069316,1.521193381,273.1139313,1.520795,113.99964625,251.8809614,113.99964625,1.420144389,223.9746796,1.419502153,251.8809614,223.9746796,262.72835635,1.419362582,1.411445,249.9997655,1.361375,42.813931925000006,163.77577495,42.813931925000006,1.2598880315,149.9999999,163.77577495,149.9999999,212.55381690000002,1.259663635,1.251615001,161.88242225,1.2009144315,90.657638095,0.009344817499999998,0.0007367774999999999,123.39639654038469,190.55397990928793,25.67839179695812,600.0025150385935,1.6221617657745449,1219.5079176878082,1.622190009702497,276.4699130015784,134.29995741117696,1.5719908005843484,922.412851511988,921.3235076894972,1.571319677788083,273.461739589421,921.6209089529738,1.5212895726833817,194.51517338937364,1.5211858399493146,273.2911946409259,1.520818860452339,114.08304152678636,251.7987720890735,114.09680681515702,1.4201663646548741,224.02252845740864,1.4195165305674082,251.5620067025749,224.11278109931988,263.17136082440453,1.4193559617640352,1.4114404479481202,249.69688591044732,1.3613919430058024,41.64919151329501,163.46858280394247,41.71735210604113,1.2598679423859478,150.12986581058777,163.11741051469926,149.84710571784044,212.97508424693098,1.259632504835772,1.2516124665956083,161.47378809937686,1.2009104099087389,84.6507352779637,0.009417163574908013,0.0005785108553365047
123.3085781,190.0,25.50727261,599.9999588,1.622168383,1219.506406,1.622195,276.2319733,135.5788464,1.571980399,923.2876913,922.5406806,1.571315,273.1139313,922.5406806,1.521297889,194.8069316,1.521193381,273.1139313,1.520795,113.99964135,251.88096365,113.99964135,1.420144389,223.9746739,1.419502153,251.88096365,223.9746739,262.72834780000005,1.419362582,1.411445,249.99976785,1.361375,42.813932215,163.77577624999998,42.813932215,1.259888032,149.9999999,163.77577624999998,149.9999999,212.55382015,1.259663635,1.251615001,161.8824234,1.2009144445,90.64868039999999,0.009345161,0.000736827,123.39629158960436,190.54956491442988,25.67775434873434,600.0024981230246,1.6221617847799013,1219.5079583048678,1.62219002997888,276.468960965972,134.2983421735813,1.5719907487033677,922.4122033102291,921.3225692732619,1.571319637810504,273.4610331428928,921.6203128415765,1.5212893633829092,194.51218963777725,1.5211856883072508,273.29011477699925,1.5208186155341408,114.08331133850261,251.79956774063913,114.09697742278091,1.420166343926518,224.02266999632587,1.4195165138371524,251.5611503302319,224.11323750377167,263.17149877796874,1.4193559182467246,1.4114404114919044,249.6968551510612,1.3613917384504441,41.6449085288683,163.46581555024818,41.7130799247939,1.2598678218478687,150.13042576100102,163.11544273469968,149.8488202562739,212.97590425307112,1.2596323126206856,1.2516124295355155,161.47140440205607,1.2009102386656367,84.62700039834158,0.00941729431308017,0.0005780924106570316
123.3085781,190.0,25.50727261,599.9999588,1.622168383,1219.506406,1.622195,276.2319733,135.5788464,1.571980399,923.2876913,922.5406806,1.571315,273.1139313,922.5406806,1.521297889,194.8069316,1.521193381,273.1139313,1.520795,113.99963645,251.8809659,113.99963645,1.420144389,223.9746682,1.419502153,251.8809659,223.9746682,262.72833925,1.419362582,1.411445,249.99977024999998,1.361375,42.813932505,163.77577755,42.813932505,1.259888032,149.9999999,163.77577755,149.9999999,212.5538234,1.259663635,1.251615001,161.88242455,1.2009144565,90.63986454,0.009345496500000001,0.0007368730000000003,123.39617393827277,190.54585207550463,25.677237572527247,600.0024855869389,1.6221618018488422,1219.508000675499,1.6221900491604868,276.46823895003445,134.29694870773787,1.5719907008861589,922.4116630180627,921.3217836418763,1.5713195992781743,273.4604076469895,921.6198653405836,1.5212891596132907,194.509663394759,1.5211855356883668,273.28908940241797,1.5208183835564917,114.08357997966911,251.80030350895538,114.0971471524925,1.4201663236789015,224.02279212801568,1.4195165011127324,251.560476120221,224.11363635575592,263.17153115482563,1.419355873491955,1.4114403745524693,249.6969132989418,1.3613915359921571,41.64081814910304,163.46318604115385,41.708980593882515,1.2598676973855985,150.13064131713355,163.11357738017185,149.84995502304056,212.97613819599934,1.2596321279509688,1.2516123921450957,161.46919618860477,1.200910075007678,84.60484309051562,0.009417384745033827,0.0005777093571815232
123.3085781,190.0,25.50727261,599.9999588,1.622168383,1219.506406,1.622195,276.2319733,135.5788464,1.571980399,923.2876913,922.5406806,1.571315,273.1139313,922.5406806,1.521297889,194.8069316,1.521193381,273.1139313,1.520795,113.99963155,251.88096815,113.99963155,1.420144389,223.97466250000002,1.419502153,251.88096815,223.97466250000002,262.72833075,1.419362582,1.411445,249.9997726,1.361375,42.813932785000006,163.77577885,42.813932785000006,1.259888032,149.9999999,163.77577885,149.9999999,212.55382665000002,1.259663635,1.251615001,161.88242574999998,1.2009144685,90.63118718999999,0.009345823999999996,0.0007369160000000002,123.39609971147625,190.5426696421401,25.676859535051218,600.002476897096,1.6221618156475848,1219.5080374224904,1.622190065055016,276.4676809328531,134.29576444658076,1.571990662252199,922.4111941694883,921.3211733373676,1.5713195668807796,273.45988938890315,921.6195898269126,1.5212889887049175,194.5075769788279,1.521185410210247,273.28821583201915,1.5208181882518692,114.08383837852534,251.8008558586475,114.09729786077088,1.420166304534158,224.0228931794412,1.4195164927999684,251.55994722131186,224.11395992108208,263.1715559301596,1.419355827602848,1.4114403440573355,249.69706751723382,1.3613913602260714,41.63701297239415,163.46076113072357,41.705149798314324,1.2598675785480022,150.13058185337286,163.11183866994656,149.85075035083992,212.97593560624708,1.2596319581162154,1.2516123602649343,161.4671985060847,1.2009099431507158,84.58464066450105,0.00941739774229927,0.0005773685787326162
123.3085781,190.0,25.50727261,599.9999588,1.622168383,1219.506406,1.622195,276.2319733,135.5788464,1.571980399,923.2876913,922.5406806,1.571315,273.1139313,922.5406806,1.521297889,194.8069316,1.521193381,273.1139313,1.520795,113.99962665,251.8809704,113.99962665,1.420144389,223.97465685,1.419502153,251.8809704,223.97465685,262.72832225,1.419362582,1.411445,249.99977495000002,1.361375,42.813933074999994,163.77578010000002,42.813933074999994,1.259888032,149.9999999,163.77578010000002,149.9999999,212.55382985,1.259663636,1.251615001,161.88242689999998,1.20091448,90.622645125,0.009346142500000003,0.0007369569999999999,123.39609740228511,190.53987112137196,25.67658853433576,600.0024742605187,1.622161826720757,1219.5080789044644,1.6221900778562697,276.4671833177833,134.29473025097602,1.5719906303893398,922.4108741617314,921.3207942973579,1.5713195391206356,273.45947366827494,921.6195914966925,1.5212888475435704,194.5060641062592,1.5211853083241897,273.2874996365985,1.5208180231499995,114.08414623310831,251.80123484005114,114.09748485609106,1.4201662868599116,224.02306416380696,1.4195164836101095,251.5595845717035,224.11428181337138,263.17171837751994,1.4193557858643846,1.4114403207912185,249.69733634584125,1.3613912064610512,41.633478800321086,163.45852467307017,41.70158229084698,1.259867469324675,150.13033904301665,163.11019431224946,149.85144161705804,212.975443602563,1.259631800558673,1.251612333988792,161.46534846863335,1.2009098364209558,84.56614356091771,0.009417338295037703,0.0005770508280284167
123.3085781,190.0,25.50727261,599.9999588,1.622168383,1219.506406,1.622195,276.2319733,135.5788464,1.571980399,923.2876913,922.5406806,1.571315,273.1139313,922.5406806,1.521297889,194.8069316,1.521193381,273.1139313,1.520795,113.99962185,251.8809726,113.99962185,1.420144389,223.97465119999998,1.419502153,251.8809726,223.97465119999998,262.7283138,1.419362582,1.411445,249.9997773,1.361375,42.81393335,163.77578135,42.81393335,1.259888032,149.9999999,163.77578135,149.9999999,212.55383305,1.259663636,1.251615001,161.88242805,1.2009144914999998,90.614235175,0.009346453499999997,0.0007369960000000001,123.39617593435325,190.53729991727272,25.676341054437113,600.0024753615613,1.6221618367456598,1219.508125477562,1.6221900892122538,276.4666637542718,134.29375667298356,1.5719906008351416,922.4106657845873,921.3205713817575,1.5713195129663238,273.45909537643024,921.6198094029595,1.5212887250177134,194.50503747469142,1.521185216985318,273.2868650881522,1.5208178757254078,114.08448305879747,251.80143961563832,114.0976958476808,1.4201662707127203,224.02331277708237,1.419516469118409,251.55935467027746,224.11461006320073,263.17205763067267,1.4193557499007305,1.4114403024206228,249.69763740859986,1.3613910647450989,41.63010050221282,163.45641788707317,41.69818917702205,1.2598673605591701,150.12992279669177,163.10855096367033,149.85207341951545,212.97473936199557,1.2596316437684563,1.2516123110490964,161.463557340073,1.2009097398688737,84.54916461023046,0.009417236950386864,0.0005767387013819349
123.3085781,190.0,25.50727261,599.9999588,1.622168383,1219.506406,1.622195,276.2319733,135.5788464,1.571980399,923.2876913,922.5406806,1.571315,273.1139313,922.5406806,1.521297889,194.8069316,1.521193381,273.1139313,1.520795,113.99961695,251.8809748,113.99961695,1.420144389,223.9746456,1.419502153,251.8809748,223.9746456,262.72830535,1.419362582,1.411445,249.9997797,1.361375,42.813933625000004,163.77578265,42.813933625000004,1.259888032,149.9999999,163.77578265,149.9999999,212.55383619999998,1.259663636,1.251615001,161.8824292,1.2009145024999999,90.60595427,0.009346756999999997,0.0007370329999999999,123.39624591458642,190.53469335280272,25.67608266633357,600.0024753072498,1.622161846487481,1219.5081698324088,1.6221901002521066,276.4661341822709,134.29279048738286,1.571990572222744,922.4104276392798,921.3203284287998,1.5713194877776961,273.458719173634,921.6200030974192,1.5212886065029714,194.50395890374398,1.521185129479538,273.2862225316871,1.5208177323783096,114.08480144832814,251.80161968415052,114.09789162212398,1.4201662539716742,224.0235546982104,1.419516454050706,251.55910424941627,224.11492559795002,263.1723867484616,1.4193557131121037,1.4114402846984497,249.69790665856874,1.3613909274778468,41.62677652849624,163.45434414968898,41.694850078927075,1.2598672521860845,150.1295090280236,163.10692729289116,149.85267053477912,212.97405441569026,1.2596314882571158,1.251612288888338,161.46178336220248,1.2009096466735003,84.53256891144851,0.009417142735937538,0.000576429676175902
123.3085781,190.0,25.50727261,599.9999588,1.622168383,1219.506406,1.622195,276.2319733,135.5788464,1.571980399,923.2876913,922.5406806,1.571315,273.1139313,922.5406806,1.521297889,194.8069316,1.521193381,273.1139313,1.520795,113.99961215,251.88097705,113.99961215,1.420144389,223.97463995,1.419502153,251.88097705,223.97463995,262.72829694999996,1.419362582,1.411445,249.99978199999998,1.361375,42.813933905,163.77578384999998,42.813933905,1.259888033,149.9999999,163.77578384999998,149.9999999,212.55383935,1.259663636,1.251615001,161.88243035,1.2009145135,90.597799405,0.009347052500000001,0.0007370690000000001,123.3963124897411,190.53205142796205,25.675815415313544,600.002475875052,1.6221618561997786,1219.5082151437489,1.6221901111586345,276.4656040835074,134.2918257802605,1.5719905435374195,922.4101746098904,921.3200762920534,1.5713194624252083,273.458341229964,921.6201992965484,1.5212884867176277,194.50286707167834,1.5211850414791654,273.28557631938725,1.5208175876639083,114.08511515565984,251.8018010089547,114.09808329964311,1.4201662369195613,224.02379661933844,1.4195164382760908,251.55884964091527,224.11523979426983,263.1727082647275,1.4193556762976964,1.4114402667036914,249.69817253764597,1.3613907891559984,41.62349545870264,163.4522979107689,41.69155450207738,1.2598671439438052,150.129090304042,163.10532481358894,149.85324287347584,212.9733549986884,1.2596313323621124,1.2516122662847395,161.4600228066109,1.2009095522724287,84.51616632409169,0.009417063328914814,0.0005761211156367291
123.3085781,190.0,25.50727261,599.9999588,1.622168383,1219.506406,1.622195,276.2319733,135.5788464,1.571980399,923.2876913,922.5406806,1.571315,273.1139313,922.5406806,1.521297889,194.8069316,1.521193381,273.1139313,1.520795,113.99960730000001,251.88097925,113.99960730000001,1.420144389,223.97463435,1.419502153,251.88097925,223.97463435,262.72828855,1.419362582,1.411445,249.99978435,1.361375,42.813934175,163.77578515,42.813934175,1.259888033,149.9999999,163.77578515,149.9999999,212.55384255,1.259663636,1.251615001,161.88243145,1.2009145235,90.58976763999999,0.009347340999999999,0.0007371030000000002,123.39637638388577,190.52935393682452,25.67554271019107,600.0024768625341,1.6221618658078742,1219.5082617575486,1.622190121773772,276.4650629227293,134.2908448098763,1.5719905150507343,922.4099081848277,921.3198099621787,1.571319437323973,273.4579591081973,921.6203879816686,1.521288367455473,194.5017476122831,1.521184954270141,273.2849271476023,1.520817443340165,114.08542593661716,251.80196893331146,114.09827146551301,1.420166218962527,224.02404188654018,1.419516421873109,251.55859000724647,224.11555532901912,263.1730314702208,1.4193556393028264,1.411440248861746,249.69843209630142,1.3613906512705347,41.62025019362175,163.45027185420778,41.68829503860142,1.2598670356361226,150.1286740577171,163.10373091178926,149.8538003462324,212.97266764060032,1.2596311759555587,1.251612243647964,161.4582662279909,1.2009094585279816,84.49994199343499,0.009416999332167615,0.0005758114647787886
123.3085781,190.0,25.50727261,599.9999588,1.622168383,1219.506406,1.622195,276.2319733,135.5788464,1.571980399,923.2876913,922.5406806,1.571315,273.1139313,922.5406806,1.521297889,194.8069316,1.521193381,273.1139313,1.520795,113.99960250000001,251.88098150000002,113.99960250000001,1.420144389,223.97462875,1.419502153,251.88098150000002,223.97462875,262.7282802,1.419362582,1.411445,249.99978670000002,1.361375,42.813934445,163.77578634999998,42.813934445,1.259888033,149.9999999,163.77578634999998,149.9999999,212.55384565,1.259663636,1.251615001,161.88243265,1.2009145339999998,90.58185612,0.009347622000000002,0.0007371354999999998,123.39644045415515,190.52663623976085,25.67526250567773,600.0024781067616,1.622161875305516,1219.508309700942,1.622190132064531,276.464520708426,134.2898520116653,1.5719904868967352,922.4096328293158,921.3195361182951,1.571319412546089,273.4575782050421,921.6205683178896,1.521288249314437,194.50059721027873,1.521184869163135,273.28427136049737,1.5208173002860605,114.08573583966218,251.80212806362456,114.09845963138292,1.4201662006661473,224.02429551892615,1.4195164057581287,251.55832618593786,224.11587354062735,263.17335636494136,1.4193556028493446,1.411440231330933,249.69869144427614,1.3613905150215138,41.61703610333382,163.44826169125434,41.685065206611604,1.2598669282440846,150.12827019967568,163.10214962396395,149.85436525195902,212.97199234142607,1.2596310200605554,1.2516122212044802,161.45651834899613,1.2009093662043338,84.48392265798344,0.009416947180898328,0.0005755004267735755
123.3085781,190.0,25.50727261,599.9999588,1.622168383,1219.506406,1.622195,276.2319733,135.5788464,1.571980399,923.2876913,922.5406806,1.571315,273.1139313,922.5406806,1.521297889,194.8069316,1.521193381,273.1139313,1.520795,113.9995977,251.8809837,113.9995977,1.420144389,223.9746232,1.419502153,251.8809837,223.9746232,262.72827185,1.419362582,1.411445,249.999789,1.361375,42.81393471,163.77578764999998,42.81393471,1.259888033,149.9999999,163.77578764999998,149.9999999,212.55384875,1.259663636,1.251615001,161.88243375000002,1.2009145445,90.574062045,0.009347896499999996,0.0007371674999999997,123.39650205867808,190.52393874862332,25.67497923323176,600.0024797904186,1.622161884458945,1219.508359703171,1.6221901418192417,276.4639823570484,134.2888488641059,1.5719904594622827,922.4093567295998,921.3192564301823,1.5713193885678438,273.45720652851736,921.620735295872,1.5212881344121898,194.49943796752885,1.5211847872957094,273.28361870696506,1.5208171605769658,114.08604398688259,251.80228133124194,114.0986475046154,1.4201661827939493,224.0245514935637,1.419516390494061,251.5580619458653,224.11619543291667,263.1736829488892,1.4193555678911258,1.4114402145242613,249.6989425757025,1.3613903824696416,41.61383991540224,163.44626616051116,41.681857289575085,1.2598668221601106,150.12787872991777,163.10057186805145,149.85493015768566,212.97132910116568,1.2596308650607653,1.2516121996394645,161.4547709671228,1.2009092769090826,84.46814396907706,0.009416903145929485,0.0005751868096416622
123.3085781,190.0,25.50727261,599.9999588,1.622168383,1219.506406,1.622195,276.2319733,135.5788464,1.571980399,923.2876913,922.5406806,1.571315,273.1139313,922.5406806,1.521297889,194.8069316,1.521193381,273.1139313,1.520795,113.9995929,251.88098585,113.9995929,1.420144389,223.97461765,1.419502153,251.88098585,223.97461765,262.7282635,1.419362582,1.411445,249.9997913,1.361375,42.813934974999995,163.77578885,42.813934974999995,1.259888033,149.9999999,163.77578885,149.9999999,212.55385185,1.259663637,1.251615001,161.88243484999998,1.2009145535,90.56638269,0.009348164,0.0007371984999999998,123.3965603168308,190.52125136044884,25.67469255197176,600.0024810050217,1.6221618933285975,1219.5084109739412,1.6221901511107513,276.46344330332073,134.2878272355671,1.5719904327571006,922.4090828624962,921.3189692280605,1.5713193654241946,273.4568325888568,921.6208822364966,1.521288023645626,194.49824115161076,1.5211847096199558,273.28295108191935,1.5208170247256196,114.08634511080452,251.802419104592,114.09882923246177,1.420166165006588,224.02481047966756,1.4195163759892695,251.55778179276138,224.11652000206493,263.1740140374433,1.419355534350829,1.4114401985615022,249.69917727403217,1.361390254172521,41.610657617229904,163.44427390940132,41.67866357095901,1.2598667177112162,150.12754176860716,163.09899007566716,149.85550992935248,212.9706851551674,1.2596307107004132,1.2516121789630137,161.45301687411,1.2009091912196048,84.45265049089089,0.009416866349743579,0.0005748697821592104
123.3085781,190.0,25.50727261,599.9999588,1.622168383,1219.506406,1.622195,276.2319733,135.5788464,1.571980399,923.2876913,922.5406806,1.571315,273.1139313,922.5406806,1.521297889,194.8069316,1.521193381,273.1139313,1.520795,113.99958815,251.88098804999998,113.99958815,1.420144389,223.9746121,1.419502153,251.88098804999998,223.9746121,262.72825520000004,1.419362582,1.411445,249.9997936,1.361375,42.813935235,163.7757901,42.813935235,1.259888033,149.9999999,163.7757901,149.9999999,212.553855,1.259663637,1.251615001,161.88243595,1.2009145635,90.558815395,0.009348424500000004,0.0007372275000000001,123.39661556129339,190.5185690237559,25.67440075749071,600.0024816666347,1.6221619018363227,1219.508463065532,1.6221901598689612,276.462904249593,134.28679673615824,1.5719904069867734,922.4088052743721,921.318679521269,1.5713193433161434,273.45645708240994,921.6210041304238,1.5212879183102614,194.49701670836305,1.5211846369766806,273.2822770156411,1.52081689387958,114.08663745560335,251.80254012738277,114.09900218118513,1.4201661478696388,224.02506946577142,1.4195163624139366,251.55748195775033,224.1168445712132,263.1743451259974,1.4193555022542346,1.4114401836505368,249.69939216837352,1.3613901314514276,41.607474084412296,163.44227964005557,41.6754735562787,1.259866615028208,150.12722958386348,163.09740222857516,149.85609961164607,212.97007256234505,1.2596305571073871,1.2516121595631544,161.45125308722905,1.2009091101434792,84.43748084570996,0.009416833118140379,0.0005745497080796589
123.3085781,190.0,25.50727261,599.9999588,1.622168383,1219.506406,1.622195,276.2319733,135.5788464,1.571980399,923.2876913,922.5406806,1.571315,273.1139313,922.5406806,1.521297889,194.8069316,1.521193381,273.1139313,1.520795,113.99958335,251.88099019999999,113.99958335,1.420144389,223.97460655,1.419502153,251.88099019999999,223.97460655,262.72824690000004,1.419362582,1.411445,249.99979589999998,1.361375,42.81393549,163.77579135000002,42.81393549,1.259888033,149.9999999,163.77579135000002,149.9999999,212.55385805,1.259663637,1.251615001,161.88243715,1.2009145724999999,90.55135757,0.009348678500000002,0.0007372565000000001,123.39666626565136,190.5159068929891,25.674106235958437,600.0024821801254,1.622161910022412,1219.508516368003,1.6221901681900854,276.4623683564409,134.28576401903183,1.5719903819304364,922.4085314072685,921.3183781260191,1.571319322055797,273.4560831427494,921.6211076567729,1.5212878172351494,194.4957546919471,1.5211845680923088,273.2815923300336,1.5208167669401211,114.08691868017962,251.80264900601807,114.09916693606033,1.4201661308458047,224.0253274480532,1.4195163495586072,251.55716620970796,224.11717114800567,263.1746787483924,1.4193554715240009,1.4114401695490673,249.69958620532293,1.3613900130941823,41.60428993427205,163.44028057739956,41.672282615614456,1.2598665135878604,150.12695456397026,163.09580075839088,149.85670663753652,212.96949614626416,1.2596304046653493,1.2516121411427361,161.4494743867048,1.2009090326391636,84.42260829502922,0.00941680251884708,0.000574226652308011
123.3085781,190.0,25.50727261,599.9999588,1.622168383,1219.506406,1.622195,276.2319733,135.5788464,1.571980399,923.2876913,922.5406806,1.571315,273.1139313,922.5406806,1.521297889,194.8069316,1.521193381,273.1139313,1.520795,113.99957865,251.8809924,113.99957865,1.420144389,223.97460105,1.419502153,251.8809924,223.97460105,262.7282387,1.419362582,1.411445,249.9997982,1.361375,42.813935744999995,163.77579255,42.813935744999995,1.259888034,149.9999999,163.77579255,149.9999999,212.55386115,1.259663637,1.251615001,161.88243825,1.2009145815,90.54400667,0.0093489265,0.0007372844999999999,123.39671082521258,190.5132346592592,25.673804215035297,600.002482728178,1.622161917871235,1219.5085709695416,1.622190176043885,276.4618329900514,134.28472982342709,1.571990357590868,922.4082627495934,921.3180692167601,1.5713193015950895,273.45570537316684,921.6211836317549,1.5212877197725319,194.4944352106856,1.5211845023362345,273.28089040977693,1.520816643125927,114.08718995508305,251.80273569016234,114.09932232653766,1.4201661131432797,224.02558476112023,1.4195163369520059,251.55683077975846,224.1175004016571,263.1750118077117,1.4193554415156187,1.4114401560698628,249.699760438284,1.3613898988098612,41.60110887074498,163.4382749554769,41.66909723085386,1.2598664120167065,150.1266968876739,163.094191719822,149.85730375280022,212.9689269655316,1.2596302522233116,1.2516121236512725,161.44768450094807,1.2009089587519426,84.40803878073874,0.00941677762272123,0.0005739013947038547
123.3085781,190.0,25.50727261,599.9999588,1.622168383,1219.506406,1.622195,276.2319733,135.5788464,1.571980399,923.2876913,922.5406806,1.571315,273.1139313,922.5406806,1.521297889,194.8069316,1.521193381,273.1139313,1.520795,113.9995739,251.8809946,113.9995739,1.420144389,223.97459555,1.419502153,251.8809946,223.97459555,262.72823045,1.419362582,1.411445,249.9998005,1.361375,42.813936,163.77579375,42.813936,1.259888034,149.9999999,163.77579375,149.9999999,212.55386425,1.259663637,1.251615001,161.88243935,1.2009145905,90.53676023,0.009349168000000003,0.0007373115,123.39674933782412,190.510587682937,25.673502875874963,600.0024828516133,1.6221619255620185,1219.508625632133,1.6221901836949484,276.4613065786261,134.28370228097492,1.5719903336826109,922.4079985571428,921.3177569679417,1.5713192815647887,273.4553232514001,921.6212479182781,1.5212876243777564,194.49311793961044,1.5211844383359636,273.28018605229715,1.5208165214847682,114.08745391405057,251.80282069925065,114.09946981580427,1.420166095638706,224.02583672046936,1.4195163246988607,251.5564890683492,224.11782530541274,263.1753367024323,1.4193554124353305,1.4114401428467236,249.6999230838051,1.3613897868892908,41.59794138831583,163.4362779110568,41.66592851380422,1.2598663118844227,150.1264590326311,163.09258369037104,149.85789343509379,212.9683963733233,1.2596301015717004,1.2516121066214012,161.44590182345226,1.2009088867553468,84.39376933189344,0.00941675810069502,0.0005735754875916125
123.3085781,190.0,25.50727261,599.9999588,1.622168383,1219.506406,1.622195,276.2319733,135.5788464,1.571980399,923.2876913,922.5406806,1.571315,273.1139313,922.5406806,1.521297889,194.8069316,1.521193381,273.1139313,1.520795,113.99956915,251.8809967,113.99956915,1.420144389,223.97459005,1.419502153,251.8809967,223.97459005,262.7282222,1.419362582,1.411445,249.9998028,1.361375,42.81393625,163.77579494999998,42.81393625,1.259888034,149.9999999,163.77579494999998,149.9999999,212.55386725,1.259663637,1.251615001,161.88244045,1.2009145995,90.52961583,0.009349403499999997,0.0007373375,123.39678554124453,190.5079457580963,25.67320153671463,600.0024830145478,1.6221619331152557,1219.5086795994011,1.622190191156333,276.46079456537854,134.2826873055887,1.5719903101598252,922.4077395741208,921.3174413795637,1.5713192618643936,273.4549496599143,921.6212930023333,1.52128753050272,194.49179624816256,1.5211843752012297,273.27948569882676,1.5208164013818257,114.08770880125758,251.8029006831712,114.09960911122275,1.4201660776816718,224.02608131845633,1.4195163128646264,251.5561444255921,224.11814485545048,263.17565033563744,1.4193553835097248,1.4114401297708905,249.70008910021784,1.3613896766536506,41.59480322871174,163.4342942374495,41.66278603296627,1.2598662119483484,150.1262162222749,163.09098575209956,149.85845834082045,212.9678561339839,1.2596299521989656,1.2516120899305117,161.44413530240337,1.2009088160210546,84.37985639644842,0.009416741101210784,0.0005732524439256679
123.3085781,190.0,25.50727261,599.9999588,1.622168383,1219.506406,1.622195,276.2319733,135.5788464,1.571980399,923.2876913,922.5406806,1.571315,273.1139313,922.5406806,1.521297889,194.8069316,1.521193381,273.1139313,1.520795,113.99956445,251.8809989,113.99956445,1.420144389,223.97458460000001,1.419502153,251.8809989,223.97458460000001,262.728214,1.419362582,1.411445,249.9998051,1.361375,42.8139365,163.7757962,42.8139365,1.259888034,149.9999999,163.7757962,149.9999999,212.55387035,1.259663637,1.251615001,161.88244155,1.200914608,90.52257112000001,0.009349633,0.0007373635000000001,123.3968177916428,190.50533919362633,25.672902242842714,600.002482703491,1.6221619406229917,1219.508731711343,1.6221901986720098,276.46029642354614,134.28168563650763,1.571990286864155,922.4074791026907,921.3171241214058,1.5713192423573539,273.4545793760884,921.6213263979298,1.5212874373252687,194.49049886876472,1.5211843121901438,273.27879439789933,1.5208162822555285,114.08795549461635,251.80297564192398,114.09974167598024,1.4201660594701284,224.02631487440013,1.4195163005591174,251.55579978283498,224.11845403265974,263.1759515811756,1.4193553545067779,1.411440116561518,249.7002490068895,1.3613895672786582,41.59171229428906,163.43234033282172,41.65969108597068,1.2598661128625157,150.1259783672321,163.08940446427425,149.85899846998012,212.96731830642727,1.2596298052560952,1.2516120732944362,161.44239960288397,1.2009087454792213,84.36635048046867,0.00941672530816905,0.000572935233394793
123.3085781,190.0,25.50727261,599.9999588,1.622168383,1219.506406,1.622195,276.2319733,135.5788464,1.571980399,923.2876913,922.5406806,1.571315,273.1139313,922.5406806,1.521297889,194.8069316,1.521193381,273.1139313,1.520795,113.99955975,251.881001,113.99955975,1.420144389,223.97457915,1.419502152,251.881001,223.97457915,262.72820590000003,1.419362582,1.411445,249.99980735,1.361375,42.813936745,163.7757974,42.813936745,1.259888034,149.9999999,163.7757974,149.9999999,212.55387335,1.259663638,1.251615001,161.88244265,1.2009146165,90.51562380499999,0.009349857000000001,0.0007373879999999997,123.39685100094249,190.5028084013793,25.672615561582713,600.0024815037002,1.6221619481296854,1219.508780305966,1.622190206317575,276.4598290095321,134.2807201901461,1.5719902639754872,922.4072268175056,921.3168127074772,1.5713192229966961,273.4542285900474,921.6213564539667,1.5212873448952302,194.48927884588974,1.5211842490925043,273.2781262505915,1.520816164813944,114.08819282357717,251.8030535320246,114.09986897326394,1.4201660417676034,224.0265390613376,1.4195162887117923,251.55548110344475,224.11874848714479,263.1762353713648,1.4193553259936584,1.4114401033039614,249.70041776215166,1.3613894590431148,41.58868587008151,163.43042679291185,41.656660340528404,1.259866015215553,150.12572564624915,163.08785849557714,149.85950638960276,212.96676359639127,1.2596296615104152,1.2516120567218296,161.44070988709808,1.2009086750732414,84.35334368324929,0.009416707650702363,0.0005726265219609341
123.3085781,190.0,25.50727261,599.9999588,1.622168383,1219.506406,1.622195,276.2319733,135.5788464,1.571980399,923.2876913,922.5406806,1.571315,273.1139313,922.5406806,1.521297889,194.8069316,1.521193381,273.1139313,1.520795,113.99955510000001,251.8810032,113.99955510000001,1.420144389,223.9745737,1.419502152,251.8810032,223.9745737,262.7281977,1.419362582,1.411445,249.9998096,1.361375,42.81393699,163.7757986,42.81393699,1.259888034,149.9999999,163.7757986,149.9999999,212.55387635,1.259663638,1.251615001,161.88244375,1.2009146245,90.50877163499999,0.009350074999999996,0.0007374124999999997,123.39688473861641,190.50038369024446,25.672343879104446,600.002479217679,1.6221619556836173,1219.5088244301687,1.6221902141590046,276.4593907430486,134.27978874878656,1.5719902415855014,922.4069752765245,921.316513816897,1.5713192039561126,273.4538912087336,921.6213781611044,1.521287253984931,194.48812291841944,1.521184186576011,273.2774861313495,1.5208160498139727,114.08842342187697,251.80312807201338,114.09998983252407,1.4201660247154906,224.02674952937292,1.4195162770215588,251.55517624326592,224.11902487283186,263.1765045215839,1.4193552976352215,1.4114400901000956,249.70059515532364,1.3613893525773542,41.585736611203075,163.42856623169428,41.65370367380149,1.259865920119315,150.125458059326,163.0863503688031,149.85999201031512,212.966201651007,1.2596295221129143,1.2516120404348334,161.4390718719423,1.200908605459739,84.34089542369031,0.009416684674110509,0.0005723287918568737
123.3085781,190.0,25.50727261,599.9999588,1.622168383,1219.506406,1.622195,276.2319733,135.5788464,1.571980399,923.2876913,922.5406806,1.571315,273.1139313,922.5406806,1.521297889,194.8069316,1.521193381,273.1139313,1.520795,113.99955045,251.8810053,113.99955045,1.420144389,223.97456825,1.419502152,251.8810053,223.97456825,262.72818959999995,1.419362582,1.411445,249.9998119,1.361375,42.81393723,163.77579980000002,42.81393723,1.259888034,149.9999999,163.77579980000002,149.9999999,212.55387945,1.259663638,1.251615001,161.88244485,1.2009146325,90.502012415,0.009350287499999997,0.0007374359999999998,123.39692237060422,190.4980448542956,25.672086854526516,600.0024754998088,1.6221619632625577,1219.5088636057044,1.6221902221639974,276.4589774099948,134.2788876162332,1.571990219828244,922.406720014523,921.3162182658763,1.5713191853874469,273.45357576242776,921.6213965286825,1.5212871654663522,194.48704766275156,1.5211841251105267,273.27687891461954,1.520815938110179,114.08864524105367,251.80319591177846,114.10010805804731,1.4201660083420689,224.02694995918716,1.419516265815691,251.55489525263403,224.11928921265363,263.17676494412854,1.4193552698439533,1.4114400772280131,249.7007754980258,1.3613892486329278,41.58287069088007,163.42675839688954,41.65082941964541,1.2598658273121883,150.12519295005956,163.08488462498286,149.8604602874306,212.96564694097103,1.2596293870635924,1.2516120246151994,161.43748829158454,1.200908537153825,84.32899381801174,0.009416655062356434,0.0005720414915796643
123.3085781,190.0,25.50727261,599.9999588,1.622168383,1219.506406,1.622195,276.2319733,135.5788464,1.571980399,923.2876913,922.5406806,1.571315,273.1139313,922.5406806,1.521297889,194.8069316,1.521193381,273.1139313,1.520795,113.99954575,251.8810075,113.99954575,1.420144389,223.97456285,1.419502152,251.8810075,223.97456285,262.7281815,1.419362582,1.411445,249.99981415,1.361375,42.81393747,163.775801,42.81393747,1.259888035,149.9999999,163.775801,149.9999999,212.55388245,1.259663638,1.251615001,161.88244594999998,1.20091464,90.49534402500001,0.009350495000000002,0.0007374589999999999,123.39696493408495,190.49578179056977,25.671844146967516,600.0024706018974,1.6221619709095767,1219.5088991621665,1.6221902303085003,276.4585842695074,134.27800866085502,1.5719901985905052,922.4064640083174,921.3159318986443,1.571319167148687,273.4532761580722,921.621410721811,1.5212870788412192,194.48601550571786,1.5211840646960515,273.2762983332564,1.5208158288479978,114.088864133856,251.80326123895964,114.10022364983365,1.420165992675617,224.02714536989086,1.41951625470146,251.55462849997755,224.11954351425433,263.1770214251428,1.4193552425940734,1.4114400645583045,249.70096237183049,1.3613891467734507,41.580075453998525,163.42499647695143,41.648027083575506,1.2598657367941735,150.12493527376319,163.083451172937,149.86091617626263,212.96509223093506,1.2596292553393484,1.2516120091633969,161.4359504463996,1.2009084700253063,84.31757647636852,0.009416622818552342,0.000571762409074421
123.3085781,190.0,25.50727261,599.9999588,1.622168383,1219.506406,1.622195,276.2319733,135.5788464,1.571980399,923.2876913,922.5406806,1.571315,273.1139313,922.5406806,1.521297889,194.8069316,1.521193381,273.1139313,1.520795,113.99954115,251.8810096,113.99954115,1.420144389,223.97455745,1.419502152,251.8810096,223.97455745,262.7281734,1.419362582,1.411445,249.9998164,1.361375,42.813937705,163.77580215,42.813937705,1.259888035,149.9999999,163.77580215,149.9999999,212.55388545,1.259663638,1.251615001,161.88244695,1.2009146474999999,90.48876436,0.009350697000000002,0.0007374815000000003,123.3970137010707,190.49359955054837,25.671606893510962,600.0024652497442,1.6221619785044945,1219.5089329786244,1.622190238383592,276.4582086877734,134.27714522949952,1.571990177911179,922.4062087463158,921.315648036082,1.5713191492900833,273.45299779237513,921.6214274196092,1.5212869941095315,194.48506181030018,1.521184005616976,273.27574003507607,1.520815722198343,114.0890795150091,251.80332572861283,114.10033982689485,1.420165977687856,224.0273337538398,1.4195162442941411,251.55438268552018,224.1197894506708,263.17726608156585,1.4193552171488213,1.4114400522148722,249.7011589369486,1.3613890472171153,41.577332998202095,163.42327744452615,41.64527567662241,1.2598656479766415,150.12469494106372,163.0820464807527,149.86135719915447,212.96453993268182,1.2596291265565194,1.2516119941587618,161.43444391986557,1.2009084041647518,84.30656318324557,0.009416590958711496,0.0005714889809821577
123.3085781,190.0,25.50727261,599.9999588,1.622168383,1219.506406,1.622195,276.2319733,135.5788464,1.571980399,923.2876913,922.5406806,1.571315,273.1139313,922.5406806,1.521297889,194.8069316,1.521193381,273.1139313,1.520795,113.9995365,251.8810117,113.9995365,1.420144389,223.97455205,1.419502152,251.8810117,223.97455205,262.72816539999997,1.419362582,1.411445,249.9998186,1.361375,42.81393794,163.77580335,42.81393794,1.259888035,149.9999999,163.77580335,149.9999999,212.55388845,1.259663638,1.251615001,161.88244805,1.2009146545,90.482271395,0.009350893999999998,0.0007375029999999998,123.39706176355746,190.49144256793466,25.671372367105633,600.0024595470348,1.6221619860497432,1219.508965797887,1.6221902464387534,276.457839251603,134.2762995398842,1.5719901574832773,922.4059564611306,921.31536250374,1.5713191316729007,273.452722734338,921.6214432825176,1.5212869107481006,194.48410590469618,1.5211839473045192,273.27518922265244,1.5208156167206621,114.08929050660066,251.80338770568218,114.1004527849443,1.4201659628132104,224.02752180318137,1.4195162337428218,251.55413561477084,224.12003003336937,263.17750792261,1.4193551922191772,1.4114400400311364,249.70135634478962,1.3613889488487163,41.57463097703811,163.42158313549058,41.64256563028539,1.2598655598785446,150.12444717539412,163.08065288886579,149.86177840079276,212.96397798729754,1.2596289989246792,1.251611979425312,161.43295479258205,1.2009083389834638,84.29585589745784,0.009416561237580225,0.0005712193607567069
123.3085781,190.0,25.50727261,599.9999588,1.622168383,1219.506406,1.622195,276.2319733,135.5788464,1.571980399,923.2876913,922.5406806,1.571315,273.1139313,922.5406806,1.521297889,194.8069316,1.521193381,273.1139313,1.520795,113.99953185,251.8810138,113.99953185,1.420144389,223.97454670000002,1.419502152,251.8810138,223.97454670000002,262.7281573,1.419362582,1.411445,249.9998209,1.361375,42.81393817,163.77580454999998,42.81393817,1.259888035,149.9999999,163.77580454999998,149.9999999,212.55389135000001,1.259663638,1.251615001,161.88244915,1.200914662,90.47586314,0.0093510865,0.0007375245000000003,123.39710851489332,190.48932599717318,25.67113852246311,600.0024536912658,1.6221619934852323,1219.508997847206,1.622190254323479,276.4574789459843,134.27545754646476,1.5719901374964105,922.4056997107209,921.3150836505171,1.5713191144708314,273.4524525507472,921.6214499616368,1.521286829305029,194.483185362074,1.5211838903027324,273.2746460700729,1.5208155131718557,114.089493304344,251.8034475889316,114.10055930497018,1.42016594827791,224.0277014873387,1.4195162234140488,251.55388812525754,224.12026459313526,263.17774413289646,1.419355167882482,1.4114400281585333,249.7015470108474,1.3613888524682924,41.57195889602182,163.41990875653454,41.63988614141846,1.259865473153915,150.12420436503794,163.07927544286608,149.86218969180425,212.96343051260988,1.2596288732111531,1.251611965078446,161.43148207030617,1.2009082752965625,84.2853803453803,0.009416533271287749,0.0005709523575166165
123.3085781,190.0,25.50727261,599.9999588,1.622168383,1219.506406,1.622195,276.2319733,135.5788464,1.571980399,923.2876913,922.5406806,1.571315,273.1139313,922.5406806,1.521297889,194.8069316,1.521193381,273.1139313,1.520795,113.99952725,251.8810159,113.99952725,1.420144389,223.97454135,1.419502152,251.8810159,223.97454135,262.72814930000004,1.419362582,1.411445,249.99982310000001,1.361375,42.8139384,163.77580575000002,42.8139384,1.259888035,149.9999999,163.77580575000002,149.9999999,212.55389435,1.259663638,1.251615001,161.88245024999998,1.200914669,90.46953765500001,0.009351272999999997,0.000737545,123.397155305368,190.48721447789325,25.6709057004648,600.0024480478054,1.622162000747052,1219.5090298558232,1.6221902620205875,276.45712180094125,134.27462368467624,1.571990117870706,922.405449658148,921.3148022926244,1.5713190976576572,273.45218271533105,921.6214549709763,1.5212867495560929,194.48225818889279,1.52118383498256,273.2741067474154,1.5208154115763395,114.08969376098786,251.80350412206914,114.10066377653403,1.42016593374261,224.02788016767394,1.4195162132947312,251.55364482338405,224.12049714525696,263.17797499396306,1.4193551442676382,1.4114400166177132,249.70173578077862,1.3613887580273565,41.56931798979849,163.41825607361434,41.63723937065081,1.2598653877373487,150.12398633124872,163.07791414275354,149.86259354984566,212.96290474396707,1.259628749160166,1.2516119510936414,161.4300232674307,1.200908213273864,84.27516623646292,0.009416507443667878,0.0005706880269637156
123.3085781,190.0,25.50727261,599.9999588,1.622168383,1219.506406,1.622195,276.2319733,135.5788464,1.571980399,923.2876913,922.5406806,1.571315,273.1139313,922.5406806,1.521297889,194.8069316,1.521193381,273.1139313,1.520795,113.99952265,251.88101805,113.99952265,1.420144389,223.97453605,1.419502152,251.88101805,223.97453605,262.7281413,1.419362582,1.411445,249.9998253,1.361375,42.81393863,163.7758069,42.81393863,1.259888035,149.9999999,163.7758069,149.9999999,212.55389735,1.259663639,1.251615001,161.88245125,1.2009146755,90.46329305,0.009351455000000002,0.0007375660000000002,123.39715636211649,190.4857192393601,25.67071105718363,600.0024407898117,1.622162008070351,1219.5090619153177,1.6221902698001651,276.4566354234736,134.27397241496377,1.5719900974935062,922.4052688165551,921.3145493209881,1.5713190805801218,273.4518354110374,921.6214349336184,1.521286667091557,194.4807320552059,1.5211837746051793,273.27352146569336,1.5208153105179782,114.08989216916966,251.80345722050316,114.10077000392249,1.4201659095925199,224.0281491919989,1.4195161947841037,251.55323275962584,224.12078691523882,263.17828327794837,1.419355112119483,1.4114400039452513,249.70184954837111,1.3613886615620798,41.56670424577101,163.41652543633265,41.63462470065982,1.2598652933605456,150.12383767184699,163.07648674541537,149.8629255558429,212.96235968106214,1.2596286150060574,1.2516119369443945,161.42851997218605,1.200908146275538,84.26516009369573,0.00941645348555688,0.0005704311036046942
123.3085781,190.0,25.50727261,599.9999588,1.622168383,1219.506406,1.622195,276.2319733,135.5788464,1.571980399,923.2876913,922.5406806,1.571315,273.1139313,922.5406806,1.521297889,194.8069316,1.521193381,273.1139313,1.520795,113.9995181,251.8810201,113.9995181,1.420144389,223.9745307,1.419502152,251.8810201,223.9745307,262.72813340000005,1.419362582,1.411445,249.99982755,1.361375,42.81393885,163.77580805000002,42.81393885,1.259888035,149.9999999,163.77580805000002,149.9999999,212.55390025,1.259663639,1.251615001,161.88245235,1.2009146825,90.457127475,0.009351633000000002,0.0007375850000000002,123.39715074569398,190.48434523638366,25.670521186242112,600.0024335663799,1.6221620150351956,1219.5090945378547,1.6221902771832042,276.4561404422168,134.27335588949245,1.5719900778268237,922.4051073242684,921.3143063680304,1.571319064220295,273.45148183959856,921.6214065473614,1.5212865883142574,194.47913077518248,1.5211837171458944,273.2729340949231,1.5208152140010172,114.09008267614067,251.80338184298643,114.10087301229918,1.4201658843961142,224.02842758533018,1.419516175697474,251.55279473250076,224.12108471579754,263.1786036680628,1.419355079868206,1.4114399919459921,249.70194119448726,1.3613885692060932,41.56411149071303,163.41479454677147,41.63203750152578,1.2598651987221299,150.12371378901219,163.07505833895925,149.86325012887005,212.96181702994,1.2596284805961733,1.251611923592837,161.42701941110937,1.200908082164095,84.25541836503369,0.00941639415392588,0.0005701770783135064
123.3085781,190.0,25.50727261,599.9999588,1.622168383,1219.506406,1.622195,276.2319733,135.5788464,1.571980399,923.2876913,922.5406806,1.571315,273.1139313,922.5406806,1.521297889,194.8069316,1.521193381,273.1139313,1.520795,113.9995135,251.88102220000002,113.9995135,1.420144389,223.9745254,1.419502152,251.88102220000002,223.9745254,262.72812539999995,1.419362582,1.411445,249.99982975,1.361375,42.813939075,163.77580925,42.813939075,1.2598880355,149.9999999,163.77580925,149.9999999,212.55390325000002,1.259663639,1.251615001,161.88245345,1.200914689,90.451039125,0.009351806499999999,0.0007376044999999997,123.39714409209239,190.4829813363703,25.67033063353778,600.0024265700689,1.622162021804141,1219.5091274588717,1.622190284364194,276.45564897271066,134.27274527793455,1.5719900584983837,922.4049502972063,921.3140667546322,1.5713190482297004,273.4511305312955,921.6213714819851,1.5212865113805758,194.47753833590457,1.5211836610467389,273.2723458537159,1.5208151191931851,114.0902676230004,251.80329725266208,114.10096899737745,1.4201658589734785,224.02870162876567,1.419516156610844,251.55235712413966,224.1213774972457,263.1789234951014,1.4193550479778545,1.4114399802716329,249.70202272792855,1.3613884787411072,41.5615400332859,163.4130752620667,41.6294716000224,1.2598651045415363,150.1235923838341,163.07363346441596,149.8635623136137,212.96128884951443,1.259628347337278,1.2516119106422876,161.42552357268636,1.2009080196942128,84.24591431197183,0.009416335974196036,0.0005699246454923129
123.3085781,190.0,25.50727261,599.9999588,1.622168383,1219.506406,1.622195,276.2319733,135.5788464,1.571980399,923.2876913,922.5406806,1.571315,273.1139313,922.5406806,1.521297889,194.8069316,1.521193381,273.1139313,1.520795,113.99950895,251.8810243,113.99950895,1.420144389,223.9745201,1.419502152,251.8810243,223.9745201,262.7281175,1.419362582,1.411445,249.999832,1.361375,42.813939295,163.7758104,42.813939295,1.259888036,149.9999999,163.7758104,149.9999999,212.55390615,1.259663639,1.251615001,161.88245445,1.2009146954999999,90.445026235,0.009351974999999997,0.0007376230000000002,123.39713638174231,190.48163259080152,25.670142467003274,600.0024200477494,1.622162028334812,1219.509161003984,1.6221902912943407,276.4551643511183,134.27214205876837,1.5719900396686257,922.4047955027563,921.3138296459038,1.5713190327110238,273.450782356565,921.6213330770491,1.5212864368635286,194.4759558424653,1.5211836069877775,273.2717624869549,1.5208150270955436,114.09044496128678,251.80320679964197,114.10105766651988,1.4201658337770728,224.02897065309062,1.4195161377598515,251.5519136530828,224.121664924976,263.179238535996,1.4193550166804523,1.4114399690405688,249.70209267392985,1.361388391003526,41.55899110813486,163.41136884361578,41.62693070008546,1.2598650113419907,150.1234808892828,163.0722176719342,149.86387697601407,212.96076066908887,1.2596282149735958,1.2516118981980475,161.4240384223744,1.2009079593753416,84.23666873112518,0.009416280372038031,0.000569674335457374
123.3085781,190.0,25.50727261,599.9999588,1.622168383,1219.506406,1.622195,276.2319733,135.5788464,1.571980399,923.2876913,922.5406806,1.571315,273.1139313,922.5406806,1.521297889,194.8069316,1.521193381,273.1139313,1.520795,113.9995044,251.8810264,113.9995044,1.420144389,223.97451485,1.419502152,251.8810264,223.97451485,262.72810960000004,1.419362582,1.411445,249.9998342,1.361375,42.81393951,163.77581155000001,42.81393951,1.259888036,149.9999999,163.77581155000001,149.9999999,212.55390905000002,1.259663639,1.251615001,161.88245554999997,1.2009147015,90.43908709499999,0.009352139499999997,0.0007376415,123.39712904321115,190.48029394819582,25.669957709282798,600.0024135599917,1.6221620347557235,1219.509194287926,1.6221902980726068,276.4546885089027,134.2715499281898,1.571990021181972,922.4046466619392,921.313601720964,1.5713190174752798,273.4504360967955,921.6212988465628,1.521286364040617,194.47440760691472,1.5211835538685419,273.27118503916444,1.5208149366093664,114.09061410572495,251.80311341527403,114.10114253137567,1.4201658088917342,224.0292319814461,1.419516119301588,251.5514764634857,224.12194800281046,263.17954738305707,1.4193549861822423,1.4114399580531793,249.70216177720823,1.3613883048902657,41.556468110534404,163.40967756193407,41.62441294974707,1.259864919188896,150.12337682770158,163.07081096151398,149.86418916075775,212.9602469593599,1.2596280842724528,1.251611886065382,161.42256793714503,1.200907900267829,84.2276786515487,0.009416224550872402,0.0005694263819983411
123.3085781,190.0,25.50727261,599.9999588,1.622168383,1219.506406,1.622195,276.2319733,135.5788464,1.571980399,923.2876913,922.5406806,1.571315,273.1139313,922.5406806,1.521297889,194.8069316,1.521193381,273.1139313,1.520795,113.9994999,251.8810285,113.9994999,1.420144389,223.97450955,1.419502152,251.8810285,223.97450955,262.7281017,1.419362582,1.411445,249.99983635,1.361375,42.81393973,163.77581275,42.81393973,1.259888036,149.9999999,163.77581275,149.9999999,212.55391194999999,1.259663639,1.251615001,161.88245655,1.2009147075,90.43322002,0.0093523,0.0007376589999999999,123.39712174381881,190.47900582040543,25.669776360376353,600.002407131483,1.6221620409737891,1219.5092271512822,1.6221903046639434,276.45422495781435,134.27096445076384,1.5719900031363532,922.4045030305505,921.3133729611345,1.571319002709269,273.45009767095746,921.6212562671773,1.5212862935595983,194.4728770528551,1.521183502863689,273.2706149030432,1.5208148488089637,114.09077944587645,251.8030162620302,114.10122066557048,1.420165784345741,224.02948762147628,1.4195161012360533,251.55104136770848,224.12222438849753,263.1798508808983,1.4193549564316639,1.411439947492565,249.7022289843601,1.3613882212377308,41.55397104048453,163.4080054534934,41.62192328758825,1.2598648284092684,150.12328019909043,163.06941787418606,149.86448895721793,212.95974048497922,1.2596279553617362,1.251611874388539,161.4211118684375,1.2009078430792441,84.21893813135239,0.009416169278374333,0.0005691814321976953
123.3085781,190.0,25.50727261,599.9999588,1.622168383,1219.506406,1.622195,276.2319733,135.5788464,1.571980399,923.2876913,922.5406806,1.571315,273.1139313,922.5406806,1.521297889,194.8069316,1.521193381,273.1139313,1.520795,113.99949535,251.8810306,113.99949535,1.420144389,223.97450429999998,1.419502152,251.8810306,223.97450429999998,262.7280938,1.419362582,1.411445,249.99983855,1.361375,42.813939945,163.77581385000002,42.813939945,1.259888036,149.9999999,163.77581385000002,149.9999999,212.55391495,1.259663639,1.251615001,161.88245765,1.2009147135,90.42742338,0.009352455999999999,0.000737677,123.39711168513877,190.4777277955781,25.669594670588502,600.0024006042261,1.6221620470126277,1219.5092598416554,1.6221903111033993,276.4537656208268,134.27039006192547,1.571989985510933,922.4043549339374,921.3131483757543,1.5713189882622396,273.44976220460467,921.6212078435624,1.5212862248723702,194.47136970575232,1.5211834528727513,273.270048074582,1.520814763059516,114.09093512899256,251.80291031474277,114.10129323965405,1.4201657597714687,224.02973790778853,1.4195160831574278,251.55060710945924,224.12249341282248,263.1801487479818,1.4193549266810854,1.4114399372017823,249.70228439339124,1.3613881396459018,41.55150298459839,163.40634848182194,41.61946233093164,1.2598647377604473,150.1231885257927,163.06803689627353,149.86478132070803,212.9592315988158,1.2596278276020083,1.251611863060775,161.41966947056966,1.2009077875208993,84.21045014148127,0.009416114773867565,0.0005689394822714921
123.3085781,190.0,25.50727261,599.9999588,1.622168383,1219.506406,1.622195,276.2319733,135.5788464,1.571980399,923.2876913,922.5406806,1.571315,273.1139313,922.5406806,1.521297889,194.8069316,1.521193381,273.1139313,1.520795,113.99949085,251.8810326,113.99949085,1.420144389,223.97449905,1.419502152,251.8810326,223.97449905,262.72808599999996,1.419362582,1.411445,249.9998407,1.361375,42.81394016,163.775815,42.81394016,1.259888036,149.9999999,163.775815,149.9999999,212.55391785,1.25966364,1.251615001,161.88245865,1.200914719,90.42169557,0.009352607499999997,0.0007376934999999998,123.39710209612473,190.4764750281584,25.669417753140298,600.0023941510303,1.622162052920172,1219.509291734951,1.622190317419839,276.45331962849184,134.2698267616747,1.5719899683071004,922.404213535161,921.3129279648236,1.5713189741877198,273.4494371834937,921.6211560803878,1.5212861580287602,194.46989109107236,1.5211834043037666,273.26949134318795,1.5208146794586874,114.09108378881018,251.8028035299274,114.10135966835152,1.4201657355082635,224.0299808327387,1.4195160653929857,251.55017871390575,224.1227530681411,263.18043929508025,1.4193548974976757,1.4114399271959754,249.7023395917417,1.3613880599208297,41.549068572795754,163.40471421530432,41.6170381049714,1.2598646488121088,150.12309437483825,163.06667256880712,149.86506377357134,212.95872753621785,1.2596277017605946,1.2516118520330464,161.41825043740965,1.2009077331852345,84.20222656571534,0.009416059666512964,0.0005687013551398424
123.3085781,190.0,25.50727261,599.9999588,1.622168383,1219.506406,1.622195,276.2319733,135.5788464,1.571980399,923.2876913,922.5406806,1.571315,273.1139313,922.5406806,1.521297889,194.8069316,1.521193381,273.1139313,1.520795,113.99948635,251.8810347,113.99948635,1.420144389,223.97449385,1.419502152,251.8810347,223.97449385,262.7280782,1.419362582,1.411445,249.9998429,1.361375,42.81394037,163.77581615,42.81394037,1.259888036,149.9999999,163.77581615,149.9999999,212.5539207,1.25966364,1.251615001,161.88245965,1.200914725,90.41603502999999,0.009352756,0.0007377100000000003,123.39709215486117,190.47524246666487,25.669245267150334,600.0023873917152,1.622162058752691,1219.5093222409912,1.6221903236565587,276.4528824155335,134.2692730715332,1.5719899514554012,922.4040721363847,921.3127100585626,1.5713189604136109,273.4491158182175,921.6211043172133,1.521286092829458,194.46844562918787,1.5211833568847097,273.26894610155995,1.52081459793323,114.0912251326919,251.80269171994422,114.10141965902545,1.4201657116409614,224.03021438868248,1.4195160477463622,251.54975241217215,224.12300670052704,263.18072083296636,1.419354868829874,1.4114399174489867,249.70238973375467,1.3613879820019057,41.54667336098029,163.40310416761747,41.61464906640095,1.2598645609756247,150.1229977462271,163.06532539634588,149.86534374877795,212.958233120751,1.2596275783490456,1.251611841328432,161.41685153766812,1.2009076800269647,84.1942614621646,0.009416006533458546,0.0005684672231560113
123.3085781,190.0,25.50727261,599.9999588,1.622168383,1219.506406,1.622195,276.2319733,135.5788464,1.571980399,923.2876913,922.5406806,1.571315,273.1139313,922.5406806,1.521297889,194.8069316,1.521193381,273.1139313,1.520795,113.9994819,251.88103669999998,113.9994819,1.420144389,223.97448865,1.419502152,251.88103669999998,223.97448865,262.7280704,1.419362582,1.411445,249.99984510000002,1.361375,42.813940575000004,163.77581725,42.813940575000004,1.259888036,149.9999999,163.77581725,149.9999999,212.55392355,1.25966364,1.251615001,161.88246075,1.2009147305,90.41044024,0.0093529005,0.0007377259999999999,123.3970822918753,190.47403011109742,25.669076189974398,600.0023803608423,1.6221620644254342,1219.509351468315,1.622190329781945,276.452459600753,134.26873046997932,1.5719899351246092,922.4039292492001,921.3124938220814,1.5713189470666316,273.44880437592104,921.6210467098093,1.5212860297229116,194.46704658121712,1.5211833110854431,273.2684113051739,1.5208145188249693,114.09136003855002,251.80257739737718,114.10147526013786,1.420165688056447,224.03044058326415,1.419516030675741,251.54933574201016,224.12325029469193,263.18099505086747,1.4193548406261194,1.4114399080365345,249.70243734759893,1.3613879062649055,41.54431580584544,163.40152060927676,41.61229799317213,1.2598644744472045,150.1228961623026,163.06400092903846,149.865603902731,212.9577290581531,1.2596274568558108,1.251611831063773,161.41547973104522,1.2009076285951643,84.18655780177406,0.009415951920229013,0.0005682377304535648
123.3085781,190.0,25.50727261,599.9999588,1.622168383,1219.506406,1.622195,276.2319733,135.5788464,1.571980399,923.2876913,922.5406806,1.571315,273.1139313,922.5406806,1.521297889,194.8069316,1.521193381,273.1139313,1.520795,113.9994774,251.8810388,113.9994774,1.420144389,223.97448345,1.419502152,251.8810388,223.97448345,262.72806260000004,1.419362582,1.411445,249.9998472,1.361375,42.813940779999996,163.77581845,42.813940779999996,1.259888037,149.9999999,163.77581845,149.9999999,212.55392645,1.25966364,1.251615,161.88246175,1.2009147355,90.404909705,0.009353040999999998,0.000737742,123.3970739553039,190.4728783733084,25.668912566900914,600.0023723967988,1.622162070165561,1219.5093782738784,1.622190335967809,276.45205188650027,134.26819747853472,1.5719899190883035,922.4037878504238,921.3122800902697,1.5713189339927527,273.4485025084297,921.6209891024054,1.5212859676627428,194.46568289622826,1.521183265990971,273.26788730220454,1.5208144412793412,114.09149114012148,251.8024634935741,114.10152910542567,1.4201656648112784,224.0306574088395,1.419516014050213,251.5489245157799,224.1234865274947,263.18126082263194,1.4193548127317295,1.4114398987245809,249.7024874896119,1.361387831873425,41.54199961132699,163.39996278344375,41.60998951520464,1.2598643891614447,150.12279457837806,163.06269664409,149.86586653434077,212.957237054469,1.2596273374087779,1.2516118209938483,161.4141382488304,1.2009075781369793,84.17910370076368,0.00941589851362213,0.0005680123996873544
123.3085781,190.0,25.50727261,599.9999588,1.622168383,1219.506406,1.622195,276.2319733,135.5788464,1.571980399,923.2876913,922.5406806,1.571315,273.1139313,922.5406806,1.521297889,194.8069316,1.521193381,273.1139313,1.520795,113.99947295,251.8810408,113.99947295,1.420144389,223.97447825,1.419502152,251.8810408,223.97447825,262.7280548,1.419362582,1.411445,249.99984940000002,1.361375,42.81394098,163.77581955,42.81394098,1.259888037,149.9999999,163.77581955,149.9999999,212.55392935,1.25966364,1.251615,161.88246275,1.200914741,90.39944198,0.009353178,0.0007377575000000004,123.39706540346891,190.47171148107472,25.66875201176006,600.0023642451338,1.622162075779951,1219.5094038651698,1.6221903420526482,276.4516480351734,134.26767187948184,1.5719899034860874,922.4036434748311,921.3120671933481,1.5713189212313015,273.448207604433,921.620925650772,1.521285907570761,194.4643457334758,1.5211832223060875,273.2673754853507,1.5208143659799969,114.0916155110319,251.80234582089517,114.10157534214021,1.4201656417357824,224.0308682114822,1.4195159975948675,251.54851873348142,224.12371539893533,263.1815198374872,1.4193547851467045,1.4114398897072395,249.702532153926,1.3613877594820412,41.53972107348914,163.39843169923637,41.60771684194957,1.2598643050529426,150.12269051679684,163.0614105232646,149.86611677766703,212.9567474625677,1.2596272200079468,1.2516118112989671,161.41281764571616,1.2009075290995936,84.17189618818847,0.009415844449336843,0.0005677914617888825
123.3085781,190.0,25.50727261,599.9999588,1.622168383,1219.506406,1.622195,276.2319733,135.5788464,1.571980399,923.2876913,922.5406806,1.571315,273.1139313,922.5406806,1.521297889,194.8069316,1.521193381,273.1139313,1.520795,113.9994685,251.8810429,113.9994685,1.420144388,223.97447305,1.419502152,251.8810429,223.97447305,262.7280471,1.419362582,1.411445,249.99985155000002,1.361375,42.81394119,163.77582065000001,42.81394119,1.259888037,149.9999999,163.77582065000001,149.9999999,212.55393220000002,1.25966364,1.251615,161.88246375,1.200914746,90.394035645,0.009353311499999996,0.0007377725,123.39705704732809,190.4705647947672,25.668592820144813,600.002355891035,1.6221620812644364,1219.5094282693237,1.6221903479835451,276.45125366557323,134.26715736901656,1.5719898883867203,922.4034976108303,921.3118551313163,1.5713189089286592,273.44791966393086,921.6208605293589,1.5212858495964483,194.46302183184156,1.5211831803028186,273.2668711542536,1.5208142931222655,114.09173110281922,251.80221851664467,114.10161631138094,1.4201656189430742,224.03107499883643,1.4195159813751592,251.54811839511473,224.12393757822858,263.1817743477362,1.4193547577679226,1.4114398811111666,249.7025738687099,1.361387689236216,41.53747617973479,163.39691777003412,41.60547812143905,1.2598642215330689,150.12257902224553,163.06014004376746,149.86635463270983,212.9562626942319,1.2596271043975424,1.2516118020267317,161.41151643033825,1.2009074818622643,84.16490852554344,0.009415787753452278,0.000567574558121109
123.3085781,190.0,25.50727261,599.9999588,1.622168383,1219.506406,1.622195,276.2319733,135.5788464,1.571980399,923.2876913,922.5406806,1.571315,273.1139313,922.5406806,1.521297889,194.8069316,1.521193381,273.1139313,1.520795,113.99946405,251.8810449,113.99946405,1.420144388,223.97446795,1.419502152,251.8810449,223.97446795,262.7280394,1.419362582,1.411445,249.99985370000002,1.361375,42.81394139,163.77582174999998,42.81394139,1.259888037,149.9999999,163.77582174999998,149.9999999,212.55393505,1.25966364,1.251615,161.88246485000002,1.200914751,90.388689325,0.009353441499999999,0.0007377870000000003,123.39704923913094,190.4694736747565,25.668439764394826,600.0023476356843,1.6221620866329105,1219.5094522461081,1.6221903537934876,276.45086544153673,134.26665099018223,1.5719898735998978,922.4033532352375,921.3116514181834,1.571318896953738,273.44763590152553,921.6207987475054,1.5212857933660988,194.46173329318918,1.5211831396473143,273.26637483117526,1.52081422212016,114.09184259768246,251.80209414374204,114.1016523057853,1.4201655966876634,224.0312717479696,1.4195159655089071,251.54771512540015,224.12415306537443,263.18202322722755,1.419354731059431,1.4114398727711583,249.7026098951142,1.361387620832904,41.53526215211207,163.39542553686778,41.60326995839861,1.259864139975291,150.1224799159777,163.05888419648053,149.8665999207227,212.95578757302718,1.2596269905775646,1.2516117931021329,161.41023211708938,1.2009074357570457,84.15813774188356,0.009415730783753514,0.0005673610950474939
123.3085781,190.0,25.50727261,599.9999588,1.622168383,1219.506406,1.622195,276.2319733,135.5788464,1.571980399,923.2876913,922.5406806,1.571315,273.1139313,922.5406806,1.521297889,194.8069316,1.521193381,273.1139313,1.520795,113.99945965,251.8810469,113.99945965,1.420144388,223.9744628,1.419502152,251.8810469,223.9744628,262.7280317,1.419362582,1.411445,249.9998558,1.361375,42.813941584999995,163.77582295000002,42.813941584999995,1.259888037,149.9999999,163.77582295000002,149.9999999,212.5539379,1.259663641,1.251615,161.88246585000002,1.200914756,90.383401655,0.009353568000000001,0.0007378009999999997,123.39704266380701,190.46838760622734,25.668288072170448,600.0023393803336,1.6221620917957595,1219.509475951547,1.6221903594371176,276.4504898598027,134.26615422145716,1.5719898592700845,922.4032058828285,921.3114443654908,1.571318885332755,273.44736066940106,921.6207302865325,1.5212857390541086,194.46046464621412,1.5211831003395744,273.26588756063995,1.520814153266674,114.09194853243439,251.80196683949154,114.10168478854044,1.4201655748847133,224.03146347799225,1.4195159498259287,251.54731688085334,224.12436219498028,263.18226506827176,1.4193547051759121,1.4114398647890904,249.70264550015702,1.3613875545145417,41.53307621266915,163.39395399061934,41.60108957487643,1.259864059725577,150.12238328736657,163.05764550419872,149.8668377757655,212.95533415786733,1.2596268782922382,1.2516117844977637,161.408963463166,1.2009073911745165,84.15156898248382,0.009415672333968476,0.000567150774318036
123.3085781,190.0,25.50727261,599.9999588,1.622168383,1219.506406,1.622195,276.2319733,135.5788464,1.571980399,923.2876913,922.5406806,1.571315,273.1139313,922.5406806,1.521297889,194.8069316,1.521193381,273.1139313,1.520795,113.99945525,251.8810489,113.99945525,1.420144388,223.97445765,1.419502152,251.8810489,223.97445765,262.728024,1.419362582,1.411445,249.99985800000002,1.361375,42.81394178,163.77582404999998,42.81394178,1.259888037,149.9999999,163.77582404999998,149.9999999,212.55394074999998,1.259663641,1.251615,161.88246685000001,1.2009147605,90.37817132500001,0.009353691000000003,0.0007378149999999998,123.39703583408068,190.4673166921428,25.668137402590283,600.0023310262347,1.622162096908592,1219.5094986360475,1.622190365050509,276.4501214771575,134.2656648451238,1.5719898451646086,922.4030592746235,921.3112348081287,1.5713188739378998,273.4470932712081,921.6206576511103,1.5212856858632373,194.4592291520346,1.5211830616871698,273.26541021308446,1.5208140856828267,114.09204978498734,251.80184162906093,114.10171288173407,1.4201655534211084,224.03164985429697,1.4195159343524058,251.54692701158618,224.12456530165346,263.18249987086875,1.4193546795759777,1.4114398569777327,249.70268047315767,1.3613874894326028,41.530915583454174,163.3924985902581,41.59893450158201,1.2598639799990885,150.1222916140688,163.05641841677334,149.86705580955473,212.9548735073592,1.259626767541563,1.2516117761732348,161.40770872864303,1.2009073473165384,84.14518145072921,0.009415612842768113,0.0005669434747683504
123.3085781,190.0,25.50727261,599.9999588,1.622168383,1219.506406,1.622195,276.2319733,135.5788464,1.571980399,923.2876913,922.5406806,1.571315,273.1139313,922.5406806,1.521297889,194.8069316,1.521193381,273.1139313,1.520795,113.99945085,251.881051,113.99945085,1.420144388,223.97445255,1.419502152,251.881051,223.97445255,262.72801635,1.419362582,1.411445,249.9998601,1.361375,42.813941979999996,163.77582515,42.813941979999996,1.259888037,149.9999999,163.77582515,149.9999999,212.55394354999999,1.259663641,1.251615,161.88246785,1.2009147654999999,90.372997045,0.009353811,0.0007378284999999997,123.39702788889761,190.4662760869474,25.66798946006134,600.0023227264473,1.622162101870679,1219.5095211950506,1.6221903704563532,276.44975590391283,134.26518212194304,1.5719898314605787,922.4029119222145,921.3110244158767,1.5713188629472337,273.4468269175392,921.6205816761283,1.5212856346156391,194.45799476294823,1.5211830246050964,273.2649379140625,1.5208140200278537,114.09214518479156,251.80171348728248,114.10173717064109,1.4201655324099645,224.03183054227642,1.4195159189705193,251.5465350484991,224.1247637238235,263.18273101347324,1.4193546545689923,1.411439849520185,249.70271207526667,1.3613874264234915,41.52877995580583,163.391060344902,41.59680473851533,1.2598639015152606,150.1221949854577,163.05520293420437,149.86726393271718,212.9544225039821,1.2596266580697641,1.2516117681833603,161.40646542791325,1.2009073048680383,84.13896029189473,0.009415552693982702,0.0005667391342989906
123.3085781,190.0,25.50727261,599.9999588,1.622168383,1219.506406,1.622195,276.2319733,135.5788464,1.571980399,923.2876913,922.5406806,1.571315,273.1139313,922.5406806,1.521297889,194.8069316,1.521193381,273.1139313,1.520795,113.99944645,251.881053,113.99944645,1.420144388,223.97444745,1.419502152,251.881053,223.97444745,262.72800870000003,1.419362582,1.411445,249.9998622,1.361375,42.813942170000004,163.77582625000002,42.813942170000004,1.259888038,149.9999999,163.77582625000002,149.9999999,212.5539464,1.259663641,1.251615,161.88246885,1.20091477,90.367877555,0.009353927999999997,0.0007378414999999997,123.39702125486544,190.46527084212275,25.66784594899064,600.0023148562148,1.6221621066903573,1219.509543832066,1.6221903757398684,276.44940227062045,134.26470605191483,1.571989817993388,922.4027682908259,921.3108198678539,1.5713188521324444,273.4465664828408,921.6205031964765,1.5212855844144189,194.45677474007326,1.5211829882772765,273.26447327488466,1.520813955398358,114.09223795085887,251.801586183032,114.10175941108605,1.420165512020954,224.03200721496742,1.4195159041384537,251.54615146069168,224.12495813070507,263.18295568070636,1.4193546302580777,1.4114398421645125,249.70274557350226,1.361387364529586,41.52667025570807,163.38964076822793,41.5947002856764,1.2598638245357061,150.12210578981663,163.0540005701687,149.8674819665064,212.95398355951886,1.259626550644167,1.2516117604012025,161.40523803506966,1.2009072632856033,84.13293224448537,0.009415492216603183,0.0005665375144754416
123.3085781,190.0,25.50727261,599.9999588,1.622168383,1219.506406,1.622195,276.2319733,135.5788464,1.571980399,923.2876913,922.5406806,1.571315,273.1139313,922.5406806,1.521297889,194.8069316,1.521193381,273.1139313,1.520795,113.9994421,251.881055,113.9994421,1.420144388,223.97444235,1.419502152,251.881055,223.97444235,262.72800110000003,1.419362582,1.411445,249.9998643,1.361375,42.81394236,163.77582735,42.81394236,1.259888038,149.9999999,163.77582735,149.9999999,212.55394925000002,1.259663641,1.251615,161.88246985,1.2009147745,90.36281163,0.009354042000000003,0.0007378545000000001,123.39701315312703,190.4642655972981,25.667703801445548,600.0023070600433,1.6221621113433127,1219.5095663300162,1.6221903808405773,276.449053202604,134.2642344173217,1.5719898050151557,922.4026209384168,921.3106119802716,1.5713188417491541,273.44631335981177,921.6204230470449,1.521285536106644,194.45558786999382,1.521182953495058,273.2640159473762,1.520813893112811,114.09232427890257,251.80145971630944,114.1017763840572,1.4201654919995677,224.03217987237002,1.4195158894634796,251.5457661978283,224.12514684926137,263.1831727464166,1.4193546064627711,1.4114398352287316,249.70277275131602,1.361387304817604,41.524581235918504,163.38823582376412,41.59261713046814,1.2598637486026025,150.12201907183228,163.05281082010742,149.86769752263893,212.95356149753496,1.259626444241671,1.251611753066212,161.4040215788978,1.2009072235032245,84.12706462810615,0.009415431191318423,0.0005663384948428728
123.3085781,190.0,25.50727261,599.9999588,1.622168383,1219.506406,1.622195,276.2319733,135.5788464,1.571980399,923.2876913,922.5406806,1.571315,273.1139313,922.5406806,1.521297889,194.8069316,1.521193381,273.1139313,1.520795,113.9994377,251.881057,113.9994377,1.420144388,223.97443735,1.419502152,251.881057,223.97443735,262.7279935,1.419362582,1.411445,249.99986645,1.361375,42.81394255,163.77582845,42.81394255,1.259888038,149.9999999,163.77582845,149.9999999,212.55395205,1.259663641,1.251615,161.88247085,1.2009147785,90.357798075,0.009354152500000004,0.0007378670000000002,123.3970076345516,190.46329571284414,25.667563699188875,600.0022996094906,1.6221621158635844,1219.509588936505,1.6221903857955908,276.44871361631425,134.26377387131615,1.5719897922515371,922.4024810280487,921.3104116066982,1.5713188315706894,273.4460651112289,921.6203454022831,1.521285488845247,194.4544131559394,1.5211829196154711,273.2635648870128,1.5208138318771574,114.09240885112165,251.8013332495869,114.10179160120376,1.420165472345806,224.03234449919574,1.4195158751812347,251.54539266035644,224.12532987949243,263.18338446290693,1.4193545834408763,1.41143982843475,249.70280540682867,1.3613872463178018,41.52251721769557,163.38685131393876,41.59055959414894,1.2598636736505469,150.1219521751015,163.05163469313842,149.86791307877147,212.95315390624765,1.259626339373826,1.2516117459389382,161.4028215277336,1.2009071845246444,84.12138715220706,0.009415370111600173,0.000566142249054781
123.3085781,190.0,25.50727261,599.9999588,1.622168383,1219.506406,1.622195,276.2319733,135.5788464,1.571980399,923.2876913,922.5406806,1.571315,273.1139313,922.5406806,1.521297889,194.8069316,1.521193381,273.1139313,1.520795,113.99943335,251.881059,113.99943335,1.420144388,223.97443225,1.419502152,251.881059,223.97443225,262.72798595,1.419362582,1.411445,249.9998686,1.361375,42.81394273,163.77582955,42.81394273,1.259888038,149.9999999,163.77582955,149.9999999,212.55395485,1.259663641,1.251615,161.88247185,1.200914783,90.35283572,0.009354260500000001,0.0007378790000000003,123.39700010032628,190.4623409828348,25.667428710153253,600.0022920552522,1.622162120260898,1219.5096110918814,1.6221903906543906,276.4483789464755,134.26331628226728,1.571989779841441,922.4023403734764,921.3102103982349,1.5713188217122989,273.4458203443934,921.6202652528515,1.521285443228158,194.4532638590282,1.5211828867621635,273.2631195715325,1.5208137724971298,114.09248640004226,251.80120427028046,114.10180184351394,1.420165452833438,224.03250577994777,1.4195158610953542,251.54501786659262,224.1255078906129,263.1835922378669,1.4193545607541267,1.411439821929874,249.7028317419195,1.3613871894059555,41.52047912702322,163.38547992264674,41.58852582475092,1.2598635995487326,150.12188032305733,163.05046865734892,149.86811872427722,212.95274631496034,1.2596262360406327,1.25161173908862,161.40163216468042,1.2009071467630839,84.11587010733808,0.00941530892262085,0.0005659481279034194
123.3085781,190.0,25.50727261,599.9999588,1.622168383,1219.506406,1.622195,276.2319733,135.5788464,1.571980399,923.2876913,922.5406806,1.571315,273.1139313,922.5406806,1.521297889,194.8069316,1.521193381,273.1139313,1.520795,113.99942899999999,251.8810609,113.99942899999999,1.420144388,223.97442725,1.419502152,251.8810609,223.97442725,262.7279784,1.419362582,1.411445,249.9998707,1.361375,42.81394292,163.77583065,42.81394292,1.259888038,149.9999999,163.77583065,149.9999999,212.55395765,1.259663641,1.251615,161.88247285,1.200914787,90.34792342,0.009354365999999996,0.0007378910000000001,123.39699246825387,190.46140140727005,25.667291334947805,600.0022845553253,1.622162124565125,1219.5096328029292,1.6221903953846761,276.4480484907375,134.26287199952358,1.5719897677529184,922.4022012073123,921.3100100246616,1.5713188121051611,273.44557888521774,921.6201767545208,1.5212853989314978,194.45211898248974,1.521182855108243,273.26267826006165,1.5208137144844052,114.09255985203878,251.8010711033342,114.10180857417492,1.420165433462464,224.0326637146261,1.4195158471142013,251.54464684170466,224.12568422869654,263.18379776052376,1.4193545382220596,1.411439815646646,249.70285470611876,1.361387133960847,41.51846449461091,163.38412568635982,41.58651736558065,1.2598635264933695,150.12181094866983,163.04931523553378,149.8683095038428,212.95233872367302,1.259626133858428,1.2516117325138143,161.40045721814909,1.2009071100034412,84.11051646444423,0.009415249049918473,0.00056575671666148
123.3085781,190.0,25.50727261,599.9999588,1.622168383,1219.506406,1.622195,276.2319733,135.5788464,1.571980399,923.2876913,922.5406806,1.571315,273.1139313,922.5406806,1.521297889,194.8069316,1.521193381,273.1139313,1.520795,113.99942469999999,251.88106290000002,113.99942469999999,1.420144388,223.97442215,1.419502152,251.88106290000002,223.97442215,262.7279709,1.419362582,1.411445,249.99987275,1.361375,42.8139431,163.77583175,42.8139431,1.259888038,149.9999999,163.77583175,149.9999999,212.55396045,1.259663642,1.251615,161.88247385,1.200914791,90.34306006,0.009354468000000001,0.0007379025000000002,123.39698597120761,190.46046688318683,25.667158391200598,600.0022769023388,1.6221621287790435,1219.5096536694136,1.6221904000627314,276.44772698996377,134.26243067373656,1.5719897559637437,922.4020635295564,921.3098154953174,1.5713188027612923,273.44534055961475,921.6200941004196,1.5212853561545772,194.45100725874678,1.5211828244187777,273.2622460011337,1.520813658376139,114.09262920711117,251.80093835515194,114.10181120791182,1.4201654145439508,224.03281495715703,1.4195158333948679,251.54427707310862,224.12585220159596,263.18399596319557,1.4193545164118435,1.4114398096428862,249.70287577419143,1.3613870801885466,41.51647548108787,163.3827875959601,41.584535142622066,1.2598634548114733,150.12174405193906,163.04817543681094,149.86851267169183,212.95194077951678,1.2596260334666498,1.2516117262145219,161.39929768238252,1.2009070745287447,84.1053440491955,0.009415188684145216,0.0005655680713457144
123.3085781,190.0,25.50727261,599.9999588,1.622168383,1219.506406,1.622195,276.2319733,135.5788464,1.571980399,923.2876913,922.5406806,1.571315,273.1139313,922.5406806,1.521297889,194.8069316,1.521193381,273.1139313,1.520795,113.99942039999999,251.8810649,113.99942039999999,1.420144388,223.97441715,1.419502152,251.8810649,223.97441715,262.72796335,1.419362582,1.411445,249.9998748,1.361375,42.813943280000004,163.7758328,42.813943280000004,1.259888038,149.9999999,163.7758328,149.9999999,212.5539632,1.259663642,1.251615,161.88247485,1.200914795,90.338244555,0.009354567500000004,0.0007379135000000002,123.39697816301046,190.45956266799277,25.667026810979003,600.0022691506041,1.6221621328804243,1219.5096739762475,1.6221904045834081,276.4474111079911,134.26199526186295,1.5719897445475388,922.4019265960045,921.309622635753,1.571318793768631,273.44510658619583,921.620003932309,1.521285314847568,194.4499043757493,1.5211827951512658,273.26181600534153,1.5208136038549211,114.09269270943484,251.80080141932987,114.10181091527438,1.4201653957951104,224.03296218439954,1.4195158199373539,251.54391358597232,224.12601682842168,263.18419106895067,1.4193544948078707,1.411439803903452,249.70289094320376,1.361387028113298,41.514513012438044,163.3814671651245,41.58257915587518,1.2598633835219963,150.12168458817837,163.0470492611804,149.86869849594402,212.9515597178399,1.2596259338421973,1.251611720208052,161.39815355738068,1.2009070403050306,84.10032018119688,0.009415129360483538,0.0005653815435069688
123.3085781,190.0,25.50727261,599.9999588,1.622168383,1219.506406,1.622195,276.2319733,135.5788464,1.571980399,923.2876913,922.5406806,1.571315,273.1139313,922.5406806,1.521297889,194.8069316,1.521193381,273.1139313,1.520795,113.99941609999999,251.8810669,113.99941609999999,1.420144388,223.97441215,1.419502152,251.8810669,223.97441215,262.7279559,1.419362582,1.411445,249.9998769,1.361375,42.81394346,163.77583385,42.81394346,1.259888039,149.9999999,163.77583385,149.9999999,212.55396595,1.259663642,1.251615,161.88247575,1.200914799,90.333475835,0.009354664000000002,0.0007379244999999998,123.39697049179922,190.45867865872486,25.66689727604583,600.0022613939318,1.622162136938735,1219.5096938285774,1.6221904090944637,276.447101020407,134.26157093857694,1.571989733252879,922.4017911508608,921.3094339506381,1.571318784887395,273.4448794021842,921.6199154339783,1.5212852739890066,194.44883354045416,1.5211827658961188,273.26139384348085,1.520813550041771,114.09275270010929,251.80066322721584,114.10180623307545,1.4201653771028273,224.03310405792413,1.4195158064405669,251.54355344894788,224.12617677074422,263.1843796993344,1.4193544736163841,1.4114397981970581,249.70290505881246,1.3613869766562612,41.512576162677476,163.38016590752989,41.580649405339976,1.2598633132789703,150.12161521379088,163.04593721320114,149.8688843201962,212.95117383259748,1.2596258358802837,1.2516117142737058,161.39702409746144,1.2009070063586837,84.09545674422836,0.009415070859604672,0.0005651980113387947
123.3085781,190.0,25.50727261,599.9999588,1.622168383,1219.506406,1.622195,276.2319733,135.5788464,1.571980399,923.2876913,922.5406806,1.571315,273.1139313,922.5406806,1.521297889,194.8069316,1.521193381,273.1139313,1.520795,113.9994118,251.88106879999998,113.9994118,1.420144388,223.97440715,1.419502152,251.88106879999998,223.97440715,262.7279484,1.419362582,1.411445,249.999879,1.361375,42.81394364,163.77583495,42.81394364,1.259888039,149.9999999,163.77583495,149.9999999,212.55396875,1.259663642,1.251615,161.88247675000002,1.2009148025,90.32875287499999,0.0093547585,0.0007379355000000001,123.39696260532439,190.4578098039015,25.66677046816388,600.0022534990122,1.6221621409109055,1219.5097126871035,1.6221904135285479,276.4467998877871,134.2611532684435,1.5719897222832653,922.4016594267376,921.3092477701929,1.5713187762967382,273.4446544813083,921.619823596088,1.521285234874408,194.44777375609084,1.5211827379021827,273.2609772524158,1.5208134978645016,114.09280800858474,251.80052419757385,114.10179920977704,1.4201653587498901,224.03324091233821,1.4195157931401443,251.54319331192343,224.126329686312,263.18456410664976,1.4193544525795798,1.411439792760496,249.70291664625242,1.361386926847789,41.51066832708065,163.37888432773528,41.57874743432304,1.2598632439515889,150.12156070534357,163.04483727463727,149.8690627114783,212.95079518270336,1.2596257395809092,1.2516117086191998,161.3959122853534,1.2009069736350169,84.09075076734497,0.009415012359089292,0.0005650172373056965
123.3085781,190.0,25.50727261,599.9999588,1.622168383,1219.506406,1.622195,276.2319733,135.5788464,1.571980399,923.2876913,922.5406806,1.571315,273.1139313,922.5406806,1.521297889,194.8069316,1.521193381,273.1139313,1.520795,113.9994075,251.8810708,113.9994075,1.420144388,223.97440225,1.419502152,251.8810708,223.97440225,262.72794095,1.419362582,1.411445,249.99988109999998,1.361375,42.81394382,163.77583605,42.81394382,1.259888039,149.9999999,163.77583605,149.9999999,212.5539715,1.259663642,1.251615,161.88247775000002,1.200914806,90.32407465,0.009354850500000003,0.0007379465000000001,123.39695385779525,190.45694600055973,25.66664297851912,600.0022454411579,1.6221621447747063,1219.5097309554528,1.6221904178451139,276.4465036716182,134.26073855526676,1.5719897115991086,922.4015224931858,921.3090557455184,1.571318767965527,273.4444319976555,921.619728418638,1.521285197130066,194.4467283379389,1.5211827109716205,273.2605660580591,1.5208134475672743,114.09285922013609,251.8003834928759,114.10178779691712,1.4201653405666255,224.03337308224908,1.4195157799837224,251.54283861883073,224.12647959041348,263.1847465432,1.4193544320326033,1.411439787579999,249.70292612688513,1.361386878421202,41.50878734501836,163.37761813698938,41.57687200817911,1.2598631755398522,150.1214962862695,163.0437509591657,149.869236147447,212.95041653280921,1.2596256440488605,1.2516117031940477,161.39481364696366,1.200906941964213,84.08618442487668,0.009414954790989452,0.000564838984215246
123.3085781,190.0,25.50727261,599.9999588,1.622168383,1219.506406,1.622195,276.2319733,135.5788464,1.571980399,923.2876913,922.5406806,1.571315,273.1139313,922.5406806,1.521297889,194.8069316,1.521193381,273.1139313,1.520795,113.9994032,251.8810728,113.9994032,1.420144388,223.97439725,1.419502152,251.8810728,223.97439725,262.72793355,1.419362582,1.411445,249.9998831,1.361375,42.81394399,163.77583705,42.81394399,1.259888039,149.9999999,163.77583705,149.9999999,212.55397425,1.259663642,1.251615,161.88247875000002,1.20091481,90.319440175,0.009354939500000001,0.0007379564999999999,123.39694765429024,190.45610240314406,25.66652026121401,600.0022371364331,1.6221621485996052,1219.509748274092,1.6221904221190708,276.44621430336304,134.2603334521993,1.571989701242082,922.4013870480421,921.308871234853,1.5713187599014082,273.4442190888078,921.6196349109679,1.521285160531757,194.4457160725825,1.5211826850673378,273.26016287172115,1.520813398588518,114.09290487157615,251.80024111312207,114.10177345768287,1.4201653226944275,224.03350023304944,1.4195157673902121,251.54248685708592,224.12662280236756,263.1849213782273,1.419354411949674,1.4114397825812257,249.70293118322257,1.3613868316068143,41.50693043853875,163.37636859668962,41.57502220092424,1.2598631084361793,150.121426911882,163.04268078958128,149.8694046281023,212.9500451182634,1.2596255503072382,1.2516116980501784,161.39373340206728,1.2009069113689146,84.0817755424935,0.009414895797759,0.0005646637187393679
123.3085781,190.0,25.50727261,599.9999588,1.622168383,1219.506406,1.622195,276.2319733,135.5788464,1.571980399,923.2876913,922.5406806,1.571315,273.1139313,922.5406806,1.521297889,194.8069316,1.521193381,273.1139313,1.520795,113.999399,251.8810747,113.999399,1.420144388,223.97439229999998,1.419502152,251.8810747,223.97439229999998,262.72792615000003,1.419362582,1.411445,249.9998852,1.361375,42.813944164999995,163.77583815,42.813944164999995,1.259888039,149.9999999,163.77583815,149.9999999,212.553977,1.259663642,1.251615,161.88247965,1.2009148135,90.31484848,0.009355025999999995,0.0007379665,123.39694060930033,190.45526890869144,25.666398225671703,600.0022287675221,1.6221621523460052,1219.5097647142497,1.6221904263236164,276.44592809568354,134.25993500228438,1.5719896911295344,922.4012545797149,921.3086934033066,1.5713187520060659,273.4440072244843,921.6195414032977,1.5212851250545671,194.44472148871705,1.5211826599173086,273.2597640375674,1.5208133507084873,114.09294701136697,251.80009622078433,114.10175531416198,1.4201653051332965,224.03362136091715,1.419515754691974,251.54213970174493,224.1267609952111,263.1850897378831,1.4193543919440856,1.4114397777627992,249.7029337113913,1.3613867857379267,41.50510007693235,163.37513797735141,41.573197703897115,1.259863042182748,150.1213674481213,163.0416222248533,149.86957310875763,212.9496905861969,1.259625457844492,1.251611693063539,161.39266409384265,1.2009068814415618,84.07750035263541,0.009414836585594569,0.0005644916725709769
123.3085781,190.0,25.50727261,599.9999588,1.622168383,1219.506406,1.622195,276.2319733,135.5788464,1.571980399,923.2876913,922.5406806,1.571315,273.1139313,922.5406806,1.521297889,194.8069316,1.521193381,273.1139313,1.520795,113.9993947,251.8810767,113.9993947,1.420144388,223.97438735,1.419502152,251.8810767,223.97438735,262.72791875,1.419362582,1.411445,249.9998873,1.361375,42.813944335,163.77583925,42.813944335,1.259888039,149.9999999,163.77583925,149.9999999,212.55397975,1.259663643,1.251615,161.88248065,1.200914817,90.31029863,0.009355110500000003,0.0007379754999999999,123.39693466019773,190.4544606716465,25.666278235417813,600.0022203591117,1.6221621559576378,1219.5097807372133,1.6221904303302364,276.44564856033026,134.25953803084784,1.5719896813684258,922.4011191345712,921.308509727531,1.5713187445105428,273.4438018013933,921.6194478956276,1.521285091221685,194.4437479016221,1.5211826361274088,273.25937791179126,1.52081330495266,114.09298446895882,251.79995174721057,114.10173600009135,1.4201652881942988,224.03373579663747,1.4195157424650109,251.5417925464039,224.1268951727662,263.1852530298571,1.4193543725314464,1.4114397732857924,249.7029391890902,1.3613867421479375,41.503293790908636,163.37392199022347,41.57139635646855,1.259862976714155,150.12129559607712,163.04057324674582,149.86972176815937,212.94933123056492,1.2596253669163975,1.2516116885139696,161.39161218486856,1.2009068533595495,84.07336182624744,0.009414776332116927,0.0005643222568771964
123.3085781,190.0,25.50727261,599.9999588,1.622168383,1219.506406,1.622195,276.2319733,135.5788464,1.571980399,923.2876913,922.5406806,1.571315,273.1139313,922.5406806,1.521297889,194.8069316,1.521193381,273.1139313,1.520795,113.9993905,251.8810786,113.9993905,1.420144388,223.97438245,1.419502152,251.8810786,223.97438245,262.72791135,1.419362582,1.411445,249.9998893,1.361375,42.813944504999995,163.77584025,42.813944504999995,1.259888039,149.9999999,163.77584025,149.9999999,212.55398245,1.259663643,1.251615,161.88248155000002,1.20091482,90.30578969499999,0.009355193000000003,0.0007379855000000001,123.39693197918768,190.4536928464538,25.66616233574076,600.0022121185732,1.6221621593893487,1219.5097963938604,1.6221904341128153,276.4453813161044,134.25915362647723,1.5719896719559776,922.4009844336316,921.3083235470857,1.5713187373826136,273.4436012527486,921.6193593972969,1.5212850591576799,194.44280636222945,1.5211826139202052,273.25900014220866,1.5208132608815457,114.09301782962655,251.79980727363682,114.10171434492125,1.4201652719057134,224.03384287099567,1.4195157310496875,251.541443716007,224.12702332738866,263.185406468005,1.4193543537633173,1.4114397691157883,249.70294845904218,1.3613867006671414,41.5015097284997,163.37272240126217,41.56961568934802,1.2598629126190286,150.1212039227794,163.03953587349477,149.86986547224774,212.94897428671567,1.2596252767556286,1.2516116843134797,161.39057245536983,1.2009068266643734,84.06935105049455,0.009414714543919317,0.000564155762195741
123.3085781,190.0,25.50727261,599.9999588,1.622168383,1219.506406,1.622195,276.2319733,135.5788464,1.571980399,923.2876913,922.5406806,1.571315,273.1139313,922.5406806,1.521297889,194.8069316,1.521193381,273.1139313,1.520795,113.9993863,251.8810805,113.9993863,1.420144388,223.97437754999999,1.419502152,251.8810805,223.97437754999999,262.72790405,1.419362582,1.411445,249.9998913,1.361375,42.81394467,163.77584135,42.81394467,1.259888039,149.9999999,163.77584135,149.9999999,212.5539852,1.259663643,1.251615,161.88248255000002,1.2009148235,90.30132078,0.009355272499999998,0.0007379944999999998,123.39692896549755,190.45293512422415,25.66604643606371,600.0022038780348,1.6221621628016085,1219.509811657056,1.622190437848662,276.44511951509196,134.25876552591075,1.5719896627067471,922.4008519653042,921.3081473853192,1.5713187304108978,273.4434057526374,921.6192692291863,1.521285027666691,194.4418858196073,1.521182592083946,273.258623765325,1.5208132176894122,114.09304709337017,251.79965986871517,114.10168859282707,1.4201652558433584,224.03394459163593,1.4195157196212733,251.5410986544859,224.12714813593743,263.18555483847103,1.41935433512409,1.4114397650917139,249.7029533046989,1.3613866602045763,41.49974727238291,163.37153542627524,41.56785817182604,1.2598628492433377,150.12112216010843,163.03851111421804,149.8700042210227,212.94862216643196,1.2596251874900728,1.2516116801995383,161.3895454024679,1.2009068007503538,84.06545911254173,0.009414652701302383,0.000563991541833265
123.3085781,190.0,25.50727261,599.9999588,1.622168383,1219.506406,1.622195,276.2319733,135.5788464,1.571980399,923.2876913,922.5406806,1.571315,273.1139313,922.5406806,1.521297889,194.8069316,1.521193381,273.1139313,1.520795,113.99938205,251.8810825,113.99938205,1.420144388,223.97437265,1.419502152,251.8810825,223.97437265,262.7278967,1.419362582,1.411445,249.99989340000002,1.361375,42.81394484,163.77584235,42.81394484,1.25988804,149.9999999,163.77584235,149.9999999,212.55398795,1.259663643,1.251615,161.88248355000002,1.2009148265,90.296891015,0.00935535,0.0007380034999999997,123.39692589309917,190.45218750495758,25.665933604319285,600.0021955634352,1.6221621661360643,1219.509826323291,1.6221904415254058,276.4448578896671,134.2583885139319,1.5719896537450575,922.4007180085688,921.3079670491031,1.5713187236756874,273.4432109488757,921.619177391296,1.5212849974463036,194.4409818533829,1.5211825711874123,273.2582553964602,1.5208131759378303,114.09307343073944,251.79951413884947,114.1016628407329,1.4201652400637914,224.03404263159516,1.4195157083630419,251.54075861813257,224.12726825998303,263.18570039355814,1.4193543171293728,1.4114397612452327,249.70295836103634,1.3613866208087295,41.498007657203544,163.37036535401393,41.56612318657998,1.2598627868486945,150.12104783040755,163.03749543700286,149.87015040276773,212.94828451684484,1.2596251000149439,1.2516116763596672,161.38853052904133,1.2009067756174907,84.06170680900404,0.009414591188038526,0.0005638296523732012
123.3085781,190.0,25.50727261,599.9999588,1.622168383,1219.506406,1.622195,276.2319733,135.5788464,1.571980399,923.2876913,922.5406806,1.571315,273.1139313,922.5406806,1.521297889,194.8069316,1.521193381,273.1139313,1.520795,113.99937785,251.8810844,113.99937785,1.420144388,223.97436775,1.419502152,251.8810844,223.97436775,262.7278894,1.419362582,1.411445,249.9998954,1.361375,42.813945000000004,163.77584345000002,42.813945000000004,1.25988804,149.9999999,163.77584345000002,149.9999999,212.55399065,1.259663643,1.251615,161.88248445,1.20091483,90.29249953,0.0093554255,0.0007380125,123.39692237060422,190.4514904005063,25.665824181388892,600.0021873426464,1.6221621693426995,1219.5098409691752,1.622190445083944,276.4446067994943,134.25802259054066,1.5719896450056217,922.4005922380783,921.307795061786,1.571318717117446,273.4430213677349,921.6190888929654,1.5212849681477254,194.44009556864947,1.521182551119321,273.2578943392646,1.5208131352361418,114.09309508590972,251.79936589639988,114.10163328435209,1.4201652246518486,224.0341359870512,1.4195156973535386,251.540424863239,224.1273853725623,263.18583975481175,1.4193542993408987,1.4114397575433044,249.70295983580144,1.3613865827462805,41.49628964831632,163.3692101662424,41.56440919030327,1.2598627253042927,150.1209586347665,163.03649388743898,149.87027428560253,212.9479492790405,1.259625013818691,1.251611672679911,161.38753032069735,1.2009067512544631,84.0580584885414,0.009414528688342498,0.0005636701503601624
123.3085781,190.0,25.50727261,599.9999588,1.622168383,1219.506406,1.622195,276.2319733,135.5788464,1.571980399,923.2876913,922.5406806,1.571315,273.1139313,922.5406806,1.521297889,194.8069316,1.521193381,273.1139313,1.520795,113.9993737,251.8810863,113.9993737,1.420144388,223.97436290000002,1.419502152,251.8810863,223.97436290000002,262.7278821,1.419362582,1.411445,249.9998974,1.361375,42.813945165,163.77584445000002,42.813945165,1.25988804,149.9999999,163.77584445000002,149.9999999,212.55399334999998,1.259663643,1.251615,161.8824854,1.200914833,90.28814549,0.009355499500000003,0.0007380205000000001,123.39691898509517,190.45076298716583,25.66571237228868,600.0021788601748,1.6221621725472506,1219.5098547671041,1.6221904486039966,276.4443574651968,134.25765371019273,1.571989636463436,922.4004620023632,921.3076214046891,1.571318710765123,273.4428356165162,921.6189953852952,1.5212849395716461,194.43921480938195,1.5211825314592688,273.2575338043312,1.5208130954622663,114.09311410734308,251.79921849147823,114.10159992368465,1.4201652092964634,224.03422833868515,1.41951568640949,251.54008859576152,224.1274978006384,263.18597770837596,1.4193542818102285,1.411439754025853,249.70296025716289,1.3613865454838705,41.494592937059934,163.36806683560673,41.56271618299592,1.2598626643485196,150.12088678272232,163.03550242905456,149.8704105567208,212.9476236883672,1.2596249283897638,1.2516116691992163,161.3865398062215,1.200906727672592,84.05452603493386,0.00941446706624141,0.000563512799761114
123.3085781,190.0,25.50727261,599.9999588,1.622168383,1219.506406,1.622195,276.2319733,135.5788464,1.571980399,923.2876913,922.5406806,1.571315,273.1139313,922.5406806,1.521297889,194.8069316,1.521193381,273.1139313,1.520795,113.9993695,251.8810882,113.9993695,1.420144388,223.97435805,1.419502152,251.8810882,223.97435805,262.72787485000003,1.419362582,1.411445,249.9998995,1.361375,42.813945325000006,163.7758455,42.813945325000006,1.25988804,149.9999999,163.7758455,149.9999999,212.55399605,1.259663643,1.251615,161.88248635000002,1.200914836,90.28382809,0.009355570499999999,0.0007380290000000002,123.39691499293421,190.45005072826996,25.665601926714075,600.0021704764515,1.6221621756003617,1219.5098683174301,1.6221904520030948,276.4441095355995,134.25729296147568,1.5719896282831074,922.4003280456277,921.3074444080327,1.5713187046940935,273.44265021347223,921.6189002078452,1.5212849128890125,194.43834952141898,1.5211825133695478,273.25717744749454,1.5208130577149297,114.09312990976464,251.7990660613888,114.10156509983003,1.420165194252145,224.03431901728223,1.4195156755963512,251.53975735345182,224.1276068826408,263.18611538040227,1.4193542645373622,1.4114397507988838,249.70295393674107,1.3613865099791211,41.49291567146648,163.3669363712249,41.56104323867398,1.2598626037851657,150.12080997536475,163.0345195481727,149.87053443955557,212.94729327412838,1.2596248439839375,1.2516116660199994,161.3855589856138,1.200906705437933,84.05110647723639,0.00941440528007347,0.0005633574233230289
123.3085781,190.0,25.50727261,599.9999588,1.622168383,1219.506406,1.622195,276.2319733,135.5788464,1.571980399,923.2876913,922.5406806,1.571315,273.1139313,922.5406806,1.521297889,194.8069316,1.521193381,273.1139313,1.520795,113.9993653,251.8810901,113.9993653,1.420144388,223.9743532,1.419502152,251.8810901,223.9743532,262.72786759999997,1.419362582,1.411445,249.9999015,1.361375,42.813945485000005,163.77584654999998,42.813945485000005,1.25988804,149.9999999,163.77584654999998,149.9999999,212.55399875,1.259663643,1.251615,161.88248725,1.2009148385000001,90.27954651499999,0.00935564,0.0007380374999999996,123.39691207709117,190.44935867530023,25.665493526427895,600.0021618211706,1.622162178694459,1219.5098811351227,1.6221904554152504,276.44386775156596,134.25694108362876,1.571989620140284,922.400200786729,921.3072799347245,1.5713186986897005,273.4424686403503,921.6188050303953,1.5212848863309474,194.43749859966744,1.5211824952427322,273.25682840232724,1.520813020138506,114.09314307844927,251.79891530635533,114.10152881278825,1.4201651793774992,224.03440367294667,1.419515664966486,251.53942862372602,224.12771429160637,263.1862474216709,1.4193542477285432,1.4114397475664078,249.70294909108435,1.3613864748016604,41.49126032082649,163.3658212958918,41.55939220930534,1.2598625445298757,150.12073069035048,163.03355079494216,149.87065336707698,212.9469749188034,1.259624760601212,1.2516116628350125,161.3845920844065,1.200906683214595,84.047796844504,0.009414343384664972,0.0005632039609608157
123.3085781,190.0,25.50727261,599.9999588,1.622168383,1219.506406,1.622195,276.2319733,135.5788464,1.571980399,923.2876913,922.5406806,1.571315,273.1139313,922.5406806,1.521297889,194.8069316,1.521193381,273.1139313,1.520795,113.9993612,251.881092,113.9993612,1.420144388,223.97434835,1.419502152,251.881092,223.97434835,262.72786035,1.419362582,1.411445,249.99990350000002,1.361375,42.813945645000004,163.77584754999998,42.813945645000004,1.25988804,149.9999999,163.77584754999998,149.9999999,212.5540014,1.259663644,1.251615,161.88248825,1.2009148415,90.2753,0.0093557075,0.0007380450000000002,123.39690816320788,190.4486817767751,25.665387512311533,600.002153289325,1.6221621816718501,1219.5098938103588,1.6221904587201965,276.4436305328083,134.2565877273035,1.57198961228778,922.4000750162384,921.3071071125174,1.5713186929649627,273.44229020080087,921.6187081831654,1.5212848612427943,194.4366587288477,1.5211824782905738,273.25648283890723,1.5208129841735467,114.09315361339698,251.7987649700858,114.10148989200955,1.4201651646725264,224.034487324789,1.4195156545068033,251.53909738141633,224.12781935832032,263.18637918140155,1.41935423128065,1.4114397445789832,249.70294129589746,1.3613864411394245,41.48962595915602,163.3647213573279,41.55776062559947,1.2598624860594239,150.1206712265898,163.03259162833209,149.87077229459837,212.94666379882668,1.2596246787531382,1.2516116599630427,161.38363611987097,1.2009066622026159,84.04458822390168,0.009414283079521059,0.0005630528203566119
123.3085781,190.0,25.50727261,599.9999588,1.622168383,1219.506406,1.622195,276.2319733,135.5788464,1.571980399,923.2876913,922.5406806,1.571315,273.1139313,922.5406806,1.521297889,194.8069316,1.521193381,273.1139313,1.520795,113.999357,251.8810939,113.999357,1.420144388,223.97434355000001,1.419502152,251.8810939,223.97434355000001,262.72785315,1.419362582,1.411445,249.9999055,1.361375,42.8139458,163.77584854999998,42.8139458,1.25988804,149.9999999,163.77584854999998,149.9999999,212.55400405,1.259663644,1.251615,161.88248915,1.200914844,90.27108777500001,0.009355773000000001,0.0007380525000000002,123.39690483640709,190.44800487824995,25.66528013466956,600.0021445994821,1.6221621846040872,1219.509905895418,1.62219046199834,276.44339594786356,134.25624398108747,1.5719896045644606,922.3999447805234,921.3069418043194,1.571318687318878,273.4421152429988,921.6186063265961,1.5212848365781748,194.43582548858708,1.5211824615609824,273.2561407572345,1.5208129485992457,114.09316151460776,251.79860960864852,114.10144716694423,1.4201651499675534,224.03456997280924,1.4195156438245742,251.53876948921848,224.12791840210167,263.1865055919124,1.4193542147811957,1.411439741675537,249.70293012981895,1.3613864080954003,41.488010425825856,163.3636320145025,41.556150648185586,1.2598624276543753,150.12058946391883,163.03164103922458,149.8708862668064,212.94634544350168,1.2596245971608395,1.2516116571285774,161.38269084344648,1.2009066413944165,84.04149547015447,0.009414223432631437,0.000562903239878732
123.3085781,190.0,25.50727261,599.9999588,1.622168383,1219.506406,1.622195,276.2319733,135.5788464,1.571980399,923.2876913,922.5406806,1.571315,273.1139313,922.5406806,1.521297889,194.8069316,1.521193381,273.1139313,1.520795,113.99935289999999,251.8810958,113.99935289999999,1.420144388,223.97433875,1.419502152,251.8810958,223.97433875,262.72784595,1.419362582,1.411445,249.9999075,1.361375,42.813945954999994,163.77584965,42.813945954999994,1.259888041,149.9999999,163.77584965,149.9999999,212.55400674999999,1.259663644,1.251615,161.88249005,1.200914847,90.266909095,0.009355836499999999,0.0007380599999999999,123.39690332956202,190.44734818565092,25.665176165841615,600.0021359392638,1.6221621874696353,1219.509917658254,1.6221904651837058,276.44317066905813,134.25590614878485,1.5719895971460458,922.3998175216246,921.3067781659012,1.5713186819387934,273.44194568190505,921.6185111491461,1.5212848132090706,194.43502319093562,1.521182446055507,273.25580546496906,1.5208129147829057,114.09316590416931,251.79846052867097,114.10140414924146,1.4201651357715988,224.0346459286821,1.4195156338885302,251.53845290364816,224.12801644206087,263.18662862396866,1.4193541990035925,1.4114397389923619,249.70291601421025,1.3613863764332614,41.48641773343311,163.36255957440272,41.55456135107974,1.2598623709498096,150.12052752250145,163.03070659600428,149.87100519432778,212.94605120600434,1.259624517486855,1.2516116545364482,161.3817584921795,1.2009066215598327,84.03850967042732,0.009414164005407686,0.0005627558026012676
123.3085781,190.0,25.50727261,599.9999588,1.622168383,1219.506406,1.622195,276.2319733,135.5788464,1.571980399,923.2876913,922.5406806,1.571315,273.1139313,922.5406806,1.521297889,194.8069316,1.521193381,273.1139313,1.520795,113.9993488,251.8810977,113.9993488,1.420144388,223.97433395,1.419502152,251.8810977,223.97433395,262.7278388,1.419362582,1.411445,249.9999095,1.361375,42.81394611,163.77585065,42.81394611,1.259888041,149.9999999,163.77585065,149.9999999,212.55400939999998,1.259663644,1.251615,161.882491,1.2009148495,90.262763245,0.009355898499999996,0.0007380674999999999,123.39689998319182,190.44671675045953,25.665072878776478,600.0021272543584,1.6221621903386567,1219.509929027639,1.6221904683718207,276.4429462681904,134.25556831648223,1.5719895897317981,922.3996962163586,921.3066161972628,1.5713186765603475,273.44177838394705,921.6184143019163,1.5212847898150528,194.43422310347052,1.5211824303521948,273.2554726099267,1.5208128810398145,114.09316883054368,251.79830516723368,114.10136054626383,1.420165121603923,224.0347188730886,1.4195156236252122,251.53813254920198,224.12810979751694,263.18674884064603,1.419354183329111,1.4114397362830293,249.70290337336664,1.3613863449044623,41.48484448670329,163.36150025283627,41.552992734281936,1.2598623141144376,150.12045071514387,163.0297792166096,149.871109255909,212.94573767424487,1.2596244380686457,1.251611651935664,161.3808383203879,1.200906601725249,84.03561596999522,0.009414105346062096,0.0005626104484462806
123.3085781,190.0,25.50727261,599.9999588,1.622168383,1219.506406,1.622195,276.2319733,135.5788464,1.571980399,923.2876913,922.5406806,1.571315,273.1139313,922.5406806,1.521297889,194.8069316,1.521193381,273.1139313,1.520795,113.99934465,251.8810996,113.99934465,1.420144388,223.9743292,1.419502152,251.8810996,223.9743292,262.72783165,1.419362582,1.411445,249.9999115,1.361375,42.81394626,163.77585165,42.81394626,1.259888041,149.9999999,163.77585165,149.9999999,212.55401204999998,1.259663644,1.251615,161.88249195,1.200914852,90.258649505,0.009355958999999999,0.0007380745,123.39689798711134,190.44608026378665,25.664971296118356,600.0021185892026,1.622162193082636,1219.5099401494208,1.6221904714286723,276.4427269593611,134.25524083352803,1.571989582654404,922.399569701664,921.3064533937344,1.5713186715232774,273.4416140454743,921.6183124453471,1.5212847678162054,194.4334373822168,1.5211824159224583,273.25514567385477,1.5208128488837716,114.09316853790624,251.7981514808523,114.10131401691186,1.4201651076059199,224.03479047906563,1.419515613702259,251.5378172199236,224.1282018145435,263.1868682127097,1.4193541679639943,1.411439733843529,249.70288946843866,1.361386314939375,41.48329315492693,163.36045379752366,41.5514454151148,1.2598622584563228,150.12038877372646,163.02886596486618,149.871223228117,212.94544102496477,1.2596243600572004,1.2516116496291447,161.37992933382876,1.2009065833510881,84.0328203107482,0.009414047454580328,0.0005624670590201103
123.3085781,190.0,25.50727261,599.9999588,1.622168383,1219.506406,1.622195,276.2319733,135.5788464,1.571980399,923.2876913,922.5406806,1.571315,273.1139313,922.5406806,1.521297889,194.8069316,1.521193381,273.1139313,1.520795,113.9993406,251.8811015,113.9993406,1.420144388,223.97432445,1.419502152,251.8811015,223.97432445,262.72782455,1.419362582,1.411445,249.9999135,1.361375,42.81394641,163.77585265,42.81394641,1.259888041,149.9999999,163.77585265,149.9999999,212.55401469999998,1.259663644,1.251615,161.88249285,1.2009148545000001,90.25456719,0.009356017000000003,0.0007380814999999998,123.39689724347352,190.44555996118896,25.664875167562684,600.0021095241166,1.622162195635579,1219.509950202779,1.6221904744628453,276.4425290722109,134.2549325707924,1.5719895758423252,922.3994528616224,921.3062914250959,1.5713186666970411,273.44145893363185,921.6182072492181,1.5212847480845098,194.4327466989769,1.5211824027539327,273.25482761623846,1.520812817948535,114.093165026257,251.79800993862642,114.10126953602193,1.4201650953329232,224.03485472368055,1.4195156046564008,251.53749812176937,224.1282814510974,263.18697773094743,1.419354154197262,1.4114397318032694,249.7028890470772,1.361386286841045,41.48175787353904,163.3594320656008,41.54991846759439,1.2598622050219168,150.12034665356265,163.02795775871252,149.87132233438484,212.94513955211912,1.2596242851150576,1.251611647520245,161.37903799508086,1.2009065655260014,84.03012863457627,0.009413984300642598,0.0005623250489901411
123.3085781,190.0,25.50727261,599.9999588,1.622168383,1219.506406,1.622195,276.2319733,135.5788464,1.571980399,923.2876913,922.5406806,1.571315,273.1139313,922.5406806,1.521297889,194.8069316,1.521193381,273.1139313,1.520795,113.9993365,251.8811033,113.9993365,1.420144388,223.97431970000002,1.419502152,251.8811033,223.97431970000002,262.72781745,1.419362582,1.411445,249.9999154,1.361375,42.81394656,163.77585365,42.81394656,1.259888041,149.9999999,163.77585365,149.9999999,212.55401734999998,1.259663644,1.251615,161.88249374999998,1.200914857,90.25051562,0.009356073500000003,0.0007380880000000002,123.39689610844736,190.44507501896197,25.664781766058233,600.002100271409,1.62216219812739,1219.5099595133283,1.6221904775210714,276.44234136913764,134.25463909284022,1.571989569071919,922.3993427194177,921.3061319611271,1.5713186619516426,273.4413053885757,921.61809453908,1.521284729324451,194.43210132455752,1.5211823897832442,273.2545154775926,1.520812787306292,114.0931585882334,251.79787258404036,114.1012224213951,1.420165083823454,224.0349142837923,1.4195155957676342,251.53717399844737,224.12835439550392,263.18708302611685,1.4193541412039419,1.411439729870392,249.70289536749902,1.3613862593245611,41.48024018584618,163.35842597500613,41.548411583059384,1.259862152437752,150.12030948871222,163.02705964373834,149.87141648533927,212.9448284321424,1.259624212091229,1.2516116454575044,161.37815958149048,1.200906547870731,84.0275320286444,0.009413919338049737,0.0005621847675519035
123.3085781,190.0,25.50727261,599.9999588,1.622168383,1219.506406,1.622195,276.2319733,135.5788464,1.571980399,923.2876913,922.5406806,1.571315,273.1139313,922.5406806,1.521297889,194.8069316,1.521193381,273.1139313,1.520795,113.9993324,251.8811052,113.9993324,1.420144388,223.97431495,1.419502152,251.8811052,223.97431495,262.72781035,1.419362582,1.411445,249.99991740000002,1.361375,42.813946709999996,163.77585464999999,42.813946709999996,1.259888041,149.9999999,163.77585464999999,149.9999999,212.55401999999998,1.259663644,1.251615,161.88249465,1.2009148595,90.246494145,0.009356128500000001,0.0007380945000000003,123.39689514954595,190.444590076735,25.664689387197996,600.0020907520811,1.6221622006060021,1219.5099680505423,1.622190480527067,276.4421578801652,134.25434709336642,1.5719895625501594,922.3992273677844,921.3059716622685,1.571318657387583,273.441152539869,921.6179809940519,1.5212847112121495,194.43146479088364,1.5211823775668092,273.2542085615676,1.5208127576406945,114.09315010174775,251.79772894799456,114.10117355094366,1.4201650723705426,224.03496849018615,1.419515586826504,251.53685196894529,224.12842633608832,263.18718888436206,1.4193541280043784,1.4114397280448965,249.70289494613758,1.3613862329232829,41.47874379578415,163.35743300294482,41.546924761509786,1.2598621007038289,150.12029462277204,163.02617313362057,149.8715155916071,212.9445390182106,1.2596241395789511,1.251611643526029,161.37729508730052,1.2009065308494429,84.0250394057876,0.009413853663242775,0.0005620465635653634
123.3085781,190.0,25.50727261,599.9999588,1.622168383,1219.506406,1.622195,276.2319733,135.5788464,1.571980399,923.2876913,922.5406806,1.571315,273.1139313,922.5406806,1.521297889,194.8069316,1.521193381,273.1139313,1.520795,113.9993283,251.8811071,113.9993283,1.420144388,223.97431025,1.419502152,251.8811071,223.97431025,262.72780324999997,1.419362582,1.411445,249.9999194,1.361375,42.813946855,163.77585564999998,42.813946855,1.259888041,149.9999999,163.77585564999998,149.9999999,212.55402265,1.259663645,1.251615,161.88249555,1.200914862,90.24250211,0.009356182,0.0007381010000000002,123.3968955605037,190.44412534043414,25.664596667456358,600.0020812771901,1.6221622030804463,1219.509976140036,1.6221904835172563,276.4419770250057,134.25405952932763,1.5719895560791013,922.3991149929674,921.3058088587401,1.571318652860665,273.4410038692591,921.617867449024,1.5212846932991582,194.43084151832795,1.5211823653132797,273.2539030382416,1.5208127286343323,114.0931383962503,251.79758656824072,114.1011238025799,1.4201650609176308,224.03502269657997,1.4195155781733746,251.53653873348682,224.12849493059903,263.187290238001,1.4193541151657407,1.4114397262620788,249.70289241796885,1.3613862067401972,41.47726685138505,163.35645037434244,41.54545800294561,1.2598620492969215,150.12026736854838,163.02529570556436,149.87159735427807,212.94424236893047,1.2596240679618864,1.2516116416248457,161.37643879561438,1.2009065140432558,84.02261214372085,0.009413788482272187,0.0005619099104389667
