air,second_air2,COG,burner_input_T_PV,burner_inputP,burner_output_T_PV,burner_output_P_PV,fur_F,fur_inputT,fur_inputP,fur_temp,fur_outputT,fur_outputP_PV,WHB_F,WHB_inputT,WHB_inputP,WHB_outputT,WHB_outputP,SEP1_F,SEP1_P_PV,SEP1_T,HEATER1_F,HEATER1_input_T,HEATER1_input_P,HEATER1_output_T_PV,HEATER1_output_P,cat1_F,cat1_input_temp,cat1_output_temp,cat1_input_P,cat1_output_P_PV,SEP2_F,SEP2_P_PV,SEP2_T,HEATER2_F,HEATER2_input_T,HEATER2_input_P,HEATER2_output_T_PV,cat2_F,cat2_input_temp,cat2_output_temp,cat2_input_P,cat2_output_P_PV,SEP3_F,SEP3_P_PV,SEP3_T,B35_H2S,B35_SO2,air_pred,second_air2_pred,COG_pred,burner_input_T_PV_pred,burner_inputP_pred,burner_output_T_PV_pred,burner_output_P_PV_pred,fur_F_pred,fur_inputT_pred,fur_inputP_pred,fur_temp_pred,fur_outputT_pred,fur_outputP_PV_pred,WHB_F_pred,WHB_inputT_pred,WHB_inputP_pred,WHB_outputT_pred,WHB_outputP_pred,SEP1_F_pred,SEP1_P_PV_pred,SEP1_T_pred,HEATER1_F_pred,HEATER1_input_T_pred,HEATER1_input_P_pred,HEATER1_output_T_PV_pred,HEATER1_output_P_pred,cat1_F_pred,cat1_input_temp_pred,cat1_output_temp_pred,cat1_input_P_pred,cat1_output_P_PV_pred,SEP2_F_pred,SEP2_P_PV_pred,SEP2_T_pred,HEATER2_F_pred,HEATER2_input_T_pred,HEATER2_input_P_pred,HEATER2_output_T_PV_pred,cat2_F_pred,cat2_input_temp_pred,cat2_output_temp_pred,cat2_input_P_pred,cat2_output_P_PV_pred,SEP3_F_pred,SEP3_P_PV_pred,SEP3_T_pred,B35_H2S_pred,B35_SO2_pred
123.3085781,190.0,25.50727261,599.9999588,1.622168383,1219.506406,1.622195,276.2319733,135.5788464,1.571980399,923.2876913,922.5406806,1.571315,273.1139313,922.5406806,1.521297889,194.8069316,1.521193381,273.1139313,1.520795,114.04136410000001,251.86170235,114.04136410000001,1.420144398,224.02321210000002,1.419502171,251.86170235,224.02321210000002,262.80101460000003,1.419362604,1.411445,249.9794249,1.361375003,42.81056341,163.7660137,42.81056341,1.26130119,229.9999977,163.7660137,229.9999977,287.0770351,1.261053366,1.251615002,161.97659794999998,1.200915014,160.55859965,0.011803428500000001,0.0020065835000000003,122.96883459556885,195.22591837541898,26.096756224736808,600.2333590765759,1.6221282992596262,1219.8695646178712,1.6221578215432815,276.58297030261923,134.3303674930871,1.5719784915637014,923.0065232049573,923.0481130167486,1.5713231686311222,273.37913556982977,922.7690061458608,1.521318442720088,197.56182799487755,1.5211999822533724,273.6705663495339,1.5208073366738908,114.34547907227898,252.34850450633172,114.44750702742914,1.4202083741042972,224.23212350209985,1.419508786304767,252.15013810191874,224.25587995610857,263.50599394046407,1.4194209329411354,1.411442900689717,249.6275414026194,1.3614520027378918,42.62249077308694,164.1585992407314,42.47880907322234,1.2613738331754674,227.86087397418638,163.95910065878266,227.86508599056916,288.32990061580426,1.2611053687276934,1.2516205086184287,162.00389727888765,1.2009435922278366,133.744563093081,0.011613016789731256,0.002062719650349931
123.3085781,190.0,25.50727261,599.9999588,1.622168383,1219.506406,1.622195,276.2319733,135.5788464,1.571980399,923.2876913,922.5406806,1.571315,273.1139313,922.5406806,1.521297889,194.8069316,1.521193381,273.1139313,1.520795,114.0412458,251.86175705,114.0412458,1.420144398,224.02307445,1.419502171,251.86175705,224.02307445,262.8008085,1.419362604,1.411445,249.9794826,1.361375003,42.810574419999995,163.7660414,42.810574419999995,1.2613011945000001,229.9999977,163.7660414,229.9999977,287.07710475,1.26105337,1.251615002,161.97662315,1.200915014,160.55902609999998,0.011803439500000004,0.00200659,122.96901056376142,195.23170737325347,26.097688876255667,600.2331299412208,1.6221283221145426,1219.8693146542118,1.6221578680118254,276.58253133378554,134.33423888864252,1.5719785236793742,923.005155357847,923.0506318795437,1.571323197824499,273.3796153546084,922.770457184528,1.52131869627985,197.5655411079753,1.5211999353907322,273.6710631948743,1.520807565648356,114.34515980483599,252.35023274528507,114.44714562019844,1.4202084146843668,224.23039558964456,1.4195087855193091,252.15059706724293,224.25506819863054,263.504100316642,1.4194210603607489,1.4114429471944172,249.62780580693155,1.3614520906269956,42.6251980414933,164.16040732781565,42.48186667219893,1.2613740516221217,227.8583467643567,163.96049122331573,227.85753904827385,288.3263408244429,1.2611053593918975,1.2516205268599798,162.00560489104552,1.2009437421193263,133.6603546279403,0.011615130180584028,0.0020615545340061654
123.3085781,190.0,25.50727261,599.9999588,1.622168383,1219.506406,1.622195,276.2319733,135.5788464,1.571980399,923.2876913,922.5406806,1.571315,273.1139313,922.5406806,1.521297889,194.8069316,1.521193381,273.1139313,1.520795,114.0411278,251.8618116,114.0411278,1.420144398,224.02293715000002,1.419502171,251.8618116,224.02293715000002,262.80060305,1.419362604,1.411445,249.97954025,1.361375003,42.810585395000004,163.76606900000002,42.810585395000004,1.261301199,229.9999977,163.76606900000002,229.9999977,287.07717425,1.2610533744999999,1.251615002,161.97664815000002,1.200915014,160.5594514,0.011803450000000004,0.0020065965000000004,122.96918261807068,195.23726400293754,26.098595961669297,600.2328949007226,1.6221283468173033,1219.8690516659588,1.6221579156101948,276.5821357350727,134.3379794388641,1.5719785536947488,923.003806860043,923.0531006489456,1.5713232252438134,273.38009513938704,922.7718464413418,1.5213189378062673,197.5691182946114,1.5211998841262184,273.67157048545664,1.5208077863945857,114.34488414037102,252.3519852725494,114.44682664539565,1.4202084546423028,224.22874162541788,1.4195087873782264,252.15109204626955,224.25430127854,263.50227313576113,1.4194211851378715,1.4114429912486035,249.6280889618284,1.361452170200545,42.62794667051606,164.1622136489435,42.484961001871895,1.261374270330389,227.85586415234752,163.96194082124876,227.85019527382764,288.3228582101301,1.2611053552994937,1.2516205437311787,162.00734655602224,1.2009438842898192,133.5780817334685,0.011617174140111,0.0020604375677892753
123.3085781,190.0,25.50727261,599.9999588,1.622168383,1219.506406,1.622195,276.2319733,135.5788464,1.571980399,923.2876913,922.5406806,1.571315,273.1139313,922.5406806,1.521297889,194.8069316,1.521193381,273.1139313,1.520795,114.04101015,251.86186600000002,114.04101015,1.420144397,224.02280025,1.419502171,251.86186600000002,224.02280025,262.8003981,1.419362604,1.411445,249.97959765000002,1.361375003,42.810596335,163.76609655,42.810596335,1.261301203,229.9999977,163.76609655,229.9999977,287.0772435,1.2610533785,1.251615002,161.97667315,1.200915014,160.5598756,0.011803460500000005,0.0020066024999999994,122.96935420271396,195.24269939706485,26.099490775352418,600.2326564040369,1.62212837295388,1219.868778176627,1.6221579639370407,276.5817957976079,134.34160318929614,1.5719785815709308,923.0024955724434,923.0555251691833,1.571323250771086,273.38057109424363,922.7731764209718,1.521319166277876,197.57264575205423,1.5211998276932128,273.6720896139798,1.5208079962512213,114.34465588317072,252.35372481813027,114.44655624840684,1.4202084950526994,224.22716529010088,1.419508791855337,252.15162973922233,224.2535798650517,263.50051859165484,1.4194213077494409,1.4114430327366332,249.62839571296664,1.3614522409069987,42.63072801763837,164.16402804301492,42.48808341972443,1.2613744900851072,227.85339640627853,163.96344920030228,227.84305466723043,288.319419007907,1.2611053567062576,1.2516205588916012,162.00911730260339,1.2009440163505616,133.4980608153083,0.01161913888814468,0.00205936942250128
123.3085781,190.0,25.50727261,599.9999588,1.622168383,1219.506406,1.622195,276.2319733,135.5788464,1.571980399,923.2876913,922.5406806,1.571315,273.1139313,922.5406806,1.521297889,194.8069316,1.521193381,273.1139313,1.520795,114.04089285,251.8619202,114.04089285,1.420144397,224.0226637,1.419502171,251.8619202,224.0226637,262.8001937,1.419362604,1.411445,249.97965495,1.361375003,42.810607245,163.766124,42.810607245,1.2613012074999999,229.9999977,163.766124,229.9999977,287.07731255,1.261053383,1.251615002,161.97669805,1.200915014,160.5602987,0.011803471500000004,0.0020066089999999995,122.96952860535319,195.2480640704507,26.10038388462852,600.2324239507418,1.6221283986458628,1219.868506098293,1.6221580111615506,276.58151994959286,134.34518036766022,1.571978608019132,923.0012929386403,923.0579321567333,1.5713232747012653,273.38105679799264,922.7745230984001,1.5213193825915712,197.57626161695177,1.5211997675383988,273.67262684758896,1.5208081944857792,114.34448469027049,252.35546185112725,114.44634584209197,1.4202085378667937,224.225657883902,1.419508799421916,252.15221517126903,224.25289960826981,263.49881528744385,1.4194214286466138,1.4114430716089459,249.62875239543715,1.361452304085815,42.633531279714134,164.16586665591709,42.491215097416394,1.261374711801921,227.85100298991046,163.9650168650353,227.83613704973587,288.3160762769945,1.261105367576705,1.2516205723787517,162.01093776132888,1.2009441400110406,133.42068849461754,0.011621007060020722,0.002058360174255147
123.3085781,190.0,25.50727261,599.9999588,1.622168383,1219.506406,1.622195,276.2319733,135.5788464,1.571980399,923.2876913,922.5406806,1.571315,273.1139313,922.5406806,1.521297889,194.8069316,1.521193381,273.1139313,1.520795,114.04077584999999,251.86197429999999,114.04077584999999,1.420144397,224.0225276,1.419502171,251.86197429999999,224.0225276,262.7999899,1.419362604,1.411445,249.97971205,1.361375003,42.810618115,163.76615135,42.810618115,1.261301212,229.9999977,163.76615135,229.9999977,287.0773815,1.261053387,1.251615002,161.97672295,1.200915014,160.56072065,0.011803482500000002,0.0020066150000000002,122.96970668704273,195.2534590527258,26.10127903919304,600.2321997922968,1.6221284236931839,1219.868239826757,1.6221580568906222,276.58130555721453,134.34867622971515,1.5719786327393102,923.0001892839807,923.0603174371462,1.571323296846458,273.3815501615858,922.7758672711586,1.521319586112052,197.57991063464485,1.5211997044902186,273.6731825344588,1.5208083802192787,114.34437290276983,252.35718213356495,114.44619454853871,1.4202085829431914,224.22423044886438,1.4195088106801477,252.15284917993765,224.25226485809017,263.4971618154387,1.4194215473008922,1.4114431078710479,249.6291661723846,1.3614523598703343,42.63635151816231,164.16772873081158,42.49434924439887,1.2613749337149445,227.84866903730304,163.9666314537529,227.82946224259746,288.3128251938271,1.2611053873992852,1.2516205843772668,162.012803209545,1.2009442544221731,133.34609846392124,0.011622778338317225,0.002057413421866821
123.3085781,190.0,25.50727261,599.9999588,1.622168383,1219.506406,1.622195,276.2319733,135.5788464,1.571980399,923.2876913,922.5406806,1.571315,273.1139313,922.5406806,1.521297889,194.8069316,1.521193381,273.1139313,1.520795,114.0406591,251.86202825,114.0406591,1.420144397,224.02239175,1.419502171,251.86202825,224.02239175,262.79978665,1.419362604,1.411445,249.97976905000002,1.361375003,42.810628949999995,163.76617865,42.810628949999995,1.261301216,229.9999977,163.76617865,229.9999977,287.07745020000004,1.2610533915,1.251615002,161.97674769999998,1.200915014,160.56114155,0.0118034925,0.0020066215000000007,122.9698869605069,195.25893485870535,26.102177602571594,600.2319866936516,1.6221284477068239,1219.8679847346639,1.6221581007119106,276.58115139136015,134.35207525143824,1.571978655748134,922.9991883294849,923.0626818453119,1.5713233171935557,273.3820473551009,922.777212278807,1.5213197768144051,197.58355081159243,1.5211996397233292,273.67375528189046,1.5208085527192357,114.3443225691308,252.35888189656754,114.44610470884655,1.4202086303667292,224.22288633106172,1.4195088259703972,252.15353511534005,224.25167494529802,263.495551700268,1.419421663776727,1.4114431414678716,249.6296477885261,1.361452408181764,42.63917947314339,164.16961477225735,42.49747351421929,1.261375153927485,227.84638959314293,163.96827909108336,227.82303520112868,288.30966093483926,1.2611054155345607,1.2516205950111996,162.01470370482286,1.2009443597990601,133.274342714757,0.011624463780342294,0.0020565270510573886
123.3085781,190.0,25.50727261,599.9999588,1.622168383,1219.506406,1.622195,276.2319733,135.5788464,1.571980399,923.2876913,922.5406806,1.571315,273.1139313,922.5406806,1.521297889,194.8069316,1.521193381,273.1139313,1.520795,114.04054275,251.86208205,114.04054275,1.420144397,224.02225635000002,1.419502171,251.86208205,224.02225635000002,262.7995839,1.419362604,1.411445,249.97982585,1.361375003,42.81063976,163.7662059,42.81063976,1.2613012205,229.9999977,163.7662059,229.9999977,287.07751874999997,1.2610533955,1.251615002,161.97677240000002,1.200915014,160.56156135,0.011803503499999996,0.0020066275000000006,122.97006645119441,195.26448643690787,26.103076847712956,600.2317881702428,1.6221284703033199,1219.8677460589854,1.6221581421086098,276.5810484970655,134.35538112902537,1.5719786770567161,922.9983116570716,923.0650312254595,1.571323335495675,273.3825417632182,922.7785656353547,1.5213199527429002,197.58719651400594,1.5211995727925978,273.67434961615544,1.5208087098370309,114.34433281144106,252.36056407148288,114.44607632301548,1.4202086803070795,224.2216238574572,1.4195088452141187,252.15428219028377,224.25112551999757,263.4939700204238,1.4194217782416907,1.4114431720800242,249.63021999738015,1.3614524477351944,42.64200403285,164.17152578937234,42.50057710373167,1.2613753717201075,227.84417456805693,163.9699559928343,227.81686088064282,288.3065979707276,1.261105451982531,1.2516206039718605,162.01663079609796,1.2009444556548943,133.2053900522023,0.011626079868137854,0.0020556957015484224
123.3085781,190.0,25.50727261,599.9999588,1.622168383,1219.506406,1.622195,276.2319733,135.5788464,1.571980399,923.2876913,922.5406806,1.571315,273.1139313,922.5406806,1.521297889,194.8069316,1.521193381,273.1139313,1.520795,114.0404267,251.8621357,114.0404267,1.420144397,224.0221213,1.419502171,251.8621357,224.0221213,262.7993817,1.419362604,1.411445,249.9798825,1.361375003,42.810650525,163.76623304999998,42.810650525,1.261301225,229.9999977,163.76623304999998,229.9999977,287.07758709999996,1.2610534,1.251615002,161.97679705000002,1.200915014,160.56198,0.011803513499999994,0.0020066339999999993,122.97024844676723,195.2701541991856,26.10397881990554,600.2316076190089,1.6221284909880613,1219.8675300135387,1.6221581805749097,276.5809844076158,134.358604211825,1.5719786966317189,922.9975719182099,923.0673705869285,1.5713233516588692,273.3830351268113,922.7799415339298,1.5213201144830109,197.59078033120116,1.5211995039947797,273.67496971535047,1.5208088511820064,114.344406556075,252.36224205875843,114.44611026895778,1.4202087327359636,224.22044202422865,1.4195088686207677,252.1550987800485,224.25061490915195,263.4924074851558,1.4194218913274033,1.4114431996469312,249.6309021815736,1.3614524783851631,42.64481871539448,164.17346909826168,42.50365137041923,1.2613755855885385,227.8419694535977,163.9716548429006,227.81087486206587,288.30358324227115,1.2611054952085452,1.2516206112606916,162.018575783745,1.200944542182134,133.1390904435345,0.011627639302529467,0.0020549177600701425
123.3085781,190.0,25.50727261,599.9999588,1.622168383,1219.506406,1.622195,276.2319733,135.5788464,1.571980399,923.2876913,922.5406806,1.571315,273.1139313,922.5406806,1.521297889,194.8069316,1.521193381,273.1139313,1.520795,114.04031095,251.8621892,114.04031095,1.420144397,224.0219866,1.419502171,251.8621892,224.0219866,262.79918015,1.419362604,1.411445,249.979939,1.361375003,42.81066126,163.76626015,42.81066126,1.261301229,229.9999977,163.76626015,229.9999977,287.07765525,1.261053404,1.251615002,161.97682165,1.200915014,160.56239755000001,0.011803524499999999,0.00200664,122.9704250411811,195.275847218871,26.10487056565603,600.2314438352216,1.6221285096387845,1219.8673363269775,1.6221582161328023,276.58092751725496,134.36174302135876,1.5719787150732274,922.99694901939,923.0696832319211,1.5713233664718536,273.3835166524636,922.7813433140923,1.521320264451371,197.59429121224625,1.5211994355431762,273.6755849400992,1.520808981100233,114.34452858588594,252.3639070643505,114.44619513381357,1.42020878581526,224.2193344738361,1.4195088937292426,252.1559321203725,224.25014411658327,263.49086944368395,1.4194220022991233,1.4114432249670747,249.63164904475013,1.3614525033560692,42.64761148298549,164.17541518222538,42.506687363103836,1.261375792982054,227.83975938382508,163.97334562002334,227.80507714539777,288.3006215730356,1.261105541823581,1.251620617562869,162.0205133145704,1.2009446225280482,133.07524483543847,0.011629167252745915,0.0020541718914521704
123.3085781,190.0,25.50727261,599.9999588,1.622168383,1219.506406,1.622195,276.2319733,135.5788464,1.571980399,923.2876913,922.5406806,1.571315,273.1139313,922.5406806,1.521297889,194.8069316,1.521193381,273.1139313,1.520795,114.04019554999999,251.86224255,114.04019554999999,1.420144397,224.0218523,1.419502171,251.86224255,224.0218523,262.79897904999996,1.419362604,1.411445,249.9799954,1.361375003,42.810671965,163.76628714999998,42.810671965,1.2613012335,229.9999977,163.76628714999998,229.9999977,287.07772320000004,1.261053408,1.251615002,161.97684615,1.200915014,160.56281410000003,0.011803534499999997,0.0020066465000000006,122.97060288803763,195.28156044448252,26.105750721438813,600.2312911112343,1.6221285267612156,1219.8671563162397,1.6221582493210849,276.58088168890873,134.36480199306172,1.5719787332424748,922.9963930989376,923.0719674906574,1.5713233807233424,273.384004445261,922.7827634618328,1.5213204074189657,197.59772915714117,1.5211993707391924,273.6762078246921,1.5208091040598628,114.34468602482666,252.36556201960704,114.44631862681062,1.4202088403367752,224.21828648355532,1.4195089222151869,252.15677467350412,224.24970310407048,263.4893544883188,1.4194221115822272,1.411443249053701,249.63245131695786,1.361452525975346,42.6504042505765,164.17737766435576,42.509706996738814,1.2613759974978287,227.837569135306,163.97505506582812,227.79943304344482,288.2977370808485,1.2611055922752454,1.2516206236270382,162.02247197305715,1.2009447001229328,133.01352196754647,0.01163066858284226,0.0020534585939940278
123.3085781,190.0,25.50727261,599.9999588,1.622168383,1219.506406,1.622195,276.2319733,135.5788464,1.571980399,923.2876913,922.5406806,1.571315,273.1139313,922.5406806,1.521297889,194.8069316,1.521193381,273.1139313,1.520795,114.04008045,251.86229575,114.04008045,1.420144397,224.02171835000001,1.41950217,251.86229575,224.02171835000001,262.79877855,1.419362604,1.411445,249.9800516,1.361375003,42.81068263,163.76631405,42.81068263,1.261301238,229.9999977,163.76631405,229.9999977,287.07779100000005,1.2610534125,1.251615002,161.97687059999998,1.200915014,160.56322945,0.011803545499999998,0.002006652499999999,122.97077322023826,195.28723325824177,26.106608379048996,600.2311478868252,1.6221285426860212,1219.8669890316153,1.6221582806648105,276.5808346314498,134.3677707775854,1.5719787509449894,922.9958840633427,923.0742133444588,1.5713233944832503,273.384481096467,922.784187784023,1.5213205425511835,197.60107537930188,1.5211993076662824,273.67681921951885,1.520809219596989,114.34487243487357,252.36720943711188,114.44647489520025,1.4202088952259144,224.2172913612389,1.4195089524815026,252.15761387652387,224.2492925408283,263.48786656059065,1.4194222188157897,1.4114432718076881,249.6332820310637,1.3614525461460196,42.65320072210331,164.17935957200663,42.51271706187305,1.2613761992666697,227.8354135739807,163.97678141435853,227.7939524668338,288.294949059972,1.2611056459880439,1.2516206292945262,162.0244480307944,1.2009447747856499,132.95356087004075,0.011632163874846451,0.0020527657918469056
123.3085781,190.0,25.50727261,599.9999588,1.622168383,1219.506406,1.622195,276.2319733,135.5788464,1.571980399,923.2876913,922.5406806,1.571315,273.1139313,922.5406806,1.521297889,194.8069316,1.521193381,273.1139313,1.520795,114.0399656,251.86234885,114.0399656,1.420144397,224.02158475,1.41950217,251.86234885,224.02158475,262.79857860000004,1.419362604,1.411445,249.9801076,1.361375003,42.81069326,163.76634095,42.81069326,1.261301242,229.9999977,163.76634095,229.9999977,287.0778586,1.2610534165,1.251615002,161.97689495,1.200915014,160.5636438,0.011803555499999998,0.0020066585,122.97093345462001,195.29288586607493,26.107450356114636,600.2310144977381,1.622128557260372,1219.8668352057375,1.6221583102134605,276.5807564949974,134.3707247773256,1.5719787681696582,922.9954494481565,923.076468382049,1.5713234077625007,273.38494799878066,922.7856738880665,1.5213206716293588,197.6043773977352,1.5211992447170206,273.6774194727542,1.520809330592715,114.34508342646512,252.36886648618832,114.44665633040918,1.420208951726945,224.21634040709523,1.4195089825907268,252.15846564246309,224.2489060693167,263.48638820515066,1.4194223243736261,1.411443293526402,249.63413233847712,1.3614525642317437,42.65601077472804,164.18135611186776,42.51573144826568,1.2613763983539799,227.83326296796878,163.9785186109069,227.7885709964906,288.29222374544736,1.2611057017470444,1.2516206347716075,162.02642707126031,1.200944845735043,132.89502434066355,0.011633659359092219,0.002052084569023404
123.3085781,190.0,25.50727261,599.9999588,1.622168383,1219.506406,1.622195,276.2319733,135.5788464,1.571980399,923.2876913,922.5406806,1.571315,273.1139313,922.5406806,1.521297889,194.8069316,1.521193381,273.1139313,1.520795,114.03985109999999,251.86240175,114.03985109999999,1.420144397,224.02145155,1.41950217,251.86240175,224.02145155,262.79837915,1.419362603,1.411445,249.9801635,1.361375003,42.810703860000004,163.76636775,42.810703860000004,1.261301246,229.9999978,163.76636775,229.9999978,287.07792605,1.261053421,1.251615002,161.97691925,1.200915014,160.564057,0.011803566499999998,0.002006664999999999,122.97114276909817,195.29887187168913,26.108316876641297,600.2308896404968,1.6221285710761344,1219.866697280718,1.6221583378240882,276.5806267358102,134.373811100878,1.57197878402191,922.9951227425627,923.0787484663359,1.5713234198706951,273.38540097410504,922.787190048147,1.5213207937316817,197.60745176697267,1.5211991742128583,273.67805036536583,1.5208094314801635,114.34532748608697,252.37054489222783,114.44688195387062,1.42020901351611,224.21543060965797,1.4195090068613796,252.15933080884975,224.24855406236415,263.4849647495984,1.4194224207794217,1.4114433127450408,249.63487667348497,1.3614525803597972,42.65886249663049,164.1833541654058,42.51880787558243,1.2613765951521785,227.83111236195685,163.980182646404,227.7831350177001,288.2899470225171,1.2611057497049,1.2516206388538145,162.02845333826335,1.2009449083747419,132.83766133456217,0.011635124139091138,0.002051407406136269
123.3085781,190.0,25.50727261,599.9999588,1.622168383,1219.506406,1.622195,276.2319733,135.5788464,1.571980399,923.2876913,922.5406806,1.571315,273.1139313,922.5406806,1.521297889,194.8069316,1.521193381,273.1139313,1.520795,114.03973690000001,251.86245455,114.03973690000001,1.420144397,224.0213187,1.41950217,251.86245455,224.0213187,262.79818025,1.419362603,1.411445,249.98021925,1.361375003,42.810714430000004,163.76639445,42.810714430000004,1.2613012504999999,229.9999978,163.76639445,229.9999978,287.07799324999996,1.261053425,1.251615002,161.9769435,1.200915014,160.5644691,0.011803576499999998,0.0020066709999999994,122.9713455082524,195.30472653878348,26.109162262520968,600.2307684369392,1.622128584780748,1219.8665641313826,1.622158364939902,276.5804776619943,134.37686120171085,1.5719787988740197,922.9948205957038,923.0810076783756,1.5713234311574025,273.38582957719825,922.7886870057594,1.521320908957808,197.61038910465533,1.5211990999126985,273.6786659382894,1.5208095264344923,114.34557652054525,252.37220696647205,114.44711343008073,1.4202090749376508,224.21455326913556,1.4195090284876573,252.1602018379321,224.2482194549948,263.4835728262895,1.4194225139368872,1.4114433304658371,249.63558835298014,1.3614525928876766,42.66172903427613,164.18534389372078,42.52190097061014,1.2613767893996526,227.82896671125832,163.98184693418057,227.7777535473569,288.2877474766353,1.2611057963838799,1.2516206419854299,162.0304686685946,1.200944965999189,132.7813411301566,0.011636574737569716,0.002050737014085164
123.3085781,190.0,25.50727261,599.9999588,1.622168383,1219.506406,1.622195,276.2319733,135.5788464,1.571980399,923.2876913,922.5406806,1.571315,273.1139313,922.5406806,1.521297889,194.8069316,1.521193381,273.1139313,1.520795,114.0396231,251.86250719999998,114.0396231,1.420144397,224.0211862,1.41950217,251.86250719999998,224.0211862,262.79798189999997,1.419362603,1.411445,249.98027485,1.361375003,42.810724965000006,163.76642105000002,42.810724965000006,1.2613012545,229.9999978,163.76642105000002,229.9999978,287.07806035,1.261053429,1.251615002,161.9769677,1.200915014,160.5648802,0.011803587500000004,0.002006677000000001,122.97154081102839,195.3104902792103,26.109995376670128,600.2306496428382,1.6221285983547622,1219.866432962871,1.6221583916983502,276.58032788582824,134.37986768743244,1.5719788129704664,922.9945474728041,923.0832560368467,1.5713234418891693,273.38624982409794,922.7901797889223,1.5213210195499753,197.61327560805154,1.5211990244749758,273.6792686287479,1.5208096178728983,114.34583608995123,252.37386066543664,114.44735514860102,1.4202091359915672,224.21370537406165,1.4195090497473877,252.16107454207042,224.24789990495708,263.48220849369335,1.4194226053283954,1.411443347349604,249.63629455477644,1.3614526033063628,42.66460637506784,164.18733210835885,42.525001473509384,1.2613769819466438,227.82680619461962,163.98352661100586,227.7724166748342,288.2855479307535,1.2611058437022975,1.2516206445299574,162.03248101619724,1.2009450206688268,132.72606075650174,0.011637993799499154,0.002050084720904509
123.3085781,190.0,25.50727261,599.9999588,1.622168383,1219.506406,1.622195,276.2319733,135.5788464,1.571980399,923.2876913,922.5406806,1.571315,273.1139313,922.5406806,1.521297889,194.8069316,1.521193381,273.1139313,1.520795,114.03950954999999,251.86255970000002,114.03950954999999,1.420144397,224.02105410000001,1.41950217,251.86255970000002,224.02105410000001,262.79778415,1.419362603,1.411445,249.98033025,1.361375003,42.810735460000004,163.76644765,42.810735460000004,1.261301259,229.9999978,163.76644765,229.9999978,287.07812715,1.261053433,1.251615002,161.9769918,1.200915014,160.56529015,0.011803597500000004,0.0020066834999999993,122.97173775763535,195.31612268111735,26.110818264377194,600.2305342456757,1.6221286114174933,1219.8663046163545,1.6221584177558117,276.580184957576,134.38286160608803,1.571978826755758,922.9943152811293,923.0854751741717,1.5713234524199338,273.3866777308417,922.7916884349935,1.5213211259690884,197.616199684616,1.52119894825827,273.6798702746822,1.5208097056000527,114.34610473111773,252.37550222024575,114.44760974316839,1.4202091972999928,224.21287387474882,1.4195090695671118,252.16193468328927,224.24758704706673,263.4808633056735,1.4194226945672406,1.41144336350097,249.63699675363893,1.3614526130280455,42.66747723397191,164.18931780020202,42.528089938617384,1.2613771722699265,227.82463576735412,163.9852113334209,227.76713926607223,288.28337250269936,1.2611058922995915,1.2516206466330875,162.03449236955697,1.2009450734025549,132.67198658651773,0.011639382940023556,0.0020494490199338107
123.3085781,190.0,25.50727261,599.9999588,1.622168383,1219.506406,1.622195,276.2319733,135.5788464,1.571980399,923.2876913,922.5406806,1.571315,273.1139313,922.5406806,1.521297889,194.8069316,1.521193381,273.1139313,1.520795,114.03939625000001,251.862612,114.03939625000001,1.420144397,224.0209223,1.41950217,251.862612,224.0209223,262.79758685,1.419362603,1.411445,249.98038555,1.361375003,42.810745925000006,163.76647415000002,42.810745925000006,1.261301263,229.9999978,163.76647415000002,229.9999978,287.07819385,1.261053437,1.251615002,161.9770158,1.200915013,160.56569910000002,0.011803607499999997,0.0020066895,122.97193556529665,195.32169951672753,26.111628198590942,600.2304221664531,1.6221286239828345,1219.8661797430632,1.6221584430160725,276.58004606783703,134.38580082104477,1.5719788400798727,922.994105415577,923.0876517321124,1.5713234627387722,273.3870944959941,922.793185392606,1.5213212299341963,197.61914475795095,1.5211988730060193,273.68046739434493,1.5208097921064005,114.34637659129604,252.37709519843295,114.44786989784701,1.4202092599658005,224.21207249009922,1.419509088941743,252.1627906368683,224.24729125415223,263.47957977445066,1.4194227829424424,1.4114433794210515,249.63767662034437,1.361452623083078,42.670356426731516,164.19129996013237,42.5311765517575,1.2613773614159518,227.82245542946185,163.98691699503337,227.76191636575757,288.28120672177624,1.2611059419199864,1.2516206484116603,162.0364967632165,1.2009451241098044,132.61911862020463,0.011640741606082477,0.002048828194063618
123.3085781,190.0,25.50727261,599.9999588,1.622168383,1219.506406,1.622195,276.2319733,135.5788464,1.571980399,923.2876913,922.5406806,1.571315,273.1139313,922.5406806,1.521297889,194.8069316,1.521193381,273.1139313,1.520795,114.03928335,251.86266419999998,114.03928335,1.420144397,224.0207909,1.41950217,251.86266419999998,224.0207909,262.79739014999996,1.419362603,1.411445,249.98044065,1.361375003,42.81075636,163.76650055,42.81075636,1.261301267,229.9999978,163.76650055,229.9999978,287.0782604,1.2610534415,1.251615002,161.9770398,1.200915013,160.56610690000002,0.011803617499999999,0.0020066954999999995,122.97213047668431,195.32720058011475,26.112425520192776,600.2303111339617,1.6221286365203886,1219.866054544157,1.6221584679382104,276.5799285997772,134.3886683298016,1.5719788529316983,922.9939223413719,923.089790720008,1.5713234726577912,273.3875112611465,922.794657303521,1.5213213309345672,197.62207104470178,1.521198799002615,273.68106346948355,1.5208098770745324,114.34665488949794,252.37866053819735,114.44813795373634,1.4202093223770988,224.21129921246867,1.4195091093112877,252.16364156527956,224.247010183962,263.47833734775924,1.419422870337989,1.411443394762922,249.63834658505561,1.361452632550203,42.67323716279771,164.1932813632243,42.53426007828447,1.2613775488614942,227.8202602256294,163.9886352706202,227.75677275045717,288.27903611728766,1.2611059932029203,1.2516206500012688,162.03849717990448,1.2009451730056762,132.56751924740743,0.011642055143067464,0.0020482293540893147
123.3085781,190.0,25.50727261,599.9999588,1.622168383,1219.506406,1.622195,276.2319733,135.5788464,1.571980399,923.2876913,922.5406806,1.571315,273.1139313,922.5406806,1.521297889,194.8069316,1.521193381,273.1139313,1.520795,114.03917075000001,251.8627163,114.03917075000001,1.420144397,224.02065985000002,1.41950217,251.8627163,224.02065985000002,262.797194,1.419362603,1.411445,249.98049565,1.361375003,42.81076676,163.7665269,42.81076676,1.2613012715,229.9999978,163.7665269,229.9999978,287.0783267,1.2610534455,1.251615002,161.97706369999997,1.200915013,160.5665137,0.011803628500000002,0.0020067015000000007,122.97231928241405,195.332625871279,26.113209206538485,600.2302024121784,1.6221286490885087,1219.8659312989396,1.6221584923490404,276.57983782102235,134.3914500868142,1.5719788647889381,922.993767546922,923.091889633189,1.5713234819104442,273.387918973756,922.7960874699405,1.5213214266532218,197.62495091753888,1.5211987256669106,273.68164909938025,1.5208099564757864,114.34694284473524,252.38020242717874,114.44841478874868,1.420209384703561,224.21055571489399,1.4195091313302943,252.16449333121878,224.24673982120757,263.47711265795465,1.4194229562511629,1.4114434091576271,249.63902940129122,1.3614526393808366,42.67611357760548,164.19525948668286,42.53733341898808,1.2613777342795376,227.81808484305054,163.9903641419455,227.75173319673797,288.2768751599301,1.261106046787831,1.2516206508999315,162.0404901397708,1.2009452182221876,132.51724045966367,0.011643334655391357,0.0020476459964584837
123.3085781,190.0,25.50727261,599.9999588,1.622168383,1219.506406,1.622195,276.2319733,135.5788464,1.571980399,923.2876913,922.5406806,1.571315,273.1139313,922.5406806,1.521297889,194.8069316,1.521193381,273.1139313,1.520795,114.03905839999999,251.8627682,114.03905839999999,1.420144397,224.02052915000002,1.41950217,251.8627682,224.02052915000002,262.79699830000004,1.419362603,1.411445,249.9805505,1.361375003,42.810777125,163.7665532,42.810777125,1.2613012755000002,229.9999978,163.7665532,229.9999978,287.07839285,1.2610534494999999,1.251615002,161.9770876,1.200915013,160.56691935,0.011803638500000005,0.0020067075000000005,122.97251482002304,195.33756622021627,26.113907331652022,600.2301015112536,1.6221286609341632,1219.8658159770168,1.622158514590935,276.57969787775824,134.39408990990535,1.5719788753682185,922.9935725654514,923.0938232381719,1.5713234909599105,273.3882131814032,922.7973489885977,1.521321519008519,197.627542361055,1.5211986547918037,273.6821852884652,1.5208100319216276,114.34723606744639,252.38164548786042,114.44873142245201,1.4202094484156842,224.2098627430321,1.4195091553653096,252.16534760974187,224.24648016588895,263.4759628572277,1.4194230367891238,1.411443423734056,249.63967619112256,1.3614526477630606,42.679000486898,164.19718412689014,42.540418797482936,1.2613779098871027,227.8158747732779,163.99202212273488,227.7467382408393,288.2746949083104,1.2611061017795058,1.2516206520697795,162.0424391043894,1.2009452620801657,132.4681827303158,0.01164459342266666,0.00204708916032694
123.3085781,190.0,25.50727261,599.9999588,1.622168383,1219.506406,1.622195,276.2319733,135.5788464,1.571980399,923.2876913,922.5406806,1.571315,273.1139313,922.5406806,1.521297889,194.8069316,1.521193381,273.1139313,1.520795,114.0389464,251.86282,114.0389464,1.420144397,224.0203988,1.41950217,251.86282,224.0203988,262.79680315,1.419362603,1.411445,249.98060515,1.361375003,42.810787465000004,163.7665794,42.810787465000004,1.26130128,229.9999978,163.7665794,229.9999978,287.0784588,1.2610534535,1.251615002,161.97711135,1.200915013,160.56732399999999,0.011803648499999998,0.0020067134999999995,122.97271450634831,195.34134472840142,26.11439547382125,600.2300217621962,1.62212866988162,1219.8657266500122,1.6221585306476534,276.5793447712284,134.39653753081123,1.571978884480624,922.9932555345107,923.0953978405025,1.5713235013289995,273.388168266863,922.7982540092625,1.5213216123852802,197.6294519620767,1.5211985920280142,273.6825383376419,1.5208101080999525,114.34752080367188,252.38284440914066,114.44913906639724,1.4202095158888868,224.20927216102518,1.4195091828039765,252.1661742498422,224.24624025240513,263.47496902848974,1.419423104617349,1.4114434411574868,249.6401715015113,1.3614526669639904,42.68193122609745,164.19896370639233,42.54355356178804,1.2613780613608905,227.81368948007224,163.99347878449356,227.74174824025405,288.27254842164945,1.2611061594568205,1.2516206555951908,162.044287153355,1.2009453114175608,132.42011432565366,0.011645865618343063,0.0020465517057612266
123.3085781,190.0,25.50727261,599.9999588,1.622168383,1219.506406,1.622195,276.2319733,135.5788464,1.571980399,923.2876913,922.5406806,1.571315,273.1139313,922.5406806,1.521297889,194.8069316,1.521193381,273.1139313,1.520795,114.0388347,251.86287165,114.0388347,1.420144397,224.0202688,1.41950217,251.86287165,224.0202688,262.7966086,1.419362603,1.411445,249.9806597,1.361375003,42.810797765000004,163.7666055,42.810797765000004,1.261301284,229.9999978,163.7666055,229.9999978,287.0785246,1.2610534575,1.251615002,161.97713505000002,1.200915013,160.56772755,0.011803658500000003,0.002006719500000001,122.97290816529332,195.34508282473433,26.11487816188803,600.2299454100774,1.622128678834634,1219.8656407419633,1.622158546478956,276.57901747606604,134.39892231638726,1.5719788922595068,922.9929757137744,923.0969473961366,1.5713235104571186,273.3881261377206,922.7991406623491,1.5213216972041659,197.63135272235291,1.5211985258144418,273.6828899941197,1.5208101769290225,114.34782075704408,252.3840307675014,114.44956046430187,1.4202095824854468,224.20871537436258,1.4195092097975506,252.16700842769416,224.2460187423266,263.47401179967693,1.419423170486264,1.4114434567802026,249.64067755661713,1.3614526806373797,42.68484035900475,164.20072688772788,42.54666363318801,1.261378211657421,227.81157356125408,163.99493847360608,227.73693663095088,288.270479112037,1.2611062180293484,1.2516206578079487,162.04612252572377,1.200945354132107,132.37341107022,0.011647098071753102,0.0020460364323387024
123.3085781,190.0,25.50727261,599.9999588,1.622168383,1219.506406,1.622195,276.2319733,135.5788464,1.571980399,923.2876913,922.5406806,1.571315,273.1139313,922.5406806,1.521297889,194.8069316,1.521193381,273.1139313,1.520795,114.03872325,251.86292315,114.03872325,1.420144397,224.02013915,1.41950217,251.86292315,224.02013915,262.79641455,1.419362603,1.411445,249.9807141,1.361375003,42.810808034999994,163.76663159999998,42.810808034999994,1.261301288,229.9999978,163.76663159999998,229.9999978,287.0785902,1.2610534615,1.251615002,161.97715870000002,1.200915013,160.5681301,0.0118036685,0.0020067254999999997,122.9730966579124,195.34880071514112,26.115357441140777,600.2298715859129,1.6221286877431886,1219.865556136374,1.6221585620023748,276.5787063349568,134.401242048916,1.5719788993160646,922.9927241727933,923.0984752446335,1.5713235187768595,273.3880878385002,922.8000189665368,1.5213217761683187,197.6332136992745,1.5211984586858733,273.683242346947,1.5208102407283697,114.34813504965064,252.38519953777492,114.44999210451667,1.4202096480639703,224.20819204843693,1.4195092370267621,252.16783925543427,224.24581563565343,263.4730813169633,1.4194232346150022,1.4114434712079484,249.6411911962291,1.3614526907166555,42.68772695963596,164.20247947332496,42.54974345577922,1.2613783598610495,227.8095022402564,163.99639715360064,227.73226377042266,288.26845803807976,1.261106277688921,1.2516206593312034,162.04794397869216,1.2009453929408702,132.3280744494873,0.011648288328295186,0.00204554401362307
123.3085781,190.0,25.50727261,599.9999588,1.622168383,1219.506406,1.622195,276.2319733,135.5788464,1.571980399,923.2876913,922.5406806,1.571315,273.1139313,922.5406806,1.521297889,194.8069316,1.521193381,273.1139313,1.520795,114.03861215,251.8629745,114.03861215,1.420144397,224.0200099,1.41950217,251.8629745,224.0200099,262.79622105,1.419362603,1.411445,249.98076830000002,1.361375003,42.81081827,163.7666576,42.81081827,1.261301292,229.9999978,163.7666576,229.9999978,287.07865565,1.261053466,1.251615002,161.97718229999998,1.200915013,160.56853155,0.011803679499999997,0.002006731500000001,122.97327904487354,195.35249334814026,26.11583262981669,600.2298005266982,1.6221286964655695,1219.865473755819,1.6221585770914564,276.578413454951,134.40352038405095,1.57197890578365,922.9925113304247,923.0999897348921,1.571323526449898,273.3880568509492,922.8008972707244,1.5213218502244614,197.63505809979833,1.521198391680953,273.68360061874466,1.5208103002060618,114.3484598772049,252.38635825771289,114.45043135330475,1.4202097131617544,224.20769649492294,1.4195092647534302,252.1686700831744,224.2456272517045,263.4721744834321,1.4194232975320618,1.4114434846279549,249.64171937281122,1.3614526979897348,42.69059071932975,164.20422171546306,42.55279241223902,1.2613785062987917,227.8074556958257,163.99786138374392,227.72770488210247,288.26647555264685,1.2611063387552575,1.2516206602976623,162.04975499211022,1.2009454285004753,132.28403761719304,0.01164944153075381,0.0020450731060785224
123.3085781,190.0,25.50727261,599.9999588,1.622168383,1219.506406,1.622195,276.2319733,135.5788464,1.571980399,923.2876913,922.5406806,1.571315,273.1139313,922.5406806,1.521297889,194.8069316,1.521193381,273.1139313,1.520795,114.0385014,251.86302569999998,114.0385014,1.420144397,224.01988095,1.41950217,251.86302569999998,224.01988095,262.79602805,1.419362603,1.411445,249.98082240000002,1.361375003,42.81082847,163.7666835,42.81082847,1.261301296,229.9999978,163.7666835,229.9999978,287.07872084999997,1.26105347,1.251615002,161.97720579999998,1.200915013,160.56893195,0.011803689500000002,0.0020067375000000004,122.97345775278438,195.35613041484254,26.11629997822033,600.2297312647012,1.6221287052046227,1219.8653917008792,1.6221585919193864,276.5781374313484,134.4057277522252,1.5719789116400373,922.9923111395256,923.1014766737844,1.5713235334587554,273.3880317823686,922.8017597120036,1.5213219189116896,197.63688039845852,1.5211983243669123,273.6839581941929,1.5208103549470249,114.34879465443201,252.38750734607927,114.45087850330354,1.4202097775242897,224.20722837921323,1.4195092926110082,252.16949504821875,224.24545191744295,263.4712890467803,1.4194233588378464,1.4114434969576204,249.64225766206823,1.3614527020687202,42.69343287273139,164.20595487553962,42.55581328051925,1.2613786511014542,227.80545374921553,163.9993258661667,227.7232847425572,288.2645557735658,1.2611064005249757,1.2516206605717328,162.05155755446376,1.200945460550536,132.24123966896468,0.01165056418125026,0.002044622633459553
123.3085781,190.0,25.50727261,599.9999588,1.622168383,1219.506406,1.622195,276.2319733,135.5788464,1.571980399,923.2876913,922.5406806,1.571315,273.1139313,922.5406806,1.521297889,194.8069316,1.521193381,273.1139313,1.520795,114.0383909,251.86307675,114.0383909,1.420144397,224.01975240000002,1.41950217,251.86307675,224.01975240000002,262.79583555,1.419362603,1.411445,249.9808764,1.361375003,42.810838645000004,163.7667093,42.810838645000004,1.2613013005,229.9999978,163.7667093,229.9999978,287.07878595,1.261053474,1.251615002,161.97722925,1.200915013,160.5693313,0.0118036995,0.0020067435000000002,122.97363693036124,195.3597775845079,26.116765281335553,600.2296627729402,1.6221287136991491,1219.8653082620763,1.6221586062937365,276.57786878242223,134.40789963691907,1.5719789177853547,922.992125088504,923.1029419055396,1.5713235406970174,273.38801715902997,922.8026271626222,1.5213219874120645,197.63871043277095,1.5211982610096118,273.68432099226203,1.5208104101518944,114.3491341138581,252.3886338211906,114.4513279944018,1.4202098410667399,224.2067810091604,1.419509321175498,252.17029404989626,224.24529030208356,263.47043120084135,1.4194234198084859,1.4114435093313398,249.6427980581325,1.3614527075235299,42.696244160001385,164.20767289884697,42.5587927881834,1.261378795315488,227.80349640042587,164.0007842938818,227.71898848584675,288.2626938772711,1.261106464660615,1.2516206613910592,162.05335241143493,1.2009454936308182,132.19952908660713,0.011651648128729592,0.0020441953945412724
123.3085781,190.0,25.50727261,599.9999588,1.622168383,1219.506406,1.622195,276.2319733,135.5788464,1.571980399,923.2876913,922.5406806,1.571315,273.1139313,922.5406806,1.521297889,194.8069316,1.521193381,273.1139313,1.520795,114.0382807,251.86312775,114.0382807,1.420144397,224.0196242,1.41950217,251.86312775,224.0196242,262.7956436,1.419362603,1.411445,249.98093015,1.361375003,42.810848785000005,163.7667351,42.810848785000005,1.2613013044999999,229.9999978,163.7667351,229.9999978,287.07885085,1.261053478,1.251615002,161.97725265,1.200915013,160.56972960000002,0.011803709499999999,0.0020067495,122.97381148955581,195.36339444528406,26.117225471229727,600.2295966906356,1.6221287222242413,1219.865226994039,1.6221586204921528,276.5775989043833,134.4100160786749,1.5719789230472132,922.9919561541765,923.1043845952679,1.571323547052618,273.3880021875165,922.8034954481309,1.5213220492978368,197.6405073142879,1.5211981949938762,273.68467961223445,1.5208104598143024,114.34947884075804,252.38974689585453,114.45178187506157,1.4202099037608262,224.2063543847645,1.4195093491901676,252.17109556415764,224.24513638269366,263.4695837718041,1.4194234789744975,1.4114435203889406,249.6433485668717,1.361452708711466,42.69903384097923,164.20937780362098,42.56174513365192,1.2613789369787975,227.80156382820317,164.00224095564047,227.71479133540413,288.26088504019725,1.2611065284125913,1.251620661281431,162.0551313605199,1.2009455217864173,132.1588672478353,0.011652704491042994,0.0020437852739972145
123.3085781,190.0,25.50727261,599.9999588,1.622168383,1219.506406,1.622195,276.2319733,135.5788464,1.571980399,923.2876913,922.5406806,1.571315,273.1139313,922.5406806,1.521297889,194.8069316,1.521193381,273.1139313,1.520795,114.0381708,251.86317855,114.0381708,1.420144397,224.01949630000001,1.41950217,251.86317855,224.01949630000001,262.79545214999996,1.419362603,1.411445,249.9809838,1.361375003,42.810858894999996,163.7667608,42.810858894999996,1.2613013085,229.9999978,163.7667608,229.9999978,287.07891555000003,1.261053482,1.251615002,161.97727600000002,1.200915013,160.57012685,0.011803719499999997,0.0020067555000000004,122.97398385697575,195.36698604865256,26.117681570547063,600.2295330770363,1.6221287306882017,1219.8651478696327,1.6221586343909316,276.57733885924625,134.41209112303693,1.571978927525627,922.9918117785837,923.1058197709871,1.5713235526391667,273.3879896532262,922.8043654034193,1.5213221058271515,197.64228319903432,1.5211981273459856,273.6850350986343,1.5208105043493232,114.34983556579286,252.39085578287865,114.45224570539409,1.4202099659741734,224.20595084827707,1.419509377257201,252.17190796628256,224.24499250152485,263.4687442258277,1.419423536954611,1.4114435303011326,249.64392035436427,1.3614527064568114,42.70181086684311,164.21107968104113,42.564681120070794,1.2613790772032367,227.7996213453537,164.00370417666582,227.7106734699758,288.25910032095106,1.2611065926121743,1.2516206603697861,162.05690409558684,1.200945546047555,132.11916205335416,0.011653736246676738,0.002043390935555323
123.3085781,190.0,25.50727261,599.9999588,1.622168383,1219.506406,1.622195,276.2319733,135.5788464,1.571980399,923.2876913,922.5406806,1.571315,273.1139313,922.5406806,1.521297889,194.8069316,1.521193381,273.1139313,1.520795,114.0380612,251.8632292,114.0380612,1.420144397,224.01936875,1.41950217,251.8632292,224.01936875,262.79526125,1.419362603,1.411445,249.9810373,1.361375003,42.81086897,163.76678644999998,42.81086897,1.2613013125,229.9999978,163.76678644999998,229.9999978,287.07898009999997,1.2610534855,1.251615002,161.97729925,1.200915013,160.5705231,0.011803729499999999,0.0020067609999999997,122.97415246706773,195.37058270350263,26.118135624575984,600.2294721691381,1.6221287389409802,1219.865071730029,1.6221586478581227,276.5770853108479,134.41412698772274,1.5719789314484065,922.99169270593,923.1072507722569,1.571323557734134,273.3879799043338,922.8052503867261,1.5213221582955236,197.6440436124762,1.5211980592529617,273.68538849598576,1.520810544953347,114.35020077731333,252.39196383237478,114.45271538847527,1.4202100281875203,224.20556337294337,1.4195094055598716,252.17272120593543,224.24485732014762,263.46790805830597,1.4194235942128732,1.4114435393432543,249.6445083642728,1.3614527019171978,42.70457678089959,164.21277878338694,42.5676001301174,1.261379215727193,227.7976838178176,164.0051744615168,227.70662002362153,288.25734936666356,1.2611066570675324,1.2516206589071155,162.05867185943933,1.200945567557663,132.0803347731212,0.011654744746471388,0.002043011203444925
123.3085781,190.0,25.50727261,599.9999588,1.622168383,1219.506406,1.622195,276.2319733,135.5788464,1.571980399,923.2876913,922.5406806,1.571315,273.1139313,922.5406806,1.521297889,194.8069316,1.521193381,273.1139313,1.520795,114.03795195000001,251.8632797,114.03795195000001,1.420144397,224.01924155,1.41950217,251.8632797,224.01924155,262.79507090000004,1.419362603,1.411445,249.98109065,1.361375003,42.81087901,163.76681200000002,42.81087901,1.2613013165,229.9999978,163.76681200000002,229.9999978,287.0790445,1.2610534895,1.251615002,161.97732245,1.200915013,160.57091825,0.011803739499999999,0.002006767,122.9743160673891,195.37411368909275,26.118582179214037,600.2294126437149,1.6221287471798649,1219.8649964044625,1.6221586612290997,276.57684177093904,134.4161244119715,1.5719789347322064,922.9915907499702,923.1086592314996,1.5713235622129862,273.3879705036161,922.8061278560239,1.5213222069271775,197.6457962902658,1.5211979898616326,273.6857345816679,1.5208105819681998,114.35057037839536,252.39306685670317,114.4531879979308,1.4202100898352914,224.20519028572656,1.4195094333912677,252.1735369581722,224.24473083856202,263.4670876569058,1.4194236504399198,1.4114435476199345,249.64509890235007,1.3614526948077625,42.70732602724499,164.21447258786353,42.5705015464691,1.2613793528122792,227.79574629028153,164.00664272813188,227.70261117508778,288.25560805950715,1.2611067212671154,1.2516206567434016,162.06042918374152,1.200945586158246,132.04228588047874,0.011655731341882115,0.0020426428883048636
123.3085781,190.0,25.50727261,599.9999588,1.622168383,1219.506406,1.622195,276.2319733,135.5788464,1.571980399,923.2876913,922.5406806,1.571315,273.1139313,922.5406806,1.521297889,194.8069316,1.521193381,273.1139313,1.520795,114.03784295,251.86333009999998,114.03784295,1.420144397,224.01911475,1.41950217,251.86333009999998,224.01911475,262.79488100000003,1.419362602,1.411445,249.98114385,1.361375003,42.81088903,163.7668375,42.81088903,1.2613013204999999,229.9999979,163.7668375,229.9999979,287.0791087,1.2610534935,1.251615002,161.97734559999998,1.200915013,160.5713124,0.011803749500000002,0.0020067730000000003,122.97447763249116,195.37762446875678,26.119022938868234,600.2293541057738,1.6221287554409793,1219.8649216215874,1.6221586745231058,276.57660876628216,134.41808413502238,1.5719789375548296,922.9915096317249,923.1100526627243,1.5713235662155507,273.38796911091714,922.807009499771,1.521322252070905,197.6475390222167,1.5211979196789553,273.6860785783016,1.5208106158822041,114.35094729541328,252.39417448743532,114.45366616749757,1.4202101510023228,224.20483125201923,1.4195094615106647,252.1743585731047,224.24461071451643,263.4662723231876,1.4194237060869073,1.4114435551752273,249.6457022919517,1.3614526853406377,42.710062618476414,164.21616058991188,42.573387221093796,1.261379488785511,227.79380380743203,164.0081142743803,227.69865683500132,288.2538619287852,1.2611067857224738,1.2516206541007855,162.06218153682929,1.2009456023587537,132.00501537542686,0.011656697384952504,0.0020422868321689266
123.3085781,190.0,25.50727261,599.9999588,1.622168383,1219.506406,1.622195,276.2319733,135.5788464,1.571980399,923.2876913,922.5406806,1.571315,273.1139313,922.5406806,1.521297889,194.8069316,1.521193381,273.1139313,1.520795,114.03773419999999,251.86338030000002,114.03773419999999,1.420144397,224.0189883,1.41950217,251.86338030000002,224.0189883,262.79469165,1.419362602,1.411445,249.98119695,1.361375003,42.810899004999996,163.76686295,42.810899004999996,1.2613013245,229.9999979,163.76686295,229.9999979,287.07917269999996,1.2610534975,1.251615002,161.97736865000002,1.200915013,160.5717055,0.011803758999999997,0.0020067785000000005,122.97463630131959,195.38107463064242,26.11946097147121,600.2292963775681,1.622128763760447,1219.8648463774248,1.622158687726396,276.5763880527526,134.42001133154957,1.5719789399107198,922.9914441417652,923.1114377450502,1.5713235697877084,273.38796911091714,922.8078894737384,1.5213222940505857,197.64927512360853,1.52119784903878,273.68642536033315,1.520810647256931,114.35133006517994,252.39527667423573,114.45414843398842,1.4202102117734514,224.2044879448583,1.4195094895253342,252.17518018803722,224.24449895565505,263.46547444481837,1.419423761037824,1.4114435620779677,249.64631073789073,1.3614526741097908,42.71278778923912,164.21784682600384,42.57625900595936,1.2613796242355173,227.79186132458256,164.00959439813127,227.6947470927354,288.2521399158909,1.2611068506893823,1.2516206510283117,162.06393065862764,1.2009456163290029,131.96850691776805,0.011657633909536695,0.0020419482229063293
123.3085781,190.0,25.50727261,599.9999588,1.622168383,1219.506406,1.622195,276.2319733,135.5788464,1.571980399,923.2876913,922.5406806,1.571315,273.1139313,922.5406806,1.521297889,194.8069316,1.521193381,273.1139313,1.520795,114.0376258,251.86343045,114.0376258,1.420144397,224.0188621,1.419502169,251.86343045,224.0188621,262.79450280000003,1.419362602,1.411445,249.98124985,1.361375003,42.810908955,163.76688825,42.810908955,1.2613013285,229.9999979,163.76688825,229.9999979,287.0792365,1.2610535015,1.251615002,161.97739165000002,1.200915013,160.5720976,0.011803768499999995,0.0020067845000000003,122.97479183904139,195.38450963808347,26.119893890853138,600.2292394195985,1.6221287721743907,1219.864771187531,1.6221587008802048,276.57617155332383,134.42189786992222,1.5719789417887642,922.9913905590711,923.1128069644682,1.5713235728726542,273.3879708517908,922.8087669430361,1.5213223323804008,197.65099796388216,1.5211977774341492,273.6867676160932,1.5208106756284736,114.35171634659582,252.3963750921603,114.45463333421617,1.420210272120398,224.20415869120686,1.419509517382912,252.17600347802568,224.24439221590424,263.4646844495099,1.419423814905964,1.411443568240047,249.64692402948648,1.3614526608546036,42.71549752693602,164.2195257459907,42.57911165382345,1.2613797581812505,227.78992875235986,164.01107452188225,227.69091663548377,288.2504468443898,1.2611069159120665,1.2516206475029004,162.0656728207258,1.200945627921819,131.9327857605348,0.011658546611418677,0.0020416229183036357
123.3085781,190.0,25.50727261,599.9999588,1.622168383,1219.506406,1.622195,276.2319733,135.5788464,1.571980399,923.2876913,922.5406806,1.571315,273.1139313,922.5406806,1.521297889,194.8069316,1.521193381,273.1139313,1.520795,114.0375177,251.86348040000001,114.0375177,1.420144397,224.0187363,1.419502169,251.86348040000001,224.0187363,262.7943145,1.419362602,1.411445,249.98130265,1.361375003,42.810918875,163.76691355,42.810918875,1.2613013325,229.9999979,163.76691355,229.9999979,287.07930020000003,1.2610535055,1.251615002,161.97741465000001,1.200915013,160.57248865,0.011803778500000002,0.0020067905,122.97494855092818,195.38791433663533,26.120323401421036,600.2291835873584,1.6221287806578022,1219.864696404656,1.622158713965289,276.5759761243991,134.42374966405364,1.571978943038942,922.9913578140913,923.1141695047671,1.571323575387366,273.38798164520745,922.8096402378842,1.5213223670603506,197.6527108583171,1.521197704877428,273.68711962074576,1.520810700337597,114.35211169977224,252.3974768601967,114.45512408719259,1.4202103324673445,224.2038441602797,1.419509545607037,252.17683598082172,224.24429082987132,263.46390458956535,1.4194238685549707,1.4114435736449449,249.6475588105164,1.3614526451629347,42.71819337487367,164.2212069364929,42.58194948594447,1.2613798919307737,227.78799618013718,164.01256372769475,227.68713573136603,288.2487585964542,1.2611069817741885,1.251620643440888,162.06740976304883,1.2009456364692566,131.8978370490021,0.011659434127051591,0.0020413141441772507
123.3085781,190.0,25.50727261,599.9999588,1.622168383,1219.506406,1.622195,276.2319733,135.5788464,1.571980399,923.2876913,922.5406806,1.571315,273.1139313,922.5406806,1.521297889,194.8069316,1.521193381,273.1139313,1.520795,114.0374099,251.8635303,114.0374099,1.420144397,224.01861085000002,1.419502169,251.8635303,224.01861085000002,262.7941267,1.419362602,1.411445,249.98135525,1.361375003,42.810928759999996,163.76693875,42.810928759999996,1.2613013364999999,229.9999979,163.76693875,229.9999979,287.07936370000004,1.2610535095,1.251615002,161.97743755,1.200915013,160.57287865,0.0118037885,0.0020067965000000005,122.97510338415098,195.39127862333496,26.120746094360868,600.2291282686091,1.6221287892412473,1219.8646215132426,1.6221587270311308,276.5757889480884,134.42556301774803,1.5719789439001752,922.9913369763768,923.1155178519379,1.5713235775066277,273.3879927867988,922.8105035140533,1.5213223986385376,197.65441049163385,1.5211976321352345,273.68747023269935,1.520810722312114,114.3525123204225,252.39856857789755,114.45561805918078,1.420210392276994,224.20354635972095,1.4195095737526162,252.1776676460898,224.24419680520054,263.46314049574244,1.4194239212114321,1.411443578430331,249.6481946449499,1.3614526277984578,42.72087224643892,164.22287727897717,42.58476602043483,1.2613800244376365,227.78608838448145,164.0140529335073,227.68342915694916,288.2470992899118,1.2611070480199733,1.2516206389778675,162.06913999423236,1.2009456428430412,131.86366969600496,0.011660296722280795,0.0020410194560259694
123.3085781,190.0,25.50727261,599.9999588,1.622168383,1219.506406,1.622195,276.2319733,135.5788464,1.571980399,923.2876913,922.5406806,1.571315,273.1139313,922.5406806,1.521297889,194.8069316,1.521193381,273.1139313,1.520795,114.03730235,251.86357995,114.03730235,1.420144397,224.01848575000002,1.419502169,251.86357995,224.01848575000002,262.79393934999996,1.419362602,1.411445,249.98140775,1.361375003,42.810938615,163.76696395,42.810938615,1.2613013405,229.9999979,163.76696395,229.9999979,287.07942705,1.261053513,1.251615002,161.97746035,1.200915013,160.57326765,0.011803798499999999,0.0020068020000000002,122.97525508626717,195.3945974467008,26.12116231055405,600.2290733843519,1.6221287980386534,1219.8645458349267,1.62215874015745,276.5756086196916,134.4273416272012,1.5719789441057601,922.9913273017237,923.1168528408704,1.5713235790163285,273.3880084546617,922.8113634506627,1.5213224260436702,197.65608581290059,1.5211975579339931,273.68782188917714,1.5208107407462919,114.35291674535944,252.39965694548656,114.45611437226844,1.4202104516341827,224.20326462031596,1.4195096013745565,252.1785009864138,224.2441098072845,263.4623871003592,1.419423972798007,1.4114435822850722,249.64883595708235,1.3614526077126368,42.72353120934927,164.2245387916794,42.58755971398794,1.261380154720791,227.78416572288552,164.01554113020185,227.6797721356662,288.2454592776315,1.2611071137542076,1.251620633963821,162.07085630601546,1.2009456462054107,131.8302718177634,0.011661137922724116,0.0020407375764517287
123.3085781,190.0,25.50727261,599.9999588,1.622168383,1219.506406,1.622195,276.2319733,135.5788464,1.571980399,923.2876913,922.5406806,1.571315,273.1139313,922.5406806,1.521297889,194.8069316,1.521193381,273.1139313,1.520795,114.03719515,251.86362954999998,114.03719515,1.420144397,224.018361,1.419502169,251.86362954999998,224.018361,262.7937526,1.419362602,1.411445,249.9814601,1.361375003,42.810948440000004,163.76698905,42.810948440000004,1.2613013445,229.9999979,163.76698905,229.9999979,287.07949014999997,1.261053517,1.251615002,161.9774831,1.200915013,160.5736556,0.011803808499999999,0.0020068075000000004,122.97540772771534,195.39788596117745,26.121570345593547,600.2290203960605,1.6221288067388047,1219.8644723816456,1.622158753118831,276.5754404068345,134.42908327469567,1.5719789437946048,922.9913265575196,923.1181786460141,1.5713235800300784,273.38802830062133,922.8122108639236,1.5213224498736788,197.65775671379456,1.5211974827806611,273.6881718047813,1.5208107562505344,114.35332702304511,252.40074028790775,114.45661361173045,1.42021051079342,224.2029989420647,1.4195096288917692,252.17934018943356,224.24402883230113,263.46164552956714,1.419424023997876,1.41144358544596,249.6494846430402,1.3614525856449016,42.726170109274044,164.22619021320213,42.59033118392645,1.2613802837612846,227.78225792722978,164.0170295791759,227.67616962283057,288.2438240889167,1.2611071795523858,1.2516206284809697,162.0725626753697,1.2009456466922184,131.79764489974988,0.011661963428324824,0.0020404636274510115
123.3085781,190.0,25.50727261,599.9999588,1.622168383,1219.506406,1.622195,276.2319733,135.5788464,1.571980399,923.2876913,922.5406806,1.571315,273.1139313,922.5406806,1.521297889,194.8069316,1.521193381,273.1139313,1.520795,114.0370882,251.86367895,114.0370882,1.420144397,224.01823654999998,1.419502169,251.86367895,224.01823654999998,262.7935663,1.419362602,1.411445,249.98151230000002,1.361375003,42.81095823,163.76701405,42.81095823,1.2613013485,229.9999979,163.76701405,229.9999979,287.07955315,1.261053521,1.251615002,161.97750580000002,1.200915013,160.57404255,0.011803817499999996,0.0020068134999999994,122.97555661183554,195.40113406380186,26.12197156300499,600.2289680397575,1.622128815525096,1219.864398955499,1.6221587660224837,276.5752837827547,134.43078056783972,1.5719789431611815,922.9913287901319,923.1194777346814,1.5713235806724115,273.38804814658096,922.8130407444962,1.521322470564554,197.65942429940898,1.5211974069967238,273.6885189349876,1.520810768800425,114.35374051974257,252.4018186051612,114.45711460701705,1.420210569839542,224.202744640464,1.4195096562257083,252.18018358009314,224.24395220721354,263.4609129679875,1.4194240743341016,1.4114435879983493,249.65013353967882,1.3614525617770794,42.72878925487456,164.22783280494284,42.59307888694378,1.2613804111666989,227.78036499751423,164.01851600991404,227.67263152906904,288.24221301802964,1.2611072456063392,1.2516206226230748,162.07426009653798,1.2009456450732998,131.76578151460188,0.0116627762240646,0.0020401978706265853
123.3085781,190.0,25.50727261,599.9999588,1.622168383,1219.506406,1.622195,276.2319733,135.5788464,1.571980399,923.2876913,922.5406806,1.571315,273.1139313,922.5406806,1.521297889,194.8069316,1.521193381,273.1139313,1.520795,114.03698155000001,251.86372825,114.03698155000001,1.420144397,224.01811245,1.419502169,251.86372825,224.01811245,262.79338055,1.419362602,1.411445,249.98156440000002,1.361375003,42.810967995,163.76703895,42.810967995,1.2613013524999999,229.9999979,163.76703895,229.9999979,287.07961595,1.261053525,1.251615002,161.97752845,1.200915013,160.5744285,0.011803827499999999,0.0020068194999999993,122.97570158207247,195.40437711494474,26.122372439535027,600.228918092911,1.6221288240446308,1219.8643283513475,1.6221587785385319,276.5751296169003,134.43245716228685,1.5719789422221593,922.9913570698872,923.1207734837892,1.5713235809848387,273.38806834071534,922.8138781390782,1.5213224883778904,197.66108083409156,1.5211973312993399,273.6888639761455,1.5208107784936287,114.35416074710106,252.4028902221909,114.4576220403272,1.4202106282635305,224.20250539619494,1.4195096836905572,252.18102362064087,224.2438839473102,263.46018744485497,1.4194241238195742,1.4114435899670208,249.65079486648028,1.3614525364910066,42.73138833748952,164.22946833285786,42.59580251437861,1.2613805368716298,227.77850179967902,164.01999714278298,227.66916280969497,288.2406308885357,1.261107312235787,1.2516206164795696,162.0759478238381,1.200945641575077,131.73465343834195,0.01166357250369644,0.002039941202946867
123.30863275,190.0000241,25.50727638,599.9999708,1.622168358,1219.5064035,1.6221949745000002,276.23209155,135.5788319,1.571980311,923.2876789,922.5406723000001,1.571314912,273.11404995,922.5406723000001,1.521298096,194.80727044999998,1.521193588,273.11404995,1.520795207,114.03687415,251.86393155000002,114.03687415,1.4201458235,224.0179028,1.4195035945,251.86393155000002,224.0179028,262.79306845,1.4193640275,1.4114464115,249.9817756,1.3613753825,42.810975465,163.76551030000002,42.810975465,1.2612043605,225.14266185000002,163.76551030000002,225.14266185000002,282.7715501,1.260957958,1.251597634,161.95966744999998,1.200911061,160.56727905,0.011626822500000002,0.0019545505,122.97133642804317,194.99178725794053,26.101885808090547,600.2343798763601,1.6221292596968506,1219.870935890504,1.622158419751562,276.5205761505437,134.39304240799547,1.5719756262900393,922.8239163599499,923.0526214221493,1.5713201707349205,273.37517229687256,922.7566556193906,1.5213092325525701,197.936138527551,1.5211862187453535,273.76212551023707,1.5208020488970753,114.28984401344331,252.3985262827354,114.4326381194196,1.4202112462682963,224.15218412852656,1.4195061946336596,252.21931958678695,224.1554612731019,263.3971412583274,1.4194146547054431,1.411440355205798,249.65891113080016,1.3614361537887323,42.69264331708398,164.10668340191387,42.55300970980409,1.261291191274335,223.62927419286493,163.98463840670564,223.63618189973272,284.6261161762612,1.2610262935130212,1.2516153204102731,162.0425228693526,1.2009295136130624,131.25824458157848,0.011271257852419949,0.0019253828080814926
123.30856940000001,189.99999355,25.507271615,599.99995685,1.6221683900000001,1219.5064035,1.6221950065000001,276.2319544,135.57884925000002,1.5719804124999999,923.287694,922.5406834,1.571315014,273.11391249999997,922.5406834,1.521297835,194.8068779,1.521193327,273.11391249999997,1.520794946,114.0367694,251.86380345,114.0367694,1.4201442924999998,224.0178822,1.419502065,251.86380345,224.0178822,262.79303355,1.4193624974999999,1.4114448955,249.98164515,1.3613754249999999,42.810986385,163.76708474999998,42.810986385,1.261219526,225.00071785,163.76708474999998,225.00071785,282.63569815,1.2609731640000001,1.251614968,161.9638732,1.200912309,160.5511731,0.011497361499999996,0.0018883845000000007,122.97290049408208,194.99998076098376,26.096830196001278,600.2369855652245,1.6221286192256774,1219.8761287959846,1.6221577868540626,276.5239328574208,134.3994087357639,1.5719762464170135,922.8473044617627,923.0593138994996,1.5713207154135929,273.38340523654983,922.7569970893646,1.5213129108445684,197.87795813415445,1.5211898202320024,273.77559047158945,1.5208054415427277,114.2853760250662,252.3818724579386,114.42631978458718,1.4202105760608768,224.15879630475217,1.41950588707448,252.19891824311603,224.15797718591202,263.4179922357111,1.4194144156438195,1.4114408765843383,249.6405500947774,1.3614400896398962,42.68566541070356,164.10190548070716,42.54930268742281,1.2612893997501562,223.61299103306038,163.98111582822688,223.62325844240763,284.60989934894843,1.2610261288577163,1.2516161010970233,162.04241399975652,1.2009337510024556,131.33894287519917,0.011243458638997075,0.001931337662897019
123.30857785,190.0000007,25.507272715,599.9999589500001,1.6221683825,1219.506406,1.622194999,276.23197270000003,135.57884669999999,1.571980399,923.2876916,922.54068105,1.5713150005,273.11393069999997,922.54068105,1.5212978955,194.8069306,1.5211933874999999,273.11393069999997,1.5207950065,114.0366633,251.86387424999998,114.0366633,1.4201443865,224.01774269999999,1.4195021589999999,251.86387424999998,224.01774269999999,262.792827,1.4193625920000001,1.4114449900000001,249.9817185,1.3613750115,42.810996025,163.76707714999998,42.810996025,1.2612196249999998,225.00000135,163.76707714999998,225.00000135,282.63509265,1.260973263,1.251615078,161.96388085,1.200913694,160.5351452,0.011474913500000001,0.0018595589999999996,122.97188382375961,195.00702757771944,26.09729686264211,600.2378110015428,1.6221284493351498,1219.8775139615173,1.622157633324237,276.52203721440964,134.4001775445051,1.5719763501039639,922.8529998556335,923.0617183823799,1.5713207886308092,273.3832656184829,922.7597538958545,1.5213134473747825,197.86249622287266,1.5211902334516803,273.77624364738386,1.5208059354322012,114.2839950690044,252.37871623380693,114.42403633469152,1.4202102471502227,224.15964051914503,1.4195056386602896,252.195121728856,224.15886456465552,263.4206440410604,1.4194142599560005,1.4114409325744555,249.63637187460319,1.3614406121439815,42.68525056989428,164.1008900557715,42.549495600744066,1.261289042648739,223.60086042587793,163.98050505958852,223.6140217382458,284.60452589694773,1.2610259488558972,1.2516162026155975,162.0417990605311,1.2009344234876806,131.33597193019702,0.011234078993599577,0.001933363639615606
123.30857825,190.0,25.5072726,599.9999588,1.622168383,1219.506406,1.622195,276.23197355,135.5788463,1.571980398,923.2876912,922.5406805,1.571315,273.11393154999996,922.5406805,1.52129789,194.8069324,1.5211933815,273.11393154999996,1.520795001,114.03655785,251.8639243,114.03655785,1.420144397,224.01761935000002,1.419502169,251.8639243,224.01761935000002,262.79264235,1.419362602,1.411445,249.98177135,1.3613750015,42.811005735,163.76710885,42.811005735,1.2612195805000002,224.9999969,163.76710885,224.9999969,282.63514929999997,1.2609732180000002,1.2516150284999998,161.96391004999998,1.2009141285,160.51925119999999,0.011471380000000003,0.0018471715,122.97115552835767,195.01451892482987,26.098580962887564,600.2383308318892,1.6221283467645078,1219.8783090044203,1.6221575471935923,276.52060301543634,134.4015924482846,1.5719764092179163,922.8578803460299,923.0647991260704,1.5713208093099973,273.3831670850342,922.763844021534,1.5213136110083385,197.85772111522525,1.521190311201623,273.77654377400154,1.5208060959438385,114.28397926658285,252.3796915351208,114.4232465062578,1.420210109517332,224.15979644617914,1.4195054897636306,252.1952925845606,224.15952307195838,263.41989796566224,1.4194142596466357,1.4114409420433522,249.63571707890424,1.3614406969299047,42.686164516052216,164.10190976945844,42.5505515310993,1.2612890162258503,223.5886406230544,163.98165394037292,223.60294165750236,284.599234445561,1.2610258852957523,1.251616226683309,162.04223851588702,1.200934665057515,131.32127466527143,0.011227938258414925,0.0019345280621233206
123.3085781,190.0,25.50727261,599.9999588,1.622168383,1219.506406,1.622195,276.2319733,135.5788464,1.571980399,923.2876913,922.5406806,1.571315,273.1139313,922.5406806,1.521297889,194.8069317,1.521193381,273.1139313,1.520795,114.03645265,251.86397265,114.03645265,1.420144397,224.01749705,1.419502169,251.86397265,224.01749705,262.79245935,1.419362602,1.411445,249.98182244999998,1.361375003,42.811015405,163.76714125,42.811015405,1.26121957,224.99999705,163.76714125,224.99999705,282.6352131,1.260973208,1.2516150125,161.96393995,1.200914294,160.50347725,0.011471003,0.0018418565000000002,122.9705511465006,195.02288922972667,26.10015344880003,600.2388545134162,1.6221282474171732,1219.879058542649,1.622157464389198,276.5194206089861,134.40331117936466,1.5719764639479126,922.8631344268775,923.0681654021029,1.5713208243895278,273.3830647216634,922.7684309067113,1.5213137279036864,197.85469094971515,1.5211903482713316,273.77700893544153,1.5208062197092005,114.28428214632939,252.38154372821282,114.42266737677637,1.4202100112202438,224.15978741178017,1.4195053350022182,252.19612843746853,224.16007918940622,263.41843734710903,1.4194142937798817,1.4114409420763927,249.63584369802106,1.3614407170884564,42.68740132194713,164.1035059417735,42.55183432752033,1.2612890262325385,223.57550904256686,163.98321555039823,223.59073176530563,284.5936342859804,1.261025855753713,1.2516162424005273,162.04300905412418,1.2009348621014257,131.30482602826706,0.01122184871505867,0.0019356577135482354
123.3085781,190.0,25.50727261,599.9999588,1.622168383,1219.506406,1.622195,276.2319733,135.5788464,1.571980399,923.2876913,922.5406806,1.571315,273.1139313,922.5406806,1.521297889,194.8069316,1.521193381,273.1139313,1.520795,114.03634775,251.86402114999999,114.03634775,1.420144397,224.01737500000002,1.419502169,251.86402114999999,224.01737500000002,262.7922766,1.419362602,1.411445,249.9818737,1.361375003,42.811025029999996,163.7671714,42.811025029999996,1.261219569,224.99999735,163.7671714,224.99999735,282.63527680000004,1.260973207,1.251615007,161.96396775,1.2009143695,160.48781485,0.011471094500000003,0.0018395859999999994,122.97003474873979,195.03254766241386,26.10186262815514,600.2394049162097,1.6221281445214217,1219.8798023826182,1.62215737576524,276.5179437422422,134.40554885634504,1.5719765199114173,922.8686303740532,923.071526668796,1.5713208467575708,273.3822910774123,922.7732724333117,1.5213138584144024,197.8509170564923,1.5211903882962305,273.77690970564333,1.5208063331221235,114.28430848369865,252.38251567941484,114.42173561918727,1.4202098942874304,224.15967933359985,1.4195051467279305,252.19664351716628,224.16068951324792,263.4170051638824,1.419414323453119,1.4114409422388425,249.63581293863493,1.3614407457322675,42.688602014468024,164.10456955209122,42.55309243103624,1.2612889420586328,223.56143099722152,163.98446609981593,223.57774388890644,284.58718517886643,1.2610257667439329,1.2516162697123674,162.04349772450297,1.2009350977050353,131.28894038534062,0.011215899894494695,0.0019363539151698416
123.3085781,190.0,25.50727261,599.9999588,1.622168383,1219.506406,1.622195,276.2319733,135.5788464,1.571980399,923.2876913,922.5406806,1.571315,273.1139313,922.5406806,1.521297889,194.8069316,1.521193381,273.1139313,1.520795,114.03624310000001,251.86406955,114.03624310000001,1.420144397,224.0172532,1.419502169,251.86406955,224.0172532,262.7920943,1.419362602,1.411445,249.98192475000002,1.361375003,42.81103462,163.7671999,42.81103462,1.261219571,224.99999755,163.7671999,224.99999755,282.6353402,1.260973209,1.251615005,161.96399385,1.2009144095000002,160.4722579,0.011471254999999996,0.0018386250000000002,122.96977510172258,195.0449187406832,26.10394609529084,600.2398679465837,1.6221280551079869,1219.8802971000998,1.622157298093168,276.5161982265721,134.40910459677306,1.5719765729133903,922.8749910863769,923.075746202295,1.5713208730429709,273.3814732149703,922.7796150919742,1.5213140220105879,197.84709122388983,1.5211904174648239,273.7762290240452,1.5208064663365277,114.28443197669677,252.38312916864834,114.42086385227209,1.4202097616316074,224.15940361712754,1.4195049488972367,252.1971987982063,224.16156986523666,263.41525596899595,1.4194143707859281,1.4114409456200014,249.63645656825537,1.3614407938073223,42.689756099130136,164.10528325076032,42.55433787943828,1.261288776850175,223.54515774804378,163.98551381652595,223.5626946021364,284.580022184054,1.26102562261459,1.251616320046124,162.0441392597256,1.20093537540053,131.271417751718,0.011209557857302386,0.0019369500111836202
123.3085781,190.0,25.50727261,599.9999588,1.622168383,1219.506406,1.622195,276.2319733,135.5788464,1.571980399,923.2876913,922.5406806,1.571315,273.1139313,922.5406806,1.521297889,194.8069316,1.521193381,273.1139313,1.520795,114.0361388,251.8641178,114.0361388,1.420144397,224.01713180000002,1.419502169,251.8641178,224.01713180000002,262.79191255,1.419362602,1.411445,249.98197575,1.361375003,42.81104417,163.76722715,42.81104417,1.2612195745,224.9999977,163.76722715,224.9999977,282.63540335,1.260973212,1.251615004,161.96401875,1.200914435,160.45680095,0.011471407500000001,0.0018382275,122.96921502502428,195.06220996196365,26.10653815747996,600.2401654552019,1.6221279939485085,1219.880434346755,1.622157238242651,276.51427958159405,134.41242969457872,1.5719766275155909,922.8818645553158,923.080816488591,1.5713209079627242,273.380260522384,922.7868644410812,1.5213141595220696,197.8415182389637,1.5211904540646695,273.7744286125138,1.5208065592399016,114.28482176976189,252.3837899782118,114.42031223070944,1.4202096540873534,224.1589083982209,1.4195048083787964,252.19776747969374,224.16282230062012,263.41240483482323,1.4194144422491894,1.4114409472747866,249.63865291483242,1.361440856804312,42.69118334905728,164.10631810121652,42.55578951359807,1.2612886546770163,223.5295732874274,163.9867656273411,223.54796741073676,284.5748416746745,1.2610255077715113,1.251616380765708,162.04486679695793,1.2009356374842148,131.25388323431534,0.011203637473785341,0.0019373251661512956
123.3085781,190.0,25.50727261,599.9999588,1.622168383,1219.506406,1.622195,276.2319733,135.5788464,1.571980399,923.2876913,922.5406806,1.571315,273.1139313,922.5406806,1.521297889,194.8069316,1.521193381,273.1139313,1.520795,114.0360347,251.8641659,114.0360347,1.420144397,224.01701075,1.419502169,251.8641659,224.01701075,262.79173125,1.419362602,1.411445,249.98202655,1.361375003,42.811053685,163.76725349999998,42.811053685,1.261219578,224.9999978,163.76725349999998,224.9999978,282.63546625,1.2609732155,1.251615003,161.96404280000002,1.2009144535,160.44143945,0.011471547500000004,0.0018380715000000003,122.96820132925312,195.08207238734337,26.10905761193022,600.2402188779855,1.6221279637939123,1219.8801963765757,1.62215720331977,276.51238270947016,134.41456535655306,1.5719766956530472,922.8872213363273,923.085691410653,1.5713209658098306,273.3786582222743,922.7933056167533,1.52131431164547,197.83618395416525,1.5211905636787346,273.77148688421585,1.520806607266429,114.2849920847498,252.38452490900008,114.4197172988066,1.4202096214253463,224.15792431794765,1.4195047339173759,252.1980673147048,224.16407473600358,263.40808097596823,1.4194145630174604,1.4114409693156469,249.64108796267297,1.361440972706893,42.69276647294923,164.10795993611873,42.55707292734173,1.2612886215830021,223.51428614561456,163.98868496967916,223.53213022913744,284.5707850560635,1.2610254286090772,1.251616453708833,162.04547701352962,1.200935886276917,131.23549457022457,0.011199630982302314,0.0019369329672672471
123.3085781,190.0,25.50727261,599.9999588,1.622168383,1219.506406,1.622195,276.2319733,135.5788464,1.571980399,923.2876913,922.5406806,1.571315,273.1139313,922.5406806,1.521297889,194.8069316,1.521193381,273.1139313,1.520795,114.03593095,251.8642139,114.03593095,1.420144397,224.01688995,1.419502169,251.8642139,224.01688995,262.79155049999997,1.419362602,1.411445,249.9820772,1.361375003,42.811063175,163.76727925,42.811063175,1.261219582,224.9999979,163.76727925,224.9999979,282.6355289,1.260973219,1.251615003,161.96406625,1.2009144685,160.4261694,0.011471675000000004,0.0018380185000000002,122.96669808496048,195.09867660713564,26.111292089527492,600.2401120324183,1.62212795790304,1219.8797105049641,1.6221571910181412,276.5101538013205,134.41511165430282,1.5719767801594953,922.8910405916971,923.0890359795484,1.5713210349873408,273.37595673454035,922.7980720032616,1.5213144812832413,197.8298882382969,1.5211907399638702,273.76812908711497,1.520806608194242,114.28459175673697,252.38499978735555,114.41860586183316,1.4202095775366579,224.1564436803383,1.4195046745629314,252.1970363177813,224.16492430411435,263.402959238744,1.419414706343579,1.4114410125383101,249.64274981224608,1.361441044352786,42.6940514300095,164.110149722067,42.5577485869581,1.2612886171355853,223.49670469370142,163.9907382724249,223.51292838974527,284.56412371206625,1.261025342860431,1.2516165307601297,162.04495180472475,1.2009361173860462,131.21283962911076,0.011196950525249183,0.0019358679949233347
123.3085781,190.0,25.50727261,599.9999588,1.622168383,1219.506406,1.622195,276.2319733,135.5788464,1.571980399,923.2876913,922.5406806,1.571315,273.1139313,922.5406806,1.521297889,194.8069316,1.521193381,273.1139313,1.520795,114.03582745,251.8642617,114.03582745,1.420144397,224.0167695,1.419502169,251.8642617,224.0167695,262.79137019999996,1.419362601,1.411445,249.98212775000002,1.361375003,42.811072625,163.76730455,42.811072625,1.261219586,224.9999979,163.76730455,224.9999979,282.6355913,1.260973223,1.251615003,161.96408915,1.2009144809999999,160.4109869,0.011471792500000003,0.0018380100000000002,122.96522630828947,195.10953224094567,26.113054446381483,600.2395977319717,1.6221280033794612,1219.8785511533235,1.6221572295311737,276.507049764904,134.4149490216845,1.5719769076776084,922.8914796721078,923.0892196553239,1.5713211389972117,273.37200390682506,922.7997935462605,1.5213148320440262,197.82271618353371,1.5211911102281885,273.7648189899522,1.520806721460668,114.28312974010532,252.38342774736745,114.4164619999934,1.4202094941142154,224.15437045307783,1.4195045940534843,252.19325906666444,224.16506283156525,263.39802472421405,1.4194148321519175,1.4114411081083604,249.64200884812988,1.3614412160823126,42.694970932071136,164.11265157774085,42.55757851457408,1.2612885741656896,223.47650683631755,163.99188967600415,223.4896235508649,284.5550939973936,1.2610252902346772,1.251616646804437,162.04351139534268,1.2009364929638537,131.18617391224402,0.01119595138707104,0.0019339775898377465
123.3085781,190.0,25.50727261,599.9999588,1.622168383,1219.506406,1.622195,276.2319733,135.5788464,1.571980399,923.2876913,922.5406806,1.571315,273.1139313,922.5406806,1.521297889,194.8069316,1.521193381,273.1139313,1.520795,114.03572424999999,251.8643094,114.03572424999999,1.420144397,224.0166494,1.419502169,251.8643094,224.0166494,262.79119045,1.419362601,1.411445,249.98217814999998,1.361375003,42.811082049999996,163.76732945,42.811082049999996,1.2612195895,224.99999795000002,163.76732945,224.99999795000002,282.6356535,1.260973227,1.251615003,161.9641118,1.2009144925,160.39588865,0.011471901500000003,0.001838018,122.9650462696583,195.11203777578504,26.114009596072947,600.2385382228877,1.6221281096930298,1219.8764194886337,1.622157328213603,276.5037938452712,134.41538369431893,1.5719770913036915,922.8880384724139,923.0856321334709,1.5713212979767999,273.3676757467503,922.7985019715665,1.5213155070449018,197.81850246322372,1.5211918005680498,273.76296043324083,1.520807120029571,114.28085858096236,252.380497655786,114.41386455013132,1.420209370705558,224.15169192108624,1.41950457829196,252.186346110851,224.164605088684,263.3942560580705,1.4194150844775555,1.4114412816295396,249.6409996874484,1.3614416340904296,42.695166006023115,164.11499550645576,42.55629571815305,1.2612885272716023,223.45351913749425,163.99203423215027,223.4624981653597,284.5424369614422,1.261025365816258,1.2516168476865264,162.04256537323602,1.2009371839817349,131.1542496227235,0.011196489413596244,0.0019314226377967392
123.3085781,190.0,25.50727261,599.9999588,1.622168383,1219.506406,1.622195,276.2319733,135.5788464,1.571980399,923.2876913,922.5406806,1.571315,273.1139313,922.5406806,1.521297889,194.8069316,1.521193381,273.1139313,1.520795,114.0356213,251.864357,114.0356213,1.420144397,224.01652965,1.419502169,251.864357,224.01652965,262.79101115000003,1.419362601,1.411445,249.9822284,1.361375003,42.811091435,163.76735409999998,42.811091435,1.261219593,224.999998,163.76735409999998,224.999998,282.6357154,1.2609732304999999,1.251615003,161.9641342,1.2009145024999999,160.38087155,0.011472002000000002,0.001838034,122.9662551899278,195.10557693090695,26.11370552986139,600.2371847008723,1.6221282229783902,1219.873788412182,1.6221574369929896,276.50239897790544,134.41716599996798,1.5719773334547542,922.8831416095275,923.0823877513621,1.5713215158631255,273.3654912984912,922.7964748588597,1.5213165427346942,197.82309965086853,1.5211927768318416,273.76321877889086,1.5208079763520754,114.27798019913912,252.37840132329254,114.41127646466711,1.4202092633026981,224.1479704179244,1.4195047563291114,252.18087286560737,224.1633442881163,263.3905059734274,1.4194155434846385,1.4114415341894357,249.64190477185082,1.3614424917804404,42.695496890954324,164.11833165039354,42.5551910193102,1.2612886798572445,223.4327315978168,163.99183694959132,223.43596741746146,284.52998733880855,1.2610257655929442,1.251617147975405,162.04474997341873,1.2009382466150351,131.1191375092157,0.011196939831834002,0.0019290788526177196
123.3085781,190.0,25.50727261,599.9999588,1.622168383,1219.506406,1.622195,276.2319733,135.5788464,1.571980399,923.2876913,922.5406806,1.571315,273.1139313,922.5406806,1.521297889,194.8069316,1.521193381,273.1139313,1.520795,114.03551865,251.86440445,114.03551865,1.420144397,224.01641025,1.419502169,251.86440445,224.01641025,262.79083235,1.419362601,1.411445,249.9822785,1.361375003,42.81110079,163.76737855,42.81110079,1.261219597,224.999998,163.76737855,224.999998,282.6357772,1.260973234,1.251615003,161.96415639999998,1.2009145125,160.36593275,0.011472096000000005,0.0018380519999999997,122.96802888355552,195.09966164603418,26.11321636504795,600.235689040678,1.6221283266855258,1219.8710136853165,1.6221575399720551,276.50385091121956,134.420280414609,1.5719776215679013,922.8813763574353,923.0834739431077,1.5713217790688805,273.36582206448514,922.7970584469083,1.521317826216714,197.83667903591163,1.5211939597487492,273.764376111695,1.5208090875301428,114.27564992723403,252.3786475565139,114.40944309114458,1.4202091870630693,224.14369212809996,1.419505215534053,252.17835023138034,224.16231269359662,263.38572714934844,1.4194162226692042,1.4114418427229287,249.64610132124827,1.3614436897899582,42.69631453478153,164.12386060763342,42.55489779106189,1.261289201709297,223.4180539595511,163.99204760296308,223.41491724617424,284.5207453872526,1.2610266063261288,1.2516175142907364,162.0507136908137,1.200939505963934,131.0857218053041,0.011196718663000262,0.0019271655132464456
123.3085781,190.0,25.50727261,599.9999588,1.622168383,1219.506406,1.622195,276.2319733,135.5788464,1.571980399,923.2876913,922.5406806,1.571315,273.1139313,922.5406806,1.521297889,194.8069316,1.521193381,273.1139313,1.520795,114.03541630000001,251.86445175,114.03541630000001,1.420144396,224.01629105,1.419502169,251.86445175,224.01629105,262.790654,1.419362601,1.411445,249.9823285,1.361375003,42.811110115,163.7674028,42.811110115,1.261219601,224.999998,163.7674028,224.999998,282.63583874999995,1.260973238,1.251615002,161.96417839999998,1.2009145205,160.35106965,0.011472183000000006,0.0018380709999999993,122.96944719658083,195.09302905078403,26.113254202883695,600.2341444606187,1.6221284055648586,1219.868370913865,1.6221576363123644,276.50780496688543,134.42234141342675,1.5719779599326307,922.8797405968542,923.0863893786002,1.5713220945308237,273.3670890723294,922.7984276663642,1.5213193734233086,197.85577946650125,1.5211952888424731,273.765496189803,1.5208105048132297,114.27318153045901,252.37898968668713,114.40711691618358,1.4202091544858986,224.1388058566854,1.419505752054246,252.17747668971404,224.16148855564592,263.38079404250794,1.4194169204027656,1.4114422264348905,249.64929966536207,1.3614451909656693,42.69726212502296,164.13051624506284,42.554811057232655,1.2612900541744747,223.40772708644315,163.99195072764002,223.39811873377698,284.50931836051143,1.2610276062793948,1.2516179460973622,162.05762591592256,1.200940911943843,131.05207288220984,0.011195646264757816,0.0019256168646523406
123.3085781,190.0,25.50727261,599.9999588,1.622168383,1219.506406,1.622195,276.2319733,135.5788464,1.571980399,923.2876913,922.5406806,1.571315,273.1139313,922.5406806,1.521297889,194.8069316,1.521193381,273.1139313,1.520795,114.0353142,251.86449894999998,114.0353142,1.420144396,224.0161723,1.419502169,251.86449894999998,224.0161723,262.79047615,1.419362601,1.411445,249.9823783,1.361375003,42.811119415,163.767427,42.811119415,1.2612196045,224.999998,163.767427,224.999998,282.63590005000003,1.2609732415,1.251615002,161.96420030000002,1.2009145285,160.3362799,0.011472264500000003,0.0018380889999999998,122.97047928760345,195.076626890253,26.112285758817507,600.2321141578458,1.6221285518140942,1219.865023511898,1.6221578105803998,276.5103339541298,134.42059459125804,1.5719783187280398,922.8739447354318,923.0864411417733,1.5713224278142288,273.3670236154801,922.7974257984697,1.5213210610812082,197.87137785679124,1.5211965739298285,273.76584610540715,1.5208120448362008,114.26955838636044,252.37532382678944,114.40367901161173,1.4202089775737627,224.13424850431494,1.4195061673259024,252.17402691203102,224.16082971373567,263.37868081913473,1.4194174479341444,1.4114426435922396,249.6482117100888,1.361446745307591,42.69700007156531,164.13541198079002,42.55357548599267,1.2612909150112608,223.39823270598498,163.9895540725123,223.38355011240589,284.49498272375547,1.2610284342238178,1.2516184108054227,162.06268959494437,1.2009423493624731,131.01952469423887,0.011192383280011134,0.0019246447891005177
123.3085781,190.0,25.50727261,599.9999588,1.622168383,1219.506406,1.622195,276.2319733,135.5788464,1.571980399,923.2876913,922.5406806,1.571315,273.1139313,922.5406806,1.521297889,194.8069316,1.521193381,273.1139313,1.520795,114.0352124,251.86454605,114.0352124,1.420144396,224.0160538,1.419502168,251.86454605,224.0160538,262.79029885,1.419362601,1.411445,249.982428,1.361375003,42.811128679999996,163.767451,42.811128679999996,1.261219608,224.999998,163.767451,224.999998,282.63596114999996,1.260973245,1.251615002,161.96422205,1.2009145365,160.32156120000002,0.011472340499999999,0.0018381064999999995,122.9717454288466,195.05255152927646,26.111200733311463,600.2296732205011,1.6221287422532065,1219.8610162514562,1.6221580520002095,276.5125310809359,134.41956778804504,1.571978722013102,922.866432739387,923.0861706374493,1.5713228070309937,273.36569289166016,922.7950830973763,1.5213229948745703,197.89123030329245,1.5211979071039408,273.7667047042925,1.5208137121404568,114.26576902419806,252.3686675732969,114.400063768755,1.4202087610147578,224.12981161059741,1.4195065162263556,252.16895819279395,224.16020466716972,263.37842461965835,1.4194179117106007,1.4114431100682503,249.64418560139933,1.3614485091505648,42.69668739765177,164.14034227880697,42.5523732501746,1.2612917848736869,223.38468487917254,163.9863400318463,223.36394193731562,284.4730547948549,1.2610292813513833,1.2516189451764177,162.06764167020214,1.2009439226683805,130.98415856493338,0.011188104303458428,0.0019233745803520841
123.3085781,190.0,25.50727261,599.9999588,1.622168383,1219.506406,1.622195,276.2319733,135.5788464,1.571980399,923.2876913,922.5406806,1.571315,273.1139313,922.5406806,1.521297889,194.8069316,1.521193381,273.1139313,1.520795,114.03511085,251.86459295,114.03511085,1.420144396,224.0159357,1.419502168,251.86459295,224.0159357,262.79012194999996,1.419362601,1.411445,249.98247759999998,1.361375003,42.81113792,163.76747490000002,42.81113792,1.261219612,224.9999981,163.76747490000002,224.9999981,282.63602215000003,1.260973249,1.251615002,161.96424374999998,1.200914543,160.3069117,0.011472411499999998,0.0018381230000000003,122.97321149124801,195.02868327904267,26.111806138683356,600.2267637426322,1.6221289959302745,1219.8560360267359,1.6221583666112742,276.5134116524162,134.42219504407024,1.5719791591807546,922.8580760717045,923.0856112612236,1.5713232118640619,273.36219617284183,922.7930593242293,1.521325079620386,197.91573132427152,1.5211991621200716,273.76614797289847,1.520815627976498,114.26128201438759,252.35850417145585,114.39578804321027,1.4202085993166131,224.12512443056764,1.4195067098155763,252.16437356471994,224.15921021406805,263.37836831208114,1.4194183656389454,1.411443637105,249.6380762816831,1.3614503684163404,42.696372871770336,164.14418802730873,42.55114539546746,1.2612927398910665,223.36730163979507,163.98325389688029,223.33876398997324,284.4479047241801,1.261030217872392,1.2516195569160542,162.07205387157245,1.2009455972642544,130.94047378962188,0.011182175454931102,0.0019225683127353965
123.3085781,190.0,25.50727261,599.9999588,1.622168383,1219.506406,1.622195,276.2319733,135.5788464,1.571980399,923.2876913,922.5406806,1.571315,273.1139313,922.5406806,1.521297889,194.8069316,1.521193381,273.1139313,1.520795,114.03500955,251.86463974999998,114.03500955,1.420144396,224.01581785000002,1.419502168,251.86463974999998,224.01581785000002,262.78994554999997,1.419362601,1.411445,249.982527,1.361375003,42.81114712,163.76749869999998,42.81114712,1.261219616,224.9999981,163.76749869999998,224.9999981,282.63608285,1.2609732525,1.251615002,161.96426535,1.2009145495,160.29232945,0.011472477999999998,0.0018381394999999999,122.97582604356099,195.01543829446848,26.11387528880013,600.2240975013632,1.6221292324071077,1219.8511299065262,1.6221586781709856,276.51372384705064,134.43032076107335,1.5719795328004917,922.8509860393766,923.0857915974397,1.5713235445007645,273.35877431159054,922.7915949273233,1.5213270618460917,197.9453124586167,1.521199975675292,273.76640980029583,1.5208172856363826,114.2574127622051,252.34606771872095,114.39258863814693,1.4202085945092182,224.12114461051664,1.4195067640121797,252.1629338541501,224.15799659313944,263.3793981776686,1.4194189149676502,1.4114441097678705,249.63289585329144,1.3614519614631662,42.695650912951216,164.14697445424406,42.54997742105524,1.2612936032785769,223.34334269954704,163.97963620903485,223.30478045073417,284.4175548498637,1.2610310500371065,1.2516201471224093,162.074900388957,1.2009469941985969,130.9001417257453,0.011174721958669519,0.0019224837273906963
123.3085781,190.0,25.50727261,599.9999588,1.622168383,1219.506406,1.622195,276.2319733,135.5788464,1.571980399,923.2876913,922.5406806,1.571315,273.1139313,922.5406806,1.521297889,194.8069316,1.521193381,273.1139313,1.520795,114.0349086,251.86468645000002,114.0349086,1.420144396,224.01570035,1.419502168,251.86468645000002,224.01570035,262.78976965,1.419362601,1.411445,249.9825763,1.361375003,42.8111563,163.76752245,42.8111563,1.2612196195,224.9999981,163.76752245,224.9999981,282.6361434,1.260973256,1.251615002,161.96428685,1.2009145555,160.2778128,0.011472540499999998,0.0018381545000000004,122.9760571192302,195.0200401941432,26.114368203309002,600.223743607515,1.622129313220425,1219.850378496012,1.6221587652610197,276.5140908249956,134.43072438566247,1.5719794663688333,922.8510619481933,923.0869754713023,1.5713234920479437,273.35890487711447,922.7931920717252,1.5213268375101667,197.9482636099642,1.5211996714885332,273.76630987414813,1.5208169231545197,114.25777387680148,252.34700700633238,114.39299598945473,1.4202085682099397,224.1206835215617,1.419506778176606,252.16476469027904,224.15739095380093,263.3784308134919,1.4194188736416733,1.4114440533867725,249.6356719932287,1.361451668133813,42.69660838035477,164.14919451373078,42.55127503321934,1.2612937698605016,223.34449233225388,163.98021443361935,223.30650489979442,284.4202463994296,1.2610310643605194,1.2516200744043104,162.07679939287053,1.2009466833435725,130.88910169411736,0.011173007251298895,0.0019235147246076472
123.3085781,190.0,25.50727261,599.9999588,1.622168383,1219.506406,1.622195,276.2319733,135.5788464,1.571980399,923.2876913,922.5406806,1.571315,273.1139313,922.5406806,1.521297889,194.8069316,1.521193381,273.1139313,1.520795,114.0348079,251.864733,114.0348079,1.420144396,224.01558315,1.419502168,251.864733,224.01558315,262.78959425,1.419362601,1.411445,249.98262545,1.361375003,42.811165445,163.7675461,42.811165445,1.261219623,224.9999981,163.7675461,224.9999981,282.6362038,1.2609732595,1.251615002,161.9643083,1.200914561,160.26336014999998,0.011472598999999998,0.0018381695000000001,122.97630463320924,195.0236772608455,26.11488702480451,600.2235488957872,1.6221293477820604,1219.849987188377,1.6221588026634692,276.51425324346405,134.43176966985482,1.5719794547338473,922.8510388778667,923.0878387474474,1.5713234829001614,273.35927150510565,922.7946556337412,1.521326843850718,197.95033179185776,1.5211996041250333,273.766509030094,1.5208168644093114,114.25790497837293,252.34760793264644,114.39312416465071,1.4202085957534851,224.12031946874384,1.419506822659712,252.16567508317573,224.15693220709755,263.3777773640582,1.4194188659075542,1.4114440454129646,249.63705806173041,1.3614516100340301,42.697965872824405,164.15088705680992,42.552710308329495,1.2612938883710818,223.3445418853878,163.98083781623205,223.30614811723024,284.4206998145894,1.2610311384074488,1.2516200641742707,162.07852937549333,1.200946631164579,130.87289221818565,0.011171653734507635,0.00192419082566093
123.3085781,190.0,25.50727261,599.9999588,1.622168383,1219.506406,1.622195,276.2319733,135.5788464,1.571980399,923.2876913,922.5406806,1.571315,273.1139313,922.5406806,1.521297889,194.8069316,1.521193381,273.1139313,1.520795,114.03470745,251.86477945000001,114.03470745,1.420144396,224.0154663,1.419502168,251.86477945000001,224.0154663,262.78941925,1.419362601,1.411445,249.98267445,1.361375003,42.811174565,163.76756964999998,42.811174565,1.261219627,224.9999981,163.76756964999998,224.9999981,282.636264,1.260973263,1.251615002,161.96432965,1.2009145665,160.24897015,0.011472654499999999,0.0018381834999999995,122.97654838986031,195.02762246792116,26.11545152440803,600.2233900099113,1.6221293745188392,1219.849687975473,1.6221588325062588,276.51435578658356,134.43292879688,1.5719794489885868,922.8510351568463,923.088752116986,1.57132347891726,273.35970846439244,922.7960916443901,1.5213268798884674,197.95224857598512,1.5211995658806674,273.7667179349323,1.5208168540324563,114.25797228498328,252.34812845627596,114.39317713202624,1.4202086287548379,224.11997950765658,1.41950685999515,252.16639033205684,224.1564992251616,263.3772235790362,1.4194188565234895,1.411444043634277,249.63806069130933,1.3614515858813456,42.699339415682495,164.15233615018397,42.55412582911555,1.2612939762729691,223.34421979001735,163.98129797401657,223.30524625019297,284.42043934205077,1.2610311904577083,1.2516200608493637,162.08003565346664,1.200946610933756,130.85512151065535,0.011170421112517408,0.001924706438080868
123.3085781,190.0,25.50727261,599.9999588,1.622168383,1219.506406,1.622195,276.2319733,135.5788464,1.571980399,923.2876913,922.5406806,1.571315,273.1139313,922.5406806,1.521297889,194.8069316,1.521193381,273.1139313,1.520795,114.0346073,251.86482569999998,114.0346073,1.420144396,224.01534974999998,1.419502168,251.86482569999998,224.01534974999998,262.7892448,1.419362601,1.411445,249.98272335000001,1.361375003,42.811183655,163.76759315,42.811183655,1.2612196304999999,224.9999981,163.76759315,224.9999981,282.63632395,1.260973267,1.251615002,161.96435094999998,1.200914571,160.2346414,0.011472706499999995,0.0018381969999999997,122.97682611901831,195.03184550648106,26.116023864283825,600.223240880359,1.6221293985574876,1219.8494344843193,1.6221588599739403,276.5144084628436,134.43414114912574,1.5719794466660346,922.8509875277847,923.0896888634416,1.5713234785523975,273.36025927681607,922.7974541847267,1.5213269347236464,197.95411618346583,1.521199547828041,273.76695747914687,1.5208168763487988,114.25798691685509,252.34860040328357,114.39318620378668,1.4202086639336577,224.1196576153673,1.419506888166911,252.16696655129596,224.15606356636673,263.37675566306945,1.4194188449738716,1.4114440465170728,249.6387965990881,1.36145158489948,42.70062715069462,164.15355163275296,42.55544504757164,1.2612940321926964,223.34358055458983,163.98154571247292,223.30386371775674,284.4195469824277,1.2610312066994354,1.251620061256142,162.08128392541084,1.2009466083638642,130.836627378017,0.011169346549899747,0.0019250590842176177
123.3085781,190.0,25.50727261,599.9999588,1.622168383,1219.506406,1.622195,276.2319733,135.5788464,1.571980399,923.2876913,922.5406806,1.571315,273.1139313,922.5406806,1.521297889,194.8069316,1.521193381,273.1139313,1.520795,114.0345074,251.8648719,114.0345074,1.420144396,224.0152335,1.419502168,251.8648719,224.0152335,262.7890708,1.419362601,1.411445,249.98277215000002,1.361375003,42.81119271,163.7676166,42.81119271,1.261219634,224.9999981,163.7676166,224.9999981,282.63638375,1.2609732705,1.251615002,161.9643722,1.2009145755000001,160.22037275000002,0.011472756499999999,0.0018382100000000003,122.97714470911782,195.03605339059635,26.116566206596147,600.2230947330028,1.6221294213401574,1219.849218791622,1.62215888678187,276.5143975764165,134.43536237224157,1.5719794471160986,922.8508044535796,923.0905947189711,1.5713234815128096,273.36092324602714,922.7986464075212,1.5213270077707821,197.95576608758932,1.5211995477662168,273.76722139559257,1.5208169319443263,114.25792955991759,252.34898985378675,114.3931335290486,1.4202086967653376,224.11936316088224,1.4195069023575193,252.16737023977453,224.15562757296448,263.37643527295506,1.4194188275205426,1.4114440541219266,249.63918656911343,1.361451604251932,42.701778457404885,164.1544580729502,42.55663215898532,1.2612940484780908,223.34257462597134,163.98151644805242,223.301955922101,284.41789732301635,1.2610311721697793,1.2516200644800757,162.08217327567297,1.2009466215189937,130.8174425006657,0.011168480990735336,0.0019252047981953462
123.3085781,190.0,25.50727261,599.9999588,1.622168383,1219.506406,1.622195,276.2319733,135.5788464,1.571980399,923.2876913,922.5406806,1.571315,273.1139313,922.5406806,1.521297889,194.8069316,1.521193381,273.1139313,1.520795,114.0344078,251.864918,114.0344078,1.420144396,224.0151176,1.419502168,251.864918,224.0151176,262.78889725,1.419362601,1.411445,249.9828208,1.361375003,42.81120174,163.76763995,42.81120174,1.261219638,224.9999981,163.76763995,224.9999981,282.6364434,1.260973274,1.251615002,161.96439335,1.20091458,160.206163,0.011472802999999998,0.0018382225000000006,122.97749977660956,195.03990767100447,26.11705605317239,600.2229457021987,1.6221294442367546,1219.8490306676476,1.6221589144089916,276.51432330288986,134.43652741318013,1.5719794492719603,922.8504122580262,923.0913886992555,1.5713234871845658,273.36168296328907,922.7995923377916,1.521327097173799,197.95712093183272,1.5211995621217644,273.76749575728024,1.5208170194029034,114.25777709581328,252.34929136385372,114.39298984406862,1.4202087232908465,224.11906971021935,1.4195069002629646,252.1675812968214,224.1551798683043,263.3762793009662,1.419418800992514,1.4114440661294458,249.63918972932436,1.3614516410112876,42.70279796573303,164.15503276562188,42.5577001271318,1.2612940269604414,223.3411970488485,163.98120589200377,223.29953277385255,284.41546142242356,1.2610310836076055,1.2516200692864057,162.0826624431732,1.2009466467763887,130.79746438099878,0.011167809558667656,0.0019251427834568557
123.3085781,190.0,25.50727261,599.9999588,1.622168383,1219.506406,1.622195,276.2319733,135.5788464,1.571980399,923.2876913,922.5406806,1.571315,273.1139313,922.5406806,1.521297889,194.8069316,1.521193381,273.1139313,1.520795,114.03430845,251.8649639,114.03430845,1.420144396,224.015002,1.419502168,251.8649639,224.015002,262.78872425,1.419362601,1.411445,249.9828693,1.361375003,42.81121074,163.76766325,42.81121074,1.2612196414999999,224.9999981,163.76766325,224.9999981,282.63650285,1.2609732775,1.251615002,161.96441445,1.200914584,160.19201114999998,0.011472847500000003,0.0018382345000000004,122.97787707495837,195.0430951558505,26.117459997635056,600.2227934324532,1.6221294675973967,1219.8488677788237,1.6221589428717995,276.51416035765885,134.43751947215196,1.571979452455746,922.8497670330836,923.0919964990948,1.5713234949777686,273.36250012938154,922.8002519008222,1.5213272017368373,197.95803760662872,1.521199592390826,273.76775654015336,1.5208171362829166,114.25750347981035,252.3495003270807,114.39272120290443,1.4202087404843533,224.11875718693636,1.41950688070506,252.16756705884603,224.15471309102406,263.3762860578754,1.4194187641781066,1.4114440824267414,249.63878206211797,1.361451692916831,42.70370357803542,164.15530421835004,42.55866006381838,1.2612939747032925,223.3395568401159,163.98063649720132,223.2967429324131,284.41238398761527,1.261030946384194,1.2516200749495663,162.0827449653328,1.200946681011424,130.7768326534314,0.011167313749816617,0.0019248986916655965
123.3085781,190.0,25.50727261,599.9999588,1.622168383,1219.506406,1.622195,276.2319733,135.5788464,1.571980399,923.2876913,922.5406806,1.571315,273.1139313,922.5406806,1.521297889,194.8069316,1.521193381,273.1139313,1.520795,114.03420935,251.8650097,114.03420935,1.420144396,224.01488675000002,1.419502168,251.8650097,224.01488675000002,262.7885516,1.419362601,1.411445,249.98291765,1.361375003,42.811219715,163.76768644999999,42.811219715,1.261219645,224.9999981,163.76768644999999,224.9999981,282.63656215000003,1.260973281,1.251615002,161.96443555000002,1.200914588,160.1779162,0.01147289,0.0018382465000000001,122.97825946135545,195.04546430068854,26.11775929150697,600.222631248387,1.6221294921528857,1219.8487173990363,1.6221589728163006,276.51392050508815,134.43823357719424,1.5719794572286463,922.8487980793635,923.0923438132886,1.5713235047984713,273.3633343560358,922.8005466169612,1.5213273221823955,197.95851334924436,1.5211996419366307,273.76799155809647,1.520817283438931,114.25709203157496,252.3496209311075,114.39230770621052,1.4202087478933973,224.11840919527225,1.4195068460139972,252.16732082562467,224.15423025259008,263.37644400062953,1.4194187191397527,1.4114441035837642,249.63793660036123,1.361451759501873,42.70450455415155,164.15530775026286,42.5595196855779,1.2612938996204304,223.337748150728,163.97984383505278,223.29364090623002,284.4087470192054,1.2610307679170265,1.2516200813974339,162.0824546464099,1.2009467239071079,130.75549532642603,0.01116702059302912,0.0019244777372836755
123.3085781,190.0,25.50727261,599.9999588,1.622168383,1219.506406,1.622195,276.2319733,135.5788464,1.571980399,923.2876913,922.5406806,1.571315,273.1139313,922.5406806,1.521297889,194.8069316,1.521193381,273.1139313,1.520795,114.03411055000001,251.86505535,114.03411055000001,1.420144396,224.01477175000002,1.419502168,251.86505535,224.01477175000002,262.7883795,1.419362601,1.411445,249.9829659,1.361375003,42.81122866,163.76770965,42.81122866,1.261219649,224.9999981,163.76770965,224.9999981,282.63662125,1.260973285,1.251615002,161.96445655000002,1.200914591,160.16387735,0.011472929999999996,0.0018382575000000006,122.97864842307645,195.0468635610726,26.11794779892288,600.2224398940984,1.6221295207013855,1219.8485403731013,1.6221590072278738,276.5136501002866,134.4386046752597,1.5719794640073868,922.8473639980897,923.0923170968122,1.5713235169940578,273.36416788634057,922.8003095082262,1.5213274592454296,197.95860175669907,1.5211997090281049,273.7682015074589,1.520817460822114,114.256540702645,252.3496133933558,114.39175198772381,1.4202087454048635,224.1180059933922,1.4195068002479765,252.16683422187768,224.15372967996555,263.37674017848576,1.4194186691773427,1.4114441297987583,249.63666408877128,1.3614518402936633,42.70522373501882,164.15508397835777,42.560300290041035,1.2612938076635454,223.33573629349104,163.97887003623245,223.29016723154257,284.4044733401456,1.261030556902461,1.2516200891204503,162.0818270305877,1.2009467740483017,130.7334286324226,0.01116693267350514,0.0019238867280639694
123.3085781,190.0,25.50727261,599.9999588,1.622168383,1219.506406,1.622195,276.2319733,135.5788464,1.571980399,923.2876913,922.5406806,1.571315,273.1139313,922.5406806,1.521297889,194.8069316,1.521193381,273.1139313,1.520795,114.03401205,251.86510090000002,114.03401205,1.420144396,224.0146571,1.419502168,251.86510090000002,224.0146571,262.78820785,1.419362601,1.411445,249.983014,1.361375003,42.811237575,163.76773265,42.811237575,1.2612196525,224.9999981,163.76773265,224.9999981,282.63668015,1.260973288,1.251615002,161.96447745,1.2009145945,160.14989359999998,0.011472969,0.0018382685000000003,122.97906345126015,195.04715149551987,26.11802040666174,600.2222055053384,1.6221295555686794,1219.8483064459726,1.6221590484981203,276.51347170335265,134.43860763221642,1.5719794723863547,922.845404508731,923.091829521117,1.5713235310248816,273.36504911658346,922.7994019828917,1.5213276089895662,197.95848185408863,1.5211997881134474,273.7684368735768,1.5208176640619786,114.25587407456516,252.34952377786368,114.39110145470855,1.4202087370060617,224.1175475812962,1.4195067518113984,252.16617257478626,224.15321739608308,263.37720021139165,1.4194186206457449,1.4114441603696102,249.63504816759658,1.3614519308556237,42.70594353320872,164.15471237067322,42.561092932295416,1.2612937099511796,223.33358568747911,163.97780491223781,223.2863912827382,284.3995629504358,1.2610303260653148,1.2516200975185454,162.08095681950113,1.200946827099021,130.71076477847376,0.011167058570315682,0.0019231383503079524
123.3085781,190.0,25.50727261,599.9999588,1.622168383,1219.506406,1.622195,276.2319733,135.5788464,1.571980399,923.2876913,922.5406806,1.571315,273.1139313,922.5406806,1.521297889,194.8069316,1.521193381,273.1139313,1.520795,114.0339138,251.8651463,114.0339138,1.420144396,224.01454274999998,1.419502168,251.8651463,224.01454274999998,262.7880367,1.419362601,1.411445,249.9830619,1.361375003,42.811246464999996,163.76775575,42.811246464999996,1.261219656,224.9999981,163.76775575,224.9999981,282.63673889999995,1.260973292,1.251615002,161.9644983,1.200914598,160.1359644,0.011473005500000006,0.0018382795,122.97948959487236,195.04615635365826,26.117978137367757,600.2219169433083,1.622129598849917,1219.8479853626052,1.6221590987492434,276.51338355841085,134.4383008479591,1.5719794811098162,922.8429754265941,923.0908844257626,1.5713235459099644,273.36591781253605,922.7978582714442,1.5213277624209387,197.95819839768697,1.5211998703147225,273.7686774623155,1.5208178775566175,114.2551372135006,252.34936297249465,114.39040790399052,1.4202087180027119,224.11707143500962,1.419506701594449,252.16531075851148,224.15274593429967,263.3778882899853,1.4194185744859436,1.4114441932285262,249.63319986558022,1.3614520216842636,42.70670253138581,164.1542151278041,42.5619562579907,1.2612936151165541,223.33134588582615,163.976742815597,223.28245180859196,284.3941267920832,1.2610300826951824,1.2516201053439775,162.07995163994272,1.2009468791421611,130.68773104187215,0.011167348346466937,0.0019222765464457755
123.3085781,190.0,25.50727261,599.9999588,1.622168383,1219.506406,1.622195,276.2319733,135.5788464,1.571980399,923.2876913,922.5406806,1.571315,273.1139313,922.5406806,1.521297889,194.8069316,1.521193381,273.1139313,1.520795,114.03381580000001,251.8651916,114.03381580000001,1.420144396,224.0144287,1.419502168,251.8651916,224.0144287,262.787866,1.419362601,1.411445,249.9831098,1.361375003,42.81125532,163.76777865,42.81125532,1.2612196595,224.9999981,163.76777865,224.9999981,282.6367975,1.2609732955,1.251615002,161.96451915,1.200914601,160.12208885,0.011473040999999996,0.001838289500000001,122.97987738242838,195.0441206066013,26.11784076216231,600.2215802316493,1.6221296499893554,1219.8475747622908,1.6221591572967498,276.5133754813843,134.43779594760312,1.5719794885108673,922.8403439209458,923.089692203001,1.5713235603384228,273.3667335859296,922.7959730900226,1.52132790931245,197.9578392424022,1.5211999436133326,273.76892675542257,1.5208180842879886,114.25439157331296,252.34930769564903,114.38972488822012,1.4202086901480997,224.1165705277777,1.4195066538647831,252.16430321237098,224.15232700587325,263.3786887021956,1.419418536034481,1.4114442261094695,249.63137895205836,1.3614521041246188,42.70758468542815,164.15376783627343,42.56299552063498,1.2612935446119153,223.32924483294815,163.97586992857154,223.27870559166794,284.3886809865995,1.2610298500676096,1.2516201124625965,162.07901829443284,1.2009469241435715,130.66436158848532,0.011167736720730957,0.0019213794193097525
123.3085781,190.0,25.50727261,599.9999588,1.622168383,1219.506406,1.622195,276.2319733,135.5788464,1.571980399,923.2876913,922.5406806,1.571315,273.1139313,922.5406806,1.521297889,194.8069316,1.521193381,273.1139313,1.520795,114.03371805,251.86523675,114.03371805,1.420144396,224.014315,1.419502168,251.86523675,224.014315,262.7876957,1.4193626,1.411445,249.9831575,1.361375003,42.81126415,163.76780155,42.81126415,1.261219663,224.9999981,163.76780155,224.9999981,282.6368559,1.260973299,1.251615002,161.96453985,1.200914604,160.10826635,0.011473075,0.0018383005000000001,122.9801950331959,195.04152414509437,26.117643050948516,600.2211959036016,1.622129709606648,1219.847078688081,1.6221592243633058,276.5135224481498,134.43716685506584,1.5719794924614285,922.8377057174606,923.0884457123968,1.5713235726825763,273.3675075783555,922.7939326190773,1.5213280372321354,197.95757512513129,1.5211999947171038,273.7692094733037,1.520818267189217,114.25369334039,252.34951330876416,114.38908284169044,1.420208661671354,224.11601708718882,1.4195066132304215,252.1632998538703,224.15194153818376,263.3794114099492,1.4194185092615386,1.4114442556257742,249.62972616175648,1.3614521706005644,42.70857672289914,164.15348931971965,42.56419590448517,1.2612935111254822,223.32748074138075,163.97531365230242,223.2752814701144,284.3836451841859,1.261029647365739,1.2516201176064659,162.07828827159332,1.2009469521972806,130.64083764595836,0.011168158927232217,0.001920515213221094
123.3085781,190.0,25.50727261,599.9999588,1.622168383,1219.506406,1.622195,276.2319733,135.5788464,1.571980399,923.2876913,922.5406806,1.571315,273.1139313,922.5406806,1.521297889,194.8069316,1.521193381,273.1139313,1.520795,114.03362055,251.86528185,114.03362055,1.420144396,224.01420155,1.419502168,251.86528185,224.01420155,262.78752595000003,1.4193626,1.411445,249.98320504999998,1.361375003,42.81127296,163.7678244,42.81127296,1.261219667,224.9999981,163.7678244,224.9999981,282.63691415,1.2609733025,1.251615002,161.96456055,1.2009146065,160.0944963,0.011473107499999998,0.0018383104999999999,122.9804638387,195.03847810173122,26.117385685489182,600.2207595352453,1.6221297767375813,1219.8464963259382,1.6221592989840243,276.51389908340906,134.43646605632867,1.5719794956229887,922.835028071159,923.08714244928,1.5713235854877237,273.36822516647504,922.7917285097093,1.521328160492948,197.95747290401178,1.5212000364112523,273.76950542182465,1.5208184414471353,114.2530384178076,252.34988852129194,114.38848937297476,1.4202086396138949,224.11542215528613,1.4195065863415752,252.16231910862467,224.15157413929222,263.3800524717159,1.4194184967580459,1.411444283682784,249.62813952520284,1.361452236494664,42.70961104697048,164.15336545049146,42.56546357650181,1.2612935083131451,223.32609325363114,163.9750376585435,223.2720753823501,284.37903385553903,1.2610294831580406,1.2516201231614408,162.07777573938523,1.2009469768999417,130.61742362839647,0.011168565800601661,0.0019197160241562281
123.3085781,190.0,25.50727261,599.9999588,1.622168383,1219.506406,1.622195,276.2319733,135.5788464,1.571980399,923.2876913,922.5406806,1.571315,273.1139313,922.5406806,1.521297889,194.8069316,1.521193381,273.1139313,1.520795,114.03352335,251.86532675,114.03352335,1.420144396,224.01408845,1.419502168,251.86532675,224.01408845,262.78735665,1.4193626,1.411445,249.9832525,1.361375003,42.81128173,163.76784715,42.81128173,1.2612196705,224.9999981,163.76784715,224.9999981,282.63697219999995,1.260973306,1.251615002,161.9645812,1.200914609,160.0807781,0.011473139499999998,0.0018383194999999992,122.9807338183691,195.03448743132174,26.116977991331083,600.2203083941562,1.6221298454162578,1219.845885852381,1.6221593735415163,276.51443392303594,134.4356647210638,1.5719794990179154,922.8321904209787,923.0855962332056,1.5713236000931514,273.368747080396,922.7891052856054,1.5213282834921664,197.95704965332234,1.5212000778086454,273.76969622157696,1.5208186148260732,114.25241568534321,252.35017998102336,114.38800418010959,1.4202086274257346,224.1148700531267,1.419506577675355,252.16145310471006,224.15119870982383,263.38067635967155,1.4194184887274521,1.4114443113322928,249.62650021846747,1.3614523121710551,42.71067284189898,164.15326327729917,42.566769213860084,1.261293503146293,223.32488415716358,163.9748254914948,223.26873550112418,284.37465405803755,1.2610293518174596,1.2516201298300074,162.07737530806264,1.2009470087009382,130.59472709405262,0.01116895083508742,0.0019189915840231307
123.3085781,190.0,25.50727261,599.9999588,1.622168383,1219.506406,1.622195,276.2319733,135.5788464,1.571980399,923.2876913,922.5406806,1.571315,273.1139313,922.5406806,1.521297889,194.8069316,1.521193381,273.1139313,1.520795,114.03342645000001,251.86537155,114.03342645000001,1.420144396,224.01397565000002,1.419502168,251.86537155,224.01397565000002,262.78718779999997,1.4193626,1.411445,249.98329984999998,1.361375003,42.811290475,163.76786985,42.811290475,1.261219674,224.9999981,163.76786985,224.9999981,282.6370302,1.2609733095,1.251615002,161.96460174999999,1.2009146115,160.06711124999998,0.011473169499999998,0.0018383294999999998,122.98099017772437,195.0307947983226,26.116634382876764,600.2198727960359,1.62212991235546,1219.845278200819,1.6221594465925744,276.5151784141778,134.434982403306,1.571979499673564,922.8294614245951,923.0842562349337,1.5713236114475877,273.369203189293,922.7865204664374,1.5213283816897398,197.95687891642544,1.5212000931533782,273.76978396160905,1.5208187585638293,114.25191059312819,252.35045804030736,114.38765213727676,1.4202086225052244,224.11437249196848,1.419506583252107,252.1608919609743,224.1508463682639,263.38113385873646,1.4194184863427655,1.4114443317348877,249.62505031370554,1.361452366937343,42.71180902420474,164.15327715267097,42.568128558286986,1.2612935081169354,223.32381380947103,163.97481161612302,223.2654055305251,284.37070838143376,1.2610292523208946,1.2516201306493338,162.07718366774623,1.2009470267920712,130.57328726944465,0.01116923077389826,0.0019183816940444498
123.3085781,190.0,25.50727261,599.9999588,1.622168383,1219.506406,1.622195,276.2319733,135.5788464,1.571980399,923.2876913,922.5406806,1.571315,273.1139313,922.5406806,1.521297889,194.8069316,1.521193381,273.1139313,1.520795,114.03332975000001,251.86541625,114.03332975000001,1.420144396,224.0138632,1.419502168,251.86541625,224.0138632,262.78701939999996,1.4193626,1.411445,249.98334705000002,1.361375003,42.811299195000004,163.76789250000002,42.811299195000004,1.2612196775,224.9999982,163.76789250000002,224.9999982,282.6370879,1.260973313,1.251615002,161.9646223,1.200914614,160.05349515,0.011473199000000003,0.0018383385000000003,122.98123941381203,195.0280215349621,26.116432581086134,600.2195044651988,1.6221299662347097,1219.844746336111,1.6221595066465149,276.5160156155373,134.43464383176422,1.5719795058966703,922.827082204132,923.0831675385185,1.5713236263654426,273.3696429339776,922.7842988243813,1.5213284878597153,197.95707562301217,1.5212001206650865,273.7698278316251,1.5208188966614595,114.25150733874099,252.35059623242137,114.3874036880955,1.4202086265208131,224.11391441447984,1.419506603150377,252.16049581024743,224.15053150272934,263.3814567826918,1.4194184925300608,1.4114443525367237,249.62386670938227,1.3614524305283007,42.713012186016165,164.1534686328017,42.569496853892,1.2612935277378925,223.32278310428558,163.97500486221017,223.2621697108804,284.36727400277624,1.2610291911906144,1.2516201344920896,162.07727613233467,1.2009470665178443,130.55396869956823,0.011169452960811191,0.0019178998855924655
123.3085781,190.0,25.50727261,599.9999588,1.622168383,1219.506406,1.622195,276.2319733,135.5788464,1.571980399,923.2876913,922.5406806,1.571315,273.1139313,922.5406806,1.521297889,194.8069316,1.521193381,273.1139313,1.520795,114.03323335,251.8654608,114.03323335,1.420144396,224.013751,1.419502168,251.8654608,224.013751,262.78685145,1.4193626,1.411445,249.98339405000002,1.361375003,42.81130789,163.76791505,42.81130789,1.261219681,224.9999982,163.76791505,224.9999982,282.6371455,1.2609733164999999,1.251615002,161.96464275,1.200914616,160.03992935,0.0114732275,0.0018383475000000003,122.9814318203144,195.0274456660676,26.11646291953101,600.2192956917255,1.6221299950166215,1219.8444390913742,1.62215954004097,276.5166213925277,134.43483307699282,1.5719795143589834,922.8257329621239,923.0827559378032,1.5713236390941219,273.3700151327645,922.7831399971832,1.5213285736502375,197.95778896066236,1.5212001441953251,273.76996257524576,1.5208189921529431,114.25135194826234,252.350882666985,114.38735628083123,1.420208645778672,224.11355973066836,1.4195066311650462,252.16048240979998,224.15030865422136,263.3814635396011,1.4194185099447192,1.411444368897347,249.62337055627063,1.3614524788457916,42.714271832848496,164.1539976628862,42.57085280304445,1.2612935672414192,223.3216632034591,163.97547359749726,223.2594294225749,284.3647223366107,1.2610291814711556,1.2516201397398172,162.07778245052472,1.2009471084965184,130.53737448625876,0.011169652776704293,0.001917593497069427
123.3085781,190.0,25.50727261,599.9999588,1.622168383,1219.506406,1.622195,276.2319733,135.5788464,1.571980399,923.2876913,922.5406806,1.571315,273.1139313,922.5406806,1.521297889,194.8069316,1.521193381,273.1139313,1.520795,114.0331372,251.86550525,114.0331372,1.420144396,224.01363909999998,1.419502168,251.86550525,224.01363909999998,262.78668395,1.4193626,1.411445,249.98344105,1.361375003,42.811316555000005,163.76793759999998,42.811316555000005,1.2612196844999999,224.9999982,163.76793759999998,224.9999982,282.63720294999996,1.26097332,1.251615002,161.96466314999998,1.2009146185000001,160.02641345,0.011473255499999998,0.0018383564999999997,122.98150133088156,195.02877925719176,26.11660745324592,600.2192327101149,1.6221300041085713,1219.8443440118408,1.6221595518367888,276.51675009818973,134.43533871658798,1.5719795168260005,922.8254717464897,923.0830798750801,1.5713236433807112,273.3701815602857,922.7831809067889,1.521328607844369,197.95867303520942,1.5212001347362434,273.77014188523196,1.5208190200361633,114.25145115235323,252.35147982442322,114.38750552592245,1.420208674311975,224.11334123205617,1.4195066584728036,252.16075628144418,224.15019087242734,263.38114202333514,1.4194185346036692,1.411444375048413,249.62358376516616,1.361452484239992,42.71554876471455,164.1548702976322,42.5721843679531,1.261293622964937,223.3205036601255,163.97615576123044,223.25751171629238,284.36318361920655,1.2610292097343185,1.2516201412010455,162.07859400128098,1.2009471209950233,130.52253461597306,0.011169930391436725,0.0019174289485579211
123.3085781,190.0,25.50727261,599.9999588,1.622168383,1219.506406,1.622195,276.2319733,135.5788464,1.571980399,923.2876913,922.5406806,1.571315,273.1139313,922.5406806,1.521297889,194.8069316,1.521193381,273.1139313,1.520795,114.03304130000001,251.8655496,114.03304130000001,1.420144396,224.01352755,1.419502168,251.8655496,224.01352755,262.78651694999996,1.4193626,1.411445,249.98348785000002,1.361375003,42.81132519,163.76796000000002,42.81132519,1.261219688,224.9999982,163.76796000000002,224.9999982,282.6372602,1.260973323,1.251615002,161.9646835,1.2009146204999999,160.012947,0.011473282000000001,0.0018383655000000006,122.98154688848301,195.03036037091096,26.11676937191239,600.2191985234832,1.6221300082544114,1219.844300325183,1.6221595589483675,276.5168254252416,134.4359744622778,1.5719795205098572,922.8253333245297,923.0835073387033,1.571323648493157,273.37030342144135,922.7833420405419,1.521328644343023,197.95947257012793,1.5212001261674282,273.77026757630966,1.5208190487495319,114.2515541607308,252.35205143725852,114.38765125936446,1.4202087049944667,224.1131334408798,1.419506680963085,252.16103266567222,224.15008312885442,263.3807850332956,1.419418560306725,1.411444381835511,249.62378412253736,1.3614524954768996,42.71678557060946,164.15572930928585,42.573477658858806,1.2612936699244273,223.31927969771777,163.97678847818418,223.25543543998134,284.3616111368437,1.2610292350560666,1.2516201439475196,162.07935062011774,1.2009471393125783,130.50721345259703,0.011170280346736207,0.0019172219142315568
123.3085781,190.0,25.50727261,599.9999588,1.622168383,1219.506406,1.622195,276.2319733,135.5788464,1.571980399,923.2876913,922.5406806,1.571315,273.1139313,922.5406806,1.521297889,194.8069316,1.521193381,273.1139313,1.520795,114.0329457,251.8655938,114.0329457,1.420144396,224.01341625,1.419502168,251.8655938,224.01341625,262.7863504,1.4193626,1.411445,249.98353450000002,1.361375003,42.8113338,163.7679824,42.8113338,1.2612196915,224.9999982,163.7679824,224.9999982,282.63731729999995,1.260973327,1.251615002,161.9647038,1.200914623,159.99952955,0.0114733085,0.0018383745,122.98158140893361,195.0320172568531,26.116932313223067,600.2191819930323,1.6221300095548492,1219.8442912622365,1.6221595634126904,276.5168861785282,134.4366693471016,1.5719795245548762,922.8252551831007,923.0839798863805,1.571323653909291,273.37041065925837,922.7835399094511,1.5213286814271503,197.96020303672248,1.5212001171287501,273.77036645793316,1.5208190774629007,114.2516565838335,252.3526125809943,114.38778879895833,1.4202087362142553,224.11292431127396,1.4195066998140773,252.161315750124,224.14998140821416,263.38040833560393,1.4194185859066597,1.4114443887465113,249.62395603801045,1.3614525096533436,42.71796527416083,164.15655401092926,42.5747178600185,1.261293708708519,223.3179863609226,163.97736872100455,223.25321545958195,284.3599663009979,1.2610292548786468,1.2516201472204977,162.08004857862417,1.200947160584943,130.4916367879508,0.011170690940240013,0.0019169701189568906
123.3085781,190.0,25.50727261,599.9999588,1.622168383,1219.506406,1.622195,276.2319733,135.5788464,1.571980399,923.2876913,922.5406806,1.571315,273.1139313,922.5406806,1.521297889,194.8069316,1.521193381,273.1139313,1.520795,114.03285035,251.8656378,114.03285035,1.420144396,224.01330535,1.419502168,251.8656378,224.01330535,262.7861843,1.4193626,1.411445,249.98358105,1.361375003,42.81134238,163.76800475,42.81134238,1.261219695,224.9999982,163.76800475,224.9999982,282.63737425,1.26097333,1.251615002,161.96472405,1.200914625,159.9861608,0.011473334000000002,0.0018383829999999999,122.98160630123131,195.0337297090921,26.11709252748252,600.2191809068019,1.6221300084461427,1219.844313566853,1.6221595656998313,276.5169369233254,134.43739823692738,1.5719795286443459,922.8252179728963,923.0844783156442,1.5713236594980244,273.37050884453237,922.7837586506081,1.5213287185112776,197.96086885536573,1.521200107100887,273.77043400383087,1.5208191057123628,114.25175286155003,252.35316074304663,114.38791521832972,1.42020876729265,224.11271685470496,1.4195067147901437,252.1616046972715,224.14988102600336,263.3800240363894,1.419418610462488,1.4114443956217178,249.62409024163344,1.3614525256965446,42.71908571473946,164.1573310317496,42.57590157615773,1.261293737943745,223.31662860505332,163.97788009152498,223.2508914176013,284.3582346409725,1.2610292670279704,1.2516201506074311,162.0806742059606,1.2009471833064098,130.47593534361448,0.011171158795846963,0.0019166724858555955
123.3085781,190.0,25.50727261,599.9999588,1.622168383,1219.506406,1.622195,276.2319733,135.5788464,1.571980399,923.2876913,922.5406806,1.571315,273.1139313,922.5406806,1.521297889,194.8069316,1.521193381,273.1139313,1.520795,114.03275525000001,251.8656818,114.03275525000001,1.420144396,224.01319465,1.419502167,251.8656818,224.01319465,262.78601860000003,1.4193626,1.411445,249.9836275,1.361375003,42.811350935,163.76802700000002,42.811350935,1.2612196985,224.9999982,163.76802700000002,224.9999982,282.63743105000003,1.2609733335,1.251615002,161.96474419999998,1.2009146265,159.9728403,0.011473359,0.0018383915000000004,122.98162602720306,195.03543205836803,26.117247287639525,600.2191932700782,1.6221300052923031,1219.844364064288,1.6221595661121764,276.51696817790634,134.43814782545005,1.5719795327338157,922.8252097866514,923.0849834240271,1.5713236652025528,273.3705986736128,922.783987410444,1.5213287558569994,197.96144239872814,1.5212000967515387,273.77047648114797,1.5208191342059862,114.25184065278091,252.35368545431595,114.38802612791712,1.4202087974378446,224.1125114057802,1.4195067254985547,252.1618835940835,224.14978365525886,263.3796422710158,1.4194186333941514,1.4114444025354718,249.6241835731954,1.3614525436065026,42.720152448249024,164.15805583071614,42.5770352891641,1.2612937580879273,223.31518660885638,163.97832914901204,223.24845835872605,284.356401686071,1.2610292713122055,1.2516201541299576,162.081225762202,1.2009472073637677,130.46013288714806,0.011171680017352479,0.0019163319213277403
123.3085781,190.0,25.50727261,599.9999588,1.622168383,1219.506406,1.622195,276.2319733,135.5788464,1.571980399,923.2876913,922.5406806,1.571315,273.1139313,922.5406806,1.521297889,194.8069316,1.521193381,273.1139313,1.520795,114.03266035,251.86572565,114.03266035,1.420144396,224.0130843,1.419502167,251.86572565,224.0130843,262.78585335,1.4193626,1.411445,249.98367380000002,1.361375003,42.811359464999995,163.7680492,42.811359464999995,1.261219702,224.9999982,163.7680492,224.9999982,282.63748765,1.260973337,1.251615002,161.96476435,1.2009146285,159.9595678,0.0114733835,0.0018383994999999998,122.98164129134788,195.03711925319936,26.117395911931272,600.2192163179113,1.62213000061295,1219.8444373004925,1.622159565139042,276.51698942399787,134.4388974139727,1.57197953651213,922.8252164844881,923.0854868626302,1.5713236707038942,273.37068223554814,922.7842145005001,1.5213287919445764,197.96192256171653,1.521200084646387,273.7705025942528,1.5208191624798646,114.25191937225128,252.35419383379,114.38812240563283,1.420208826480166,224.11230629146277,1.4195067325938588,252.16215662819968,224.14968594990702,263.37926726255154,1.4194186544825163,1.4114444091408462,249.6242375074615,1.3614525616255568,42.721183685707196,164.15873875128779,42.57813721005512,1.2612937705799367,223.31367523827197,163.9787280028812,223.24594105952318,284.3545012012521,1.2610292683707904,1.2516201573279269,162.081716918188,1.2009472313192353,130.44425467158413,0.011172243942394574,0.0019159568032907817
123.3085781,190.0,25.50727261,599.9999588,1.622168383,1219.506406,1.622195,276.2319733,135.5788464,1.571980399,923.2876913,922.5406806,1.571315,273.1139313,922.5406806,1.521297889,194.8069316,1.521193381,273.1139313,1.520795,114.0325658,251.86576935,114.0325658,1.420144396,224.01297419999997,1.419502167,251.86576935,224.01297419999997,262.78568859999996,1.4193626,1.411445,249.98371989999998,1.361375003,42.811367965,163.7680713,42.811367965,1.2612197055,224.9999982,163.7680713,224.9999982,282.6375441,1.2609733405,1.251615002,161.96478439999998,1.20091463,159.94634295,0.011473407500000005,0.0018384085000000003,122.98165444199573,195.03874583025234,26.11753669595075,600.2192461596215,1.6221299950471875,1219.844525379307,1.6221595633329704,276.51699469162384,134.43963221771187,1.571979540040409,922.8252202055086,923.0859685940961,1.5713236759780156,273.37076022668776,922.7844299020975,1.5213288268113794,197.962328130915,1.52120007157678,273.7705179139409,1.5208191908514075,114.251984923037,252.35467708742513,114.38819995455277,1.4202088539954327,224.11209950410853,1.419506736416421,252.1624179369244,224.14958724073307,263.37890520482995,1.419418673353767,1.411444415570004,249.62425267647382,1.3614525796627939,42.7221985641156,164.1593853436133,42.57922493252569,1.2612937779704971,223.31210935924025,163.9790943126965,223.24337420718638,284.35253318651576,1.2610292601220392,1.251620160119118,162.0821620904405,1.2009472545275097,130.42834971751515,0.011172841468559624,0.0019155564500428453
123.3085781,190.0,25.50727261,599.9999588,1.622168383,1219.506406,1.622195,276.2319733,135.5788464,1.571980399,923.2876913,922.5406806,1.571315,273.1139313,922.5406806,1.521297889,194.8069316,1.521193381,273.1139313,1.520795,114.03247145,251.86581295,114.03247145,1.420144396,224.01286449999998,1.419502167,251.86581295,224.01286449999998,262.7855243,1.4193626,1.411445,249.983766,1.361375003,42.811376440000004,163.7680934,42.811376440000004,1.261219709,224.9999982,163.7680934,224.9999982,282.6376004,1.260973344,1.251615002,161.9648044,1.200914632,159.93316529999998,0.011473430999999997,0.0018384165,122.98166602709026,195.0402865321193,26.117669298816555,600.2192781342931,1.6221299893147019,1219.8446194005924,1.6221595613839526,276.5169876681225,134.44033005949237,1.5719795432019692,922.8252001119982,923.0864110857373,1.5713236809418947,273.3708295134591,922.7846110732083,1.521328860258098,197.96265081812467,1.5212000573325155,273.7705280110081,1.5208192198577697,114.25203701250067,252.35513898409718,114.38826228632617,1.4202088794463474,224.11189271675426,1.4195067378826096,252.16265328228224,224.14948819695172,263.37855975784373,1.4194186903043784,1.4114444217458502,249.62423434725056,1.3614525968878701,42.72321498583059,164.16000141012086,42.58031574160941,1.2612937818292853,223.31049392707462,163.97944094471183,223.2407776229692,284.3505072889931,1.2610292479727157,1.251620162489106,162.08257494979918,1.2009472768414164,130.4124269377762,0.011173462450778724,0.0019151391791736442
123.3085781,190.0,25.50727261,599.9999588,1.622168383,1219.506406,1.622195,276.2319733,135.5788464,1.571980399,923.2876913,922.5406806,1.571315,273.1139313,922.5406806,1.521297889,194.8069316,1.521193381,273.1139313,1.520795,114.0323774,251.86585645,114.0323774,1.420144396,224.01275500000003,1.419502167,251.86585645,224.01275500000003,262.7853604,1.4193626,1.411445,249.9838119,1.361375003,42.811384884999995,163.7681154,42.811384884999995,1.2612197125,224.9999982,163.7681154,224.9999982,282.6376566,1.260973347,1.251615002,161.9648244,1.200914634,159.9200348,0.011473454000000003,0.0018384245,122.98168050845841,195.04170599842948,26.1177954249357,600.2193069885211,1.6221299842713375,1219.8447097315761,1.6221595600397074,276.516979591096,134.4409717190956,1.5719795460412616,922.825136854651,923.0868034839851,1.5713236855387265,273.3708974075316,922.7847421509246,1.5213288916868026,197.9629033319172,1.5212000422845384,273.7705405452984,1.5208192491571255,114.252076811192,252.35558036133412,114.38831057150273,1.4202089029177465,224.1116859294,1.4195067381967927,252.162867689441,224.14938848395568,263.3782337369716,1.4194187056823853,1.4114444276078104,249.62419242178595,1.3614526124522601,42.72424730360337,164.1605922486797,42.58142414438802,1.2612937843800098,223.308853718342,163.97978959496302,223.23818103875203,284.34844280294607,1.2610292337771902,1.2516201643022982,162.08297413831818,1.2009472978533957,130.39653089654223,0.011174095961077664,0.001914713450768913
123.3085781,190.0,25.50727261,599.9999588,1.622168383,1219.506406,1.622195,276.2319733,135.5788464,1.571980399,923.2876913,922.5406806,1.571315,273.1139313,922.5406806,1.521297889,194.8069316,1.521193381,273.1139313,1.520795,114.03228354999999,251.86589980000002,114.03228354999999,1.420144396,224.01264585,1.419502167,251.86589980000002,224.01264585,262.78519700000004,1.4193626,1.411445,249.9838577,1.361375003,42.81139331,163.7681374,42.81139331,1.261219716,224.9999982,163.7681374,224.9999982,282.6377126,1.2609733505,1.251615002,161.9648443,1.200914635,159.906951,0.011473476499999998,0.0018384325000000003,122.98169459843824,195.04301938362755,26.11791575607099,600.2193289106245,1.6221299805478617,1219.8447883404256,1.622159559905008,276.5169725675946,134.44156384967414,1.5719795483415882,922.8250363870993,923.0871516330689,1.5713236895828022,273.3709646052546,922.7848264748058,1.521328920337623,197.9631022486903,1.5212000251221782,273.7705624803064,1.520819278016991,114.2521107571346,252.35601085070752,114.38835475975523,1.4202089242682359,224.1114831573342,1.419506738065883,252.16305362064895,224.1492907786038,263.37792854990306,1.419418719938945,1.4114444329383669,249.62413996228497,1.3614526251680272,42.725311722153066,164.161175014295,42.58256619124987,1.2612937883042012,223.30720359898262,163.9801586798527,223.23560427578843,284.3463783168991,1.261029219581665,1.2516201653956949,162.08337879517308,1.2009473162162354,130.38071804176832,0.011174728466105158,0.001914291543682159
123.3085781,190.0,25.50727261,599.9999588,1.622168383,1219.506406,1.622195,276.2319733,135.5788464,1.571980399,923.2876913,922.5406806,1.571315,273.1139313,922.5406806,1.521297889,194.8069316,1.521193381,273.1139313,1.520795,114.03219,251.86594305,114.03219,1.420144396,224.01253695,1.419502167,251.86594305,224.01253695,262.78503405000004,1.4193626,1.411445,249.98390335,1.361375003,42.8114017,163.76815929999998,42.8114017,1.2612197195000001,224.9999982,163.76815929999998,224.9999982,282.6377684,1.260973354,1.251615002,161.9648642,1.200914637,159.89391365,0.011473499000000003,0.0018384405000000002,122.98171103674805,195.04421153326885,26.118031996629444,600.2193409184074,1.6221299786166559,1219.8448490947278,1.622159561425187,276.5169764305204,134.4421101474239,1.5719795499584845,922.8248987093434,923.0874680563368,1.5713236929758059,273.3710311066281,922.7848698890812,1.5213289454880607,197.96327574832014,1.5212000056846926,273.77059903865313,1.520819305118895,114.2521447030772,252.35644343390084,114.38840158174463,1.4202089439785555,224.11128707741577,1.419506738877523,252.1632261514095,224.1491984269699,263.3776441966381,1.4194187338603594,1.4114444375640565,249.62409382320578,1.3614526343381683,42.72640947612493,164.16175626623334,42.58374435148545,1.2612937963487936,223.30559312213038,163.98056384070904,223.2331216637793,284.3443620665075,1.2610292078160044,1.2516201657274644,162.08380781097867,1.2009473313185954,130.36505076329954,0.011175347731019216,0.0019138849808208412
123.3085781,190.0,25.50727261,599.9999588,1.622168383,1219.506406,1.622195,276.2319733,135.5788464,1.571980399,923.2876913,922.5406806,1.571315,273.1139313,922.5406806,1.521297889,194.8069316,1.521193381,273.1139313,1.520795,114.03209670000001,251.86598615,114.03209670000001,1.420144396,224.0124284,1.419502167,251.86598615,224.0124284,262.7848715,1.4193626,1.411445,249.9839489,1.361375003,42.811410065000004,163.76818115,42.811410065000004,1.261219723,224.9999982,163.76818115,224.9999982,282.6378241,1.2609733575,1.251615002,161.96488399999998,1.200914639,159.8809225,0.011473520500000004,0.0018384484999999994,122.98172770989085,195.04532791068718,26.11814721454369,600.2193413331498,1.6221299786583367,1219.8448879242976,1.622159564792672,276.51699609632414,134.44261652625823,1.5719795510530845,922.8247357286485,923.0877686166968,1.5713236958029446,273.3710934299048,922.7848915962188,1.5213289674744515,197.9634707972671,1.5211999842441073,273.77065161303744,1.5208193304140054,114.25218391649368,252.35687811091407,114.38845601230732,1.4202089628970687,224.11109702042995,1.419506741233897,252.16339030689042,224.14910942140963,263.37737194950216,1.4194187479880171,1.4114444415812475,249.62406664539202,1.3614526402960325,42.72753840488975,164.1623488707486,42.584953995175056,1.261293810279673,223.304056974979,163.98101643010895,223.23073815803798,284.34242781672987,1.261029200654298,1.2516201653480932,162.08427261952818,1.2009473435340725,130.3496285877934,0.011175938394388787,0.0019135050272090699
123.3085781,190.0,25.50727261,599.9999588,1.622168383,1219.506406,1.622195,276.2319733,135.5788464,1.571980399,923.2876913,922.5406806,1.571315,273.1139313,922.5406806,1.521297889,194.8069316,1.521193381,273.1139313,1.520795,114.03200365000001,251.86602915,114.03200365000001,1.420144396,224.0123201,1.419502167,251.86602915,224.0123201,262.7847094,1.4193626,1.411445,249.98399435,1.361375003,42.811418405,163.7682029,42.811418405,1.261219726,224.9999982,163.7682029,224.9999982,282.63787965,1.260973361,1.251615002,161.9649037,1.20091464,159.8679773,0.011473542,0.0018384560000000005,122.98174743586262,195.0464089277348,26.11826515950916,600.2193309250881,1.6221299804978448,1219.8449055889027,1.6221595697930435,276.51703648145684,134.44310959878743,1.5719795515642683,922.8245630733006,923.0880708468367,1.5713236980161531,273.37115610135635,922.7849041195675,1.5213289859978296,197.96373215180506,1.5211999607015039,273.7707233370319,1.5208193528768448,114.25223483540759,252.35732535084676,114.38852741584115,1.420208982211485,224.11091767087999,1.4195067458419175,252.16356283765097,224.14902744260414,263.3771042069725,1.4194187634562554,1.4114444448329972,249.62407149104874,1.3614526429628282,42.728686316325536,164.16295736887153,42.58618061523694,1.2612938306854682,223.30262488940886,163.98152149364216,223.22847853513144,284.340618979656,1.2610291997590846,1.2516201643311478,162.08477968340037,1.2009473525456758,130.33456589663254,0.011176490819144604,0.0019131600098511933
123.3085781,190.0,25.50727261,599.9999588,1.622168383,1219.506406,1.622195,276.2319733,135.5788464,1.571980399,923.2876913,922.5406806,1.571315,273.1139313,922.5406806,1.521297889,194.8069316,1.521193381,273.1139313,1.520795,114.03191085,251.86607205,114.03191085,1.420144396,224.01221214999998,1.419502167,251.86607205,224.01221214999998,262.78454775,1.4193626,1.411445,249.98403965,1.361375003,42.811426725000004,163.76822464999998,42.811426725000004,1.26121973,224.9999982,163.76822464999998,224.9999982,282.63793505,1.260973364,1.251615002,161.9649234,1.200914642,159.85507785,0.011473562999999999,0.0018384634999999993,122.98177389371362,195.04747984181938,26.11838855857708,600.219312083929,1.6221299836683567,1219.8449048562693,1.622159575909496,276.51710074649407,134.44359084348986,1.5719795517976347,922.8243896737486,923.0883847654349,1.5713236997596283,273.3712187728078,922.7849233220355,1.5213290020921166,197.96406312721365,1.5211999364170115,273.77081177341347,1.5208193727515744,114.25230155674306,252.35777175325148,114.38861754817076,1.420209002006641,224.11074902876584,1.4195067533823145,252.16375965672245,224.14894747144288,263.37683083368506,1.4194187804713176,1.4114444475147958,249.6241205796581,1.361452643096168,42.72983746870514,164.1635855447945,42.58740569199225,1.261293857435373,223.30129686541994,163.98206868784973,223.22635766099987,284.3389596731136,1.2610292052582521,1.2516201628482824,162.08532701410948,1.2009473594402313,130.32000826612204,0.01117699849085195,0.001912855917740029
123.3085781,190.0,25.50727261,599.9999588,1.622168383,1219.506406,1.622195,276.2319733,135.5788464,1.571980399,923.2876913,922.5406806,1.571315,273.1139313,922.5406806,1.521297889,194.8069316,1.521193381,273.1139313,1.520795,114.0318183,251.86611485,114.0318183,1.420144396,224.01210444999998,1.419502167,251.86611485,224.01210444999998,262.78438655,1.4193626,1.411445,249.98408485,1.361375003,42.81143501,163.7682463,42.81143501,1.261219733,224.9999982,163.7682463,224.9999982,282.63799025000003,1.2609733675,1.251615002,161.96494305,1.200914643,159.8422238,0.011473583999999997,0.0018384715000000003,122.98180489166926,195.0485760133116,26.118520138798672,600.2192885423548,1.6221299875168744,1219.8448907734276,1.6221595824905237,276.5171774782462,134.44408687297576,1.5719795519032054,922.8242371119109,923.0887254005096,1.571323701101099,273.37127622163837,922.7849759201,1.5213290152839511,197.9644968762883,1.5211999116502917,273.7709137886095,1.520819389208046,114.25238964061138,252.35822234329603,114.38873518841913,1.4202090231026212,224.11059678241278,1.4195067639859977,252.16399165196844,224.14887519625108,263.37654788810954,1.4194187990203135,1.41144444962389,249.6242250772986,1.3614526405384684,42.730985534471586,164.1642379395482,42.58862027426289,1.2612938899407584,223.30009272426577,163.98264918294961,223.22437058032986,284.3374547206681,1.2610292180470137,1.2516201609543114,162.08591809150562,1.2009473645120885,130.306053737447,0.011177465048466827,0.0019125938732149502
123.3085781,190.0,25.50727261,599.9999588,1.622168383,1219.506406,1.622195,276.2319733,135.5788464,1.571980399,923.2876913,922.5406806,1.571315,273.1139313,922.5406806,1.521297889,194.8069316,1.521193381,273.1139313,1.520795,114.03172599999999,251.86615749999999,114.03172599999999,1.420144396,224.01199705,1.419502167,251.86615749999999,224.01199705,262.78422575,1.419362599,1.411445,249.98412985,1.361375003,42.81144327,163.7682679,42.81144327,1.2612197365,224.9999982,163.7682679,224.9999982,282.63804534999997,1.260973371,1.251615002,161.9649626,1.200914645,159.82941499999998,0.011473605,0.0018384789999999994,122.98183964695284,195.04974290554526,26.118661263699554,600.2192641317964,1.622129991504328,1219.8448682245998,1.6221595889423501,276.517255439111,134.44460434039772,1.571979551897649,922.8241269697062,923.0891044405192,1.571323701935695,273.3713301887216,922.7850827860087,1.5213290254985914,197.96501461244492,1.5211998862158718,273.77102764174634,1.5208194013184464,114.25250318393665,252.3586762834524,114.38888004394884,1.4202090456125414,224.11046093182085,1.4195067776006034,252.16426217350076,224.14881229006565,263.3762480502608,1.4194188197090822,1.411444451127239,249.62440520932003,1.3614526347987965,42.732121871108006,164.16491707592755,42.58981479354811,1.261293928332431,223.29899760000626,163.98326398805975,223.2225321590616,284.3361137694507,1.261029237485931,1.2516201586824118,162.08655067854227,1.2009473673423658,130.2927186508049,0.011177897256490855,0.0019123731640570817
123.3085781,190.0,25.50727261,599.9999588,1.622168383,1219.506406,1.622195,276.2319733,135.5788464,1.571980399,923.2876913,922.5406806,1.571315,273.1139313,922.5406806,1.521297889,194.8069316,1.521193381,273.1139313,1.520795,114.031634,251.86620005,114.031634,1.420144396,224.01188995,1.419502167,251.86620005,224.01188995,262.78406540000003,1.419362599,1.411445,249.98417475,1.361375003,42.81145151,163.76828945,42.81145151,1.26121974,224.9999982,163.76828945,224.9999982,282.63810025,1.260973374,1.251615002,161.96498215000003,1.200914646,159.81665125,0.011473625000000001,0.0018384865000000002,122.98187761162072,195.05103103333565,26.118821477959006,600.2192429601794,1.6221299949304815,1219.8448446989275,1.6221595945474945,276.5173221623738,134.44516024825674,1.5719795520087758,922.8240785964406,923.0895385832615,1.571323702486266,273.37137579961126,922.785279820028,1.5213290328606066,197.9656395426404,1.5211998606454389,273.7711589036197,1.5208194087165336,114.25264423518094,252.359149067988,114.38905504113423,1.4202090699323042,224.11033545405735,1.4195067938857664,252.16457792154313,224.1487560760276,263.3759178063204,1.4194188426794163,1.4114444521294718,249.62467951562633,1.3614526265620341,42.73324123137202,164.1656295131992,42.59098307662164,1.2612939728720032,223.29800158201456,163.98390755303143,223.22085726313526,284.3349754079856,1.2610292644702181,1.2516201563326184,162.0872280065088,1.2009473688593946,130.27995992749317,0.011178301360073603,0.0019121911453284853
123.3085781,190.0,25.50727261,599.9999588,1.622168383,1219.506406,1.622195,276.2319733,135.5788464,1.571980399,923.2876913,922.5406806,1.571315,273.1139313,922.5406806,1.521297889,194.8069316,1.521193381,273.1139313,1.520795,114.03154215,251.8662425,114.03154215,1.420144396,224.01178314999999,1.419502167,251.8662425,224.01178314999999,262.78390555,1.419362599,1.411445,249.98421960000002,1.361375003,42.81145972,163.76831095,42.81145972,1.261219743,224.9999982,163.76831095,224.9999982,282.63815505,1.2609733775,1.251615002,161.96500164999998,1.200914648,159.80393225,0.011473646000000004,0.0018384939999999995,122.98191495006726,195.05243534520125,26.118992259541958,600.2192279899502,1.6221299975202421,1219.8448258132669,1.622159599044805,276.5173650057319,134.44574424720437,1.571979551947656,922.8241038993795,923.0900244891769,1.5713237025037445,273.3714088762107,922.7855686919376,1.5213290369464627,197.96633519879964,1.5211998333933916,273.7712999143856,1.520819410450079,114.25281542808116,252.35964614083454,114.38925725360096,1.420209095892237,224.11022302598124,1.4195068117418455,252.1649397336235,224.14870822717378,263.37555603013675,1.4194188678281938,1.4114444524846588,249.62504420396445,1.3614526149008634,42.73433512707743,164.16637171945032,42.59211956757983,1.2612940218589925,223.29706998309695,163.98457533683384,223.21928642879016,284.33398175348634,1.2610292969536725,1.2516201538587721,162.087936901687,1.2009473679537057,130.26761416553677,0.01117868907369875,0.001912039914692893
123.3085781,190.0,25.50727261,599.9999588,1.622168383,1219.506406,1.622195,276.2319733,135.5788464,1.571980399,923.2876913,922.5406806,1.571315,273.1139313,922.5406806,1.521297889,194.8069316,1.521193381,273.1139313,1.520795,114.0314506,251.86628480000002,114.03145065,1.420144396,224.01167665,1.419502167,251.86628480000002,224.01167665,262.78374605,1.419362599,1.411445,249.98426425,1.361375003,42.8114679,163.76833234999998,42.8114679,1.261219747,224.9999982,163.76833234999998,224.9999982,282.6382097,1.260973381,1.251615002,161.96502105000002,1.200914649,159.7912579,0.011473665999999997,0.0018385015000000004,122.98193858992232,195.05389017188216,26.119162018480697,600.2192179176324,1.6221299993236271,1219.844813168557,1.6221596027696559,276.5173806330224,134.44635929419735,1.5719795516976205,922.8241842734208,923.0905404511283,1.5713237020973705,273.3714273294714,922.7859210154805,1.521329038366547,197.96705129918277,1.5211998027410207,273.771444058724,1.5208194075689756,114.25299978966602,252.36016582693608,114.38947585376398,1.420209122021843,224.1101129401567,1.4195068289171944,252.16531913379112,224.14866506282314,263.37516835246754,1.4194188935957008,1.4114444522038132,249.6254482895985,1.3614526008638204,42.73539800232054,164.16712603511684,42.59322272311611,1.2612940718924328,223.29618793731328,163.98523731820808,223.21777505820575,284.33309421742877,1.2610293321227668,1.2516201514354124,162.08865921914418,1.2009473656668417,130.2554733987855,0.01117907029080373,0.0019119021449132507
123.3085781,190.0,25.50727261,599.9999588,1.622168383,1219.506406,1.622195,276.2319733,135.5788464,1.571980399,923.2876913,922.5406806,1.571315,273.1139313,922.5406806,1.521297889,194.8069316,1.521193381,273.1139313,1.520795,114.03135935,251.866327,114.03135935,1.420144396,224.0115704,1.419502167,251.866327,224.0115704,262.78358705,1.419362599,1.411445,249.98430885,1.361375003,42.811476060000004,163.76835375000002,42.811476060000004,1.26121975,224.9999983,163.76835375000002,224.9999983,282.63826415,1.260973384,1.251615002,161.96504045,1.2009146505000001,159.7786279,0.011473684999999999,0.0018385085,122.98191228862663,195.05524396893247,26.119286440192827,600.2192121704863,1.6221299999710672,1219.8448072532208,1.62215960603268,276.51740556645217,134.44698469053873,1.5719795515531556,922.8243055786868,923.0910046499066,1.5713237016735182,273.3714228031999,922.7862533016655,1.52132904050913,197.96772209074535,1.521199764941788,273.7716073526726,1.5208194003906335,114.25318561443805,252.36069430708127,114.38970615942435,1.420209144673157,224.10999917365115,1.4195068404110633,252.1656407445292,224.1486369558041,263.37479672245786,1.4194189171074232,1.4114444514273583,249.62579823028574,1.3614525866267673,42.73642507285094,164.16788842372694,42.594294395198354,1.2612941172168433,223.29537031060366,163.98584960052332,223.21616953666688,284.33219703424015,1.26102936761158,1.251620150313166,162.08939471031957,1.200947365202676,130.24344255699936,0.011179440323391368,0.001911756246820602
123.3085781,190.0,25.50727261,599.9999588,1.622168383,1219.506406,1.622195,276.2319733,135.5788464,1.571980399,923.2876913,922.5406806,1.571315,273.1139313,922.5406806,1.521297889,194.8069316,1.521193381,273.1139313,1.520795,114.03126825,251.8663691,114.03126825,1.420144396,224.0114645,1.419502167,251.8663691,224.0114645,262.78342845,1.419362599,1.411445,249.9843533,1.361375003,42.811484195,163.76837505,42.811484195,1.2612197535,224.9999983,163.76837505,224.9999983,282.63831849999997,1.260973387,1.251615002,161.96505975000002,1.200914652,159.7660421,0.011473705000000002,0.0018385159999999995,122.98188301277965,195.05660786894583,26.119410861904957,600.2192106102646,1.622129999934944,1219.8448085828147,1.6221596086387011,276.51741943786726,134.4476278286203,1.571979551380909,922.8244529310958,923.091490555822,1.5713237011622736,273.37141166160853,922.7866131392177,1.5213290423652048,197.9683763059102,1.5211997268705297,273.77176089772877,1.5208193925042235,114.25337378030959,252.3612215309345,114.38993646508473,1.4202091671547983,224.10989009164874,1.4195068511980202,252.1659657053792,224.1486131986809,263.37442368475877,1.419418940709377,1.411444450521494,249.62614943505733,1.3614525724139581,42.73743007409722,164.16864425307037,42.595343843665994,1.2612941616256093,223.29455763920745,163.98644750290782,223.2145739257548,284.3313094981826,1.2610294023330677,1.2516201491938048,162.09011851914107,1.200947364795116,130.23148598883822,0.011179810628643141,0.0019116103102419808
123.3085781,190.0,25.50727261,599.9999588,1.622168383,1219.506406,1.622195,276.2319733,135.5788464,1.571980399,923.2876913,922.5406806,1.571315,273.1139313,922.5406806,1.521297889,194.8069316,1.521193381,273.1139313,1.520795,114.03117745,251.866411,114.03117745,1.420144396,224.0113588,1.419502167,251.866411,224.0113588,262.7832703,1.419362599,1.411445,249.98439760000002,1.361375003,42.811492295,163.7683963,42.811492295,1.261219757,224.9999983,163.7683963,224.9999983,282.63837264999995,1.2609733905,1.251615002,161.965079,1.200914653,159.75350029999998,0.011473723999999998,0.0018385234999999998,122.9818518582687,195.05799702636682,26.119537669786904,600.2192125852289,1.6221299993680864,1219.844816207629,1.6221596107114225,276.5174231252055,134.4482872299637,1.571979551208662,922.8246218654234,923.0919889850858,1.5713237006685075,273.37139494922144,922.7869930141277,1.5213290440095129,197.9690327312614,1.5211996883046786,273.7719074792903,1.5208193843248201,114.25356136090625,252.36174079827208,114.39016560019536,1.420209189579882,224.10978268268317,1.419506861199519,252.16629569139693,224.14858843773555,263.3740467055293,1.4194189639246246,1.4114444495936027,249.62649895438312,1.3614525584132802,42.738416247003194,164.1693884775574,42.59637384647085,1.2612942045301019,223.29374992312464,163.98703279131794,223.21298822546953,284.33044125638713,1.2610294366708925,1.2516201481234877,162.09082865712287,1.2009473644894462,130.21962894733468,0.011180180425311829,0.0019114638390306542
123.3085781,190.0,25.50727261,599.9999588,1.622168383,1219.506406,1.622195,276.2319733,135.5788464,1.571980399,923.2876913,922.5406806,1.571315,273.1139313,922.5406806,1.521297889,194.8069316,1.521193381,273.1139313,1.520795,114.03108695,251.8664529,114.03108695,1.420144396,224.01125345000003,1.419502167,251.8664529,224.01125345000003,262.78311255,1.419362599,1.411445,249.9844418,1.361375003,42.81150038,163.76841745000002,42.81150038,1.26121976,224.9999983,163.76841745000002,224.9999983,282.63842669999997,1.260973394,1.251615002,161.96509824999998,1.200914655,159.7410023,0.011473744000000001,0.0018385304999999998,122.9818205472024,195.05940133823245,26.119666522957274,600.2192173053935,1.622129998403873,1219.844828580993,1.6221596123635518,276.51742417873066,134.4489532844597,1.571979550930845,922.8248123816694,923.0925041121473,1.5713237000502074,273.37137893318385,922.7873945961754,1.5213290448441237,197.96969026170578,1.521199649120587,273.7720530163277,1.5208193753885164,114.25375245315213,252.36226048437362,114.39039678376804,1.4202092120615233,224.10967761596922,1.419506870703561,252.16663572775025,224.1485663536492,263.37367000783763,1.4194189869851899,1.4114444485032616,249.6268539514078,1.3614525441944099,42.739391462432444,164.17012967469057,42.59739397211366,1.261294246911369,223.29294220704182,163.9876137909768,223.21140748049763,284.3295730145917,1.2610294706250544,1.2516201469723918,162.09153755230108,1.200947363742253,130.20787588890622,0.011180546588149393,0.0019113191154600947
123.3085781,190.0,25.50727261,599.9999588,1.622168383,1219.506406,1.622195,276.2319733,135.5788464,1.571980399,923.2876913,922.5406806,1.571315,273.1139313,922.5406806,1.521297889,194.8069316,1.521193381,273.1139313,1.520795,114.03099660000001,251.8664946,114.03099660000001,1.420144396,224.01114834999998,1.419502167,251.8664946,224.01114834999998,262.78295525,1.419362599,1.411445,249.98448589999998,1.361375003,42.811508435,163.76843865,42.811508435,1.2612197635,224.9999983,163.76843865,224.9999983,282.6384806,1.260973397,1.251615002,161.96511735,1.200914656,159.72854795,0.011473763,0.0018385380000000009,122.98178704436147,195.06079049565346,26.11979503524624,600.2192240597712,1.6221299971784604,1219.8448445089855,1.622159613773772,276.51742031580494,134.44962081743404,1.5719795504752248,922.8250103399563,923.0930184043189,1.5713236992964494,273.37136291714626,922.7878011875626,1.52132904501852,197.97034060904448,1.521199609689199,273.7721950716177,1.5208193659394742,114.25394208221084,252.36277891418322,114.39062504096637,1.4202092342320978,224.10957556072157,1.419506879841056,252.1669749265756,224.14854393495546,263.37329697013854,1.4194190095043668,1.4114444472146765,249.6272051561794,1.361452529472485,42.740360504635355,164.17086355571863,42.598406689884925,1.2612942883769915,223.29212953564559,163.98818646541258,223.2098366461525,284.32870959636176,1.2610295041316095,1.251620145664066,162.09223600792896,1.200947362395041,130.19624166827782,0.011180907293707867,0.0019111765360010718
123.3085781,190.0,25.50727261,599.9999588,1.622168383,1219.506406,1.622195,276.2319733,135.5788464,1.571980399,923.2876913,922.5406806,1.571315,273.1139313,922.5406806,1.521297889,194.8069316,1.521193381,273.1139313,1.520795,114.03090660000001,251.86653625,114.03090660000001,1.420144396,224.0110436,1.419502167,251.86653625,224.0110436,262.78279835,1.419362599,1.411445,249.98452980000002,1.361375003,42.811516465,163.76845965,42.811516465,1.261219767,224.9999983,163.76845965,224.9999983,282.6385343,1.2609734,1.251615002,161.96513645,1.200914657,159.716137,0.011473782000000005,0.0018385449999999996,122.98175557673984,195.06218975603753,26.119925251942224,600.2192324533695,1.6221299957168573,1219.844863286108,1.6221596149090955,276.51741381906623,134.45027947953827,1.5719795500196043,922.8252157402841,923.093529356931,1.5713236985164736,273.37134829380756,922.7882119533994,1.521329044918865,197.9709826681843,1.5211995702825407,273.77233817143195,1.5208193568810902,114.25413141863211,252.36329190006109,114.39085300552728,1.4202092562329995,224.1094768515476,1.4195068883240027,252.167312450345,224.14852385851327,263.37293097088656,1.4194190315208262,1.4114444458737774,249.62755088325213,1.3614525149748133,42.74132738620906,164.1715934002749,42.599417864349626,1.2612943291885819,223.29131686424938,163.98875560793556,223.20827572243417,284.3278365310008,1.2610295369987268,1.251620144351413,162.0929304865853,1.2009473610931134,130.18475599489955,0.011181263583257151,0.0019110357033384944
123.3085781,190.0,25.50727261,599.9999588,1.622168383,1219.506406,1.622195,276.2319733,135.5788464,1.571980399,923.2876913,922.5406806,1.571315,273.1139313,922.5406806,1.521297889,194.8069316,1.521193381,273.1139313,1.520795,114.03081675,251.86657775,114.03081675,1.420144396,224.0109391,1.419502167,251.86657775,224.0109391,262.7826419,1.419362599,1.411445,249.9845737,1.361375003,42.811524469999995,163.76848074999998,42.811524469999995,1.26121977,224.9999983,163.76848074999998,224.9999983,282.6385879,1.2609734035,1.251615002,161.96515555000002,1.200914659,159.70376929999998,0.011473799999999998,0.0018385525000000002,122.98172583122687,195.063573861977,26.120054445993993,600.2192412222108,1.622129994216352,1219.844882985806,1.6221596159839418,276.5174110096657,134.4509263138157,1.571979549480639,922.8254226290201,923.0940319606442,1.571323697633812,273.3713437675361,922.788624389016,1.521329044520245,197.97161478148544,1.5211995311479083,273.7724875383913,1.5208193477738736,114.25431870659133,252.36380446717493,114.39107716580153,1.4202092780925075,224.10937981541048,1.4195068967545854,252.1676466240026,224.1485017744269,263.3725691947029,1.4194190530990187,1.41144444446129,249.62789618896338,1.3614525003741065,42.742294576444074,164.1723207220363,42.600428112830386,1.2612943693461405,223.29048932691302,163.98932424589952,223.20672470934264,284.32696828920535,1.2610295694821811,1.2516201429882732,162.09362372243802,1.2009473594515525,130.17342778160636,0.011181612591337573,0.0019108969146937511
123.3085781,190.0,25.50727261,599.9999588,1.622168383,1219.506406,1.622195,276.2319733,135.5788464,1.571980399,923.2876913,922.5406806,1.571315,273.1139313,922.5406806,1.521297889,194.8069316,1.521193381,273.1139313,1.520795,114.0307272,251.86661915000002,114.0307272,1.420144396,224.0108349,1.419502167,251.86661915000002,224.0108349,262.7824859,1.419362599,1.411445,249.9846174,1.361375003,42.81153245,163.76850165000002,42.81153245,1.2612197735000001,224.9999983,163.76850165000002,224.9999983,282.6386413,1.260973407,1.251615002,161.96517455,1.20091466,159.69144465,0.011473818999999994,0.0018385595,122.98169702504588,195.06494786495344,26.120182617401557,600.2192490825686,1.6221299928853485,1219.8449009760259,1.6221596171907384,276.5174062688023,134.4515635379839,1.5719795488472157,922.8256250525314,923.094522041009,1.5713236967118238,273.37133993761404,922.7890234663939,1.5213290440219698,197.9722413693207,1.5211994925078685,273.7726389943991,1.5208193392770606,114.25450394608849,252.3643057276613,114.39129927761377,1.4202092995278333,224.1092871291692,1.4195069049233489,252.16797325990848,224.1484833710216,263.37222149541356,1.4194190739037993,1.4114444430047486,249.6282256936201,1.361452485815826,42.74326361864699,164.17303921401563,42.60144021327903,1.26129440911128,223.28966178957663,163.98989036106866,223.20518360687788,284.3260904002789,1.2610296015819726,1.2516201415919563,162.094310495712,1.200947357447716,130.16227782501332,0.011181949628882875,0.0019107631454724943
123.3085781,190.0,25.50727261,599.9999588,1.622168383,1219.506406,1.622195,276.2319733,135.5788464,1.571980399,923.2876913,922.5406806,1.571315,273.1139313,922.5406806,1.521297889,194.8069316,1.521193381,273.1139313,1.520795,114.03063785,251.86666044999998,114.03063785,1.420144396,224.0107309,1.419502167,251.86666044999998,224.0107309,262.7823303,1.419362599,1.411445,249.98466100000002,1.361375003,42.811540405,163.76852255,42.811540405,1.2612197765,224.9999983,163.76852255,224.9999983,282.6386946,1.26097341,1.251615002,161.9651935,1.200914661,159.67916295,0.011473837500000006,0.0018385664999999995,122.98166837542023,195.06629155904068,26.120311129690524,600.219255145709,1.6221299919266925,1219.844915737232,1.6221596187274112,276.51740556645217,134.45217341030263,1.5719795480304328,922.8258148245734,923.0949970933559,1.571323695674041,273.3713434193613,922.7894108553132,1.521329042552058,197.97286077405025,1.5211994537565452,273.772791494931,1.520819330731415,114.25468508866155,252.36480531309172,114.39151758513935,1.4202093205672561,224.10919645057209,1.4195069128826567,252.16829152053475,224.14846295997205,263.37188224226077,1.4194190938578266,1.4114444414298113,249.62855077398157,1.361452470857526,42.7442326608499,164.17374811937444,42.60245169640504,1.261294448353194,223.28883425224024,163.99045496256085,223.20367223629344,284.3252076877868,1.261029633042326,1.2516201399576312,162.09499503193948,1.2009473548212188,130.15133286362544,0.011182273131970392,0.0019106351881291582
123.3085781,190.0,25.50727261,599.9999588,1.622168383,1219.506406,1.622195,276.2319733,135.5788464,1.571980399,923.2876913,922.5406806,1.571315,273.1139313,922.5406806,1.521297889,194.8069316,1.521193381,273.1139313,1.520795,114.03054875000001,251.86670164999998,114.03054875000001,1.420144396,224.01062725,1.419502167,251.86670164999998,224.01062725,262.78217515,1.419362599,1.411445,249.98470445,1.361375003,42.811548335,163.76854344999998,42.811548335,1.26121978,224.9999983,163.76854344999998,224.9999983,282.63874775,1.260973413,1.251615002,161.96521239999998,1.200914663,159.666924,0.011473856000000006,0.0018385735,122.98164301345653,195.0675998927572,26.120436574046863,600.2192587796433,1.6221299914320815,1219.8449261297724,1.6221596206736801,276.5174118876034,134.4527588877286,1.5719795470302909,922.8259949219622,923.0954529432353,1.5713236944745828,273.37135247190434,922.7897782068745,1.5213290405589575,197.9734652600218,1.5211994153143424,273.7729509589576,1.5208193220148567,114.25486506068486,252.36529736077046,114.39173355156547,1.4202093411542183,224.10910911804868,1.4195069209990563,252.16860056835338,224.1484428835299,263.3715548136992,1.4194191133349168,1.411444439689671,249.62887248345143,1.3614524552082834,42.74520046840755,164.17445172686405,42.603460401579234,1.2612944878567207,223.28800671490384,163.99102082545048,223.202185642276,284.3243297988603,1.2610296645026795,1.2516201381978105,162.09567186278457,1.2009473512777116,130.14060626669522,0.0111825815365422,0.0019105141820915834
123.3085781,190.0,25.50727261,599.9999588,1.622168383,1219.506406,1.622195,276.2319733,135.5788464,1.571980399,923.2876913,922.5406806,1.571315,273.1139313,922.5406806,1.521297889,194.8069316,1.521193381,273.1139313,1.520795,114.03045995,251.86674265,114.03045995,1.420144396,224.0105239,1.419502167,251.86674265,224.0105239,262.78202039999996,1.419362599,1.411445,249.98474785,1.361375003,42.811556235,163.76856425,42.811556235,1.261219783,224.9999983,163.76856425,224.9999983,282.63880075,1.2609734165,1.251615002,161.96523125,1.200914664,159.65472755,0.011473874000000005,0.0018385804999999998,122.98161906049081,195.06888802054758,26.1205620184032,600.21926006337,1.6221299913125968,1219.8449322893198,1.6221596229250843,276.51742101815506,134.45332662341443,1.5719795459912544,922.8261593910652,923.095890425537,1.571323693244537,273.3713681397672,922.790125521078,1.5213290384039175,197.97406587816724,1.5211993779107837,273.77311216385783,1.520819313957534,114.25504035050919,252.3657806144056,114.39194542106752,1.42020936151495,224.10902580081373,1.4195069291678197,252.16890459100426,224.14842347630247,263.37124005434254,1.4194191322448382,1.4114444379770645,249.62918365888493,1.3614524397772332,42.74616194840822,164.1751429726588,42.604461698881885,1.2612945272294411,223.2872039541344,163.99158416554522,223.20074364607905,284.3234712041959,1.2610296957072578,1.2516201363615385,162.09634198249017,1.2009473475757086,130.13013517103516,0.011182875883297631,0.0019104001756281917
123.3085781,190.0,25.50727261,599.9999588,1.622168383,1219.506406,1.622195,276.2319733,135.5788464,1.571980399,923.2876913,922.5406806,1.571315,273.1139313,922.5406806,1.521297889,194.8069316,1.521193381,273.1139313,1.520795,114.03037135,251.86678365,114.03037135,1.420144396,224.01042080000002,1.419502167,251.86678365,224.01042080000002,262.78186605,1.419362599,1.411445,249.98479105,1.361375003,42.811564114999996,163.76858495,42.811564114999996,1.2612197864999999,224.9999983,163.76858495,224.9999983,282.6388536,1.2609734195,1.251615002,161.96525005,1.200914665,159.64257355,0.011473892000000003,0.0018385875,122.9815985517424,195.0701155305596,26.12068234953849,600.2192587401439,1.622129991640485,1219.8449337003174,1.6221596255448503,276.51743664544557,134.45386405029407,1.5719795448466474,922.8263097202906,923.0963087053715,1.5713236918965117,273.3713897266005,922.7904494583639,1.5213290359374556,197.97465378774103,1.5211993410760065,273.7732803322526,1.520819305875795,114.2552138845089,252.36626093669284,114.3921558273824,1.4202093813666634,224.1089461642598,1.419506937807858,252.16919856331955,224.1484057421119,263.370937401115,1.419419150909846,1.4114444361818563,249.62948935661956,1.3614524239219201,42.74711324258544,164.17582362271506,42.605452501699865,1.2612945666675646,223.28642101461855,163.9921454874041,223.19933633707586,284.3226174330971,1.2610297267839483,1.2516201344228508,162.09700489393487,1.200947343273687,130.11992106211778,0.011183153826682113,0.0019102937129255307
123.3085781,190.0,25.50727261,599.9999588,1.622168383,1219.506406,1.622195,276.2319733,135.5788464,1.571980399,923.2876913,922.5406806,1.571315,273.1139313,922.5406806,1.521297889,194.8069316,1.521193381,273.1139313,1.520795,114.030283,251.86682445,114.030283,1.420144396,224.01031799999998,1.419502166,251.86682445,224.01031799999998,262.78171215,1.419362599,1.411445,249.98483425,1.361375003,42.81157197,163.76860564999998,42.81157197,1.26121979,224.9999983,163.76860564999998,224.9999983,282.63890635,1.260973423,1.251615002,161.9652688,1.200914666,159.63046175,0.01147391,0.0018385944999999991,122.98158133065594,195.07131273168244,26.12080131714817,600.2192547309664,1.6221299924213033,1219.8449299286121,1.6221596285192328,276.517457189187,134.4543829961944,1.5719795437020403,922.8264407002098,923.0967086176283,1.5713236905768888,273.37141549153057,922.7907600374112,1.5213290333588818,197.97524280240802,1.5211993052798736,273.7734485006475,1.5208192979161366,114.25538302894708,252.36672953358863,114.39236184413576,1.4202094009355888,224.1088678661354,1.419506946526442,252.16948834799504,224.14838666949186,263.37064234941033,1.419419169085026,1.4114444344169355,249.62979126210107,1.3614524080423636,42.74804910369684,164.17649140651747,42.606425402161626,1.2612946061710915,223.28566780698304,163.9927002499963,223.19798353651998,284.321807074088,1.2610297576048637,1.2516201324957028,162.09765761438996,1.2009473387339222,130.1099698818331,0.011183417709971055,0.001910194842305913
123.3085781,190.0,25.50727261,599.9999588,1.622168383,1219.506406,1.622195,276.2319733,135.5788464,1.571980399,923.2876913,922.5406806,1.571315,273.1139313,922.5406806,1.521297889,194.8069316,1.521193381,273.1139313,1.520795,114.0301949,251.8668652,114.0301949,1.420144396,224.01021545,1.419502166,251.8668652,224.01021545,262.78155864999997,1.419362599,1.411445,249.98487725,1.361375003,42.811579800000004,163.76862625,42.811579800000004,1.261219793,224.9999983,163.76862625,224.9999983,282.63895890000003,1.260973426,1.251615002,161.9652875,1.200914668,159.61839195,0.011473927999999998,0.0018386015000000002,122.9815652054568,195.0724644694715,26.12091585329961,600.2192491023183,1.6221299934271975,1219.8449230635658,1.6221596316365618,276.5174766794032,134.45488272187617,1.5719795425963277,922.8265605170676,923.0970968414267,1.571323689270375,273.3714416046353,922.7910505791007,1.5213290309671612,197.9758185559568,1.5211992708067756,273.77362084713906,1.5208192903959687,114.2555510028355,252.36719352408056,114.39256698297683,1.4202094203065627,224.1087955909436,1.419506955663937,252.1697697573909,224.1483686006939,263.37035855922113,1.4194191870539627,1.411444432718096,249.63008916464878,1.361452392393121,42.74897014906505,164.17714531494812,42.60738225223506,1.261294645609215,223.2849344206011,163.9932504715577,223.19666542315784,284.3210111857755,1.2610297885536665,1.2516201305901922,162.09830238090197,1.2009473342960473,130.10027420281864,0.011183669616214831,0.0019101024222420288
123.3085781,190.0,25.50727261,599.9999588,1.622168383,1219.506406,1.622195,276.2319733,135.5788464,1.571980399,923.2876913,922.5406806,1.571315,273.1139313,922.5406806,1.521297889,194.8069316,1.521193381,273.1139313,1.520795,114.030107,251.86690579999998,114.030107,1.420144396,224.01011319999998,1.419502166,251.86690579999998,224.01011319999998,262.78140555,1.419362599,1.411445,249.98492015,1.361375003,42.811587605,163.76864684999998,42.811587605,1.261219796,224.9999983,163.76864684999998,224.9999983,282.6390113,1.260973429,1.251615002,161.96530615,1.200914669,159.60636415,0.011473946000000004,0.0018386084999999996,122.98155221136429,195.07359600133444,26.12102834416263,600.2192424466887,1.6221299946609462,1219.8449138649466,1.6221596348748453,276.51749897901993,134.45536914125282,1.5719795414017137,922.8266781013132,923.0974775512161,1.5713236879157952,273.3714722440116,922.79134195568,1.5213290280522516,197.9763948620522,1.5211992366675275,273.7737924972812,1.5208192826316393,114.25571751353675,252.36765081434882,114.39277065863074,1.4202094395361429,224.10872465418132,1.4195069650894334,252.1700520043147,224.14835019728858,263.3700753321077,1.419419204919778,1.4114444309118743,249.63039191285324,1.3614523765984168,42.74987421806086,164.17779215955312,42.60832027396834,1.2612946850473383,223.2842208554727,163.9937953952499,223.1953968629296,284.3202490624217,1.261029819374582,1.2516201286039028,162.09893770210655,1.200947329416649,130.0907998592068,0.011183909805115163,0.0019100175425176469
123.3085781,190.0,25.50727261,599.9999588,1.622168383,1219.506406,1.622195,276.2319733,135.5788464,1.571980399,923.2876913,922.5406806,1.571315,273.1139313,922.5406806,1.521297889,194.8069316,1.521193381,273.1139313,1.520795,114.03001935,251.8669463,114.03001935,1.420144396,224.0100112,1.419502166,251.8669463,224.0100112,262.7812529,1.419362599,1.411445,249.9849629,1.361375003,42.811595385,163.76866735,42.811595385,1.2612197995,224.9999983,163.76866735,224.9999983,282.6390636,1.260973432,1.251615002,161.96532474999998,1.20091467,159.59437805,0.011473963499999998,0.0018386150000000007,122.98153890416111,195.07469722430818,26.121138789737234,600.2192353170676,1.6221299959280395,1219.8449034181372,1.622159638093886,276.5175182936486,134.45584964671605,1.571979540279332,922.826788987722,923.097854086556,1.5713236866136508,273.3715028833879,922.7916274880299,1.521329025236997,197.9769617748555,1.5211992034432757,273.77396275472444,1.5208192749405585,114.25588314632569,252.36810559203317,114.3929731637349,1.42020945859605,224.10865639427797,1.4195069746458393,252.17033090112665,224.14833346692012,263.3697988619035,1.419419222759813,1.4114444291882544,249.63069381833475,1.3614523610582705,42.75076254532953,164.1784291652581,42.60924162799066,1.261294724812478,223.28354693285146,163.99433729158824,223.19416298989512,284.3195207040266,1.261029850323385,1.2516201267027194,162.09956755497527,1.200947324639141,130.0815201124926,0.011184142183667867,0.0019099379216255131
123.3085781,190.0,25.50727261,599.9999588,1.622168383,1219.506406,1.622195,276.2319733,135.5788464,1.571980399,923.2876913,922.5406806,1.571315,273.1139313,922.5406806,1.521297889,194.8069316,1.521193381,273.1139313,1.520795,114.02993194999999,251.86698669999998,114.02993194999999,1.420144396,224.00990955,1.419502166,251.86698669999998,224.00990955,262.7811007,1.419362599,1.411445,249.98500555,1.361375002,42.81160314,163.7686878,42.81160314,1.261219803,224.9999983,163.7686878,224.9999983,282.6391157,1.2609734355,1.251615002,161.96534325,1.200914671,159.5824336,0.011473981000000006,0.001838622,122.98152731906659,195.07578834431888,26.121247871786224,600.2192278714523,1.6221299972729366,1219.8448922929633,1.622159641312927,276.51753356976405,134.45632867370094,1.5719795391291687,922.826909548784,923.0982322916758,1.571323685283104,273.37153004101685,922.7919222041689,1.5213290222348892,197.97752703001905,1.5211991707878052,273.77412987859503,1.5208192669076517,114.25604907175205,252.36855785713365,114.39317566883906,1.4202094774862843,224.10859014201884,1.419506984306973,252.17061063546657,224.14831774037376,263.3695218286236,1.4194192405740675,1.411444427398553,249.63099930538863,1.3614523455060024,42.75163482220975,164.17906137765286,42.61014631430203,1.2612947643160046,223.28288292085702,163.99487212410097,223.19295884874097,284.3188164634592,1.2610298813361316,1.251620124804421,162.10019019958304,1.2009473197597427,130.07239485491854,0.011184368575040118,0.001909862864869882
123.3085781,190.0,25.50727261,599.9999588,1.622168383,1219.506406,1.622195,276.2319733,135.5788464,1.571980399,923.2876913,922.5406806,1.571315,273.1139313,922.5406806,1.521297889,194.8069316,1.521193381,273.1139313,1.520795,114.0298448,251.867027,114.0298448,1.420144395,224.00980815,1.419502166,251.867027,224.00980815,262.78094884999996,1.419362599,1.411445,249.9850481,1.361375002,42.811610875,163.7687082,42.811610875,1.261219806,224.9999983,163.7687082,224.9999983,282.63916770000003,1.2609734385,1.251615002,161.96536175,1.2009146725,159.57053055,0.011473998500000002,0.0018386285000000005,122.9815154208614,195.0768693613665,26.121355931191005,600.2192209985767,1.622129998528915,1219.8448818190193,1.6221596443972681,276.51754638765397,134.45680400448998,1.5719795379845616,922.8270286214378,923.0986096619056,1.5713236839722204,273.3715578949953,922.7922177551978,1.5213290191082127,197.9780911800894,1.5211991380581458,273.7742928243689,1.5208192587038323,114.25621528981586,252.36900760965023,114.39337729603092,1.4202094961785674,224.1085252281892,1.419506993837197,252.17088953227852,224.14830234843478,263.36924648457097,1.4194192582980907,1.4114444256088516,249.63130500312326,1.3614523299294907,42.75249398098401,164.1796870307809,42.61103741951558,1.2612948034925153,223.28222881948932,163.995400397347,223.19177948415378,284.3181315171539,1.2610299120931032,1.251620122907565,162.10080513880845,1.2009473146312801,130.06340626081456,0.011184589499922515,0.0019097912811219333
123.3085781,190.0,25.50727261,599.9999588,1.622168383,1219.506406,1.622195,276.2319733,135.5788464,1.571980399,923.2876913,922.5406806,1.571315,273.1139313,922.5406806,1.521297889,194.8069316,1.521193381,273.1139313,1.520795,114.02975785,251.8670672,114.02975785,1.420144395,224.00970695,1.419502166,251.8670672,224.00970695,262.78079745,1.4193625985,1.411445,249.9850905,1.361375002,42.811618575,163.7687285,42.811618575,1.261219809,224.9999983,163.7687285,224.9999983,282.6392196,1.260973442,1.251615002,161.9653802,1.200914674,159.55866874999998,0.011474016,0.0018386355000000007,122.98150430543286,195.077930172488,26.12146126354456,600.2192145206939,1.6221299997237617,1219.844871996305,1.622159647368902,276.51755938113143,134.4572771175615,1.571979536834398,922.827152159316,923.0989887019152,1.5713236826263801,273.371585400799,922.7925133062267,1.52132901580714,197.9786437266813,1.5211991056994307,273.77445646649227,1.5208192502802673,114.25638062996735,252.36945568711087,114.39357833794793,1.4202095149556866,224.10846232200373,1.4195070033674209,252.17117177920235,224.14828695649578,263.36897254820775,1.4194192760865647,1.411444423766836,249.63161175426148,1.3614523143166135,42.753339558660365,164.1803068814808,42.61191525229263,1.2612948426690263,223.28159453937522,163.99592640007768,223.1906100301934,284.31746586511076,1.261029942786131,1.251620121030904,162.10141411257652,1.2009473095820653,130.05453204809317,0.011184807823845688,0.0019097207906071357
123.3085781,190.0,25.50727261,599.9999588,1.622168383,1219.506406,1.622195,276.2319733,135.5788464,1.571980399,923.2876913,922.5406806,1.571315,273.1139313,922.5406806,1.521297889,194.8069316,1.521193381,273.1139313,1.520795,114.0296712,251.8671072,114.0296712,1.420144395,224.00960609999998,1.419502166,251.8671072,224.00960609999998,262.78064645,1.419362598,1.411445,249.9851328,1.361375002,42.811626265,163.7687488,42.811626265,1.261219812,224.9999983,163.7687488,224.9999983,282.6392713,1.260973445,1.251615002,161.96539860000001,1.200914675,159.54684809999998,0.011474032999999998,0.0018386425,122.98149319000433,195.07898593212798,26.121567277660922,600.2192087142989,1.622130000846362,1219.8448631233007,1.6221596502525686,276.5175707943211,134.4577472736763,1.5719795356453403,922.8272786740107,923.0993669070349,1.5713236812259195,273.3716115139038,922.7928130317051,1.5213290121821883,197.97920014109937,1.5211990733159861,273.7746166268683,1.5208192416369575,114.25654479956911,252.36990125198764,114.39377674612801,1.420209533563133,224.10839807738884,1.419507012871463,252.17145988882191,224.14826989151996,263.3686960780036,1.4194192934754426,1.411444421886273,249.63192103356846,1.3614522987522235,42.754175104843924,164.18092092975246,42.61278289924632,1.261294881191505,223.2809602592611,163.99644432986474,223.18946039748656,284.31680021306755,1.2610299731594397,1.2516201190720215,162.10201985505523,1.2009473043743548,130.04578112958933,0.011185020159672671,0.0019096526819905532
123.3085781,190.0,25.50727261,599.9999588,1.622168383,1219.506406,1.622195,276.2319733,135.5788464,1.571980399,923.2876913,922.5406806,1.571315,273.1139313,922.5406806,1.521297889,194.8069316,1.521193381,273.1139313,1.520795,114.02958475,251.8671472,114.02958475,1.420144395,224.0095055,1.419502166,251.8671472,224.0095055,262.78049584999997,1.419362598,1.411445,249.985175,1.361375002,42.811633920000006,163.76876905,42.811633920000006,1.2612198155,224.9999983,163.76876905,224.9999983,282.63932285,1.260973448,1.251615002,161.96541695000002,1.200914676,159.53506844999998,0.011474050000000001,0.0018386490000000004,122.98148144835447,195.08004169176795,26.121673291777284,600.2192033028967,1.6221300019356175,1219.8448547115838,1.622159653092252,276.517583261036,134.45821521207358,1.5719795343284866,922.8274118865421,923.099742607485,1.5713236797708388,273.37163832335807,922.7931144269634,1.5213290081461597,197.9797515825981,1.5211990407470695,273.7747767872443,1.520819232505325,114.25670750598368,252.37034388551652,114.39397398375837,1.4202095520857432,224.10833550581077,1.4195070222445954,252.17174548585757,224.14825249193674,263.3684204524131,1.4194193107483088,1.4114444199038345,249.6322294701525,1.3614522829211542,42.75500169984931,164.18153220294977,42.61364128636058,1.2612949195177743,223.28033588977377,163.99695923229797,223.1883206754065,284.316149031721,1.2610300035327484,1.251620117088617,162.10261764359083,1.2009472986685157,130.03715053435812,0.011185227809772512,0.0019095869550175228
123.3085781,190.0,25.50727261,599.9999588,1.622168383,1219.506406,1.622195,276.2319733,135.5788464,1.571980399,923.2876913,922.5406806,1.571315,273.1139313,922.5406806,1.521297889,194.8069316,1.521193381,273.1139313,1.520795,114.0294985,251.867187,114.0294985,1.420144395,224.0094052,1.419502166,251.867187,224.0094052,262.7803457,1.419362598,1.411445,249.9852171,1.361375002,42.811641555,163.76878920000001,42.811641555,1.2612198184999999,224.9999983,163.76878920000001,224.9999983,282.6393743,1.260973451,1.251615002,161.9654352,1.200914677,159.52332955,0.011474067500000004,0.0018386555000000006,122.98146908048328,195.0810772454818,26.121777601486627,600.21919814824,1.6221300029831924,1219.84484643554,1.6221596558412192,276.51759168923763,134.4586787150358,1.571979533078309,922.8275436106653,923.1001166381552,1.5713236783987807,273.37166304376393,922.793413317552,1.5213290042346999,197.98029473589798,1.5211990087222043,273.77492859142683,1.520819223691102,114.2568690418485,252.3707773062378,114.39416946556412,1.4202095702124502,224.10827527648428,1.4195070313820903,252.17202438266952,224.14823743460514,263.36815214680763,1.4194193276473592,1.411444417976464,249.63253390380277,1.3614522675992002,42.75582165863639,164.18213414180607,42.614491956942,1.2612949573862213,223.27971152028644,163.99746707090554,223.18720077458002,284.31550749750545,1.2610300337781695,1.2516201151556992,162.1032089695477,1.2009472932117409,130.0286551171245,0.011185433379352341,0.001909523659007648
123.3085781,190.0,25.50727261,599.9999588,1.622168383,1219.506406,1.622195,276.2319733,135.5788464,1.571980399,923.2876913,922.5406806,1.571315,273.1139313,922.5406806,1.521297889,194.8069316,1.521193381,273.1139313,1.520795,114.0294125,251.86722675,114.0294125,1.420144395,224.00930515,1.419502166,251.86722675,224.00930515,262.78019589999997,1.419362598,1.411445,249.9852591,1.361375002,42.81164916,163.7688093,42.81164916,1.261219822,224.9999983,163.7688093,224.9999983,282.63942555,1.260973454,1.251615002,161.9654535,1.2009146785,159.5116314,0.011474084500000006,0.0018386625000000002,122.98145749538875,195.08210269623257,26.121881229433168,600.2191935268236,1.6221300039918654,1219.844839054937,1.6221596585297093,276.5176025756647,134.45913704332384,1.5719795317447862,922.827679055809,923.1004881641559,1.5713236768759709,273.3716902013929,922.7937122081405,1.5213289994886292,197.98083181118534,1.5211989764995022,273.7750849218808,1.5208192141199792,114.2570302850759,252.37121449583492,114.39436319154528,1.4202095882825996,224.10821437794306,1.4195070404410397,252.17230830464925,224.1482213734514,263.3678798996718,1.4194193443401664,1.411444415861863,249.63284023357957,1.361452251683278,42.75663467254385,164.1827348192649,42.61533552831319,1.2612949948622492,223.2790970614259,163.9979736481157,223.18609078438033,284.31487078685547,1.2610300637678153,1.2516201131751796,162.1037985555795,1.200947287234195,130.02028299410847,0.011185634523333203,0.0019094612572428734
123.3085781,190.0,25.50727261,599.9999588,1.622168383,1219.506406,1.622195,276.2319733,135.5788464,1.571980399,923.2876913,922.5406806,1.571315,273.1139313,922.5406806,1.521297889,194.8069316,1.521193381,273.1139313,1.520795,114.0293268,251.8672664,114.0293268,1.420144395,224.00920539999998,1.419502166,251.8672664,224.00920539999998,262.78004655,1.419362598,1.411445,249.9853009,1.361375002,42.81165675,163.76882940000002,42.81165675,1.261219825,224.9999984,163.76882940000002,224.9999984,282.63947675,1.260973457,1.251615002,161.96547164999998,1.20091468,159.49997375,0.011474101000000002,0.0018386689999999996,122.98144747584755,195.08313319846488,26.121985880023917,600.2191890239051,1.6221300049838658,1219.8448319999488,1.6221596611797138,276.5176162714923,134.45958797922012,1.5719795303834818,922.827817477769,923.1008605250464,1.5713236753924877,273.3717211889439,922.7940094289493,1.5213289948422135,197.98136833392607,1.5211989446106502,273.7752391632864,1.5208192048174336,114.2571900651161,252.37164833532017,114.39455457642696,1.4202096064093066,224.1081558216534,1.4195070496308984,252.17259306415696,224.14820464308292,263.36761215714205,1.4194193610200834,1.4114444137803026,249.63314593131417,1.3614522361431318,42.75744182188631,164.18333045113403,42.616172926458106,1.2612950321420675,223.27848260256533,163.99847845936944,223.18499070480738,284.314238899771,1.261030093757461,1.2516201111528285,162.10438317039683,1.2009472812679705,130.01205793287002,0.01118583045980786,0.0019094014843113742
123.3085781,190.0,25.50727261,599.9999588,1.622168383,1219.506406,1.622195,276.2319733,135.5788464,1.571980399,923.2876913,922.5406806,1.571315,273.1139313,922.5406806,1.521297889,194.8069316,1.521193381,273.1139313,1.520795,114.02924125,251.8673059,114.02924125,1.420144395,224.00910585,1.419502166,251.8673059,224.00910585,262.77989755,1.419362598,1.411445,249.9853427,1.361375002,42.81166431,163.7688494,42.81166431,1.261219828,224.9999984,163.7688494,224.9999984,282.63952774999996,1.2609734605,1.251615002,161.9654898,1.200914681,159.48835645,0.011474117999999997,0.0018386755000000003,122.98143557764236,195.08413844328956,26.122087803563442,600.2191844814872,1.622130006000875,1219.8448245108075,1.6221596638242204,276.51762803585706,134.46002486957207,1.5719795290110647,922.8279499460963,923.1012153532492,1.5713236738958956,273.3717497392718,922.7942983008588,1.5213289898345483,197.9818866226293,1.5211989132534849,273.77539375286676,1.5208191954904722,114.2573457482322,252.37207421828978,114.39474303493431,1.4202096239987165,224.10809793457852,1.4195070586113019,252.1728652607452,224.14818824732183,263.367347793067,1.41941937702971,1.411444411660195,249.63344509794624,1.3614522206393507,42.75824187201848,164.1839185146185,42.61700199074754,1.2612950685716442,223.2778631883914,163.99897671135653,223.18390549117464,284.31360701268653,1.2610301232355565,1.2516201091593266,162.1049605769533,1.200947275233819,130.0039769624642,0.01118602275186592,0.001909342555781948
123.3085781,190.0,25.50727261,599.9999588,1.622168383,1219.506406,1.622195,276.2319733,135.5788464,1.571980399,923.2876913,922.5406806,1.571315,273.1139313,922.5406806,1.521297889,194.8069316,1.521193381,273.1139313,1.520795,114.029156,251.86734535,114.029156,1.420144395,224.00900665,1.419502166,251.86734535,224.00900665,262.77974900000004,1.419362598,1.411445,249.98538430000002,1.361375002,42.811671849999996,163.7688694,42.811671849999996,1.261219831,224.9999984,163.7688694,224.9999984,282.6395786,1.2609734635,1.251615002,161.9655079,1.200914682,159.47677944999998,0.011474135000000005,0.0018386820000000006,122.98142446221382,195.08514873959575,26.12219006798437,600.2191797613226,1.6221300070651221,1219.844816967397,1.6221596664934677,276.51764418991013,134.4604543675323,1.5719795275830841,922.8280839028318,923.101571016342,1.5713236723643467,273.371781771347,922.7945838332088,1.5213289845528317,197.98240601642573,1.521198882019968,273.7755427716514,1.5208191859437654,114.25750055343599,252.37249800743948,114.39492798179245,1.4202096416729628,224.10804138593312,1.4195070674346135,252.1731433200292,224.14817051313125,263.3670868074466,1.4194193928073133,1.4114444095125533,249.63374152572888,1.3614522051234481,42.759035440263006,164.1845010279543,42.61782457314938,1.2612951048050114,223.27726359547103,163.99947017003336,223.18284009879545,284.3129799491676,1.2610301525218204,1.2516201070864885,162.1055310238095,1.2009472689845666,129.99604453930849,0.011186209835929575,0.001909285561878105
123.3085781,190.0,25.50727261,599.9999588,1.622168383,1219.506406,1.622195,276.2319733,135.5788464,1.571980399,923.2876913,922.5406806,1.571315,273.1139313,922.5406806,1.521297889,194.8069316,1.521193381,273.1139313,1.520795,114.02907095,251.86738465000002,114.02907095,1.420144395,224.00890765,1.419502166,251.86738465000002,224.00890765,262.7796009,1.419362598,1.411445,249.9854258,1.361375002,42.811679365,163.7688893,42.811679365,1.2612198344999999,224.9999984,163.7688893,224.9999984,282.63962934999995,1.2609734664999999,1.251615002,161.9655259,1.200914683,159.46524245,0.0114741515,0.0018386885,122.9814144426726,195.0861337784943,26.12229028711688,600.2191748041623,1.6221300081932797,1219.844808881295,1.6221596692066984,276.5176636801263,134.46087203766575,1.5719795261050964,922.8282133943428,923.1019116514167,1.5713236708087648,273.3718165888201,922.7948560073202,1.5213289793458566,197.98290330835846,1.5211988513181378,273.7756984057559,1.5208191765923877,114.25765155435312,252.37291593389344,114.39511029491368,1.4202096589795847,224.10798450268032,1.4195070763102893,252.1734096539217,224.14815344815543,263.3668322971975,1.4194194083786733,1.4114444073483916,249.63403500398132,1.361452189680276,42.75981959433739,164.1850767297439,42.618637587050486,1.2612951403843469,223.27665904723725,163.99995807856146,223.18178957235648,284.31236253277973,1.2610301811686464,1.2516201050338454,162.10609277104047,1.2009472625428552,129.98825917793036,0.011186393014583365,0.0019092305024267055
123.3085781,190.0,25.50727261,599.9999588,1.622168383,1219.506406,1.622195,276.2319733,135.5788464,1.571980399,923.2876913,922.5406806,1.571315,273.1139313,922.5406806,1.521297889,194.8069316,1.521193381,273.1139313,1.520795,114.02898615000001,251.86742385000002,114.02898615000001,1.420144395,224.00880899999999,1.419502166,251.86742385000002,224.00880899999999,262.7794531,1.419362598,1.411445,249.98546720000002,1.361375002,42.811686855,163.7689091,42.811686855,1.2612198375,224.9999984,163.7689091,224.9999984,282.63967994999996,1.2609734695,1.251615002,161.9655439,1.200914684,159.45374544999999,0.011474167999999998,0.0018386954999999997,122.98140473624206,195.0870986114667,26.12238846096097,600.2191694717587,1.622130009393684,1219.8448002253672,1.6221596719446698,276.5176851018054,134.46127714073322,1.571979524615996,922.828336188017,923.1022456073722,1.571323669242259,273.37185279899205,922.7951173278626,1.5213289738897438,197.98339507482527,1.5211988209748872,273.7758526471615,1.520819167094513,114.25780021417074,252.3733288351796,114.39528909638571,1.4202096758903038,224.107928957857,1.4195070849503275,252.17367515028621,224.14813638317958,263.36658032078947,1.4194194235633273,1.4114444051759694,249.6343238472578,1.3614521743219568,42.76059464290293,164.18564435858997,42.61944103245085,1.2612951757674726,223.27606440963027,164.00044068922034,223.18075886717102,284.3117499399574,1.2610302098154722,1.2516201029855294,162.1066485528141,1.2009472559313272,129.98062830569236,0.011186571245341838,0.0019091765843587596
123.3085781,190.0,25.50727261,599.9999588,1.622168383,1219.506406,1.622195,276.2319733,135.5788464,1.571980399,923.2876913,922.5406806,1.571315,273.1139313,922.5406806,1.521297889,194.8069316,1.521193381,273.1139313,1.520795,114.02890155,251.86746295,114.02890155,1.420144395,224.0087106,1.419502166,251.86746295,224.0087106,262.77930575000005,1.419362598,1.411445,249.98550849999998,1.361375002,42.811694325,163.7689289,42.811694325,1.261219841,224.9999984,163.7689289,224.9999984,282.6397304,1.260973473,1.251615002,161.9655619,1.2009146855,159.4422882,0.0114741845,0.0018387015,122.98139612569882,195.08804323851297,26.12248390775384,600.2191640011077,1.6221300106552197,1219.8447911081516,1.62215967471288,276.51771003523515,134.46166893749555,1.5719795230824447,922.8284567490789,923.1025703795391,1.5713236676386115,273.37189040186297,922.7953736390657,1.5213289682716915,197.98388076327956,1.5211987910025813,273.7760037549946,1.520819157474558,114.25794565497658,252.37373294242215,114.39546409357109,1.4202096925747922,224.10787475146319,1.4195070936427296,252.17393562148297,224.14811797977427,263.36633228591177,1.4194194384515066,1.4114444029374662,249.63460847691974,1.3614521588181758,42.76136012296766,164.18620290537444,42.62023367470523,1.2612952103003567,223.27547472733667,164.0009152269356,223.17974302792578,284.31113734713506,1.2610302376949725,1.2516201008578773,162.107193397916,1.200947249172625,129.97314449523196,0.011186743485658856,0.001909124650012465
123.3085781,190.0,25.50727261,599.9999588,1.622168383,1219.506406,1.622195,276.2319733,135.5788464,1.571980399,923.2876913,922.5406806,1.571315,273.1139313,922.5406806,1.521297889,194.8069316,1.521193381,273.1139313,1.520795,114.02881719999999,251.86750195000002,114.02881719999999,1.420144395,224.0086124,1.419502166,251.86750195000002,224.0086124,262.77915885000004,1.419362598,1.411445,249.98554965,1.361375002,42.81170177,163.76894865000003,42.81170177,1.261219844,224.9999984,163.76894865000003,224.9999984,282.6397807,1.260973476,1.251615002,161.9655798,1.200914687,159.4308706,0.011474201000000002,0.0018387085000000003,122.98138751515559,195.08897271111468,26.122576286614077,600.2191581552134,1.6221300119639936,1219.8447815839177,1.622159677489337,276.51773531983997,134.46205334186615,1.571979521621126,922.8285706123041,923.1028859679171,1.5713236661573131,273.3719293974328,922.7956207664796,1.5213289629775182,197.9843570584418,1.5211987617721638,273.7761545146529,1.5208191486847513,114.25808816940804,252.37413411831682,114.39563587174472,1.420209709202723,224.10782054506933,1.4195071023089498,252.17419274256787,224.14809790333211,263.3660898817918,1.4194194530303212,1.4114444008338787,249.63488826092495,1.361452144041703,42.76211387390237,164.1867528746564,42.62101427916837,1.2612952443100156,223.27489495566988,164.00138446678167,223.17874205462067,284.31053440144376,1.2610302651908099,1.251620098868703,162.10773178043914,1.2009472428214825,129.9658077465492,0.011186914686302393,0.0019090736090448576
123.3085781,190.0,25.50727261,599.9999588,1.622168383,1219.506406,1.622195,276.2319733,135.5788464,1.571980399,923.2876913,922.5406806,1.571315,273.1139313,922.5406806,1.521297889,194.8069316,1.521193381,273.1139313,1.520795,114.02873310000001,251.8675408,114.02873310000001,1.420144395,224.0085145,1.419502166,251.8675408,224.0085145,262.7790123,1.419362598,1.411445,249.98559075,1.361375002,42.81170919,163.76896835000002,42.81170919,1.261219847,224.9999984,163.76896835000002,224.9999984,282.6398309,1.260973479,1.251615002,161.9655976,1.200914688,159.41949255,0.011474217499999996,0.0018387145000000004,122.9813792960007,195.08988197779024,26.122668665474315,600.21915171683,1.6221300133477927,1219.8447708114932,1.6221596803235223,276.5177637650204,134.4624273968883,1.5719795201153566,922.828681498713,923.1031940422862,1.5713236646082855,273.37197013387623,922.7958578752147,1.5213289575338624,197.98482672304493,1.5211987330610686,273.7763052743112,1.5208191396996156,114.25822746482771,252.37452943151575,114.395804723544,1.4202097254913084,224.1077663386755,1.41950711097517,252.17444065084516,224.14807916531942,263.3658514192023,1.4194194675704652,1.4114443986587033,249.63516425267707,1.3614521292409862,42.76285774767496,164.18729628467167,42.62178500646946,1.2612952783196745,223.27433004994322,164.00184916559695,223.17777081319593,284.30994110288356,1.2610302929424224,1.251620096886741,162.10826320326208,1.2009472361986335,129.958612117754,0.011187079635519353,0.0019090250470609638
123.3085781,190.0,25.50727261,599.9999588,1.622168383,1219.506406,1.622195,276.2319733,135.5788464,1.571980399,923.2876913,922.5406806,1.571315,273.1139313,922.5406806,1.521297889,194.8069316,1.521193381,273.1139313,1.520795,114.02864919999999,251.86757955000002,114.02864919999999,1.420144395,224.0084169,1.419502166,251.86757955000002,224.0084169,262.7788661,1.419362598,1.411445,249.98563165000002,1.361375002,42.811716579999995,163.768988,42.811716579999995,1.26121985,224.9999984,163.768988,224.9999984,282.6398809,1.260973482,1.251615001,161.9656154,1.200914689,159.40815385000002,0.011474234000000003,0.0018387215000000006,122.98137342517576,195.0907861929843,26.122759339927537,600.2191450809499,1.6221300146787965,1219.844759713454,1.6221596830917324,276.51779677547665,134.4627977557146,1.571979518737383,922.8287968503463,923.1035046213249,1.5713236631925314,273.372014352067,922.7961050026287,1.5213289527130502,197.9853157267788,1.5211987054009823,273.7764549894453,1.520819131324883,114.25836676024738,252.374917625727,114.39597064896894,1.4202097421192394,224.10771447453325,1.419507120086483,252.17469860945803,224.14805942348463,263.3656146458401,1.419419482084829,1.4114443966294574,249.63543919102557,1.361452115203943,42.763592052946734,164.1878346490972,42.62254493062455,1.2612953125909458,223.27378496547016,164.00230755742507,223.17682930365154,284.3093670985854,1.2610303201824844,1.2516200950879734,162.10878841206696,1.2009472302663722,129.9515576088464,0.011187240938922436,0.0019089777746428033
123.3085781,190.0,25.50727261,599.9999588,1.622168383,1219.506406,1.622195,276.2319733,135.5788464,1.571980399,923.2876913,922.5406806,1.571315,273.1139313,922.5406806,1.521297889,194.8069316,1.521193381,273.1139313,1.520795,114.02856550000001,251.86761825000002,114.02856550000001,1.420144395,224.00831955,1.419502166,251.86761825000002,224.00831955,262.7787204,1.419362598,1.411445,249.98567255,1.361375002,42.811723955000005,163.76900755000003,42.811723955000005,1.261219853,224.9999984,163.76900755000003,224.9999984,282.63993085,1.260973485,1.251615001,161.96563315,1.20091469,159.3968544,0.011474250000000002,0.0018387275,122.98136857196049,195.09165504780762,26.122845242041116,600.2191383265722,1.6221300160542595,1219.8447483169346,1.6221596858681895,276.51783171739584,134.4631592436708,1.5719795172427264,922.828906992551,923.103805181685,1.571323661711233,273.3720554366852,922.7963454509234,1.5213289474811613,197.98579478467397,1.521198678087111,273.7766033118805,1.5208191226571568,114.25850225138038,252.3752991197145,114.39613364801956,1.42020975852094,224.1076649526426,1.4195071290407044,252.17495321795903,224.1480400162572,263.3653809693946,1.4194194963671691,1.4114443945644173,249.63570844099445,1.361452100972951,42.76431509208046,164.1883639314612,42.62329436029497,1.261295346338992,223.27324979162387,164.00276039910446,223.17590761536073,284.3088220356805,1.2610303471667714,1.2516200932271795,162.10930318132154,1.2009472240171197,129.9446293651014,0.011187400681095113,0.001908931742144643
123.3085781,190.0,25.50727261,599.9999588,1.622168383,1219.506406,1.622195,276.2319733,135.5788464,1.571980399,923.2876913,922.5406806,1.571315,273.1139313,922.5406806,1.521297889,194.8069316,1.521193381,273.1139313,1.520795,114.02848205000001,251.8676568,114.02848205000001,1.420144395,224.00822245,1.419502166,251.8676568,224.00822245,262.77857505,1.419362598,1.411445,249.98571325,1.361375002,42.811731304999995,163.76902710000002,42.811731304999995,1.261219856,224.9999984,163.76902710000002,224.9999984,282.6399806,1.260973488,1.251615001,161.96565085,1.200914691,159.38559405,0.011474266000000004,0.0018387340000000005,122.98136332735689,195.09250874818636,26.122929780629082,600.2191312759497,1.6221300174519522,1219.8447362963202,1.622159688683132,276.51786490343966,134.46351333923525,1.5719795157814076,922.8290156463476,923.1041007327057,1.5713236602211953,273.3720972176529,922.7965817247685,1.521328942186988,197.98627273747599,1.521198651008171,273.7767474562189,1.5208191141359275,114.25863657196363,252.37567977617408,114.39629459860812,1.4202097749509193,224.1076157653593,1.41950713804729,252.17520698893208,224.14801960520768,263.36514898217644,1.4194195106237286,1.411444392510391,249.63597474143313,1.3614520868510551,42.765028254052055,164.18888816823545,42.62403267815809,1.2612953796946187,223.272719573091,164.00320970887105,223.17500079301007,284.30827214921004,1.2610303737673954,1.251620091383695,162.10981123943662,1.2009472176659772,129.937812531794,0.01118755729839236,0.0019088861071469216
123.3085781,190.0,25.50727261,599.9999588,1.622168383,1219.506406,1.622195,276.2319733,135.5788464,1.571980399,923.2876913,922.5406806,1.571315,273.1139313,922.5406806,1.521297889,194.8069316,1.521193381,273.1139313,1.520795,114.02839885,251.86769525,114.02839885,1.420144395,224.00812565,1.419502166,251.86769525,224.00812565,262.77843005,1.419362598,1.411445,249.98575384999998,1.361375002,42.811738635,163.76904654999998,42.811738635,1.261219859,224.9999984,163.76904654999998,224.9999984,282.64003025,1.260973491,1.251615001,161.9656685,1.200914692,159.37437260000002,0.011474281999999999,0.0018387405000000008,122.98135855241928,195.09335234560203,26.123011933047227,600.2191241660784,1.6221300188857684,1219.8447242757056,1.6221596914760827,276.5178986162461,134.46385412849457,1.5719795143589834,922.8291213233277,923.1043896046073,1.5713236587748538,273.3721389986205,922.7968113194943,1.5213289370298404,197.98673190369388,1.52119862433727,273.77688951150895,1.520819105736779,114.25876767353509,252.3760566637578,114.39645203754749,1.4202097910981106,224.10756490503917,1.4195071467920557,252.17545740979327,224.14799685190656,263.36491727649616,1.419419524596704,1.4114443905114322,249.63623788166092,1.3614520730079607,42.76573153886153,164.18940534118406,42.624761118859155,1.2612954128540361,223.27220917581167,164.0036517025325,223.1741088365996,284.3077367334362,1.261030400112244,1.251620089567618,162.11031208929077,1.2009472116091837,129.93110562345166,0.01118771261488236,0.0019088423065031033
123.3085781,190.0,25.50727261,599.9999588,1.622168383,1219.506406,1.622195,276.2319733,135.5788464,1.571980399,923.2876913,922.5406806,1.571315,273.1139313,922.5406806,1.521297889,194.8069316,1.521193381,273.1139313,1.520795,114.02831585,251.8677336,114.02831585,1.420144395,224.00802905,1.419502166,251.8677336,224.00802905,262.77828550000004,1.419362598,1.411445,249.98579435,1.361375002,42.811745935000005,163.76906595000003,42.811745935000005,1.261219862,224.9999984,163.76906595000003,224.9999984,282.64007975,1.260973494,1.251615001,161.9656861,1.200914693,159.36319005000001,0.011474298000000004,0.0018387464999999993,122.98135401231467,195.09418584005462,26.123094085465375,600.2191171549551,1.6221300203084694,1219.8447122822256,1.622159694230548,276.51793092435224,134.46419565699307,1.5719795128809957,922.8292240234916,923.1046784765089,1.571323657297925,273.3721786905398,922.7970417491101,1.5213289313993312,197.98718775463223,1.5211985977034632,273.7770305222748,1.520819097069053,114.25889643400704,252.37642810740977,114.39660742802481,1.4202098070190718,224.10751605236325,1.4195071555891856,252.17570531807056,224.14797644085704,263.3646886677326,1.4194195383118753,1.4114443884326253,249.63650144325018,1.3614520591285009,42.766425872492825,164.18991469346855,42.6254802997208,1.2612954456210344,223.27169382321892,164.0040886506042,223.1732317461293,284.3072109647934,1.2610304262013177,1.2516200877414432,162.11080846505195,1.2009472051787935,129.9244982417669,0.01118786402447583,0.0019087991509693734
123.3085781,190.0,25.50727261,599.9999588,1.622168383,1219.506406,1.622195,276.2319733,135.5788464,1.571980399,923.2876913,922.5406806,1.571315,273.1139313,922.5406806,1.521297889,194.8069316,1.521193381,273.1139313,1.520795,114.0282331,251.8677719,114.0282331,1.420144395,224.0079328,1.419502166,251.8677719,224.0079328,262.7781414,1.419362598,1.411445,249.98583474999998,1.361375002,42.811753214999996,163.76908535,42.811753214999996,1.261219865,224.9999984,163.76908535,224.9999984,282.64012915,1.260973497,1.251615001,161.96570365,1.2009146945,159.35204605,0.011474314000000003,0.0018387529999999996,122.98134837632273,195.09500418006263,26.12317521523931,600.2191105388248,1.6221300216422518,1219.8447009942445,1.6221596968887995,276.517963759221,134.46453275005652,1.571979511403008,922.82933118888,923.104963173961,1.5713236558406594,273.37221942698324,922.7972721787258,1.521328925980589,197.98764526321034,1.5211985714035066,273.77717048851645,1.5208190887675688,114.25902460920413,252.37679620094985,114.39676106267754,1.4202098228834752,224.10746786890206,1.41950716417686,252.1759523888199,224.14795435677067,263.3644623112722,1.4194195520141566,1.4114443863951192,249.6367610019056,1.3614520454551116,42.767112335260556,164.19041874788385,42.626190838065654,1.2612954780610164,223.271188381253,164.00452181448358,223.17236456628578,284.30669001971614,1.2610304521625038,1.2516200859296935,162.11129912391652,1.2009471989748255,129.91799781410222,0.011188012308834839,0.001908757879138613
123.3085781,190.0,25.50727261,599.9999588,1.622168383,1219.506406,1.622195,276.2319733,135.5788464,1.571980399,923.2876913,922.5406806,1.571315,273.1139313,922.5406806,1.521297889,194.8069316,1.521193381,273.1139313,1.520795,114.02815054999999,251.86781,114.02815054999999,1.420144395,224.0078367,1.419502166,251.86781,224.0078367,262.77799760000005,1.419362598,1.411445,249.98587505,1.361375002,42.811760475,163.76910464999997,42.811760475,1.261219868,224.9999984,163.76910464999997,224.9999984,282.64017835,1.2609735,1.251615001,161.9657212,1.200914696,159.3409407,0.011474330000000003,0.0018387594999999992,122.98134407105111,195.0958124171076,26.12325566325044,600.2191036461995,1.6221300230204936,1219.844689027899,1.6221596995800385,276.5179955405645,134.46486984311994,1.5719795099805838,922.8294390984726,923.1052512109727,1.5713236543790243,273.37226155612564,922.7975001036718,1.5213289205867606,197.98808840557706,1.521198545474494,273.777308017535,1.5208190802219232,114.25915102857661,252.3771588505582,114.39691264886824,1.4202098383519757,224.10741968544087,1.4195071727121704,252.17619694698533,224.14793461493588,263.3642370809633,1.4194195654586337,1.4114443843410929,249.63701761103087,1.361452031854453,42.76779154448735,164.19092053178375,42.6268945858616,1.2612955103047891,223.27069284991384,164.00495321240658,223.17151225238243,284.3061787217699,1.261030477995802,1.251620084146793,162.11178580580955,1.2009471926689674,129.9115939421501,0.011188156686004177,0.0019087182431664035
123.3085781,190.0,25.50727261,599.9999588,1.622168383,1219.506406,1.622195,276.2319733,135.5788464,1.571980399,923.2876913,922.5406806,1.571315,273.1139313,922.5406806,1.521297889,194.8069316,1.521193381,273.1139313,1.520795,114.0280682,251.8678481,114.0280682,1.420144395,224.00774095,1.419502166,251.8678481,224.00774095,262.7778542,1.419362598,1.411445,249.9859152,1.361375002,42.81176771,163.7691239,42.81176771,1.2612198715,224.9999984,163.7691239,224.9999984,282.64022745,1.260973503,1.251615001,161.96573865,1.200914697,159.3298737,0.011474345500000004,0.0018387655000000006,122.98133890472518,195.09661560267102,26.12333406597315,600.2190970893181,1.622130024420965,1219.844677549976,1.6221597022492857,276.51803030689615,134.46519067292158,1.5719795084303636,922.8295425428405,923.1055233850765,1.5713236528889867,273.3723022925691,922.7977205146086,1.5213289146199158,197.98853431067673,1.5211985192239965,273.7774420648062,1.5208190712612037,114.25927510684959,252.37751856881866,114.39706160132202,1.4202098537639185,224.10737083276496,1.4195071811427533,252.17643983009484,224.1479115270274,263.36401241373017,1.4194195787097579,1.4114443822044647,249.63727527355977,1.3614520180477239,42.768462728519914,164.1914155041375,42.62758938247944,1.2612955420253362,223.27019236326132,164.005376032827,223.1706599384791,284.3056770709548,1.2610305031896623,1.2516200822484949,162.11226279383442,1.2009471859668706,129.90530148063556,0.01118829924074123,0.001908678905277806
123.3085781,190.0,25.50727261,599.9999588,1.622168383,1219.506406,1.622195,276.2319733,135.5788464,1.571980399,923.2876913,922.5406806,1.571315,273.1139313,922.5406806,1.521297889,194.8069316,1.521193381,273.1139313,1.520795,114.02798609999999,251.867886,114.02798609999999,1.420144395,224.00764544999998,1.419502166,251.867886,224.00764544999998,262.7777112,1.419362598,1.411445,249.9859553,1.361375002,42.811774920000005,163.76914315,42.811774920000005,1.2612198745,224.9999984,163.76914315,224.9999984,282.64027645,1.260973506,1.251615001,161.96575604999998,1.200914698,159.31884495,0.011474361500000002,0.0018387719999999994,122.98133397323224,195.09740363378984,26.12341246869586,600.219090571936,1.6221300257519686,1219.8446659092454,1.622159704844311,276.51806331735247,134.46551445967987,1.5719795069968265,922.8296497082289,923.1058005685196,1.5713236514426452,273.3723433771873,922.7979434302152,1.5213289092136306,197.9889730326707,1.5211984940863323,273.7775771566017,1.5208190629597196,114.25939801457282,252.3778740994393,114.39720938322607,1.420209869034467,224.10732398773322,1.4195071896780638,252.1766835507323,224.14789011215575,263.36379365879264,1.4194195919222115,1.411444380183479,249.6375299865585,1.3614520047379886,42.76912743066484,164.19190492634252,42.62827738854837,1.2612955734842706,223.26970178723553,164.0057993578064,223.16982744582933,284.3051802437052,1.2610305286392978,1.2516200804800193,162.11273878761642,1.2009471798647926,129.89910557483358,0.011188438930508764,0.0019086415498973202
123.3085781,190.0,25.50727261,599.9999588,1.622168383,1219.506406,1.622195,276.2319733,135.5788464,1.571980399,923.2876913,922.5406806,1.571315,273.1139313,922.5406806,1.521297889,194.8069316,1.521193381,273.1139313,1.520795,114.0279043,251.8679238,114.0279043,1.420144395,224.00755015,1.419502165,251.8679238,224.00755015,262.7775686,1.419362598,1.411445,249.9859952,1.361375002,42.811782109999996,163.76916225000002,42.811782109999996,1.2612198774999999,224.9999984,163.76916225000002,224.9999984,282.64032525,1.260973509,1.251615001,161.9657734,1.200914699,159.30785435,0.011474377000000006,0.0018387785000000003,122.9813288069063,195.0981815619456,26.123489507892963,600.2190839360561,1.6221300271107595,1219.844654268515,1.6221597074365872,276.5180965033963,134.4658323325248,1.57197950550217,922.829753896801,923.1060735775134,1.5713236499526075,273.37238272093185,922.7981621713722,1.5213289033464408,197.98939407317377,1.521198468874479,273.7777091148245,1.520819054414074,114.25951858119657,252.37822502365614,114.39735394611834,1.4202098839939492,224.10727881573837,1.419507198003919,252.17691889609014,224.1478697011062,263.3635757484688,1.419419604619057,1.4114443781074255,249.6377783791354,1.3614519912949135,42.76978472493816,164.1923875370014,42.628957678084454,1.261295604289173,223.26921616652317,164.0062151144012,223.16900486380632,284.30468341645553,1.2610305534494952,1.251620078663942,162.11320807025893,1.2009471734457235,129.8930151375792,0.011188574973339308,0.001908604492496896
123.3085781,190.0,25.50727261,599.9999588,1.622168383,1219.506406,1.622195,276.2319733,135.5788464,1.571980399,923.2876913,922.5406806,1.571315,273.1139313,922.5406806,1.521297889,194.8069316,1.521193381,273.1139313,1.520795,114.02782265,251.86796155000002,114.02782265,1.420144395,224.00745515,1.419502165,251.86796155000002,224.00745515,262.77742639999997,1.419362598,1.411445,249.98603509999998,1.361375002,42.81178928,163.76918135,42.81178928,1.2612198805000001,224.9999984,163.76918135,224.9999984,282.64037395,1.2609735115,1.251615001,161.96579075,1.2009147,159.29690175000002,0.011474392500000003,0.0018387845,122.98132457991235,195.09895949010138,26.123565865327254,600.2190777939171,1.6221300284278697,1219.8446433604176,1.6221597099711351,276.5181284603274,134.46614059526044,1.5719795040019566,922.8298536201485,923.1063374027183,1.571323648493157,273.37242241285117,922.7983775729695,1.5213288974792512,197.98981511367683,1.521198443848098,273.77783828764956,1.5208190457951802,114.25963680672083,252.37857050394123,114.39749587527372,1.4202098987837586,224.10723230531403,1.41950720627741,252.17715424144797,224.14784661319771,263.3633584012207,1.4194196172256714,1.4114443759873176,249.6380274037545,1.3614519779851781,42.770432913702656,164.19286560662948,42.62962870778111,1.2612956348324627,223.2687404564376,164.0066245640088,223.1681971477235,284.30420105990254,1.261030578131805,1.2516200768478647,162.11367039320123,1.2009471668341956,129.88702868339988,0.01118871023595445,0.0019085681789241522
123.3085781,190.0,25.50727261,599.9999588,1.622168383,1219.506406,1.622195,276.2319733,135.5788464,1.571980399,923.2876913,922.5406806,1.571315,273.1139313,922.5406806,1.521297889,194.8069316,1.521193381,273.1139313,1.520795,114.02774120000001,251.86799919999999,114.02774120000001,1.420144395,224.00736045000002,1.419502165,251.86799919999999,224.00736045000002,262.77728455,1.4193625975,1.411445,249.98607479999998,1.361375002,42.811796425,163.76920045,42.811796425,1.2612198835,224.9999984,163.76920045,224.9999984,282.6404225,1.2609735145,1.251615001,161.965808,1.200914701,159.285987,0.011474408000000005,0.0018387904999999994,122.98131823942143,195.0997121608495,26.123640859235934,600.2190714147825,1.622130029789439,1219.8446319910329,1.6221597125359215,276.5181637534216,134.4664429440827,1.5719795025017436,922.8299563203124,923.1066003930333,1.5713236470205978,273.3724624529452,922.7985871303374,1.5213288914625787,197.99022897107417,1.5211984192544854,273.77796537142615,1.5208190371030381,114.2597526911456,252.37891430917037,114.39763487805476,1.4202099133756163,224.1071867987118,1.4195072141058083,252.17738372411006,224.1478251983261,263.3631458401167,1.4194196294971404,1.411444373894744,249.63827158271687,1.3614519646996865,42.77107369459555,164.19333686471145,42.630291403622294,1.2612956648525269,223.268264746352,164.00703149082153,223.16740429758084,284.3037187033495,1.2610306023025644,1.2516200749957256,162.11412625356476,1.2009471604490898,129.88114324135066,0.011188843154568055,0.001908532460517769
123.3085781,190.0,25.50727261,599.9999588,1.622168383,1219.506406,1.622195,276.2319733,135.5788464,1.571980399,923.2876913,922.5406806,1.571315,273.1139313,922.5406806,1.521297889,194.8069316,1.521193381,273.1139313,1.520795,114.02766005,251.8680367,114.02766005,1.420144395,224.00726594999998,1.419502165,251.8680367,224.00726594999998,262.77714315000003,1.419362597,1.411445,249.98611445,1.361375002,42.811803545000004,163.76921944999998,42.811803545000004,1.2612198865,224.9999984,163.76921944999998,224.9999984,282.64047095,1.2609735175,1.251615001,161.96582525,1.200914702,159.27511,0.011474423500000002,0.0018387969999999999,122.9813153431478,195.10045472863456,26.123714489619005,600.2190652133947,1.6221300311232214,1219.8446207573209,1.6221597150429798,276.5181988709283,134.46674603214413,1.5719795009459672,922.8300582762721,923.1068617135686,1.5713236455065274,273.3725056266117,922.7987950179256,1.5213288855455616,197.99064061828514,1.5211983948339802,273.77809732964903,1.5208190285329766,114.25986681974575,252.37925350799574,114.39777153973633,1.420209927854359,224.1071399536801,1.4195072222745717,252.17761571935606,224.1478011065955,263.36293215286116,1.4194196419490723,1.4114443717828964,249.63851723644436,1.3614519516081436,42.771706913286195,164.19380358176264,42.63094607426931,1.2612956949379943,223.2678039022066,164.00743337204455,223.16662135806502,284.30325564105857,1.2610306268569866,1.2516200731984004,162.11457813695677,1.200947153735672,129.87535881143148,0.011188973207837918,0.001908498476635183
123.3085781,190.0,25.50727261,599.9999588,1.622168383,1219.506406,1.622195,276.2319733,135.5788464,1.571980399,923.2876913,922.5406806,1.571315,273.1139313,922.5406806,1.521297889,194.8069316,1.521193381,273.1139313,1.520795,114.02757905,251.86807414999998,114.02757905,1.420144395,224.00717170000001,1.419502165,251.86807414999998,224.00717170000001,262.77700204999996,1.419362597,1.411445,249.986154,1.361375002,42.811810644999994,163.76923835000002,42.811810644999994,1.2612198895,224.9999984,163.76923835000002,224.9999984,282.64051925,1.2609735205,1.251615001,161.96584239999999,1.200914703,159.2642706,0.011474439000000003,0.001838803,122.98131072476552,195.10119224493806,26.123787097357862,600.2190590515062,1.622130032395872,1219.8446099306273,1.6221597174648201,276.51823346167237,134.46703433542208,1.5719794995679937,922.8301542785993,923.1071130154252,1.5713236441300997,273.3725456667057,922.7989987310641,1.5213288798901385,197.9910401094711,1.5211983712419175,273.7782230207267,1.5208190204512375,114.25997860724641,252.37958893794524,114.39790586031843,1.4202099421634287,224.10709545089998,1.4195072303124254,252.17784101437832,224.1477793571165,263.3627252225148,1.4194196538853963,1.411444369814225,249.63875214545476,1.361451938989351,42.77233210678261,164.1942624781497,42.63159302838348,1.2612957239770106,223.26733314743439,164.0078299553983,223.16584832917593,284.30278775520213,1.2610306503883078,1.251620071484739,162.11502405489142,1.2009471477694473,129.8696739081699,0.011189100395664085,0.001908464592433456
123.3085781,190.0,25.50727261,599.9999588,1.622168383,1219.506406,1.622195,276.2319733,135.5788464,1.571980399,923.2876913,922.5406806,1.571315,273.1139313,922.5406806,1.521297889,194.8069316,1.521193381,273.1139313,1.520795,114.02749825000001,251.86811145000001,114.02749825000001,1.420144395,224.0070778,1.419502165,251.86811145000001,224.0070778,262.77686140000003,1.419362597,1.411445,249.9861934,1.361375002,42.81181772,163.76925725,42.81181772,1.2612198925,224.9999984,163.76925725,224.9999984,282.6405674,1.260973523,1.251615001,161.96585955,1.200914704,159.25346865,0.011474453999999999,0.0018388094999999994,122.98130610638324,195.10191965827852,26.12385970509672,600.2190529883659,1.6221300337074247,1219.8445991310684,1.622159719905903,276.5182680524165,134.46732411717838,1.5719794980399988,922.8302569787631,923.1073643172817,1.571323642675019,273.3725857067997,922.799199939533,1.5213288738360957,197.99143518028433,1.5211983474396529,273.77834766728023,1.5208190119300082,114.26008805364758,252.37991808643503,114.39803666925133,1.420209956133153,224.10704960969036,1.419507238062278,252.1780637968167,224.1477552653859,263.36251603986545,1.4194196657314888,1.4114443677051307,249.63899190012185,1.3614519262978273,42.77294788610888,164.1947160766676,42.63222979667428,1.2612957532122366,223.2668772586024,164.00822073632386,223.165090166227,284.3023295164768,1.2610306741114605,1.2516200697090512,162.1154630131259,1.2009471412032038,129.86408853156584,0.011189225499854337,0.0019084316004993004
123.3085781,190.0,25.50727261,599.9999588,1.622168383,1219.506406,1.622195,276.2319733,135.5788464,1.571980399,923.2876913,922.5406806,1.571315,273.1139313,922.5406806,1.521297889,194.8069316,1.521193381,273.1139313,1.520795,114.02741775,251.86814865000002,114.02741775,1.420144395,224.00698405,1.419502165,251.86814865000002,224.00698405,262.77672110000003,1.419362597,1.411445,249.98623270000002,1.361375002,42.811824775000005,163.7692761,42.811824775000005,1.2612198955,224.9999984,163.7692761,224.9999984,282.64061549999997,1.260973526,1.251615001,161.96587664999998,1.200914705,159.242704,0.011474469499999997,0.0018388154999999995,122.98130242733295,195.10263696865593,26.123929926665756,600.2190469647248,1.6221300349967478,1219.8445883857787,1.6221597223085005,276.5183054525611,134.46760354958624,1.5719794965897929,922.8303500042739,923.1076072702394,1.5713236412658191,273.37262853229157,922.7993953037724,1.5213288681183885,197.99182306799187,1.5211983243916418,273.77847301018323,1.5208190037017726,114.26019574422412,252.38024388481296,114.39816601499705,1.4202099700463195,224.10700477230287,1.4195072458383124,252.17828406667118,224.14773150826267,263.36231136182226,1.4194196774228989,1.4114443656813915,249.63922680913225,1.3614519137396435,42.77355594890224,164.19516362047773,42.632857922448295,1.2612957816626242,223.26643128039714,164.00860647165968,223.1643369585915,284.3018761013169,1.2610306973870065,1.2516200680011595,162.1158965030245,1.2009471348747036,129.8585982252019,0.01118934799906267,0.0019083990054247577
123.3085781,190.0,25.50727261,599.9999588,1.622168383,1219.506406,1.622195,276.2319733,135.5788464,1.571980399,923.2876913,922.5406806,1.571315,273.1139313,922.5406806,1.521297889,194.8069316,1.521193381,273.1139313,1.520795,114.0273374,251.86818575,114.0273374,1.420144395,224.0068906,1.419502165,251.86818575,224.0068906,262.7765812,1.419362597,1.411445,249.9862719,1.361375002,42.811831805,163.7692949,42.811831805,1.261219898,224.9999984,163.7692949,224.9999984,282.6406634,1.260973529,1.251615001,161.96589365,1.200914706,159.23197655,0.011474484500000003,0.0018388215000000004,122.98129765239534,195.10334417607027,26.124000148234796,600.2190409015845,1.622130036291628,1219.8445774234124,1.622159724700102,276.51834074565534,134.4678800250374,1.571979495128474,922.8304445181928,923.1078460487478,1.571323639880652,273.3726692687351,922.7995864935623,1.5213288623633106,197.99220764041985,1.5211983015909272,273.77859347864,1.5208189956444496,114.26030109370119,252.38056549555108,114.39829272700587,1.420209983704977,224.10695993491538,1.4195072535619828,252.1785018239418,224.14770775113945,263.3621094991579,1.4194196888693953,1.411444363690693,249.63945687248594,1.361451901278434,42.77415644949335,164.19560485730074,42.63347864035077,1.2612958099168021,223.2659853021919,164.0089879182442,223.16360357220955,284.3014323332882,1.2610307203428335,1.2516200662730734,162.11632303322287,1.2009471286480933,129.8532015036055,0.011189468935766863,0.0019083676988256347
