air_m3,second_air2,COG,burner_input_T_PV,burner_inputP,burner_output_T_PV,burner_output_P_PV,fur_F,fur_inputT,fur_inputP,fur_temp,fur_outputT,fur_outputP_PV,WHB_F,WHB_inputT,WHB_inputP,WHB_outputT,WHB_outputP,SEP1_F,SEP1_P_PV,SEP1_T,HEATER1_F,HEATER1_input_T,HEATER1_input_P,HEATER1_output_T_PV,HEATER1_output_P,cat1_F,cat1_input_temp,cat1_output_temp,cat1_input_P,cat1_output_P_PV,cat1_deltaP,SEP2_F,SEP2_P_PV,SEP2_T,HEATER2_F,HEATER2_input_T,HEATER2_input_P,HEATER2_output_T_PV,HEATER2_output_P,cat2_F,cat2_input_temp,cat2_output_temp,cat2_input_P,cat2_output_P_PV,cat2_deltaP,SEP3_F,SEP3_P_PV,SEP3_T,B35_H2S,B35_SO2,air_m3_pred,second_air2_pred,COG_pred,burner_input_T_PV_pred,burner_inputP_pred,burner_output_T_PV_pred,burner_output_P_PV_pred,fur_F_pred,fur_inputT_pred,fur_inputP_pred,fur_temp_pred,fur_outputT_pred,fur_outputP_PV_pred,WHB_F_pred,WHB_inputT_pred,WHB_inputP_pred,WHB_outputT_pred,WHB_outputP_pred,SEP1_F_pred,SEP1_P_PV_pred,SEP1_T_pred,HEATER1_F_pred,HEATER1_input_T_pred,HEATER1_input_P_pred,HEATER1_output_T_PV_pred,HEATER1_output_P_pred,cat1_F_pred,cat1_input_temp_pred,cat1_output_temp_pred,cat1_input_P_pred,cat1_output_P_PV_pred,cat1_deltaP_pred,SEP2_F_pred,SEP2_P_PV_pred,SEP2_T_pred,HEATER2_F_pred,HEATER2_input_T_pred,HEATER2_input_P_pred,HEATER2_output_T_PV_pred,HEATER2_output_P_pred,cat2_F_pred,cat2_input_temp_pred,cat2_output_temp_pred,cat2_input_P_pred,cat2_output_P_PV_pred,cat2_deltaP_pred,SEP3_F_pred,SEP3_P_PV_pred,SEP3_T_pred,B35_H2S_pred,B35_SO2_pred
2187.5471544976303,179.99999859879392,24.158891416309103,599.9999647274936,1.6221710839957266,1219.5064128594404,1.6221949712801473,275.5849472415367,132.96896258226568,1.5719757941709,920.6123062753322,919.503986051716,1.5713149520234633,272.48636263322686,919.5039860517136,1.5212960205542612,189.4666677226901,1.521192229409079,272.48636263322686,1.5207953927390205,113.23555571681854,250.41892173108644,113.23555571682184,1.4200607399217233,223.84916410865924,1.4194262163915443,250.41892173108644,223.84916410865924,263.3899715765784,1.4192880852193663,1.4114450237839917,7.843061435374832,248.50990227645366,1.361375220060101,41.75769511909149,162.51670749683097,41.7576951190926,1.2597800169034463,149.99976002370494,1.4194262163915443,162.51670749683097,149.99976002370494,212.13742080472153,1.2595590169450652,1.2516150202497656,7.943986333082131,160.65063501584024,1.2009150879946755,89.00399334573444,0.009869786293438602,0.0004602741784472999,2187.317140260617,183.46321781002055,24.142433713001935,599.6204319951213,1.6222088223986635,1219.0842107101807,1.622229217057732,276.2176804562455,129.83873844266432,1.5719927321090574,917.4705185001861,915.2975195980304,1.571338910007083,271.5407851789387,916.1911698487241,1.5214524953191209,185.81232807663932,1.521389928180921,272.2416767533727,1.520993986382478,112.46923444221238,247.82437149592357,112.39016520079021,1.4199942213984154,223.87186647025064,1.4193396936348779,247.0903343500011,224.13847158392343,266.9096647961728,1.419200711335239,1.4114988148042187,7.698902350073411,245.57330767885534,1.3614324796229653,40.41187941382173,160.37757581645474,40.33702395702492,1.2596902877011125,157.13507590232507,1.4193199810472628,160.5866655599451,156.42471438405278,214.97431468760715,1.259505632136338,1.251657133180095,7.884221366774999,159.5210324326562,1.200950692943752,103.10810247189578,0.008337215459155268,0.0004727060955254421
2187.5477253218914,179.99999989777257,24.15889013003015,599.9999572356019,1.6221711154717755,1219.5064013312506,1.6221950027574459,275.58494016381024,132.96896369748885,1.5719758335552925,920.6125114320196,919.5042606525457,1.5713149916080476,272.4863448871988,919.5042606525458,1.521295672354681,189.46691247636483,1.5211918811782978,272.4863448871988,1.5207950444501595,113.2336546092951,250.42051356875314,113.23365460929725,1.4200607499600664,223.846641909844,1.4194262231735475,250.42051356875314,223.846641909844,263.38589025332175,1.4192880913136832,1.411445005125938,7.843086187745318,248.51156132903404,1.3613749883299469,41.75637333254265,162.51657309517202,41.75637333254757,1.2597800635705545,149.99988606355743,1.4194262231735475,162.51657309517202,149.99988606355743,212.14032406367568,1.2595590637789327,1.25161502365028,7.944040128652685,160.6504120882504,1.200914884424492,89.00013556210872,0.0098695759385279,0.00046023168724400006,2187.3217755426504,183.46403615002856,24.14250325280817,599.6204130354644,1.6222088516529565,1219.0842482101566,1.6222292445831419,276.2181531378855,129.83866304026856,1.5719926959039145,917.4707179468812,915.2978368561882,1.571338871672478,271.5411424062122,916.1914353437162,1.5214521627578355,185.81418905356094,1.5213896016509454,272.2420099565898,1.5209936547381868,112.46869306295527,247.82820904905384,112.38960626329172,1.4199943251250322,223.8696302892013,1.4193397720759524,247.09414510223652,224.13631035492483,266.9045447481759,1.4192007904810584,1.4114987562782324,7.699038159720348,245.57720780047018,1.361432201548896,40.41015461438555,160.3773099138753,40.33532446782998,1.2596902857390166,157.13503873747462,1.419320058362514,160.58643749928873,156.42420894208684,214.9752239297096,1.2595056488256717,1.2516570956526398,7.884271053254149,159.52093698533906,1.2009504346186755,103.11675832015952,0.008337857491924996,0.00047250569537292517
2187.5476523564157,180.00000008392232,24.15889032526163,599.9999588151503,1.6221711128047935,1219.5064059428087,1.6221950000906364,275.58493075438514,132.96896567794164,1.5719758411280038,920.6125149525626,919.5042652075402,1.5713149992269775,272.48633556634974,919.504265207541,1.5212956623496807,189.46688979137127,1.521191871179347,272.48633556634974,1.5207950344619712,113.23172869289868,250.42197518001538,113.23172869290073,1.4200607750979652,223.84414901355498,1.4194262455782811,250.42197518001538,223.84414901355498,263.3818288720795,1.4192881131276631,1.4114450077092604,7.843105418402496,248.51309072264138,1.3613749846300283,41.75507604362491,162.51644554686894,41.75507604362987,1.2597801239076625,149.99988673276505,1.4194262455782811,162.51644554686894,149.99988673276505,212.14309324795755,1.2595591241987019,1.2516150263871744,7.944097796437899,160.65020027334083,1.2009148873383455,88.9963023606418,0.009869386576867353,0.00046018808737445006,2187.3259692369998,183.4647282029983,24.142561202646693,599.6204225942914,1.6222088700091362,1219.0843348237042,1.6222292612858675,276.2185931602444,129.83852849873887,1.5719926732451406,917.4708727413312,915.2980255413031,1.571338846376795,271.5415278356389,916.1915472189644,1.5214519102818218,185.8160102471279,1.5213893541321235,272.2423710137853,1.5209934016161692,112.46804106674723,247.8317107534706,112.38893553829354,1.419994425684424,223.86742020752678,1.4193398491293845,247.09764094395754,224.13418158284105,266.8995950306001,1.419200870090925,1.4114987132538128,7.699159865034259,245.5807961146093,1.3614320028241231,40.408484139341056,160.37712524529073,40.33368362428469,1.259690301697395,157.13488016744608,1.4193201372486814,160.58627099482723,156.42362917042,214.97624893738478,1.2595056872559003,1.2516570712978756,7.884325137272257,159.52088777031616,1.2009502506732883,103.12488979663038,0.008338517564901005,0.0004723137167760112
2187.547649436538,180.0000000020646,24.158890306911346,599.9999587792436,1.6221711127229343,1219.5064057651728,1.622195000008752,275.58493038946835,132.96896570725517,1.5719758414052722,920.612515010673,919.5042652774277,1.571314999506074,272.48633520716066,919.5042652774276,1.5212956560401945,189.4668887979022,1.5211918648696985,272.48633520716066,1.5207950281523845,113.22978454484779,250.4233319089061,113.22978454484925,1.42006079046616,223.84168404816145,1.4194262586710182,250.4233319089061,223.84168404816145,263.377834938826,1.4192881257150507,1.4114450055118015,7.843120203248954,248.51451416526214,1.3613749849127903,41.7538010400386,162.51632553719105,41.753801040046156,1.2597801815040501,149.9998886083145,1.4194262586710182,162.51632553719105,149.9998886083145,212.14586240692398,1.2595591818621776,1.251615026284642,7.944155577535694,160.64999591833697,1.2009148880059926,88.99249354332215,0.009869209546973654,0.00046014424212959996,2187.329879648685,183.4652990204113,24.142614380145577,599.6204473998426,1.6222088827022982,1219.0844465095945,1.6222292724989054,276.2190237008764,129.83837325851226,1.5719926560815913,917.4710037212503,915.2981541143461,1.5713388266523671,271.54191883586117,916.1915872936802,1.5214516979418709,185.81774524342654,1.5213891464527283,272.24272092938946,1.5209931870472204,112.46729250018524,247.83493565489533,112.38816414601813,1.4199945184388685,223.8652204986807,1.419339920763156,247.10086542661827,224.1320678680889,266.89482803111235,1.4192009449571987,1.4114986776139762,7.699269949797061,245.58410633018906,1.3614318414102475,40.40683341862081,160.3769335128805,40.3320625350635,1.2596903235420605,157.13474141867113,1.419320210898462,160.58611357242725,156.42310638485722,214.97732459249804,1.2595057320805094,1.251657052718785,7.884378992846783,159.5208375610504,1.2009501011440742,103.1325503783184,0.008339172882499003,0.00047212529656414097
2187.547648074156,180.00000000021896,24.15889030584728,599.9999587740363,1.6221711127205487,1219.5064057406958,1.6221950000063652,275.58493022489,132.96896573476278,1.571975841530193,920.6125150400401,919.5042653110086,1.57131499963182,272.48633504437333,919.5042653110083,1.5212956512935123,189.46688835032148,1.5211918601228138,272.48633504437333,1.5207950234054073,113.22782694136319,250.42460077367724,113.22782694136646,1.4200608022841643,223.83924468843827,1.4194262686014238,250.42460077367724,223.83924468843827,263.37391740568205,1.4192881352126516,1.4114450038608057,7.843131351845889,248.5158478878463,1.3613749851854866,41.75254664417615,162.51620792188788,41.75254664418514,1.259780238554725,149.99989041862574,1.4194262686014238,162.51620792188788,149.99989041862574,212.1486207303001,1.2595592389782904,1.2516150261096342,7.944212868656431,160.64979426034122,1.2009148888562153,88.9887088894973,0.0098690382018612,0.00046010068482524996,2187.333487336738,183.46584458041664,24.142668239407264,599.620481606224,1.6222088916441975,1219.084572142654,1.6222292801410345,276.2194321174792,129.83820175502385,1.5719926422351802,917.4711108866387,915.2982426126742,1.5713388104716943,271.54230078354055,916.1915856239003,1.521451513181449,185.81935425910223,1.5213889665447027,272.24304577641306,1.5209929995069273,112.46645906876671,247.8379143230987,112.3873049625126,1.4199946034449233,223.86303350491468,1.419339986663084,247.10384367605766,224.1299698798831,266.8902375558792,1.4192010137908595,1.4114986470073303,7.699369833312705,245.58717047067987,1.3614317049430342,40.405206156160624,160.37673068017284,40.33046613874744,1.2596903483298696,157.1346497453734,1.4193202786049435,160.58596018649908,156.42266040665197,214.97845330683214,1.2595057799104776,1.2516570376016367,7.8844315348707115,159.52077890072007,1.200949974460859,103.1397682892011,0.008339811884954843,0.00047194067554281495
2187.5476471229563,180.00000000015442,24.15889030578232,599.999958773938,1.6221711127186285,1219.5064057387244,1.622195000004445,275.58493011012877,132.96896575509476,1.5719758416173468,920.6125150609578,919.5042653350189,1.5713149997195492,272.48633493084833,919.5042653350187,1.5212956477006898,189.46688803888566,1.521191856529831,272.48633493084833,1.520795019812342,113.22585958232425,250.42580181795194,113.22585958232916,1.4200608115717075,223.83682560065196,1.4194262762940277,250.42580181795194,223.83682560065196,263.3700689823262,1.4192881425270678,1.411445002670641,7.843139856426484,248.5171118717165,1.3613749853864188,41.75131157507714,162.51609195258084,41.75131157508674,1.259780294935371,149.99989214623415,1.4194262762940277,162.51609195258084,149.99989214623415,212.1513618670158,1.2595592954243122,1.2516150258704366,7.944269553875616,160.64959476004367,1.2009148898521391,88.98494811294105,0.009868868611505148,0.00046005779270930016,2187.336858955904,183.4663295226436,24.14271732632931,599.6205192095437,1.622208898546521,1219.0846997294025,1.6222292858561376,276.21981981475307,129.83802433762202,1.5719926302056937,917.4712061447617,915.2983110736451,1.5713387963840657,271.54266532248334,916.191560577203,1.5214513470689741,185.82085055527315,1.5213888052580848,272.2433424212834,1.520992830156651,112.4655507221645,247.84068486560304,112.38636852272455,1.4199946814943951,223.86085855701393,1.4193400469338964,247.1066117059781,224.12788393754263,266.8857965772636,1.4192010765919072,1.4114986195725858,7.699461023591641,245.59002308772094,1.361431584403865,40.40359988266995,160.37651674716776,40.32889134872335,1.2596903744257422,157.1345803709859,1.419320340368126,160.58580579145294,156.42227884752083,214.97961096255938,1.2595058279322773,1.2516570245962733,7.8844823635677725,159.52071079508235,1.2009498625177284,103.146565811366,0.008340434811356658,0.00047176024116733415
2187.547646447548,180.00000000009814,24.158890305743107,599.9999587739305,1.6221711127173855,1219.5064057376353,1.622195000003202,275.58493002864395,132.9689657695448,1.571975841679227,920.612515075806,919.5042653520416,1.5713149997818379,272.4863348502319,919.5042653520416,1.521295644919554,189.46688781769757,1.5211918537485656,272.4863348502319,1.520795017031003,113.2238853970342,250.42694941564002,113.22388539703769,1.420060818917662,223.83442321666035,1.419426282270301,250.42694941564002,223.83442321666035,263.3662808124651,1.4192881481671287,1.4114450017846942,7.8431463824345515,248.5183206433835,1.3613749855525454,41.75009482545052,162.51597722852927,41.750094825462774,1.2597803506144807,149.99989379483543,1.419426282270301,162.51597722852927,149.99989379483543,212.15408162892862,1.2595593511694836,1.251615025598646,7.944325570837574,160.64939715289523,1.20091489094904,88.9812108865566,0.0098686985415748,0.0004600158231369502,2187.3400111698693,183.46673111542532,24.142759595623296,599.6205592618192,1.6222089035926643,1219.0848274246891,1.6222292898201485,276.220176257446,129.83784100630683,1.5719926201764913,917.4712760999457,915.2983444692408,1.571338784538048,271.54300792641817,916.1915104838082,1.521451199342852,185.82219876895743,1.5213886625186863,272.2436112121753,1.5209926792405528,112.46456804565346,247.84326822060746,112.38535950885294,1.419994752643841,223.8586933127269,1.419340101837412,247.10919212963466,224.1258080334232,266.88149073683337,1.4192011335150243,1.4114985952987293,7.699543431927372,245.59268103577045,1.3614314801321499,40.40200780759983,160.3762927229832,40.32733137444234,1.2596904028107268,157.13455807207566,1.419320396423647,160.58564735993502,156.42196418512046,214.98083373642132,1.2595058769132341,1.2516570138411724,7.884531821603339,159.5206277758013,1.20094976529204,103.15297562520813,0.008341045373916466,0.0004715833032021445
2187.54764594882,180.00000000006463,24.158890305708233,599.9999587739251,1.6221711127165772,1219.5064057367174,1.6221950000023937,275.5849299684774,132.96896578020983,1.5719758417249163,920.612515086761,919.5042653645884,1.571314999827829,272.486334790697,919.5042653645883,1.5212956427318107,189.46688765432484,1.521191851560718,272.486334790697,1.5207950148430927,113.22190672542273,250.42805416447763,113.22190672542722,1.4200608247463888,223.8320351057034,1.4194262869058876,250.42805416447763,223.8320351057034,263.3625445924056,1.4192881524993806,1.4114450011088326,7.843151390547809,248.51948501204345,1.3613749857094921,41.748895580402625,162.51586361783248,41.74889558041545,1.259780405589285,149.9998953682724,1.4194262869058876,162.51586361783248,149.9998953682724,212.1567772905964,1.2595594062110969,1.2516150253139202,7.944380897176639,160.64920139385862,1.2009148921246595,88.9774968575241,0.009868526741772196,0.00045997494882905004,2187.3428884330124,183.46710997654014,24.142800501391665,599.6206013680575,1.622208906715938,1219.0849536004398,1.6222292920028285,276.22050039203276,129.83764880412153,1.5719926123642705,917.4713341478645,915.2983561576991,1.5713387752220356,271.54332267637454,916.1914487019548,1.5214510704141593,185.823392269596,1.5213885387469106,272.2438500600405,1.5209925476376132,112.46351396560799,247.84567401968354,112.38428026199722,1.4199948178547401,223.85653844126833,1.4193401522899989,247.11159332230696,224.12373982527328,266.8773022977016,1.4192011852305013,1.4114985744115383,7.699617679265378,245.59515779839492,1.361431392006671,40.400428696305,160.3760631486499,40.32578559858177,1.2596904340734516,157.13454320613548,1.4193204472951448,160.58548691018123,156.42170403116742,214.98212886376618,1.2595059264057413,1.25165700557867,7.88458059430816,159.5205288486341,1.2009496840517582,103.15900664356248,0.008341651002093315,0.00047140995565521224
2187.547645569656,180.00000000004508,24.15889030567709,599.9999587739223,1.6221711127160183,1219.5064057359202,1.622195000001835,275.58492992273636,132.9689657883139,1.571975841759651,920.6125150950903,919.5042653741328,1.571314999862793,272.48633474543215,919.5042653741331,1.5212956409922178,189.46688753011728,1.5211918498210402,272.48633474543215,1.520795013103362,113.21992544752973,250.42912414927662,113.21992544753576,1.4200608293767631,223.82965952615365,1.4194262904831643,250.42912414927662,223.82965952615365,263.358853075124,1.419288155799407,1.411445000584663,7.843155214743991,248.52061327516537,1.3613749858714788,41.74771316691275,162.51575113699172,41.74771316692703,1.259780459873098,149.99989687243556,1.4194262904831643,162.51575113699172,149.99989687243556,212.1594471482979,1.2595594605621563,1.2516150250276914,7.944435534465,160.6490075525257,1.2009148933602547,88.9738056577564,0.00986835251389165,0.0004599352840936002,2187.3455157408634,183.46743579709891,24.142840725397228,599.620644738273,1.6222089082497877,1219.0850769541955,1.6222292926955684,276.2207929208635,129.8374432956311,1.5719926065745593,917.4713728464769,915.2983311110025,1.5713387680820898,271.5436113132261,916.1913668827433,1.5214509587008729,185.8244398979343,1.5213884327310059,272.24406035757767,1.5209924339561127,112.46239492005166,247.8479282261982,112.38314014655526,1.419994877466438,223.85438992734976,1.4193401985796583,247.11383957230595,224.12167730544866,266.87320817376167,1.419201232460189,1.4114985566411808,7.6996847413771246,245.59747360094408,1.3614313195910437,40.39885822752703,160.37582953784482,40.32425093452851,1.2596904687371422,157.13453081785198,1.4193204932968029,160.58532746954535,156.4214785644081,214.9834891092457,1.2595059774328998,1.2516569995664302,7.884628853014919,159.52041500782357,1.2009496177553411,103.16468411946157,0.008342255289716822,0.00047123985212112716
2187.5476452757744,180.0000000000336,24.158890305649013,599.9999587739197,1.6221711127156122,1219.5064057352174,1.6221950000014287,275.58492988728426,132.96896579459047,1.5719758417865717,920.6125151015412,919.5042653815219,1.5713149998898917,272.4863347103526,919.5042653815224,1.5212956395985004,189.4668874338488,1.5211918484272533,272.4863347103526,1.5207950117095321,113.2179430795682,250.43016567516918,113.21794307957313,1.4200608330535474,223.82729518267536,1.419426293218871,250.43016567516918,223.82729518267536,263.35520012179506,1.4192881582787469,1.4114450001735797,7.843158105167336,248.52171193124298,1.3613749860463908,41.746547020130635,162.51563988302553,41.7465470201462,1.2597805134893465,149.99989831358425,1.419426293218871,162.51563988302553,149.99989831358425,212.16209021893667,1.2595595142455895,1.2516150247470184,7.944489498571405,160.64881575548236,1.2009148946393666,88.97013691129848,0.009868175474836701,0.00045989690259545004,2187.3479319753565,183.46769089691622,24.14287481353754,599.6206867655127,1.6222089088333176,1219.0851931986936,1.6222292925333792,276.22105103453765,129.8372141314871,1.5719926023072863,917.4713936841914,915.2982810176092,1.5713387626594015,271.5438738369729,916.191256677275,1.521450860665239,185.8253482845314,1.5213883410830138,272.24424593470906,1.5209923349242902,112.46121968810756,247.85002958385945,112.38194443000091,1.4199949310830315,223.85225713997755,1.4193402399994781,247.11593925491127,224.11962750070404,266.8692103357788,1.419201274894723,1.4114985412222156,7.699744795675607,245.5996360279241,1.3614312596123823,40.39730133984698,160.37559037689104,40.322730468895685,1.2596905060823635,157.13451347425513,1.4193205342977115,160.58516500155565,156.42128530718583,214.9849024139461,1.2595060288437214,1.2516569953601702,7.884676883278098,159.52029172170563,1.2009495640253554,103.17001548026792,0.008342850754649234,0.0004710742118958143
2187.547645044966,180.0000000000249,24.158890305623352,599.9999587739181,1.62217111271531,1219.5064057345917,1.6221950000011263,275.58492985944076,132.96896579951584,1.5719758418077148,920.6125151066051,919.5042653873211,1.5713149999111742,272.48633468279564,919.5042653873212,1.5212956384755891,189.46688735821982,1.5211918473042862,272.48633468279564,1.5207950105865287,113.21596084730501,250.43118372727753,113.21596084731108,1.4200608359672369,223.8249410870421,1.4194262952816366,250.43118372727753,223.8249410870421,263.3515806053108,1.41928816010198,1.41144499984868,7.843160253299897,248.52278613375216,1.3613749862387237,41.74539665941221,162.51552999812438,41.74539665942899,1.2597805664678106,149.99989969753233,1.4194262952816366,162.51552999812438,149.99989969753233,212.16470603152015,1.2595595672905784,1.2516150244764406,7.944542814137812,160.64862615793427,1.2009148959483225,88.96649023962297,0.00986799543412565,0.00045985984896449984,2187.3501787957066,183.46789548191822,24.142905492863818,599.6207256328096,1.622208908905564,1219.0852995662083,1.6222292919066146,276.2212849171322,129.83696279016783,1.571992599579121,917.4713966610077,915.2982025379596,1.5713387588753176,271.5441102476149,916.1911180855495,1.5214507755349314,185.82615500255562,1.5213882625664528,272.2444092286576,1.5209922495655004,112.45999997527315,247.85200531232613,112.38070540310635,1.4199949804012484,223.85013706768538,1.4193402778585547,247.11792335865758,224.11758940721737,266.86528626072214,1.419201313771562,1.4114985280059598,7.699799438877771,245.6016762600826,1.3614312115858145,40.39576142853934,160.37536029799878,40.32122852294171,1.2596905462399222,157.1344812647181,1.4193205718164232,160.5850035426839,156.42109204996356,214.9863808367811,1.2595060817252504,1.2516569928041028,7.8847253704284395,159.52016495573756,1.2009495219334703,103.17500666787151,0.00834343282783983,0.00047091444823797637
2187.547644862092,180.0000000000195,24.15889030560009,599.9999587739169,1.6221711127150777,1219.506405734031,1.6221950000008944,275.5849298373804,132.96896580341516,1.5719758418244658,920.6125151106195,919.5042653919203,1.5713149999280362,272.48633466096675,919.5042653919209,1.521295637566798,189.46688729831652,1.5211918463954492,272.48633466096675,1.520795009677662,113.21397974322119,250.43218228233053,113.21397974322673,1.4200608382675484,223.82259647169127,1.4194262968039266,250.43218228233053,223.82259647169127,263.3479902739931,1.419288161398382,1.4114449995904428,7.843161807939314,248.5238400028773,1.3613749864508686,41.74426167054307,162.515421649469,41.744261670560476,1.2597806188419538,149.99990102953345,1.4194262968039266,162.515421649469,149.99990102953345,212.1672944801837,1.2595596197299466,1.2516150242187876,7.944595511159003,160.64843892838627,1.200914897276141,88.962865265433,0.009867812331689402,0.0004598241463452002,2187.3522756428815,183.46801671747497,24.142925263985198,599.6207602341836,1.6222089090055978,1219.0853946457416,1.6222292913485743,276.22149246159677,129.83667892232495,1.5719925975288298,917.4713758232933,915.2980956720538,1.5713387559345688,271.54432298237526,916.1909511075671,1.5214506985514222,185.82684237051598,1.5213881923837755,272.2445537211708,1.5209921732162626,112.45874221957203,247.85387425597742,112.37943067444488,1.419995025081743,223.84803272193957,1.4193403118427053,247.1198010963525,224.11556503263282,266.8614322885991,1.4192013489875845,1.4114985160727822,7.699849203222599,245.60360778098607,1.3614311705898903,40.39423911092673,160.37513122822446,40.31974447934394,1.2596905879017541,157.13443418924086,1.4193206054078447,160.5848390564583,156.42091613633818,214.98789302457484,1.259506134414948,1.2516569911885298,7.884773857578782,159.52002824734066,1.2009494870870954,103.17968293530488,0.008344002283920671,0.000470759822038182
2187.54764471616,180.00000000001498,24.158890305578716,599.9999587739165,1.6221711127148994,1219.5064057335276,1.622195000000716,275.584929819776,132.96896580652287,1.5719758418378336,920.6125151138199,919.5042653955672,1.571314999941492,272.4863346435405,919.5042653955667,1.521295636828579,189.46688725046505,1.5211918456571931,272.4863346435405,1.5207950089393814,113.21200057166263,250.43316453243622,113.21200057167026,1.420060840073132,223.82026073232043,1.4194262978906713,250.43316453243622,223.82026073232043,263.34442561538924,1.4192881622703513,1.4114449993843625,7.8431628859889635,248.52487685143703,1.3613749866839833,41.74314169220291,162.51531501743477,41.74314169222162,1.2597806706473214,149.99990231419355,1.4194262978906713,162.51531501743477,149.99990231419355,212.169855718794,1.2595596715985837,1.251615023975787,7.9446476227967855,160.6482542402801,1.2009148986142657,88.95926161538017,0.009867626204727146,0.00045978980141410023,2187.354250289691,183.46810764414252,24.142942308055353,599.6207896216521,1.6222089093001413,1219.0854757238371,1.6222292910819245,276.2216740191064,129.83640540383047,1.5719925961730818,917.471354985579,915.2979888061479,1.5713387537978287,271.54451204125394,916.1907974878233,1.5214506289672989,185.82744575139435,1.5213881302134968,272.2446762786759,1.520992105388254,112.4574522737529,247.85565525919247,112.37812668204002,1.419995066821243,223.84594142588116,1.4193403422922946,247.12157749316378,224.1135557153799,266.8576343425154,1.419201380749034,1.4114985053290674,7.699894354829582,245.60544828781553,1.3614311348305832,40.39273376968653,160.37492183625014,40.31828142471553,1.2596906342072127,157.13445648815113,1.4193206355694326,160.58468718420704,156.420844284294,214.98956680181385,1.2595061888311285,1.2516569902653452,7.8848257142719635,159.51989501879385,1.2009494584220461,103.18406656465555,0.00834457309088933,0.00047060959533556116
2187.5476445991567,180.00000000001134,24.158890305559467,599.9999587739163,1.6221711127147578,1219.506405733075,1.6221950000005743,275.58492980566143,132.96896580901154,1.571975841848551,920.6125151163878,919.5042653985131,1.5713149999522804,272.48633462957184,919.5042653985126,1.521295636226973,189.46688721213607,1.5211918450555566,272.48633462957184,1.5207950083377244,113.21002398474607,250.43413305118003,113.21002398475403,1.4200608414785973,223.81793338813657,1.4194262986255057,250.43413305118003,223.81793338813657,263.3408837337626,1.419288162799499,1.4114449992194569,7.843163580042223,248.52589935386504,1.3613749869384768,41.742036405492144,162.51521028784305,41.74203640551232,1.2597807219203863,149.99990355549335,1.4194262986255057,162.51521028784305,149.99990355549335,212.17239008461615,1.2595597229323119,1.2516150237484305,7.944699183881521,160.6480722666945,1.2009148999561456,88.95567892197808,0.009867437167420948,0.0004597568078691999,2187.356116622541,183.46815815895783,24.142952534497446,599.6208166391633,1.6222089093390433,1219.08554811887,1.6222292906283449,276.22183099436126,129.83611710055254,1.571992595517433,917.4713222405991,915.2978602331051,1.5713387525087932,271.54467881694984,916.190628840061,1.5214505666579927,185.82793420258162,1.5213880758330505,272.24477690117305,1.5209920459838102,112.45612838199118,247.85734999702728,112.37679108479233,1.4199951048279424,223.84386317951018,1.419340369495324,247.123262599427,224.11155543252596,266.8538901701679,1.419201409365275,1.41149849581887,7.6999355146442,245.60719862329393,1.361431105350368,40.39123861426977,160.37471748986556,40.31682886457179,1.2596906829979924,157.13447878706137,1.4193206626415524,160.58453833930963,156.42079968647346,214.99129122649092,1.2595062439506908,1.251656990213416,7.8848781420741005,159.51975383630392,1.2009494363685247,103.188162012341,0.008345142503303676,0.0004704629335491328
2187.5476445049594,180.00000000000938,24.15889030554195,599.999958773915,1.6221711127146452,1219.5064057326672,1.6221950000004615,275.5849297942981,132.9689658110139,1.5719758418571792,920.6125151184519,919.5042654008788,1.5713149999609655,272.48633461832753,919.5042654008787,1.5212956357352625,189.46688718127555,1.5211918445638206,272.48633461832753,1.5207950078459715,113.20805051114237,250.43508992071534,113.20805051115013,1.4200608425597212,223.8156140531214,1.419426299075385,250.43508992071534,223.8156140531214,263.33736224443226,1.4192881630511556,1.4114449990872369,7.843163963918931,248.52690967615558,1.3613749872140477,41.740945525686996,162.5151076460631,41.74094552570757,1.2597807726975452,149.99990475700815,1.419426299075385,162.5151076460631,149.99990475700815,212.17489804251767,1.2595597737668944,1.2516150235370813,7.944750229813224,160.64789317633347,1.2009149012967124,88.95211682493306,0.00986724539590385,0.00045972514901080025,2187.3579051915217,183.46814805599476,24.142957988599896,599.620843024686,1.6222089086721523,1219.085615466873,1.6222292895892352,276.221966196762,129.835805141621,1.571992595823032,917.4712746115376,915.2977049435857,1.5713387521854418,271.5448247021619,916.1904434945005,1.52145051299376,185.828303303705,1.5213880311218875,272.2448576777105,1.5209919966143957,112.45476761791248,247.85895805071783,112.37542037105257,1.4199951393280712,223.84179262910868,1.4193403942110698,247.12486562794976,224.10956284564153,266.8502011792461,1.419201435145672,1.4114984877844878,7.699972239133966,245.60885794469831,1.361431083337181,40.3897490147567,160.37451617083485,40.31538371229959,1.2596907344048998,157.13449860831494,1.4193206864932943,160.58439302632505,156.42077986521988,214.99307353395434,1.2595062995818036,1.2516569911539104,7.8849309696525065,159.5196066883567,1.2009494216737246,103.19198710403126,0.008345711201273039,0.0004703191008927359
2187.5476444287588,180.0000000000069,24.15889030552576,599.9999587739153,1.622171112714559,1219.5064057323002,1.6221950000003753,275.5849297851054,132.96896581263002,1.5719758418641594,920.61251512012,919.5042654027909,1.5713149999679916,272.4863346092234,919.5042654027908,1.5212956353322973,189.4668871562858,1.521191844160835,272.4863346092234,1.5207950074429721,113.20608057920785,250.4360368300567,113.20608057921636,1.420060843377533,223.81330241494146,1.419426299294224,250.4360368300567,223.81330241494146,263.33385918470435,1.4192881630779262,1.4114449989811573,7.843164092208643,248.5279095767598,1.36137498751018,41.739868795738076,162.51500727394497,41.73986879576029,1.2597808230147582,149.9999059217787,1.419426299294224,162.51500727394497,149.9999059217787,212.17738014365108,1.2595598241376817,1.2516150233418164,7.944800795865348,160.64771713169722,1.2009149026322126,88.94857497202021,0.009867051115339353,0.00045969479977405,2187.359638214882,183.468145530254,24.142964124465152,599.6208696472045,1.622208907393944,1219.0856791788435,1.6222292880003322,276.2220838404094,129.8354754409493,1.5719925967842796,917.4712195404352,915.2975479842866,1.5713387525306413,271.54495874943314,916.1902614884997,1.5214504656576218,185.8285839973737,1.5213879930629937,272.24492661630717,1.5209919541059138,112.45338051646452,247.86049910217127,112.37402390521865,1.4199951711134358,223.8397304438914,1.419340417565355,247.12640332929135,224.10757494326023,266.84655807899975,1.4192014587605162,1.4114984807908857,7.700005681483343,245.61044816282433,1.3614310667060727,40.38828040421315,160.37433200680925,40.3139564623836,1.2596907892127729,157.1345357731654,1.4193207078839345,160.58426890481738,156.42079473116007,214.99494025381455,1.259506357003343,1.2516569926425456,7.884985053670615,159.5194645116239,1.2009494121413504,103.19555075256133,0.008346276341352337,0.0004701796081443183
2187.5476443671196,180.00000000000517,24.158890305511306,599.9999587739148,1.6221711127144873,1219.5064057319687,1.6221950000003038,275.5849297776696,132.96896581393614,1.571975841869805,920.6125151214737,919.5042654043364,1.571314999973675,272.4863346018665,919.5042654043366,1.5212956350011222,189.46688713609106,1.521191843829643,272.4863346018665,1.5207950071117686,113.20411453569119,250.43697515221342,113.20411453570019,1.4200608439812266,223.81099821911073,1.41942629932546,250.43697515221342,223.81099821911073,263.3303729393232,1.4192881629221894,1.4114449988960112,7.84316402617824,248.52890048614256,1.3613749878259396,41.73880598107053,162.51490934647782,41.738805981093975,1.2597808729068434,149.9999070525838,1.41942629932546,162.51490934647782,149.9999070525838,212.17983699511308,1.2595598740789125,1.2516150231623204,7.944850916592028,160.64754428678802,1.2009149039596823,88.9450530196467,0.009866854588109455,0.00045966572841899987,2187.3613351335894,183.46810259266098,24.142966851516373,599.6208988766757,1.6222089049097745,1219.0857424023916,1.6222292852733564,276.22217725297725,129.83514721875594,1.5719925988234582,917.4711629809246,915.2973810063088,1.5713387538895904,271.5450802624141,916.1900794824988,1.5214504263561701,185.8287696530286,1.5213879639562244,272.24497779799253,1.5209919211441385,112.45196766292216,247.86197482644354,112.37260519893977,1.419995200862727,223.83767562003624,1.4193404395058158,247.12788575378733,224.10559172538214,266.8429538309817,1.4192014809316578,1.411498475251072,7.700035930398826,245.61197433400937,1.361431057348044,40.386832473977805,160.37416247499388,40.312547732146456,1.2596908486642726,157.1345828486426,1.419320727153838,160.58416193831482,156.42083685132388,214.99688415072325,1.2595064172384098,1.2516569951062946,7.885040679682904,159.51932830034843,1.2009494098544864,103.19886929812871,0.00834684283207895,0.00047004445146802114
2187.5476443170473,180.0000000000044,24.158890305498105,599.9999587739142,1.6221711127144307,1219.50640573167,1.622195000000247,275.5849297716291,132.9689658149951,1.5719758418743917,920.6125151225701,919.5042654055801,1.5713149999782918,272.4863345958895,919.5042654055801,1.5212956347282285,189.46688711967147,1.5211918435567349,272.4863345958895,1.5207950068388505,113.20215266086032,250.43790600558094,113.20215266087013,1.4200608444106837,223.8087012567791,1.4194262992043072,250.43790600558094,223.8087012567791,263.3269021787633,1.4192881626183,1.4114449988277273,7.843163790572927,248.52988357007953,1.3613749881602957,41.73775686546553,162.51481403049058,41.73775686548982,1.25978092240742,149.99990815183406,1.4194262992043072,162.51481403049058,149.99990815183406,212.1822692371748,1.2595599236236612,1.2516150229981602,7.944900625501017,160.64737478652043,1.2009149052769486,88.94155063316171,0.009866656102959198,0.0004596378979869502,2187.3629653975518,183.4680874382164,24.142975032670048,599.6209284221412,1.6222089018254027,1219.0858015014853,1.6222292820570647,276.22225345796676,129.8348042117791,1.5719926015794052,917.4711108866387,915.2972223772299,1.5713387559520473,271.54518993745415,916.1899108347366,1.5214503927973395,185.82887574197426,1.521387941204969,272.2450129636403,1.5209918943840601,112.45053725113362,247.86340616173374,112.37117010496458,1.419995228745618,223.83562815754323,1.4193404611059113,247.1293263018851,224.10361285739984,266.839380833669,1.4192015018137796,1.4114984706859568,7.700063695532394,245.61345331271164,1.3614310527175169,40.38539997680827,160.3740095936247,40.311153817652375,1.2596909123015763,157.13466213365686,1.4193207449313712,160.58407717240715,156.42093347993503,214.9989365778564,1.2595064799033415,1.2516569982451222,7.885098133243852,159.51919805453028,1.2009494121866349,103.20198581943596,0.008347403673898714,0.0004699137247280434
2187.5476442763106,180.00000000000364,24.15889030548597,599.9999587739137,1.6221711127143863,1219.5064057314012,1.6221950000002026,275.5849297667146,132.9689658158551,1.571975841878123,920.6125151234618,919.5042654066146,1.5713149999820475,272.48633459102246,919.5042654066149,1.5212956345026898,189.46688710632506,1.5211918433311842,272.48633459102246,1.5207950066132918,113.20019518077474,250.43883030219018,113.2001951807855,1.4200608446982463,223.8064113555791,1.4194262989593152,250.43883030219018,223.8064113555791,263.3234458083498,1.4192881621941118,1.4114449987730682,7.843163421043519,248.5308597796581,1.3613749885121398,41.7367212477333,162.51472148323964,41.73672124775766,1.2597809715486266,149.9999092216574,1.4194262989593152,162.51472148323964,149.9999092216574,212.18467752656204,1.259559972803555,1.25161502284878,7.944949954775127,160.6472087658077,1.2009149065823557,88.93806748699234,0.009866455965235697,0.00045961126757829997,2187.3645206749266,183.46802429469727,24.142977759721273,599.620958283601,1.6222088981352716,1219.0858565303934,1.622229278321218,276.2223029736512,129.83446120480227,1.5719926050298954,917.471061769169,915.2970570690319,1.5713387587005332,271.5452853373303,916.1897471963139,1.5214503656039737,185.828880162347,1.5213879254521976,272.2450296760274,1.5209918746802435,112.44907816087634,247.86476546961904,112.36970750307063,1.4199952536309568,223.83359073327128,1.4193404807947256,247.13069398505004,224.1016376700986,266.83585485318326,1.4192015201694224,1.4114984671561153,7.7000879124060795,245.61486065996675,1.3614310532751195,40.38397149223586,160.37385368490166,40.30976113780356,1.259690977900976,157.1347463739845,1.4193207597503459,160.58399644297128,156.42106231808322,215.00105412312416,1.259506542632217,1.2516570019609403,7.885155358361216,159.51905786628328,1.2009494196585673,103.20489437459307,0.008347957066983243,0.00046978679014970584
2187.5476442432005,180.00000000000267,24.158890305475246,599.9999587739137,1.6221711127143483,1219.506405731157,1.6221950000001644,275.5849297627201,132.9689658165522,1.571975841881156,920.6125151241833,919.5042654074346,1.5713149999851006,272.4863345870706,919.5042654074341,1.521295634315689,189.4668870954639,1.5211918431441735,272.4863345870706,1.5207950064262747,113.19824227727231,250.43974878710083,113.19824227728219,1.420060844870164,223.80412837218756,1.4194262986136472,250.43974878710083,223.80412837218756,263.3200029258959,1.4192881616722195,1.4114449987293982,7.84316294282128,248.5318298921465,1.3613749888801618,41.73569893902808,162.51463185135634,41.73569893905491,1.2597810203608795,149.9999102640466,1.4194262986136472,162.51463185135634,149.9999102640466,212.18706252401137,1.2595600216485359,1.251615022713454,7.944998935081937,160.64704634899255,1.200914907874625,88.93460326464796,0.009866254488370049,0.00045958579347949976,2187.3658759880677,183.46791568784434,24.142975714432854,599.6209867230866,1.6222088941450394,1219.0859052640812,1.622229274370952,276.2223240441552,129.83411967630377,1.571992609130478,917.471018605332,915.2968850817147,1.5713387623316806,271.54534731243234,916.1895902370103,1.5214503451871497,185.82875197153766,1.5213879168215583,272.2450227125328,1.5209918617396947,112.44758512467645,247.86604688740368,112.3682138816087,1.4199952755187435,223.83156535486464,1.4193404983366216,247.1319846156423,224.09966917494472,266.8323902479567,1.4192015359985863,1.4114984648212434,7.700108226193898,245.6161879485457,1.3614310586329548,40.38253436514658,160.3736841530863,40.30835858079269,1.2596910438927944,157.13485291322243,1.4193207718202174,160.58389956764822,156.42122832108183,215.00321990404726,1.25950660414616,1.2516570064556956,7.885211555482462,159.51889282196407,1.2009494317495122,103.20762764399504,0.008348502475067174,0.0004696626693985078
2187.5476442161753,180.00000000000222,24.158890305465434,599.9999587739135,1.6221711127143177,1219.5064057309373,1.622195000000134,275.5849297594598,132.96896581712053,1.5719758418836312,920.612515124775,919.5042654081155,1.5713149999875922,272.4863345838428,919.5042654081162,1.5212956341601134,189.46688708660977,1.52119184298859,272.4863345838428,1.5207950062706852,113.1962940960911,250.44066206956393,113.19629409610138,1.4200608449478438,223.80185218670232,1.4194262981861958,250.44066206956393,223.80185218670232,263.3165727873542,1.4192881610710544,1.4114449986946465,7.8431623764078084,248.53279454328555,1.3613749892631386,41.73468976070726,162.5145452708656,41.734689760734625,1.2597810688730124,149.99991128070934,1.4194262981861958,162.5145452708656,149.99991128070934,212.1894248850992,1.2595600701869987,1.2516150225914933,7.945047595505628,160.64688765007503,1.2009149091528322,88.93115765861714,0.009866051986678902,0.00045956143015209996,2187.3672479648944,183.46786012154752,24.142977077958466,599.6210139775935,1.622208890466023,1219.0859515556576,1.6222292708137882,276.22234265643374,129.83378110476198,1.5719926127309893,917.4709828835358,915.296724782856,1.5713387653729305,271.54540928753437,916.1894432963858,1.5214503232505867,185.82865693352386,1.521387906336197,272.2450171417371,1.5209918481154943,112.44609501485091,247.86730820451723,112.36672377179598,1.4199952962753781,223.82955570300436,1.4193405149359677,247.1332559830914,224.0977103834046,266.82895351498087,1.4192015515183853,1.4114984619907618,7.700128185155727,245.61750006811232,1.3614310619543275,40.381120078994726,160.37351663950685,40.306977012751176,1.2596911090997749,157.13496193011707,1.4193207829737213,160.5837996649713,156.42140671236393,215.0053543317944,1.259506663677845,1.2516570103503806,7.8852670672729595,159.51873324598077,1.2009494424592817,103.21018265669687,0.008349030537352047,0.0004695417990248213
2187.5476441941523,180.00000000000148,24.15889030545653,599.9999587739134,1.622171112714293,1219.5064057307384,1.6221950000001093,275.5849297568027,132.9689658175831,1.5719758418856489,920.6125151252566,919.5042654086562,1.5713149999896232,272.4863345812084,919.5042654086562,1.5212956340301602,189.4668870793625,1.5211918428586297,272.4863345812084,1.52079500614072,113.1943507534882,250.44157064830804,113.19435075350039,1.420060844948691,223.79958269812724,1.4194262976923158,250.44157064830804,223.79958269812724,263.3131547782074,1.4192881604055931,1.4114449986671085,7.843161738484872,248.53375425363203,1.3613749896597436,41.7336935426055,162.5144618665201,41.73369354263326,1.259781117112014,149.99991227326512,1.4194262976923158,162.5144618665201,149.99991227326512,212.19176525375727,1.2595601184455296,1.2516150224820803,7.945095963449389,160.64673277227408,1.2009149104162227,88.92773037020035,0.009865848769485147,0.0004595381310931499,2187.368603278035,183.46783486413983,24.142983213823722,599.6210400471219,1.6222088870315334,1219.085995459392,1.6222292674627972,276.222359512837,129.8334469686552,1.5719926160370143,917.4709531153724,915.2965661537771,1.5713387681520037,271.54546812906386,916.1893013651007,1.5214503014012217,185.82856852606915,1.5213878954551618,272.2450084373688,1.5209918342227164,112.44461017249922,247.86855612118333,112.36523658835758,1.4199953166926675,223.827557762402,1.419340531090221,247.13451395009307,224.0957609608708,266.8255404311875,1.419201566677259,1.4114984589179824,7.700147789291568,245.61879701866658,1.3614310649605337,40.37972616448975,160.37335114416328,40.30561581635639,1.2596911736527234,157.13508085763846,1.419320793446495,160.58370026685338,156.4216024472429,215.00748152419325,1.259506722570092,1.2516570139219512,7.885321950843606,159.51857913833334,1.2009494524445004,103.21256535458859,0.008349542976634351,0.00046942412779656784
2187.5476441761393,180.00000000000114,24.15889030544849,599.999958773913,1.6221711127142728,1219.506405730559,1.6221950000000893,275.5849297546297,132.96896581795957,1.5719758418872982,920.6125151256492,919.5042654091108,1.5713149999912837,272.48633457906567,919.5042654091109,1.5212956339211359,189.46688707348642,1.5211918427495998,272.48633457906567,1.520795006031686,113.19241234163138,250.4424749320953,113.19241234164329,1.4200608448869525,223.79731982072497,1.4194262971445792,250.4424749320953,223.79731982072497,263.30974839017415,1.4192881596881017,1.411444998645457,7.8431610426445975,248.53470944991972,1.3613749900687857,41.73271012160937,162.51438175226315,41.73271012163872,1.2597811651032722,149.99991324309252,1.4194262971445792,162.51438175226315,149.99991324309252,212.1940842573872,1.2595601664491494,1.2516150223844922,7.945144064657073,160.64658180863745,1.2009149116642934,88.92432110929869,0.009865645136475604,0.0004595158495709002,2187.3699474820523,183.46782981265832,24.142992076740203,599.6210657216576,1.6222088836859627,1219.0860388747042,1.622229264268497,276.22237426218976,129.83311578950517,1.5719926190485534,917.4709293008417,915.2964192131567,1.5713387705858775,271.54552662241855,916.1891694524946,1.5214502787795305,185.82849780010537,1.5213878834612933,272.24500042935,1.5209918197683676,112.44312825652192,247.86979482504182,112.36375350184326,1.4199953363747082,223.82556952541336,1.419340546956473,247.13576437934307,224.09381823048437,266.8221450842809,1.4192015817845718,1.4114984555368235,7.700167304720912,245.6200855419918,1.3614310668272909,40.37835262163166,160.3731906944095,40.304273139640436,1.259691237944059,157.13519235218976,1.4193208036312674,160.58360086873546,156.42179570446515,215.00958459876443,1.2595067805671256,1.251657017112708,7.885376491748879,159.51843000190033,1.2009494614787457,103.21477870861519,0.008350043266737266,0.0004693093609599992
2187.547644161424,180.00000000000114,24.158890305441112,599.9999587739126,1.622171112714257,1219.506405730397,1.622195000000073,275.5849297528543,132.9689658182666,1.5719758418886465,920.6125151259698,919.5042654094843,1.5713149999926403,272.48633457730705,919.5042654094841,1.5212956338292074,189.46688706866416,1.5211918426576663,272.48633457730705,1.5207950059397486,113.19047893300984,250.44337525629925,113.19047893302276,1.4200608447741918,223.79506348117195,1.4194262965531825,250.44337525629925,223.7950634811719,263.3063532020165,1.4192881589285231,1.4114449986285535,7.843160299969676,248.5356604823222,1.361374990488943,41.731739340523866,162.51430503080167,41.73173934055434,1.259781212870348,149.99991419155518,1.4194262965531825,162.51430503080167,149.99991419155518,212.1963825037285,1.2595602142210858,1.251615022297913,7.9451919231726675,160.64643484176554,1.2009149128966579,88.92092959415326,0.009865441374182396,0.00045949453924480003,2187.37126669054,183.46785759580672,24.143004348470715,599.6210913171946,1.622208880418196,1219.0860822900163,1.6222292611346742,276.22239076741795,129.83278165339843,1.5719926217711622,917.4709025094945,915.2962689329767,1.5713387727313568,271.54558337489965,916.1890358701087,1.5214502556969347,185.82842486395523,1.5213878706266177,272.24499555490377,1.5209918047036155,112.44165219329332,247.87102850373253,112.36227509752788,1.419995355773961,223.82359266507527,1.41934056248236,247.13700392072954,224.09188353067483,266.8187669111854,1.4192015968918845,1.4114984519464073,7.700186642737263,245.62136648081085,1.3614310677970347,40.37699914175914,160.37303024465567,40.30294959992596,1.2596913017121691,157.13533110096472,1.4193208132924011,160.58350197517652,156.4220186935678,215.01169249690116,1.2595068381165526,1.2516570200034298,7.885430861321465,159.51828633380322,1.2009494696525866,103.21684351539167,0.008350530457225655,0.00046919720410506214
2187.547644149423,180.00000000000085,24.15889030543456,599.9999587739126,1.6221711127142426,1219.5064057302511,1.6221950000000591,275.58492975140626,132.9689658185157,1.5719758418897456,920.6125151262318,919.5042654097758,1.5713149999937472,272.48633457587084,919.5042654097759,1.5212956337512487,189.46688706470962,1.5211918425797033,272.48633457587084,1.5207950058617827,113.18855058403531,250.44427189640385,113.18855058404853,1.4200608446199077,223.79281361622242,1.4194262959265067,250.44427189640385,223.79281361622242,263.30296886379335,1.4192881581350343,1.4114449986155306,7.84315951950354,248.53660763854793,1.361374990919077,41.73078104718724,162.51423179452456,41.73078104721786,1.2597812604352465,149.9999151198013,1.4194262959265067,162.51423179452456,149.9999151198013,212.19866057870726,1.2595602617830424,1.2516150222216167,7.9452395614256766,160.64629194469313,1.2009149141130442,88.91755555107767,0.009865237753447949,0.00045947415467660006,2187.3725609034977,183.46791568784434,24.14302139254087,599.6211163597416,1.6222088772226757,1219.0861255967902,1.622229258132802,276.2224048144206,129.8324578666401,1.5719926242604048,917.4708876254128,915.2961370203742,1.5713387746277683,271.5456408237302,916.1889156459613,1.5214502322530892,185.8283740296688,1.5213878572973496,272.2449910286323,1.5209917894191183,112.44018022698884,247.87225045703178,112.36080020486172,1.4199953748338683,223.8216251737435,1.419340577536972,247.13823173672452,224.08995552301266,266.81540225190844,1.4192016118960757,1.4114984481247068,7.700205714634122,245.62263899240082,1.3614310680637143,40.37566479888824,160.37287584960953,40.301644579890315,1.259691365022457,157.13546984973968,1.4193208225869878,160.58340459529447,156.4222466379838,215.0137859243413,1.2595068948347101,1.251657022640276,7.885484774006887,159.51814813404195,1.2009494771018767,103.21875680397305,0.008351007560915608,0.000469087557965227
2187.547644139584,180.00000000000045,24.158890305428507,599.9999587739128,1.6221711127142326,1219.5064057301188,1.622195000000049,275.5849297502191,132.96896581871965,1.571975841890647,920.6125151264466,919.5042654100298,1.5713149999946543,272.48633457469623,919.50426541003,1.5212956336847225,189.46688706149456,1.5211918425131739,272.48633457469623,1.5207950057952502,113.18662733796756,250.4451650790192,113.18662733798104,1.4200608444318124,223.79057017082874,1.4194262952713497,250.4451650790192,223.79057017082874,263.2995950840243,1.4192881573142637,1.4114449986056326,7.8431587086310595,248.53755115527102,1.3613749913579618,41.729835093683725,162.5141621251898,41.72983509371599,1.2597813078182654,149.9999160289708,1.4194262952713497,162.5141621251898,149.9999160289708,212.20091904512753,1.2595603091550487,1.2516150221548275,7.945287000221235,160.64615318072612,1.2009149153132794,88.91419871416785,0.009865034527719651,0.0004594546517406,2187.373844007332,183.46799651154885,24.143040481899444,599.6211420342771,1.6222088738826623,1219.0861708029838,1.6222292549714896,276.2224248313994,129.83213555836014,1.5719926267274218,917.4708697645148,915.2960000984324,1.5713387764455269,271.5457014061333,916.188795421814,1.5214502096438547,185.82832761575506,1.521387844314296,272.24498928775864,1.5209917746961918,112.43871060178384,247.87346654763525,112.35932765329501,1.4199953940068906,223.8196650437739,1.419340592643948,247.13945285249577,224.08803353828316,266.8120570187456,1.4192016270549495,1.4114984443745942,7.700224786530981,245.6239030767617,1.3614310686455606,40.37434743238973,160.37272347279932,40.300356227565636,1.2596914279403257,157.13560116554456,1.41932083196012,160.58330923364835,156.4224745823998,215.01585764573653,1.2595069512970924,1.2516570250809453,7.885538344026935,159.51801490549514,1.2009494846870201,103.22052154530432,0.008351473749304273,0.00046897998255452836
2187.547644131533,180.00000000000017,24.15889030542312,599.9999587739128,1.6221711127142238,1219.5064057299996,1.6221950000000402,275.58492974924786,132.96896581888552,1.5719758418913843,920.6125151266208,919.5042654102263,1.5713149999953966,272.4863345737365,919.5042654102264,1.5212956336275512,189.46688705885396,1.521191842455999,272.4863345737365,1.5207950057380732,113.18470922732925,250.4460549907408,113.18470922734389,1.420060844216275,223.78833309667556,1.4194262945933334,250.4460549907408,223.78833309667556,263.2962316190866,1.419288156471695,1.4114449985983144,7.843157873380635,248.53849122741536,1.36137499180456,41.728901335773315,162.51409609481283,41.72890133580515,1.2597813550382384,149.99991692001743,1.4194262945933334,162.51409609481283,149.99991692001743,212.20315844205908,1.2595603563556992,1.2516150220968667,7.945334258832593,160.64601860420493,1.2009149164972408,88.91085882500785,0.009864831932038104,0.00045943598794469996,2187.375124333885,183.46809754117945,24.14306229830924,599.621167471817,1.622208870581551,1219.0862160091776,1.6222292518871482,276.2224469554286,129.83181472855853,1.5719926288943964,917.4708563688413,915.2958681858299,1.571338778009848,271.5457658184584,916.1886802070061,1.5214501869474222,185.82829667314593,1.5213878308119206,272.24498928775864,1.5209917594361109,112.4372462440527,247.8746742629591,112.35785978392725,1.4199954125577794,223.81771361359588,1.419340607750924,247.14065973029165,224.0861195841305,266.80872839631803,1.4192016420075797,1.4114984404262376,7.700243769721343,245.62515789117063,1.3614310689849711,40.37304858557022,160.3725751324609,40.29908516027454,1.2596914905311787,157.1357547802597,1.419320840783432,160.58321639479706,156.42271987041266,215.01792454356627,1.2595070076955308,1.251657027435066,7.885591571381611,159.5178881395271,1.2009494917966768,103.222154079583,0.008351930333738699,0.0004688747198708011
2187.547644124935,180.00000000000045,24.15889030541821,599.9999587739117,1.622171112714216,1219.5064057298912,1.6221950000000325,275.5849297484516,132.9689658190215,1.5719758418919887,920.612515126764,919.50426541038,1.571314999996005,272.4863345729477,919.5042654103802,1.521295633578036,189.46688705667407,1.5211918424064812,272.4863345729477,1.5207950056885533,113.18279627586446,250.44694178558666,113.18279627587866,1.4200608439784301,223.7861023508811,1.4194262938969784,250.44694178558666,223.78610235088104,263.2928782645272,1.4192881556117376,1.4114449985930553,7.843157018682211,248.5394280158966,1.3613749922577254,41.72797963239972,162.51403376568527,41.72797963243397,1.2597814021124187,149.99991779393395,1.4194262938969784,162.51403376568527,149.99991779393395,212.20537928468013,1.2595604034020367,1.251615022046999,7.9453813550376395,160.64588826069445,1.20091491766487,88.90753563237504,0.0098646301825823,0.00045941812267,2187.376390774033,183.46821625099543,24.143086160007456,599.6211929093568,1.6222088672415378,1219.0862625720997,1.6222292487395806,276.22246802593264,129.831502769627,1.57199263101692,917.470845949984,915.2957446221263,1.5713387795042553,271.5458288380846,916.1885716713175,1.5214501641264206,185.82826573053677,1.5213878170375192,272.24499033228284,1.5209917441027814,112.43578481269593,247.8758777906431,112.3563954262087,1.4199954313914562,223.81576887556525,1.4193406226746264,247.14186158291974,224.08420897605154,266.80540990925437,1.4192016571148927,1.4114984364723744,7.700262752911706,245.62641017741083,1.3614310686698043,40.37176517181652,160.37243032403526,40.29783014337177,1.259691552664209,157.13590096200474,1.419320849842381,160.58312456506377,156.42297011373896,215.0199769706994,1.2595070633266436,1.2516570296333995,7.8856443418491216,159.51776336204483,1.2009494984082048,103.22364697944658,0.008352377555835058,0.0004687714276674211
2187.547644119537,180.00000000000045,24.15889030541373,599.9999587739114,1.6221711127142107,1219.506405729794,1.6221950000000267,275.5849297478004,132.9689658191318,1.571975841892483,920.6125151268857,919.5042654105224,1.5713149999965024,272.48633457230727,919.5042654105223,1.5212956335347894,189.4668870549254,1.5211918423632318,272.48633457230727,1.5207950056453021,113.18088850014816,250.44782559084703,113.18088850016281,1.4200608437225153,223.78387789506385,1.419426293186022,250.44782559084703,223.78387789506385,263.2895348480795,1.4192881547380347,1.411444998589472,7.84315614856268,248.54036165371485,1.3613749927164869,41.72706984530086,162.5139751912844,41.727069845335315,1.259781449056735,149.99991865154925,1.419426293186022,162.5139751912844,149.99991865154925,212.2075820644808,1.259560450309806,1.2516150220045874,7.945428305218605,160.64576218773544,1.2009149188161532,88.9042288919451,0.009864429476657248,0.00045940101734110003,2187.377629441371,183.4683576924783,24.143115475808123,599.6212191368824,1.622208863779261,1219.0863107630962,1.622229245517791,276.2224897987868,129.8311908106955,1.5719926329116336,917.4708355311268,915.295619388643,1.5713387807758123,271.5458953394582,916.1884648054088,1.5214501410811956,185.82823920830035,1.5213878027685253,272.2449952067291,1.5209917282567131,112.43432981936274,247.87707168675556,112.35493575068908,1.419995449716115,223.81383584879254,1.4193406374150552,247.14305338521228,224.0823090754084,266.8021139452216,1.419201672067523,1.4114984323202675,7.7002813812760795,245.62765150825322,1.361431068015227,40.370500895064446,160.3722885429635,40.29659302882521,1.2596916145356267,157.13605457671989,1.419320858613329,160.5830357626843,156.42322035706522,215.02201975070145,1.2595071189577562,1.2516570316067066,7.885697112316632,159.51764504714131,1.2009495043857505,103.22502401245507,0.00835281687332833,0.00046867039661811495
2187.5476441151122,180.00000000000034,24.15889030540973,599.9999587739121,1.6221711127142062,1219.5064057297059,1.6221950000000227,275.58492974726636,132.96896581922155,1.5719758418928884,920.6125151269812,919.5042654106444,1.5713149999969107,272.4863345717743,919.5042654106445,1.521295633496682,189.46688705347503,1.5211918423251225,272.4863345717743,1.5207950056071908,113.17898591089536,250.44870651197851,113.17898591091088,1.4200608434519908,223.78165969449708,1.419426292463513,250.44870651197851,223.78165969449708,263.2862012237258,1.41928815385356,1.4114449985872457,7.8431552663142945,248.54129225107965,1.3613749931798584,41.726171838683605,162.51392041622194,41.726171838718884,1.2597814958857172,149.99991949368507,1.419426292463513,162.51392041622194,149.99991949368507,212.20976724974497,1.2595604970933807,1.251615021968993,7.945475124387702,160.64564041484948,1.200914919951118,88.90093836600892,0.009864229993023747,0.0004593846355351,2187.378868108709,183.46852439136882,24.143145473371597,599.6212451274122,1.622208860367001,1219.086359062631,1.622229242306997,276.22251894631734,129.83088180872068,1.5719926346396569,917.4708295774941,915.2955041738383,1.5713387818419975,271.5459660189284,916.1883629488395,1.521450118285108,185.82822594718215,1.5213877884006128,272.2450011256995,1.5209917122885641,112.43287716712905,247.87826558286798,112.35347841626894,1.4199954683235614,223.8119054988788,1.4193406524434855,247.14424267492092,224.08041118240948,266.79882558271174,1.4192016870201534,1.411498428107586,7.700300364466442,245.62889199637272,1.3614310672636756,40.36925081673293,160.37215231204047,40.295370112699096,1.259691675949222,157.13621314674842,1.4193208674890045,160.58295301501252,156.4234755557049,215.0240649424863,1.259507174333094,1.2516570334011468,7.885749425896977,159.51753070920932,1.200949510001021,103.22627032388347,0.00835324964699814,0.00046857094416116095
2187.5476441114683,179.99999999999986,24.158890305406004,599.9999587739119,1.6221711127142022,1219.5064057296267,1.6221950000000185,275.58492974682656,132.96896581929556,1.5719758418932221,920.61251512706,919.5042654107363,1.5713149999972464,272.4863345713395,919.5042654107356,1.5212956334627892,189.4668870522824,1.5211918422912276,272.4863345713395,1.5207950055732942,113.17708851403128,250.44958463656084,113.17708851404637,1.4200608431696957,223.77944771747204,1.4194262917319542,250.44958463656084,223.77944771747204,263.28287726706367,1.4192881529607533,1.411444998586126,7.843154374627348,248.542219899533,1.3613749936469624,41.725285478974016,162.51386947715008,41.72528547901091,1.2597815426126622,149.99992032106388,1.4194262917319542,162.51386947715008,149.99992032106388,212.21193528623564,1.2595605437659227,1.2516150219396247,7.945521826298041,160.6455229643771,1.2009149210698005,88.89766382318908,0.009864031892478899,0.00045936894303969986,2187.3800817805172,183.46869866748165,24.143177516223485,599.6212708019477,1.6222088569325115,1219.086407524973,1.6222292391319397,276.22254668914763,129.83058167761592,1.5719926362621095,917.4708310659023,915.295393968373,1.5713387828120513,271.54603530569983,916.1882677713895,1.521450095389365,185.82822594718215,1.5213877736864856,272.2450084373688,1.520991696076254,112.43142919709435,247.87944691606097,112.35202576404774,1.4199954867047775,223.80998384875664,1.4193406670006408,247.14542358934992,224.07852065077267,266.7955535493993,1.4192017018181013,1.4114984238123027,7.700319081537313,245.63012405726315,1.36143106614847,40.368014936821965,160.37201910847125,40.29416201231606,1.2596917372974143,157.13637667209034,1.4193208762075886,160.5828692582228,156.42373818731463,215.026090840009,1.259507229836319,1.2516570351436576,7.885801568144636,159.51742134249182,1.200949515389869,103.22740076845679,0.008353673881323067,0.00046847345842475965
2187.547644108518,180.0,24.15889030540273,599.9999587739117,1.6221711127141982,1219.5064057295544,1.6221950000000147,275.58492974647066,132.96896581935516,1.5719758418934924,920.6125151271244,919.5042654108047,1.5713149999975184,272.4863345709906,919.5042654108046,1.5212956334323402,189.4668870513193,1.5211918422607766,272.4863345709906,1.5207950055428419,113.1751963115812,250.4504600375593,113.17519631159786,1.4200608428779373,223.7772419347462,1.419426290993377,250.4504600375593,223.7772419347462,263.27956287130036,1.419288152061595,1.4114449985858997,7.84315347570208,248.54314467537128,1.3613749941169404,41.72441063461747,162.5138224029928,41.72441063465382,1.2597815892496644,149.99992113438253,1.419426290993377,162.5138224029928,149.99992113438253,212.2140865979817,1.2595605903394165,1.251615021915923,7.945568423493254,160.64540985171922,1.2009149221722835,88.89440503817198,0.009863835318626652,0.00045935390786849985,2187.3812898977635,183.46888809803906,24.143211604363795,599.6212960024919,1.6222088535647112,1219.086455498893,1.6222292359788741,276.22257618785324,129.83028598194625,1.5719926378401115,917.4708310659023,915.2952837629076,1.5713387837384092,271.5461084223932,916.1881742637194,1.5214500729669838,185.82821710643668,1.5213877590960065,272.24501365998975,1.5209916800348566,112.42998532398374,247.8806228053222,112.35057662347573,1.4199955050294362,223.80807022921138,1.4193406814792504,247.14659445344333,224.07663881892748,266.7922986898979,1.419201716719171,1.4114984195610738,7.700337532488693,245.6313468482016,1.361431065251457,40.36679448997682,160.3718889322559,40.29296934499872,1.2596917985148,157.13655258571575,1.419320884795263,160.58279004246384,156.42401072955118,215.02811191396617,1.259507285083769,1.2516570368400095,7.885853710392295,159.5173169469887,1.2009495208013594,103.22841831712002,0.008354090937166395,0.0004683777436677275
2187.547644106051,179.99999999999963,24.15889030539971,599.9999587739121,1.6221711127141965,1219.506405729489,1.622195000000013,275.58492974617286,132.96896581940365,1.571975841893718,920.6125151271797,919.5042654108697,1.571314999997746,272.4863345706961,919.5042654108696,1.5212956334047376,189.46688705051352,1.5211918422331725,272.4863345706961,1.5207950055152364,113.17330930237951,250.45133277599012,113.17330930239515,1.4200608425786343,223.77504231909714,1.419426290249473,250.45133277599012,223.77504231909714,263.2762579441719,1.419288151157734,1.411444998586398,7.843152571336054,248.54406664237632,1.361374994589023,41.72354717588907,162.51377921540148,41.72354717592653,1.259781635807686,149.9999219342679,1.419426290249473,162.51377921540148,149.9999219342679,212.21622158818695,1.2595606368247338,1.2516150218973587,7.945614927375222,160.6453010857069,1.20091492325865,88.89116179144814,0.009863640398770449,0.0004593395002412,2187.3824980150102,183.46909268304105,24.143247056029715,599.6213208870417,1.62220885024137,1219.0865030386597,1.6222292329110266,276.2226049842087,129.82999915714663,1.57199263930143,917.470837019535,915.2951869156805,1.571338784503091,271.54618084273716,916.1880907747282,1.52145005039512,185.82822594718215,1.5213877441098536,272.2450241052317,1.520991663724882,112.42854496252238,247.88179743829147,112.34913157982781,1.4199955235237673,223.80616363642085,1.4193406961149515,247.14776448000882,224.07476167158546,266.7890522765331,1.419201731774923,1.4114984152107228,7.700356160853067,245.63257132458583,1.3614310638938154,40.3655876242296,160.37176481074823,40.29178840681131,1.2596918592743636,157.13672354402775,1.4193208936185748,160.58271284494077,156.42428327178771,215.03012816435782,1.2595073402033312,1.251657038420963,7.885905338641894,159.51721652845714,1.2009495254203721,103.22932445534568,0.008354502905452586,0.0004682837015711405
2187.5476441040437,179.99999999999977,24.158890305396945,599.9999587739119,1.6221711127141947,1219.506405729431,1.622195000000011,275.5849297459305,132.96896581944338,1.5719758418939023,920.6125151272229,919.5042654109177,1.5713149999979312,272.4863345704522,919.5042654109178,1.521295633379458,189.4668870498407,1.5211918422078914,272.4863345704522,1.520795005489954,113.17142748266511,250.4522029031007,113.17142748268134,1.4200608422732885,223.77284884496544,1.4194262895015575,250.4522029031007,223.77284884496544,263.27296240525425,1.4192881502504515,1.4114449985874502,7.843151663001423,248.54498585415547,1.3613749950623562,41.72269497478537,162.51373992911036,41.722694974823945,1.2597816822965735,149.99992272138496,1.4194262895015575,162.51373992911036,149.99992272138496,212.21834064018236,1.2595606832316528,1.2516150218833828,7.945661348270017,160.64519666902527,1.2009149243289694,88.8879338690632,0.009863447244888805,0.0004593256925364002,2187.3836533639173,183.46929979378382,24.143284552984056,599.6213457715916,1.6222088468179954,1219.0865508497723,1.622229229757961,276.2226351852645,129.82971085386868,1.5719926408238687,917.4708399963513,915.2950833893342,1.5713387853333174,271.54625604847894,916.1880022763975,1.521450028570669,185.82823036755488,1.521387729618293,272.24503455047363,1.5209916477567331,112.42710986853486,247.88296243968915,112.34769004782909,1.4199955417353107,223.8042647395998,1.4193407106459248,247.1489227811828,224.07289155099818,266.7858244446688,1.4192017466759925,1.4114984109650006,7.700374611804447,245.6337856882952,1.3614310632149946,40.36439557422556,160.37164270747647,40.2906229016896,1.2596919201647334,157.13689945765316,1.419320902337159,160.58264119756643,156.42456324699432,215.03213959118395,1.2595073955786689,1.2516570400884652,7.8859571953350756,159.51712008689714,1.2009495308771467,103.23013255238625,0.008354907425728697,0.0004681914283577164
2187.547644102409,179.99999999999994,24.158890305394575,599.9999587739115,1.6221711127141922,1219.506405729377,1.6221950000000085,275.58492974573323,132.96896581947533,1.5719758418940522,920.6125151272583,919.5042654109554,1.571314999998082,272.48633457025596,919.5042654109559,1.5212956333560892,189.4668870492979,1.521191842184521,272.48633457025596,1.5207950054665824,113.16955084655461,250.4530704620458,113.16955084657184,1.4200608419632128,223.77066148819702,1.4194262887507914,250.4530704620458,223.770661488197,263.269676183871,1.4192881493408795,1.4114449985889823,7.843150751897232,248.54590235586187,1.3613749955363486,41.72185390490131,162.513704552792,41.721853904940076,1.2597817287253097,149.99992349622886,1.4194262887507914,162.513704552792,149.99992349622886,212.2204441183418,1.2595607295691043,1.2516150218735835,7.945707695521054,160.64509659887506,1.2009149253833988,88.88472106237693,0.009863255954650752,0.0004593124592215002,2187.3848253765104,183.46954731637885,24.143324095226816,599.6213703401471,1.6222088434946544,1219.0865985523465,1.62222922664613,276.2226685468959,129.82942846450413,1.5719926421129407,917.4708474383922,915.2949898816667,1.571338785901367,271.5463302096965,916.1879204571861,1.5214500064347958,185.82824362867308,1.5213877144343029,272.24504429936604,1.5209916313002616,112.42567828619659,247.88412450973897,112.34625378330418,1.4199955599468541,223.80237153110406,1.4193407250721706,247.15008024482879,224.07102845716568,266.78260787431987,1.4192017615255015,1.4114984065430618,7.7003931514623245,245.63499668111294,1.3614310617846224,40.36321710531946,160.37152564979442,40.289469743020454,1.2596919807280873,157.1370852819053,1.4193209109510152,160.58257055931003,156.42484322220093,215.03414378266177,1.2595074508900626,1.251657041496322,7.886008823584675,159.51702861655156,1.2009495351791684,103.23083815182426,0.008355307002688965,0.00046810082578551104
2187.547644101054,179.9999999999995,24.158890305392326,599.999958773912,1.6221711127141913,1219.5064057293293,1.6221950000000076,275.58492974556975,132.96896581950153,1.5719758418941758,920.6125151272877,919.5042654109886,1.5713149999982066,272.4863345700959,919.5042654109886,1.521295633334291,189.46688704885784,1.5211918421627217,272.4863345700959,1.520795005444782,113.16767938644543,250.45393548949318,113.16767938646362,1.4200608416494178,223.76848022574785,1.4194262879980584,250.45393548949318,223.76848022574785,263.2663992173177,1.419288148429878,1.4114449985908717,7.843149839006468,248.54681618586318,1.3613749960102606,41.721023841338905,162.5136730888076,41.72102384137831,1.2597817751018205,149.99992425937774,1.4194262879980584,162.5136730888076,149.99992425937774,212.2225323691626,1.2595607758449816,1.2516150218674782,7.945753977503522,160.6450008668407,1.2009149264220218,88.88152316783973,0.009863066612449596,0.0004592997767672502,2187.385980725417,183.46976705582543,24.143363637469577,599.6213948297042,1.622208840115739,1219.0866465262661,1.6222292235040605,276.22270050382696,129.82914903209627,1.571992643440907,917.4708533920249,915.2948930344395,1.5713387865218518,271.54640541543836,916.1878403077545,1.521449984386121,185.82824362867308,1.521387699373961,272.2450550927827,1.5209916149170384,112.42425021550754,247.88527987956505,112.34481985987873,1.4199955781583975,223.80048534936307,1.4193407394460524,247.1512284956672,224.0691703824437,266.7794034101001,1.4192017762718887,1.4114984021761905,7.700411425000711,245.63620093214743,1.3614310606936606,40.362050056882055,160.37141010578932,40.28832893080387,1.2596920412914412,157.1372711061575,1.4193209196695993,160.58250345296645,156.42513063037765,215.0361407387913,1.2595075061375125,1.2516570429964968,7.8860601091689,159.51693963181322,1.200949539798181,103.2314471955497,0.008355703192684517,0.0004680114069659306
2187.5476440999473,179.99999999999966,24.158890305390408,599.9999587739115,1.6221711127141891,1219.506405729286,1.6221950000000056,275.58492974543606,132.96896581952274,1.5719758418942775,920.6125151273116,919.5042654110155,1.571314999998309,272.48633456996305,919.504265411015,1.5212956333137861,189.46688704849186,1.5211918421422155,272.48633456996305,1.5207950054242747,113.16581309332369,250.45479801661793,113.16581309334163,1.420060841332784,223.7663050355522,1.4194262872441366,250.45479801661793,223.7663050355522,263.2631314494747,1.4192881475182055,1.4114449985930781,7.843148925127275,248.54772737680847,1.3613749964835729,41.72020466065245,162.5136455342976,41.72020466069275,1.2597818214332666,149.99992501126889,1.4194262872441366,162.5136455342976,149.99992501126889,212.22460572214698,1.2595608220664278,1.2516150218646889,7.94580020173885,160.64490945981564,1.2009149274449766,88.87833998677057,0.00986287929042585,0.00045928762354905013,2187.387105524233,183.4700246813835,24.143407952051977,599.6214195562569,1.6222088366590197,1219.0866950428774,1.6222292203042625,276.2227338654583,129.82887107816677,1.5719926447021972,917.4708608340658,915.2948011965517,1.5713387870811621,271.54648166570433,916.1877634978825,1.5214499629478329,185.8282568897913,1.5213876843878078,272.24506588619937,1.5209915987535605,112.4228285828421,247.88643315557124,112.34339178920196,1.4199955968224016,223.7986055251621,1.4193407540555716,247.1523775840336,224.06731866526175,266.77620879970635,1.4192017913276407,1.4114983978643871,7.700429964658587,245.637404340459,1.361431059457237,40.360895972219936,160.37130213016883,40.28720108236247,1.2596921017893918,157.13745693040968,1.4193209286500026,160.58244240133058,156.4254081279276,215.03812804778977,1.2595075615767937,1.2516570444101234,7.886111623196708,159.51685661253217,1.200949544122845,103.23197008187009,0.00835609302694257,0.0004679235113110449
2187.547644099014,179.9999999999996,24.158890305388567,599.9999587739118,1.622171112714189,1219.5064057292466,1.6221950000000054,275.5849297453234,132.96896581954053,1.5719758418943628,920.6125151273322,919.504265411033,1.5713149999983949,272.4863345698508,919.5042654110332,1.5212956332943577,189.4668870481769,1.5211918421227857,272.4863345698508,1.5207950054048438,113.16395195704641,250.45565807035734,113.16395195706403,1.4200608410139828,223.76413589626426,1.4194262864896117,250.45565807035734,223.76413589626426,263.2598728295364,1.4192881466064309,1.4114449985955129,7.843148010918233,248.54863595689338,1.3613749969556332,41.71939624077088,162.51362188085935,41.719396240813,1.2597818677258923,149.9999257524198,1.4194262864896117,162.51362188085935,149.9999257524198,212.22666449079776,1.2595608682396866,1.2516150218647906,7.945846374896259,160.64482235977988,1.2009149284523866,88.87517132515947,0.009862694049469996,0.0004592759797415502,2187.388266427702,183.47026967823777,24.143449539583155,599.6214446778024,1.6222088331522837,1219.0867446448715,1.622229217065979,276.22276722708966,129.8285975596723,1.571992645780128,917.470871252923,915.2947126982235,1.5713387874132527,271.54656000501865,916.1876883577905,1.521449940575279,185.82826794072312,1.5213876686350365,272.2450763314413,1.5209915817843502,112.42141163237564,247.8875897816893,112.34196840072413,1.4199956155429634,223.79673072007165,1.4193407686912727,247.15352750992793,224.0654712979756,266.7730212277597,1.4192018064865142,1.4114983933323126,7.700448593022962,245.638612805108,1.3614310572995567,40.35975392534917,160.37119768646116,40.28608558037364,1.259692162156536,157.13764770997525,1.4193209377613156,160.58238437704853,156.42570544673106,215.04012018035377,1.259507617080019,1.2516570457141216,7.886163137224516,159.51677906158702,1.2009495477003156,103.23239641247788,0.008356480859884838,0.00046783679794801665
2187.54764409824,180.00000000000006,24.158890305386876,599.999958773911,1.6221711127141871,1219.5064057292107,1.6221950000000036,275.58492974522994,132.9689658195555,1.5719758418944338,920.6125151273493,919.5042654110503,1.571314999998466,272.48633456975995,919.50426541105,1.5212956332758107,189.466887047926,1.5211918421042374,272.48633456975995,1.5207950053862944,113.16209596655108,250.4565156739479,113.16209596656952,1.4200608406935888,223.76197278722867,1.4194262857349869,250.4565156739479,223.76197278722867,263.256623311167,1.4192881456950444,1.4114449985981306,7.843147096913916,248.54954195046605,1.3613749974259342,41.71859846096113,162.51360211545352,41.718598461004326,1.2597819139852522,149.99992648324866,1.4194262857349869,162.51360211545352,149.99992648324866,212.2287089735153,1.2595609143703244,1.2516150218674325,7.945892502891905,160.64473954456741,1.2009149294443784,88.87201699346147,0.009862510940185854,0.00045926482720685003,2187.3893662309883,183.4705222523143,24.143493854165555,599.6214701153423,1.6222088295010544,1219.0867954407868,1.6222292136325187,276.22280234459635,129.82832551965618,1.5719926469469605,917.4708786949639,915.2946241998952,1.571338787858953,271.54663973703197,916.1876132176984,1.5214499193238444,185.82827457128224,1.5213876535005055,272.24508642850844,1.5209915653034627,112.41999994938303,247.88873719499975,112.34055086499498,1.4199956339241795,223.79486327634334,1.4193407832746099,247.15466738548668,224.0636332996958,266.7698499850105,1.4192018213875839,1.411498389003989,7.700466955267845,245.6398061007447,1.3614310558691844,40.358626694221584,160.3710967746663,40.28498242483736,1.2596922221966644,157.13783848954083,1.419320946663173,160.58233139835625,156.42599037725108,215.0420954304384,1.2595076726471879,1.2516570470008102,7.88621430858695,159.51670349912763,1.2009495515494928,103.23274401304315,0.00835686433098002,0.00046775150905335906
2187.5476440976236,179.99999999999966,24.158890305385384,599.9999587739117,1.6221711127141871,1219.5064057291793,1.6221950000000036,275.58492974515536,132.96896581956605,1.5719758418944907,920.6125151273602,919.5042654110604,1.5713149999985234,272.48633456968184,919.5042654110609,1.5212956332579872,189.46688704770355,1.521191842086413,272.48633456968184,1.520795005368469,113.16024511002524,250.45737084764545,113.16024511004373,1.4200608403720578,223.75981568833998,1.4194262849806607,250.45737084764545,223.75981568833998,263.2533828516406,1.4192881447844332,1.4114449986008846,7.843146183548533,248.55044537876364,1.3613749978939578,41.71781120179672,162.51358622041465,41.717811201839794,1.2597819602161469,149.99992720418612,1.4194262849806607,162.51358622041465,149.99992720418612,212.2307394545261,1.2595609604631672,1.2516150218722553,7.945938590911972,160.64466098788392,1.2009149304210722,88.86887680642997,0.009862330003815704,0.00045925414938170013,2187.390488252523,183.47079755805777,24.143540214036378,599.6214953158864,1.6222088258887273,1219.0868456397413,1.6222292102650337,276.2228399203285,129.82806235051015,1.5719926479971098,917.4708906022292,915.2945423806862,1.5713387881386083,271.54672120991887,916.1875447567256,1.521449897524307,185.82829225277317,1.5213876377724638,272.245098614624,1.5209915482854202,112.418594704414,247.88988879595001,112.33913918201449,1.419995652927529,223.7930015209403,1.4193407981983124,247.15581228621323,224.0617996513118,266.76668183917803,1.4192018365980181,1.4114983844664077,7.700485761045213,245.6410103517792,1.3614310539539403,40.35751088356271,160.371004944933,40.2838928503989,1.2596922834794535,157.1380367020765,1.4193209559839417,160.58228548348958,156.42629017371127,215.0440875630024,1.2595077292374577,1.2516570482471094,7.8862662223910265,159.51663688485422,1.20094955499111,103.23300694167582,0.008357245921651968,0.0004676674496264596
2187.388513608258,189.73442393341065,25.405572518667014,598.7783180445963,1.6223586696918737,1216.9233441144945,1.622385158293322,276.2008965437796,135.3738907964409,1.5719895415024205,923.1688365220409,922.3764876643124,1.5713243498782867,273.090458934373,922.3764886963712,1.5213369798016525,194.545635108298,1.5212325046333612,273.090458934373,1.5208341961952816,113.17708666691315,251.43609371659903,113.17708664386697,1.4201187451834039,223.36740842594367,1.4194794436733678,251.43609371659903,223.36740842594367,262.57045337260456,1.4193403864203566,1.4114476748568578,7.8927115634988,249.53571081574086,1.3614377696590931,41.71913026607403,163.26061161899776,41.71913026573286,1.2598699398158926,149.96330021337553,1.4194794436733678,163.26061161899776,149.96330021337553,212.1872681457853,1.2596469508272325,1.2516301305581479,8.016820269085013,161.3846069406501,1.200973611059455,88.86634182018858,0.00986438644589835,0.0004597576298648,2187.7746530467916,191.7072634516952,25.262010617182632,599.388874780876,1.6222458842368113,1218.7412949218015,1.622268324658784,276.6862932941866,132.24330901597574,1.5719984046759237,920.032012404932,918.1447504307503,1.5713397790835546,272.028352359135,918.960548945767,1.5214574486100045,190.57920056963502,1.5213918070884092,272.7597255866996,1.5210037351571217,112.47306623680302,248.94897556980226,112.40576219073498,1.4200495456352409,223.46948772431884,1.419384100184884,248.21568717387945,223.7209190630066,265.8382056460766,1.41925604802985,1.4114996511564233,7.750956741828555,246.634019405988,1.3614416016888609,40.34143549354199,160.88976523607766,40.27933083617781,1.2597396268211525,156.77768383458795,1.4193731828420164,161.10350751786962,156.19049654128884,214.73321117635976,1.2595508597194651,1.2516612155082738,7.934931844282036,160.09801345313397,1.2009623515157066,103.03424032272503,0.008343435354350937,0.0004731380002332949
2187.4873381246553,190.00158786289273,25.514410950861723,599.9892969859136,1.6221705851775061,1219.6321565272208,1.622197205997774,276.2327017166448,135.58750718382896,1.571980261248485,923.2898796040797,922.5431801333004,1.5713148582745398,273.1146681816309,922.5431801379714,1.5213040389538566,194.81182687019742,1.5211995306101675,273.1146681816309,1.5208011486742463,113.21644924111067,251.5300119981033,113.2164492146482,1.42011782483487,223.36852879126496,1.4194781934073535,251.5300119981033,223.36852879126496,262.38972659908967,1.419339077567058,1.4114447337548641,7.894343812193894,249.63829027398606,1.361374329246232,41.72389069582875,163.2546487989676,41.72389069470047,1.2598526955226044,150.0019466862052,1.4194781934073535,163.2546487989676,150.0019466862052,212.26852731394064,1.2596297428186827,1.251613358208004,8.01638461067855,161.37632385153887,1.200912033182295,88.86509599196236,0.009864256533920451,0.00046124961761259995,2187.9652022980094,191.64103600308357,25.262681471783917,599.3823473659536,1.6222472117114894,1218.7332681360924,1.6222696644999663,276.67229896777025,132.13022390329854,1.5719988732310208,919.942350696642,918.0118059043839,1.5713396635990828,272.0152011032148,918.8797858701171,1.5214548278945343,190.5130110133885,1.5213885503698346,272.8050565439109,1.5210014642373046,112.47664051044973,248.97859265242317,112.4163597627613,1.4200518407987257,223.47972737903552,1.4193854656251095,248.2840336433677,223.7221052461309,265.84316493594054,1.4192574888446918,1.4114991475840344,7.751412870636231,246.70284205765557,1.3614391371331735,40.35536260080039,160.92511009678321,40.28869253383178,1.2597386759895772,156.7257199407077,1.4193750967675787,161.09229823569757,156.11797057449044,214.68051372294164,1.259550639880654,1.2516613985469354,7.932651977330721,160.0856838470964,1.2009603182217994,103.09597061797953,0.008372229265348034,0.0004705867283316834
2187.486089157316,190.00005507143686,25.515769958373696,600.0000884252386,1.6221683431138616,1219.6792416068665,1.6221949643594087,276.2324647460856,135.58959996898105,1.5719803751423913,923.2899990623513,922.5434588749656,1.5713149733899359,273.11441811116765,922.5434588745694,1.5213042238198806,194.8116962965201,1.521199715595166,273.11441811116765,1.5208013338371833,113.24949115349972,251.63804754408318,113.24949113221291,1.420124304929312,223.3540734450172,1.4194842010447493,251.63804754408318,223.3540734450172,262.2499855041374,1.4193449983570392,1.411446871853571,7.898117154678697,249.75176963756098,1.3613735899694066,41.730026086925456,163.23923278600273,41.73002608538156,1.2598524737996772,150.00162600584457,1.4194842010447493,163.23923278600273,150.00162600584457,212.3149844915872,1.2596295655715686,1.2516146317939874,8.014933777581446,161.3597281533947,1.2009122951623121,88.86412051949608,0.009852662079187747,0.00046352406658025,2187.9358297738745,191.6233280345768,25.258280692869988,599.4078398888066,1.6222430467648967,1218.7777902673088,1.622265491765473,276.67910316027917,132.0711904805624,1.5719992162908616,919.8757779201226,917.9300802029285,1.5713398868687702,272.0071516516205,918.8111913149363,1.5214527696320423,190.46096222952252,1.5213866938426575,272.81976936349736,1.520998281252959,112.50153166550477,249.04122927501803,112.43989776210869,1.42005511898965,223.47102624900307,1.4193887456192635,248.36662269464486,223.7096411216228,265.7855774874869,1.4192594998703598,1.4114992587107191,7.753293182253559,246.7941595118868,1.3614367010152266,40.378332867307414,160.9555486260231,40.307118379632996,1.2597411890417474,156.7597480777673,1.4193778991247097,161.10767164308416,156.1180498595047,214.78514409464134,1.2595549082577107,1.2516612853471907,7.935495071934187,160.09460916549003,1.2009576554713743,103.17820043374881,0.008351909055415746,0.00047740227282269145
2187.4867173006887,190.00000010621346,25.515020031767776,600.0001128770894,1.6221683305365842,1219.6642556546358,1.622194951377147,276.23249582469975,135.58863497576345,1.5719803177795164,923.2897664687338,922.5431809440529,1.5713149159418536,273.1144485346404,922.5431809437123,1.5213033169329129,194.81145661507412,1.521198808636691,273.1144485346404,1.520800426838882,113.2766721793707,251.73506201912946,113.27667216142855,1.4201283241349905,223.33840060419976,1.4194877893468347,251.73506201912946,223.33840060419976,262.1410942386415,1.419348507101489,1.411446737605854,7.901769495635369,249.85272627859007,1.361374532434867,41.73750296966925,163.2321117324645,41.737502967931405,1.2598525597588925,150.00113861835666,1.4194877893468347,163.2321117324645,150.00113861835666,212.36704033286895,1.2596296741495587,1.2516151354480838,8.014562948701842,161.35112608159992,1.200912825367924,88.86347007943705,0.009832514856190947,0.00046675365893694996,2187.8830975390274,191.6548417021077,25.26196766612584,599.4395296915538,1.62223762112722,1218.8348898687104,1.6222600628903547,276.7029358317825,132.06859427258252,1.5719996392176026,919.8496102160482,917.9054008578094,1.5713403024975108,272.01959228291577,918.7904276028216,1.5214533188931862,190.46275137538717,1.521387454699046,272.8277544027665,1.5209972707425947,112.52591889889453,249.10556649814342,112.46011783823205,1.4200583073671242,223.4537287210448,1.4193926512830963,248.4356483993118,223.69298670902842,265.71996311236217,1.4192619621045408,1.4114997650585217,7.755570189325559,246.87301730793408,1.3614362686548995,40.39861160713521,160.9773975432853,40.3237286795852,1.2597447562625332,156.8077056007705,1.4193804329861068,161.13496929270931,156.13308923564801,214.90092413806423,1.2595601727514047,1.251661162355919,7.9387741511144645,160.11198206857023,1.200956228264385,103.22181390638026,0.008333227282601075,0.0004836586373037857
2187.486710661122,189.9999995298631,25.51427973598431,600.0000998254469,1.6221683367198017,1219.6491800940862,1.6221949571722931,276.23245491153693,135.5876980559454,1.571980318581001,923.2895661346936,922.542939639358,1.5713149170108247,273.1144079317478,922.5429396390581,1.5213023205304976,194.81104771569608,1.5211978122079421,273.1144079317478,1.5207994304514179,113.29903843148422,251.8154464539359,113.29903841666857,1.420131482307431,223.3253702633794,1.419490591854783,251.8154464539359,223.3253702633794,262.05502037062513,1.4193512439576672,1.411446426065166,7.9048178925014145,249.936169685683,1.3613753021999944,41.74608719680991,163.23171960927556,41.74608719451278,1.2598533264976357,150.00076754537127,1.419490591854783,163.23171960927556,150.00076754537127,212.4224210056148,1.2596304418199138,1.2516154957378243,8.014946082089637,161.3491623514028,1.2009133939842216,88.86322448696583,0.0098072798378158,0.0004708664358539001,2187.8027730171834,191.71470175824956,25.270963526353462,599.4721805119168,1.6222319222531125,1218.8941169289435,1.6222543581783557,276.7291027639556,132.0913909302373,1.572000089742708,919.8425856736798,917.9036943428762,1.571340827982663,272.03791985255424,918.7927769830344,1.5214554477861792,190.4855582885154,1.5213897409776556,272.8310114032829,1.5209979916288272,112.54998949857824,249.1698932521693,112.48014301782453,1.4200612826356065,223.43562211246746,1.4193965073321637,248.4914507937218,223.6762312450085,265.65228027838816,1.4192644935848688,1.4115004401779117,7.757823245643364,246.9412070746983,1.3614372685578564,40.416183387217956,160.99553088826104,40.338883332780526,1.259748859985686,156.84924599293169,1.4193826127630276,161.16524737219538,156.15552937234153,215.02311952364235,1.2595653690809998,1.251661101350725,7.942082242629694,160.13115256278957,1.2009561169778786,103.24716349461103,0.008314624023389786,0.0004899746578142808
2187.486579692005,189.99999964455867,25.5136081349685,600.0000864320018,1.622168341518535,1219.6354966952463,1.6221949616191171,276.2324027595105,135.58685081905605,1.5719803307926958,923.289387585884,922.5427243919987,1.5713149295405044,273.1143562937852,922.5427243917288,1.521301456985799,194.81063700953092,1.5211969486531562,273.1143562937852,1.5207985669557411,113.31749332726473,251.88075936536723,113.31749331880883,1.4201339950936585,223.31516045964548,1.419492817288719,251.88075936536723,223.31516045964548,261.98599284465183,1.4193534164076036,1.4114461373590137,7.907279048589566,250.00394320780242,1.3613758456802967,41.755538364775845,163.2362412209445,41.75553836152167,1.2598545530429952,150.0005144213834,1.419492817288719,163.2362412209445,150.0005144213834,212.47922609958462,1.259631653744398,1.2516157331637434,8.01592058065459,161.3517717962257,1.2009138590113067,88.863390917548,0.0097797254899242,0.00047571975230219996,2187.6686886665125,191.81221555772322,25.28606389074767,599.5050205338572,1.6222260627860516,1218.9534054218434,1.6222485045273063,276.75264518926616,132.12762621684033,1.5720007362178694,919.8474654198722,917.9143082980352,1.5713416477961306,272.05639400375424,918.8120612702248,1.521459546497827,190.50698604535017,1.52139397243915,272.8293760265738,1.5210009102841517,112.57085454778495,249.22618895055,112.49771589572207,1.4200640772591522,223.4191376804167,1.4194002267638994,248.52851140612123,223.6611089995583,265.59064487820797,1.419266902556749,1.4115013991219028,7.759589569412022,246.9958568125115,1.3614402564843378,40.431867394689455,161.01125496413474,40.35347930899749,1.2597531813706548,156.88239208420762,1.4193842604445024,161.19394870488694,156.1838068682103,215.14858046308447,1.2595700635795914,1.2516611556801402,7.944982905015898,160.14935019034428,1.2009578735612276,103.25353320069563,0.008298177324894213,0.0004961267166210266
2187.4864410980654,189.99999942002466,25.51300021743885,600.0000748954542,1.6221683459374792,1219.6231263507461,1.6221949657200838,276.2323532184814,135.58608554457996,1.5719803436922741,923.289226742773,922.5425302224696,1.5713149427393143,273.11430729884364,922.5425302222272,1.52130075110035,194.81025932926744,1.5211962427654542,273.11430729884364,1.5207978611293214,113.3327794996282,251.93346990292136,113.33277948976834,1.4201359970237957,223.30737587361799,1.419494588480796,251.93346990292136,223.30737587361799,261.9302895583546,1.4193551451121982,1.4114458994117882,7.909245700409961,250.05866263561748,1.36137620885422,41.76564979636383,163.2441239039233,41.76564979246824,1.259856074806709,150.00035192264522,1.419494588480796,163.2441239039233,150.00035192264522,212.53608930255177,1.2596331503811031,1.251615881634378,8.017268746724815,161.35780349153384,1.2009142130159582,88.86402045180091,0.009751706716438603,0.00048115665703280013,2187.5214537166016,191.94137688898832,25.30442478576246,599.535646541848,1.6222206015919602,1219.008275429892,1.622243058311702,276.7717566631699,132.1701672135995,1.572001155188493,919.862492388778,917.9365881696133,1.5713423057198486,272.0717687035034,918.8427952376702,1.5214634047169786,190.526292023272,1.5213981057240311,272.8236321880448,1.5210039403258604,112.58899163081065,249.2762513470599,112.51330586236841,1.4200663011035184,223.40487303365416,1.4194035085384251,248.55358322448242,223.64801012487058,265.53887625478455,1.4192687593640807,1.41150225489099,7.760973568178524,247.037718230207,1.3614431931840965,40.445967969607686,161.0227599178657,40.36773020186539,1.259757439052917,156.92270851396108,1.4193854447057441,161.220973388107,156.22711878490892,215.28181457837863,1.259574108792759,1.25166117851165,7.947826113841155,160.16433343064637,1.2009596915078202,103.25892249492951,0.008278040100081737,0.0005027235062993523
2187.4863215478495,189.99999889649519,25.51244904072772,600.0000670459366,1.6221683496131896,1219.6119568313413,1.6221949691636883,276.23230919891296,135.58539374279405,1.5719803548326154,923.2890812899817,922.542354180508,1.5713149541458833,273.11426384674394,922.5423541802924,1.5213001856285668,194.8099197922897,1.52119567729601,273.11426384674394,1.52079729571896,113.34549869513005,251.9759257545208,113.34549868707936,1.4201375965700147,223.30155248878896,1.4194960028709778,251.9759257545208,223.30155248878896,261.88529682583726,1.4193565254563572,1.41144571080269,7.910814653667053,250.10276617576332,1.3613764398281791,41.77625303604448,163.25420148115307,41.7762530313212,1.2598577704566383,150.00025390579466,1.4194960028709778,163.25420148115307,150.00025390579466,212.5920336727791,1.2596348141314748,1.2516159669791236,8.018847152351238,161.36602597061471,1.2009144788975488,88.86510512138935,0.0097243346723644,0.00048703001971369986,2187.3901272059898,192.05283782896896,25.319266421171722,599.5628416419022,1.6222157412946079,1219.0563372657732,1.6222382238842767,276.78527251355763,132.2082646436824,1.5720013548279617,919.8755330769783,917.9586768514068,1.5713427337582868,272.08356416702304,918.869847340603,1.521466754795142,190.53847236034434,1.5214017935047084,272.8158410821006,1.5210066982253863,112.60428603378035,249.31667086535828,112.52609470349877,1.420067998622969,223.39316779865973,1.4194062527454805,248.57053604676227,223.63777682769393,265.50002402650045,1.4192701016462441,1.4115029577259697,7.761980209506704,247.06845064918912,1.361445697717477,40.45769895159973,161.03057705005384,40.38009147016892,1.2597609661815472,156.95720245047949,1.4193863424842632,161.24354483382032,156.2669644598902,215.39674567426817,1.2595772492010464,1.251661162840591,7.9502301969903435,160.17492609436096,1.2009611474704276,103.26516147943401,0.008257869318301476,0.0005087077970047996
2187.486225734,189.99999953141128,25.511951497639927,600.0000472068098,1.6221683533803666,1219.6017321000525,1.6221949726127571,276.2322703900137,135.58476116186125,1.5719803637773313,923.2889478363419,922.5421941059917,1.5713149633280734,273.11422532757945,922.542194105799,1.5212997349705193,194.8096139939521,1.5211952266436983,273.11422532757945,1.520796845123154,113.3561364096257,252.01011134678168,113.35613640528459,1.4201388783594329,223.29728265835575,1.4194971358888036,252.01011134678168,223.29728265835575,261.8490107399919,1.4193576311566747,1.411445562913789,7.912068242885817,250.13830303253803,1.3613765768121908,41.787213674422944,163.26563398360946,41.787213671842196,1.2598595540861293,150.00020027825383,1.4194971358888036,163.26563398360946,150.00020027825383,212.6463960558478,1.259636561752099,1.2516160082489565,8.02055350314268,161.37563184031072,1.2009146792069547,88.86663721666463,0.009698202576136647,0.0004932125854248498,2187.2986157961714,192.12337166558575,25.328033209096464,599.5860747266272,1.6222116091924057,1219.0961005360916,1.6222341150935127,276.7937284579937,132.23941026857088,1.5720014534975326,919.8865465532481,917.9792101333371,1.5713430314512034,272.0930923166977,918.8879986821827,1.5214698562340105,190.54763358283844,1.521405356450236,272.80835828488017,1.5210094177427562,112.61293112892291,249.33571373867184,112.53148391447897,1.4200686762959902,223.3829167672925,1.4194078750828432,248.57084676963686,223.62972182449167,265.47704011809157,1.4192706131808865,1.4115035549630652,7.762111051589808,247.07886080526254,1.3614480437704573,40.46461358241028,161.03083134777685,40.38774997469217,1.2597636559531367,156.9879650360141,1.4193864465312693,161.25833446647368,156.3058512817302,215.48841030182254,1.259579473166681,1.2516611662794537,7.952128334715641,160.18071358220425,1.2009627110967862,103.26756497394075,0.008233851562793663,0.000514696145059864
2187.4861501006158,189.9999998123533,25.511506326236834,600.0000438883146,1.6221683552632786,1219.5926708182099,1.6221949742624933,276.2322371319392,135.58419965244235,1.571980370857954,923.288829308789,922.5420514248783,1.571314970612844,273.11419237544453,922.5420514246964,1.5212993758095563,194.809345559603,1.5211948674897189,273.11419237544453,1.5207964860204346,113.36508475140957,252.0376429682994,113.36508474776916,1.4201399086322746,223.29423621304574,1.4194980463929803,252.0376429682994,223.29423621304574,261.81983061546157,1.4193585196991187,1.4114454472186246,7.913072480493888,250.16694045795117,1.3613766478665124,41.79842523161712,163.27782826295297,41.79842522848608,1.2598613659548439,150.00017662562556,1.4194980463929803,163.27782826295297,150.00017662562556,212.6987460130432,1.2596383353689324,1.2516160184640892,8.022316292499166,161.38604997690706,1.2009148312997788,88.86860196917297,0.009673564856627652,0.0004995971398758,2187.2237069723287,192.16056067261667,25.332870316206353,599.6076621921208,1.6222079060234948,1219.1325578389315,1.6222304416814466,276.8053010811487,132.25840871534848,1.5720013696411768,919.8938948243939,917.9967478303457,1.5713431370690916,272.10337879093544,918.8977877664024,1.521471842906822,190.56293912343472,1.5214075845647663,272.8036683712604,1.5210108253570556,112.61993569859769,249.3455324977558,112.5347351163681,1.4200689772954744,223.3744696042534,1.4194089796724596,248.5660456405842,223.62514673793063,265.45958814760695,1.4192708874327524,1.411503828165101,7.762253336811027,247.08314015218565,1.3614495184115503,40.468004535632524,161.0253916974754,40.39256694315863,1.2597649904398243,157.00966930866898,1.419386308395385,161.26498354463644,156.3305956391508,215.55037864818982,1.2595806893779047,1.2516611259997545,7.953312357802682,160.18358396141807,1.200963592626298,103.26780413501342,0.008204844622224894,0.0005217510735122241
2187.4860903557847,189.99999979578146,25.511100608574832,600.000035898945,1.6221683578486539,1219.584404613152,1.6221949766352641,276.2322079512338,135.5836873855622,1.5719803764696882,923.2887209944864,922.5419209046703,1.5713149764049303,273.1141634967631,922.5419209045056,1.521299088910805,194.80910376245302,1.521194580599258,273.1141634967631,1.5207961991778676,113.37266015730964,252.059818009404,113.3726601542403,1.42014073903488,223.29215429845397,1.4194987801865597,252.059818009404,223.29215429845397,261.7964689985506,1.4193592358021434,1.4114453564542293,7.91387934791421,250.1900178475941,1.3613766736342643,41.809803592220725,163.29037199475295,41.8098035885467,1.2598631654113692,150.0001725800663,1.4194987801865597,163.29037199475295,150.0001725800663,212.74879545647667,1.2596400956178253,1.2516160093247461,8.024086293078936,161.3968828371523,1.2009149485455062,88.87097984566269,0.009650478164035801,0.0005060969856849503,2187.1826726451645,192.17312370718415,25.334091353392232,599.625040376758,1.6222050031684576,1219.1608605522374,1.622227563254241,276.8180799906584,132.2678214477539,1.5720011529437297,919.8987827568312,918.0110686966119,1.5713430952169491,272.1129344464138,918.9029707629769,1.5214728186292013,190.57952546703106,1.5214087543502426,272.801224010565,1.5210113066966384,112.62584814536028,249.35327041861362,112.5375251216616,1.42006912677718,223.3672564731924,1.4194097639522945,248.56136050915455,223.62178226083188,265.442428694986,1.419271083776258,1.411503887737374,7.76250685997951,247.08586888895937,1.3614502168696092,40.470425366337246,161.02009786471754,40.39689993068472,1.2597658086337304,157.0240446728178,1.4193861117428783,161.26945746906117,156.34722071557937,215.60001796106175,1.2595813830403315,1.2516610067589204,7.954282957472962,160.18682817595726,1.2009639886953136,103.25840703597164,0.008176481371963615,0.0005290825800808405
2187.4860434142884,189.9999998129001,25.510733671879873,600.0000285101355,1.6221683602427412,1219.5769281216308,1.6221949788370746,276.23218241862435,135.58322391750278,1.5719803808953499,923.2886228759087,922.5418026772512,1.5713149809893765,273.1141382292233,922.5418026771015,1.5212988590346312,194.8088873917318,1.5211943507319783,273.1141382292233,1.5207959693547175,113.37911870047765,252.07767430554287,113.37911869787109,1.4201414099283194,223.29083503246866,1.4194993730159653,252.07767430554287,223.29083503246866,261.77786998550124,1.4193598143572048,1.4114452849445525,7.914529412652693,250.20860804312082,1.3613766685499082,41.82128239004054,163.30298218052815,41.821282385860826,1.2598649252443863,150.00018098281816,1.4194993730159653,163.30298218052815,150.00018098281816,212.79637637296577,1.2596418161642458,1.2516159858987426,8.025830265503187,161.4078567306292,1.200915040334432,88.87374842810928,0.009628888623308896,0.0005126432575569499,2187.1732882125766,192.1816960713422,25.333553783419553,599.6370598513317,1.6222030386015218,1219.1790941150145,1.6222256125237915,276.8287564150426,132.26768025307163,1.5720008870781872,919.9013048644789,918.020778466021,1.5713429659944178,272.11992266142954,918.9045052906354,1.521472998581268,190.59459893805874,1.5214091590258347,272.8000799084006,1.5210112563261626,112.63064037601679,249.36173698879998,112.54048895359077,1.4200691859929746,223.36202254472113,1.4194102785843905,248.55756315736656,223.61867476219277,265.4261310298345,1.4192711768950528,1.411503839211688,7.762786817684105,247.08795462815485,1.3614503293356603,40.473380489780695,161.0177471244565,40.40165948814677,1.2597665146611658,157.0367401857269,1.4193860013074804,161.27416298605505,156.364105945961,215.64622289527614,1.2595817865257586,1.2516608303441088,7.9552860532428245,160.19073853323053,1.2009640645354263,103.23870075777243,0.008150709381211901,0.000535827973685902
2187.4860064392087,189.99999983003033,25.510401905491246,600.0000218253938,1.6221683624172065,1219.5701681999958,1.6221949808376932,276.23215999291506,135.58280474858532,1.5719803843960019,923.2885340348669,922.5416956372902,1.5713149846302732,273.1141160363155,922.5416956371553,1.521298674278933,194.8086935314518,1.5211941659854178,273.1141160363155,1.5207957846487061,113.38466786813068,252.09204203470335,113.38466786589575,1.420141953008684,223.29012127139328,1.4194998529276952,252.09204203470335,223.29012127139328,261.76316815860594,1.4193602827358274,1.411445228341421,7.915054394406429,250.22357050946135,1.3613766428891187,41.832809290157535,163.3154678760911,41.83280928552645,1.2598666278660682,150.00019702771567,1.4194998529276952,163.3154678760911,150.00019702771567,212.84140324625398,1.259643480006464,1.2516159536921285,8.027526314335454,161.41878615422553,1.2009151135364868,88.87688364899303,0.0096086882759406,0.0005191821733114999,2187.199175249023,192.18593426434668,25.33272339632162,599.6451028538378,1.6222017891419966,1219.190294777115,1.6222243715052358,276.8389025650758,132.26109511050763,1.5720006804488367,919.9000166472059,918.0249495759066,1.5713428609533184,272.1261260906028,918.9041713346705,1.5214726234050013,190.61046365580603,1.521409045615772,272.80107133594566,1.521010955617108,112.63546128514204,249.37597496418505,112.54473921967875,1.4200694859178646,223.35768536399968,1.419410943160423,248.56080564687852,223.61438308807354,265.4076342722545,1.4192714459392786,1.4115037323913,7.763314443928378,247.09519277520533,1.3614500932515028,40.47751315614631,161.0207845694815,40.40745676494653,1.259767445806381,157.0404814473375,1.4193862057883855,161.28157848929968,156.3736895220602,215.68293022896142,1.2595821245327266,1.251660635419445,7.956398059490546,160.1969570253652,1.2009640457197421,103.21079467136731,0.008130565246968074,0.0005410845003509356
2187.485977206724,189.99999984574998,25.51010194158369,600.000015781337,1.6221683643897435,1219.564056248537,1.6221949826530473,276.2321402233344,135.5824256656133,1.5719803871765086,923.2884536121702,922.5415987468175,1.5713149875350325,273.1140964719476,922.5415987466962,1.5212985253783429,194.80851961415988,1.5211940170939608,273.1140964719476,1.5207956357944372,113.38947600738368,252.10358684928508,113.38947600544758,1.4201423933223363,223.2899009168235,1.419500242070269,252.10358684928508,223.2899009168235,261.75165373497407,1.4193606625514295,1.411445183340529,7.9154792109003,250.23559535110118,1.3613766038804622,41.84434306934585,163.32770323242363,41.84434306432589,1.2598682624377684,150.00021736285115,1.419500242070269,163.32770323242363,150.00021736285115,212.88385016581339,1.2596450766876428,1.2516159161336455,8.029160553997162,161.42954792567969,1.2009151730825476,88.88036067898736,0.009589749122311302,0.0005256723760034002,2187.2349605150475,192.2023667337669,25.33440905485991,599.6513036096692,1.6222008144944327,1219.1984892001979,1.6222234182210913,276.84973842294033,132.253633230283,1.572000531572134,919.8986108456874,918.0258671198947,1.5713427690341635,272.13284168480453,918.9050120688121,1.5214721466553474,190.62778267618327,1.5214088374912438,272.8038612600611,1.5210106624770536,112.6413614411323,249.3958038574927,112.55086060951822,1.42007001552312,223.35496768294587,1.4194118575382884,248.56885805948676,223.61023696816,265.38922619910863,1.4192719672189111,1.4115036166389259,7.764094617569667,247.1062779523275,1.3614498757379414,40.48391726113949,161.02885852218753,40.41560974489482,1.259768758121387,157.03798892470155,1.4193866604900345,161.292959321523,156.38076075426991,215.71676512937344,1.2595827175475998,1.251660440408233,7.957646103891525,160.2053747827652,1.2009640388478287,103.18959549330452,0.008114295928591024,0.000545706243901375
2187.485954012708,189.99999986010403,25.509830731649355,600.0000103166792,1.6221683661780868,1219.5585301588235,1.6221949842992758,276.2321227392262,135.58208284776336,1.5719803893940227,923.2883808232539,922.5415110583901,1.571314989862923,273.11407916932416,922.5415110582801,1.521298405092567,194.8083634165707,1.5211938968171386,273.11407916932416,1.5207955155516661,113.39367986802391,252.11284392338803,113.39367986633121,1.4201427507704767,223.2900449329207,1.419500558034198,252.11284392338803,223.2900449329207,261.74274476595906,1.4193609709684223,1.4114451474259138,7.9158235425083046,250.24523808714176,1.3613765565891627,41.85585132437224,163.33960820368344,41.85585131902383,1.2598698228558232,150.00023976010925,1.419500558034198,163.33960820368344,150.00023976010925,212.92373414170555,1.2596466003430653,1.2516158756172466,8.030724725818672,161.4400626816959,1.200915222503561,88.88415455162081,0.009571942465521253,0.0005320825335216501,2187.256420565538,192.23911626190463,25.339004817936413,599.6554131943288,1.6222001885225852,1219.2030617551377,1.62222281554299,276.858979243651,132.24945505047026,1.5720003047288011,919.9003083752077,918.0284602878899,1.5713425734459672,272.13881671135454,918.9102059189554,1.52147137883827,190.64321751268207,1.5214083854831484,272.80647848951025,1.5210102393943563,112.6457720725719,249.413903255555,112.5562574290717,1.420070198713148,223.35429512213346,1.4194125204910408,248.57364453180003,223.606789843041,265.3733916637798,1.4192722728197402,1.4115034317545199,7.764726030415453,247.11412707348575,1.3614493873264157,40.490841769112166,161.03708283346788,40.42391829014538,1.2597700518618873,157.03453754892436,1.4193868662276723,161.3035288229157,156.38983145543313,215.7494279033616,1.2595831824830261,1.2516602313242253,7.958730639798476,160.2127495793771,1.2009637623410505,103.17047597674325,0.008100070838730624,0.000549672126476599
2187.4859355529006,189.99999987318787,25.509585519308803,600.0000053758777,1.62216836779869,1219.553533772957,1.6221949857913862,276.2321072339938,135.581772835003,1.5719803911689665,923.2883149532497,922.5414317091197,1.5713149917361386,273.11406382503776,922.54143170902,1.521298307733153,194.8082230051137,1.5211937994663778,273.11406382503776,1.5207954182320422,113.39739063999134,252.12024464378834,113.39739063849343,1.4201430412423954,223.29050924723308,1.4195008148589363,252.12024464378834,223.29050924723308,261.73596441544385,1.4193612216855316,1.4114451186699544,7.916103015577325,250.25294697314763,1.361376504548264,41.86730866946921,163.35113483959412,41.86730866384707,1.2598713063158253,150.00026274868998,1.4195008148589363,163.35113483959412,150.00026274868998,212.9611028731829,1.2596480483078227,1.251615833804122,8.03221450370084,161.45028174348118,1.2009152643234464,88.88824060004468,0.009555149007433053,0.0005383892730958999,2187.276736376246,192.28429166123598,25.345735862121884,599.6584024212552,1.6221997583333156,1219.2061171348616,1.6222224023292158,276.869423892491,132.24674426041838,1.5720000193493757,919.9032539349804,918.0307378675071,1.571342305230452,272.1471899654482,918.9165043284526,1.521470349551313,190.66121285008782,1.521407630487681,272.81044994457363,1.5210095644836963,112.6499439118635,249.43209771304123,112.56172448160929,1.4200702862642947,223.35417098279945,1.4194130183405171,248.57579111597133,223.6037696769253,265.3569720927236,1.4192725271691395,1.411503185469592,7.765334113452524,247.12154977685296,1.361448695074718,40.499320078151726,161.04578899856867,40.433618280599504,1.2597712956997535,157.03076407777672,1.419386961215729,161.31387177732896,156.40171677460268,215.78005995626154,1.259583679901907,1.25166004851636,7.959629508183915,160.22047534372794,1.2009632696576864,103.15823271238942,0.008085290550220791,0.000553746914546318
2187.4859208244197,189.9999998850953,25.509363812421416,600.000000908711,1.6221683692667423,1219.549016316002,1.6221949871432635,276.2320934517063,135.5814924950136,1.571980392594063,923.2882553516909,922.5413599141677,1.5713149932488957,273.1140501858049,922.5413599140775,1.5212982288053258,194.80809668865408,1.5211937205468247,273.1140501858049,1.5207953393409266,113.4006988012826,252.12613753502245,113.4006987999432,1.4201432774769362,223.29122226825325,1.4195010237972274,252.12613753502245,223.29122226825325,261.73092223766935,1.4193614256820322,1.4114450955848663,7.916330097165969,250.25908447708437,1.3613764502068983,41.878695313430015,163.36225755703992,41.87869530759019,1.259872712291666,150.0002853789568,1.4195010237972274,163.36225755703992,150.0002853789568,212.99602570380438,1.2596494201265038,1.2516157918368065,8.033628289697115,161.46017780628262,1.20091530034433,88.89259475898484,0.009539263325594396,0.0005445754602855002,2187.2706652399224,192.3633271412694,25.358034863145473,599.6618833352873,1.6221992310113458,1219.2110059432157,1.62222188479488,276.88224845475946,132.24746132241737,1.5719996984760198,919.9115890207444,918.0370471303984,1.571341983530888,272.1595606136226,918.9291729479792,1.5214692540934174,190.69310141900093,1.5214066325483724,272.81619273857837,1.5210086494403996,112.65471156097537,249.44920170911854,112.56817245482485,1.4200704367640367,223.35464144076076,1.4194134253648643,248.5756177476828,223.60111222519797,265.3417009147048,1.4192728475163556,1.4115029205937974,7.765871231291978,247.1292800740813,1.3614479220675952,40.512634801358345,161.05666476725872,40.44793553564992,1.2597721268434914,157.0208237191133,1.4193869414745508,161.32442160092165,156.40573057844983,215.79946757217257,1.2595842116586122,1.2516598500085863,7.960017176943071,160.23047444443918,1.200962462304084,103.14221337693787,0.00807099542385717,0.0005583352914312596
2187.4859090513296,189.99999989592098,25.509163357756435,599.9999968697682,1.622168370596206,1219.544931880093,1.6221949883676878,276.23208117674824,135.5812389928066,1.5719803937411627,923.2882014274314,922.5412949604452,1.5713149944743152,273.1140380382784,922.5412949603638,1.5212981647381523,194.8079829806423,1.521193656487494,273.1140380382784,1.5207952753075422,113.40367802208087,252.13080472202472,113.40367802086823,1.4201434697224093,223.29213542479675,1.4195011938999351,252.13080472202472,223.29213542479675,261.7272987231843,1.4193615917886095,1.4114450770134512,7.916514775158201,250.26394421969457,1.3613763952472804,41.889995931716676,163.37296623752604,41.88999592570478,1.2598740418087409,150.00030705808388,1.4195011938999351,163.37296623752604,150.00030705808388,213.0285868821528,1.2596507168480304,1.251615750490351,8.03496635767942,161.4697383435586,1.2009153318527885,88.89719376945733,0.009524195076797248,0.0005506287982187002,2187.2733925298903,192.43551281234681,25.36845083529838,599.6642610342759,1.6221989336334544,1219.2139268168758,1.6222215950729653,276.8946965573562,132.2441192221107,1.5719993059480413,919.9195438182204,918.0425757712434,1.5713415679502132,272.1717745831683,918.9380511673048,1.521467716192111,190.72314116701742,1.5214052367588484,272.8218599786666,1.5210071725331238,112.65949325668417,249.4636926179487,112.57479308412633,1.4200705841531114,223.35508278788092,1.4194136213628226,248.57548834961239,223.59883656047904,265.3268421896892,1.4192731141887849,1.41150257515391,7.766435138493533,247.13622663900588,1.3614469323954368,40.52678908334563,161.0686071736204,40.463055927439385,1.2597728771488863,157.01825191146312,1.419387004206465,161.33578628725778,156.41408523682793,215.81889689412847,1.2595849374208306,1.2516596214742324,7.9605110148571,160.24259724795633,1.2009614003613716,103.12766168831737,0.008057173126965907,0.0005625367341232292
2187.4858996286744,189.9999999057492,25.508982118086642,599.999993218004,1.622168371799882,1219.541238957902,1.6221949894763936,276.2320702258257,135.58100976298766,1.5719803946663786,923.2881526437425,922.5412362006637,1.571314995469602,273.1140272010384,922.54123620059,1.5212981126810616,194.80788056815476,1.521193604437789,273.1140272010384,1.5207952232814868,113.40638831686435,252.13447494557815,113.4063883157566,1.4201436262470581,223.2932097605019,1.4195013324680583,252.13447494557815,223.2932097605019,261.72483255076634,1.4193617271285253,1.411445062049228,7.916665079297225,250.26776439971036,1.3613763408095116,41.901198769087095,163.3832613329456,41.90119876294453,1.2598752969272669,150.000327435577,1.4195013324680583,163.3832613329456,150.000327435577,213.05888051086532,1.259651940524219,1.251615710279586,8.036230244632957,161.47896093870804,1.2009153597686755,88.90201531294872,0.009509868405917747,0.0005565407080668501,2187.26029487257,192.49644378257324,25.375739561459312,599.6642090532162,1.6221990577419028,1219.2120296491405,1.6222217195517041,276.90130672564067,132.24204491698782,1.5719989106418903,919.9248909245788,918.0466976226254,1.57134115550255,272.1771646761711,918.9451251895302,1.5214661930895765,190.74045466192874,1.5214037623785743,272.82399864194866,1.5210056589039889,112.66168803745626,249.4685904814812,112.5790345710913,1.4200704464353842,223.35690439039962,1.4194133071796138,248.57116670531903,223.59858359730782,265.320716769901,1.4192729311995251,1.411502236966443,7.766680678077283,247.136252763416,1.3614457213064979,40.54100972751596,161.07996883260267,40.47750868480665,1.2597734121469801,157.02190893274604,1.4193869161566206,161.34564839696856,156.42494480612547,215.83583243270522,1.259585489128004,1.2516593680773627,7.961052197703559,160.2531392052837,1.200960142404969,103.12235706601605,0.00804477184263793,0.0005662914555029825
2187.485892082174,189.9999999146697,25.5088182514821,599.9999899162935,1.6221683728894551,1219.5379000208081,1.6221949904801,276.23206044198514,135.58080248445003,1.5719803954137876,923.2881085136482,922.5411830476826,1.5713149962797743,273.1140175187832,922.5411830476154,1.5212980703489896,194.80778828784696,1.521193562112633,273.1140175187832,1.5207951809778695,113.40887859485005,252.1373339042075,113.40887859382525,1.4201437537369606,223.29441392841466,1.419501445404797,252.1373339042075,223.29441392841466,261.723310086071,1.4193618374611958,1.411445049977408,7.916787483787546,250.27073848403788,1.361376287650446,41.9122949232049,163.3931503955348,41.91229491696903,1.2598764803747395,150.00034632417004,1.419501445404797,163.3931503955348,150.00034632417004,213.08700674744165,1.2596530938529835,1.251615671534974,8.037422318009636,161.48784998218707,1.200915384751804,88.907038094244,0.009496220468178997,0.0005623054475109001,2187.328516003701,192.41687537123832,25.36066305876332,599.6543046863812,1.6222009720363586,1219.1879452489623,1.622223584649072,276.8829406208163,132.22480364172736,1.5719985699493997,919.916808868204,918.0379771977347,1.571340763522149,272.16017444567245,918.9284449239758,1.5214632556330565,190.71263725630496,1.521400860999989,272.81235637531046,1.5210032697856877,112.66069716709703,249.45591617080456,112.57964852442734,1.4200697127137931,223.3634503143661,1.4194117845168743,248.57346195070392,223.60440877700074,265.3306086035297,1.4192719155034341,1.4115016582871733,7.766318666862946,247.1280977338424,1.3614432395136122,40.550921768370316,161.0894025717443,40.48561135296077,1.2597740037842362,157.04246357269412,1.4193866426339554,161.35128936630073,156.44181517056694,215.85960055185558,1.2595859563654075,1.2516590045964964,7.962576830171804,160.26221366011032,1.2009585099887188,103.12251155515617,0.008036328307317153,0.0005697752508306663
2187.4858860371364,189.99999992275934,25.50867009258423,599.9999869310832,1.6221683738755888,1219.5348811375193,1.6221949913885978,276.23205168984737,135.5806150573726,1.5719803960182817,923.2880685956052,922.5411349691852,1.5713149969405429,273.11400885752187,922.5411349691249,1.521298035903985,194.8077051052851,1.521193527674074,273.11400885752187,1.5207951465589127,113.41118872720764,252.1395325102087,113.41118872625208,1.4201438576089185,223.29572263710816,1.4195015374922633,252.1395325102087,223.29572263710816,261.72255674486735,1.4193619274522158,1.4114450402312282,7.916887220987601,250.27302375691391,1.36137623625654,41.92327777122504,163.40264562105295,41.92327776492887,1.259877595285337,150.00036364506758,1.4195015374922633,163.40264562105295,150.00036364506758,213.1130689433303,1.2596541799252896,1.2516156344566278,8.038545468661674,161.49641433841612,1.2009154072783785,88.9122418867493,0.0094831996051946,0.0005679194253347002,2187.396581607095,192.3471421944442,25.34692894703271,599.642696478368,1.62220312964884,1219.1605074772117,1.622225684450522,276.86120990767597,132.20687043859982,1.5719983552300112,919.906458477775,918.0250681302708,1.5713404529257686,272.1407264497513,918.9108295817198,1.5214606085712883,190.68367276395634,1.521398178775345,272.8018831053298,1.5210013663286241,112.65888574136645,249.4423465427346,112.58010796519835,1.4200691478166028,223.37098399928692,1.4194101872618046,248.5778614850979,223.61099920374735,265.3429979597462,1.419271024068858,1.4115011669838755,7.765852691634101,247.12154977685296,1.3614410106056976,40.561772756949225,161.10173903866485,40.49407824146541,1.2597747637693033,157.05848657854563,1.4193863968379583,161.3564010532689,156.45512018702317,215.88398367561106,1.25958658749079,1.2516587073021979,7.964088898243021,160.27151828216523,1.2009571263227166,103.12640200763647,0.00802794374941246,0.0005738364487066862
2187.485881196322,189.99999993009158,25.5085361356792,599.9999842320324,1.622168374767988,1219.5321516292424,1.6221949922108032,276.2320438520213,135.58044558228988,1.5719803965076045,923.2880324894163,922.541091482803,1.5713149974803666,273.11400110108355,922.5410914827482,1.5212980078634208,194.80763009871677,1.5211934996394958,273.11400110108355,1.520795118542161,113.41335122503142,252.14119350697604,113.41335122413126,1.4201439422579485,223.29711543684,1.4195016126102513,252.14119350697604,223.29711543684,261.7224298993629,1.419362000886825,1.4114450323591314,7.916968527693413,250.27474818270275,1.3613761869239742,41.9341425098478,163.41176211264053,41.93414250351632,1.2598786450156858,150.00037939025725,1.4195016126102513,163.41176211264053,150.00037939025725,213.1371714937793,1.2596552020462197,1.2516155991527724,8.039602893447073,161.50466570112718,1.2009154276954261,88.91760755041781,0.0094707634824705,0.0005733806743850499,2187.452574369867,192.29361922188292,25.335913705373166,599.6316423663313,1.6222051633779484,1219.1345701929167,1.6222276664614705,276.84081155273947,132.1913944664874,1.5719982280452787,919.8963678145719,918.0121214927619,1.5713402107880972,272.12229199047056,918.8947020132872,1.5214582855627574,190.6600856550403,1.5213957603168868,272.79405457060204,1.5209997457324245,112.65725633612125,249.43048295912698,112.58080151591638,1.4200687719914293,223.3786792995671,1.4194087579900239,248.58448800634773,223.6176776322321,265.35532396993824,1.4192703388774597,1.411500745666159,7.765459987971795,247.1181434908618,1.3614390385344604,40.57267961322641,161.11555234970305,40.50271983227378,1.2597754777105248,157.06847649034293,1.4193862261317483,161.36186996799088,156.46403975112793,215.90665202182052,1.2595872447052465,1.2516584492201663,7.965473266351735,160.2810774303991,1.2009559510330556,103.131985898768,0.008019744516923256,0.0005780736240766727
2187.485877322848,189.99999993673651,25.508415019393304,599.9999817917061,1.6221683755754728,1219.5296837579092,1.6221949929548225,276.2320368262132,135.58029234110404,1.5719803969039199,923.28799983252,922.5410521515641,1.5713149979220367,273.1139941482438,922.5410521515138,1.5212979850285284,194.80756244510047,1.5211934768101432,273.1139941482438,1.520795095729012,113.41539260292208,252.14241679166184,113.41539260206723,1.4201440112542003,223.2985757640842,1.419501673910232,252.14241679166184,223.2985757640842,261.7228130592043,1.4193620608396789,1.41144502599985,7.917034839828974,250.27601593277478,1.3613761398154667,41.94488578579262,163.42051665794534,41.94488577945073,1.2598796330154052,150.00039359677305,1.419501673910232,163.42051665794534,150.00039359677305,213.15941823050906,1.2596561636092156,1.2516155656672268,8.040597941988747,161.51261743806998,1.2009154462595053,88.92311702973657,0.009458877351711251,0.00057868845030355,2187.4985939164735,192.25051240423846,25.32756415628581,599.6225215863217,1.6222068186407559,1219.1128978932097,1.6222292781122967,276.8237749967185,132.17957033589565,1.5719982310457048,919.8872401514562,918.0008129092153,1.5713400961731783,272.10696290161115,918.8808812456817,1.5214566011934738,190.64158860532908,1.5213939579723192,272.7888410021876,1.5209986563579612,112.65652006033157,249.42098706707307,112.58187842167263,1.420068637893388,223.38566121693586,1.4194076757335972,248.59275775746258,223.62410276293826,265.3663703904379,1.4192699637726798,1.4115004659055563,7.765200166642024,247.11745751441526,1.3614376372060077,40.58374080016181,161.12954377005914,40.51187472684736,1.259776191586343,157.0745244503373,1.4193861784806283,161.36853519204078,156.47032804382178,215.92850759723814,1.2595879808903054,1.2516582664238407,7.966712173009422,160.2910119053227,1.2009551925187196,103.14011143334885,0.00801153924250744,0.0005824336350359571
2187.4858742271444,189.99999994275532,25.508305512854626,599.9999795853055,1.6221683763060577,1219.527452444295,1.6221949936280255,276.2320305229031,135.58015377985612,1.5719803972250146,923.2879702965257,922.5410165797144,1.5713149982838914,273.113987910407,922.5410165796693,1.5212979664282575,194.80750140819708,1.5211934582149855,273.113987910407,1.5207950771485739,113.41733448811226,252.14328370859485,113.4173344872963,1.4201440675005013,223.3000901846405,1.419501723954526,252.14328370859485,223.3000901846405,261.72361110260726,1.4193621098106393,1.4114450208634017,7.917088947237527,250.2769118481514,1.3613760950007703,41.95550539863732,163.42892687257944,41.955505392305625,1.259880562736837,150.00040632914914,1.419501723954526,163.42892687257944,150.00040632914914,213.17991123211746,1.259657068008377,1.2516155339989523,8.041534009424534,161.52028378372466,1.2009154631639054,88.92875333727858,0.0094475125138964,0.0005838429287343999,2187.5285135649706,192.21816776799574,25.322072216000578,599.6160153430163,1.6222079818545794,1219.0968896636582,1.6222304033800847,276.81061576461127,132.17188077000534,1.571998323592184,919.879369449042,917.9917752261667,1.5713400863677691,272.0951159082314,918.8704584800187,1.5214555368902312,190.62619244709174,1.5213927376147587,272.7850326669855,1.5209980355290285,112.6567945542468,249.41413022563322,112.58345749326521,1.420068697335413,223.3918189963539,1.4194069274015577,248.60120506450573,223.6301059537517,265.3752900737459,1.4192698338394776,1.4115003020019565,7.765038986936939,247.118759521307,1.3614367680972623,40.59467913989328,161.14278793857437,40.52128704495682,1.259777078191986,157.07970275283145,1.4193861843453814,161.3759451451367,156.47571694713506,215.9521864804262,1.259588930072188,1.2516581388051062,7.967909445824236,160.30093544357456,1.2009547999932113,103.15006409910603,0.008003459718657227,0.0005868996497188671
2187.4858717571906,189.99999994820615,25.50820650318309,599.9999775904053,1.6221683769670139,1219.5254350131481,1.6221949942371001,276.23202486348987,135.580028493118,1.571980397485195,923.2879435840766,922.5409844089471,1.5713149985807249,273.11398230977886,922.5409844089068,1.521297951274811,194.80744632863872,1.5211934430662466,273.11398230977886,1.520795062013201,113.41919452329455,252.1438605206268,113.41919452250858,1.4201441133588102,223.3016477907511,1.4195017648279862,252.1438605206268,223.3016477907511,261.724746371351,1.4193621498337385,1.411445016716378,7.91713311736042,250.27750505071984,1.3613760524855787,41.96600006169263,163.43701060566013,41.96600005538865,1.2598814375732947,150.00041766752526,1.4195017648279862,163.43701060566013,150.00041766752526,213.19874995712314,1.259657918578469,1.2516155041162307,8.04241446223819,161.52767928050008,1.2009154785579779,88.93450052695755,0.009436645007881246,0.0005888449786585499,2187.539539370645,192.1969363911211,25.319160747936763,599.6124325208278,1.6222086081487574,1219.0871696265078,1.6222309999279887,276.8011765299878,132.168196401961,1.5719984672848168,919.87324762623,917.9851528795672,1.5713401529300666,272.0867652854952,918.8636182269686,1.5214550338690205,190.61389718032825,1.5213920405855335,272.7821938243204,1.5209977908305756,112.65805348049767,249.4097884806687,112.58550068782776,1.4200688942123774,223.39700306832717,1.4194064870214267,248.60884331953588,223.63551053198134,265.382011509239,1.4192698775630312,1.4115002302982618,7.76495799790516,247.12160961017938,1.3614363489739398,40.6055190166648,161.15490794969494,40.53095369998903,1.2597780760484547,157.08530721227726,1.4193862224662774,161.38376076364793,156.4805929755123,215.97678666463054,1.2595900430781062,1.2516580514487612,7.969049950408849,160.31037577978347,1.20095468610285,103.16158245287933,0.007995649595091973,0.0005912968213372304
2187.4858697907675,189.99999995314187,25.508116984178976,599.99997578673,1.6221683775649367,1219.5236109627601,1.6221949947881145,276.23201977874396,135.5799152098341,1.5719803976959998,923.2879194259664,922.54095531489,1.5713149988245076,273.11397727785834,922.540955314853,1.5212979389282633,194.80739661523734,1.5211934307240242,273.11397727785834,1.5207950496831095,113.42098710191323,252.14420122090837,113.42098710115116,1.420144150752042,223.30323971877783,1.4195017982279046,252.14420122090837,223.30323971877783,261.726155475385,1.4193621825648945,1.4114450133704506,7.917169194443629,250.27785187020618,1.3613760122319682,41.97636920956133,163.44478553180767,41.9763692032985,1.2598822608173958,150.0004276998086,1.4195017982279046,163.44478553180767,150.0004276998086,213.21603062746016,1.259658718554453,1.2516154759666702,8.043242587782773,161.53481839594883,1.2009154925604792,88.94034366008142,0.009426254520716399,0.000593695993883,2187.533543220909,192.18493154526277,25.318282296560994,599.6115056305948,1.6222087536644125,1219.0831732470288,1.6222311253138868,276.794926316147,132.16833981436082,1.5719986313303407,919.8691768298792,917.9811980061629,1.5713402708877386,272.0815726075646,918.8603980565775,1.5214550118328023,190.6037678962051,1.5213918057530094,272.7799978862952,1.5209978615396875,112.66019792763073,249.40790571780605,112.58798635019015,1.4200691796585247,223.40128068893685,1.4194063310818272,248.6151633055509,223.64025626830076,265.38684382551634,1.4192700439497152,1.411500233040635,7.764952409395848,247.12539175058717,1.3614363029353473,40.616091901397624,161.16561216833378,40.54074073293369,1.259779162526246,157.0920018406692,1.419386297713156,161.3918493485642,156.48615035948092,216.00287733058374,1.2595912375484355,1.2516579962538603,7.970141625177746,160.31891831466575,1.2009548038650308,103.17429661201601,0.007987819834629244,0.0005955960400725062
2187.4858682294853,189.99999995761073,25.508036046095956,599.9999741559491,1.6221683781058047,1219.5219617566154,1.6221949952865709,276.23201520753383,135.57981278052557,1.571980397866754,923.2878975785081,922.5409290039325,1.5713149990249469,273.11397275414157,922.5409290038994,1.521297928868334,194.80735173733996,1.5211934206680624,273.11397275414157,1.5207950396381533,113.42272396733138,252.1443498143658,113.42272396658959,1.4201441812464672,223.30485876166074,1.4195018255367748,252.1443498143658,223.30485876166074,261.727786679146,1.4193622093529066,1.4114450106734986,7.9171986794080995,250.27799822041123,1.361375974173317,41.986612843284455,163.45226887778313,41.98661283707662,1.2598830356343644,150.000436516293,1.4195018255367748,163.45226887778313,150.000436516293,213.23184580612786,1.2596594710455695,1.2516154494846154,8.044021560953961,161.54171526658135,1.2009155052690363,88.9462687665617,0.009416323501191648,0.0005983977684465502,2187.5153492529057,192.18226688875518,25.31910893396349,599.6127470931374,1.6222085069980379,1219.0838666981015,1.6222308662924394,276.7916586321494,132.17242041460253,1.5719987987815567,919.8671682230508,917.9804190538964,1.571340418292225,272.07943725194247,918.8607979688454,1.521455402405771,190.5966952998285,1.5213919767830997,272.7784373671531,1.5209982153049924,112.66281878851004,249.40768126031173,112.59054166026178,1.4200695019802196,223.40458460210178,1.419406394389744,248.6197483523889,223.64429799071507,265.39048889652787,1.419270277571675,1.411500296478663,7.764980440648906,247.1291519801994,1.3614365716998749,40.626281737436756,161.17480876475753,40.5504756021163,1.259780285695227,157.09941994481633,1.4193863777775104,161.40012865677275,156.49191834426867,216.02917299807194,1.259592452225008,1.251657967762075,7.971164881093746,160.32661822870156,1.200955089677761,103.186792406695,0.00798011326756711,0.0005997387146679673
2187.4858669938403,189.99999996165442,25.507962866394582,599.9999726814917,1.6221683785950411,1219.5204706350198,1.6221949957374608,276.2320110957276,135.57972016568226,1.5719803980050213,923.2878778211591,922.5409052103913,1.5713149991899469,273.11396868505784,922.5409052103621,1.5212979206717316,194.80731121827606,1.521193412475093,273.11396868505784,1.5207950314551666,113.42441470122247,252.1443421710576,113.42441470049816,1.4201442061181881,223.30649905663012,1.4195018478809662,252.1443421710576,223.30649905663012,261.7295977647973,1.419362231296692,1.4114450085023678,7.917222794324497,250.27798153035192,1.3613759382244264,41.99673140584293,163.45947724370632,41.996731399701204,1.2598837650454435,150.00044420649323,1.4195018478809662,163.45947724370632,150.00044420649323,213.2462841258228,1.259660179019256,1.2516154245961908,8.044754423065182,161.54838353043436,1.2009155167665089,88.95226280302145,0.009406836451762197,0.0006029524048110503,2187.4903703873547,192.18599993360658,25.320901288380956,599.615675333167,1.6222079630593629,1219.0881724659484,1.6222303169443046,276.79021108852356,132.18015063864743,1.571998952875667,919.8675656280328,917.9829537795995,1.5713405708659622,272.07970395378607,918.8645282569728,1.5214560657843788,190.59293908809659,1.5213924377927788,272.7773461875477,1.520998754877045,112.66577735299083,249.40781693984187,112.5929799153599,1.4200697921772045,223.40703660490433,1.4194065906757036,248.62244267984855,223.6477872763626,265.39396560788356,1.4192705187730719,1.4115003999894802,7.764995432046902,247.13206948690433,1.3614370209579898,40.63606815313532,161.1821728029868,40.55999348239515,1.2597812851867756,157.10758630128555,1.4193864274184573,161.4080946338583,156.4976318206091,216.05367912274846,1.2595935477742666,1.2516579396453331,7.972038220908864,160.333286118621,1.2009554131218594,103.19918570377145,0.007972381219633973,0.0006036996537087126
2187.485866019866,189.99999996531386,25.507896701383288,599.9999713483719,1.6221683790375523,1219.5191224447813,1.6221949961453013,276.23200739533763,135.57963642526343,1.5719803981169163,923.2878599543271,922.5408836938095,1.5713149993259252,273.11396502310936,922.5408836937825,1.5212979139937841,194.80727462957128,1.5211934058004681,273.11396502310936,1.5207950247895914,113.42606712178019,252.14420753263155,113.4260671210711,1.4201442264071558,223.3081558331345,1.4195018661784102,252.14420753263155,223.3081558331345,261.73155428601274,1.4193622492918136,1.4114450067572704,7.9172425345430675,250.277832314552,1.3613759042890368,42.006725682126714,163.46642649280548,42.006725676057144,1.2598844519190582,150.000450856998,1.4195018661784102,163.46642649280548,150.000450856998,213.25943013405504,1.2596608452926077,1.2516154012230687,8.045444069539109,161.55483622337744,1.2009155271254357,88.95831360917686,0.009397779372461855,0.00060736224624305,2187.4621115529117,192.19284469108104,25.32306520352779,599.6196920945058,1.6222072354644148,1219.094889628768,1.622229588638396,276.7903712243541,132.19024199261477,1.5719990775933825,919.8697974960869,917.9880015238684,1.5713407100162518,272.08172162634924,918.8704092215139,1.5214568558245272,190.59204396261768,1.5213930480704774,272.7766350406607,1.520999341987302,112.66893725202777,249.4081636764189,112.59526892536681,1.4200700406346893,223.40874009102166,1.4194068694871194,248.62338071116804,223.65073918257497,265.39712023989745,1.4192707481154858,1.4115005184071328,7.765001197969209,247.13417460872668,1.3614375409589237,40.64527953280139,161.18763364476516,40.56915331554975,1.2597821256831694,157.11608961906543,1.41938645331239,161.415312854544,156.50308514299647,216.07541893259335,1.259594488707398,1.2516579109458312,7.972750907774732,160.33895330307502,1.2009557204899821,103.21065206600721,0.007964416970004407,0.0006074876582519775
2187.4858652559,189.99999996862635,25.507836878659273,599.9999701430379,1.6221683794377837,1219.5179034852185,1.6221949965141853,276.23200406372155,135.5795607091984,1.5719803982074008,923.2878437974191,922.5408642366185,1.5713149994381137,273.11396172611603,922.5408642365946,1.5212979085537484,194.80724158591528,1.5211934003634664,273.11396172611603,1.5207950193607935,113.42768760847406,252.14396973859095,113.42768760777855,1.4201442429610571,223.30982520863915,1.4195018811773399,252.14396973859095,223.30982520863915,261.73362814118866,1.4193622640682744,1.4114450053573147,7.917258710959718,250.27757545154762,1.3613758722651297,42.016596718679295,163.47313168974284,42.01659671269158,1.25988509896737,150.00045655018744,1.4195018811773399,163.47313168974284,150.00045655018744,213.27136422798094,1.2596614725290904,1.2516153792851914,8.046093243899488,161.56108572059077,1.2009155364110962,88.96440986347514,0.009389139331485151,0.0006116298268233001,2187.433986027958,192.20058356078647,25.325153443003135,599.6241725774561,1.6222064352839192,1219.1027418306533,1.6222287902063306,276.79167970265337,132.20111028695425,1.5719991704287914,919.873117390515,917.9944426993621,1.5713408297305078,272.0847403012626,918.8772519792337,1.5214576723604563,190.59305180760134,1.5213937165122555,272.7762447367878,1.5209999108342942,112.6720333561036,249.4084040469445,112.59730099970686,1.4200702392083813,223.40981518449937,1.4194071775699377,248.6227420960956,223.65317880490485,265.4000181093593,1.4192709443558698,1.4115006393248604,7.764991706374027,247.13536790436336,1.3614380705118352,40.65375074263066,161.19140623221566,40.57776805282381,1.2597827874326453,157.12455329433814,1.4193864591509615,161.4215022794812,156.50806027764156,216.09373883447728,1.2595952542426647,1.2516578849985733,7.973306768121354,160.3436312158568,1.20095599984968,103.22060027534688,0.00795648620617378,0.0006110387211094361
2187.485864660134,189.99999997162308,25.507782790274348,599.9999690532447,1.6221683797997644,1219.516801368928,1.6221949968478238,276.23200106291455,135.57949224879303,1.5719803982805138,923.2878291870301,922.5408466420034,1.5713149995307925,273.11395875649356,922.5408466419809,1.5212979041229016,194.80721174044635,1.5211933959353887,273.11395875649356,1.5207950149401501,113.42928136695556,252.14364822473095,113.42928136626705,1.4201442564709224,223.31150402306537,1.419501893487722,252.14364822473095,223.31150402306537,261.7357964078783,1.4193622762211806,1.4114450042368616,7.917271984319019,250.277231225084,1.3613758420485147,42.02634575950849,163.47960707293524,42.026345753608396,1.259885708746407,150.0004613636419,1.419501893487722,163.47960707293524,150.0004613636419,213.28216265799423,1.2596620632387254,1.2516153587025258,8.046704536199712,161.56714370936982,1.2009155446834128,88.97054103877619,0.00938090413952965,0.0006157578341384499,2187.4096153869514,192.20699641659002,25.326801945468493,599.6286310988037,1.6222056461404728,1219.110709490134,1.6222280037212773,276.79370282221385,132.21141306332544,1.5719992377439087,919.8767662231489,918.001198628344,1.5713409316429652,272.0882185668203,918.8840279457605,1.521458453867643,190.5953946051511,1.5213943798102714,272.7761782354143,1.5210004348532722,112.67498080036181,249.40874073318597,112.59912471619408,1.4200704019245622,223.41041346247576,1.4194074938477013,248.62111854813773,223.65512688900918,265.4025871425701,1.4192711159501938,1.4115007579627836,7.764979021344954,247.13597129396496,1.3614385706330188,40.66155154008067,161.1939572823895,40.585849114685935,1.2597832824039867,157.1322984491691,1.4193864675815442,161.42675070193138,156.5122450398007,216.10823123711296,1.2595958443161228,1.251657863344124,7.973732015849798,160.3475132372078,1.2009562532613947,103.22898873856043,0.007948732428831274,0.0006143404780848075
2187.4858641989217,189.99999997433602,25.507733886557396,599.9999680679123,1.6221683801271372,1219.5158048959042,1.6221949971495702,276.2319983590936,135.57943034894404,1.5719803983395242,923.2878159753236,922.5408307318771,1.5713149996074465,273.1139560807742,922.5408307318567,1.5212979005147933,194.8071847809245,1.521193392329804,273.1139560807742,1.5207950113413005,113.4308526451538,252.14325883623354,113.43085264447589,1.4201442675000995,223.313189704495,1.4195019036068222,252.14325883623354,223.313189704495,261.7380403909848,1.4193622862356876,1.4114450033426174,7.917282893070254,250.27681617227324,1.36137581353537,42.03597419470617,163.48586605052282,42.03597418889898,1.2598862836589615,150.00046536986258,1.4195019036068222,163.48586605052282,150.00046536986258,213.29189758279435,1.2596626197809784,1.2516153393964395,8.047280384538947,161.57302118368466,1.2009155519983938,88.97669735861548,0.009373062107854704,0.00061974908096885,2187.391304773145,192.21148465793027,25.327884584804714,599.6326987352221,1.6222049319667096,1219.1180293117548,1.6222272926294024,276.79617685056024,132.22031867765733,1.5719992824280338,919.8803026809659,918.0075479659499,1.5713410134115118,272.09178666145834,918.8900458322472,1.5214591434056957,190.59861484668883,1.5213949801466606,272.77648497735186,1.5210008807894668,112.67778017007726,249.4094367189239,112.60084600957948,1.4200705382283498,223.41074873905984,1.419407805177079,248.61916208281423,223.65666574830078,265.40482874721937,1.419271270477895,1.4115008656202013,7.764979376170942,247.13632523758602,1.3614390042055255,40.668871751861005,161.1958700654609,40.59355546171285,1.2597836465689483,157.13905254132177,1.4193864953343944,161.4313719575766,156.51563199650383,216.11939537953276,1.2595962811802175,1.2516578401260308,7.974071768567568,160.3508881946866,1.2009564684983285,103.23573278371529,0.007941342103028997,0.0006174039931639675
2187.4858638449505,189.9999999767887,25.50768967052624,599.9999671770323,1.6221683804232065,1219.5149039397159,1.6221949974224703,276.23199592205106,135.57937438110594,1.571980398387105,923.2878040285586,922.5408163451602,1.5713149996709412,273.1139536690557,922.5408163451422,1.5212978975774734,194.80716042602717,1.5211933893947824,273.1139536690557,1.5207950084123802,113.43240490959354,252.1428144905609,113.4324049089214,1.420144276507941,223.31488015991295,1.4195019119401266,252.1428144905609,223.31488015991295,261.7403448454536,1.4193622945074078,1.411445002631373,7.917291876034738,250.27634377502824,1.361375786624163,42.04548351961358,163.49192121363288,42.04548351390199,1.25988682595932,150.00046863613645,1.4195019119401266,163.49192121363288,150.00046863613645,213.30063716304014,1.2596631443694313,1.2516153212906298,8.047823078801809,161.57872845446678,1.2009155584089473,88.98286975448877,0.009365601873021998,0.0006236064832656004,2187.3796790747683,192.21382601961986,25.328384998704458,599.6361856531455,1.6222043226171248,1219.124342440826,1.6222266871528523,276.7987562314267,132.22709010849323,1.5719993118599922,919.8833092654737,918.0128253049384,1.571341078514359,272.09514794030656,918.8947379135534,1.521459718764,190.60180083033785,1.5213954968969157,272.7771284042538,1.5210012392670846,112.68054091165111,249.41094552555074,112.60263695067411,1.420070670855894,223.4109347807572,1.4194081255654063,248.61771692831263,223.65782783969453,265.40641831012437,1.419271421499462,1.4115009600173087,7.7650145926502585,247.1370078431409,1.36143937159301,40.67599534638277,161.19774046557845,40.60113741823023,1.2597839310728245,157.1448155707961,1.4193865672038033,161.4357676753603,156.51824592431785,216.1281477391874,1.25959661170576,1.2516578191293504,7.974366917675894,160.35396289081362,1.200956657877848,103.24107899924665,0.007934520348797948,0.0006202461389498904
2187.4858635764003,189.99999997900807,25.507649692838967,599.9999663715478,1.622168380690956,1219.5140893446035,1.6221949976692716,276.2319937248233,135.57932377692345,1.5719803984254086,923.2877932257604,922.540803336131,1.5713149997236018,273.1139514946648,922.5408033361145,1.521297895186984,194.8071384223787,1.5211933870063847,273.1139514946648,1.5207950060295077,113.4339409892321,252.14232571743122,113.433940988568,1.4201442838688703,223.31657368649027,1.4195019188181508,252.14232571743122,223.31657368649027,261.74269734170844,1.4193623013588093,1.4114450020679747,7.917299290834623,250.2758250235004,1.3613757612165063,42.05487530233114,163.49778435942756,42.05487529671875,1.2598873377588373,150.00047122485412,1.4195019188181508,163.49778435942756,150.00047122485412,213.30844568292218,1.2596636390772713,1.2516153043115574,8.048334765713761,161.58427516879982,1.2009155639653986,88.98904982445,0.009358512274055101,0.0006273330424591502,2187.375102115637,192.2128435064621,25.328177742811377,599.6389053369478,1.6222038537703964,1219.1292694003855,1.6222262232398732,276.80102447118384,132.2314102222274,1.5719993206279042,919.8855805763444,918.016679991556,1.5713411189594861,272.09794273886826,918.8978996416506,1.521460113609678,190.60381209993247,1.5213958684348097,272.7779316433571,1.5210014568148011,112.68328116860442,249.4134082765284,112.6045642608129,1.4200707921719207,223.4111673328789,1.419408448964656,248.617221949286,223.65868878445585,265.4074315649765,1.4192715593214658,1.4115010277340996,7.765088839988264,247.1381682725842,1.361439620671736,40.68301986062197,161.19983892635238,40.60866998893736,1.2597841703176933,157.14975849590417,1.4193866799693935,161.44012908313377,156.52034202188247,216.1352793808239,1.259596858848577,1.2516577940475782,7.974648245947492,160.35679002046186,1.2009567827044012,103.24519672901961,0.007928453853456153,0.0006228358834441267
2187.485863375604,189.99999998101606,25.50761354722576,599.9999656432738,1.6221683809330882,1219.51335283243,1.6221949978924635,276.2319917432791,135.57927802247158,1.5719803984561929,923.2877834574911,922.5407915729659,1.5713149997673415,273.1139495337138,922.540791572951,1.52129789324229,194.80711854148774,1.521193385063593,273.1139495337138,1.5207950040917195,113.4354631928403,252.1418010995092,113.43546319218129,1.420144289888189,223.3182688992067,1.4195019245104066,252.1418010995092,223.3182688992067,261.74508774747727,1.4193623070528445,1.4114450016239257,7.917305428918997,250.27526887585276,1.3613757372181787,42.064151158096976,163.50346652296614,42.06415115258428,1.2598878210326983,150.00047319354,1.4195019245104066,163.50346652296614,150.00047319354,213.3153836911917,1.259664105843942,1.2516152883889795,8.048817454962442,161.58967033706253,1.2009155687158914,88.99522979321105,0.009351782270272651,0.0006309318307077002,2187.3778182964807,192.2080648049338,25.327277134144403,599.6408037516064,1.6222035382975244,1219.1327236311547,1.6222259127989918,276.8029450476248,132.2332597986413,1.5719993021808394,919.8870094481896,918.018950892054,1.571341126278586,272.10023790669163,918.8995376956582,1.5214602816654257,190.6044176909972,1.5213960419873216,272.7789921835861,1.5210014772266858,112.68602669303161,249.41676927624724,112.60666715341192,1.420070905400212,223.41149357506401,1.4194087655566028,248.6177299099961,223.6593258768871,265.40787048254094,1.419271675436375,1.411501057090708,7.765202384304449,247.13992956346038,1.361439714348999,40.69014067719189,161.20244598257236,40.616334358025576,1.2597843704514546,157.1540497973012,1.4193868281329582,161.44458080696361,156.52199957421192,216.1409036582322,1.2595970485698547,1.2516577623131067,7.974915182273405,160.3595286624932,1.2009567979426146,103.24925503989255,0.007923062410619639,0.0006251760953718273
2187.4858632282403,189.99999998283192,25.50758086636013,599.9999649848089,1.622168381152053,1219.5126869185615,1.6221949980943031,276.23198995580003,135.57923665305236,1.5719803984808944,923.2877746247639,922.5407809364638,1.571314999803736,273.11394776481717,922.540780936451,1.5212978916610111,194.80710057738514,1.5211933834840434,273.11394776481717,1.5207950025166994,113.43697340480192,252.1412476316834,113.43697340414633,1.420144294814778,223.31996467198013,1.419501929236604,252.1412476316834,223.31996467198013,261.7475078048478,1.419362311803878,1.4114450012760769,7.917310527801202,250.27468263312562,1.3613757145394112,42.07331272910375,163.50897801240436,42.073312723696226,1.25988827762673,150.0004745952381,1.419501929236604,163.50897801240436,150.0004745952381,213.32150815535596,1.2596645464818401,1.2516152734560784,8.04927302576175,161.5949223630208,1.200915572706621,89.00140247391857,0.0093454008902442,0.0006344059781177,2187.38593351164,192.20072500226934,25.32589656446188,599.6419080726298,1.6222033726806577,1219.1348111750335,1.622225751679267,276.8048020613786,132.23290644231605,1.571999250379037,919.887601090438,918.019605445727,1.5713410943804194,272.10234331928694,918.8997397390169,1.521460215506944,190.60426408304465,1.521395995742922,272.7806251230722,1.5210012749390502,112.68857790620109,249.42035305840446,112.60874604974137,1.4200709809045922,223.41198310564536,1.419409031512689,248.61820688217148,223.65981808432738,265.40818045575355,1.4192717452496908,1.4115010434669508,7.76532497668333,247.14171360785508,1.3614396395574988,40.69736026538307,161.20539967080765,40.624113240461284,1.259784491381953,157.15813545319253,1.4193869805118144,161.44874695041403,156.52366455951147,216.14441039037268,1.2595971694236514,1.2516577269724454,7.975135401886738,160.3620992774767,1.200956675561421,103.25480030873904,0.007917990291614996,0.0006272660344140167
2187.48586312291,189.99999998447356,25.507551318126566,599.9999643894631,1.6221683813500634,1219.5120848358033,1.6221949982768302,276.2319883430261,135.57919924848036,1.5719803985006726,923.2877666380521,922.5407713187914,1.5713149998340692,273.1139461688014,922.5407713187788,1.521297890375943,194.80708434425543,1.5211933822005461,273.1139461688014,1.5207950012373028,113.43847316323401,252.140671013594,113.43847316258434,1.4201442988515107,223.3216600898638,1.4195019331758463,252.140671013594,223.3216600898638,261.74995078520107,1.4193623157866564,1.4114450010056534,7.917314781003215,250.2740722445563,1.3613756930951624,42.08236166875029,163.51432844694926,42.08236166344618,1.2598887092644673,150.00047547875045,1.4195019331758463,163.51432844694926,150.00047547875045,213.32687262380324,1.2596649626832574,1.2516152594495433,8.049703233714123,161.6000390762728,1.2009155759818368,89.0075612316522,0.00933935720416585,0.0006377586612847997,2187.3971009586467,192.19243552107702,25.324252152573358,599.6422070822209,1.6222033586036964,1219.1355142046093,1.6222257404414886,276.8067300124959,132.23102581785682,1.57199916711721,919.8875289026416,918.0189934714384,1.5713410257556653,272.10428648245784,918.8987545689206,1.5214599310416665,190.603899402294,1.5213957355130725,272.7829112383526,1.5210008553966918,112.6908680867774,249.4236076920719,112.61072896099256,1.4200710171580062,223.4127148919621,1.4194092180327873,248.61823452059429,223.66030092276137,265.40873987153327,1.4192717661318126,1.4115009889058412,7.765437900054037,247.143295398752,1.3614393997883145,40.70469344093869,161.20863591206853,40.63200108034085,1.2597845240835477,157.16200059763793,1.4193871174695116,161.45244082666457,156.52537662028826,216.14553428114124,1.2595972275485725,1.251657686046517,7.975306277686296,160.36463757956636,1.200956411485221,103.26215339761934,0.007913128919360404,0.0006291323007315582
2187.4858630505646,189.9999999859606,25.507524602245354,599.9999638511817,1.6221683815291164,1219.5115404656276,1.622194998441884,276.23198688760635,135.5791654288133,1.571980398516458,923.2877594163733,922.5407626224154,1.5713149998593843,273.1139447285139,922.5407626224047,1.521297889332256,194.80706967459514,1.5211933811582852,273.1139447285139,1.520795000198754,113.43996372378464,252.1400758888895,113.4399637231401,1.420144302163735,223.3233544098663,1.419501936474111,252.1400758888895,223.3233544098663,261.75241120728504,1.4193623191436084,1.4114450007974098,7.917318346198465,250.2734425572524,1.3613756728052029,42.09129962945376,163.51952679621925,42.09129962425428,1.2598891175543039,150.000475888956,1.419501936474111,163.51952679621925,150.000475888956,213.33152739175318,1.2596653560274031,1.251615246309607,8.050109717795962,161.60502776606808,1.2009155785840284,89.01369994870083,0.009333640313509,0.0006409930927258001,2187.4075435353056,192.1835979541386,25.32241275652227,599.6417485745151,1.622203485974354,1219.1348799068994,1.6222258683261983,276.8083819400107,132.2282847189988,1.5719990537011,919.8869156784748,918.0175382583618,1.571340922108472,272.10579686443873,918.8969395182517,1.521459452174343,190.60318219681767,1.5213952654276208,272.78558034583654,1.521000237155869,112.69288669981286,249.4259067063326,112.61258603814723,1.4200710092399438,223.41387062581583,1.419409296735681,248.61747572025905,223.66101832096123,265.4101022333642,1.4192717347828494,1.4115008940021108,7.765528203268003,247.1444650981473,1.3614389904109183,40.71215563692458,161.21204874897037,40.63988459896201,1.2597844507665719,157.1654594063852,1.4193872066451791,161.45542226564345,156.52707629278154,216.1443211544104,1.2595972118183958,1.2516576275916205,7.975417872376248,160.36708739403912,1.2009559897059658,103.27121923629338,0.00790843227035149,0.0006308055727960251
2187.485863003671,189.99999998730345,25.507500447219215,599.9999633645004,1.622168381691031,1219.5110482760006,1.6221949985911412,276.2319855739293,135.57913485051859,1.5719803985290346,923.2877528864998,922.5407547591403,1.5713149998805653,273.11394342849144,922.5407547591306,1.52129788848531,194.80705641708175,1.5211933803126336,273.11394342849144,1.5207949993564618,113.44144611167053,252.13946604016544,113.44144611102777,1.4201443048862414,223.32504702909452,1.419501939250408,252.13946604016544,223.32504702909452,261.7548846073845,1.4193623219908513,1.4114450006390147,7.917321351836315,250.2727975195695,1.3613756535940602,42.10012825327182,163.52458141903867,42.10012824817771,1.2598895039964515,150.00047586709286,1.419501939250408,163.52458141903867,150.00047586709286,213.33551966808028,1.2596657279872425,1.2516152339800184,8.050494007224017,161.60989521447914,1.2009155805539407,89.01981299163174,0.009328239353094004,0.0006441125109415996,2187.418616554758,192.17484373664544,25.320534499991226,599.6407335218769,1.6222037109556506,1219.1331012358316,1.6222260911657376,276.8093378385428,132.2252242688175,1.571998940207201,919.8860434712859,918.0155829462418,1.5713408107095874,272.1065412620125,918.8946744619201,1.5214588937823073,190.6022030842568,1.5213947025318846,272.7879399259851,1.5209995688619802,112.69474787390759,249.4274678584572,112.61444194475216,1.4200709934038191,223.41539777384952,1.4194092989873275,248.61690997011948,223.6620950874758,265.41202457405063,1.4192716840470276,1.4115007843622547,7.765605466626907,247.14545445484043,1.3614385142181662,40.719663514785296,161.2158485826055,40.647678605802106,1.259784365742425,157.16861098570223,1.4193872837771568,161.4582437594275,156.52879083121502,216.14220602092536,1.2595972010758363,1.2516575661190643,7.975525012416345,160.36982653319188,1.200955526197101,103.2805480036001,0.007904339350483913,0.0006323306981871545
2187.485862976495,189.999999988519,25.507478607576815,599.9999629244684,1.622168381837442,1219.51060326516,1.6221949987261084,276.23198438801126,135.5791072029666,1.5719803985390115,923.2877469821938,922.5407476492035,1.5713149998983127,273.11394225489846,922.5407476491952,1.5212978877986285,194.80704443530146,1.521193379627127,273.11394225489846,1.520794998673995,113.44292116413226,252.13884454764445,113.44292116349257,1.4201443071288133,223.3267374589173,1.419501941601667,252.13884454764445,223.3267374589173,261.75736735165725,1.4193623244229596,1.4114450005204313,7.917323902528306,250.27214034679872,1.3613756353908713,42.10884916482154,163.52950010175306,42.108849159831884,1.2598898699896068,150.00047545109004,1.419501941601667,163.52950010175306,150.00047545109004,213.33889374072032,1.259666079936041,1.251615222407859,8.050857528182132,161.61464772911097,1.2009155819305564,89.02589518012464,0.00932314350178065,0.0006471201709577503,2187.4291452271286,192.16713770156997,25.318783733104944,599.6393103626211,1.622204003654189,1219.1304017531288,1.6222263798622873,276.80953976420625,132.22215716548362,1.5719988353089676,919.8851645662602,918.0134155720899,1.5713407007614137,272.1064674489696,918.8922649696336,1.5214583109249622,190.60087918262252,1.5213941048168356,272.7897777663,1.5209989141678757,112.69642468641747,249.4282316839602,112.61625337046716,1.4200709702717655,223.41728696705684,1.4194092336895838,248.6165485768031,223.66353657602292,265.41454996888905,1.4192716242880667,1.4115006714513756,7.7656631258499695,247.146148858516,1.361438015575842,40.72704916276471,161.21994963794825,40.65520747257347,1.259784303478588,157.17147515684252,1.4193873406966815,161.46099764230897,156.53064907373684,216.14004024000226,1.2595972183406643,1.2516575041964555,7.97564740106556,160.37286145960343,1.2009550629599426,103.29001046343193,0.007900885664623483,0.0006337518184753181
2187.485862964314,189.99999998961886,25.50745886137599,599.9999625266148,1.6221683819698325,1219.5102009107868,1.6221949988481519,276.23198331726445,135.57908220529444,1.5719803985468963,923.287741643558,922.5407412204526,1.5713149999132159,273.1139411952928,922.5407412204447,1.521297887242504,194.80703360607743,1.5211933790720678,273.1139411952928,1.5207949981216866,113.44438956509055,252.13821391907427,113.44438956445376,1.4201443089809458,223.32842530372753,1.4195019436069147,252.13821391907427,223.32842530372753,261.7598564830284,1.4193623265170425,1.4114450004335808,7.917326083461629,250.2714736566754,1.3613756181293413,42.11746396601994,163.5342900955785,42.11746396113429,1.259890216837579,150.00047467575217,1.4195019436069147,163.5342900955785,150.00047467575217,213.34169113869166,1.2596664131538748,1.2516152115435317,8.05120161034334,161.61929117495404,1.2009155827511715,89.03194175753316,0.009318341998833203,0.0006500193352713502,2187.439087893203,192.1602651609471,25.317208861022653,599.6377106415592,1.6222043197328204,1219.1272200077121,1.6222266906605345,276.8090832366193,132.21937245151432,1.5719987504417043,919.8843481743778,918.011248197938,1.5713406046124745,272.1057773666538,918.8898913776135,1.5214577704832881,190.5994171443403,1.5213935373955778,272.7910506931147,1.5209983362624995,112.69797742065437,249.4283380500116,112.61802148584196,1.4200709549446593,223.4194344771533,1.4194091302447625,248.61650795669684,223.66530430675516,265.41757171502076,1.4192715749443865,1.4115005683755935,7.765708100043959,247.1466587058749,1.3614375508018244,40.73425547851927,161.2242484804089,40.66241564023958,1.2597842832690025,157.17414607076057,1.4193873890023498,161.46377170754943,156.53263367675015,216.1382748150182,1.2595972811334835,1.2516574470513273,7.975790920746137,160.3761693056874,1.2009546476790043,103.29971802622643,0.007897998443439032,0.0006351055053222601
2187.4858629633954,189.99999999061237,25.507441007949033,599.9999621668996,1.6221683820895463,1219.5098371240501,1.62219499895851,276.2319823503715,135.57905960354833,1.5719803985531013,923.2877368164216,922.5407354076735,1.5713149999257605,273.11394023844986,922.5407354076659,1.521297886792714,194.80702381814012,1.5211933786232437,273.11394023844986,1.520794997675352,113.44585187341809,252.1375761954307,113.4458518727838,1.4201443105155307,223.33011024372502,1.4195019453305209,252.1375761954307,223.33011024372502,261.76234959623673,1.4193623283359083,1.4114450003719203,7.917327963988141,250.27079957973632,1.3613756017474619,42.12597423228187,163.53895815218286,42.12597422749974,1.2598905457554188,150.0004735730686,1.4195019453305209,163.53895815218286,150.0004735730686,213.3439507897011,1.2596667288336498,1.2516152013405493,8.051527493100563,161.62383100465195,1.2009155830395803,89.03794836313824,0.00931382416370585,0.0006528132651798498,2187.4476780234177,192.1543018869998,25.315880787076203,599.6361168453902,1.622204624946683,1219.1239290999201,1.6222269897344361,276.8081175051853,132.21718282508027,1.5719986906943286,919.883709647272,918.0093296209731,1.571340529385237,272.1046816607769,918.887824190191,1.5214573165920062,190.59815623301753,1.5213930428277969,272.7917761151657,1.5209978716235493,112.6994698715794,249.42792514872542,112.619762093298,1.420070956641387,223.42174460643125,1.4194090121380578,248.6167562837381,223.6673310235913,265.42097100345774,1.41927154792653,1.4115004838356102,7.765743316523276,247.14705731381002,1.3614371532795477,40.74130715495432,161.22864520731056,40.669342926109934,1.2597843118501963,157.17660886151614,1.419387433066545,161.46659875148217,156.534638101017,216.13701345263203,1.259597395720787,1.2516573981513919,7.97595345835494,160.37970831324247,1.2009543048078821,103.30978655883868,0.00789552588840985,0.0006364314882194814
2187.485862970828,189.99999999151146,25.50742486586377,599.9999618416645,1.622168382197794,1219.509508208052,1.6221949990582996,276.23198147715686,135.579039168108,1.571980398557955,923.287732451799,922.540730151854,1.5713149999363405,273.11393937431217,922.5407301518482,1.5212978864295033,194.8070149710976,1.5211933782609086,273.11393937431217,1.520794997315269,113.4473085460019,252.13693303724756,113.44730854537033,1.4201443117919146,223.3317920208317,1.419501946824894,252.13693303724756,223.3317920208317,261.7648447358886,1.4193623299306939,1.411445000330139,7.917329600554912,250.27011984942146,1.361375586187267,42.13438150979741,163.54351055746196,42.134381505117574,1.2598908578753183,150.00047217246816,1.419501946824894,163.54351055746196,150.00047217246816,213.34570917200313,1.2596670280868936,1.251615191755402,8.051836331491536,161.62827228722415,1.2009155828650449,89.04391100602173,0.009309579417534953,0.0006555052124982003,2187.4543823798153,192.1495762260276,25.314868369309018,599.634684917293,1.6222048919976981,1219.1208557299763,1.62222725030905,276.8068543284696,132.21577531369255,1.5719986559949553,919.8833360568208,918.007825149393,1.5713404770023298,272.10338401355637,918.8862654507251,1.5214569714741872,190.59720916815897,1.5213926451012294,272.792043165184,1.5209975333380708,112.70093891150951,249.42714876030297,112.62147460756037,1.4200709762103123,223.42413303383364,1.4194088969375478,248.61721022389452,223.66954043605108,265.4246236759922,1.4192715465343888,1.4115004213227198,7.765770460711364,247.14737164945444,1.3614368393007097,40.74816344877606,161.23302175185324,40.67598315695826,1.2597843894837828,157.17886848442268,1.419387473517633,161.4694893698457,156.5365855391799,216.1363502123716,1.2595975592890474,1.2516573578255334,7.97613153012734,160.38339596010914,1.2009540423392797,103.32005860118359,0.007893376781534215,0.0006377459698830577
2187.4858629842984,189.99999999232398,25.507410271078967,599.9999615476057,1.6221683822956736,1219.509210820262,1.6221949991485312,276.23198068845835,135.57902069135585,1.571980398561725,923.2877285053905,922.5407253996596,1.5713149999452845,273.1139385938044,922.5407253996534,1.5212978861367614,194.80700697426016,1.52119337796896,273.1139385938044,1.5207949970253578,113.44875995656665,252.1362857948523,113.44875995593671,1.4201443128584383,223.3334704272919,1.4195019481327313,252.1362857948523,223.3334704272919,261.7673403134113,1.4193623313430634,1.4114450003039791,7.917331039084208,250.26943587534865,1.361375571394736,42.142687313826514,163.5479531640229,42.14268730924732,1.2598911542522204,150.0004705009669,1.4195019481327313,163.5479531640229,150.0004705009669,213.34700046051466,1.259667311949265,1.2516151827474125,8.052129201852498,161.6326197354902,1.2009155822245154,89.04982604050272,0.00930559730508505,0.0006580984116881998,2187.4589482298225,192.14614879580884,25.314188651791248,599.6335339081143,1.6222051008457856,1219.1182649483612,1.6222274529601732,276.8054907156848,132.21522605898608,1.5719986441266027,919.8832586595959,918.0068282908657,1.5713404473282957,272.1020755729192,918.8853028226564,1.5214567457804624,190.59665109610114,1.521392357668792,272.79194880983204,1.5209973226757028,112.7024173158376,249.4261772278649,112.62316254027833,1.420071014160454,223.4265074077265,1.4194087994883893,248.61779523717726,223.67184521161113,265.4283703821807,1.4192715714898132,1.4115003819272638,7.765792193803134,247.14764132078477,1.3614366173263264,40.75479349385287,161.2372736703293,40.682345592623975,1.2597845125071832,157.18092741713687,1.4193875115076193,161.47244658999378,156.53841652747806,216.13631644741292,1.2595977640371199,1.2516573260737522,7.97632005319363,160.3871407759418,1.2009538628544099,103.33036035297852,0.007891480088272111,0.0006390516212466768
2187.4858630019785,189.99999999305956,25.50739707527795,599.9999612817326,1.6221683823841766,1219.5089419385454,1.6221949992301197,276.2319799760244,135.57900398556808,1.5719803985646292,923.2877249371378,922.5407211028362,1.5713149999528633,273.1139378887813,922.5407211028312,1.5212978859013655,194.80699974577237,1.5211933777342832,273.1139378887813,1.5207949967925243,113.45020641102552,252.13563556593135,113.45020641039793,1.420144313754447,223.3351452962587,1.4195019492887857,252.13563556593135,223.3351452962587,261.7698350390808,1.4193623326069276,1.4114450002899952,7.917332316932257,250.2687488034561,1.361375557319469,42.15089312760489,163.5522914213335,42.150893123123986,1.2598914358690714,150.00046858341378,1.4195019492887857,163.5522914213335,150.00046858341378,213.34785666605342,1.2596675813857132,1.2516151742785913,8.052407107122184,161.63687773163304,1.2009155811604764,89.05569014306944,0.009301867516217402,0.00066059607243005,2187.4612728140414,192.1440069676397,25.31382834014818,599.6327338895862,1.622205240526143,1219.1163261561956,1.6222275871207752,276.8041857491362,132.21552619009083,1.5719986514665343,919.8834863860461,918.0063807898852,1.5713404384011787,272.1009029204269,918.88498389471,1.521456638900445,190.5964687557258,1.521392183596958,272.79159854605314,1.5209972317500353,112.7039273250088,249.42514288082958,112.62482823255132,1.420071068116393,223.42880348349493,1.4194087302633556,248.61841584539846,223.67416839057648,265.4320954099519,1.4192716205756897,1.4115003650159632,7.7658102012220285,247.14787306958428,1.3614364874533718,40.761185252393396,161.24131771050796,40.68845214806038,1.2597846736606433,157.18280052559885,1.4193875482670548,161.47545628427523,156.54009390106108,216.136808451097,1.259598000117658,1.2516573026998716,7.9765138875732085,160.39085825009505,1.2009537613493422,103.34053881055586,0.007889765790399765,0.0006403447202948288
2187.4858630224344,189.99999999372474,25.507385144360793,599.9999610413445,1.6221683824642015,1219.5086988304568,1.6221949993038924,276.23197933242005,135.5789888810149,1.5719803985668457,923.2877217108162,922.540717217772,1.5713149999593035,273.11393725187634,922.5407172177668,1.52129788571263,194.8069932116397,1.5211933775461994,273.11393725187634,1.5207949966061076,113.45164816001805,252.13498324228522,113.45164815939552,1.4201443145119832,223.33681649420436,1.4195019503213668,252.13498324228522,223.33681649420436,261.7723278667342,1.4193623337499133,1.411445000285621,7.917333464471765,250.26805956473737,1.361375543914525,42.159000401827264,163.55653040412903,42.159000397445325,1.2598917036416855,150.0004664426537,1.4195019503213668,163.55653040412903,150.0004664426537,213.34830776811646,1.259667837295254,1.251615166313425,8.052670981829046,161.6410503510255,1.2009155797020008,89.0615002907229,0.009298379906235351,0.0006630013726657001,2187.4614477827463,192.14312295837178,25.31375982298616,599.6322898386188,1.622205312272519,1219.1150716164832,1.6222276542450598,276.8030507513199,132.21667792472425,1.5719986722806019,919.8840326318453,918.0065076931483,1.571340446074217,272.09994335086964,918.8853512462713,1.5214566357737684,190.596578159951,1.5213921123014476,272.79108638102457,1.5209972409793324,112.70547128012261,249.42418139872711,112.62646817273013,1.4200711342322136,223.43097140464093,1.419408692770826,248.61899750856932,223.67644037461432,265.4356692518782,1.419271687501601,1.4115003667836374,7.765825370033019,247.14809049209435,1.3614364367357648,40.76728069607015,161.24507062015846,40.69427843902365,1.2597848659460216,157.18445807792833,1.4193875825392066,161.47847859253102,156.54158792804864,216.1377418110271,1.2595982540385189,1.2516572863018047,7.976709378168758,160.39446486616643,1.2009537253029294,103.35041274627048,0.007888200695415114,0.0006416092584617583
2187.4858630446406,189.9999999943268,25.50737435708197,599.999960823998,1.622168382536559,1219.5084790254668,1.6221949993705975,276.2319787509562,135.5789752242256,1.5719803985685101,923.2877187936656,922.5407137050066,1.5713149999647842,273.1139366764598,922.5407137050024,1.5212978855618169,194.8069873050161,1.521193377395976,273.1139366764598,1.5207949964573926,113.45308540910928,252.13432954784804,113.45308540848667,1.4201443151570756,223.3384839147701,1.4195019512534692,252.13432954784804,223.3384839147701,261.7748179487859,1.419362334794459,1.411445000288078,7.917334506380769,250.26736891497,1.361375531136146,42.167010554568364,163.56067483911988,42.167010550283564,1.259891958423447,150.00046409971276,1.4195019512534692,163.56067483911988,150.00046409971276,213.3483818406317,1.2596680805155878,1.2516151588187943,8.05292169679339,161.6451413848094,1.2009155778766951,89.06725374067636,0.009295124514669397,0.0006653174521417998,2187.4599758238023,192.1433704809668,25.31393639955296,599.6322115510351,1.6222053159126333,1219.11455207087,1.6222276543632652,276.80219353298156,132.21848462526606,1.5719987023182018,919.8848460469114,918.0071397047942,1.5713404662530848,272.09931106555905,918.8862863229729,1.5214567202189477,190.59707434679055,1.5213921298594817,272.7905286051063,1.520997329683132,112.70705971612674,249.42335810873868,112.62808587246398,1.4200712093972483,223.4329777104275,1.419408689628994,248.61948034344047,223.67861967241086,265.43904573574645,1.4192717691738994,1.4115003842180815,7.765840272724518,247.14829611648372,1.361436454385104,40.77310822172426,161.24851221692188,40.69986706077514,1.2597850744513912,157.18600909101988,1.419387616497175,161.48148677313552,156.54292338500764,216.13893564349584,1.2595985148653108,1.2516572756794115,7.976898072567735,160.3979084264044,1.2009537406769961,103.35985886590478,0.007886729142560694,0.0006428381482540588
2187.4858630675926,189.99999999486798,25.507364603817166,599.9999606274905,1.6221683826019895,1219.508280289861,1.622194999430917,276.2319782255746,135.57896287643985,1.5719803985697518,923.2877161560718,922.5407105288864,1.5713149999694749,273.1139361565281,922.5407105288831,1.521297885441868,194.80698196546626,1.5211933772765611,273.1139361565281,1.5207949963393423,113.45451832713876,252.13367507010457,113.45451832652017,1.4201443157109521,223.34014747358873,1.4195019521038554,252.13367507010457,223.34014747358873,261.77730459919917,1.4193623357588758,1.4114450002961638,7.917335462712227,250.2666774674647,1.361375518943645,42.174924971542644,163.56472913003142,42.1749249673533,1.2598922010095965,150.00046157391296,1.4195019521038554,163.56472913003142,150.00046157391296,213.34810517113536,1.2596683118273075,1.25161515176378,8.053160063527853,161.64915436080258,1.2009155757106582,89.0729480113331,0.009292091582227397,0.0006675474064736503,2187.4572429792725,192.14463335134954,25.31430727851953,599.6324599225421,1.6222052603439259,1219.1147129246015,1.622227596475511,276.8016913526359,132.2207267376815,1.5719987357840666,919.885862629693,918.0081891613847,1.5713404934757667,272.09905446078267,918.8876513679792,1.5214568674467948,190.59799820469226,1.5213922135939937,272.7900093024958,1.520997470393288,112.7086879508222,249.42267761726805,112.62967430845445,1.420071287050817,223.43480065137572,1.4194087163345668,248.619769290588,223.68066981176284,265.44221303696526,1.419271858580317,1.4115004124237742,7.765854643177035,247.14846129017354,1.3614365202064727,40.778677706517826,161.25162130932122,40.7052346810258,1.2597852842648245,157.18755019348464,1.4193876488580455,161.48442784739646,156.54415478038544,216.1401415348784,1.259598770896317,1.2516572689113143,7.977074431013268,160.4011491610935,1.2009537876822427,103.36883409075625,0.007885336660990191,0.0006440071367258148
2187.4858630908757,189.99999999536055,25.507355785452027,599.9999604498145,1.6221683826611457,1219.5081006040332,1.6221949994854528,276.2319777508592,135.57895171219516,1.5719803985706424,923.2877137712449,922.5407076571413,1.5713149999734828,273.11393568675464,922.5407076571378,1.521297885346945,194.80697713860388,1.5211933771821218,273.11393568675464,1.5207949962461367,113.45594705300569,252.13302028514124,113.45594705238628,1.4201443161907905,223.3418071042929,1.419501952887703,252.13302028514124,223.3418071042929,261.77978726362517,1.4193623366579757,1.4114450003082348,7.9173363497409,250.26598571931467,1.3613755072990548,42.18274500656794,163.56869738058217,42.18274500247017,1.2598924321412706,150.00045888308398,1.419501952887703,163.56869738058217,150.00045888308398,213.34750237308202,1.2596685319578693,1.251615145119541,8.053386838328457,161.65309256284172,1.2009155732286119,89.07858086446515,0.0092892715657536,0.0006696942817436501,2187.4536852822775,192.14653270840518,25.3147892848235,599.6329567445549,1.6222051607214987,1219.1154109614163,1.6222274955554221,276.80152208625367,132.22327267739755,1.5719987690165649,919.8870451699858,918.0095742437105,1.5713405240892673,272.0991233993793,918.8893395153815,1.521457055869539,190.59924806508317,1.5213923439685795,272.789563290666,1.5209976411597,112.71034779036077,249.4221629563343,112.63123582180101,1.4200713637429063,223.43645628863922,1.4194087679653407,248.61985639349624,223.68258175827128,265.44516552477694,1.4192719506163352,1.4115004476891504,7.765869191042547,247.1485742150431,1.3614366176657366,40.784010448081695,161.2544009247104,40.710414326536224,1.2597854850526176,157.18903926515878,1.4193876795432723,161.48727406457022,156.54524742698828,216.14122683712273,1.2595990105577086,1.251657264664665,7.977234684186248,160.4041696709832,1.200953853072971,103.37731910968238,0.007883987214427814,0.0006451220845181153
2187.485863113916,189.99999999580496,25.507347812370924,599.9999602891708,1.6221683827146354,1219.5079381419705,1.6221949995347642,276.2319773218876,135.57894161805484,1.5719803985712653,923.2877116149698,922.5407050606151,1.5713149999769223,273.1139352622404,922.5407050606116,1.521297885272362,194.80697277504112,1.521193377107977,273.1139352622404,1.5207949961731082,113.45737170122811,252.13236557858107,113.45737170061324,1.4201443166106285,223.34346275507284,1.419501953617426,252.13236557858107,223.34346275507284,261.78226549492706,1.419362337503875,1.4114450003232015,7.917337180673334,250.26529407310505,1.3613754961671383,42.19047198221858,163.5725834163001,42.19047197821213,1.2598926525092744,150.00045604357365,1.419501953617426,163.5725834163001,150.00045604357365,213.34659649186824,1.2596687415852958,1.2516151388591799,8.053602726115884,161.65695904884942,1.2009155704538346,89.08415028853207,0.009286655151138449,0.0006717610696404998,2187.449860966304,192.14862402175902,25.315296516351303,599.6336253884594,1.6222050317725318,1219.1164999259822,1.6222273661038014,276.80164710457746,132.22591915364126,1.571998799042705,919.8883058517075,918.0111563600502,1.5713405546765502,272.09946147704267,918.8911846220874,1.5214572637250139,190.60068800150174,1.5213925008038645,272.78921215645033,1.5209978217902282,112.71202460287064,249.42181203211746,112.63276690085446,1.4200714357972737,223.43796135258654,1.4194088387089265,248.61974542104102,223.68435283507722,265.44790601456043,1.4192720407961648,1.4115004860768667,7.765884625973028,247.14862983475498,1.3614367307136344,40.78912650940144,161.25687578647913,40.715425751630505,1.2597856685739686,157.19045648478877,1.4193877095477687,161.49000524229788,156.54619636950275,216.14203478434905,1.2595992261762285,1.251657261606616,7.977376147874585,160.40696249925188,1.2009539246450254,103.38531392268314,0.007882683994116457,0.000646173780650223
2187.4858631363845,189.99999999620732,25.507340603549316,599.999960143925,1.622168382762999,1219.5077912526904,1.6221949995793503,276.23197693423253,135.57893249145076,1.5719803985716787,923.287709665348,922.54070271294,1.5713149999798817,273.11393487861585,922.5407027129374,1.5212978852142824,194.80696883029012,1.521193377050294,273.11393487861585,1.5207949961164346,113.45879236645163,252.1317112623583,113.45879236583855,1.4201443169818446,223.34511438595484,1.4195019543030867,252.1317112623583,223.34511438595484,261.78473893315385,1.4193623383063954,1.4114450003401766,7.917337966218518,250.26460285452322,1.361375485515065,42.19810719062519,163.57639080450917,42.198107186707915,1.2598928627575985,150.00045307046068,1.4195019543030867,163.57639080450917,150.00045307046068,213.34540910437022,1.2596689413416298,1.2516151329576226,8.053808384007045,161.66075666762117,1.2009155674083587,89.08965448307363,0.009284233264188597,0.0006737507031392498,2187.446272719218,192.1505486362223,25.315755342719864,599.6343790348263,1.6222048895635455,1219.1178096845447,1.6222272240426672,276.80200108904495,132.22846952879235,1.5719988238128901,919.8895538819598,918.0127735417652,1.5713405826682838,272.0999872208857,918.8930180403344,1.5214574712939803,190.60218650785902,1.5213926653300631,272.7889740049347,1.520997995340079,112.71370024483078,249.42161270046205,112.63426754561482,1.420071500159809,223.43933960034087,1.4194089213129284,248.61946903681297,223.68598638825435,265.45045139858877,1.419272124582456,1.4115005242663394,7.765901036674977,247.14863489109243,1.3614368447555194,40.79403700228444,161.25908777302226,40.72027883347071,1.2597858299890414,157.19174982158395,1.4193877385573517,161.4926032164563,156.54697683136192,216.14246649346398,1.2595994119969338,1.2516572589466903,7.977498650745591,160.4095276458995,1.2009539929113155,103.39283338448355,0.007881436431855605,0.0006471575757240781
2187.4858631579864,189.99999999657018,25.50733408572885,599.9999600126032,1.6221683828067297,1219.507658443466,1.6221949996196656,276.2319765838912,135.57892423964708,1.571980398571935,923.2877079025759,922.5407005902673,1.5713149999824385,273.11393453191897,922.5407005902655,1.5212978851695942,194.80696526408775,1.5211933770059645,273.11393453191897,1.5207949960730183,113.46020912713774,252.13105758846328,113.46020912652497,1.4201443173136579,223.34676196658276,1.4195019549528372,252.13105758846328,223.34676196658276,261.7872072894071,1.4193623390734937,1.4114450003584411,7.917338715052624,250.2639123266573,1.361375475312226,42.205651894367094,163.58012287299528,42.20565189053691,1.2598930634866248,150.0004499776627,1.4195019549528372,163.58012287299528,150.0004499776627,213.34396041268764,1.2596691318160822,1.2516151273914393,8.05400442464277,161.66448807428515,1.2009155641128855,89.0950918441033,0.009281997079519997,0.0006756660527158501,2187.4433482422974,192.15210954401536,25.31612622168643,599.6351412920375,1.6222047481270412,1219.119187985031,1.6222270831388483,276.8025306610458,132.23079295751694,1.5719988418321162,919.8907401432731,918.0143389603071,1.5713406056043764,272.1006358704086,918.8947454275626,1.5214576601527152,190.60368169893678,1.5213928199149525,272.78885318830316,1.5209981467444997,112.71536769294269,249.42157501170368,112.63574829102966,1.420071557282973,223.44061980813598,1.4194090107242334,248.61909549934109,223.68749312523852,265.45280111378634,1.4192722012533574,1.411500559107694,7.7659198424523455,247.1486197220801,1.3614369456573743,40.798773101523665,161.2611075225962,40.724996104332746,1.2597859674665466,157.1928944989774,1.4193877683523926,161.49507353719426,156.54760120084924,216.14244961098464,1.2595995673803868,1.2516572554847478,7.977603906126134,160.41189990942706,1.2009540477054856,103.39991611736866,0.007880265335117126,0.0006480670986801836
2187.4858631786497,189.99999999689936,25.507328192673935,599.999959893868,1.6221683828462683,1219.5075383646538,1.6221949996561165,276.23197626726846,135.5789167787945,1.5719803985720626,923.287706308749,922.5406986710286,1.5713149999846459,273.11393421858554,922.5406986710263,1.5212978851357417,194.80696204007006,1.5211933769724366,273.11393421858554,1.5207949960403164,113.46162204857305,252.1304047601029,113.46162204796187,1.4201443176135795,223.34840547442457,1.4195019555733261,252.1304047601029,223.34840547442457,261.7896703324393,1.419362339811661,1.4114450003774628,7.917339434198367,250.2632227017083,1.3613754655301995,42.213107327369215,163.58378272732807,42.21310732362295,1.2598932552562692,150.0004467779483,1.4195019555733261,163.58378272732807,150.0004467779483,213.34226933185136,1.2596693135581223,1.2516151221388407,8.05419141928143,161.6681557446717,1.20091556058697,89.1004609504559,0.009279938027559298,0.0006775099230821002,2187.4413402681153,192.15316530365533,25.31637745128051,599.6358451693047,1.6222046195782092,1219.1204967396145,1.622226955339357,276.80315926441557,132.23277485774304,1.571998852139136,919.8918103087489,918.0157557684488,1.57134062177631,272.1013301308212,918.8962791203312,1.521457816636023,190.60508406218707,1.5213929500422418,272.7888390872266,1.5209982650894809,112.71701816808331,249.42167593382334,112.63721616039741,1.420071606431517,223.4418391173899,1.4194091010780878,248.6186784104151,223.68889881079713,265.4549945754571,1.419272268385512,1.4115005880017333,7.765941043305133,247.1486070812365,1.361437023358106,40.803360117347054,161.26300113242658,40.72959793586334,1.259786081268097,157.19386821805884,1.4193877985663446,161.4974247820143,156.5480447013978,216.14195278373504,1.2595996930939128,1.2516572503956926,7.977693627343081,160.41411259697136,1.2009540820310896,103.40663936590852,0.007879184801904929,0.0006489022344560295
2187.4858631981706,189.99999999719643,25.507322864497375,599.9999597865145,1.6221683828820188,1219.5074297959836,1.6221949996890752,276.23197598109687,135.57891003308288,1.5719803985720968,923.287704867677,922.5406969357406,1.5713149999865648,273.1139339353899,922.5406969357388,1.52129788511068,194.80695912537723,1.5211933769476689,273.1139339353899,1.5207949960162954,113.46303118531712,252.12975294097214,113.46303118470962,1.4201443178876754,223.35004489322708,1.419501956169921,252.12975294097214,223.35004489322708,261.792127877992,1.4193623405261377,1.4114450003967987,7.917340129339312,250.2625341505667,1.361375456142469,42.22047469591517,163.58737326702857,42.22047469225232,1.2598934385887135,150.00044348313156,1.419501956169921,163.58737326702857,150.00044348313156,213.34035357230056,1.259669487080156,1.2516151171794596,8.054369900696523,161.67176198874967,1.2009155568490089,89.10576055101245,0.009278047799775004,0.0006792850504238003,2187.440451538187,192.1535845766224,25.31648755597371,599.636440028544,1.6222045127533573,1219.121629770722,1.6222268493116865,276.80383211584376,132.23433391316146,1.5719988552395763,919.8927137725093,918.0169488261002,1.5713406308388849,272.10201011606983,918.8975356296489,1.5214579331950353,190.60633723785756,1.5213930477489923,272.78892456412296,1.520998345198803,112.7186393794803,249.42187484671473,112.63866998316836,1.420071647096423,223.4430256351216,1.4194091872690147,248.61825294620948,223.6902201752987,265.4570610635412,1.4192723258242368,1.4115006098856504,7.76596463923334,247.14859022677834,1.3614370733241614,40.807817186756225,161.26481704017493,40.7340911186114,1.2597861724401438,157.19467097882827,1.419387829356299,161.49966199650615,156.54834449785798,216.14100254132558,1.259599791759208,1.2516572437949225,7.977770041721359,160.41619603294038,1.2009540942126034,103.41308334561816,0.007878197639416355,0.0006496656939911876
2187.4858632165374,189.99999999746422,25.507318047052788,599.9999596894529,1.6221683829143445,1219.50733163415,1.6221949997188767,276.23197572244237,135.57890393396468,1.5719803985720686,923.2877035647225,922.5406953667632,1.5713149999882332,273.11393367941866,922.5406953667609,1.5212978850927164,194.80695649027467,1.5211933769299715,273.11393367941866,1.5207949959992735,113.46443658318813,252.1291022623463,113.46443658258225,1.420144318140898,223.35168021195278,1.4195019567470113,252.1291022623463,223.35168021195278,261.7945797799985,1.4193623412212102,1.4114450004161534,7.917340805056683,250.26184681031646,1.3613754471244617,42.22775517960111,163.5908972004686,42.22775517601924,1.259893613971117,150.00044010401336,1.4195019567470113,163.5908972004686,150.00044010401336,213.33822971705752,1.2596696528601936,1.251615112494345,8.054540365848407,161.67530896283225,1.2009155529162694,89.11098955276682,0.0092763183522706,0.0006809941001210999,2187.4407181571655,192.15343303217648,25.316469830140747,599.6368907153912,1.6222044337545396,1219.1225093106762,1.6222267710375906,276.80449759259557,132.23547455920732,1.5719988512167826,919.893454255575,918.017890581895,1.5713406322196823,272.1026375269342,918.8985157904058,1.521458004672604,190.6074290699232,1.521393106951716,272.7891070076817,1.5209983841425299,112.7202155247121,249.4221164735323,112.64010800351788,1.4200716796735937,223.4442118182459,1.419409264217719,248.61782496941996,223.69148900644325,265.4590636425251,1.4192723725898775,1.41150062364157,7.765989210933014,247.14856663053695,1.3614370912886675,40.81216252076886,161.26660620629764,40.73848367777109,1.25978624412204,157.1953548120763,1.419387859570251,161.50178820802364,156.54855262102043,216.13966159010815,1.2595998681081146,1.2516572352150754,7.9778361761384335,160.41818054174217,1.2009540813291808,103.41931044634265,0.007877300326297371,0.000650362995303661
2187.485863233792,189.9999999977074,25.507313691384155,599.9999596016933,1.6221683829435707,1219.507242881608,1.6221949997458203,276.2319754886595,135.5788984194623,1.5719803985719834,923.2877023866477,922.5406939481692,1.571314999989682,273.11393344807016,922.540693948168,1.5212978850804706,194.8069541080061,1.5211933769179664,273.11393344807016,1.5207949959878793,113.4658382809149,252.1284528295776,113.46583828030987,1.4201443183772118,223.35331142363395,1.4195019573081071,252.1284528295776,223.35331142363395,261.7970259232718,1.4193623419003052,1.4114450004352483,7.9173414650568485,250.26116079096636,1.3613754384531442,42.23494993229469,163.59435705829793,42.234949928791806,1.2598937818579259,150.00043665065246,1.4195019573081071,163.59435705829793,150.00043665065246,213.33591329388867,1.2596698113441147,1.2516151080657663,8.054703278348452,161.67879868075255,1.2009155488050096,89.1161470096682,0.009274741907869598,0.0006826396649247003,2187.4420734703062,192.15281927717047,25.31633552286793,599.6371573355683,1.6222043897508367,1219.1230450013584,1.6222267274774542,276.80511776776376,132.23623745403512,1.571998840104093,919.8940347347622,918.0185877149523,1.5713406254730016,272.1031650116509,918.8992363003999,1.5214580270451579,190.6083374565203,1.5213931220120578,272.78937475404945,1.5209983785756522,112.72173080135715,249.4223271118152,112.64151851594862,1.4200717026359746,223.4454287852482,1.4194093263212666,248.6173890361148,223.69273441507193,265.4610783276382,1.4192724072387315,1.4115006280800293,7.766012629448228,247.1485051117647,1.3614370726695844,40.816386859545446,161.26838982227162,40.742762032244606,1.2597862989299131,157.19590980717615,1.4193878869827359,161.5038024074489,156.54870128042216,216.1380046953485,1.2595999257214856,1.2516572238887542,7.977895228804457,160.42009247081322,1.200954040618471,103.42536820320201,0.007876473934449733,0.0006510033863657504
2187.485863249829,189.99999999792703,25.507309753227815,599.999959522346,1.6221683829699969,1219.5071626364306,1.6221949997701826,276.2319752773387,135.57889343354225,1.5719803985718643,923.2877013214872,922.5406926655444,1.5713149999909517,273.11393323894833,922.5406926655428,1.5212978850728618,194.80695195422973,1.5211933769105757,273.11393323894833,1.5207949959810407,113.46723631143477,252.12780472675965,113.46723631083134,1.4201443185998506,223.354938524664,1.419501957856076,252.12780472675965,223.354938524664,261.7994662178352,1.4193623425662238,1.4114450004538988,7.917342112325199,250.2604761803155,1.3613754301071417,42.242060083134604,163.59775520677022,42.24206007970869,1.2598939426732807,150.00043313226223,1.419501957856076,163.59775520677022,150.00043313226223,213.33341884299819,1.2596699629480355,1.2516151038772172,8.054859070818377,161.68223302478998,1.2009155445305033,89.12123211218938,0.0092733109568419,0.00068422426356235,2187.444278631441,192.15192516493948,25.31612042670258,599.6372514228663,1.622204377857944,1219.1232537747403,1.6222267157586063,276.8056522562156,132.2366388609067,1.571998824118489,919.8944708383566,918.019034381043,1.5713406122898825,272.1035755096581,918.8997046736406,1.5214580085466933,190.60908228932624,1.5213930987662099,272.7897081313539,1.5209983370682316,112.72318579469034,249.42247619179275,112.64290854375899,1.4200717187548872,223.4466982856075,1.419409372977473,248.61696901584094,223.69398484281118,265.46313439882044,1.4192724321941559,1.411500624781472,7.7660349834854765,247.14841662585945,1.3614370246672602,40.82050254953866,161.27020270266613,40.74692649069325,1.2597863404609388,157.1964003832019,1.4193879124577577,161.50571165860745,156.54883011857035,216.13612832835724,1.2595999707379262,1.2516572107218333,7.977948456159132,160.42194673379686,1.2009539778315979,103.43128038375627,0.007875734493667467,0.0006515949175163378
2187.4858632647524,189.99999999812627,25.507306192563213,599.9999594506041,1.622168382993889,1219.5070900831447,1.6221949997922092,276.23197508632506,135.5788889255377,1.5719803985717182,923.2877003584188,922.540691505851,1.5713149999920606,273.1139330499248,922.5406915058502,1.5212978850689727,194.80695000704355,1.5211933769068837,273.1139330499248,1.5207949959778486,113.46863070299366,252.12715802069505,113.46863070239348,1.4201443188114584,223.35656151418982,1.4195019583932673,252.12715802069505,223.35656151418982,261.80190059408983,1.4193623432212625,1.4114450004720043,7.91734274925826,250.25979304812364,1.3613754220666399,42.24908673746195,163.6010938594635,42.2490867341116,1.2598940968131043,150.00042955728102,1.4195019583932673,163.6010938594635,150.00042955728102,213.33075998022048,1.259670108060357,1.251615099913332,8.055008147025088,161.68561375526488,1.2009155401071023,89.12624417759062,0.009272018256404602,0.0006857503397459002,2187.447067021592,192.15079615881731,25.315847721580102,599.6371935959123,1.6222043936854946,1219.1231682465755,1.6222267314277201,276.80607507099614,132.2367593568921,1.571998805454727,919.8947811714604,918.0192623059827,1.571340594789587,272.10386345016025,918.8999626546236,1.5214579586195243,190.60971108734785,1.5213930444104928,272.7900749334325,1.5209982692890553,112.7245898691096,249.42253733133413,112.64428276914795,1.4200717303491928,223.44803269979644,1.4194094045005217,248.61657537769793,223.69526203913998,265.4652625437016,1.419272450291995,1.4115006155576268,7.766055829512276,247.14830370098989,1.361436954360826,40.824532431685896,161.27206351616317,40.75099186886009,1.2597863731625338,157.19683149546697,1.4193879360738622,161.5075356392994,156.54894409077835,216.13407831300688,1.2596000091042108,1.2516571964759406,7.977998142638281,160.42377067237246,1.2009538993536668,103.43716582580552,0.007875067121054277,0.0006521476787469139
2187.4858632785435,189.99999999830538,25.507302973205718,599.9999593857408,1.622168383015493,1219.507024484447,1.6221949998121261,276.23197491365687,135.5788848496411,1.5719803985715588,923.2876994876566,922.5406904573038,1.571314999993036,273.1139328790499,922.5406904573024,1.5212978850681163,194.8069482465723,1.521193376906171,273.1139328790499,1.5207949959775853,113.47002148000877,252.12651276428943,113.47002147941164,1.420144319014113,223.35818039351506,1.4195019589215239,252.12651276428943,223.35818039351506,261.80432899903957,1.4193623438672205,1.4114450004894379,7.917343377782715,250.2591114496144,1.3613754143130063,42.25603097773724,163.6043750878498,42.25603097445962,1.2598942446469032,150.0004259335905,1.4195019589215239,163.6043750878498,150.0004259335905,213.32794945623715,1.2596702470435361,1.251615096159687,8.055150883849006,161.68894251923888,1.2009155355482095,89.13118264080433,0.009270856829135948,0.0006872202615506502,2187.450172021779,192.14957875176836,25.31555217740362,599.6370120571963,1.6222044314815522,1219.1228365264565,1.6222267686762277,276.80638480740515,132.2366854329747,1.571998786101978,919.8950007116658,918.0193265925041,1.571340574999615,272.1040357966519,918.9000653460827,1.5214578892222541,190.6102746848716,1.5213929688862164,272.790445043171,1.5209981863474624,112.72595004791343,249.42247912314065,112.64564353321495,1.420071739228734,223.44943068938557,1.4194094227231477,248.61621189056163,223.69658072678254,265.46748246993366,1.4192724641102878,1.4115006026882977,7.766074812702638,247.14816128081856,1.361436870647682,40.82847990126166,161.2739641898192,40.75495384548674,1.25978640076268,157.19721800991152,1.4193879575168662,161.50928494526315,156.54906301829976,216.13194388525972,1.259600045680069,1.2516571817857653,7.978045316238026,160.42558218291197,1.2009538123622614,103.44307503541478,0.007874467396143123,0.0006526703121685919
2187.485863291311,189.99999999846796,25.507300062439572,599.9999593270936,1.6221683830350249,1219.5069651737035,1.6221949998301328,276.2319747575757,135.57888116443218,1.5719803985713874,923.2876987003565,922.5406895092707,1.5713149999938902,273.1139327245896,922.5406895092708,1.5212978850695849,194.8069466549648,1.5211933769078356,273.1139327245896,1.520794995979661,113.47140866379962,252.12586899921902,113.47140866320177,1.4201443192095118,223.35979516567699,1.419501959442354,252.12586899921902,223.35979516567699,261.80675139297813,1.4193623445055716,1.4114450005061245,7.917343999447213,250.2584314283149,1.361375406828945,42.26289386441,163.6076008318706,42.26289386120341,1.2598943865197687,150.00042226840628,1.419501959442354,163.6076008318706,150.00042226840628,213.32499921172064,1.259670380236051,1.2516150926028788,8.055287633172092,161.69222085917474,1.2009155308664714,89.13604704593108,0.009269819960423798,0.0006886363211345999,2187.4533797813647,192.14837144768245,25.31525901939696,599.6367441730422,1.6222044840603642,1219.1223250669455,1.6222268204750192,276.80658006074236,132.23650579785536,1.5719987679886411,919.8951599713403,918.0192764991108,1.5713405549474662,272.1041022980254,918.9000653460827,1.521457810507239,190.6107874481089,1.521392882604553,272.7907966996488,1.5209980990597982,112.72726984275104,249.4223036610322,112.64698790958568,1.4200717471467965,223.4508862314422,1.4194094299231796,248.61588064825193,223.69794458642,265.4697922067514,1.4192724761239528,1.4115005881999771,7.766091400817581,247.1479927362371,1.361436781213049,40.83234526692724,161.2759006871624,40.75881211191188,1.2597864286898421,157.19758718075917,1.4193879772580444,161.51097723606279,156.5492067223881,216.12981428107813,1.259600084941567,1.2516571674994832,7.978092946724934,160.4273892193585,1.2009537237179742,103.44901692541906,0.00787392925093356,0.0006531703740052161
2187.485863303037,189.9999999986146,25.507297430684588,599.9999592740685,1.622168383052686,1219.5069115481847,1.622194999846415,276.2319746164779,135.57887783246375,1.5719803985712155,923.2876979885159,922.5406886521027,1.5713149999946456,273.1139325849585,922.5406886521018,1.5212978850730199,194.80694521597968,1.521193376911417,273.1139325849585,1.520794995983612,113.47279227316358,252.12522675795543,113.47279227256763,1.4201443193990548,223.3614058351626,1.4195019599570065,252.12522675795543,223.3614058351626,261.80916774710244,1.419362345137539,1.4114450005220542,7.917344615484878,250.25775301811439,1.3613753995984141,42.26967643680595,163.61077290943592,42.26967643366743,1.259894522754017,150.00041856833911,1.4195019599570065,163.61077290943592,150.00041856833911,213.32192042913766,1.259670507954012,1.2516150892304063,8.055418723605602,161.69545022064318,1.2009155260737145,89.14083703829726,0.009268901195079098,0.0006900007347699999,2187.4564431223366,192.14728032767178,25.31499313190255,599.6364269147812,1.6222045444529178,1219.1217030883304,1.622226879833471,276.8066734733101,132.23630842099584,1.571998752191953,919.8952902070553,918.0191713029848,1.5713405360882213,272.1040807111921,918.9000319504862,1.5214577326642051,190.61126926873706,1.521392794641275,272.79110344158636,1.5209980164600312,112.7285568621958,249.42200885118893,112.64831648353496,1.4200717551214164,223.45238861853056,1.4194094287973564,248.6155762068371,223.69935629491127,265.4721864049349,1.4192724875188885,1.4115005739043938,7.766105239031116,247.14779132546226,1.361436693645173,40.8361235901016,161.27785232127482,40.76256172955449,1.2597864592331318,157.1979266197265,1.4193879945643029,161.51262411655478,156.54936529241664,216.1277401479001,1.2596001297022323,1.2516571540729169,7.978140862766321,160.4291947644407,1.2009536387643684,103.45497515562086,0.007873447537620865,0.0006536540894518521
2187.485863313811,189.99999999874683,25.50729505119618,599.9999592261269,1.6221683830686553,1219.506863062935,1.622194999861137,276.23197448892563,135.5788748198795,1.5719803985710445,923.2876973449074,922.5406878770888,1.5713149999953129,273.1139324587318,922.5406878770881,1.5212978850779892,194.80694391497718,1.5211933769165185,273.1139324587318,1.5207949959890479,113.47417232484804,252.1245860655822,113.474172324256,1.420144319583844,223.36301240758525,1.4195019604664636,252.1245860655822,223.36301240758525,261.8115780413866,1.4193623457640818,1.4114450005372028,7.917345226879258,250.25707624518833,1.3613753926064094,42.2763797139219,163.6138930248781,42.27637971085099,1.2598946536507143,150.00041483950156,1.4195019604664636,163.6138930248781,150.00041483950156,213.31872358097684,1.2596706304926588,1.2516150860305855,8.05554446207324,161.69863195926433,1.2009155211810179,89.1455523570216,0.0092680943332236,0.0006913156431575501,2187.459220403363,192.14635843229237,25.314770195464927,599.6360966217561,1.6222046057735617,1219.12104105909,1.6222269399561355,276.8066847109123,132.23615983392182,1.5719987399513253,919.8954189543622,918.0190610975194,1.5713405199993105,272.1039974974315,918.9000110782384,1.52145766532232,190.6117510893652,1.5213927144678292,272.7913527346934,1.5209979470449742,112.72981930009591,249.42160725653028,112.64963042561256,1.4200717646230911,223.45392178949692,1.419409423063513,248.61529228485736,223.70080748707213,265.47465070605205,1.419272500718452,1.4115005617013843,7.766116593462735,247.14755789121696,1.3614366150231845,40.839809932203664,161.2797968915616,40.76620084644668,1.2597864950086766,157.1982635810371,1.4193880102734633,161.51423164144674,156.54955359432552,216.12577936851204,1.2596001812409414,1.2516571421292157,7.978190149469201,160.43098937285112,1.200953563343137,103.46093041487765,0.007873015368748305,0.0006541249193130967
2187.4858633236954,189.99999999886654,25.507292899793455,599.9999591827805,1.622168383083093,1219.506819225232,1.6221949998744478,276.23197437361716,135.57887209606048,1.571980398570877,923.287696762986,922.540687176362,1.571314999995903,273.1139323446207,922.5406871763613,1.521297885084182,194.80694273872757,1.521193376922831,273.1139323446207,1.5207949959956628,113.47554883394119,252.12394694127335,113.47554883334908,1.420144319764773,223.3646148894507,1.4195019609715258,252.12394694127335,223.3646148894507,261.8139822628175,1.419362346385984,1.4114450005515695,7.917345834414613,250.25640112955855,1.361375385838937,42.28300469519522,163.61696277708728,42.283004692190204,1.25989477949115,150.00041108752484,1.4195019609715258,163.61696277708728,150.00041108752484,213.31541847488876,1.2596707481278078,1.2516150829925086,8.055665135299318,161.70176734728943,1.2009155161987692,89.150192828084,0.009267393425555145,0.0006925831119929496,2187.4614616691515,192.1456689050634,25.31460316357741,599.6357869473579,1.622204662014718,1219.120405241844,1.6222269949657209,276.8066344928777,132.2361051302229,1.57199873158347,919.8955685393835,918.0189784434203,1.571340507497851,272.103869020956,918.9000411342753,1.5214576146228245,190.61223512017975,1.5213926484891882,272.79152891110704,1.5209978959664305,112.73106593557446,249.4211185589634,112.65093032109334,1.420071775369033,223.45547570612015,1.4194094153398424,248.61501171298946,223.70229147075517,265.47716286860987,1.4192725157742039,1.4115005525711541,7.766125286699443,247.14729159077825,1.3614365501958035,40.84339472473262,161.28170261080734,40.7697239066848,1.2597865366051055,157.19859063172095,1.4193880242807981,161.51580182897462,156.54975180686117,216.12395123717607,1.259600239557694,1.251657131968415,7.97824023572462,160.4327635992824,1.2009535012808148,103.46684259543191,0.007872631727568172,0.000654584126549423
2187.4858633328085,189.99999999897622,25.507290954613456,599.9999591435866,1.6221683830961449,1219.5067795895868,1.6221949998864802,276.2319742693828,135.57886963333004,1.5719803985707088,923.2876962368427,922.5406865428006,1.57131499999642,273.11393224147366,922.5406865427997,1.521297885091328,194.80694167530118,1.5211933769300852,273.11393224147366,1.52079499600319,113.47692181418402,252.12330939938172,113.47692181359425,1.4201443199425337,223.36621328798856,1.419501961472808,252.12330939938172,223.36621328798856,261.81638040410735,1.4193623470038474,1.411445000565136,7.917346438711559,250.25572768620566,1.361375379282921,42.28955236127946,163.61998366711887,42.289552358338526,1.2598949005381912,150.00040731761146,1.419501961472808,163.61998366711887,150.00040731761146,213.31201429586878,1.259670861117184,1.2516150801059789,8.055781011205298,161.70485757982442,1.2009155111366863,89.15475835784372,0.009266792768092304,0.0006938051327608001,2187.4631696969827,192.14523952913325,25.31449851298666,599.6355207221739,1.6222047090916776,1219.119842470861,1.6222270408184962,276.80655231791206,132.23618570729292,1.5719987272439646,919.8957516135887,918.018965920072,1.57134049895526,272.1037300992385,918.9001505048537,1.5214575841283857,190.6127511986966,1.521392600761011,272.7916450273797,1.5209978661787522,112.73230262138017,249.42056076533947,112.65221499942757,1.4200717879813751,223.4570296227434,1.4194094081659925,248.61472402213388,223.70379586548773,265.47970262188056,1.4192725338720427,1.411500547328706,7.766131673567228,247.14699073870037,1.361436501369197,40.84687642438189,161.28355434224287,40.77313152759149,1.259786583957015,157.19890529412132,1.4193880366910347,161.51733972472815,156.54995745236693,216.12226057745772,1.2596003041409398,1.251657123625134,7.978290778867203,160.4345075013056,1.200953453324595,103.47268792972363,0.007872280378529217,0.0006550344066356859
2187.485863341125,189.9999999990746,25.50728919588837,599.9999591081512,1.6221683831079474,1219.506743753212,1.6221949998973613,276.2319741751493,135.57886740666203,1.5719803985705503,923.2876957611296,922.5406859699697,1.571314999996881,273.1139321482212,922.5406859699688,1.5212978850992396,194.80694071383272,1.5211933769380948,273.1139321482212,1.520794996011447,113.47829127822247,252.12267345040476,113.47829127763345,1.4201443201177106,223.36780761100152,1.4195019619708373,252.12267345040476,223.36780761100152,261.81877246259444,1.4193623476181885,1.4114450005779293,7.917347040259259,250.2550559260494,1.3613753729262164,42.29602367472684,163.6229571051441,42.296023671847664,1.2598950170375671,150.00040353452187,1.4195019619708373,163.6229571051441,150.00040353452187,213.30851964563715,1.259670969701679,1.2516150773614876,8.05589234019144,161.7079037804189,1.200915506003875,89.15924892698547,0.0092662868964806,0.00069498362372725,2187.46438059151,192.14505009857584,25.31445317576005,599.6353152468907,1.6222047441701537,1219.1193892150027,1.6222270747297574,276.8064662800207,132.23643187393793,1.5719987264049566,919.8959890146922,918.0190527486205,1.5713404941399476,272.1036068453839,918.9003742553501,1.521457575296459,190.61333468789766,1.5213925729401823,272.7917064802196,1.520997857633107,112.73353403971204,249.41995690767757,112.6534868017147,1.4200718026297905,223.45857584339714,1.4194094038459732,248.61441916195506,223.7053113022635,265.4822587043486,1.4192725548572862,1.4115005460236008,7.766136108892079,247.14666039132072,1.361436469222186,40.8502497839091,161.28533341718608,40.77642710444119,1.2597866357563414,157.1992050905815,1.4193880476089014,161.51884633782527,156.5501482319325,216.12068809509486,1.2596003729444771,1.2516571168224173,7.97834023690277,160.43621511346345,1.200953419429193,103.47844116472028,0.007871953615991639,0.0006554764553042759
2187.4858633486583,189.99999999916201,25.50728760574546,599.9999590761147,1.6221683831186204,1219.5067113519299,1.622194999907201,276.23197408994986,135.57886539343096,1.5719803985704053,923.2876953310163,922.5406854520425,1.571314999997296,273.1139320639013,922.540685452041,1.521297885107765,194.80693984450048,1.5211933769467092,273.1139320639013,1.5207949960202853,113.47965723781716,252.1220391017439,113.47965723722832,1.4201443202907826,223.3693978667368,1.4195019624660468,252.1220391017439,223.3693978667368,261.82115843926294,1.4193623482294322,1.41144500058999,7.917347639442185,250.2543858567995,1.3613753667575124,42.30241958068786,163.62588441694527,42.302419577868584,1.2598951292190503,150.000399742613,1.4195019624660468,163.62588441694527,150.000399742613,213.30494257950704,1.259671074106516,1.2516150747501775,8.055999356338495,161.71090700635136,1.2009155008088706,89.16366458486779,0.009265870579949504,0.0006961204311095498,2187.465080466329,192.14510313913192,25.31446203867653,599.6351784213658,1.6222047660441843,1219.1190649026212,1.6222270955641807,276.80638726563063,132.23682440993943,1.5719987286719452,919.896273300653,918.0192314150568,1.5713404929164563,272.1035076155857,918.9007015321957,1.5214575867443303,190.61395132989426,1.5213925651008908,272.7917169254615,1.5209978695725943,112.7347631169444,249.4193241553009,112.65474455740502,1.4200718185790304,223.46009964535713,1.419409403217607,248.61409001346527,223.70682606982453,265.48480211761176,1.4192725781112043,1.4115005486062773,7.7661387700869895,247.14630054863932,1.3614364529789753,40.853512642685025,161.2870246988678,40.77961032857259,1.2597866912182465,157.19947763281806,1.4193880573485809,161.5203156135583,156.5503291008713,216.11923137830473,1.2596004439221038,1.2516571116006543,7.97838849560953,160.43786605377676,1.2009533990738384,103.48405625077433,0.007871644010916477,0.0006559095744602012
2187.485863355576,189.9999999992424,25.507286168025754,599.9999590471468,1.622168383128269,1219.506682056467,1.622194999916096,276.2319740129302,135.57886357317625,1.5719803985702647,923.2876949421267,922.5406849837608,1.5713149999976617,273.11393198768144,922.5406849837598,1.521297885116748,194.80693905855196,1.5211933769557724,273.11393198768144,1.5207949960295506,113.48101970401203,252.12140635831435,113.48101970342752,1.4201443204620856,223.370984063803,1.419501962958737,252.12140635831435,223.370984063803,261.8235383380148,1.4193623488378733,1.411445000601312,7.917348236561206,250.25371748358165,1.3613753607661567,42.308741007524176,163.62876684960952,42.308741004765054,1.2598952372974253,150.0003959459629,1.419501962958737,163.62876684960952,150.0003959459629,213.3012906408058,1.2596711745421965,1.2516150722637023,8.056102278494182,161.71386825321292,1.2009154955596175,89.1680054442395,0.0092655388149814,0.0006972173303956996,2187.4653776353985,192.14533045580083,25.314515216175412,599.635110640592,1.6222047748249182,1219.1188744722085,1.62222710344547,276.80633880347136,132.23735814062323,1.571998733355944,919.8966126577162,918.019515277619,1.5713404946905187,272.1034508631046,918.9011340051702,1.5214576177993284,190.61463427748188,1.521392576525978,272.7917007353365,1.5209978997265146,112.73599102362704,249.41868889034032,112.65598768122365,1.420071835376634,223.461594336476,1.4194094074852621,248.61373029520482,223.70832745309076,265.4873224447683,1.4192726039431625,1.4115005547573432,7.766140100684445,247.1459171097165,1.3614364522031803,40.85666654401626,161.28862061890337,40.78268706455065,1.2597867486422472,157.19974274208448,1.4193880661980744,161.5217460382503,156.5504851932431,216.11785183856307,1.2596005154112808,1.2516571079194556,7.978434584102258,160.43945932800267,1.2009533908547128,103.48952427505077,0.007871346885841497,0.0006563326897561675
2187.485863361915,189.9999999993156,25.507284868118596,599.9999590209553,1.6221683831369913,1219.5066555691174,1.6221949999241374,276.2319739433035,135.57886192739892,1.5719803985701297,923.2876945905177,922.5406845603623,1.5713149999979845,273.11393191878085,922.5406845603616,1.5212978851260783,194.8069383479729,1.521193376965175,273.11393191878085,1.520794996039136,113.48237868726508,252.1207752229501,113.48237868668127,1.4201443206319229,223.37256621111052,1.4195019634491852,252.1207752229501,223.37256621111052,261.8259121652178,1.4193623494437841,1.4114450006119394,7.917348831844695,250.25305080933762,1.3613753549423429,42.314988867446914,163.6316055776806,42.31498886474349,1.2598953414737255,150.00039214822203,1.4195019634491852,163.6316055776806,150.00039214822203,213.29757089302228,1.2596712712057188,1.251615069894358,8.056201311360866,161.71678845991275,1.2009154902635846,89.17227167631026,0.009265286818765447,0.0006982760277949998,2187.465349862588,192.14570931691563,25.31460077740759,599.6351061376735,1.6222047720406474,1219.1188097291245,1.6222270999625283,276.80633494054564,132.2379864939213,1.5719987392956765,919.8969817829429,918.0198759500511,1.5713404985182986,272.1034425069111,918.9016391135671,1.5214576624821516,190.6153514829582,1.5213926024426254,272.79166609195084,1.520997942161748,112.73721951558454,249.4180666070632,112.65721851427006,1.4200718528529288,223.46305222078422,1.4194094168583946,248.6133391696457,223.70980574844853,265.4897988520146,1.4192726308063364,1.4115005634580449,7.766140987749416,247.14551513088975,1.361436462167299,40.85970963593489,161.29011865449792,40.7856597816659,1.259786805412216,157.1999731641572,1.4193880742882923,161.5231360982244,156.55060164310783,216.11652535804225,1.2596005845984808,1.251657105074893,7.978477245941252,160.44098250810504,1.200953390990566,103.49481107168208,0.007871057564087373,0.0006567433948779628
2187.4858633676195,189.9999999993802,25.50728369281365,599.9999589972762,1.6221683831448808,1219.5066316207112,1.622194999931411,276.2319738803475,135.5788604393788,1.5719803985700103,923.2876942726066,922.5406841775499,1.5713149999982785,273.113931856478,922.5406841775487,1.5212978851357009,194.80693770548976,1.5211933769748636,273.113931856478,1.5207949960489904,113.48373419756676,252.12014569708026,113.48373419698589,1.4201443208005324,223.37414431772356,1.4195019639376079,252.12014569708026,223.37414431772356,261.82827992904345,1.4193623500473787,1.4114450006219026,7.917349425475727,250.25238583550072,1.3613753492768146,42.321164057051114,163.6344017076292,42.32116405440387,1.259895441935939,150.00038835281754,1.4195019639376079,163.6344017076292,150.00038835281754,213.2937899498899,1.2596713642812687,1.2516150676348738,8.056296646394955,161.71966851221978,1.2009154849277452,89.17646350614604,0.009265110022493347,0.0006992981617981503,2187.465133234668,192.14613869284577,25.314701678302903,599.6351531418231,1.62220475994213,1219.1188509736708,1.6222270873475173,276.8063725162778,132.23867102939664,1.5719987459299523,919.897371745884,918.0202867158764,1.5713405036700712,272.10347906525783,918.9021943153587,1.5214577177782354,190.61608415973907,1.5213926402789526,272.7916272704684,1.5209979940216078,112.73844508116767,249.4174602368174,112.6584364712694,1.4200718695374173,223.46447731357026,1.4194094305253642,248.61290826150832,223.71125827903887,265.4922400670251,1.419272657978875,1.4115005741577054,7.766140987749416,247.14508955582158,1.3614364807863824,40.86264623969935,161.2915162828566,40.788534653144595,1.2597868602200892,157.20017137669285,1.4193880816715976,161.52447721597795,156.550673495152,216.1152061128697,1.2596006493096144,1.251657103038117,7.9785160242393465,160.4424286343837,1.200953397715305,103.49989138763574,0.007870774303091332,0.0006571401651446931
2187.4858633728936,189.99999999944038,25.507282630167744,599.9999589758644,1.6221683831520108,1219.5066099678752,1.6221949999379843,276.23197382344034,135.57885909398982,1.5719803985698912,923.2876939851703,922.5406838314295,1.5713149999985339,273.1139318001631,922.5406838314295,1.5212978851455117,194.8069371246343,1.521193376984734,273.1139318001631,1.5207949960590101,113.48508624453106,252.11951778071838,113.48508624395103,1.4201443209680895,223.3757183929271,1.4195019644241667,252.11951778071838,223.3757183929271,261.83064163915446,1.419362350648815,1.411445000631228,7.917350017587199,250.25172256208705,1.361375343761007,42.327267457907226,163.63715628326293,42.32726745531308,1.2598955388600626,150.00038456283977,1.4195019644241667,163.63715628326293,150.00038456283977,213.28995400356,1.2596714539412566,1.251615065478496,8.056388462760356,161.72250924716565,1.2009154795586139,89.18058120835619,0.009265004064545302,0.0007002853048286503,2187.4647638562915,192.1465983776651,25.31480803330067,599.6352372753012,1.6222047413803256,1219.1189722923336,1.622227068437371,276.8064511794928,132.23939104835236,1.5719987523364178,919.8977751044987,918.0207425657559,1.5713405093156096,272.10355496734906,918.9027837476366,1.5214577778453033,190.61681683651997,1.521392684495523,272.7915896675975,1.5209980491776451,112.7396688909262,249.41688192375835,112.65964272277137,1.4200718849210812,223.46586894561938,1.4194094474388936,248.6124430147244,223.71268036035858,265.49462244061743,1.4192726842233194,1.4115005857329428,7.766140810336421,247.14464544084944,1.3614365036238516,40.865479750584136,161.29282056780508,40.79131723489041,1.259786911365384,157.20035472328834,1.4193880884265366,161.52576989607002,156.55072800359932,216.11389892661103,1.2596007085215803,1.2516571013648448,7.97855069055296,160.44379770683864,1.2009534073382482,103.50478007763677,0.007870497468861178,0.0006575207903879494
2187.4858633776475,189.99999999949387,25.507281669381463,599.9999589565068,1.6221683831584595,1219.5065903905697,1.6221949999439291,276.2319737719861,135.57885787756277,1.5719803985697856,923.287693725284,922.5406835184882,1.5713149999987661,273.1139317492432,922.5406835184879,1.5212978851554828,194.80693659945072,1.5211933769947588,273.1139317492432,1.5207949960691707,113.48643483745528,252.11889147295705,113.48643483687606,1.4201443211347589,223.37728844609552,1.419501964909015,252.11889147295705,223.37728844609552,261.8329973064335,1.419362351248246,1.4114450006399641,7.9173506082820255,250.2510609881032,1.3613753383869038,42.3332999370398,163.63987028977425,42.3332999344992,1.2598956324108375,150.0003807811346,1.419501964909015,163.63987028977425,150.0003807811346,213.28606885083155,1.2596715403470382,1.2516150634189114,8.056476928126944,161.72531145627266,1.200915474162287,89.1846251030965,0.009264966237600154,0.00070123896496805,2187.46440836432,192.1470277535952,25.31490722978897,599.6353438443734,1.6222047191395048,1219.1191464148696,1.622227045959065,276.8065733884161,132.2400925863287,1.5719987580316712,919.8981695326644,918.021200085415,1.5713405148082116,272.10366255334077,918.9033673356852,1.521457839407197,190.6175340419963,1.521392732174241,272.79157051798734,1.5209981048708372,112.74088626266112,249.41633543676198,112.66083726877599,1.4200718990039207,223.4672318014347,1.4194094671800719,248.6119455231139,223.71407232701506,265.49696455429205,1.419272709178744,1.4115005975504782,7.766140366803937,247.14419037047952,1.3614365282553471,40.86821757646082,161.29404462787662,40.79401462611355,1.2597869578016487,157.20049594972,1.4193880947887465,161.52701010202873,156.5507379142261,216.11254591647977,1.259600760827615,1.2516570999223688,7.97858101643851,160.44509270819853,1.2009534178668801,103.50948456904766,0.007870225502462216,0.0006578843542951542
2187.4858633819836,189.99999999954298,25.507280800691348,599.9999589390027,1.6221683831642886,1219.5065726898442,1.6221949999493033,276.2319737254689,135.57885677773618,1.5719803985696859,923.2876934903097,922.5406832355372,1.5713149999989726,273.1139317032164,922.5406832355363,1.521297885165558,194.80693612463648,1.5211933770048827,273.1139317032164,1.5207949960794171,113.48777998538772,252.11826677207281,113.48777998481185,1.420144321300631,223.37885448670636,1.4195019653922367,252.11826677207281,223.37885448670636,261.83534694268377,1.4193623518457543,1.4114450006481194,7.917351197634925,250.250401111734,1.3613753331469955,42.33926234745037,163.64254465812408,42.33926234496242,1.2598957227425145,150.00037701031954,1.4195019653922367,163.64254465812408,150.00037701031954,213.2821399178262,1.2596716236496681,1.251615061450198,8.056562199470152,161.7280758891005,1.2009154687444505,89.18859555230065,0.009264988211828896,0.0007021605877397501,2187.4640973088453,192.14741166619157,25.314993472783954,599.6354579183098,1.6222046960483976,1219.1193446600387,1.6222270227660276,276.806725096045,132.24076233702056,1.5719987624322964,919.8985513093605,918.0216542655146,1.5713405194050434,272.10379555608785,918.9039400701649,1.521457897942069,190.61823356598165,1.5213927785175592,272.7915692993758,1.5209981568771938,112.74209778164732,249.41581281931255,112.662021279833,1.4200719108244566,223.46857156934158,1.4194094879161636,248.6114220681365,223.7154361866525,265.49925993267755,1.4192727320201761,1.4115006087677753,7.766140100684445,247.14372097382017,1.3614365510443294,40.870866816539696,161.2951970405738,40.79663238271768,1.2597869984824328,157.2006198325548,1.4193881007844094,161.5281983384131,156.55071809297252,216.11115190604153,1.2596008059719432,1.2516570983183355,7.978607059006892,160.446316621192,1.2009534264256387,103.51401228923092,0.007869960419890343,0.0006582295298191984
2187.485863385935,189.99999999958663,25.507280015269394,599.9999589231782,1.6221683831695595,1219.5065566858207,1.6221949999541625,276.23197368341397,135.57885578333162,1.5719803985695933,923.287693277857,922.5406829797131,1.5713149999991562,273.11393166159974,922.5406829797128,1.5212978851757035,194.806935695336,1.5211933770150727,273.11393166159974,1.520794996089718,113.48912169718119,252.11764367572528,113.48912169660784,1.4201443214658134,223.38041652430383,1.419501965873934,252.11764367572528,223.38041652430383,261.83769056043,1.4193623524414414,1.4114450006557429,7.917351785698634,250.24974293048228,1.361375328034311,42.34515552853611,163.6451802686787,42.3451555260973,1.2598958099995765,150.00037325276537,1.419501965873934,163.6451802686787,150.00037325276537,213.2781722829347,1.2596717039906071,1.2516150595668358,8.05664442377141,161.7308032560834,1.2009154633104155,89.19249295618866,0.009265070567828996,0.0007030515579365,2187.4638917900493,192.14770465212035,25.31505721760633,599.6355667783407,1.6222046744244512,1219.1195419826322,1.6222270010849222,276.80690349297896,132.24136185999083,1.5719987654049408,919.8988988526687,918.0220700406794,1.5713405228919937,272.1039414412999,918.9044627112498,1.5214579508713457,190.6188866760533,1.5213928213492707,272.79159193073326,1.5209982025841886,112.7432964245863,249.41531281511814,112.66319300011779,1.4200719203261314,223.469891930021,1.4194095087046192,248.61086762462443,223.71677193927093,265.50151871113786,1.4192727522320074,1.4115006190379076,7.76613965715196,247.14323556542558,1.3614365703422333,40.873432718063135,161.29628789707616,40.799174825961195,1.259787032622898,157.20069663991237,1.419388106544435,161.52933208242825,156.55065862921182,216.10968313033757,1.2596008433151271,1.2516570965931342,7.978628190038254,160.44747292566922,1.200953431814487,103.51838552027408,0.007869701762170184,0.0006585564929401854
2187.4858633895246,189.99999999962677,25.50727930513404,599.9999589088695,1.622168383174325,1219.5065422158596,1.6221949999585559,276.2319736453925,135.57885488424625,1.5719803985695093,923.2876930857694,922.5406827484078,1.571314999999321,273.11393162397394,922.540682748408,1.5212978851858932,194.80693530718784,1.5211933770253023,273.11393162397394,1.5207949961000482,113.49045998151146,252.11702218109318,113.49045998093922,1.4201443216303569,223.3819745684698,1.4195019663541562,252.11702218109318,223.3819745684698,261.8400281727761,1.419362353035356,1.4114450006628454,7.917352372510789,250.24908644137997,1.3613753230423078,42.350980306585924,163.64777795509985,42.35098030419455,1.259895894317421,150.00036951065826,1.4195019663541562,163.64777795509985,150.00036951065826,213.2741706983901,1.259671781502395,1.2516150577636647,8.056723738730454,161.73349423177592,1.2009154578651664,89.19631774999348,0.009265208249970352,0.0007039132014795,2187.463852908115,192.1479067113816,25.315100168663122,599.635659522663,1.6222046561849774,1219.1197160508991,1.6222269828235323,276.8070952345655,132.24189559067463,1.571998766810696,919.8992203488339,918.0224507504688,1.5713405249063848,272.10409115643404,918.9049477822888,1.5214579962642112,190.61951547407492,1.5213928582211422,272.7916392824966,1.5209982409663447,112.74448511785248,249.41483039901098,112.66435769710418,1.4200719279614058,223.4712009140499,1.4194095286028892,248.61029936190099,223.71808828466192,265.5037504619611,1.4192727702267247,1.411500627865265,7.766139302325972,247.14274510069356,1.3614365845004945,40.87592330622537,161.29733132503492,40.801648746393,1.2597870611386888,157.20076849195652,1.4193881118070037,161.53041234319213,156.55058429951094,216.10815647184725,1.2596008740081548,1.251657094567898,7.978645723083195,160.4485730554233,1.2009534327881024,103.52263248615463,0.00786944870379055,0.0006588660372451767
2187.4858633926888,189.99999999966087,25.507278663068234,599.9999588959354,1.6221683831786367,1219.5065291329165,1.6221949999625314,276.2319736110054,135.57885407134387,1.571980398569437,923.287692912098,922.5406825392753,1.571314999999477,273.11393158993934,922.5406825392757,1.5212978851961405,194.80693495620213,1.5211933770355857,273.11393158993934,1.5207949961104217,113.4917948469359,252.11640228510166,113.49179484636461,1.420144321794358,223.38352862877423,1.4195019668329971,252.11640228510166,223.38352862877423,261.84235979319567,1.4193623536275937,1.411445000669492,7.917352958101365,250.24843164116822,1.3613753181649357,42.35673749513884,163.65033850746914,42.356737492795375,1.259895975822959,150.00036578594148,1.4195019668329971,163.65033850746914,150.00036578594148,213.27013961042664,1.2596718563092364,1.2516150560358719,8.05680027336464,161.73614945720152,1.200915452413311,89.20007040091433,0.009265397829535001,0.0007047467872971501,2187.4639417811077,192.14800774101224,25.31511891714029,599.6357287254111,1.622204642691546,1219.1198507197703,1.6222269693425964,276.8072876785022,132.2423413518967,1.5719987665828858,919.8995046347948,918.0227796970851,1.5713405252952801,272.1042325153746,918.9053685668046,1.5214580323891587,190.6200923327169,1.5213928869816968,272.7917054356954,1.5209982699238747,112.7456597645217,249.41434882043177,112.66551127386808,1.420071932995031,223.47250521357557,1.419409546197149,248.60971434861824,223.71938990732866,265.50596194205656,1.4192727851277944,1.4115006349304553,7.766138858793487,247.14224199511793,1.36143659201601,40.87834444559141,161.29833539739369,40.804056921964914,1.2597870833757734,157.20082300040383,1.419388116467388,161.53144214805857,156.5504975815266,216.10657434235333,1.259600898242858,1.2516570920060606,7.978659486809029,160.44962049030443,1.2009534283275853,103.52676358518012,0.00786920491022287,0.0006591590277293389
2187.4858633956983,189.99999999969413,25.50727808254807,599.9999588842378,1.6221683831825306,1219.5065173040366,1.6221949999661212,276.23197357993274,135.57885333635932,1.5719803985693614,923.287692755066,922.5406823501878,1.5713149999996048,273.1139315591882,922.540682350188,1.5212978852063572,194.80693463891907,1.5211933770458352,273.1139315591882,1.5207949961207534,113.49312630189439,252.1157839841256,113.49312630132437,1.4201443219578087,223.38507871490924,1.4195019673104508,252.1157839841256,223.38507871490924,261.8446854355824,1.4193623542181468,1.41144500067567,7.917353542476913,250.24777852604794,1.361375313396492,42.362427895407365,163.65286267539628,42.36242789310978,1.2598960546351714,150.00036208043082,1.4195019673104508,163.65286267539628,150.00036208043082,213.2660831780776,1.2596719285275484,1.251615054378942,8.05687414860634,161.73876954245242,1.2009154469592063,89.2037514052652,0.009265636044058601,0.0007055535292121998,2187.464197290962,192.1480254211976,25.315115849207665,599.6357694886738,1.622204634677737,1219.1199341857077,1.62222696129362,276.8074748548128,132.2427080145271,1.5719987651215672,919.8997517105513,918.0230535409686,1.5713405243339655,272.1043606436754,918.9057292392466,1.5214580603922216,190.6206305130974,1.5213929086201192,272.7917876049318,1.520998291434485,112.74681860876937,249.41386012286486,112.66665490095922,1.4200719359925833,223.47381118613814,1.4194095609637598,248.60911593488808,223.72068283020383,265.50817004369736,1.419272797244581,1.411500640448242,7.766138060435014,247.14172287780704,1.3614365941009594,40.88070076608099,161.29930919621398,40.80640213062877,1.2597871005114092,157.20085025462748,1.4193881205517698,161.53242401982249,156.55039599760207,216.1049295065075,1.259600917234169,1.251657089149958,7.978670166546501,160.45062368137707,1.2009534196103309,103.53080704132803,0.007868971388729858,0.0006594363322631915
2187.4858633983868,189.99999999972403,25.507277557673508,599.9999588736619,1.622168383186053,1219.5065066090115,1.6221949999693681,276.2319735518345,135.57885267182758,1.571980398569295,923.28769261309,922.5406821792296,1.5713149999997236,273.113931531386,922.5406821792284,1.521297885216581,194.806934352058,1.5211933770560888,273.113931531386,1.5207949961310816,113.494454354737,252.1151672745749,113.49445435416887,1.420144322120775,223.38662483646573,1.4195019677865832,252.1151672745749,223.38662483646573,261.84700511401707,1.4193623548070837,1.411445000681434,7.917354125649645,250.24712709222,1.3613753087316902,42.3680522966483,163.65535117104838,42.368052294395355,1.2598961308656889,150.0003583957362,1.4195019677865832,163.65535117104838,150.0003583957362,213.26200529094336,1.2596719982665299,1.2516150527886738,8.056945477856182,161.74135506902797,1.200915441506879,89.20736128582246,0.00926591979076975,0.0007063345878309003,2187.464577778463,192.1479799578638,25.315097441611897,599.6357814174579,1.622204632032402,1219.1199639251965,1.6222269585858873,276.8076479841208,132.24300740639268,1.5719987628823602,919.8999682739403,918.0232772914588,1.5713405223851187,272.10446718514294,918.9060381485141,1.5214580814443464,190.62112891012333,1.521392924076135,272.7918824825459,1.5209983067433985,112.74796223587035,249.4133596999065,112.66778974892736,1.4200719371802926,223.47511883173755,1.4194095728503577,248.60851249599014,223.7219700647537,265.510373640732,1.4192728072473753,1.4115006446884575,7.766136818544055,247.1411944905442,1.3614365916281124,40.88299658895256,161.3002618035574,40.80868684167508,1.2597871134612406,157.20087007588106,1.4193881243219681,161.5333624995146,156.55028698070745,216.10325331748572,1.2596009321970199,1.2516570862303869,7.978678618959046,160.45158958834148,1.200953407723166,103.5347732529059,0.007868747221947765,0.0006597002940219257
2187.485863400786,189.9999999997496,25.50727708311049,599.9999588641015,1.622168383189239,1219.506496939159,1.6221949999723058,276.2319735264257,135.5788520709939,1.5719803985692382,923.2876924847235,922.5406820246542,1.5713149999998335,273.11393150623803,922.540682024654,1.521297885226803,194.8069340926579,1.5211933770663377,273.11393150623803,1.5207949961413978,113.49577901374491,252.11455215264436,113.49577901317829,1.4201443222832673,223.38816700305418,1.4195019682614067,252.11455215264436,223.38816700305418,261.84931884277813,1.4193623553944164,1.411445000686793,7.917354707623558,250.2464773356594,1.3613753041655654,42.37361147651629,163.65780467179786,42.37361147430749,1.2598962046192486,150.00035473334182,1.4195019682614067,163.65780467179786,150.00035473334182,213.25790958565665,1.2596720656286107,1.2516150512611146,8.057014367496285,161.74390659201075,1.2009154360600907,89.21090058934259,0.009266246120153452,0.0007070910724222499,2187.4650471389564,192.14784609360322,25.315061989945974,599.6357643537666,1.6222046347888854,1219.1199379031439,1.6222269612413898,276.807795828824,132.2432350920583,1.5719987598041452,919.900146138717,918.0234467741063,1.5713405193613472,272.1045465689815,918.9062902852676,1.5214580948977752,190.62157757795597,1.5213929322863708,272.79197666381043,1.5209983155576212,112.74909123109951,249.41284127009686,112.66891640304735,1.4200719369540624,223.47643383869905,1.4194095813594862,248.60790780080026,223.7232579685183,265.5125820239107,1.41927281534242,1.4115006475685,7.766135310533606,247.14065430516064,1.3614365836762123,40.88523685278717,161.3011982650136,40.810914141716985,1.2597871228138968,157.20086512056767,1.4193881273852544,161.5342601099298,156.55017053084276,216.1015337163742,1.2596009438347928,1.2516570829011522,7.978684958268454,160.4525261651407,1.2009533920321083,103.5386800455837,0.007868533508787147,0.0006599522330561163
2187.4858634029747,189.99999999977356,25.507276654036815,599.9999588554564,1.6221683831921188,1219.5064881962076,1.6221949999749603,276.2319735034549,135.57885152775344,1.5719803985691847,923.2876923686617,922.5406818848961,1.571314999999931,273.1139314835061,922.5406818848967,1.5212978852370038,194.80693385813984,1.5211933770765629,273.1139314835061,1.5207949961516836,113.49710028713893,252.11393861434493,113.49710028657474,1.4201443224453225,223.38970522431202,1.419501968734961,252.11393861434493,223.38970522431202,261.85162663624374,1.4193623559801858,1.4114450006917914,7.917355288394434,250.24582925218084,1.3613752996935302,42.3791062013726,163.6602238226265,42.379106199205,1.2598962759942158,150.0003510945508,1.419501968734961,163.6602238226265,150.0003510945508,213.2537994613624,1.2596721307099619,1.2516150497926115,8.057080917350135,161.74642464189043,1.2009154306223835,89.21436988425297,0.009266612229656449,0.0007078240427830502,2187.4655970405997,192.14764908582353,25.315012903023927,599.6357224055255,1.6222046420135399,1219.119862224828,1.622226968278746,276.8079211983229,132.24341398793848,1.5719987565370146,919.9002912585137,918.0235678331403,1.5713405159049842,272.10459879519107,918.9064881541767,1.5214581042902615,190.621986462434,1.521392936490407,272.7920753713465,1.5209983213930762,112.75020325335737,249.41228850164075,112.67003135166999,1.4200719350876618,223.47775587241534,1.4194095864649634,248.60729682415067,223.72454888374924,265.5148058916731,1.4192728215297152,1.4115006496665805,7.766132738045193,247.1400938944273,1.3614365735181446,40.88741877963298,161.30211454411085,40.81308094414135,1.2597871292888128,157.2008452993141,1.419388129584537,161.5351168510681,156.55004912566466,216.0997972327833,1.259600952786926,1.2516570796469264,7.978689527140101,160.45343192041048,1.200953375163655,103.54252296294398,0.007868330248396591,0.0006601931979799104
2187.485863404998,189.9999999997961,25.50727626609207,599.999958847638,1.6221683831947211,1219.5064802913107,1.62219499997736,276.23197348269156,135.57885103658504,1.5719803985691319,923.2876922637229,922.540681758534,1.5713150000000153,273.1139314629664,922.540681758534,1.5212978852471637,194.80693364613933,1.5211933770867452,273.1139314629664,1.5207949961619212,113.49841818309156,252.1133266556206,113.4984181825281,1.420144322606946,223.39123950985038,1.419501969207254,252.1133266556206,223.39123950985038,261.8539285089238,1.4193623565644002,1.4114450006964447,7.9173558679555,250.24518283750376,1.361375295311292,42.38453722665871,163.66260923877155,42.38453722453275,1.2598963450829843,150.00034748054122,1.419501969207254,163.66260923877155,150.00034748054122,213.24967809435265,1.259672193600891,1.251615048379727,8.057145221163854,161.74890972675993,1.2009154251970091,89.21776975849569,0.009267015457548301,0.0007085345110818003,2187.4661302785566,192.14744450082154,25.31496245257627,599.6356614186286,1.622204652544863,1219.1197475270003,1.6222269786066164,276.8080153132408,132.24356479273004,1.5719987533587854,919.900422982637,918.0236688548168,1.5713405122738369,272.1046228192475,918.9066709950674,1.5214581109671483,190.62237213995516,1.5213929378999957,272.7921631113786,1.5209983253729056,112.75130239956803,249.41171395745755,112.67113869171935,1.4200719327688007,223.47908694053058,1.419409589004611,248.60669003514087,223.72584448348334,265.51703820557213,1.4192728266857948,1.4115006512635448,7.766129633317797,247.1395233710191,1.361436561735756,40.8895463820871,161.30301568643887,40.81519064422261,1.2597871345210678,157.20082547806055,1.419388131181635,161.53594130043203,156.54993763111335,216.09807521988898,1.2596009609077896,1.2516570764734793,7.978693068015626,160.45431033400084,1.2009533575932931,103.54631983065671,0.00786813624867418,0.0006604254052395453
2187.4858634068005,189.99999999981495,25.507275915333487,599.9999588405726,1.6221683831970761,1219.506473144137,1.622194999979531,276.23197346391487,135.57885059249637,1.5719803985690877,923.2876921688442,922.5406816442829,1.5713150000000937,273.113931444381,922.5406816442826,1.5212978852573045,194.80693345441546,1.521193377096906,273.113931444381,1.5207949961721317,113.4997327097291,252.11271627241837,113.49973270916772,1.420144322768158,223.39276986923696,1.419501969678309,252.11271627241837,223.39276986923696,261.8562244753399,1.4193623571470848,1.4114450007007835,7.917356446301427,250.2445380873435,1.361375291014836,42.38990529713455,163.66496150754114,42.38990529504995,1.2598964119723723,150.0003438923739,1.419501969678309,163.66496150754114,150.0003438923739,213.2455484515157,1.25967225438623,1.2516150470192469,8.057207366983121,161.75136233368795,1.2009154197870346,89.22110081751919,0.009267453276937905,0.00070922344367535,2187.4666524073896,192.1472399158195,25.31491268389142,599.6355885029477,1.6222046650990896,1219.1196067528508,1.6222269908670106,276.8080918694054,132.24369046338964,1.5719987505250494,919.9005346132499,918.0237314715586,1.571340508782517,272.10463047909155,918.9068171008021,1.5214581169838206,190.6227401359854,1.5213929382956697,272.79224545470237,1.520998329425983,112.75238808445664,249.41111261237953,112.67223783792058,1.4200719298278062,223.48042269314902,1.4194095893711582,248.60608115231116,223.72714510232797,265.5192826256003,1.4192728310684624,1.4115006527613871,7.766125818938425,247.13894020676727,1.361436549856393,40.89162058613347,161.3038991692028,40.8172435506221,1.259787138706872,157.2007907908668,1.4193881322289124,161.5367354762575,156.54981870359197,216.09636285412574,1.259600968389215,1.2516570734615895,7.97869586644951,160.45516935985492,1.20095334072484,103.55007213419442,0.007867948576593358,0.0006606509719397505
2187.4858634084476,189.99999999983277,25.507275598196948,599.9999588341827,1.6221683831992046,1219.5064666820554,1.622194999981493,276.2319734469403,135.57885019097608,1.5719803985690457,923.2876920830596,922.5406815409876,1.5713150000001614,273.11393142757936,922.5406815409876,1.5212978852674117,194.8069332810815,1.5211933771070316,273.11393142757936,1.5207949961823024,113.50104387514699,252.1121074606617,113.50104387458617,1.4201443229289434,223.3942963120258,1.4195019701481142,252.1121074606617,223.3942963120258,261.8585145500351,1.4193623577282275,1.4114450007048005,7.917357023426996,250.24389499741415,1.3613752868003695,42.39521114719777,163.66728119055017,42.395211145152174,1.2598964767440264,150.00034033102128,1.4195019701481142,163.66728119055017,150.00034033102128,213.24141330318827,1.2596723131457308,1.2516150457081645,8.057267437566296,161.75378293055013,1.2009154143953173,89.22436368240429,0.009267923289960648,0.0007098917628941501,2187.467124545164,192.14705301100287,25.31486768754621,599.6355100573667,1.6222046784813726,1219.119452438551,1.6222270039520952,276.8081452480156,132.24382130872348,1.5719987481191522,919.9006432670465,918.0237974278598,1.5713405055708523,272.10461898932544,918.9069657112065,1.5214581233741993,190.62309155561786,1.5213929387902623,272.79231508964847,1.5209983346022025,112.75346499022214,249.41048865404647,112.67332879027364,1.4200719267736965,223.48176179184114,1.4194095880882434,248.6054760383573,223.72844906724632,265.52153183177245,1.4192728352964474,1.4115006543142972,7.766121383613574,247.13835114345508,1.3614365384861455,40.89364170043342,161.3047614604898,40.819239663339815,1.2597871423040474,157.20075610367306,1.4193881326740052,161.5374993785445,156.54970720904066,216.09467942975567,1.2596009756788091,1.251657070553558,7.9786978653308545,160.45600551812262,1.2009533246715067,103.55377244619459,0.007867770255609391,0.0006608702343044205
2187.4858634099223,189.99999999984823,25.507275311459402,599.9999588284061,1.6221683832011298,1219.506460839395,1.622194999983268,276.231973431591,135.57884982794465,1.5719803985690088,923.2876920054955,922.5406814475923,1.5713150000002276,273.113931412389,922.5406814475922,1.521297885277485,194.806933124362,1.5211933771171215,273.113931412389,1.5207949961924332,113.5023516874044,252.1115002161452,113.5023516868477,1.420144323089331,223.39581884778534,1.4195019706167014,252.1115002161452,223.39581884778534,261.8607987476151,1.4193623583078616,1.4114450007085435,7.91735759931822,250.2432535632733,1.3613752826644552,42.40045550114347,163.6695688256795,42.40045549913677,1.2598965394747998,150.00033679728222,1.4195019706167014,163.6695688256795,150.00033679728222,213.2372752350785,1.2596723699544403,1.251615044443696,8.05732551074434,161.75617196749545,1.2009154090245016,89.22755898811627,0.00926842322213685,0.0007105403487921497,2187.467502255384,192.14688631211234,25.31483121323608,599.6354320067786,1.62220469153021,1219.1192959534853,1.622227016677065,276.8081835260979,132.2439580679707,1.5719987464800305,919.9007452230062,918.023855035262,1.5713405030189989,272.1045953134438,918.9071076424915,1.5214581320940144,190.62343413450483,1.5213929412384952,272.79237166804216,1.5209983429036866,112.75453253158969,249.40984040740247,112.67441154877858,1.4200719232105683,223.48310289817746,1.4194095856009596,248.60486757429157,223.72975805127518,265.52378948408125,1.4192728392150677,1.4115006563407897,7.7661160612237525,247.13774438296184,1.3614365296614759,40.89561034230958,161.30559852382808,40.821180525682315,1.2597871459012229,157.20071646116594,1.4193881323860038,161.53823553008795,156.54959819214605,216.09302977034434,1.2596009830323471,1.2516570681128885,7.978699121770557,160.45681682031812,1.2009533112446709,103.55741928118472,0.007867595512296698,0.0006610840783103645
2187.4858634112798,189.99999999986323,25.507275052207227,599.9999588231817,1.622168383202869,1219.5064555567828,1.6221949999848717,276.23197341771606,135.5788494997105,1.5719803985689706,923.2876919353694,922.5406813631503,1.571315000000283,273.1139313986647,922.5406813631505,1.5212978852875163,194.80693298269802,1.5211933771271675,273.1139313986647,1.520794996202516,113.50365615454265,252.1108945347661,113.50365615398582,1.4201443232493267,223.3973374860176,1.4195019710840806,252.1108945347661,223.3973374860176,261.86307708259744,1.419362358885998,1.41144500071203,7.91735817396777,250.24261378060768,1.361375278603843,42.405639073431935,163.67182492877492,42.4056390714634,1.2598966002370529,150.0003332918883,1.4195019710840806,163.67182492877492,150.0003332918883,213.23313665949945,1.2596724248829907,1.2516150432232296,8.057381659760999,161.75852987836566,1.20091540367706,89.23068738188552,0.00926895091690865,0.0007111700408588501,2187.4677799834863,192.14677517951867,25.314804283605234,599.6353592490948,1.6222047033564135,1219.1191471746376,1.6222270281704974,276.8082119712783,132.24411552591482,1.571998745652135,919.9008516441905,918.0239218264533,1.571340501271154,272.1045695485137,918.9072587575656,1.5214581444014104,190.62377450320548,1.5213929469757683,272.79241849754345,1.5209983547699257,112.75559304965876,249.40917457267122,112.67548845453483,1.4200719202695737,223.48444199686958,1.4194095829304023,248.6042528287661,223.73106803912617,265.52605192253407,1.419272843443053,1.4115006590170815,7.766110206594949,247.13713172340826,1.3614365239399868,40.89752774640721,161.30641237745357,40.823068606940126,1.2597871498254143,157.2006768186588,1.419388131914729,161.53895099471345,156.54948917525144,216.09141869945722,1.259600991025323,1.2516570660241833,7.978700149766677,160.45760724341304,1.2009533010556723,103.5610156101098,0.007867424987824027,0.0006612932539169035
2187.4858634125,189.99999999987602,25.507274817805502,599.9999588184596,1.6221683832044425,1219.5064507805341,1.622194999986322,276.23197340517004,135.57884920293867,1.5719803985689418,923.2876918719649,922.5406812867955,1.5713150000003333,273.1139313862444,922.5406812867955,1.5212978852975183,194.80693285456678,1.5211933771371835,273.1139313862444,1.5207949962125655,113.50495728457503,252.11029041242705,113.50495728401953,1.4201443234089204,223.39885223620772,1.4195019715502437,252.11029041242705,223.39885223620772,261.8653495695206,1.41936235946263,1.4114450007152617,7.917358747368208,250.2419756450755,1.3613752746154724,42.410762568920816,163.6740499952579,42.41076256698901,1.2598966590989542,150.00032981549694,1.4195019715502437,163.6740499952579,150.00032981549694,213.2289998258354,1.2596724779978987,1.2516150420443117,8.057435953586879,161.7608570819575,1.2009153983553094,89.23374952168973,0.009269504330352202,0.0007117816396891003,2187.467968838596,192.14668930433265,25.314787239535082,599.6352958132422,1.6222047134375852,1219.1190143780518,1.6222270379320805,276.80823479765763,132.24428629016407,1.5719987452576345,919.9009558327626,918.0239936269836,1.5713404999952274,272.1045406500111,918.9074182215388,1.521458159175268,190.62410603116064,1.521392954988167,272.7924561004143,1.5209983692486908,112.75664654442937,249.40850036266036,112.67655658116806,1.4200719170457914,223.48577774948802,1.4194095801812994,248.60363892076865,223.7323776923698,265.5283087302292,1.4192728477741596,1.411500662161449,7.766103997140158,247.13651063662562,1.3614365201094982,40.89939236941973,161.3071974712175,40.82490267246798,1.2597871536842025,157.2006198325548,1.4193881308412697,161.5396422405082,156.54937272538672,216.0898365699633,1.2596009985067484,1.2516570641489646,7.978700206877573,160.45837181619288,1.2009532922931336,103.56455103466236,0.007867257582385727,0.000661497825331105
2187.4858634136135,189.9999999998882,25.507274605872404,599.9999588141891,1.6221683832058647,1219.5064464621125,1.6221949999876333,276.23197339382807,135.57884893461403,1.5719803985689125,923.2876918146355,922.540681217765,1.5713150000003795,273.1139313750183,922.5406812177639,1.5212978853074834,194.80693273873806,1.5211933771471609,273.1139313750183,1.5207949962225733,113.50625508549673,252.1096878449842,113.5062550849454,1.4201443235681381,223.40036310783609,1.419501972015221,252.1096878449842,223.40036310783609,261.8676162228933,1.4193623600377883,1.4114450007182795,7.9173593195087655,250.24133915232045,1.3613752706965703,42.415826683103084,163.67624450181603,42.41582668120631,1.2598967161248404,150.0003263686209,1.419501972015221,163.67624450181603,150.0003263686209,213.2248668304564,1.259672529361917,1.2516150409046944,8.05748845722254,161.76315398331238,1.2009153930613903,89.23674607484438,0.009270081526070648,0.0007123759086101501,2187.4680299387787,192.14665394396192,25.314779740144214,599.635243753184,1.6222047212235395,1219.118902529354,1.6222270454367613,276.8082562193367,132.24448588474112,1.5719987456243534,919.9010667191714,918.0240821253119,1.57134049951457,272.10451418873157,918.9075927135304,1.521458178358861,190.6244486100476,1.52139296732825,272.7924804726455,1.5209983883909366,112.75769594227586,249.40781191467408,112.67761826977775,1.4200719138220088,223.4871071445664,1.4194095775892879,248.60301538119955,223.73368466875445,265.5305610333181,1.4192728523115097,1.411500666120819,7.766097166739888,247.13587775172226,1.3614365202064727,40.90120637197636,161.3079482549712,40.82668550021771,1.2597871575429906,157.20057275707757,1.4193881292441717,161.54030876291318,156.5492661861488,216.0882954407764,1.2596010058602864,1.2516570627122585,7.978699350214139,160.45911053865768,1.2009532871307076,103.56802109842486,0.007867091829771725,0.0006616977882395587
2187.485863414624,189.9999999998992,25.50727441425407,599.9999588103284,1.6221683832071505,1219.506442557633,1.6221949999888188,276.23197338357363,135.5788486920093,1.5719803985688845,923.2876917628037,922.5406811553457,1.57131500000042,273.113931364877,922.5406811553457,1.5212978853174037,194.80693263402972,1.5211933771570927,273.113931364877,1.5207949962325327,113.50754956527973,252.10908682831203,113.50754956472879,1.4201443237269529,223.40187011035232,1.4195019724789892,252.10908682831203,223.40187011035232,261.8698770572057,1.41936236061145,1.4114450007210713,7.9173598903791165,250.24070429798763,1.3613752668444494,42.42083210233664,163.6784089076006,42.42083210047586,1.2598967713753588,150.0003229517664,1.4195019724789892,163.6784089076006,150.0003229517664,213.22073962602013,1.2596725790341754,1.2516150398022137,8.05753923196162,161.76542097467706,1.2009153877972643,89.2396777166986,0.009270680670268048,0.0007129535752636999,2187.4679855022823,192.14662363507273,25.3147780357372,599.6352044118956,1.6222047266086859,1219.1188151289039,1.6222270505580874,276.8082765874906,132.24470322105833,1.5719987464522487,919.9011761171721,918.0241756329794,1.571340499698094,272.1044898165004,918.9077722148616,1.52145820083107,190.62476577179137,1.5213929829079142,272.792495966421,1.5209984104387018,112.7587383168239,249.4071167664641,112.67867117926444,1.4200719104285535,223.48842884367534,1.4194095753376414,248.60238095376695,223.73498729524331,265.5328071425736,1.4192728565910555,1.4115006706969477,7.766089715394138,247.13523475414402,1.36143652301873,40.9029697540771,161.3086632150377,40.828418324834566,1.2597871604207311,157.20051329331687,1.419388127175799,161.54095005736946,156.54914230331403,216.0867736058516,1.2596010122546673,1.251657061598667,7.97869740844369,160.4598194338359,1.2009532842777881,103.57141985950732,0.007866927180135064,0.0006618926230041028
2187.4858634155735,189.99999999990905,25.50727424100343,599.9999588068367,1.622168383208312,1219.5064390274167,1.6221949999898895,276.2319733743064,135.57884847265908,1.571980398568858,923.2876917159379,922.5406810989158,1.5713150000004537,273.11393135570495,922.540681098916,1.5212978853272845,194.80693253935726,1.521193377166984,273.11393135570495,1.5207949962424487,113.50884073188072,252.10848735833287,113.50884073133099,1.4201443238853915,223.4033732531721,1.4195019729415779,252.10848735833287,223.4033732531721,261.87213208686774,1.4193623611836474,1.4114450007236763,7.917360459971157,250.24007107777686,1.3613752630567224,42.42577950403249,163.680543655897,42.4257795022056,1.2598968249078997,150.00031956528343,1.4195019729415779,163.680543655897,150.00031956528343,213.21662003000006,1.2596726270706036,1.2516150387349292,8.057588335674492,161.76765843684973,1.2009153825648298,89.24254512941258,0.009271300026996504,0.0007135153331407499,2187.467885520165,192.1466488924804,25.31478587600947,599.6351766833973,1.6222047299097972,1219.1187505757616,1.6222270536066923,276.808305032671,132.24494643074667,1.5719987475524049,919.9012981666422,918.0242908477842,1.5713405001787513,272.10447554133646,918.9079725884404,1.521458225321293,190.62511056086475,1.5213930009358112,272.79251111202177,1.5209984345862542,112.75977952082218,249.4064316685897,112.67972057710192,1.4200719071482133,223.48974016995578,1.4194095738452712,248.60174903891826,223.73628222576266,265.53503551494214,1.4192728611799663,1.4115006756475368,7.766082264048388,247.13459344201158,1.3614365277704752,40.904683441705885,161.3093473970068,40.83010361560907,1.2597871632984714,157.20045878486957,1.4193881250812443,161.5415701603488,156.549028331106,216.0852927712338,1.2596010181374975,1.251657060583164,7.978694781342494,160.46050247869903,1.2009532829418972,103.57475028885472,0.00786676290043176,0.0006620827375147117
2187.485863416372,189.99999999991707,25.507274084359473,599.9999588036816,1.622168383209365,1219.5064358355887,1.6221949999908603,276.2319733659202,135.57884827433557,1.5719803985688383,923.2876916735665,922.5406810478928,1.5713150000004883,273.11393134740445,922.5406810478928,1.5212978853371446,194.8069324537341,1.521193377176853,273.11393134740445,1.5207949962523406,113.51012859324373,252.10788943106192,113.51012859269447,1.420144324043449,223.4048725456632,1.4195019734029852,252.10788943106192,223.4048725456632,261.8743813262481,1.419362361754378,1.4114450007260977,7.917361028280445,250.239439487471,1.3613752593310733,42.43066955688077,163.68264917507537,42.43066955508634,1.2598968767766596,150.00031620951984,1.4195019734029852,163.68264917507537,150.00031620951984,213.21250973302753,1.2596726735239967,1.251615037700969,8.057635823027653,161.7698667398846,1.2009153773657888,89.24534900082517,0.0092719379535859,0.0007140618430696499,2187.4676911104934,192.14666909840653,25.314795420688753,599.6351600146988,1.6222047311546608,1219.118708137294,1.6222270546540487,276.80833734077714,132.2451918581525,1.571998748891484,919.9014142624796,918.0244077323686,1.5713405011662835,272.1044664887935,918.9081704573497,1.5214582527388827,190.62543214298125,1.5213930218570744,272.79251912004054,1.5209984611998355,112.76081370152198,249.40573568285174,112.68076061054151,1.4200719033022973,223.49104380026677,1.41940957274563,248.60109451081453,223.73757180256413,265.5372574119394,1.4192728653048299,1.4115006811157627,7.766074191757159,247.1339327472523,1.3614365348738495,40.90634928683063,161.30999474617076,40.83174260718647,1.2597871647373415,157.20038693282538,1.4193881223321412,161.54216553993842,156.54889453764443,216.08381676018155,1.2596010221020135,1.2516570598907755,7.97869044091443,160.4611527135469,1.200953283666448,103.57800941552206,0.007866597799579548,0.0006622674400541342
2187.4858634171405,189.99999999992565,25.50727394273083,599.999958800827,1.6221683832103149,1219.5064329497127,1.622194999991736,276.2319733583437,135.57884809502255,1.5719803985688168,923.2876916352552,922.5406810017612,1.5713150000005154,273.1139313399067,922.5406810017607,1.5212978853469579,194.80693237634023,1.5211933771866748,273.1139313399067,1.520794996262183,113.51141315729339,252.10729304239965,113.51141315674685,1.4201443242011245,223.40636799721923,1.419501973863213,252.10729304239965,223.40636799721923,261.87662478969946,1.4193623623236458,1.4114450007283494,7.917361595296324,250.23880952275658,1.3613752556654024,42.43550292102806,163.68472587994154,42.43550291926631,1.2598969270329778,150.0003128847168,1.419501973863213,163.68472587994154,150.0003128847168,213.2084103064542,1.2596727184443415,1.2516150366986172,8.057681745724299,161.7720462441534,1.2009153722017336,89.24809002340066,0.009272592896245446,0.0007145937346563499,2187.4674883689786,192.14669688155493,25.31480701065646,599.6351511668589,1.622204731015725,1219.1186820881067,1.6222270543516624,276.8083763212096,132.24544615642844,1.5719987503139083,919.901530358317,918.0245312960722,1.5713405022674256,272.1044654442693,918.908375840268,1.5214582813647894,190.62575372509775,1.5213930447072483,272.7925299134572,1.5209984889853914,112.76184320002281,249.40504807239344,112.68179537650731,1.4200718995129389,223.4923367231419,1.4194095725099927,248.60043830765485,223.73885167575187,265.53946241666347,1.4192728693265717,1.4115006868262865,7.766066119465931,247.13327458066172,1.36143654316516,40.90796945008054,161.31061484915014,40.83333838617991,1.25978716552218,157.20031508078122,1.4193881197139477,161.5427402326101,156.54876569949627,216.08235039626032,1.259601024659766,1.2516570593310947,7.9786851867120365,160.46177709807972,1.200953285409899,103.58120169592686,0.007866433160282398,0.0006624467260629899
2187.485863417835,189.99999999993295,25.50727381467791,599.9999587982467,1.6221683832111737,1219.5064303404624,1.6221949999925274,276.2319733514933,135.57884793289634,1.5719803985687977,923.2876916006189,922.5406809600522,1.5713150000005425,273.1139313331293,922.5406809600522,1.5212978853567394,194.8069323063728,1.521193377196464,273.1139313331293,1.5207949962719907,113.51269443194238,252.10669818838704,113.51269443139657,1.420144324358423,223.40785961716284,1.41950197432227,252.10669818838704,223.40785961716284,261.8788624914986,1.4193623628914587,1.4114450007304442,7.917362161014574,250.23818117945086,1.3613752520577345,42.44028024824898,163.6867741727196,42.44028024651925,1.259896975725496,150.00030959107016,1.41950197432227,163.6867741727196,150.00030959107016,213.20432320954149,1.2596727618789763,1.2516150357262696,8.0577261527065,161.77419730113024,1.200915367074161,89.25076889325742,0.009273263385836252,0.00071511160767585,2187.467243968248,192.14671961322182,25.314817237098552,599.6351479279175,1.6222047299876012,1219.11866862936,1.622227053191598,276.8084177598675,132.2456967585085,1.5719987515418605,919.9016434773381,918.024653189996,1.571340503368568,272.1044654442693,918.9085778836268,1.5214583098287568,190.62605873081648,1.5213930677058,272.7925384437381,1.520998516575618,112.76286801632466,249.4043562742953,112.68282311917469,1.420071894705544,223.49362261926228,1.4194095717507165,248.59976912281175,223.7401241875775,265.5416570044857,1.4192728724717802,1.4115006925313036,7.766057603642217,247.13260208778172,1.361436551674663,40.909544548778264,161.3111976147654,40.83488971794413,1.2597871636908906,157.20022836279685,1.4193881163626603,161.54328414718435,156.54861208478113,216.0808792087736,1.2596010244679345,1.2516570588060336,7.978677876517404,160.4623676783544,1.2009532871986344,103.58431970270661,0.007866268066350495,0.0006626200751272571
2187.4858634184184,189.99999999993858,25.507273698899326,599.9999587959153,1.6221683832119518,1219.5064279813216,1.6221949999932455,276.231973345294,135.57884778631166,1.5719803985687835,923.2876915693008,922.5406809223364,1.5713150000005682,273.11393132699186,922.5406809223362,1.521297885366494,194.80693224307433,1.5211933772062256,273.11393132699186,1.520794996281769,113.51397242508504,252.10610486504027,113.51397242454149,1.4201443245153387,223.40934741481223,1.4195019747801536,252.10610486504027,223.40934741481223,261.881094445897,1.419362363457816,1.411445000732387,7.917362725428866,250.23755445333973,1.3613752485062138,42.4450021821486,163.68879444408248,42.44500218045102,1.259897022900346,150.00030632873455,1.4195019747801536,163.68879444408248,150.00030632873455,213.2002497962787,1.2596728038727731,1.2516150347824153,8.057769090357825,161.77632025417796,1.2009153619844284,89.25338630926277,0.0092739480338157,0.0007156160334159,2187.466980126551,192.1467297161849,25.31482575913363,599.6351481649132,1.6222047283537178,1219.1186635280608,1.6222270514542507,276.80846832907713,132.24593848971847,1.5719987527364747,919.9017484101142,918.0247700745805,1.5713405045396238,272.10447310411337,918.9087699083066,1.5214583385543186,190.6263515805102,1.5213930913473221,272.7925495853295,1.5209985441658447,112.76388873570241,249.40367452653277,112.68384617964313,1.4200718894456883,223.4948984771616,1.4194095717768984,248.59909616909283,223.74138733039678,265.54383441849694,1.419272875307624,1.4115006982693614,7.766049087818503,247.13193128034754,1.3614365607902557,40.91107797819826,161.31175464787296,40.83640308436672,1.259787161074763,157.2001416448125,1.4193881130637365,161.5438109067535,156.54846342537937,216.07942249198348,1.2596010228693393,1.2516570583906006,7.978669652548441,160.46293290543548,1.2009532895081407,103.58737680511382,0.007866103525568482,0.0006627876890083432
2187.485863419037,189.9999999999447,25.50727359421904,599.9999587938044,1.6221683832126526,1219.5064258483158,1.6221949999938912,276.2319733397004,135.57884765377662,1.5719803985687655,923.2876915409827,922.5406808882422,1.5713150000005867,273.11393132146134,922.5406808882419,1.521297885376193,194.80693218590795,1.5211933772159314,273.11393132146134,1.5207949962914902,113.51524714459741,252.10551306829632,113.51524714405559,1.420144324671886,223.41083139950172,1.4195019752368805,252.10551306829632,223.41083139950172,261.8833206671152,1.419362364022736,1.4114450007342079,7.917363288528101,250.2369293401557,1.361375245009207,42.44966935830625,163.69078707425814,42.44966935663814,1.2598970686013957,150.0003030977508,1.4195019752368805,163.69078707425814,150.0003030977508,213.19619132167003,1.2596728444683813,1.2516150338656837,8.057810602697725,161.7784154394032,1.2009153569338138,89.25594297218387,0.009274645528342949,0.0007161075559723003,2187.466727393977,192.1467221389626,25.314829849710467,599.6351486389046,1.6222047268254256,1219.1186602176433,1.622227049840607,276.8085210053372,132.24617135005835,1.5719987535810391,919.9018503660741,918.0248836196054,1.571340505413546,272.1044832011805,918.9089585934267,1.5214583664701833,190.62663669455162,1.5213931143458739,272.7925675163281,1.5209985707794262,112.76490126123193,249.40299612888208,112.68486104626342,1.4200718835636992,223.49616831212828,1.4194095714365333,248.5984140025663,223.74264177342445,265.54600310483374,1.4192728774731773,1.4115007037871483,7.766040483288292,247.13125204568428,1.3614365693724895,40.912572516292386,161.3122869575908,40.83787817678639,1.259787156561943,157.20005492682816,1.4193881095291754,161.5443139520508,156.54831476597764,216.07797059875887,1.2596010194163736,1.2516570579232382,7.978660286361567,160.4634722822015,1.2009532912289493,103.59037003220348,0.007865937155983218,0.0006629498730778591
2187.4858634194798,189.99999999994947,25.507273499572364,599.9999587918996,1.6221683832132903,1219.5064239197695,1.6221949999944791,276.2319733346283,135.57884753394777,1.5719803985687533,923.287691515381,922.5406808574098,1.5713150000006098,273.1139313164379,922.5406808574094,1.5212978853858927,194.80693213414582,1.5211933772256367,273.1139313164379,1.5207949963012095,113.51651859835171,252.10492279443014,113.51651859781306,1.4201443248280512,223.4123115804153,1.4195019756924396,252.10492279443014,223.4123115804153,261.88554116924945,1.419362364586207,1.4114450007358887,7.917363850318271,250.23630583593493,1.3613752415650309,42.45428240443704,163.69275243351615,42.45428240279896,1.2598971128703091,150.00029989822156,1.4195019756924396,163.69275243351615,150.00029989822156,213.1921489477087,1.2596728837062847,1.251615032974756,8.05785073152887,161.7804831860902,1.2009153519235136,89.25843958392153,0.00927535463054885,0.0007165866934972501,2187.466480215966,192.1466943558142,25.314829508829064,599.635147453926,1.6222047257306125,1219.1186553062862,1.6222270486832917,276.80857403277224,132.24638572941888,1.5719987541366736,919.9019396705644,918.0249879808415,1.5713405060777272,272.10449016467516,918.9091322505284,1.5214583925922576,190.62690191691576,1.5213931363057813,272.7925844028025,1.5209985956106302,112.76590910456248,249.40231270606358,112.68587123068477,1.4200718769464613,223.49743178955492,1.4194095706772571,248.59772429828809,223.7438898589121,265.54815743273826,1.4192728787106363,1.4115007090295963,7.76603161263859,247.1305677546836,1.361436576936492,40.914027545738016,161.31279403935994,40.83931592118705,1.259787149694608,157.19995334290363,1.4193881056542492,161.54479277851738,156.54814876297903,216.07650423483767,1.2596010135335434,1.2516570573577877,7.978649321069616,160.46398630577391,1.2009532922704913,103.59330829681059,0.007865773355005554,0.0006631058315683322
2187.4858634199927,189.99999999995515,25.507273413998487,599.999958790174,1.6221683832138631,1219.506422176083,1.6221949999950072,276.23197333005623,135.57884742560313,1.5719803985687375,923.2876914922324,922.5406808295372,1.571315000000625,273.1139313119146,922.5406808295375,1.5212978853955308,194.80693208740428,1.5211933772352804,273.1139313119146,1.5207949963108658,113.51778679420065,252.10433403933254,113.51778679366298,1.4201443249838581,223.41378796688227,1.4195019761468584,252.10433403933254,223.41378796688227,261.8877559664398,1.4193623651482583,1.4114450007374737,7.917364410784611,250.23568393637294,1.361375238172332,42.4588419405486,163.69469088347074,42.45884193893989,1.2598971557468381,150.00029673006404,1.4195019761468584,163.69469088347074,150.00029673006404,213.1881237490314,1.2596729216250888,1.2516150321084605,8.057889516628446,161.7825238175822,1.2009153469546026,89.26087684678063,0.0092760741709606,0.0007170539393989,2187.4662608107647,192.1466564697027,25.314826100015033,599.6351417660289,1.6222047254305114,1219.1186431771332,1.6222270483039343,276.8086277625575,132.24658088856089,1.5719987545033922,919.9020215330138,918.0250781489494,1.5713405065321668,272.1044992172182,918.9092875400521,1.5214584179046347,190.62716271890713,1.5213931576474482,272.7926037265001,1.520998619855847,112.7669087540448,249.401631795829,112.68687322125798,1.4200718699333204,223.49869024787102,1.4194095692896147,248.59702998760605,223.74513091764499,265.55030246989264,1.4192728793293659,1.4115007141619091,7.766022653282391,247.12987587917672,1.3614365841610843,40.9154461531483,161.31328245244703,40.84071909552055,1.2597871413884028,157.19983937069563,1.4193881015175036,161.5452488998301,156.5479728493536,216.07501857665434,1.2596010057323987,1.2516570569538945,7.97863675667259,160.4644784560028,1.2009532934478868,103.59619308440767,0.007865605526669296,0.0006632569717872595
2187.4858634203965,189.99999999995924,25.50727333662708,599.9999587886155,1.622168383214383,1219.5064205995375,1.6221949999954863,276.2319733259153,135.57884732764438,1.571980398568725,923.2876914713056,922.540680804337,1.5713150000006388,273.1139313078172,922.5406808043367,1.5212978854051529,194.80693204512028,1.5211933772449076,273.1139313078172,1.520794996320504,113.51905173998298,252.10374679927995,113.5190517394453,1.4201443251392747,223.41526056805623,1.419501976600107,252.10374679927995,223.41526056805623,261.88996507271156,1.4193623657088605,1.4114450007389294,7.917364969931229,250.23506363750374,1.3613752348296209,42.46334857907527,163.69660277724273,42.463348577495395,1.2598971972687711,150.00029359331216,1.419501976600107,163.69660277724273,150.00029359331216,213.18411671815053,1.2596729582614712,1.2516150312656107,8.057926995860388,161.78453765152824,1.200915342028071,89.26325546281245,0.009276803046080402,0.0007175097634965,2187.4661191694327,192.14652765692367,25.314809055944878,599.635128494269,1.6222047266198008,1219.118617127946,1.6222270494639985,276.8086765758918,132.24672725791737,1.5719987540644411,919.9020877671775,918.0251390959114,1.571340506169489,272.10450165444126,918.9094010850802,1.521458439928396,190.62737931717118,1.5213931760462895,272.79262479107126,1.5209986413420413,112.76788967473121,249.40094209155077,112.68785648303543,1.420071860657876,223.49994368707658,1.41940956557178,248.5963247890605,223.74636260737157,265.55242526555395,1.419272878762197,1.411500718754558,7.766013516513198,247.12916040742846,1.3614365881855215,40.91682339994219,161.31374462846745,40.842083995851105,1.2597871298120382,157.19967336769702,1.4193880963072987,161.54567676584028,156.54777463681796,216.0734798592502,1.2596009935191315,1.2516570560307099,7.978622421837801,160.46494475591666,1.200953292428987,103.5990021129072,0.007865426525938383,0.0006634029115856721
2187.485863420747,189.99999999996285,25.507273266671987,599.9999587872073,1.6221683832148537,1219.5064191741121,1.6221949999959204,276.2319733221692,135.5788472390749,1.5719803985687149,923.2876914523813,922.5406807815498,1.5713150000006537,273.11393130410505,922.5406807815499,1.5212978854147499,194.80693200686716,1.5211933772545092,273.11393130410505,1.5207949963301162,113.52031344352126,252.1031610703405,113.52031344298618,1.420144325294339,223.4167293931674,1.4195019770522261,252.1031610703405,223.4167293931674,261.8921685020889,1.419362366268055,1.4114450007403034,7.917365527751463,250.234444935197,1.361375231535735,42.467802925043486,163.69848846089698,42.46780292349169,1.2598972374723623,150.00029048781414,1.4195019770522261,163.69848846089698,150.00029048781414,213.18012877039152,1.2596729936506015,1.2516150304452305,8.057963205371,161.78652500094546,1.2009153371448746,89.26557613319802,0.009277540215111903,0.0007179546131282997,2187.465974750819,192.1463862154408,25.314789966586307,599.635108981622,1.6222047289094605,1219.1185796822394,1.6222270517209005,276.8087225798256,132.24685366781617,1.5719987535865954,919.9021413498717,918.0251866846351,1.5713405057019405,272.1045009580918,918.9094996020898,1.5214584613915976,190.62760033580795,1.5213931938763496,272.79264968556447,1.520998662364329,112.76886357211916,249.40024568704885,112.68883447733907,1.4200718509865282,223.50119411481583,1.419409561225579,248.59561330905524,223.74758927798757,265.5545452458364,1.4192728777309813,1.4115007232370715,7.766004202331011,247.12843903661982,1.3614365920644973,40.91816947194312,161.31419267683657,40.843416795405005,1.2597871167968033,157.1994949764149,1.4193880907567287,161.54608646772738,156.5475714689689,216.07194114184603,1.2596009801548758,1.251657055309472,7.978606716341519,160.46539365657998,1.2009532917497203,103.6017680627042,0.007865248170510536,0.0006635441986697112
2187.485863421143,189.9999999999667,25.507273203422827,599.9999587859311,1.6221683832152758,1219.5064178853204,1.6221949999963097,276.23197331879214,135.5788471589957,1.5719803985687046,923.2876914352721,922.5406807609422,1.571315000000664,273.1139313007718,922.5406807609427,1.5212978854242971,194.80693197234268,1.5211933772640602,273.1139313007718,1.520794996339677,113.52157191262972,252.1025768486897,113.52157191209531,1.420144325449019,223.4181944513848,1.4195019775031859,252.1025768486897,223.4181944513848,261.8943662685134,1.4193623668258133,1.41144500074157,7.917366084243094,250.23382782541785,1.3613752282894227,42.47220557617413,163.70034827327748,42.4722055746502,1.25989727639213,150.00028741349735,1.4195019775031859,163.70034827327748,150.00028741349735,213.1761607486284,1.2596730278259436,1.251615029646291,8.05799817965247,161.7884861740314,1.2009153323058255,89.26783955767489,0.009278284696830704,0.0007183889142162002,2187.465863659578,192.14624477395793,25.31476815017651,599.6350849660564,1.6222047320660786,1219.1185338519506,1.622227054802493,276.80876753023415,132.246967510649,1.571998753030961,919.9021867463209,918.0252225849002,1.5713405051338911,272.10449643182034,918.9095839259709,1.5214584813848875,190.62780256786058,1.5213932105193875,272.79267405779564,1.520998682116978,112.76983044620862,249.39955095760286,112.68980661889404,1.4200718410889503,223.502440861874,1.4194095563033755,248.59490266657792,223.74881193331515,265.556659876899,1.4192728761325968,1.4115007275103275,7.765994799442327,247.12771850853412,1.3614365953616265,40.91948189986056,161.31462609299547,40.84471780284356,1.2597871024735048,157.1993141074761,1.4193880852061587,161.5464775009324,156.54736334580645,216.07039760087633,1.2596009655756875,1.2516570545651542,7.978590268403593,160.46582416374991,1.2009532904817561,103.60449984663366,0.007865071009954924,0.0006636811401412964
2187.4858634214497,189.9999999999697,25.50727314623606,599.99995878478,1.6221683832156604,1219.5064167200658,1.622194999996664,276.2319733157324,135.5788470865927,1.5719803985686958,923.2876914198021,922.540680742319,1.5713150000006757,273.11393129773825,922.5406807423196,1.5212978854338282,194.80693194108,1.5211933772735948,273.11393129773825,1.5207949963492202,113.52282715510778,252.1019941305506,113.52282715457639,1.4201443256033408,223.41965575184588,1.4195019779530156,252.1019941305506,223.41965575184588,261.8965583859024,1.4193623673821643,1.4114450007427588,7.917366639405565,250.23321230415422,1.361375225089616,42.476557123019354,163.70218254715644,42.47655712152116,1.2598973140612129,150.00028437019768,1.4195019779530156,163.70218254715644,150.00028437019768,213.17221342759825,1.2596730608196067,1.2516150288678958,8.058031951710841,161.7904214750899,1.200915327511697,89.27004643401918,0.009279035566591948,0.0007188130722849002,2187.4657275728077,192.14607554932664,25.31474292495268,599.6350560525794,1.622204736123,1219.118478470293,1.6222270588214833,276.80880335009095,132.24706582945916,1.571998752308636,919.9022269333416,918.0252442920374,1.5713405043823179,272.1044835493553,918.9096548916134,1.521458500194774,190.62798490823593,1.5213932261732406,272.79269912637625,1.520998700917398,112.77079146754936,249.39884492152936,112.69077290770032,1.420071830569239,223.50368727432482,1.4194095503862583,248.59418490511294,223.75003358482064,265.5587728187343,1.4192728739154825,1.4115007315467922,7.7659849530211575,247.12698786777352,1.3614365978344736,40.9207662395982,161.31504235414923,40.84598948745729,1.2597870865151264,157.19913076088065,1.4193880791843139,161.54684885633748,156.54715522264402,216.06885647168943,1.259600949461848,1.2516570537458278,7.978572906691339,160.4662372716693,1.2009532888741585,103.6071900373331,0.007864894860990797,0.0006638140434478571
2187.4858634217217,189.99999999997215,25.507273094530984,599.9999587837381,1.622168383216008,1219.5064156665057,1.6221949999969847,276.2319733129648,135.57884702113012,1.5719803985686875,923.2876914058158,922.5406807254767,1.5713150000006877,273.1139312950008,922.5406807254766,1.5212978854433317,194.80693191282313,1.5211933772831023,273.1139312950008,1.5207949963587355,113.52407917873015,252.1014129120813,113.52407917819991,1.4201443257573088,223.42111330369426,1.4195019784017213,252.1014129120813,223.42111330369426,261.8987448681509,1.4193623679371168,1.4114450007438815,7.917367193235103,250.2325983673659,1.3613752219353272,42.48085814909629,163.70399160967582,42.480858147626535,1.259897350511445,150.00028135771606,1.4195019784017213,163.70399160967582,150.00028135771606,213.16828751796976,1.2596730926624193,1.251615028109244,8.058064553175036,161.79233120491617,1.2009153227632448,89.27219745756454,0.009279791953474198,0.0007192274734403002,2187.4655914860373,192.14590632469535,25.314715995321833,599.6350239001611,1.6222047408023532,1219.1184163863966,1.6222270634205056,276.808834955847,132.24715527739926,1.571998751614093,919.9022529804846,918.0252551456059,1.5713405035957877,272.1044664887935,918.909715838577,1.5214585180953084,190.62815840786578,1.521393240862638,272.79272245408316,1.5209987188876695,112.77174663614137,249.39813637287196,112.69173509958254,1.420071819710182,223.50493234834616,1.4194095438407748,248.59346965623183,223.75125255946716,265.5608809744256,1.4192728711311997,1.4115007353739997,7.765975017893491,247.12625638429003,1.3614365998466922,40.92202125651079,161.31544751500556,40.84723154058487,1.2597870703605385,157.19894741428516,1.4193880730053774,161.54720356129639,156.54695205479496,216.0673298131991,1.2596009329643456,1.2516570529726607,7.97855508809192,160.466634968824,1.2009532869495698,103.60985051858252,0.00786472054793294,0.0006639433542342208
2187.4858634219927,189.99999999997505,25.50727304778207,599.9999587827972,1.622168383216322,1219.506414713936,1.6221949999972747,276.2319733104655,135.57884696194162,1.571980398568678,923.2876913931709,922.5406807102504,1.571315000000694,273.11393129252053,922.5406807102504,1.521297885452801,194.80693188726212,1.5211933772925748,273.11393129252053,1.520794996368215,113.52532799127029,252.10083318952866,113.5253279907416,1.420144325910905,223.4225671160329,1.4195019788492886,252.10083318952866,223.4225671160329,261.9009257290842,1.4193623684906553,1.4114450007449246,7.917367745730486,250.2319860110772,1.3613752188255757,42.4851092310015,163.70577578266045,42.48510922955647,1.2598973857733147,150.00027837587643,1.4195019788492886,163.70577578266045,150.00027837587643,213.16438367041394,1.2596731233838856,1.2516150273695046,8.058096014380789,161.79421566090275,1.2009153180610657,89.274293320758,0.009280553037553747,0.0007196324853051999,2187.465430403738,192.14573457432328,25.314689406572395,599.6349892197884,1.6222047459151856,1219.118349092663,1.6222270684841034,276.8088595381017,132.24723289751253,1.5719987509306625,919.9022745624031,918.0252593200554,1.571340502791779,272.1044449019602,918.9097642621919,1.521458535572309,190.6283131209115,1.521393255205821,272.7927454336154,1.5209987368823572,112.7726953667098,249.39742028646288,112.69269260926582,1.4200718082289916,223.50617574933062,1.4194095366669248,248.59275315105876,223.7524691918621,265.56298828550314,1.4192728681406734,1.4115007391846868,7.765964727939837,247.12552068719197,1.3614366018104236,40.92324756792094,161.31583602541573,40.84844550553288,1.259787053290306,157.19877397831644,1.4193880665122578,161.54754111125015,156.54674888694592,216.06581521362259,1.2596009156355736,1.2516570522225732,7.978536641272649,160.4670147696067,1.2009532850476234,103.61247534849191,0.007864545139586064,0.0006640694151345717
2187.485863422251,189.99999999997794,25.507273005514453,599.9999587819443,1.622168383216605,1219.5064138526734,1.622194999997535,276.2319733082063,135.57884690842616,1.5719803985686687,923.2876913817365,922.5406806964863,1.571315000000701,273.1139312902885,922.5406806964861,1.5212978854622459,194.80693186418603,1.5211933773020223,273.1139312902885,1.5207949963776692,113.52657360047526,252.100254959153,113.52657359994674,1.4201443260641433,223.42401719793287,1.4195019792957329,252.100254959153,223.42401719793287,261.9031009824824,1.4193623690427963,1.4114450007459034,7.917368296893157,250.2313752313496,1.361375215759498,42.48931093850609,163.70753538323297,42.48931093708677,1.2598974198762538,150.00027542444036,1.4195019792957329,163.70753538323297,150.00027542444036,213.16050247901057,1.2596731530124734,1.2516150266479906,8.058126364482776,161.79607513760504,1.2009153134058015,89.27633471275367,0.00928131804729975,0.00072002845791525,2187.465249880471,192.14556282395125,25.314664522229968,599.63495374943,1.6222047510835922,1219.1182798995092,1.6222270735586972,276.80888095978077,132.24731791001759,1.5719987504917114,919.9022968885257,918.0252643293948,1.5713405022586864,272.1044198333796,918.9098176951463,1.5214585540583168,190.62846783395727,1.5213932702414332,272.7927621460024,1.520998755463032,112.77363824452948,249.39669540601017,112.69364309565069,1.4200717969740317,223.50741647345617,1.4194095289170725,248.59202910813403,223.7536841512202,265.5650927812019,1.4192728646861004,1.411500743094496,7.765954083160195,247.12477656286487,1.3614366049136042,40.92444640847394,161.31621394008744,40.84963014765605,1.2597870355006384,157.1985757657808,1.4193880597835007,161.5478655426706,156.54653580847008,216.0643006140461,1.259600897923139,1.2516570516802024,7.978517166457258,160.46738462796054,1.200953284481568,103.61507195442378,0.007864370559497248,0.0006641925346153485
2187.48586342247,189.9999999999797,25.507272967298277,599.9999587811741,1.6221683832168607,1219.5064130739672,1.6221949999977707,276.2319733061658,135.57884686004067,1.5719803985686638,923.2876913713985,922.5406806840356,1.5713150000007072,273.11393128827365,922.5406806840357,1.5212978854716552,194.80693184332387,1.5211933773114346,273.11393128827365,1.5207949963870875,113.52781601409251,252.09967821720784,113.52781601356637,1.4201443262170177,223.4254635584707,1.4195019797410504,252.09967821720784,223.4254635584707,261.90527064210363,1.4193623695935376,1.411445000746817,7.917368846720452,250.23076602421332,1.3613752127362608,42.4934638346798,163.7092707241001,42.49346383328479,1.2598974528485498,150.0002725031709,1.4195019797410504,163.7092707241001,150.0002725031709,213.1566444848952,1.2596731815755255,1.2516150259439929,8.058155631532781,161.79790992684036,1.200915308797938,89.27832231903702,0.009282086257093852,0.0007204157245753502,2187.4650665799236,192.145403702283,25.31464066053175,599.6349182000731,1.622204756268671,1219.1182097295111,1.6222270786937683,276.8088974650089,132.24739700860923,1.5719987500638728,919.9023147494238,918.025262659615,1.5713405016469408,272.1043923275759,918.9098636140915,1.5214585720211355,190.62861812663027,1.5213932853265049,272.7927819919621,1.5209987742878681,112.77457585487532,249.39597094432148,112.69458948511148,1.420071785266611,223.5086558591522,1.4194095208792186,248.5913079965572,223.75489710293405,265.5671953061354,1.4192728611799663,1.411500746976771,7.765943438380552,247.12403412398356,1.361436607628887,40.925620556121615,161.31657722254891,40.85079009687411,1.259787017776374,157.19839737449868,1.4193880530023797,161.54817635099874,156.5463375959344,216.06281254408,1.2596008798909852,1.2516570511262914,7.978498205639927,160.4677385784282,1.2009532836211636,103.61763587996063,0.007864196899203476,0.0006643128834669074
2187.485863422663,189.9999999999813,25.50727293274524,599.9999587804787,1.6221683832170937,1219.5064123699044,1.6221949999979854,276.2319733043183,135.57884681629446,1.5719803985686578,923.2876913620511,922.540680672769,1.571315000000714,273.11393128644136,922.5406806727688,1.5212978854810442,194.80693182441692,1.5211933773208262,273.11393128644136,1.5207949963964846,113.52905523984003,252.09910295998736,113.52905523931642,1.420144326369531,223.4269062066742,1.4195019801852462,252.09910295998736,223.4269062066742,261.9074347216658,1.4193623701428844,1.4114450007476709,7.9173693952134805,250.23015838575577,1.3613752097551064,42.49756847600201,163.71098211415165,42.497568474630675,1.2598974847175692,150.0002696117981,1.4195019801852462,163.71098211415165,150.0002696117981,213.152810179357,1.2596732090994816,1.251615025256895,8.058183842586608,161.7997203182499,1.2009153042379601,89.28025682109438,0.00928285698486465,0.0007207946026787503,2187.4648249564743,192.1452445806148,25.31461748059634,599.6348832827048,1.6222047612092232,1219.1181403192809,1.6222270835731851,276.8089080002609,132.24748128187508,1.5719987498916261,919.9023326103218,918.0252609898351,1.5713405013585464,272.1043578582776,918.9099095330366,1.5214585914289522,190.62875405309188,1.5213933015491392,272.79279365581556,1.5209987943579268,112.77550585664781,249.39523056960144,112.69552826599899,1.420071773276402,223.50989189877458,1.4194095123177262,248.59057432206086,223.75610771239636,265.56929867568255,1.4192728571582243,1.4115007510793172,7.765932083948933,247.12327567336703,1.3614366119442476,40.92676383763765,161.3169243591232,40.8519201059447,1.259786999267271,157.1982189832166,1.4193880456190744,161.5484705088807,156.54614433871214,216.06133653302774,1.2596008613472809,1.2516570508724156,7.978478216826477,160.46807761525255,1.2009532843004302,103.62017455246496,0.007864024067054031,0.000664430011764332
