,air,second_air2,COG,burner_input_T_PV,burner_inputP,burner_output_T_PV,burner_output_P_PV,fur_F,fur_inputT,fur_inputP,fur_temp,fur_outputT,fur_outputP_PV,WHB_F,WHB_inputT,WHB_inputP,WHB_outputT,WHB_outputP,SEP1_F,SEP1_P_PV,SEP1_T,HEATER1_F,HEATER1_input_T,HEATER1_input_P,HEATER1_output_T_PV,HEATER1_output_P,cat1_F,cat1_input_temp,cat1_output_temp,cat1_input_P,cat1_output_P_PV,SEP2_F,SEP2_P_PV,SEP2_T,HEATER2_F,HEATER2_input_T,HEATER2_input_P,HEATER2_output_T_PV,cat2_F,cat2_input_temp,cat2_output_temp,cat2_input_P,cat2_output_P_PV,SEP3_F,SEP3_P_PV,SEP3_T,B35_H2S,B35_SO2
18,118.47405337217283,281.3042583366886,38.074667827428875,599.0893834765435,1.6222812414415904,1218.469158641723,1.6223378533790276,271.87389093297014,160.8133183410999,1.5719759194659921,951.7712116610159,953.1984397813476,1.5713192489533836,268.3637299551293,952.8484024363197,1.5213191055783744,216.15272668393442,1.5212381155978987,267.954559732727,1.5208928226133693,118.5507905279721,250.3655672090329,118.56367531630544,1.4218681022704782,335.5893267874525,1.4212176125080291,251.1053150089272,335.00763975229734,365.03741671586994,1.4209794048969264,1.4114660026124004,249.93345391854848,1.3613647418994768,61.34706925886045,182.22147104484978,61.4201591897584,1.2622225343786122,198.8040650781189,182.35350480528282,197.2558258385241,252.05477189493908,1.2617726389921806,1.2516358916652746,180.26661305143398,1.2009384802371597,135.01450763561462,0.012702980167795242,0.005217761932986605
19,115.56921522036802,297.6826086116771,40.155559683646686,599.1339552514256,1.6222970965168224,1218.6675399289097,1.622363279330614,266.22961392366733,167.6710566211703,1.5718904566577199,957.4152111559912,961.4540342897106,1.5712450677413634,262.7270685082499,961.1181583856658,1.5209494162834694,207.86531650112337,1.5208653303254986,262.90336069563534,1.5204656633702927,119.10364211281876,247.73186679913363,119.13817876394893,1.421417756839204,339.3350767403223,1.4207711993062344,247.74699594612832,339.03730517904614,366.8911316755401,1.4205825340888674,1.4113439263396348,246.3137247770745,1.3609744495689553,61.53160945332049,179.35122305825462,61.70117816528392,1.2617691382896334,197.63561834688193,179.6985117495621,197.84609157541254,250.64045998338787,1.2614328601300226,1.2514945457353555,177.6370027781483,1.2005159603374944,136.69180338008363,0.012641812371063207,0.005660686960247793
20,124.78934086462742,300.5685344083386,40.53181301700431,599.3546889060485,1.6221395692130804,1219.0836980632255,1.6222058634900876,287.73621384287895,154.16142916367613,1.5723022172744812,943.0087561312977,945.2191157794229,1.5715685759884521,284.58144229658814,945.1925082270327,1.5224373504299855,253.18533533848958,1.5223268598565405,284.651569357016,1.521913987122264,119.3972238746778,267.372957119082,119.36067771410347,1.4232117519851641,324.2459136888285,1.422454931530339,266.49285849234695,323.80132854248797,356.7408849835306,1.422260216001558,1.4117938213467105,265.0157180744678,1.3626344006896456,61.47550240718559,192.71366627072896,61.64916846447899,1.2638193624599683,197.59033339713255,193.0841598938188,198.2880909179241,250.02982515689675,1.263531668467509,1.252003126441251,190.92887919958284,1.202094172216263,137.0935557455494,0.012324163010858112,0.005854392407141404
21,126.98246073120258,304.5540855781012,41.1754077324433,599.4775009819322,1.6221872600732912,1219.274209371712,1.6222555649927761,292.3619426408182,157.64836372466863,1.57211111422248,947.0196334554674,949.719769585572,1.5713528460002537,288.76312443386564,949.6832030997593,1.5217500296720272,269.6596962005658,1.5216188033413602,288.5165797034196,1.5212223186717535,119.91509159786547,274.97320292259377,119.87629188827154,1.4234690226747957,318.6721012149074,1.4226946148615705,274.51809843322985,318.18720681785624,351.60254475609514,1.4224868178679817,1.4115356967739354,272.6555884092464,1.3617238283548614,61.642738306515845,196.4199440542871,61.799926565962146,1.2639694980747174,199.57235169662638,196.56099119624156,199.2958040836828,251.43816779683823,1.2636306879128876,1.251685639555049,194.62270198030203,1.201179180341441,137.35503624827194,0.012442540410620578,0.006137644526462531
22,123.79561199137216,309.03700513191507,41.67247637636869,599.4821952576153,1.6222422250687396,1219.2887385472513,1.6223119144751585,284.15690422302464,168.1356483467823,1.5719468743721534,956.8183680581907,961.0212599732903,1.5712201428878876,280.68040309026105,960.6386046030979,1.521045564383843,260.9835278886271,1.520899299065169,280.9494204644759,1.5204859566265478,119.99730316412543,270.6807406918672,120.01519468487393,1.4229309002883612,321.58659793452244,1.4221889159909338,270.4857980215596,321.33303827477454,352.5444406263917,1.4219659201826798,1.411341791179381,268.2573542709045,1.360939430347268,61.67555857416684,192.54726995801278,61.83909379631638,1.2632714133117664,201.63535214118085,192.5397168481419,200.63033606250863,252.96077563744868,1.2629038778853228,1.251460282652679,190.60783971116248,1.2004432484822034,137.0892897117405,0.012382885379480232,0.0062673732860782285
23,123.53466129585328,312.23350155575304,42.37944985411315,599.5958225996981,1.622193245536673,1219.4733261550791,1.6222647872926697,285.8323805922605,157.6057642907516,1.572055397135124,947.6141239196968,950.8515939002582,1.5713357101169354,282.5296962287237,951.0027613975094,1.5212490286527038,253.41648958273896,1.5211323239945467,282.53084603154275,1.520741444816915,120.57889587664218,269.4038233979099,120.45568764772143,1.4229479972518195,323.42548244870375,1.422186651688227,269.05766322865367,323.15895993840473,354.82944646267663,1.4219971395736515,1.4114563769676622,266.5643430393728,1.361357457921991,61.899316266884725,191.77461589454964,62.04579394809647,1.2633737118547586,201.91689991099176,192.45503568670958,201.52357174930953,253.269464086374,1.263097853173111,1.2516182778569,190.53099645535184,1.20082909225751,138.28441415674874,0.012090842000530953,0.0067171636262877326
24,118.31395765329323,317.3537111085062,42.76363973116281,599.6404592127539,1.6222435910061896,1219.545551601538,1.6223140816578712,273.12398036580754,174.13837932341744,1.5718359583878871,963.3266282447765,968.0966868435667,1.571156763221552,269.5261049064118,967.4847399734035,1.5206036619881778,236.31588191327435,1.5204812097792497,269.9155358241311,1.5200810820674258,120.4861840828211,259.4864849010054,120.51518049373504,1.4220162022101461,330.99575671571307,1.4212813161233837,259.6297457386089,330.79463770022295,358.8730067758829,1.421123227137003,1.4112225560069411,257.34439627675783,1.3605251309963333,62.10478642210688,185.54045527534316,62.242447438899944,1.2623511300675037,203.305398354202,185.6319709178628,202.45476907205486,254.3617732142976,1.2620327126993718,1.251345299394117,184.00183257151224,1.2000575227706567,138.94220080692472,0.012154896713019933,0.0068705958143727005
25,124.88434460916145,323.70189429236984,43.36712868851913,599.7614615229458,1.6220816671259892,1219.7557079549697,1.62215604909242,288.61905589353506,166.6724277032763,1.5722575813518898,955.9278859952285,959.7156778480539,1.5715193122751634,285.0022851317133,959.1044267851653,1.5222877357234987,270.5891629616583,1.5221831885279131,285.48788246106915,1.52175303733837,120.5417047540155,274.9823819754647,120.52041652448186,1.4236296590780733,319.5295225224221,1.4228638107782994,274.5108027318444,318.8502625721307,350.23350447395006,1.4226539687957047,1.411750199288777,272.51289082280573,1.362409189961637,62.28249426888715,196.05134600581334,62.446837092170306,1.2641279172953295,201.73743816216665,196.31867198408142,200.91577146973555,252.00349853755043,1.263835048905948,1.2519461797003117,194.8129406134442,1.201900018412529,139.02896514689655,0.012115149505811813,0.007143809554452168
26,112.60395115047973,322.9743105277593,43.37741707038779,599.6362577557283,1.622324636519335,1219.4723768106717,1.6223997674167836,260.98201117342285,177.57644882259402,1.5715791470674574,969.5604792082072,974.9396100554089,1.570955549617343,257.38740740365887,973.5822132295363,1.519611553958938,205.97118191857618,1.5195428442021772,257.7739225550954,1.519153240502782,120.33988769783502,246.0870900682314,120.37590989842552,1.420797356738615,341.91908974914503,1.4200881576964797,246.57132998845282,342.14944866553685,367.3438297534427,1.4199980774390542,1.4109124367233763,244.16977838588386,1.3595064058161583,62.218840115793576,177.78381411422467,62.36625573697741,1.2611233003792255,202.79600351042905,176.83963440406794,203.1084391466731,253.8061579179732,1.2607917687273833,1.2510021969423817,175.56247133278714,1.1990567055362114,138.7088140892103,0.012091823775007775,0.007250012652478532
27,123.53659034238888,330.53099496745347,44.25350518799063,599.8024243638254,1.6220223829775668,1219.7824881717336,1.6220993224097646,286.6804268964698,165.48368599441127,1.5723612169738448,955.2683060021974,959.1456939866077,1.5716351372104909,283.2010733236491,958.4460904699422,1.5227729384421442,264.8454092283193,1.5226767645838017,283.6319629530388,1.5222642423720916,120.20318293942276,270.83716026360827,120.24417705928668,1.4235146360727413,322.4183884388238,1.4227834314341745,270.5464093589071,322.0587313531825,352.8541928107971,1.4225957586794407,1.411903361062237,268.6241694795964,1.3629835287099323,62.40673033384036,194.3828827833903,62.513230365784324,1.2641558505939976,202.00621359061003,195.05226199008274,201.84903313412946,252.52059167235734,1.263903323515228,1.2521351376246401,193.3172922576358,1.2024627610260874,139.1550507138068,0.011799579411692575,0.0074755251076061265
28,120.65158392397302,332.87214747864823,45.00852533624945,599.7069486767648,1.6222100651809583,1219.581165492622,1.6222853522349603,280.6574330378316,167.21206714058764,1.5719001610308871,958.4203174397062,962.5213114165102,1.5711980504612588,277.35740883799144,962.6596853893193,1.5208249381342573,251.94275818743483,1.5207215547081077,277.55291401907203,1.5203252246773467,120.59164139036484,264.29659638580125,120.50731266574994,1.4224354854257224,327.0454366193762,1.4217040301184436,264.5552937453177,327.2740482974175,356.85624263769205,1.4215251912487217,1.4112733608029546,262.4439913380111,1.360837571076462,62.47532561489151,190.00515845487772,62.63119252548728,1.262971066585762,204.89705830088226,190.59530662798346,204.20986430679758,254.47735009525937,1.2626648739970205,1.2514163506379956,188.6152171902557,1.200341549265184,140.6918468791,0.0116825931704971,0.007904966751258395
29,126.42854521365372,337.0512353902467,45.31023049627078,599.7559006889144,1.6220894597707214,1219.678247955545,1.6221680088800272,293.43121414191023,166.00355444718474,1.5722343183042493,956.1282606327646,959.790302812459,1.5714719052481716,289.9300269894871,959.6957591410438,1.5221468391169,282.0144214106589,1.522025223873413,290.03171293203457,1.5216177821055439,120.91150835860397,279.735902945353,120.89185795559412,1.4239100066041195,316.54090075039517,1.4231247799793412,279.5970967825616,316.09867288868173,347.60306741626476,1.4229068330963195,1.411685563473127,277.6545405156178,1.3622422972537551,62.73021128602168,199.70717018297762,62.82194113017416,1.2645286485010276,203.7185494492745,200.00897911647672,202.38364199513384,252.6744585283647,1.2642451243598296,1.2518795532576317,198.3013300017553,1.201721694382175,140.97077250416655,0.011886198324543733,0.007990562224615335
30,122.23182279197862,339.20464593130134,45.92295642548739,599.6980694468476,1.6222222266215978,1219.5409678160781,1.6223035113966684,283.9584794511077,169.70921581716007,1.571886148184415,961.9767341227662,966.5772228847729,1.5711629182499254,280.1902917959828,966.4656493568957,1.5207846300514258,263.8683859528855,1.520679896199075,280.33246736965145,1.5202631491622065,121.02904841931628,271.5104808603036,120.97627318693489,1.422891936213807,321.8896871502206,1.4221376057432071,272.0126176064458,321.8312309212634,351.38681482003744,1.4219496776922051,1.4112535938527344,269.84994247060695,1.360689804737357,62.910911547957774,193.95514696065615,63.00254267133627,1.263336817239302,205.18041391480156,194.2508487422977,204.5825706843169,253.54865965516302,1.2630110826109644,1.2513793638522623,192.37136864544703,1.2002120267567,141.1101086859272,0.011844752680250873,0.008200182385097414
31,122.17213095480263,343.63262845959605,46.271641555425944,599.7423981291386,1.622157390085586,1219.6308179573336,1.6222397105762483,283.7030207938428,174.71042043081533,1.5720394932705146,965.242464072329,970.0292302136721,1.5713159731986173,280.24602245219364,969.6101230719572,1.5213424510296405,268.0152593457744,1.521237406775372,280.7009443926399,1.520823724923489,121.15104009361092,272.40122964852793,121.06066855391174,1.4231332259164977,321.71514556965974,1.422371586063491,272.6136760179899,321.55072987133224,350.7276285404137,1.4221722561186727,1.4114555921276002,270.6043188255843,1.3613527708369828,63.019391881701395,194.75850798573398,63.1312694248499,1.2636341356438772,204.7942120582714,194.91820102570355,203.9774466320897,253.05725084925925,1.2633204955799995,1.2516097272172053,193.02257807017253,1.200906908686453,140.97974832688374,0.011798953087739334,0.008468147282653042
32,129.77599392277247,343.7804436973808,46.250636655203195,599.7887985993851,1.622054330050808,1219.6830029905327,1.6221378203358499,301.33461220687826,161.81892287745805,1.5723378327914959,951.7516205822637,954.8101674608555,1.5715286955757957,297.9940469880116,955.124659164117,1.5223808135123016,296.12890249198495,1.5222220264169057,298.26761822244237,1.5218352422535606,121.68298212385568,288.4537840427861,121.65539452072566,1.4246119372056936,311.22584345482306,1.423781267268272,288.10344409655704,310.68538042337946,343.1348396350668,1.4235687569701392,1.4117582966111528,285.9866266739646,1.3625323930359277,63.21036278412499,205.51070902743874,63.207458574481215,1.2653158757129828,204.05364803384145,205.8409869432827,203.64381131963438,252.60140469372362,1.2650427976237544,1.2519753326856655,203.9911200263853,1.2019840619237343,141.64061644750305,0.012091276072531925,0.008457950586623386
33,124.07902236568331,338.8100403235257,46.04310113451935,599.7544400705183,1.6222230979699555,1219.5580040146713,1.6223029478054485,288.6862160834815,167.12116659797329,1.5719014853631168,958.4319669995022,962.3304619793743,1.5711529055560203,285.17714177050203,962.6511254587846,1.5206252945771375,271.98454301499095,1.52051372623938,284.7606983291999,1.5201190449599165,121.99207522942572,276.9559996883971,121.94920262992136,1.4231839096072672,318.92193668135843,1.4224089449915398,277.2323054700544,319.0128981250471,349.0754843447611,1.4222439222203282,1.4112219778499795,274.7435452687734,1.3605531812595784,63.39427226695569,197.15647330413836,63.512442134132705,1.2636932361240565,205.64585496925196,197.37978400614182,204.86521243158825,253.2849651324758,1.2633734985613825,1.2513343019365697,195.3671704827087,1.2000949390364108,141.70540615173175,0.012101119021943529,0.008532436929226336
34,129.12587082306885,346.0174198101543,46.340744822915525,599.8587826002904,1.6220587449725028,1219.7673326298848,1.6221445037110724,299.0653328829201,169.3074730156793,1.5722827228191036,959.1977894630982,963.182865379376,1.571478460602742,295.29569436970155,962.8884914500458,1.5222358210130165,299.45307811835244,1.5220671917952766,295.9598521214227,1.5216584961778923,122.09107046757995,290.2838331904507,122.11016156892217,1.4246406601043036,309.9997618164615,1.4238379943176596,290.04845248696836,309.829495622462,341.05387543165455,1.4236106097247019,1.4117124332506734,287.86444561809793,1.3622678511129895,63.77995999317825,206.33426519126027,63.73674550068149,1.2652332966776485,203.91284015528612,206.2478512377522,203.7928549324613,251.47315171376152,1.26495959935258,1.2519023907470874,204.52601509385445,1.2017862752301762,141.25178625972535,0.012405469739510743,0.008592259669546373
35,125.78580284699174,341.8994090080507,46.21936812930312,599.8519387551122,1.6221764016970381,1219.6809599072922,1.6222599235407458,292.00925180001633,169.18604443234764,1.5719872015598362,960.0173359158495,964.0802569621196,1.5712156527449057,288.30036903548296,963.9978725668208,1.5209801921873551,282.61596815486564,1.5208617314213069,288.31925280776,1.520442907949296,122.35854331906015,282.38784136201366,122.31141898883469,1.423665613639991,315.38688304336347,1.4228587666019257,282.3635672386754,315.5002769771096,345.7219133309358,1.4226791451575613,1.4113221795082713,280.0178969425232,1.3609147258888648,63.932168485697225,201.0229425790309,64.026110545038,1.264211100466217,205.3018098740973,201.0530214245676,204.9706638239143,252.15750401234698,1.2638875996115204,1.251450116826495,199.11041484560232,1.200467036882331,142.10819856821166,0.012363630043808792,0.00883193534230167
36,123.93243295537789,344.8315958592007,46.45557131955054,599.9316189853482,1.622142480545442,1219.8071764477197,1.6222270066204147,287.9556394493983,172.09791304648795,1.5720306756841487,962.9555338290847,967.2646154900609,1.5712795038335414,284.2752619449599,967.0586319261866,1.5211683760714172,275.4080784845572,1.5210503741824772,284.45895487979027,1.5206150160837006,122.45318164570936,279.1956503567025,122.40568509683149,1.4235000773716233,317.9555689558989,1.4227076052404046,279.0472512359035,317.90322521344206,347.1786766369848,1.422515581698376,1.4114061032928524,277.1177523291242,1.3611406200150582,64.21163462554608,199.1980515098695,64.29208088050787,1.2640268443545315,205.26184261280864,199.25188537991096,204.844287794908,252.0009046334576,1.263734970364048,1.2515460783004182,197.25388070681842,1.2007147244751593,142.4423052858569,0.012313765986933319,0.00909202078122937
37,131.70012537443628,343.4612240766955,46.12614068148284,600.0000610572282,1.6220046056460735,1219.8935755429052,1.6220941851493862,304.9213745229589,163.35158277327457,1.5723768282440798,953.0709162668417,956.2638487775484,1.5715382655564347,300.975761213985,956.2089252682097,1.5225576582903895,305.3396835869623,1.5223615459453574,301.3690592472947,1.5219442647887214,122.75577587896878,295.595801952308,122.74490375789537,1.4250997672213186,307.05055510905703,1.424304431900056,295.09487700072265,306.7020187114032,338.7768676111854,1.4240763335434166,1.4117969813732547,292.9552984297117,1.3626120302272684,64.47039605351446,210.37986935462777,64.3939625728213,1.265827588500055,203.41068595894217,210.54181216156843,204.01798869509486,250.82270210554364,1.2655580234439974,1.2520088718434355,208.80884668475056,1.2020714649923976,142.12823031567433,0.012803946539102365,0.008842336237123362
38,120.3251001019233,339.7490199494446,45.99284315362034,599.9359730931957,1.6222687602891361,1219.6883487550538,1.6223513129046612,279.30117473338754,175.13466542780498,1.5717152657515627,966.3044248784018,970.9550866615102,1.5709997586552047,275.52127662834124,970.4098394357338,1.5197606519411468,255.39848962976777,1.5196719388500215,275.2590890641173,1.5192740565042555,122.9395958447684,269.93178350268124,122.87097255853924,1.4224099185561196,324.90362078010463,1.421655944271727,270.36502748420276,324.9491508625398,352.6189389239647,1.4215411666259727,1.410973623458163,267.4644704171157,1.3596226381936047,64.57088716663604,193.42763386049174,64.71233943680923,1.2628731037576817,204.69088063356648,192.95299645865734,205.39644665025696,251.08585428221812,1.2624991179920884,1.2510407707910995,191.02219725222884,1.1992106755839884,142.27173691953664,0.012700770844008136,0.00913815979936658
39,118.28437108752429,344.10970974720743,46.51257900320415,600.1007725178195,1.6221164921119018,1219.9992299118312,1.6222020427679902,275.6651535287704,175.04448885806465,1.5720037299819756,965.3102123453074,969.6919794521569,1.5713123239303552,272.09020099632875,969.3263993208145,1.520961992903316,244.6242604716393,1.5208447831272782,272.30589234347855,1.5204315710545564,122.87258865852473,265.00923049026983,122.72754445965258,1.4224761422283603,329.2695944673661,1.4217450221430448,265.1104469188894,329.251609809524,356.2363942028785,1.4215895923096158,1.411397400462485,262.9551352633721,1.3610365889499598,64.82820676559007,190.95324550732127,64.94134864510649,1.2630460257877127,204.8374488906142,191.3509120269435,205.55498994306544,251.61012440483563,1.2627799907896196,1.2515529363683902,189.2653583256187,1.2006457789655955,142.91005089528633,0.0122942385688469,0.009582475728899325
40,120.818316964098,347.3075604426428,46.594508890297305,600.1643815166409,1.6220557445858477,1220.1002758459533,1.622142012812029,280.85972954111685,175.40565810680374,1.572103325600275,966.2987697216487,970.9535758774997,1.5713893943842763,277.0002860325946,970.5380477808689,1.5216527906678146,260.10401650645963,1.521546863188496,277.7019118584293,1.521126264079892,122.33849050065952,270.62717737773096,122.33374591793041,1.4230801412674485,324.36279450533857,1.4223383712882123,270.86628488971326,323.95842305266734,351.8945623538498,1.4221551079513435,1.411567386429567,269.0564025473008,1.3617092575713035,64.962343625947,195.74085458840497,65.01927566513032,1.26374560380371,204.51978441294895,195.9544982527898,205.09412567002448,251.10568543274744,1.2634647058900381,1.2517360185959059,193.94549976108766,1.2012897470095916,142.8396996551083,0.012383016236433076,0.009642521329185333
41,134.72429580422198,331.9015394060986,44.324086545727454,600.2357021223174,1.6218929749464304,1220.1714914964525,1.6219795021275656,309.9372521745629,161.06431631862117,1.5725237403079273,950.0520203397036,952.6571925849231,1.5716622678674812,305.32671328501345,952.2848077852419,1.5234707583276357,312.5026064755812,1.5232455469373885,305.91270626810683,1.5228298650654872,122.29300917358331,298.83196165147814,122.39071013820825,1.4255819357305812,304.2868784091305,1.4248974570329107,298.7128035156578,303.9147754934858,337.1639988535078,1.4246843690173612,1.412023186955716,296.31675199370864,1.3634963042248522,64.8090792091818,214.24975818550527,64.67332054450377,1.266464184199255,200.9772984308912,214.2378425035538,202.48134283528236,247.6247120576477,1.2661851640896853,1.2522542500410743,213.15228881281078,1.202878183571124,140.26414943752835,0.013789134340020215,0.008653933829364241
42,117.91170640231715,334.9604666549549,45.13816331653432,600.0810025375771,1.6223071228322155,1219.8008240304441,1.6223878337407203,274.0949700368825,172.63786009459125,1.5715527736574841,965.1836466551606,969.8641205826211,1.5708622982519218,270.10300005765026,969.0211927914307,1.519003448043479,238.11902556672413,1.5190056206444709,269.73342267472793,1.518587619617143,122.8493433792023,262.51752863197737,122.87766453937019,1.4217075351966066,330.6140447010722,1.4209555872703898,262.65201912725405,330.8157235321095,357.81467134885736,1.4208882973417825,1.4107588527002688,259.59091724605196,1.3589195043741777,64.91548926067483,189.77436929844424,65.05008947580545,1.2621883850237796,204.220889065527,188.78419453954112,205.92843181955533,250.15231045176506,1.2617870257065373,1.250798408410727,187.28452798934163,1.1984663767619206,142.3660538545221,0.013228941324988995,0.00921645581116079
43,129.62611415044154,346.33435173698575,46.02135937354281,600.288803737133,1.6219040621658256,1220.2843305702481,1.6219940545878113,299.89362562399936,167.34814918346362,1.572463510744775,957.4141429246514,961.2420215218859,1.571658219797653,295.60972011375577,960.4506144090819,1.5230733261490366,298.1951621152763,1.5228898544406244,296.46051827823374,1.5224834022634255,122.55329390641457,291.22903294479113,122.72084631932894,1.4249696826311256,310.09684017644713,1.4242125005361415,290.8010949279136,309.96740151936217,340.9352936084327,1.4239674055232951,1.4119798151162164,288.46904245327363,1.3631917021567774,65.40999315698147,209.06874692603662,65.2033427916889,1.265779017309588,201.77282555171405,209.1926929201517,203.1377633052108,248.14342270045105,1.2655194400137628,1.2522162480004733,207.73714239095446,1.2026481543211252,141.2878588781978,0.013180203120275298,0.009432884159853949
44,120.02441817595864,342.2743426068849,46.24618054076326,600.1242901485439,1.6222209862560508,1219.8885293754488,1.6223046930221623,279.31049266584427,173.53140730164353,1.5717403811346207,965.1272939017334,969.8085004338992,1.5710263443322692,275.3392908369906,969.3968907900015,1.5199541116042046,253.6081081094195,1.5198787459224772,275.11834068490265,1.519481083183986,122.91517779955844,268.1670981212229,122.87357463622531,1.4223771593787393,326.06008753183625,1.4216354239449904,268.5685861038226,326.11269769491804,353.8597425484389,1.421489168522424,1.4110201830296083,265.9075039969193,1.3598461205376549,65.38847105440178,194.33756412416494,65.49190225394186,1.2629835554328777,205.12343592206906,194.00361125214346,206.1653953723546,250.3314492457777,1.26261356109051,1.2511033072153632,192.01145903855564,1.1994221709734239,142.38644031412014,0.012949670853094319,0.009790697940631556
45,132.0188306004645,340.51521394334355,45.55412703703656,600.2340473938806,1.6219166729082226,1220.1325027958053,1.6220041156900717,304.9693159401889,166.11463301487981,1.5724747961199281,954.8668340536339,958.306114601349,1.5716402112754997,300.64397967740615,957.6283611884259,1.5231105544162,307.2207838325153,1.5229064778526076,301.23879736303707,1.5225098094096208,123.01204647561877,295.44923299036645,123.1270208217346,1.425261405598778,307.22980493059134,1.4245299663439017,295.2670582130509,307.112511510168,338.88029064845836,1.424300023687596,1.411959690395838,292.8911351597762,1.3631734324370834,65.63591040490118,212.45511098969732,65.44739921563047,1.266138109596353,201.80032023382068,212.44405075806114,203.18579015185793,247.58211103825812,1.2658738866628156,1.252188291522509,211.11729980051945,1.2026114600242916,140.82032930743514,0.013605504854555103,0.009316228933711153
46,127.31027932924704,341.23176929701697,45.89856575203823,600.1444223610159,1.6221493625325405,1219.9046222541106,1.6222399134930114,293.42939942893867,174.69770585141427,1.571945901552336,964.990121636895,970.1209256254479,1.5711505841482347,289.00403199343253,969.5361017345084,1.5208282741872814,291.7643310536506,1.5207070277742634,289.59084061363836,1.5202832700601507,123.44754329437656,287.22361808204056,123.50435442355229,1.42397525644714,312.6183943186571,1.423174374751811,287.55331263952337,312.68098987613683,342.00689297316353,1.422965430464055,1.4112570651462424,284.45976381447707,1.3606659582834009,65.92550312042202,206.63872018301828,65.92111762680044,1.264569479398877,202.7427709998493,205.77751073366318,203.50736080893003,246.26379177185757,1.2641648098069036,1.2513585175871802,204.49786887065068,1.200206181296409,140.9979291484714,0.014014343073637917,0.009725287559275942
47,130.97539493532545,342.0567742885745,46.0464315703769,600.2548388079341,1.6220082687696988,1220.1063055057064,1.6220988757547243,302.9785208191046,164.2687507605338,1.57226984960908,954.036152433135,957.465257403446,1.5714416659500818,298.6947542843848,957.159192278284,1.5220336727673278,301.2952065747198,1.5218650507174034,298.89969743027166,1.5214352835218155,124.03565582145194,294.9559145845865,124.03406709903092,1.4249074629607015,308.419559705399,1.4240888026757104,294.2548689928107,308.266005235543,339.3849178405113,1.4238655714284452,1.4116526316893123,291.9995679271638,1.3620531975522001,66.26563495408675,211.7717229421125,66.10277721774968,1.2657089804226385,203.51114801056224,211.72042960233824,204.39778738411633,247.80537652470895,1.2653944112696036,1.251842494394019,210.43603224039774,1.2015216578559775,141.75127641568767,0.013957033084639851,0.009765238959880315
48,115.40905372637063,338.90783923577874,45.46544599094225,600.1501907742784,1.6222773646214164,1219.8607754820107,1.6223598157846406,267.83325790444627,177.94144922392388,1.5715720430018847,970.7610008220712,976.1627944442985,1.5709111297381468,263.9115304487969,974.8750698388203,1.5191947184908312,226.94361341891874,1.519190116885548,263.6729047636265,1.518774203392252,123.51198413131853,258.1065528104777,123.60837562809382,1.421487452299149,334.9716432250053,1.4207291503230108,258.3025705536654,335.11749238006394,359.90715817359126,1.4206623189903576,1.4108351600766984,255.82336569440784,1.3590829702500125,65.96959356678263,188.0879177633371,66.04208672621088,1.2619569876998538,203.82004367171882,186.92740377583272,204.60480253135242,248.4977427220448,1.2616251075466314,1.2508839694497105,185.67398179876494,1.1987220755211596,141.49661645803684,0.013644720049381859,0.009663848508478071
49,132.79719192909616,326.157906300643,43.53193065422265,600.3660524954089,1.6218469233783057,1220.2844030845386,1.6219301505982349,305.57274924670344,164.83046981691257,1.572589753956402,951.8404147483152,954.5175377756871,1.5717538408586,301.01937734037534,954.2550249347457,1.5236638397793025,303.9074876860318,1.5234924271527182,301.30102310943096,1.523087190882996,122.86657022602097,294.0537243945312,122.9786383349043,1.4253760113406595,307.6928072727721,1.4246956294422486,294.0480527305696,307.61054215266637,339.71111008394195,1.4244880754099254,1.4121282055685287,291.80199398966914,1.3637915239907261,65.72873939538351,212.58790337290017,65.54535785771759,1.2662589242809212,198.75753626981628,212.5697795016523,200.10245794418472,244.2644080712778,1.265990355603304,1.2523692913704787,211.70779084814518,1.2031934953855479,138.43482377990352,0.014528476034667132,0.008840587918124995
50,127.74655314230732,338.45324641039133,45.510155672489574,600.3214892550586,1.6221345050200202,1220.1111600479464,1.6222243083727585,294.8218823085229,169.64719340283347,1.5719277038758928,960.4817972219987,965.0157217138748,1.571127461338747,290.19422521683316,964.5580732495648,1.5206718072275962,288.6578231073541,1.5206046078175008,290.3688302083857,1.5201482603432928,124.17432091286463,287.6265987827638,124.15697115233164,1.4239755738654076,313.09446962347624,1.4231628444790947,287.65434538734934,312.9638374526176,342.6503880757843,1.422955430522479,1.411221449981543,284.6634183160695,1.3605564430907704,66.58358552959783,207.71620812863497,66.5623014659162,1.2645825349398567,203.0403375045933,206.99016207438038,203.63947249377424,245.58205503655074,1.2642124232348688,1.2513228403500052,205.7774121737526,1.2000498984715846,141.89688355766836,0.01469129511968754,0.009827992759072758
51,128.58166157138857,343.2121675948681,45.899368143886726,600.4770183983223,1.6220075430725531,1220.4182988193952,1.62209950401593,297.203324641948,168.5631465609354,1.5721687119816277,958.990057125802,963.0615437755445,1.5713661659009857,292.5702061320739,962.5049571439339,1.5216467464925973,292.9115001980992,1.521530913886065,292.9467044959624,1.521070725215564,124.40759784514233,290.83796406820284,124.35114053603337,1.4245092223883498,311.4230681253641,1.423679864608912,290.30831509749214,311.3694650550125,341.1894495867794,1.4234312805658758,1.4115565692421586,287.88757083536956,1.3616501596274917,66.96073682507121,209.8206922437754,66.81278861254826,1.265231534138741,204.06846153936897,209.58565221776314,204.72716730967034,247.02870151341676,1.2649282603345353,1.2517201311047237,208.37098958604085,1.2011329043922856,142.0230136460606,0.01443183629295875,0.010097743720883583
52,125.07898649065586,340.14042062762314,45.79228451015273,600.4872533244757,1.6220743964888416,1220.3902501815598,1.6221614200311802,289.6673763958924,172.08832428988197,1.5720067305469216,961.5972169317539,966.0892820078207,1.5712407195752771,285.36122752053035,965.6473800055353,1.5208822567137001,278.210446840094,1.520781655289303,285.6545049840589,1.5203695736966512,124.42644463643802,281.8604547402631,124.34133154392761,1.4236703680047738,317.6865853771663,1.4228312435825303,281.43978915299624,317.5601336686559,346.2407869541435,1.4226070978238872,1.411339314993019,278.95342332855296,1.3608937780874326,67.06548564392101,204.63820583769999,67.06558929840232,1.2644330845570708,206.3802506913907,204.3570893716712,206.42543752310513,248.9753884149163,1.2640810450310789,1.2514673914520904,202.9799869531101,1.2004284125482862,142.0977236123134,0.014102166719736336,0.010265103388878951
53,126.12972089938742,342.4388946992326,45.83045273220196,600.5616720157932,1.6220011904866676,1220.5343917720782,1.622089060626872,291.8049096202904,171.16719464848384,1.572140525099134,961.1545746846401,965.5117530509951,1.5713679275684391,287.34325161863984,965.0987255218754,1.52154942109011,282.82723741674334,1.52144281025921,287.9236865394704,1.5210044818324169,124.35439221627374,284.5681091102247,124.2893965494296,1.424072384269452,315.76189190558745,1.4232230626331803,284.23415581796183,315.6255528910328,344.7257168867518,1.422990121632925,1.4115488441466837,281.7775576021613,1.3616114234374317,67.23080781340164,206.7263488310686,67.1298601548457,1.2648791414618341,206.076313467622,206.56379081838938,206.11896313692105,248.84010860580523,1.2645515465810735,1.2517091344952587,205.2696231234413,1.2011208793160073,141.78301950249983,0.014216628225281122,0.010324322598632717
54,116.09704493806764,339.598496168465,45.55325183286061,600.474498931698,1.6221649102277458,1220.3114723658732,1.6222489957787756,269.54204937931803,177.94970189325164,1.5717315386612396,969.3835977706984,974.6566839806254,1.571060278265121,265.488607769853,973.7882657594474,1.5198348579807746,231.22488395924196,1.5198217673826766,265.61371736449144,1.5194053698104266,124.03779685833486,259.1884252045454,123.98856199894998,1.4218189493133864,334.40240138702546,1.4210447755462563,259.4420788224513,334.44881964368193,359.5370884022952,1.4209136221207754,1.411045025303326,256.9340025958425,1.3598400476811785,67.09168087847563,190.88720799862764,67.14749699457835,1.2625113696654406,207.56933774878144,190.13842318810705,207.62050591771262,250.97933960460006,1.2621590088422008,1.2511322589225091,188.97736194831324,1.1994518876131914,141.93076221589624,0.013851188050120939,0.010218233277151007
55,130.59164148305325,329.61212978183465,44.00269875734986,600.5927699489927,1.6218442290922204,1220.5786236143608,1.6219285427176813,301.1269183072852,166.07737016212639,1.5725012356966177,953.4250862374067,956.6454999985863,1.5716835779256488,296.61640453445006,956.254607058319,1.5232374690886419,296.3955451831764,1.5231100128722452,297.19374057983,1.5227080299411262,123.44189566285193,289.8244417077231,123.5178153788728,1.4249942808534326,311.17639173672757,1.4242405183968314,289.6013850712428,311.0594223242852,342.78316993923914,1.4240065931650756,1.4120266637258732,287.1153194635435,1.3634339242372437,66.72574349377366,211.30348850730377,66.53177153377773,1.2660563807653156,202.75862594719652,211.23978777004243,204.27158750402316,247.20677467548745,1.2657061212942067,1.2522577828055612,210.25249990325358,1.20283136795106,139.41567436046577,0.014576239565593542,0.009421059030957468
56,123.75751687873975,336.045254391032,45.12315232710725,600.5025091036133,1.6221232916638553,1220.3064689349758,1.6222078724853923,285.77110928338493,172.43248794403112,1.57185267493611,963.3203608668124,968.2088272576523,1.571106346561367,281.3559139513713,967.5727748878514,1.5204385255114832,269.7337139698083,1.520389362088747,281.68512854974676,1.5199651750295027,124.13665597187713,277.0460298735732,124.10504200935168,1.4231996883975524,320.6787687056716,1.422395684618342,277.07789890682955,320.6406015780383,348.89311058597457,1.4221948158995863,1.4111767181612036,274.3197473805772,1.3603639850325229,67.29395685399653,202.73582017560187,67.33212243133708,1.2640249611520142,208.74121783865846,202.0871833937801,208.97129922251858,250.72310797097617,1.2636415743692344,1.251268421368626,200.82849598700773,1.1999046186503144,141.89237885952147,0.014400898814034573,0.010248045221244392
57,124.29539076285488,336.6762262543514,45.182388067980824,600.5909107558224,1.622006166300552,1220.4852605003825,1.6220888059665768,287.5860745275262,170.75866265932194,1.5721019784825234,960.5581513055049,964.7794534499567,1.5713562232411793,283.41973363080643,964.1707584545446,1.5214282645798527,271.84841504121147,1.5213443295864402,283.96716525529985,1.5209282684446292,124.13156638966666,278.1133316432404,124.10069494738707,1.4236176493418322,320.3079403057958,1.4227746250141564,277.7658524630364,320.3377427117641,348.95508002104265,1.422559346256269,1.4115169788919626,275.52853984550956,1.3615311438034756,67.53141912559154,203.8865681228305,67.47482595168695,1.264606451840727,209.5409493559077,203.73242091561394,209.71046332663892,251.76402245007057,1.2642636547093355,1.2516783476929616,202.3723325057266,1.2010539338678756,141.60428983762503,0.014041482130508721,0.010424454061867641
58,133.26064096151455,321.1401411894075,43.23119681064949,600.5429328937503,1.621909251055586,1220.3950802398874,1.6219936144741278,305.58295013325557,164.7267863369434,1.5723690425809433,952.0917347112112,955.4290735442482,1.5715277156919731,300.681403508662,955.4309017098356,1.5227723364968364,305.1389684616706,1.5226017958612725,301.42206474806966,1.5221990226877165,123.78875749672675,295.33443665004296,123.83114322837163,1.4251926210737162,307.4093711661696,1.4244494202722164,295.12909648322915,307.31101196213416,339.5456999388688,1.4242336268645441,1.4118319329291582,292.39600163263566,1.3627844098028752,66.88630349449994,214.9529877407979,66.67911157944471,1.2662737747339718,205.64881859745702,214.44966637140163,206.4809306114033,248.6918696726392,1.265896717392156,1.2520214313045022,213.8013706454726,1.2021606681106172,138.5777333579907,0.015151008272257089,0.0091369605299746
59,126.22851176105158,330.25637458590995,44.57644242269635,600.4082931700889,1.622136159085752,1220.103977769411,1.6222219966578544,291.0651487513539,169.20821726680657,1.5718994812350984,959.0305931126851,963.4674857913676,1.5711271306684003,286.7119914577772,963.0881584482715,1.5204356929459126,278.1569604019084,1.5203746070838824,286.81525684476645,1.5199555483856666,124.74608493564006,282.6424196173986,124.70799505656174,1.4236082866544741,317.40343910582806,1.4227800990449573,282.26203747223144,317.38402267443723,346.47223236721084,1.4225877131789861,1.4111861076506167,279.28373542124444,1.360378318656816,67.41559809906757,205.90247608327212,67.3752455176605,1.26446850553958,208.4688668963118,205.23759135864987,209.03743541356772,250.42777370965499,1.2640823932193552,1.2512863539146122,204.2600997858722,1.199882181663188,141.21861410632673,0.014752230538968522,0.009846107342357609
60,125.15198876422389,336.2289389418841,45.12472507338017,600.4661415621156,1.6220449932919825,1220.243817635759,1.6221317129556387,288.57564919656005,172.56191751513347,1.572072559116738,962.081023165859,966.6959641542314,1.5713153600932912,284.4182139424183,966.4201140563192,1.5212517309173867,276.40117805682115,1.5211463932879483,285.1169708022183,1.520729257372608,124.65106995650122,280.90557392762486,124.5838295391585,1.4237731607203268,318.576508735272,1.4229325148692207,280.6659245157448,318.46301734600036,346.9135215920046,1.4227063263734578,1.4114646673076905,278.2102231753529,1.3612681788467467,67.74661700654919,205.65597167586841,67.63795927980125,1.2647191931814943,210.28137431540623,205.18187482433171,210.36053934536304,252.109365172329,1.264378053292107,1.2516080975494823,204.10452944537514,1.2008139373307345,140.84893983357873,0.014268513455135674,0.010180985988680566
61,126.97502263613961,335.8397827935245,44.914906158107485,600.4984883278863,1.622007770271457,1220.300503517921,1.6220943917247828,292.3418721903094,169.67180537337006,1.572139897180601,959.8469522282039,964.1086018116619,1.571365661338329,288.06263400421625,963.7789854359098,1.5216651596906101,283.1354416297723,1.521559096454528,288.86307680656375,1.5211172038006076,124.56942537080822,284.5723512223085,124.50721407340863,1.4241547232183724,315.82700485320055,1.4232982561270167,284.4524783105493,315.7804071897812,344.94881082936155,1.4230674384960136,1.4115643193127645,281.9422063867374,1.361687517942553,67.82243099763117,208.34769436653616,67.66358722948854,1.2651413006487229,209.90461342255324,208.07198115820782,209.90958576643428,251.6834502788505,1.2648050682109306,1.2517316039169801,206.87877244985157,1.2011907317868458,140.54136354004876,0.014564035393684291,0.010188642271650138
62,130.69726041380434,325.28278786447515,43.83617550822543,600.5232554585742,1.6219709045297828,1220.2993302753023,1.622056916378702,300.584053795761,165.1540204408206,1.5722452581267072,953.2669879991139,956.7108131680858,1.5714257780965144,296.0732843295426,956.6113637837973,1.522032248760669,294.9421629266824,1.5219189024209234,296.5279624654172,1.5214925882820605,124.81665045619692,291.00612923711634,124.78389478926124,1.424698262781743,311.5720561077384,1.4238922729772747,290.3728710006605,311.4939549964506,342.32553454180936,1.4236665903860892,1.411651949266616,287.91625044569753,1.3620834835181044,67.68671627328655,212.6353460636172,67.54401910135871,1.2658367259072332,209.28357879700627,212.22523509944696,210.13703727792475,251.67070254844907,1.2654550738226138,1.2518253304112517,211.40776666718395,1.2015053107689926,140.09476417485294,0.015058514100005532,0.009634785004825973
63,123.8129235434752,330.46642157112524,44.456025395559735,600.5131761359481,1.6221159628141344,1220.2442370606204,1.6222006865666727,285.19126862028304,171.59869180293245,1.5718825842599147,962.0938924344078,966.9381873074618,1.5711422387605096,280.8688957357915,966.3306707244348,1.5204828960934504,266.4272587084034,1.5204463796155345,281.18469903681364,1.5200071291100208,125.01432618283702,277.22888285689595,124.95249057527137,1.423262802339417,321.5051833353668,1.422446795072783,277.34743592657264,321.34414693902835,349.2741932307261,1.422256838963062,1.411220732443861,274.5122075932628,1.3604248499587075,67.96322625035528,203.35278957882105,67.91612481992678,1.2641645955991927,211.73886596142327,202.73144188658634,211.26302130493713,253.18436774442154,1.2638054188409316,1.2513168968795587,201.75771339583258,1.1999793872055393,141.49714633665877,0.01478895274246449,0.009980388755618009
64,120.60202742058509,331.7915250719465,44.61095109716795,600.5950238339276,1.622056490852307,1220.4025856619533,1.622137176739635,279.1368155265332,171.14112230348036,1.5719792467516216,961.3564372721813,965.4895572335703,1.5712731567656757,275.23519455379153,965.2751624570706,1.520830218737085,249.1877424644393,1.5207973397313823,275.56179852520734,1.5203709178768057,124.88341803848563,268.58152354831634,124.76774829512873,1.4228350928068247,328.17324638397844,1.4220136473948086,268.40198845516574,328.0342823985155,354.7446593213909,1.421821204884654,1.411370240648044,266.50049218349307,1.3609554174569167,68.14533078998497,198.67907495064716,68.09001577478284,1.2638373818860342,213.35033957049833,198.58046914618814,212.489054824273,255.6000704527977,1.2635283556711834,1.2515133597215837,197.509522014265,1.2005148037483282,142.14533970225233,0.014266181389780771,0.01018860180972761
65,115.25466698178339,328.7907181961891,44.08548637366038,600.5689787480951,1.6220917303169677,1220.363155037714,1.6221712257834473,266.98439291722593,175.9117431103536,1.5718478130823113,966.7023591982152,971.3137849081834,1.571192614255658,263.30417404748937,971.0804826366515,1.5204280586002559,220.56953415771252,1.5204191562525349,263.6072868943252,1.5199949467500298,124.2711862012084,254.14274891990624,124.2176908153014,1.421736944852602,338.87331474119367,1.4209718727759124,254.4093883959087,339.2303152145223,363.77422249921494,1.4208203592879713,1.4112344814265154,252.30854971467392,1.360538178792533,67.88969178976413,190.22485426184784,67.88678377676783,1.2627254110087784,213.52857445759517,189.46769849952102,212.6552405076457,256.40994899593943,1.2623867609298518,1.2513630481706919,188.65311253680838,1.2001077067764472,141.30320930130625,0.014148349342586634,0.009906825127269168
66,123.71915797729199,324.53183077492366,43.46148181492178,600.6369502275038,1.6219254994631354,1220.5079030462186,1.6220011815413733,286.10385546628174,167.99502360716036,1.5722874316051993,956.0973750194033,959.0174520742422,1.5715444828619103,282.3055365087949,958.7444719990418,1.5222537541823298,262.55098851911987,1.5221697161549665,282.9552405707494,1.5217696204562856,123.92769606926028,271.5416799989009,123.93057437896202,1.4235116002101886,325.20004251906937,1.4226803648057835,271.3121953657796,325.1012181863894,354.48796178326074,1.4224760292526673,1.4117673527337122,269.4105140139107,1.3625528193167995,67.65730485076838,202.20556896084545,67.63432601240729,1.264820927973637,211.49183256242364,202.10107267370321,212.74969649939453,254.25075689150043,1.2644602786983345,1.2519904056439186,200.78638336880502,1.2020096937121907,141.23553810837308,0.014151047218478832,0.009851319738225683
67,116.48208574706359,325.4282398713448,43.70806513057046,600.4709750598782,1.6221431321688307,1220.1471125780097,1.622219687494295,269.26580469722495,175.41986413246883,1.571757897823332,966.3260230328766,970.8582411705959,1.5710920136102695,265.5701680712424,970.6010171007902,1.5201731720322165,227.07992575390045,1.5201280831742239,265.9060489344791,1.5197244341376661,124.1175504822239,255.42348314854468,124.07863256850229,1.421708981901825,337.52858543030084,1.420953615662939,255.7803115045265,337.87515436542964,363.46011923294213,1.4208211837022116,1.4111072241550862,253.4866775068102,1.3601394687223993,67.70459070197161,191.51061011878502,67.76292062778343,1.2627919815964601,216.37079897751292,190.5013766116654,215.60024019254269,258.2963133322181,1.2624371723244439,1.2512038579363858,189.68583185136868,1.1996894088528873,141.7770871974872,0.014106964894855054,0.009869562876026845
68,132.68818022599083,313.2029765723844,41.88014004674885,600.4913265612827,1.621851757112569,1220.2840002028609,1.6219290103330817,304.04734001673626,161.4080403068404,1.572530651417274,948.7369975804849,951.248624761328,1.5717026029693217,299.5994567871915,950.8601529548007,1.523494675345554,298.46485001973673,1.5233507254946281,300.54730894834097,1.5229599733887762,123.31589785970617,290.1298538305195,123.45784625008709,1.4251310633348568,310.7514122373761,1.4244158405022023,290.20479559430674,310.85480622167825,343.5484213295831,1.424193257905127,1.4120723356291423,287.4032007945957,1.3636795572389604,66.78265334699736,213.48662016482166,66.59556296141135,1.2665054442867734,209.21872818398975,212.96344606133547,210.06126543229448,252.57983734285963,1.2661246336837637,1.2523118617879956,212.45503622889476,1.2030255532843246,138.10432987104429,0.014877470677995974,0.008603412413823243
69,120.55221087603384,323.1084535574645,43.501085896068325,600.3008606442795,1.6222239228658557,1219.8398016471579,1.6223040406969544,277.39763774840947,171.36066630072872,1.5716665657179145,963.0930311392052,967.9497666284174,1.5709647476811304,273.46643620308294,967.3335204170702,1.5197026166493959,246.94934587114963,1.5196842655877831,273.6411584936182,1.5192645836327312,124.21457068160795,265.5978592806907,124.20049597551338,1.422221778640622,329.32440623936554,1.4214808416321585,265.81656326415714,329.53218015413074,356.9250790337222,1.4213359782265718,1.4109507049057732,262.9945652057906,1.35953722184731,67.31286524294774,196.69782844491183,67.39398716920209,1.2632430179597633,216.13430206481686,195.53189120271395,216.24841874753596,258.5342542166076,1.2628338277695175,1.2509977405159192,194.52493047531362,1.1991005883366799,141.65949501559564,0.01415544417475411,0.009439946768653434
70,124.95609837921482,326.8513796866115,43.8320819991762,600.3926978298359,1.62200458225651,1220.0717593117265,1.6220838700873053,288.22592101216253,164.77409004095165,1.5721955997705992,955.2443662593795,958.5935624385564,1.5714551561177612,284.3793170541701,958.1051881477616,1.521843470167047,268.30734388286675,1.5217446260790912,285.0631019263728,1.5213384337429379,124.25977883553756,275.4874476406867,124.2432329995803,1.4236419335327501,322.5597824841441,1.4228232411683372,275.14981740801267,322.67390100605076,351.8371491700232,1.422590103403418,1.411654307318435,272.9478484699341,1.362012452830301,67.65184928152487,204.074810975096,67.5964336597189,1.2649764708877134,216.29899820825747,203.89726012913408,216.42281544252575,259.018213995327,1.2646371161405632,1.2518472185226868,202.56175335269012,1.2015197828234654,141.96128643590583,0.013705178094605489,0.009716289056684684
71,125.22251850522503,321.86842636958636,43.484058005170894,600.3518897026272,1.6220680561530765,1219.9594264593654,1.6221456436205999,289.0057382329895,162.67614249285162,1.5720609891789679,953.0054590897354,956.0880224636568,1.5713132591750776,285.042402065776,956.1027468308963,1.5212805758241394,267.1107919636976,1.5211796899444765,285.38949452945457,1.5207777568743832,124.53248386129913,275.163293427865,124.47397252326965,1.4234221600605266,322.93331938823576,1.4225984828788016,274.8162963058524,323.09762117750745,352.57750630812916,1.4223838610824588,1.4114510377985394,272.48492318766824,1.3613480507223392,67.60810128431591,203.8087266346872,67.62437845503378,1.2647652812849124,217.8507619712807,203.81937036754778,217.67210988938965,260.3343370202862,1.2644190851231223,1.25161311040003,202.2306151036295,1.2008650402216947,142.3733145053914,0.013799013977498864,0.009611709611183874
72,131.8373035126281,318.5980277223604,42.75681648795748,600.4353545123862,1.6219688028228656,1220.1055328287193,1.622051655295938,302.0305752532031,154.01496681016133,1.5722826582324052,944.5572655438074,947.354472195794,1.5714642175466804,297.8055529785394,947.1135181305007,1.5223195645148342,288.6049005975517,1.5222015875317276,298.1419446379277,1.521741657961346,124.55040796178623,289.8450405529199,124.53604296298589,1.4247652289593917,312.2094937153612,1.4239627373093575,289.6216946815248,312.4185699903312,344.188134467537,1.4237131082166685,1.4117273202971234,286.6824780105725,1.3623669044853235,67.46096245627231,212.761400372289,67.31900828210071,1.266100872937168,215.43902685305108,212.77528291638285,214.78004140772094,258.25243355449817,1.2657672039661694,1.2519313525217914,211.5319623264038,1.2018080197141614,140.96669404447036,0.01458962038506163,0.009111052331852386
73,125.57099309066345,321.8512147106386,43.281708906571296,600.3820205641524,1.6221280607011481,1219.9954616502052,1.6222105927724095,288.32250979746414,168.0217437991348,1.5719015686051145,958.6324710239952,963.2936785626489,1.5711463001912258,283.96792497080423,962.9454776432634,1.520689404910887,270.94302368416845,1.5206291469578335,284.33101033241235,1.5201853042174278,124.94301967627032,278.5958103887938,124.85703630113503,1.423429252590859,320.2018871778685,1.4226542531841493,278.8999192922039,320.30222080553796,349.29603562304163,1.4224334556686167,1.4112492907206557,275.9195112378574,1.3605583213897916,67.75610591828361,205.17046882012716,67.70486864790126,1.2645764893333036,216.94516186691112,204.4134143758987,216.46806717120816,259.382845522102,1.2641973682258074,1.2513446580250103,203.19698224695196,1.2001058019341972,141.89609384875797,0.014391367245391556,0.009372238791885016
74,117.58085511244695,323.1190719100693,43.355219504241425,600.3543328842886,1.6221590559658783,1219.9530200010217,1.622237900069898,271.3897048904243,169.95821898530318,1.5717941161726299,962.0255382517773,966.3409475611165,1.571127172473549,267.7042914415503,965.9967451868735,1.5201884478444248,227.97389322327422,1.5201631720334376,267.60272279798556,1.5197217328970896,124.77539176385918,258.61625392233356,124.61543512803954,1.4219546675359303,335.66541392335074,1.421213939287491,258.8344170448207,335.96284818725604,361.51627755070166,1.4210356025094293,1.4111526993177894,256.8274213074726,1.3601551547644164,67.80230537907472,192.7701810008138,67.81174679139689,1.2630506652871596,218.87692519052342,192.32253462812196,217.868219255671,261.8851364571494,1.2627563134229993,1.2512568563707314,191.13655083232192,1.199775604512514,142.99907342321453,0.013856465059225269,0.009453921650702062
75,127.88738531773978,322.5886614572417,42.91374015983092,600.444289601017,1.6219265677607657,1220.1958294980866,1.622005076310389,293.9848432008338,163.47497975495682,1.5723651699846928,952.6794860084503,955.8680604304312,1.5715897906117036,290.0966788372225,955.169553793604,1.5226861292228813,279.38314025074567,1.5225867507658244,290.940190825355,1.522155771880659,124.2454765120561,281.2779306350411,124.27153771632979,1.424318987781542,318.23271095433984,1.4234956536735621,280.9366267864952,318.2250980324432,348.6156652603726,1.4232498708082275,1.4118773752641824,278.87071088512187,1.3628849819491526,67.60339674148776,208.38947447012643,67.46068634437566,1.265758513978969,216.2865349000709,208.0659278929843,216.3394506516402,260.07001178210817,1.2654209878729563,1.2521069968665914,206.74656967540994,1.2023474264623437,141.68878869103693,0.014033474447285893,0.009113754954039323
76,119.01388291880143,320.0767142551405,43.0236824055406,600.299138650788,1.6221893156653098,1219.849982377818,1.622265013486748,274.5742594476659,169.46693969310377,1.57174864071998,960.9544667104666,965.0094103077749,1.5710634689802485,270.84362992639973,964.8191458360719,1.520048300597139,235.704184458171,1.5200200915032238,270.79623261274355,1.5195833558942649,124.62763927668921,260.8045352646245,124.5129374740144,1.4220312754458695,333.5923890285387,1.4212955500914235,260.83291768734176,333.90424228042525,360.575195178354,1.4211244617205274,1.4110701747204126,258.91970057989096,1.3599588775256592,67.6203312062945,194.50553213037387,67.71520494410281,1.263210741915648,220.9219646266027,193.91006293281646,219.9111974404335,263.8335361670629,1.2628772143304656,1.2511524775337088,192.59189288884966,1.1995482067744523,143.67869165650293,0.013916753360439488,0.00924637753027049
77,128.19621050921614,319.34973478701966,42.53204920185934,600.396012464056,1.6219481009247971,1220.1038570593107,1.6220253737413668,294.66366958262057,161.5592651900661,1.572348152692529,950.9891732247768,953.7528180911341,1.571572674499125,290.79941840666856,953.0338634797259,1.5225428078942127,279.3652463693576,1.5224276679896502,291.5703209605527,1.5220093196282745,124.30241417270653,281.45836834059827,124.32027716602124,1.4242890649795616,318.2138830530707,1.4234692312341113,280.97446336770633,318.370667477487,349.02691857243633,1.4232153051030507,1.4118395753030697,278.77014973339413,1.362736468922249,67.53134355060635,208.39864417901845,67.42348975389103,1.2657864281480404,218.5177266533422,208.0663208163575,218.45489093666532,262.21693612370336,1.2654496807495401,1.2520659150286628,206.74698755516056,1.2022082806825576,142.42529662000868,0.013903715990444106,0.009004382224551017
78,130.64879730702543,316.84885376438604,42.395498419206376,600.3693556423917,1.6220339382060147,1220.0017875983863,1.6221140654153114,299.3266831708209,158.38154783294817,1.5721543710596761,948.6716429662104,951.6743269848394,1.5713479790115557,295.09278213294584,951.6266603179708,1.5217833524155842,287.0090440040125,1.521674384257609,295.4811236022646,1.5212191017120618,124.66192666423956,287.36377733230694,124.62090229374947,1.4244301914715507,313.82243075775096,1.4236187105676283,287.04775660476184,314.0421081688483,345.3304490606281,1.4233636083712355,1.4115518181282356,284.5312934789929,1.3617668011481303,67.56257869198592,211.58305236468937,67.42517696542656,1.2658232514771366,219.66431392252667,211.15504205691306,218.4950652501852,262.42553314315495,1.2654530452208168,1.2517226717861405,210.02400055961007,1.2012236263166498,142.3292280201573,0.014405442662242219,0.008920700670806447
79,113.1128027581503,309.41513826484197,41.17050090969645,600.2033365886662,1.6222808403563076,1219.6939896499798,1.6223560752817214,260.15461891491657,170.9653895402386,1.5714974921006875,964.4152774775579,968.7374322275966,1.5708818729774356,257.0275191213008,968.2815830244151,1.519032377711849,196.75908209876442,1.5190602385022236,256.27445692432417,1.5186262879867194,123.89628331322103,246.13180761455652,123.97472100293061,1.420730042796266,345.6298208941185,1.420017140912435,245.72427229505996,346.491715030558,370.00405834310965,1.4199293682682423,1.410792003566156,243.84582474137142,1.358881292533264,66.7499341018461,183.8882974607639,66.85002487989989,1.2616378599609348,218.3156931209826,181.85785273881208,217.08469343842927,262.7689871844106,1.2613360815457026,1.2508215668583111,181.2158266241595,1.1985017262956177,141.56682902474634,0.014129108087568442,0.00841903952065372
80,127.1303045341902,321.42520726741583,42.40466985997197,600.334993109171,1.6218985003932824,1220.075807484028,1.6219766663686304,291.9156992219857,165.5568445408428,1.572473853209573,953.9900180935285,956.7686836084122,1.5717086200244108,288.5014249476399,956.2659838237266,1.5231654265376162,276.6187936819645,1.523049491140258,289.37557924909675,1.5226624152661026,123.51618767165441,278.0461343936375,123.6484033993019,1.424298891127395,319.78992368662756,1.4235163739287084,278.0854853024773,319.7196835658468,350.1174564786914,1.423259041444758,1.4120344964294496,276.0593872320883,1.3634337080861234,67.03782094824807,206.43345476758805,66.88103046209892,1.2657657554305657,216.8601004838623,206.01332313476328,217.41630767388136,261.4450027413691,1.2654315058853016,1.2522870864030429,204.66267525230282,1.2029087848721893,141.71046992291502,0.013613800087440977,0.008592501858153042
81,132.40163933848692,314.62273880191407,42.20067447464873,600.288563314111,1.622015025805567,1219.8829004467593,1.622095046593253,303.4529857742097,154.62929974068427,1.57225517839408,944.0067413987105,946.2756100383345,1.571427511555385,299.3560613980375,946.4256641744058,1.5221158445039218,291.1406175860757,1.5220049235261819,299.6110939374311,1.5215467161357252,124.43920893658903,289.148569527153,124.47221583595501,1.4246846713731693,312.52023508829745,1.4238763876942027,288.3934935234763,312.5744507362381,344.92964916959465,1.4236230707446873,1.4116487084433893,286.2437927704723,1.3621972992812394,67.24773424836621,213.2596990583377,67.12920454185262,1.2662284163347415,219.5373754531311,212.7637938369508,218.94375670622964,263.2882843579657,1.2658284914181244,1.2518442531526406,211.8008207659631,1.2016228571006335,142.33433266352077,0.014282986523125249,0.008730185874485255
82,122.33280044686082,315.97359504510456,42.62392088414251,600.2432250492783,1.6221956123797565,1219.7584014610663,1.6222724342194268,281.92268082311165,164.68772908790353,1.5717953863268759,955.7858680310628,959.2796948805459,1.5710777075671631,278.01771413649516,959.2835305358323,1.5200966353926675,250.16752465103986,1.520049719900964,277.6681996534146,1.5196328163458797,125.04622184247701,269.0188733358124,125.00225250074904,1.422606504576472,327.6403092605694,1.4218606267857143,268.7718226684256,327.9915899172261,356.23976085834136,1.4216631877556634,1.4110961731469758,266.4548336913714,1.35999243139243,67.4298052515962,198.66345793052022,67.4775575150436,1.2638211096297982,221.8445059299504,198.2208331185377,221.36310331170537,265.33657623284347,1.2634619330409573,1.2511746997713462,196.59465405687718,1.1995751227893467,143.67067049113768,0.013830121704504164,0.008945226665079176
83,130.20087732101828,316.9239591852491,42.34733452084483,600.2958671341556,1.6219806631392066,1219.925796426923,1.6220603213865379,299.11739864781265,156.2257399377522,1.5723437439435242,945.5846263841203,947.9335198788356,1.5715477948026584,295.3207008760885,947.4125182690132,1.5223396552003865,283.4463136578446,1.522227924925435,295.54565441006315,1.5218012517936206,124.75955203299573,285.4929693334299,124.81944984485388,1.4245313232618104,315.8053039124127,1.423718307329691,284.69709790860907,315.9483660925725,347.1433698319094,1.4234424406315977,1.4117829609904207,282.5575601311417,1.3625310610075951,67.3797543006223,210.3359809364808,67.28226183511927,1.266040188951486,219.64691535444075,210.18045737481987,219.29619668774404,264.1526019650944,1.265715168410265,1.2520065070251138,208.87854722982357,1.2020113325598565,142.5243532681772,0.013818857222282325,0.00872106776365087
84,126.35357381661788,313.9237835835032,42.34200393035223,600.2144930015768,1.6221288475890074,1219.737929808354,1.6222089408602813,289.81239877057845,167.09674105821972,1.571975711412972,955.6283252099511,959.3860621935822,1.5712135651875803,285.77774393271125,960.0094585334654,1.5209257939499954,272.41968316915427,1.520803449700078,286.09102019082354,1.5204108645281524,124.98742956098236,278.5395558601342,125.0683943651321,1.4235404700993324,320.6656666329411,1.4227208930835893,278.0787996540443,320.81717833372966,350.16042662221867,1.4225220548675648,1.4113187145129098,275.610471253801,1.3608247232848705,67.46447527605272,205.17404330018496,67.46453925156918,1.2648422962236272,220.7078448065372,204.4042334406246,219.92840440794726,263.33486893480983,1.2644363499962705,1.2514269510471026,203.22527675006728,1.2003655731622407,141.85187598865892,0.014070003774449696,0.00889542162559833
85,121.88417888509159,316.8676463061149,42.76893828423134,600.2083011784568,1.622143767676505,1219.755788795996,1.6222201969765333,281.049628599024,160.68359669510414,1.5719397173898395,952.2089671836696,955.1572471431118,1.5712332606382635,277.59895676816757,955.4791055908179,1.5206821949475835,243.7329239450684,1.520598374180712,277.3686108908417,1.5201779022442858,125.1077199856019,267.5917824482311,124.99204498946636,1.4227411766260676,329.11162032614465,1.4219657379887092,267.31177396098343,329.26520675381914,357.03624162310416,1.4217251319078736,1.4113081575951971,265.48593904708025,1.3607105811146865,67.5209236495231,197.93938547423724,67.52468371384283,1.2639766654604396,222.37469561646762,198.25563378038194,220.57068970018034,265.8855378272865,1.26369715325894,1.2514494037807524,196.50495032707434,1.20030481575708,144.12248032944927,0.013637537213852314,0.008910905400717374
86,112.60796740976434,309.7473017005166,41.496612761878986,600.1380149904054,1.6222070515206168,1219.66111994228,1.6222798124871698,259.2962610541595,173.21787111796266,1.571703042012071,963.9425290946041,968.0980458432022,1.5710963167240921,256.5708332633033,967.9443605898973,1.5199124021120696,194.51415369652926,1.5198865256244867,256.161658949076,1.5194696556754375,124.19915349139515,244.01167911911938,124.22753799626182,1.4208988869612798,347.72690559641575,1.4201513114510806,243.59080574814936,348.5877011432948,372.0312168091329,1.4200530173621118,1.41106792449415,242.00285147445803,1.3598964540485394,66.97491658166773,183.4349149681426,67.09290020853223,1.2619596703805365,220.11332059241562,181.97062511483188,218.61300776368412,264.95915192456056,1.261660346463639,1.2511625309388277,181.13269747959995,1.1995036658666938,141.91815460802368,0.013822096925006336,0.008404672959216165
87,116.627577248281,319.53587429236114,42.61790804214169,600.2031486671722,1.6220440815018933,1219.8738600929255,1.6221182333425441,269.23001360820894,171.03503386641043,1.5721080760628088,960.9742471359849,964.44575373684,1.571451895595484,266.22470253258433,964.5106706486779,1.5216744927716372,220.70661864078807,1.5216055092639544,266.4219121292613,1.5212145483116741,123.79040269509103,252.29375301526875,123.71091609059314,1.422059391017866,339.980655048467,1.4213582724813838,252.90814698488185,340.3314753226898,366.2962398997998,1.4211614063950133,1.4116060788348161,251.04148873975475,1.3618821573710354,67.03689137593021,190.11897376179377,66.98186071743639,1.2633908496843689,220.01527672543628,190.04465146377646,218.9898953601413,264.4274379729632,1.263079834133648,1.25180250740303,188.6967385649413,1.2014430971581367,143.43279586206467,0.013318512277936628,0.008528668291108578
88,119.65726850492912,319.72079441371443,42.77029404976845,600.1877578725488,1.6220707344323377,1219.800520904167,1.6221421702464267,276.25391618695346,164.63745181290636,1.5720690904576173,955.1901547023011,958.1487706825014,1.5713871519663414,273.0182061014041,958.470428911607,1.521513832724796,234.4652554899641,1.5214150242106679,273.4033063338615,1.5210362204205725,123.92022338241803,258.109367240737,123.84933590597512,1.4223738528029757,335.42880741166175,1.4216512653921314,258.24212461214563,335.6692751239286,363.24384806946426,1.4214329660191156,1.4115310463417634,256.61366144438654,1.3616796394463606,67.129090968489,194.22230117527823,67.13787771604504,1.2638705918468693,222.3283437296611,194.49682663238133,221.19935590013017,266.80630620358033,1.2635720984373289,1.2517150826894325,192.79189384449953,1.201214071378439,144.70041295754953,0.013222098048552186,0.008881297179407525
89,121.10491108355771,316.8519076198608,42.5294235893315,600.1632593773757,1.6220859937161476,1219.7567453229026,1.622156072326629,279.59670417775965,166.47517305972625,1.5720550058519973,956.0469472418713,958.8047615715343,1.5713573849750708,276.17726488099964,958.8256148457087,1.5214141377369244,245.01796924128428,1.521308627331487,276.55101788606646,1.5209209984094862,123.98290045091515,261.87741602672156,123.94344309906057,1.422575765909292,332.56684641872477,1.4218420291593596,261.60642244321934,332.98780310902544,361.5105612502804,1.4216313048140607,1.411484647650913,260.0615681990623,1.3615223222095378,66.97574176603729,196.338039738465,67.03161928742473,1.2640673930499546,223.05417923268828,196.1829416566853,222.65247009113943,267.1050747454038,1.2637474625835048,1.2516564426654757,194.56266209613068,1.2010499045658645,144.4667189686232,0.013163781629981414,0.008807299817680513
90,124.68689703648033,315.49201390684664,42.34492297655969,600.1508019236138,1.6220679355574446,1219.7292116330314,1.6221385217373976,287.58484066018383,161.8563053566306,1.5721517685483726,951.2469925154256,953.5799409829451,1.5714204368602938,284.02286590479423,953.4921868696337,1.521650956836438,261.8002176489128,1.5215357385685309,284.4038857352843,1.5211430409384916,124.09403541747145,270.28050606056496,124.14606946622303,1.4232351251057234,326.5292238766723,1.4224535551059412,269.39509482010743,326.8939325125247,356.90243142755094,1.4222391789541264,1.4115705646981853,267.6887524678174,1.361833476697289,66.86539614719041,201.29921935174022,66.91160337751,1.2647966191612863,222.6176945872903,201.18866755409803,222.35020782721136,266.38973248375873,1.264472034669726,1.2517613911311345,199.69913889094917,1.2013362085816917,144.4176869495843,0.013136168221278081,0.008744849869013058
91,123.61070299172424,319.53803788961443,42.86927221521073,600.1412693773019,1.6221148302986494,1219.7154594632786,1.6221887164389803,284.42369315070994,165.34544756881184,1.5719909761152806,956.379280796614,959.9159096774791,1.5712711068178542,280.65821312340114,960.0760494982231,1.5212805465796586,259.583905358689,1.5211586512704742,280.9789041093604,1.5207725715782605,124.12283408820254,270.1791026266125,124.15107097428574,1.4230418179903361,326.0587851716315,1.4223038482547996,269.91325916997687,326.3494298229824,355.4810605288734,1.422085036314984,1.411424140926681,267.9160353377398,1.3612098182505066,66.91982383449422,200.38910553671982,66.89440912378207,1.2644522367168611,222.91612793010677,200.1417569053829,221.89669236321274,267.16341246283685,1.2641074014959401,1.251557652599861,198.61947690856846,1.200746824718765,144.26363532322907,0.013120662942811171,0.008771117572055691
92,126.20923077954996,317.22808758020494,42.524698797403275,600.1366113025954,1.6220723707108942,1219.7191883245544,1.6221473302614586,290.31119050298014,163.10030204239908,1.5721350814245187,952.7723069490648,956.0133974992517,1.5713842860674432,286.6480416891256,955.8415877626168,1.5217116935314734,271.73451452154893,1.5215837787564475,287.141397800612,1.5211805904478486,124.25617184129521,275.8577181997232,124.26142506123452,1.4236079356383702,322.14737727889775,1.4228165129291457,275.20323444242183,322.37820575373075,352.78423971900804,1.4225913935728283,1.4115652816163928,273.0618072518047,1.3617437801109522,66.81338213597616,204.1436567632697,66.81744403161156,1.2650849294878368,222.20492514819625,203.73508718136057,221.62546321131282,266.41351946798477,1.264733180194696,1.2517344765633576,202.20244192044177,1.2012627213292575,143.64695440857366,0.013129061324681645,0.00873435827097533
93,120.50009495573738,318.3414229299161,42.943486179964026,600.0703476194237,1.6221861215579694,1219.5818328170978,1.6222604651639996,277.69524500476444,166.86035614690644,1.5718463904424742,957.9597803452883,961.8155811408147,1.5711535428401315,274.179036133018,961.9754910241448,1.5205354226266108,242.7571846911839,1.5204470917131394,274.2373014190641,1.520046205693676,124.55633954555569,262.91433400104256,124.4992252113922,1.4223311436534782,331.9541283418688,1.4216105088892856,262.8282238632104,332.2675577312116,360.0601222970911,1.4214215300461255,1.4112184345707512,260.79581933384657,1.3604472913714527,66.77719825009751,195.2283915760719,66.84762868053826,1.2636218462677695,223.22890041251804,194.90682757800707,222.2194466173678,267.8542954391283,1.2632715488423043,1.251319746800977,193.3789115475313,1.2000262822800196,144.53205606812253,0.013113494346066651,0.00872564401049137
94,125.10278652867962,318.94200731261043,42.6463776621746,600.1473973734487,1.622050694019005,1219.7483126553661,1.6221240517176434,287.9164670826902,158.7965303272021,1.5721853496121123,949.79709174302,952.885931637873,1.571448117024549,284.5082756921719,952.556102870235,1.5218917859543806,261.4345491336418,1.5217923333078631,285.0022278461636,1.5213805690510738,124.41553002954346,272.6544448428201,124.45267546135136,1.4234735304748125,324.7213245241555,1.4226940396451284,272.09942132627924,324.9395369382295,354.55572456081654,1.4224551709704472,1.4116516025302952,270.29804288378,1.362037638384055,66.86594737223865,202.21667073009533,66.87195296173786,1.2649573661431626,221.9060653395901,202.15912429549633,220.9403644621948,267.0259476750611,1.2646503097314932,1.2518448947041305,200.6673977264761,1.2015494941892022,144.7960742953196,0.013129699615102361,0.008684759853275341
95,121.17946335542446,316.22827903799225,42.69226617530334,600.1221777305537,1.6221543224103792,1219.6801918486108,1.6222261217860792,279.43376048139265,167.3557136124841,1.571905110527172,957.1705356867022,960.6546759988615,1.5712006280186874,275.958501596247,960.7681595929746,1.520778259032885,246.1719619191689,1.5206827524668067,276.0470257148953,1.5202794326444347,124.74656291165304,264.0387284988278,124.67570514804305,1.4224828463514483,331.5020011503774,1.421725532330299,263.58267900918196,331.8238898691843,359.9630573013234,1.4215471138611377,1.411278580999929,261.881956807235,1.36071872502654,66.78706031332133,196.30519471238105,66.90018683136957,1.2638278927885787,223.54452836152103,195.92776374647804,222.74708678014238,268.1243248404818,1.2634710227128576,1.2513962126402138,194.28175479042818,1.2002683863083021,145.20908037768862,0.01316307293518227,0.008716979394219875
96,126.50049860354127,317.65471550643053,42.405933881976495,600.1768870226487,1.6220297847400056,1219.8033671038531,1.6221035064640819,290.8789564509085,164.80234673329602,1.5722304135809673,953.6898766448345,956.7716028102268,1.57147437200799,287.27541325231675,956.602945047993,1.5220798169114864,273.65271257889134,1.5219655136187447,287.9534054642912,1.5215499617370636,124.55058042735794,276.8994093812733,124.62347511384527,1.423815167905354,321.9153698453371,1.422995482311178,276.01166431426185,321.9802138410129,352.2191673650297,1.4227875814636222,1.411689981630945,274.12911396797614,1.362192228569243,66.861046334449,204.97766019826523,66.83879160309758,1.26529875913848,221.50244637298317,204.37920983494354,220.962747735489,265.6774155771879,1.2649519287420312,1.2518808445313832,203.06808768720285,1.201703618789005,144.4024635221786,0.013219458226153395,0.008590640260707345
97,114.76674409879749,316.4383422097207,42.4157642743055,600.0328611846143,1.6222573684718526,1219.5292017934405,1.62233121523831,264.6456637029773,171.80121156251258,1.5716347013298064,963.8201069428596,968.2577724237485,1.5710015636320707,261.23475538754155,967.9370925911464,1.519660048859744,210.79966551674886,1.51962261671517,261.0056513790968,1.5192051959977149,124.25608930420019,249.02708900620473,124.27025838969848,1.4211074974169264,343.23819774924584,1.4204007063765565,248.72408301869098,343.8671111625256,368.8584638013975,1.420295721515919,1.41096681694977,246.8761638018387,1.3595514130994366,66.4253149785792,186.12276785473867,66.59411144935964,1.2622253309376203,221.34244444356074,184.96648558179865,220.4366218353009,266.50165329415546,1.261905224038057,1.2510233532225943,183.84736513306535,1.1991485194142044,144.20889725588938,0.013275973104902675,0.008452929917467376
98,126.35357259289475,317.1834397815238,42.05201208944776,600.2044946558838,1.6219524966818588,1219.8971584657247,1.6220266004989887,290.11660859199776,167.5933305205551,1.572389290095047,955.2786727376517,958.251705197757,1.5716344470065549,286.78551132308326,958.0926871193126,1.522864724362826,274.07340749062496,1.5227329360986772,287.8725032647526,1.522345327155984,123.80875857545585,275.6644610708157,123.95856280576199,1.424000878048702,321.95612650550584,1.423204798907062,275.28650085249257,321.8755048399442,352.37820869927646,1.4229991963344244,1.4119275406614107,273.4410285870832,1.3630535508300083,66.55866373354368,204.62741952978686,66.49601653612805,1.2654587904772394,218.04596896067378,203.99940336659003,218.4280668565613,262.6967806571185,1.265125468906418,1.2521520507209423,202.67370243921806,1.2025442160201698,143.2653498383679,0.013215425379977988,0.008417925250113598
99,113.81134735804672,314.1028495826125,41.83426682420888,600.040947876057,1.6222828148144164,1219.5333027247136,1.6223536653683377,262.7611461472453,167.23389197091828,1.5716070576685683,960.0404362213368,964.0565538905535,1.5709917395152324,259.24316323869004,964.0327970834026,1.519248813630754,199.584676712343,1.519211688391221,259.32107704205254,1.5187788430000415,123.93033510048149,244.9492382511271,123.94245634833194,1.4207583446381213,346.6061366771187,1.4200745114717046,244.87294090646046,347.3173544458456,371.7714917110868,1.419994602459043,1.410898188318645,242.64037839540583,1.3593528831275747,66.31459715293026,183.97155202969202,66.45040230936836,1.261878658909374,221.29013130669426,182.90838277311343,219.44174513529475,266.2496893865039,1.261607539063147,1.2509649733136974,181.9132499546403,1.1989367647947022,144.6691559577377,0.013308957662405065,0.008375294149717839
100,116.85314368381226,317.781153755892,42.48196597054621,600.2150450361333,1.622058257058365,1219.8982897437998,1.6221288872458224,270.54063299842954,164.7303160931017,1.5721079074998423,954.8600901529745,957.9861196053366,1.5714546160026885,267.34361207302976,958.1011411537995,1.5214273624371497,217.42716795759193,1.5213511473430519,267.73660594734935,1.5209681454126012,123.86684528797772,250.69347150212926,123.77398190432778,1.4218752290760226,341.6955065230896,1.4211948941928518,250.57289212577933,342.07184242581377,368.5847037927088,1.421000349959593,1.4115700279624095,248.91103452506601,1.361782129933831,66.40335383256992,188.8428981334742,66.42477388733741,1.2632742933788217,219.36754935888717,189.01269912721904,219.1469398420223,265.3690962007888,1.2630126534974822,1.2517680679921808,187.41697031447362,1.2013040356768498,146.09312957859723,0.01283546966555801,0.00848051470920109
101,123.56247568109428,310.52614275666434,41.59314079250257,600.3062514348412,1.6220074268542977,1220.016784766819,1.622074762514402,284.5944246465508,166.1922208459976,1.5722033932090869,953.8681292685092,956.561513821107,1.5714752458310328,281.105485738035,956.4887820486716,1.5220935471449866,257.12628811331933,1.5219629200993317,281.89813941055,1.5216000022526368,123.85723833968572,266.11549669108894,123.89577786489392,1.4230942724090048,329.2672409797075,1.4223182785823767,265.7618172451826,329.24865292028363,359.38029012434146,1.4221269659429767,1.4116732887399854,264.0984391650582,1.3622554897792762,66.31615446996886,199.0189256025002,66.40342300944582,1.264561514783126,218.08249977299056,198.7545791060391,218.6575363547232,262.947037820928,1.2642211478224394,1.251871976289413,197.09724207695885,1.201752464222912,144.0709784629494,0.013134774999832967,0.008690839730977328
102,118.54295724404173,314.45406993973023,42.31594658272773,600.251270564638,1.62214250663956,1219.893777810903,1.622212644844218,273.40818022715047,168.7919484001499,1.5718539474881026,959.1813257617694,963.042493071562,1.571180967867285,269.72681369541635,963.1328218713875,1.520619178360288,231.93422778284145,1.5205153404604757,270.307108130256,1.5201335567275103,124.14083364237726,256.2765410119338,124.07933321079557,1.4219163205167984,337.229259326827,1.4211906215288692,255.93826431221328,337.4075387064886,364.72417078420574,1.421032025261421,1.4112452256134127,254.01101239630546,1.3606083490598053,66.29288540437211,191.54839250771263,66.44382350694204,1.2631682451078794,220.33968739744108,191.17704062771196,219.6073838299372,265.3366801969354,1.2628195198874586,1.251355489951476,189.8220258267619,1.200151101155826,144.7709130892412,0.012975900977517912,0.008795731120657834
103,118.07996710779388,313.76104977612897,42.14875637268386,600.2770642255875,1.6220863071177891,1219.9437267570465,1.622155291933081,272.69568095256807,167.29364925123133,1.5719921161640582,957.2941349441771,960.9512256037582,1.5713249409500192,269.1356363700749,960.829928757687,1.521143864401365,227.52819893252493,1.5210497756494563,269.7115586899247,1.5206782415016336,123.90438180370916,254.30053903295342,123.8230182415668,1.4219717919669745,338.49880961012764,1.42126955734743,254.0705235124705,338.79991744108275,366.09188236684105,1.421098753107357,1.4114341302450826,252.15801834578255,1.3612775207973993,66.17073875158762,190.46801208475017,66.27719152937543,1.2632695044396196,218.1496712251958,190.44376843196488,218.16831519700082,263.8600366140874,1.2629577009465804,1.251586602583485,188.8688850830466,1.2008174258153088,144.53425586725,0.01278769609932486,0.008738881605021884
104,118.8500732002482,314.425678795723,42.138616527963194,600.2866314762995,1.6220713848211863,1219.957216731117,1.62214044544047,273.79262442060667,169.34267114751097,1.5720062298406225,959.271331747125,963.3638488321445,1.5713286141352023,270.2482857592882,963.3530327028965,1.5213896445295148,233.7788114966308,1.5212851317637726,271.0800027209339,1.5209172343067818,123.59801365417194,256.05815743093757,123.55130392466857,1.4221667793890682,336.51563997550676,1.4214599300886128,256.1427980704751,336.6557699467216,364.2426048507096,1.421284316381577,1.41147801044749,254.11730007712353,1.3614454721772864,66.06292064365174,191.8897469334468,66.12853033850553,1.2634424135939604,217.2060136845957,191.7028585441806,216.7876754675814,262.9540398025173,1.2630981861005826,1.2516262880401672,190.0582542607931,1.200999302019889,143.94100492989716,0.012738281556472171,0.008720434240696415
105,126.75869653389844,310.82744930283343,41.45136572535508,600.3319407803509,1.621987948912059,1220.0415458328155,1.6220556694366302,291.2072187805048,161.61165690086054,1.5722673073324953,950.7765494293515,953.615091420273,1.57150905484889,287.7671278600159,952.9460209430982,1.5223665802220472,271.87098085235834,1.5222346680188268,288.5830514001998,1.5218344095555913,123.68518360561819,274.06988405146285,123.76882486907469,1.4237139007754231,323.02287658639756,1.4229087752046634,273.43293890097806,323.1518418880728,354.2841278049901,1.4227145083148454,1.4117512770288934,271.5387525552296,1.3625296260894435,66.0603671538396,203.53541362684993,66.06083310118903,1.2651426825577068,215.33724368458255,203.1136429422399,215.62278416309096,260.62382849964274,1.2647801330472024,1.2519605161218532,201.65600011652975,1.2020133205254142,143.55481391718413,0.013037476435276687,0.008701208048553842
106,128.2546145307722,307.3924392127117,41.28116399744788,600.3242586904373,1.6220626606500594,1219.9822476164466,1.6221342091244078,294.0564253788658,161.85294028099733,1.572096246551653,950.9701328295366,954.3340569404713,1.5713207923301962,290.29594525792214,954.2104462284681,1.521613615381505,279.40503802365413,1.5214629955862669,291.0401022798033,1.5210610962272935,124.30717422248537,279.4256519556774,124.32807323591653,1.4238151352558437,319.6581081272447,1.422983859581607,278.6838209163751,319.68394016978993,350.99379534930597,1.4227862076488973,1.4114983926025926,276.3341586827859,1.3615823560617721,66.2051881915561,206.0659411876243,66.21143845854276,1.2651093336211692,215.89494968552907,205.2972708058462,214.95695363280345,259.8942119681803,1.2647152259489023,1.251652186514113,204.10598753117168,1.2010831353151157,143.3372089700514,0.013352326910218398,0.008644024977477759
107,116.49449613509981,307.57526587836855,41.44949299229307,600.2553101082457,1.6222225245336424,1219.825244747999,1.6222892783636924,269.02979302658053,166.7345433329944,1.5716773706012963,957.9212924592605,961.5314990338737,1.5710287094655402,265.28040071157477,961.4452624528112,1.5196200143858059,215.94461379428583,1.519549799640506,265.3548773819551,1.5191570694446381,124.45480290401281,251.99677649525339,124.4301083120408,1.4213105245353703,341.15973527908915,1.4206043593860114,251.42616836984044,341.448837095562,367.52600690308475,1.4205035591173087,1.410980212672448,249.40303938986554,1.3596319917385138,66.0909325119129,187.25147764210868,66.21050794154249,1.2623415033432275,216.23818047825202,186.68536760883106,215.96776099328613,261.7816800565679,1.2620106797220876,1.251057946446398,185.7205009701714,1.199165030110789,144.25174005906868,0.01324679571726658,0.008554923412213363
108,124.46223210247611,307.3778875374195,41.074936186165026,600.4203469627381,1.6219828745854268,1220.1700022238729,1.6220484653338552,286.26202969827256,155.0185710995768,1.5722612473538649,945.6746102790198,948.2390441761308,1.5715308438390385,283.00964001990053,947.718819057558,1.5222070608678813,252.46779286378137,1.522098305580101,283.396043328121,1.5216985074847904,124.04429018710925,268.3720160715519,124.11085811032238,1.423289566741575,327.61197786349123,1.4225057904945049,267.9141862911373,327.71949851975415,357.7438379341012,1.4223225666863,1.4117639359811864,265.9420027301087,1.3624683248538547,66.11104584953425,199.17953022469558,66.08092282152188,1.2646042798957504,213.17135682310368,199.22538999553774,212.86507403749178,259.21590518153863,1.26429649182101,1.2519783768817732,197.8338966773618,1.2019605089058831,144.9255033525427,0.013082943840703026,0.00851278042358019
109,123.4158978961585,302.1178642798657,40.75317559867089,600.4148645978626,1.622080868456236,1220.098969596134,1.622145253747122,284.07961085456685,162.28138307778434,1.571996263129038,951.2675634636933,953.9866436855773,1.5712684696397894,280.54638422870215,954.2031923491902,1.5211722934536103,252.2153004370961,1.5210427269677256,280.761610471746,1.5206444472962897,124.33676253915546,266.7040880804432,124.2599658774167,1.422809165573333,329.01542665982583,1.4220322939838717,266.08672114160527,329.1222581663011,358.7805817006977,1.4218438216622622,1.4113838206438574,264.4195679287919,1.3611758910693008,66.06965720889423,197.87551185069168,66.14726443254864,1.2639492874105775,213.7537607558695,197.63318253478766,213.176956504342,258.5017723688293,1.2636044141599452,1.2515324677096888,195.83815803164788,1.2007053542140074,143.8680875006905,0.013280774910652235,0.008551234709854492
110,124.12606388860858,300.93259606586247,40.49383410700645,600.4625907923635,1.6220533005942268,1220.1644474086484,1.622117984808709,285.7243907352369,160.3429907617307,1.5720817494712618,949.3076887340814,951.7658247239409,1.571347547485706,282.1946691929659,951.7614218635338,1.5213673024639947,253.76572609250735,1.5212530164757436,282.33164439807194,1.5208352751194063,124.58105139818602,268.70299390118544,124.50247434378517,1.4230308746467089,327.970471178279,1.4222226738071604,267.7644964179742,327.9988832609384,357.85975117477767,1.4220461545993577,1.4114784912811753,266.16688330037005,1.3614738862674172,66.14346657349401,198.88384191471252,66.18884767855688,1.264149578865802,212.5639613769967,198.70772018719083,212.29441027526923,257.2210196606683,1.2638424678610847,1.251648997852195,197.13400650835308,1.200998037800371,143.82892319372968,0.013339419330074594,0.00858853074372792
111,119.64290536072184,301.44622650009205,40.582349140994175,600.4640186478646,1.6221087657321553,1220.150156689322,1.6221724402733313,275.4603879160178,164.1796306318972,1.5718827646314364,954.2538286314408,957.5519986438229,1.5711998549609503,271.7528160464269,957.8777993291422,1.5206963213669908,231.44911056019998,1.5205938348510262,272.0169078863235,1.5202054830765739,124.41565260328906,258.71467690684784,124.34143132770916,1.4221093453781857,335.3999561463095,1.4213697407717625,258.32717546865916,335.50497333465694,363.1758734952598,1.4212215303837943,1.411280899587659,256.3559492398878,1.360698582193566,66.12814846868305,192.10475628721298,66.19654924185105,1.263108248643172,212.56635638414886,192.02078856236255,211.51797676952967,257.58078740067737,1.262798505700634,1.2514013251358767,190.58395765874738,1.2002568647299616,143.8841765424841,0.013280742984698233,0.008511841103270454
112,121.19918961917689,299.4634595758215,40.21388381418059,600.4904034566044,1.6220509488977368,1220.1918428112863,1.6221128672963308,279.32690189856334,155.0359961634285,1.5720658711502755,945.4541696179263,947.7359619253167,1.5713698444136484,276.0145798870884,947.9486787839606,1.521272632379969,232.1583936530505,1.521167220501784,276.2052371506558,1.5207757608284302,124.24081255023863,259.84632035468536,124.16549896995828,1.4224234125241944,334.41695991360007,1.4216662521300192,259.1411008038804,334.58950017533317,363.27213521012686,1.4214947289136848,1.4114917829153044,257.4723984815104,1.3615091104732029,66.05723362601609,193.5067147412179,66.10009997391334,1.2635552826288732,210.7949905524306,193.82607275520186,210.3494883188133,256.60943876094086,1.26327579762718,1.251670561084261,192.11601322616315,1.201033109300936,144.52056806604344,0.013208843278613623,0.008510074876425085
113,118.3044297450696,299.147164318506,40.13277525014107,600.4745724661957,1.622091719531417,1220.147977565964,1.6221520535250855,272.4832385540328,162.36631162098303,1.5719025000534095,953.0441268551912,956.0937461465376,1.5712361172031615,268.75620280373494,956.5274976437664,1.5208834178215211,220.55547498932978,1.5207790149626728,268.87883275243627,1.520408109958751,124.03569185443745,253.67043017408642,123.91983561143499,1.4218373510379783,338.99861343692805,1.4211353214880802,253.55216758602674,339.02316020562694,366.274425673401,1.4209876136750414,1.4113344552239881,251.79738318040094,1.3609193814469236,66.0175850994101,189.5046571526627,66.0276953597315,1.2628715901487824,210.07258222737983,189.63772486288636,209.2118382892211,256.03015084089157,1.2625660855690708,1.2514696866729453,188.02822813220683,1.2004764408800803,144.0190839315754,0.013276213194452813,0.008441577717691153
114,122.83713904014215,298.5128634289889,39.89622401696844,600.489495155901,1.6220144355457549,1220.1966326145325,1.6220738457006991,282.09137111055514,157.14440092486532,1.5721366810679445,947.4054401149,949.8894645166921,1.5714223206757112,278.8850146311125,949.7334084160461,1.521820113058187,243.1500041891478,1.5217034457171998,279.24457113466184,1.5213163071388405,123.82815848847791,263.27974283699245,123.83994514342288,1.4228150271087487,330.9704132164516,1.4220633950644632,262.97161955243723,331.1764023186986,360.7172775932069,1.4218833361101744,1.4116157165936203,261.24246455523314,1.3619851336387023,65.9517177210666,196.1844336428652,65.94780740502408,1.2639504685405467,208.6957528770812,196.23128470324602,208.3084755850814,254.27529241718807,1.2636241936674029,1.2518026512669755,194.48820648389525,1.2015058046934186,143.8951842964458,0.013356597115441913,0.008536466858760423
115,124.43651739666345,296.03206447362925,39.68258827949084,600.4565788820298,1.622051080317031,1220.1153289303484,1.6221112259815778,285.66408314893187,155.55589879517888,1.5720743086054614,945.9483883462875,948.0903466718479,1.5713461954406251,282.4097191465503,948.1463655260916,1.5214981670436034,250.73967337484248,1.521380542732181,282.5028838635795,1.5209778288312987,124.00837977533955,267.13776009639327,123.99353086170144,1.4229748757917884,328.23089607353774,1.4222009137621334,266.55549447409805,328.5584602319468,358.66126259318406,1.4220065694228736,1.4115034735275744,264.92981078624445,1.361603550893056,65.8913403930536,198.3616995157405,65.91599269814411,1.2640550541330968,208.67284888287713,198.27954148368315,207.8341498266795,253.75361273319365,1.2637174370371287,1.2516739198550813,196.53954335643104,1.2011262309091988,143.62964649997753,0.013484226921140614,0.00855614780820075
116,127.99859299198654,291.849054030352,39.252203349413875,600.461833241425,1.622025251770704,1220.099823720731,1.6220866643134753,293.4342262904865,155.71235228507297,1.5721823920680056,944.6650614468008,946.4299482735726,1.57141318879953,289.9878308370205,946.2628631203058,1.5217938778444864,268.77518754534157,1.521671722639403,290.0955835920699,1.5212589656302895,124.42790813000357,275.9328444754388,124.41617553958038,1.4236939516537104,322.4532610634318,1.4228557599101013,275.0036839607129,322.5623663212267,353.840431774995,1.422658372903356,1.4115881544709779,273.4479674676923,1.3619329302556258,65.9552820263057,203.85558330825904,65.96484200659664,1.2647802143058802,206.78398090994276,203.5575509296954,206.47619622307158,251.2892323042565,1.2644307363047522,1.2517809648714682,202.10688338079947,1.2014373189990617,142.35836988464354,0.013882472178225037,0.008631542415725637
117,120.8790540137851,292.17223395124665,39.38950409903957,600.4305891290866,1.6221480966812982,1220.0162525725852,1.622207686350388,278.08033362754287,155.61776429692975,1.571832860998333,946.5491114749072,948.8431865816642,1.5711473822136854,274.5985326724787,949.6003465020514,1.520294930832341,229.10390484666578,1.520184061866197,274.3235274238856,1.5197906221017692,124.63114771917631,259.90148194106627,124.54893847687764,1.4220977339727434,334.6579177512209,1.4213571483262133,259.3203308705548,334.8845784202675,363.0670108462773,1.4212022592933644,1.4111800886843677,257.58410952646335,1.3603366489872655,65.96309270102522,192.40759299599256,65.96117614749048,1.2629550546228416,207.586515358143,192.5581763882143,206.26670572005628,252.4953439926402,1.2626636277587833,1.2512990094187237,191.02461185578792,1.1998860765347465,143.13716446319964,0.0137120652512506,0.008490131890679977
118,122.49323544297584,290.318781080268,39.01111372387129,600.4923950765874,1.6220421438921473,1220.1372490353333,1.6221010642641995,280.7883216167736,160.67851179549763,1.572070383140979,949.7054273955696,952.1126537854851,1.5713601589305741,277.5940090697974,952.3730509619173,1.5215066526233088,241.79392126829873,1.5213751681219938,277.6721068347912,1.5209850613272422,124.28576446960457,263.5053302789773,124.27818257704169,1.4227273877285995,331.1276643515827,1.4219828261329162,263.3428126711158,331.35769617495663,360.50509242061514,1.4218073588888749,1.4115197108861621,261.6106054683068,1.361561374464629,65.94095584317536,195.52892182465084,65.91831662892652,1.2636189037433987,205.18634889704117,195.41246270475233,204.81570840633634,249.83013352828354,1.2633068850698044,1.251684408444988,193.64622484301265,1.201128384089496,142.0559420260987,0.013680666641099615,0.00845225078668243
119,127.08238659606188,288.96632237227897,38.78488363811468,600.480373480561,1.6220192116118948,1220.114898421553,1.6220780865150255,291.048208680721,153.341264219995,1.5721888835578512,943.1119682646572,944.692985247776,1.5714327290986436,287.77501144280836,944.5179627567517,1.5218741395159319,260.62564592295416,1.5217644299844089,287.6962629071502,1.5213389148322123,124.42573013621242,273.2966211558157,124.41954970967491,1.4235420238637848,324.1520861667301,1.4227155331295402,272.73606726823147,324.27138565219184,355.18660354181765,1.4225335833739678,1.4116224665153416,271.00812221420546,1.3620272306604677,66.00680905120913,202.1049412849718,65.9941608496038,1.2645345353482784,204.351432406978,202.06885744765458,203.44361344436942,248.83574731215015,1.2642075648295559,1.2518221805422611,200.52303599929033,1.201553904195962,142.05325759969168,0.01404466845361112,0.008579838979169653
120,126.44719047099375,287.19228053465247,38.639988562735965,600.4676173485185,1.6220719771716858,1220.0662964766059,1.622132363087822,289.25511347745197,156.04966072397198,1.5720424578068937,945.5300566460755,947.587894502683,1.5712948925217622,285.9112526800895,947.6160592976562,1.5212853619841984,259.16674584412664,1.5211652350195404,285.81269084591327,1.5207443831419691,124.79800692789645,272.9734759406566,124.75748042081771,1.4233096144891941,324.64745703277526,1.4225000598228064,272.38909175572394,324.7833473722157,355.2301458400463,1.422311223152669,1.4114312682056347,270.64940839526736,1.3612861511818637,66.11703611179799,201.3671142653508,66.10863900250776,1.264169388298914,204.09929532499547,201.16461839838246,202.90699277735723,248.04416644918226,1.263845507724077,1.2515880142758091,199.62956640579972,1.2008439600935794,141.48831064713087,0.01431252633178586,0.008587965908762808
121,132.2128213082929,282.6709126166813,38.24753667089056,600.4897761078375,1.6219869751635818,1220.07993236156,1.6220532206199556,300.98568964505745,156.28338278226798,1.5722770098068688,943.8213930049691,945.90866248738,1.5714602431130373,297.14412174619576,946.1085690487165,1.5222574124845518,287.3717020092996,1.52209501058033,297.7689093219129,1.5216964065324514,125.05518512461751,286.5304582973672,125.11016619669479,1.4245872950894392,314.9260614267734,1.4237340786631871,286.16559343915225,315.107885592969,347.1312054695038,1.4235283799847849,1.4117069481449593,283.71167684772956,1.3623092709830307,66.23703501797208,210.41461500719976,66.14679681233022,1.2655658537613113,202.8533260751583,209.76197826543893,202.0974556372773,246.2025915764276,1.2651690112121492,1.2518987421327294,209.00144656315032,1.2018028011755884,140.15361719490687,0.01503556042819581,0.008415959837487911
122,124.8895786259173,283.50012610164924,38.320512826077206,600.4589320264021,1.622146984035509,1220.0241526598807,1.6222085272595679,285.92449720991334,152.6274230822473,1.5718647999383402,942.8394438307713,944.8388826833293,1.5711437702115945,282.5311188198747,945.2993132159625,1.520328703053662,246.82075718606163,1.520210873953586,282.3053605603208,1.5197962036638286,125.43717911936974,270.3159489735157,125.33794608414753,1.4228151936077034,327.4821025550257,1.422017473162798,269.440706667491,327.4874303346971,357.114097739774,1.4218692916605569,1.411180099251079,267.50730238417407,1.3603098878521307,66.34261468931531,198.42609292077688,66.28305473116448,1.2634932628414401,203.30393662725623,198.591570915438,201.6505812963367,246.7450606133317,1.2631984058286883,1.2512976846593988,197.1349164078101,1.1998640473677649,140.6661178416609,0.014845054725855527,0.00856735201467008
123,124.50801969161536,283.5074424055781,38.135363455467825,600.5164942486978,1.6220624625737758,1220.1422218061962,1.622119992342446,284.7171315508171,152.74511062119998,1.5720580183502366,943.2847227316057,945.3173017381595,1.5713350530068022,281.4258377844919,945.3100581349513,1.521296826136529,244.56586351860975,1.5211748883802096,281.1983214041388,1.520762945019163,125.14982006355014,268.9031469556335,125.12426589140706,1.4230433689775481,327.896641023756,1.4222614325599663,268.60231355452004,327.82819054080767,357.36555420829416,1.4220821538121673,1.4114837763965764,266.6747879852572,1.3613511779010479,66.34921899833373,198.25210083793786,66.28977476434363,1.2637799272051722,201.53313941659087,198.27760830068706,199.47371448593967,245.75628499269098,1.2634756454611953,1.2516411069840816,196.76311126968403,1.2009242248765508,141.44798002331348,0.014573180006351352,0.008441954256850792
124,113.82645054881169,283.70776669191446,38.05614874006527,600.4622591186118,1.622172334938744,1220.0144603391602,1.6222274795405647,260.3756468305028,167.55222564008184,1.5716675598263947,957.6592160221495,960.9672194410279,1.5710580181800886,257.32202958808966,961.4971144526422,1.519899562794378,189.8976136342193,1.5198191791718871,257.40230846628987,1.5194544817039362,124.61051467731662,243.84176856709928,124.63440143792465,1.4209152049426472,347.82182221565336,1.4201947599411218,243.60708767912922,347.8288972336753,372.23606807404434,1.4200896713158322,1.4110604871079937,242.51446895375636,1.359869636813114,66.33034934156242,182.63520251724438,66.30290544560792,1.2614987102119557,202.2036610705648,182.10182980694753,200.4384511798105,247.72283076847768,1.2612011154524647,1.2511596778074634,181.03714764578578,1.1994606892822566,140.30106066555535,0.01476826666275994,0.008355319009861773
125,123.83197148220486,282.91935401101017,37.690408778668136,600.5426455105788,1.6219620825046923,1220.2389493626758,1.6220159897287914,284.0234781391833,149.08359761423048,1.5723516580870665,938.1481051155006,938.7016187085652,1.5716360639766356,281.4369164006219,938.6829334409457,1.5222133486178955,236.43531760691292,1.5221414327226586,281.85389655296706,1.5217072081052132,124.07779655199921,262.4949641529487,124.05513194807486,1.4230357237763565,332.02137961559066,1.4222383765928648,261.72410988598864,332.0845928923876,362.19176637340416,1.4220442181538924,1.4118257692505098,260.6345857281864,1.362775655446786,66.14053426406859,197.08595815294768,66.09463590251275,1.2639880967842108,198.75301125146464,196.96073796446527,198.2135907438333,242.93033911132235,1.2636889260627722,1.2520846059608797,195.46664496001418,1.2022745097797576,140.52194122598738,0.014495972814200115,0.008477078961995036
126,124.83070377689027,278.04021559361325,37.3751925631652,600.5225206798701,1.622060522514006,1220.1262048607496,1.6221134395464964,285.52562329876827,150.28760178986434,1.5720447562409727,940.458875300038,941.5346153816971,1.5713223037108528,282.47369892191836,942.0435621688836,1.5213780085855997,243.0187476890165,1.5212430763352454,282.26963688234366,1.5208419445273573,124.48989903190473,265.8715893755636,124.47536518456641,1.4228761847217637,329.5494266180084,1.422105106077823,265.497974330041,329.7836641377506,360.133141331761,1.421911168555634,1.4114619576207688,263.89880493907935,1.3614598315534985,66.17466676144294,198.06191020837957,66.14880899630036,1.263699209790246,199.33972542452136,198.10080176385782,197.37086498528825,243.02271034060527,1.263358135582411,1.2516309396623546,196.36078405977193,1.200983882417037,140.4894478427243,0.014838562850492346,0.008557379839280014
127,118.15062732827283,278.72093940274993,37.469989116642026,600.4958133386308,1.6221264473929289,1220.0582180537856,1.6221788075902983,270.59739433313604,160.7459857566373,1.571818619381895,950.5876050249403,952.7462317701384,1.5711664489926767,267.26934681360666,953.4693150882316,1.5204720847950823,211.67609698236225,1.5203629924437254,267.1422369985244,1.519984308779257,124.50382501087081,252.2482118143443,124.47715944478645,1.4216567992462994,340.61993798279394,1.4209492165861457,251.8143785582406,340.5796072159284,367.5457034391337,1.420788326079505,1.4112176575147795,250.6794793635985,1.3604875517569128,66.20420241034302,188.34728620131943,66.16443695846844,1.2622962597624523,199.18545760577095,188.405042288604,197.8024437289391,243.31697203904503,1.261985190684975,1.2513495438182336,187.0738438592336,1.2000343967199743,139.94933949796246,0.01487131413337333,0.008463694810177082
128,122.38915327901721,279.8656819834125,37.45127998910378,600.5088278526154,1.6220315710798174,1220.128941268837,1.6220839517518864,280.5833099179438,149.4307010487892,1.572158728665995,939.2040427220433,940.0910471402145,1.5714674496246972,277.74226748228244,940.4418006107445,1.5215322190758873,227.8213440887687,1.5214294138623687,277.9631465815345,1.5210101673404912,124.24236843607473,259.1188598440776,124.21261539332642,1.4225323090047246,334.81479298646786,1.4217946140540576,258.33248268000534,335.0839274946994,364.39434651819454,1.4215965600144838,1.4115935351982025,257.22310069742804,1.3619171379059152,66.16700629200648,194.39147545624286,66.13487485847898,1.263403475381676,198.22862057258743,194.45436564871724,197.2871370804151,242.37114485113437,1.263112060025041,1.2518083346223619,192.887188400966,1.2014363249589564,140.42236199780052,0.014565012531437136,0.00853363351632698
129,125.8716018991716,277.2600526388943,37.26336010943493,600.4647550444894,1.6220359103229893,1220.0359237419752,1.6220879900643463,287.39343312211906,154.63245508168666,1.5721273778530165,943.5475305206014,944.7776853412977,1.5713940954035077,284.40834173268615,944.9086962291834,1.5217816715973036,252.0822914210664,1.5216526244955912,284.25728996768225,1.521258397599212,124.34100888791002,268.2356185374476,124.37895002957075,1.423171493987488,327.575987031652,1.422414733782609,267.99781507598635,327.7512557316858,358.5465533073811,1.4222052750752583,1.4115728880216059,266.62189957416916,1.3618590331199296,66.07191028814024,199.74863594786933,66.03032442451502,1.2639890089553205,197.95009669245187,199.6968924301732,196.63144283846182,241.49197640666193,1.2636513410949837,1.2517580245178324,197.95818220319467,1.2013974466402124,139.39906054907274,0.014890746798343188,0.008519462749729976
130,125.67129417962487,276.9355184464022,37.298352985884065,600.3915542430088,1.6220887930919345,1219.903340267628,1.622143827963066,287.09125866627124,152.24824772704952,1.5720379594265201,941.8970152714224,943.0580389712472,1.5713107933928852,283.9756489724225,943.4010524309743,1.5212608978346334,248.7236814600422,1.5211316533527242,283.6786220332717,1.5207202503232868,124.70689090257491,268.3414685426477,124.66818379152166,1.4230126125969926,327.9284517096611,1.4222545468770527,268.026155941963,328.14875751904964,358.65104278358103,1.4220585120345905,1.4114338204298336,266.3322802343957,1.3613082500410476,66.10671256882085,199.13958900249185,66.05273571391201,1.263754028020284,198.13324211679355,199.13432719720572,196.7789057465683,241.5034232863635,1.2634434522866056,1.251600001418086,197.49574433915348,1.2008567500189398,139.06526840124303,0.01500943691982137,0.008602560374266167
131,130.5326910691235,277.55508960898277,37.152897983707255,600.3682564270409,1.6220565293013522,1219.8646932388772,1.622109997860724,298.2650582102953,146.7602820489005,1.572298649178179,935.5793197847529,936.2801059458742,1.5715173716410555,294.4516640837384,936.7115611420533,1.5215417533221893,269.67474007466376,1.5214569698420213,295.43839267401125,1.5209818444805352,124.94487244926913,279.21240270998635,125.05895186284128,1.4239797586926757,320.36036125327934,1.4231797885012514,278.3784835957119,320.79770621346705,352.5359422513487,1.4229567116627098,1.4116468861850402,276.11852721286255,1.3621295972499745,66.22248683332273,207.0465274935834,66.24156123045067,1.2649173328023438,198.11323067316295,206.70981910607767,195.8955521683104,240.99604862823037,1.2645855019834862,1.2518628204289814,205.77630232108157,1.2016501859803976,139.41009822730922,0.015374144330236312,0.008587216041684087
132,123.83255971061281,276.8905900814937,37.409391785245134,600.3227614261365,1.6221600478717564,1219.7915223494451,1.6222134540434439,282.51222573256797,152.20554886338155,1.5718405060953118,943.6365006213566,945.9347049797474,1.5711312036211371,278.95521227552126,946.1563546403099,1.5205828814372389,238.86081262399676,1.5204494904688628,278.7041638097153,1.5200559872396717,125.14920226723439,266.09438836025197,125.27558614827494,1.422574813586751,329.924418393874,1.42186629355154,266.1610719685407,330.1197274937933,359.4395360257128,1.4217087798445451,1.411222483940682,264.1394870834291,1.3604390402679718,66.25391469091456,196.23722458201044,66.18127978851709,1.2632183948988243,199.13222664035712,196.39927628485736,196.9354078752168,243.19995092357337,1.2628916036445683,1.2513273613766318,194.83026577310542,1.2000032032370007,139.52536653381196,0.01521781848820724,0.00822724359659172
133,125.72788372572258,275.751990282559,37.194747597032354,600.3389081942257,1.622074848643516,1219.8434919352428,1.622130324652371,287.2846974455598,144.02728095393874,1.57211747789026,935.3026606880944,936.0382966698055,1.5713934788706716,284.2569237493467,936.4409570287723,1.521499541864405,241.11059623271524,1.5213840713113826,283.7967455187298,1.5209688603804097,124.98696267204184,268.4497778757584,124.96753821590832,1.4231153598606339,328.1999729290259,1.422344394973106,267.89454657551437,328.3884743807902,358.6600299201209,1.4221419704326332,1.4115504974584612,266.1749057644676,1.3616392131171833,66.19400545546608,198.899375859612,66.15578551208415,1.26389068593492,197.82371989086263,198.96769737574206,196.00582061534405,242.21386797291277,1.263575977418336,1.2517343118347626,197.33085595421693,1.2011807700030395,139.44982306702713,0.01515589310610011,0.008356927448679961
134,123.80914101530678,276.906215462156,37.18514365104171,600.305308510634,1.622119122664693,1219.759041820152,1.6221729621054786,281.71200880081057,147.50498020001803,1.5719564870627007,940.1737940197677,941.8468967310766,1.5712489048301959,278.4003621723413,942.180086001176,1.5211349639146907,232.57675476886,1.5209947561058643,278.20624122155255,1.5206038959220518,124.85169299657193,264.1733374308153,124.9633565363224,1.4226763961705602,331.08445152739813,1.4219678264071929,264.3707469092468,331.01380252056913,360.1157091145109,1.421776410812203,1.4113992328929044,262.7076540025961,1.3610743191651629,66.27859322998512,195.86942472930338,66.22578495237494,1.2633727725425115,198.0285648525857,196.1547701734659,195.752023252597,242.35416621537647,1.2630562869143116,1.2515410746328692,194.4983782611586,1.2006415015835061,139.83321360553575,0.015253444033499396,0.008247487702119404
135,110.41453427007008,274.87385306169483,36.413825919529785,600.1958626442557,1.6222546335153667,1219.5642434971433,1.6223051098477541,252.4804782139042,161.11036782920354,1.5715900229962072,952.9832061110272,955.6216932107797,1.5710352516687138,249.9202932854461,955.9104060742478,1.5192117645344894,158.5182178421346,1.5192150525743424,249.3356778834289,1.5187836753598982,124.11877560373142,232.07162299687386,124.29154251668211,1.4199872537034297,358.2649171220009,1.4193463642703745,231.65086930931687,359.0279964181817,381.58698896756124,1.4192843776171205,1.4109467893593746,230.39536538165854,1.3594684669338022,66.10043228755144,175.95292927966483,66.088168573189,1.2605828362988514,200.32436540040948,174.89647620617222,197.4720718068743,246.1933448368208,1.260328785082857,1.2510448252812494,174.26329161306987,1.1990680831105873,140.3358859526712,0.015352238054067432,0.007755686839352103
136,125.75816444843215,277.66529278578787,36.84619862614613,600.2906920528767,1.621933338255433,1219.8681158030988,1.6219864596308935,287.2117755419287,158.1495455986254,1.5724756696203723,944.8128600099524,945.1145231081184,1.571737229782943,284.6129527587789,945.1890224821242,1.5231418515523494,252.9750334306845,1.5230686908899804,284.61402549889414,1.5226533959155617,123.58298759123781,266.1074105804966,123.69719643657973,1.4235751778834789,328.2668119152485,1.4227947018865965,266.1602848838731,328.2435747842774,359.55434444449736,1.4226113123187711,1.4120307382883899,265.3243848059417,1.3635231055494812,65.75997028567016,199.6755881248789,65.64954647644184,1.264480239012878,195.29549239733555,199.36370575872945,196.0185419662367,239.2659215292543,1.2641285283917523,1.25229177744738,198.03108199969188,1.203021409960066,138.39118907823277,0.015239894568870711,0.007994338352368222
137,135.05176166407668,275.7195525102725,37.133124339941695,600.1765344372714,1.622018247859516,1219.599766531681,1.6220783027246441,306.22273818963333,151.7157687853955,1.572320853087127,939.9468950560539,941.0397233098556,1.5714853928088481,302.4349551033151,941.3169440820053,1.5227156711733418,296.3550204219818,1.522542739651843,302.8335834206305,1.5221161139902126,124.58599931224832,289.19930199611724,124.67886927943692,1.424887624251233,312.1696938912613,1.424119550747892,289.0084767676716,312.6736680551606,346.5162253201077,1.4238881248136899,1.4117749608946746,286.64397873318353,1.3626689271186003,66.0287824781535,213.47667359028895,65.97678332653774,1.2658672080202824,198.70284280487374,212.78762744613022,196.82585715774582,240.77763393303397,1.2654572243325,1.2519722461036795,211.96004867761084,1.2021329981386601,137.99790820197487,0.015973716546166746,0.008009801300787631
138,124.49498711685457,279.6790838601994,37.57926512955554,600.1067495619612,1.6222330998177745,1219.4864439075063,1.6222876008667235,283.8828767214959,151.16463977428646,1.5717775230598436,942.3048705728446,944.6071838350691,1.5710704517668603,280.70706542182273,944.9443267194175,1.520074589332403,241.29052409022225,1.5199454838812516,280.3526966703757,1.5195318217196478,125.02725678907503,267.2536369119732,125.07532749010178,1.4225428219776808,328.91518162808865,1.4218201509997472,266.98278586809136,329.0176573788354,358.6444094340462,1.4216694492094062,1.4110913921611532,265.1775321125581,1.359972472771125,66.14367346001598,196.9617281313657,65.97981955155184,1.2631237956097425,199.60940013952123,196.92547814359352,197.04987222026443,243.33591949479325,1.2627961320925456,1.2511850813204954,195.42577811773472,1.1995508043491492,138.43793882392345,0.01543708315270335,0.008177033024489156
139,117.80686637133287,284.9571496843743,37.360108761410686,600.0909581094905,1.6222481627620953,1219.488531629772,1.6222974352522437,270.3686813830718,153.06137723905695,1.571970353570406,942.860879462605,945.0230033073345,1.5713498471645904,266.3274066575807,946.3819952916726,1.5192747125544601,203.13580585874428,1.5192080253268923,268.7475151773342,1.518727623375105,124.30879478291087,249.10769412260535,124.50567173643954,1.4213647078201181,342.9176855106335,1.4207708582841496,249.4794332968558,343.8456393055055,369.5457453068588,1.4206073585008359,1.4112132858118323,246.2976806710216,1.360416902103227,66.18168767756721,187.61817702871127,66.15568915397854,1.2621144246483769,200.44008287500574,187.5332867759125,196.0954819572909,243.04054451420276,1.2619035858781122,1.2513825193751353,186.83867613206942,1.2000727291765565,139.2427003743963,0.014776643861110874,0.008120073729674231
140,127.68777435554533,277.615708100606,37.313234369368274,600.2062865435513,1.6219988840339565,1219.74544759645,1.6220510749256534,291.90081307648876,152.3651483727389,1.5723466299433095,941.244812701773,941.5635082434301,1.5715955659138559,288.71620347683404,941.4197435529251,1.5226377967244156,260.98839068645407,1.5225204732302389,288.4179803608478,1.5221517993351235,124.09769723112767,271.7972838746447,124.24624437555549,1.4237114955496764,324.7188311814894,1.422973143234433,271.73662100693883,324.87858167115337,356.7972852988993,1.4227346748616003,1.41186214470297,270.2522577817515,1.3628372596946596,65.82637424640852,202.2711029663023,65.74293401280808,1.264626761913369,195.91133835577483,202.18449704166045,195.0537241511559,240.30952131420568,1.2642589393300483,1.252084855534185,200.57445879860387,1.2023620620117632,137.9872974920495,0.014999356790307259,0.007941388035254134
141,130.9054603826575,275.3660525525575,37.18579168075602,600.1372830228386,1.6220962687471008,1219.5515430741077,1.6221542980671537,297.8256144659759,148.0580232338326,1.5721357453092497,938.3725114079308,939.5164978342134,1.5713515966640919,294.28651257182855,939.8432735008814,1.521816521945052,273.0399349840388,1.5216693462027309,294.03891487842134,1.5212571651045312,124.77337145287645,280.55510764890425,124.81103597784197,1.4240087463097215,318.75179072469564,1.42324109159265,280.36870571993154,319.07942354495225,351.4835211145711,1.423000982732485,1.411555540509998,278.1997721030421,1.3617430578197085,65.89982132342304,206.63122545033426,65.85938797922074,1.2647835977919795,196.5971494263749,206.5478605822021,194.30353451572321,240.17219124656566,1.264400247603628,1.2517227894051297,205.0147861221814,1.20127950948571,137.5034168596237,0.015651695253648356,0.00820860443013643
142,120.25949202235125,278.7115404341333,37.55452058819497,600.074451829301,1.6222407649088062,1219.4491143779398,1.6222941603495131,275.02893475159897,152.96018882440038,1.5717391042306488,944.1428359648708,946.3422980918809,1.5710750301755012,271.67636166064017,946.9424157087161,1.519892141558723,217.46401796623604,1.5197635236780414,271.32308985927284,1.5193704464350009,124.97675147830043,256.4151794932767,124.93132717434442,1.4217858129731988,337.39985680633043,1.4211057179668987,256.34612772217713,337.37668327458215,365.3333576601482,1.4209406417519823,1.411073180885332,254.86628523428166,1.3598683888173597,65.92015382850145,190.18289116822947,65.83052258612234,1.2623635874407102,198.19134112738985,190.30011115617424,196.37423452198036,243.21615199456062,1.2620427737169926,1.251173285753635,188.78638303894618,1.1994740085024436,137.99729438941145,0.015230026617569671,0.008079193243191621
143,130.9618678999409,280.43779428953394,37.491804418069286,600.1726034965934,1.6219851810708048,1219.6882282655292,1.622045176216875,298.1668519933187,154.69892853095755,1.5724053132787303,943.2321379788276,944.2917035417422,1.5716157694390844,294.5861896496239,944.1794095618992,1.5228734628491463,279.62063652035005,1.5227637272561938,294.68809927860354,1.5223502893353746,124.68577495711448,281.8839193382939,124.80588417815767,1.424521770638297,317.6731643590796,1.4237148857901918,281.617721818228,317.5973085218475,349.8990877828238,1.4234638888202047,1.411921172478241,279.9591302143314,1.363000783674367,65.97324525559836,207.9065132672906,65.85165240718342,1.2653178661720421,195.15711815507996,207.50057627198183,194.45997870065025,239.341148213416,1.2649285758237108,1.2521420836560768,206.34696879387093,1.202517738781686,136.99971759896061,0.015622487901488123,0.008051877858426497
